batter,batter_name,current_team,vs_throws,tendency_pitches_seen,swing_rate,chase_rate,performance_pa,batting_avg,on_base_pct,slugging_pct,ops,woba,xwoba,k_rate,bb_rate,whiff_rate,hard_hit_rate,avg_exit_velo
805999,A. J. Ewing,NYM,L,536,0.437,0.223,131.0,0.25,0.323,0.362,0.685,0.317,0.302,0.252,0.092,0.265,0.447,87.0
805999,A. J. Ewing,NYM,R,1328,0.469,0.279,344.0,0.261,0.328,0.384,0.713,0.331,0.324,0.253,0.09,0.213,0.403,88.6
592450,Aaron Judge,NYY,L,1014,0.389,0.239,81.0,0.231,0.37,0.523,0.893,0.424,0.415,0.272,0.185,0.352,0.61,94.4
592450,Aaron Judge,NYY,R,2982,0.43,0.238,204.0,0.235,0.328,0.486,0.814,0.375,0.392,0.309,0.113,0.291,0.562,93.9
694673,Abimelec Ortiz,WSH,L,47,0.553,0.444,10.0,0.2,0.2,0.2,0.4,0.18,0.092,0.5,0.0,0.231,0.0,77.9
694673,Abimelec Ortiz,WSH,R,518,0.496,0.362,121.0,0.191,0.231,0.365,0.597,0.268,0.294,0.24,0.05,0.222,0.412,90.4
691182,Adael Amador,COL,L,202,0.535,0.303,31.0,0.321,0.387,0.393,0.78,0.352,0.28,0.161,0.097,0.104,0.217,83.0
691182,Adael Amador,COL,R,563,0.46,0.242,49.0,0.256,0.333,0.581,0.915,0.39,0.253,0.102,0.082,0.124,0.231,82.7
624428,Adam Frazier,LAA,L,347,0.501,0.314,21.0,0.25,0.4,0.25,0.65,0.33,0.311,0.143,0.095,0.156,0.357,83.1
624428,Adam Frazier,LAA,R,2068,0.512,0.309,124.0,0.239,0.289,0.363,0.652,0.308,0.257,0.29,0.056,0.254,0.162,82.4
680718,Addison Barger,TOR,L,351,0.45,0.301,,,,,,,,,,,,
680718,Addison Barger,TOR,R,1735,0.493,0.316,24.0,0.053,0.208,0.105,0.314,0.169,0.252,0.25,0.167,0.209,0.5,89.1
668939,Adley Rutschman,BOS,L,963,0.382,0.209,136.0,0.218,0.279,0.339,0.618,0.282,0.316,0.125,0.081,0.118,0.352,87.7
668939,Adley Rutschman,BOS,R,2191,0.414,0.249,261.0,0.254,0.333,0.469,0.803,0.352,0.334,0.184,0.103,0.155,0.403,89.5
666969,Adolis García,PHI,L,892,0.493,0.334,68.0,0.254,0.338,0.525,0.864,0.379,0.365,0.235,0.118,0.25,0.568,93.4
666969,Adolis García,PHI,R,2344,0.5,0.339,191.0,0.174,0.246,0.262,0.508,0.232,0.268,0.351,0.068,0.336,0.443,91.6
680728,Adrian Del Castillo,AZ,L,143,0.497,0.344,28.0,0.115,0.115,0.115,0.231,0.119,0.133,0.393,0.0,0.333,0.294,72.8
680728,Adrian Del Castillo,AZ,R,1172,0.471,0.294,166.0,0.211,0.271,0.349,0.62,0.285,0.276,0.259,0.078,0.247,0.373,89.1
682663,Agustín Ramírez,MIA,L,1013,0.478,0.312,88.0,0.243,0.364,0.365,0.729,0.355,0.343,0.239,0.148,0.301,0.51,94.1
682663,Agustín Ramírez,MIA,R,2078,0.501,0.314,153.0,0.229,0.288,0.357,0.645,0.299,0.25,0.242,0.072,0.273,0.359,87.9
702176,Alan Roden,MIN,L,147,0.517,0.306,19.0,0.471,0.5,0.647,1.147,0.55,0.352,0.158,0.053,0.2,0.467,80.2
702176,Alan Roden,MIN,R,731,0.453,0.302,72.0,0.233,0.333,0.3,0.633,0.329,0.351,0.125,0.139,0.149,0.396,86.7
664761,Alec Bohm,PHI,L,1148,0.467,0.287,190.0,0.295,0.337,0.489,0.825,0.366,0.34,0.121,0.053,0.119,0.416,90.7
664761,Alec Bohm,PHI,R,2904,0.471,0.254,424.0,0.234,0.307,0.345,0.651,0.304,0.325,0.151,0.08,0.164,0.45,90.5
676475,Alec Burleson,STL,L,1160,0.528,0.341,204.0,0.215,0.25,0.304,0.554,0.25,0.308,0.176,0.049,0.207,0.42,90.1
676475,Alec Burleson,STL,R,3227,0.505,0.342,454.0,0.31,0.381,0.534,0.916,0.4,0.397,0.181,0.09,0.206,0.534,92.6
672386,Alejandro Kirk,TOR,L,916,0.437,0.29,91.0,0.301,0.352,0.41,0.761,0.363,0.293,0.176,0.077,0.186,0.358,88.6
672386,Alejandro Kirk,TOR,R,2262,0.46,0.289,209.0,0.271,0.335,0.42,0.755,0.336,0.315,0.105,0.091,0.112,0.411,87.9
696030,Alejandro Osuna,TEX,L,205,0.488,0.319,47.0,0.279,0.34,0.279,0.619,0.289,0.288,0.149,0.043,0.171,0.184,81.6
696030,Alejandro Osuna,TEX,R,1353,0.451,0.276,179.0,0.239,0.337,0.29,0.627,0.308,0.309,0.151,0.095,0.133,0.315,86.8
677950,Alek Thomas,LAD,L,333,0.532,0.409,18.0,0.235,0.278,0.353,0.631,0.278,0.219,0.222,0.0,0.296,0.385,85.9
677950,Alek Thomas,LAD,R,1760,0.531,0.351,100.0,0.181,0.222,0.33,0.552,0.261,0.293,0.23,0.04,0.217,0.405,88.6
608324,Alex Bregman,CHC,L,1257,0.376,0.193,172.0,0.268,0.384,0.458,0.841,0.384,0.341,0.128,0.14,0.125,0.372,88.7
608324,Alex Bregman,CHC,R,3453,0.422,0.229,521.0,0.257,0.336,0.446,0.782,0.353,0.318,0.152,0.094,0.147,0.375,88.0
669743,Alex Call,LAD,L,809,0.42,0.242,75.0,0.295,0.413,0.426,0.84,0.387,0.299,0.2,0.12,0.183,0.208,86.6
669743,Alex Call,LAD,R,1344,0.376,0.176,116.0,0.194,0.31,0.224,0.535,0.267,0.261,0.172,0.121,0.106,0.127,81.5
690976,Alex Freeland,LAD,L,218,0.385,0.191,35.0,0.121,0.171,0.152,0.323,0.179,0.166,0.429,0.057,0.4,0.111,85.2
690976,Alex Freeland,LAD,R,1319,0.393,0.207,235.0,0.251,0.349,0.352,0.701,0.326,0.317,0.247,0.128,0.234,0.431,88.1
656577,Alex Jackson,MIN,L,202,0.554,0.392,25.0,0.167,0.2,0.167,0.367,0.172,0.158,0.48,0.0,0.367,0.333,79.9
656577,Alex Jackson,MIN,R,469,0.514,0.312,48.0,0.378,0.417,0.533,0.95,0.415,0.255,0.25,0.042,0.238,0.333,79.8
645305,Ali Sánchez,NYY,L,184,0.489,0.3,41.0,0.282,0.3,0.41,0.71,0.36,0.279,0.317,0.0,0.243,0.296,78.6
645305,Ali Sánchez,NYY,R,198,0.54,0.427,47.0,0.205,0.234,0.205,0.439,0.221,0.231,0.255,0.021,0.182,0.273,84.6
675961,Alika Williams,ATH,L,380,0.542,0.365,103.0,0.295,0.337,0.474,0.81,0.364,0.264,0.194,0.049,0.184,0.286,82.5
675961,Alika Williams,ATH,R,455,0.512,0.371,128.0,0.25,0.283,0.392,0.675,0.295,0.236,0.234,0.039,0.236,0.359,84.1
642708,Amed Rosario,NYY,L,973,0.562,0.387,155.0,0.201,0.245,0.354,0.599,0.272,0.301,0.206,0.058,0.231,0.386,90.1
642708,Amed Rosario,NYY,R,529,0.541,0.401,81.0,0.293,0.333,0.507,0.84,0.371,0.325,0.296,0.062,0.274,0.423,91.0
643217,Andrew Benintendi,CWS,L,508,0.596,0.417,46.0,0.233,0.267,0.256,0.522,0.263,0.261,0.37,0.043,0.324,0.25,81.0
643217,Andrew Benintendi,CWS,R,2942,0.494,0.296,408.0,0.244,0.304,0.431,0.735,0.327,0.314,0.218,0.081,0.249,0.468,89.7
668800,Andrew Knizner,SF,L,257,0.529,0.454,45.0,0.19,0.244,0.31,0.554,0.247,0.241,0.178,0.067,0.159,0.324,84.5
668800,Andrew Knizner,SF,R,338,0.453,0.329,30.0,0.308,0.4,0.5,0.9,0.393,0.367,0.167,0.033,0.289,0.381,90.5
457705,Andrew Mccutchen,TEX,L,847,0.432,0.217,50.0,0.186,0.3,0.302,0.602,0.278,0.276,0.16,0.14,0.264,0.2,86.3
457705,Andrew Mccutchen,TEX,R,1796,0.46,0.202,33.0,0.2,0.242,0.2,0.442,0.233,0.178,0.424,0.061,0.362,0.471,88.6
687605,Andrew Pinckney,WSH,L,56,0.464,0.258,16.0,0.385,0.438,0.769,1.207,0.481,0.333,0.25,0.062,0.231,0.5,93.4
687605,Andrew Pinckney,WSH,R,53,0.358,0.087,13.0,0.167,0.154,0.167,0.321,0.138,0.252,0.462,0.0,0.368,0.714,96.9
683734,Andrew Vaughn,MIL,L,1076,0.407,0.233,133.0,0.333,0.414,0.513,0.926,0.41,0.35,0.135,0.113,0.158,0.459,91.9
683734,Andrew Vaughn,MIL,R,2003,0.443,0.278,200.0,0.282,0.365,0.391,0.756,0.356,0.318,0.175,0.095,0.185,0.417,88.8
623205,Andrew Velazquez,KC,R,35,0.486,0.471,11.0,0.091,0.091,0.091,0.182,0.082,0.165,0.091,0.0,0.118,0.2,75.4
655316,Andruw Monasterio,BOS,L,804,0.473,0.24,125.0,0.241,0.32,0.473,0.793,0.342,0.346,0.2,0.104,0.155,0.437,90.4
655316,Andruw Monasterio,BOS,R,1210,0.465,0.285,211.0,0.236,0.286,0.325,0.61,0.281,0.258,0.199,0.057,0.182,0.26,85.1
665953,Andrés Chaparro,WSH,L,729,0.48,0.314,142.0,0.233,0.352,0.483,0.835,0.375,0.357,0.239,0.134,0.301,0.5,91.0
665953,Andrés Chaparro,WSH,R,397,0.531,0.352,79.0,0.296,0.367,0.521,0.888,0.395,0.307,0.228,0.076,0.314,0.34,87.7
665926,Andrés Giménez,TOR,L,789,0.553,0.433,142.0,0.235,0.284,0.348,0.632,0.282,0.272,0.155,0.021,0.208,0.214,79.8
665926,Andrés Giménez,TOR,R,2513,0.537,0.384,356.0,0.248,0.287,0.367,0.654,0.288,0.275,0.199,0.031,0.23,0.261,85.8
628451,Andy Ibáñez,NYM,L,586,0.522,0.317,24.0,0.091,0.083,0.091,0.174,0.112,0.139,0.125,0.0,0.176,0.19,87.1
628451,Andy Ibáñez,NYM,R,209,0.545,0.315,,,,,,,,,,,,
681624,Andy Pages,LAD,L,1239,0.496,0.303,166.0,0.293,0.367,0.531,0.898,0.401,0.401,0.175,0.102,0.172,0.508,91.0
681624,Andy Pages,LAD,R,3348,0.509,0.335,394.0,0.265,0.327,0.428,0.756,0.336,0.317,0.201,0.071,0.2,0.378,87.8
694197,Angel Genao,CLE,L,150,0.447,0.289,42.0,0.184,0.262,0.316,0.578,0.281,0.288,0.167,0.071,0.299,0.516,90.9
694197,Angel Genao,CLE,R,355,0.445,0.264,92.0,0.224,0.283,0.282,0.565,0.278,0.284,0.152,0.076,0.177,0.507,90.4
682657,Angel Martínez,CLE,L,1126,0.5,0.344,140.0,0.306,0.319,0.522,0.841,0.368,0.353,0.179,0.014,0.17,0.482,87.6
682657,Angel Martínez,CLE,R,2116,0.551,0.433,258.0,0.231,0.28,0.437,0.717,0.318,0.28,0.248,0.039,0.198,0.292,85.4
678011,Anthony Seigler,BOS,L,165,0.436,0.247,42.0,0.167,0.244,0.306,0.549,0.249,0.307,0.143,0.095,0.197,0.25,85.3
678011,Anthony Seigler,BOS,R,760,0.445,0.232,132.0,0.27,0.351,0.426,0.777,0.353,0.314,0.167,0.106,0.213,0.376,86.4
683011,Anthony Volpe,NYY,L,1085,0.428,0.242,95.0,0.235,0.305,0.353,0.658,0.312,0.314,0.179,0.095,0.215,0.377,86.8
683011,Anthony Volpe,NYY,R,2244,0.472,0.243,138.0,0.244,0.326,0.317,0.643,0.295,0.277,0.254,0.109,0.228,0.36,88.3
605244,Aramis Garcia,AZ,L,18,0.556,0.273,,,,,,,,,,,,
605244,Aramis Garcia,AZ,R,62,0.484,0.367,16.0,0.062,0.062,0.062,0.125,0.056,0.145,0.375,0.0,0.222,0.2,83.0
669720,Austin Hays,SD,L,569,0.52,0.295,51.0,0.367,0.373,0.551,0.924,0.447,0.349,0.235,0.02,0.28,0.395,89.0
669720,Austin Hays,SD,R,1361,0.525,0.373,45.0,0.159,0.178,0.227,0.405,0.18,0.243,0.311,0.022,0.384,0.467,85.5
595978,Austin Hedges,CLE,L,810,0.469,0.265,124.0,0.252,0.35,0.379,0.729,0.362,0.3,0.121,0.129,0.213,0.366,84.1
595978,Austin Hedges,CLE,R,801,0.469,0.281,118.0,0.241,0.297,0.352,0.648,0.305,0.255,0.246,0.068,0.251,0.266,84.5
668885,Austin Martin,MIN,L,895,0.385,0.147,173.0,0.234,0.382,0.365,0.746,0.359,0.339,0.162,0.156,0.167,0.318,86.7
668885,Austin Martin,MIN,R,1229,0.407,0.206,181.0,0.228,0.304,0.278,0.582,0.274,0.273,0.21,0.094,0.191,0.256,84.7
663586,Austin Riley,ATL,L,1171,0.476,0.292,182.0,0.231,0.319,0.344,0.662,0.309,0.31,0.324,0.093,0.301,0.471,91.3
663586,Austin Riley,ATL,R,3104,0.504,0.313,431.0,0.219,0.281,0.374,0.655,0.288,0.295,0.316,0.065,0.285,0.431,91.2
596103,Austin Slater,TB,L,636,0.491,0.284,64.0,0.196,0.281,0.232,0.513,0.242,0.247,0.297,0.109,0.267,0.205,86.8
596103,Austin Slater,TB,R,300,0.463,0.268,,,,,,,,,,,,
669224,Austin Wells,NYY,L,970,0.488,0.316,97.0,0.125,0.196,0.25,0.446,0.201,0.227,0.299,0.082,0.262,0.393,88.6
669224,Austin Wells,NYY,R,2387,0.485,0.276,285.0,0.204,0.31,0.347,0.657,0.308,0.322,0.256,0.123,0.255,0.441,88.7
642851,Austin Wynns,TEX,L,294,0.548,0.411,37.0,0.118,0.167,0.206,0.373,0.2,0.279,0.27,0.054,0.24,0.36,84.7
642851,Austin Wynns,TEX,R,489,0.505,0.306,52.0,0.167,0.216,0.167,0.382,0.204,0.213,0.269,0.058,0.224,0.2,81.7
701162,Ben Malgeri,DET,L,312,0.429,0.251,82.0,0.229,0.329,0.343,0.672,0.315,0.291,0.268,0.122,0.246,0.408,89.5
701162,Ben Malgeri,DET,R,202,0.485,0.232,54.0,0.283,0.389,0.543,0.932,0.419,0.357,0.241,0.13,0.255,0.394,90.1
700250,Ben Rice,NYY,L,1314,0.446,0.275,216.0,0.253,0.329,0.464,0.793,0.349,0.345,0.269,0.083,0.261,0.419,89.8
700250,Ben Rice,NYY,R,3374,0.427,0.215,440.0,0.265,0.368,0.567,0.935,0.413,0.395,0.225,0.139,0.224,0.511,92.8
666163,Ben Rortvedt,LAD,L,126,0.468,0.333,13.0,0.308,0.308,0.308,0.615,0.277,0.325,0.231,0.0,0.25,0.1,82.7
666163,Ben Rortvedt,LAD,R,491,0.456,0.279,15.0,0.071,0.071,0.071,0.143,0.079,0.092,0.4,0.0,0.231,0.0,76.6
810938,Ben Williamson,TB,L,911,0.477,0.325,126.0,0.235,0.272,0.336,0.608,0.286,0.281,0.183,0.04,0.154,0.347,87.3
810938,Ben Williamson,TB,R,1381,0.443,0.326,150.0,0.254,0.333,0.321,0.654,0.3,0.292,0.187,0.1,0.162,0.311,85.5
695257,Billy Cook,PIT,L,138,0.543,0.362,32.0,0.161,0.188,0.258,0.446,0.223,0.157,0.406,0.031,0.265,0.222,79.6
695257,Billy Cook,PIT,R,70,0.629,0.548,21.0,0.2,0.238,0.2,0.438,0.205,0.179,0.333,0.0,0.385,0.231,83.6
694362,Blake Dunn,CIN,L,314,0.446,0.28,39.0,0.306,0.359,0.361,0.72,0.326,0.281,0.282,0.077,0.259,0.214,77.7
694362,Blake Dunn,CIN,R,553,0.434,0.255,111.0,0.277,0.333,0.406,0.739,0.342,0.277,0.189,0.063,0.175,0.329,86.4
663368,Blake Perkins,MIL,L,480,0.398,0.252,60.0,0.222,0.3,0.389,0.689,0.324,0.305,0.167,0.1,0.137,0.372,86.6
663368,Blake Perkins,MIL,R,647,0.391,0.186,42.0,0.056,0.171,0.056,0.226,0.2,0.205,0.286,0.095,0.278,0.28,78.9
677942,Blaze Alexander,BAL,L,739,0.506,0.256,102.0,0.263,0.304,0.326,0.63,0.29,0.303,0.255,0.059,0.222,0.437,91.2
677942,Blaze Alexander,BAL,R,1415,0.515,0.277,184.0,0.319,0.379,0.458,0.837,0.386,0.379,0.201,0.065,0.231,0.515,90.6
691458,Blaze Jordan,STL,L,266,0.538,0.375,76.0,0.268,0.316,0.507,0.823,0.362,0.348,0.118,0.053,0.168,0.419,88.5
691458,Blaze Jordan,STL,R,453,0.545,0.345,122.0,0.237,0.254,0.307,0.561,0.253,0.294,0.172,0.025,0.202,0.469,88.3
666182,Bo Bichette,NYM,L,1263,0.542,0.403,189.0,0.253,0.317,0.441,0.759,0.337,0.359,0.169,0.09,0.151,0.414,90.5
666182,Bo Bichette,NYM,R,3597,0.525,0.376,487.0,0.264,0.31,0.369,0.679,0.308,0.316,0.189,0.062,0.178,0.42,89.2
666310,Bo Naylor,MIL,L,372,0.535,0.31,14.0,0.286,0.286,0.429,0.714,0.307,0.22,0.214,0.0,0.062,0.364,86.2
666310,Bo Naylor,MIL,R,1736,0.452,0.248,84.0,0.13,0.202,0.247,0.449,0.205,0.3,0.238,0.083,0.144,0.411,89.7
677951,Bobby Witt,KC,L,1205,0.472,0.343,157.0,0.297,0.344,0.462,0.806,0.377,0.395,0.153,0.07,0.211,0.607,95.2
677951,Bobby Witt,KC,R,3649,0.497,0.316,445.0,0.275,0.348,0.434,0.783,0.353,0.37,0.184,0.097,0.227,0.465,91.2
695731,Braden Montgomery,CWS,L,379,0.53,0.341,99.0,0.124,0.202,0.225,0.427,0.205,0.272,0.293,0.081,0.308,0.344,86.8
695731,Braden Montgomery,CWS,R,986,0.492,0.245,252.0,0.255,0.349,0.391,0.74,0.335,0.344,0.159,0.119,0.252,0.422,89.3
669699,Braden Shewmake,MIL,L,43,0.512,0.455,11.0,0.111,0.2,0.111,0.311,0.18,0.184,0.182,0.091,0.318,0.0,72.9
669699,Braden Shewmake,MIL,R,254,0.626,0.53,79.0,0.28,0.282,0.467,0.749,0.328,0.309,0.177,0.013,0.201,0.422,89.6
691781,Brady House,WSH,L,713,0.536,0.34,111.0,0.357,0.432,0.551,0.983,0.436,0.413,0.234,0.117,0.282,0.472,89.2
691781,Brady House,WSH,R,1498,0.537,0.36,232.0,0.193,0.25,0.325,0.575,0.262,0.297,0.272,0.06,0.269,0.484,90.5
663604,Brandon Lockridge,MIL,L,475,0.484,0.317,45.0,0.225,0.311,0.25,0.561,0.286,0.24,0.356,0.111,0.291,0.36,81.6
663604,Brandon Lockridge,MIL,R,565,0.481,0.314,65.0,0.305,0.369,0.356,0.725,0.349,0.271,0.246,0.092,0.221,0.302,82.6
664040,Brandon Lowe,PIT,L,1350,0.531,0.378,206.0,0.228,0.272,0.386,0.658,0.294,0.267,0.369,0.058,0.371,0.41,88.9
664040,Brandon Lowe,PIT,R,3370,0.525,0.31,436.0,0.279,0.358,0.547,0.905,0.39,0.363,0.248,0.108,0.307,0.478,92.0
669016,Brandon Marsh,PHI,L,813,0.49,0.379,129.0,0.223,0.258,0.355,0.613,0.276,0.227,0.364,0.031,0.335,0.373,84.3
669016,Brandon Marsh,PHI,R,2937,0.492,0.313,425.0,0.272,0.311,0.428,0.74,0.332,0.324,0.216,0.056,0.192,0.446,89.9
607043,Brandon Nimmo,TEX,L,1559,0.504,0.279,198.0,0.33,0.369,0.484,0.852,0.379,0.322,0.197,0.056,0.222,0.449,90.3
607043,Brandon Nimmo,TEX,R,3562,0.483,0.262,440.0,0.227,0.3,0.368,0.668,0.301,0.352,0.236,0.084,0.199,0.533,92.9
678218,Brandon Valenzuela,TOR,L,338,0.533,0.326,77.0,0.182,0.286,0.303,0.589,0.292,0.307,0.247,0.117,0.228,0.458,90.3
678218,Brandon Valenzuela,TOR,R,760,0.476,0.269,192.0,0.238,0.314,0.384,0.698,0.313,0.31,0.255,0.099,0.257,0.35,86.0
690924,Braxton Fulford,COL,L,443,0.447,0.228,60.0,0.167,0.233,0.241,0.474,0.247,0.201,0.433,0.067,0.357,0.345,86.5
690924,Braxton Fulford,COL,R,361,0.499,0.339,23.0,0.167,0.304,0.333,0.638,0.287,0.226,0.304,0.174,0.268,0.333,84.7
677587,Brayan Rocchio,CLE,L,1129,0.528,0.331,192.0,0.213,0.265,0.339,0.604,0.283,0.282,0.156,0.052,0.221,0.242,84.2
677587,Brayan Rocchio,CLE,R,2495,0.491,0.319,387.0,0.27,0.335,0.399,0.734,0.332,0.302,0.137,0.07,0.197,0.327,86.7
680977,Brendan Donovan,SEA,L,856,0.439,0.267,53.0,0.184,0.245,0.224,0.47,0.223,0.262,0.189,0.057,0.174,0.237,84.2
680977,Brendan Donovan,SEA,R,1671,0.432,0.239,105.0,0.333,0.438,0.517,0.955,0.417,0.34,0.124,0.114,0.136,0.299,86.4
667670,Brent Rooker,ATH,L,797,0.473,0.271,48.0,0.156,0.208,0.289,0.497,0.234,0.268,0.417,0.062,0.392,0.417,88.9
667670,Brent Rooker,ATH,R,2528,0.503,0.277,153.0,0.216,0.301,0.425,0.726,0.327,0.331,0.288,0.098,0.351,0.419,90.1
686668,Brenton Doyle,CWS,L,831,0.528,0.323,91.0,0.25,0.3,0.429,0.729,0.329,0.27,0.308,0.066,0.317,0.407,87.8
686668,Brenton Doyle,CWS,R,1870,0.502,0.308,121.0,0.217,0.256,0.27,0.526,0.253,0.228,0.355,0.05,0.28,0.301,87.1
703520,Brett Bateman,TOR,L,225,0.418,0.311,60.0,0.273,0.317,0.345,0.662,0.295,0.253,0.2,0.05,0.17,0.2,78.6
703520,Brett Bateman,TOR,R,464,0.429,0.274,111.0,0.347,0.431,0.453,0.884,0.403,0.335,0.198,0.117,0.131,0.203,83.5
683146,Brett Baty,NYM,L,661,0.439,0.242,86.0,0.173,0.279,0.227,0.506,0.242,0.275,0.314,0.116,0.28,0.333,87.2
683146,Brett Baty,NYM,R,2947,0.484,0.275,375.0,0.251,0.32,0.41,0.73,0.326,0.33,0.253,0.091,0.271,0.436,90.9
814430,Brett Callahan,DET,R,250,0.604,0.416,72.0,0.212,0.264,0.333,0.597,0.276,0.295,0.347,0.069,0.252,0.452,90.3
695391,Brett Harris,SF,L,201,0.443,0.208,22.0,0.235,0.381,0.353,0.734,0.348,0.314,0.182,0.091,0.212,0.357,85.5
695391,Brett Harris,SF,R,292,0.401,0.224,21.0,0.105,0.19,0.105,0.296,0.16,0.176,0.476,0.048,0.267,0.25,83.3
664954,Brett Sullivan,COL,L,221,0.498,0.272,61.0,0.273,0.317,0.364,0.68,0.304,0.296,0.098,0.049,0.145,0.314,83.5
664954,Brett Sullivan,COL,R,625,0.518,0.346,169.0,0.217,0.26,0.414,0.674,0.301,0.28,0.189,0.059,0.144,0.339,87.4
676551,Brewer Hicklen,ATL,L,34,0.412,0.19,,,,,,,,,,,,
676551,Brewer Hicklen,ATL,R,151,0.503,0.296,34.0,0.259,0.412,0.37,0.782,0.36,0.312,0.382,0.206,0.418,0.429,89.9
640459,Brian Navarreto,MIA,L,167,0.551,0.432,35.0,0.156,0.2,0.312,0.512,0.22,0.198,0.371,0.0,0.358,0.35,87.5
640459,Brian Navarreto,MIA,R,99,0.505,0.283,20.0,0.067,0.176,0.067,0.243,0.171,0.129,0.3,0.1,0.216,0.0,59.1
661531,Brian Serven,ATH,L,124,0.508,0.322,34.0,0.206,0.206,0.412,0.618,0.26,0.26,0.206,0.0,0.19,0.333,89.0
661531,Brian Serven,ATH,R,189,0.481,0.272,49.0,0.156,0.224,0.356,0.58,0.258,0.284,0.286,0.061,0.363,0.267,85.9
694728,Brice Matthews,HOU,L,433,0.446,0.212,85.0,0.198,0.235,0.383,0.618,0.277,0.263,0.329,0.047,0.351,0.278,82.2
694728,Brice Matthews,HOU,R,707,0.47,0.29,148.0,0.201,0.267,0.299,0.566,0.273,0.26,0.311,0.081,0.34,0.416,83.9
668930,Brice Turang,MIL,L,1613,0.423,0.226,195.0,0.211,0.297,0.292,0.589,0.295,0.288,0.256,0.103,0.235,0.328,85.9
668930,Brice Turang,MIL,R,3993,0.436,0.249,471.0,0.284,0.384,0.501,0.885,0.405,0.366,0.246,0.14,0.199,0.452,90.0
801126,Brock Rodden,SEA,L,70,0.443,0.263,18.0,0.25,0.333,0.25,0.583,0.328,0.258,0.278,0.111,0.29,0.455,89.6
801126,Brock Rodden,SEA,R,216,0.458,0.328,54.0,0.178,0.296,0.289,0.585,0.269,0.225,0.352,0.148,0.424,0.333,87.4
686797,Brooks Lee,MIN,L,1421,0.51,0.359,202.0,0.212,0.274,0.31,0.583,0.274,0.24,0.238,0.059,0.201,0.314,86.7
686797,Brooks Lee,MIN,R,2916,0.519,0.324,417.0,0.274,0.314,0.488,0.803,0.36,0.298,0.125,0.058,0.175,0.347,88.2
650559,Bryan De La Cruz,PHI,L,218,0.514,0.33,38.0,0.265,0.342,0.353,0.695,0.316,0.304,0.211,0.079,0.234,0.5,90.4
650559,Bryan De La Cruz,PHI,R,258,0.531,0.344,38.0,0.382,0.395,0.588,0.983,0.411,0.272,0.211,0.026,0.227,0.357,88.0
668804,Bryan Reynolds,PIT,L,1563,0.502,0.266,239.0,0.275,0.36,0.441,0.801,0.37,0.343,0.218,0.109,0.271,0.462,90.9
668804,Bryan Reynolds,PIT,R,3762,0.471,0.247,451.0,0.249,0.357,0.406,0.763,0.349,0.36,0.237,0.126,0.251,0.491,90.8
663494,Bryan Torres,STL,L,110,0.427,0.255,28.0,0.208,0.296,0.208,0.505,0.252,0.274,0.143,0.071,0.128,0.087,73.9
663494,Bryan Torres,STL,R,623,0.441,0.271,153.0,0.243,0.314,0.368,0.681,0.315,0.29,0.222,0.098,0.207,0.308,87.8
805811,Bryce Eldridge,SF,L,572,0.427,0.218,142.0,0.296,0.38,0.504,0.884,0.391,0.379,0.268,0.12,0.25,0.563,93.2
805811,Bryce Eldridge,SF,R,1469,0.43,0.248,305.0,0.257,0.354,0.441,0.795,0.354,0.349,0.262,0.134,0.25,0.503,92.4
547180,Bryce Harper,PHI,L,1919,0.542,0.363,261.0,0.22,0.33,0.33,0.66,0.304,0.313,0.264,0.142,0.301,0.355,87.1
547180,Bryce Harper,PHI,R,2944,0.493,0.321,413.0,0.297,0.407,0.581,0.988,0.433,0.422,0.182,0.16,0.275,0.48,91.4
669369,Bryce Johnson,SD,L,182,0.484,0.34,13.0,0.0,0.077,0.0,0.077,0.054,0.103,0.385,0.077,0.367,0.0,77.4
669369,Bryce Johnson,SD,R,293,0.471,0.326,36.0,0.242,0.286,0.303,0.589,0.271,0.198,0.361,0.056,0.283,0.095,72.6
669326,Bryce Teodosio,LAA,L,241,0.598,0.429,44.0,0.238,0.273,0.286,0.558,0.252,0.215,0.386,0.045,0.366,0.28,80.8
669326,Bryce Teodosio,LAA,R,494,0.573,0.345,16.0,0.077,0.2,0.077,0.277,0.167,0.167,0.312,0.125,0.346,0.0,71.9
681082,Bryson Stott,PHI,L,1121,0.402,0.242,141.0,0.274,0.35,0.411,0.761,0.345,0.314,0.163,0.099,0.176,0.269,84.1
681082,Bryson Stott,PHI,R,3799,0.411,0.275,450.0,0.244,0.322,0.387,0.709,0.32,0.333,0.169,0.1,0.161,0.404,90.2
671083,Buddy Kennedy,SF,L,231,0.459,0.252,29.0,0.04,0.172,0.04,0.212,0.159,0.209,0.379,0.138,0.258,0.357,86.4
671083,Buddy Kennedy,SF,R,113,0.46,0.25,20.0,0.222,0.3,0.278,0.578,0.268,0.307,0.2,0.05,0.237,0.286,82.4
621439,Byron Buxton,MIN,L,912,0.499,0.304,115.0,0.255,0.313,0.415,0.728,0.326,0.357,0.252,0.07,0.277,0.553,92.8
621439,Byron Buxton,MIN,R,2649,0.523,0.32,293.0,0.252,0.314,0.545,0.859,0.374,0.337,0.242,0.068,0.296,0.434,89.2
663728,Cal Raleigh,SEA,L,1638,0.529,0.368,188.0,0.17,0.282,0.346,0.628,0.281,0.298,0.346,0.133,0.333,0.367,90.9
663728,Cal Raleigh,SEA,R,3480,0.493,0.323,328.0,0.185,0.299,0.384,0.683,0.304,0.317,0.296,0.134,0.281,0.402,89.5
702332,Caleb Durbin,BOS,L,1080,0.45,0.242,159.0,0.241,0.327,0.38,0.706,0.337,0.31,0.126,0.082,0.162,0.308,84.5
702332,Caleb Durbin,BOS,R,2874,0.446,0.268,415.0,0.254,0.336,0.384,0.72,0.333,0.289,0.14,0.087,0.145,0.232,80.4
695508,Cam Cauley,TEX,L,134,0.5,0.297,37.0,0.152,0.222,0.303,0.525,0.239,0.189,0.297,0.054,0.299,0.217,84.9
695508,Cam Cauley,TEX,R,103,0.408,0.245,28.0,0.28,0.357,0.4,0.757,0.37,0.295,0.143,0.107,0.19,0.19,83.5
701358,Cam Smith,HOU,L,1246,0.466,0.272,145.0,0.192,0.262,0.408,0.67,0.288,0.319,0.241,0.076,0.268,0.412,88.2
701358,Cam Smith,HOU,R,3052,0.493,0.306,403.0,0.214,0.278,0.381,0.659,0.299,0.317,0.263,0.072,0.267,0.443,88.7
621043,Carlos Correa,HOU,L,780,0.455,0.284,48.0,0.35,0.438,0.625,1.062,0.485,0.445,0.125,0.146,0.205,0.353,87.3
621043,Carlos Correa,HOU,R,2119,0.462,0.3,93.0,0.241,0.323,0.313,0.636,0.291,0.323,0.215,0.108,0.213,0.444,90.2
666126,Carlos Cortes,ATH,L,88,0.511,0.341,22.0,0.333,0.364,0.429,0.792,0.35,0.211,0.227,0.0,0.343,0.188,80.5
666126,Carlos Cortes,ATH,R,1768,0.471,0.28,347.0,0.251,0.32,0.405,0.725,0.32,0.31,0.159,0.086,0.195,0.369,88.9
665966,Carlos Narváez,BAL,L,870,0.486,0.3,76.0,0.162,0.25,0.206,0.456,0.23,0.227,0.289,0.079,0.295,0.298,90.5
665966,Carlos Narváez,BAL,R,2083,0.502,0.309,203.0,0.166,0.24,0.24,0.48,0.246,0.27,0.335,0.059,0.325,0.393,85.5
467793,Carlos Santana,AZ,L,605,0.438,0.254,,,,,,,,,,,,
467793,Carlos Santana,AZ,R,1486,0.457,0.256,22.0,0.048,0.091,0.095,0.186,0.089,0.135,0.364,0.045,0.306,0.462,89.5
701807,Carson Benge,NYM,L,773,0.44,0.248,178.0,0.272,0.337,0.401,0.738,0.333,0.344,0.264,0.073,0.203,0.345,87.3
701807,Carson Benge,NYM,R,1831,0.46,0.292,453.0,0.276,0.338,0.429,0.766,0.349,0.337,0.203,0.075,0.198,0.406,89.2
608348,Carson Kelly,CHC,L,1047,0.486,0.261,136.0,0.298,0.375,0.496,0.871,0.386,0.342,0.176,0.11,0.207,0.433,89.3
608348,Carson Kelly,CHC,R,2228,0.434,0.225,283.0,0.245,0.325,0.328,0.653,0.308,0.299,0.159,0.088,0.164,0.327,85.5
700246,Carson Williams,TB,L,206,0.558,0.319,17.0,0.0,0.059,0.0,0.059,0.041,0.165,0.412,0.059,0.417,0.333,84.3
700246,Carson Williams,TB,R,352,0.486,0.317,23.0,0.19,0.227,0.381,0.608,0.302,0.257,0.261,0.043,0.25,0.188,81.4
695600,Carter Jensen,KC,L,719,0.421,0.204,168.0,0.238,0.31,0.371,0.68,0.302,0.286,0.315,0.083,0.274,0.42,90.3
695600,Carter Jensen,KC,R,2000,0.459,0.256,421.0,0.236,0.325,0.488,0.813,0.356,0.32,0.271,0.116,0.261,0.457,91.6
669477,Casey Schmitt,SF,L,860,0.547,0.376,106.0,0.311,0.321,0.485,0.806,0.362,0.388,0.151,0.009,0.195,0.425,89.5
669477,Casey Schmitt,SF,R,1929,0.515,0.325,302.0,0.257,0.291,0.482,0.774,0.329,0.343,0.212,0.03,0.202,0.457,90.0
678882,Ceddanne Rafaela,BOS,L,1189,0.574,0.41,148.0,0.271,0.311,0.486,0.797,0.354,0.281,0.243,0.041,0.248,0.352,87.4
678882,Ceddanne Rafaela,BOS,R,3018,0.578,0.442,417.0,0.285,0.318,0.427,0.746,0.335,0.285,0.189,0.034,0.223,0.308,85.5
656775,Cedric Mullins,TB,L,1022,0.478,0.293,116.0,0.2,0.292,0.27,0.562,0.267,0.216,0.181,0.086,0.225,0.133,79.3
656775,Cedric Mullins,TB,R,3023,0.483,0.282,378.0,0.201,0.277,0.362,0.64,0.302,0.278,0.19,0.087,0.191,0.38,86.5
677060,Chad Stevens,COL,L,105,0.495,0.371,18.0,0.0,0.167,0.0,0.167,0.117,0.221,0.389,0.167,0.214,0.125,75.7
677060,Chad Stevens,COL,R,101,0.505,0.333,16.0,0.077,0.188,0.077,0.264,0.144,0.197,0.375,0.125,0.323,0.375,87.1
644433,Chadwick Tromp,BAL,L,81,0.543,0.5,18.0,0.222,0.222,0.278,0.5,0.219,0.177,0.222,0.0,0.324,0.286,83.8
644433,Chadwick Tromp,BAL,R,170,0.512,0.39,32.0,0.133,0.129,0.133,0.262,0.123,0.165,0.281,0.0,0.197,0.25,84.7
802415,Chandler Simpson,TB,L,1022,0.491,0.348,208.0,0.284,0.292,0.34,0.632,0.306,0.234,0.096,0.014,0.103,0.136,78.3
802415,Chandler Simpson,TB,R,2426,0.465,0.275,394.0,0.32,0.355,0.366,0.722,0.338,0.282,0.069,0.056,0.081,0.135,81.9
807727,Charles Mcadoo,TOR,L,218,0.463,0.313,55.0,0.265,0.327,0.347,0.674,0.319,0.271,0.291,0.091,0.238,0.235,82.3
807727,Charles Mcadoo,TOR,R,152,0.546,0.387,44.0,0.214,0.25,0.333,0.583,0.277,0.28,0.182,0.045,0.157,0.265,87.2
800050,Chase Delauter,CLE,L,660,0.444,0.251,171.0,0.333,0.386,0.481,0.867,0.384,0.307,0.187,0.076,0.174,0.408,88.9
800050,Chase Delauter,CLE,R,1436,0.414,0.198,371.0,0.27,0.353,0.445,0.798,0.355,0.361,0.124,0.116,0.116,0.488,92.4
805367,Chase Meidroth,CWS,L,1418,0.408,0.245,181.0,0.34,0.422,0.571,0.993,0.439,0.35,0.171,0.122,0.149,0.397,88.0
805367,Chase Meidroth,CWS,R,3269,0.397,0.265,455.0,0.243,0.315,0.344,0.659,0.306,0.278,0.24,0.086,0.187,0.322,84.5
687952,Christian Encarnacion-Strand,BAL,L,400,0.608,0.491,79.0,0.286,0.359,0.629,0.988,0.428,0.421,0.304,0.089,0.314,0.457,90.1
687952,Christian Encarnacion-Strand,BAL,R,848,0.574,0.452,129.0,0.264,0.295,0.438,0.733,0.321,0.288,0.233,0.023,0.241,0.344,89.3
681047,Christian Franklin,BAL,L,130,0.385,0.216,28.0,0.13,0.286,0.217,0.503,0.279,0.312,0.286,0.143,0.32,0.467,86.5
681047,Christian Franklin,BAL,R,87,0.345,0.176,22.0,0.111,0.273,0.111,0.384,0.219,0.266,0.182,0.136,0.233,0.308,82.6
683766,Christian Koss,SF,L,376,0.543,0.381,60.0,0.214,0.241,0.446,0.688,0.299,0.213,0.217,0.033,0.281,0.283,79.7
683766,Christian Koss,SF,R,986,0.532,0.359,148.0,0.237,0.285,0.274,0.559,0.274,0.259,0.264,0.047,0.267,0.267,81.7
695681,Christian Moore,LAA,L,361,0.54,0.298,47.0,0.238,0.298,0.286,0.584,0.266,0.29,0.298,0.085,0.311,0.5,93.0
695681,Christian Moore,LAA,R,960,0.467,0.257,83.0,0.141,0.193,0.218,0.411,0.198,0.198,0.361,0.048,0.31,0.319,85.5
543877,Christian Vázquez,HOU,L,489,0.46,0.3,63.0,0.211,0.246,0.333,0.579,0.259,0.246,0.19,0.048,0.161,0.229,83.0
543877,Christian Vázquez,HOU,R,1361,0.453,0.322,199.0,0.203,0.26,0.319,0.579,0.27,0.229,0.196,0.07,0.186,0.222,83.5
572233,Christian Walker,HOU,L,1082,0.499,0.277,141.0,0.205,0.333,0.393,0.726,0.342,0.308,0.206,0.135,0.271,0.352,87.7
572233,Christian Walker,HOU,R,3861,0.517,0.306,476.0,0.224,0.277,0.412,0.689,0.312,0.295,0.244,0.057,0.266,0.417,89.2
592885,Christian Yelich,MIL,L,1376,0.45,0.258,130.0,0.212,0.279,0.331,0.61,0.274,0.287,0.262,0.085,0.217,0.376,85.3
592885,Christian Yelich,MIL,R,3301,0.449,0.246,359.0,0.241,0.315,0.395,0.71,0.325,0.316,0.27,0.089,0.299,0.455,89.4
666624,Christopher Morel,NYM,L,786,0.528,0.314,42.0,0.171,0.19,0.195,0.386,0.175,0.18,0.381,0.024,0.351,0.4,86.6
666624,Christopher Morel,NYM,R,761,0.526,0.323,60.0,0.185,0.267,0.296,0.563,0.275,0.245,0.3,0.083,0.295,0.4,88.4
642020,Chuckie Robinson,LAD,L,29,0.517,0.2,,,,,,,,,,,,
642020,Chuckie Robinson,LAD,R,65,0.585,0.292,17.0,0.133,0.133,0.133,0.267,0.147,0.161,0.235,0.0,0.289,0.154,74.7
682928,Cj Abrams,WSH,L,1484,0.521,0.4,201.0,0.234,0.274,0.436,0.71,0.314,0.277,0.313,0.05,0.311,0.339,87.5
682928,Cj Abrams,WSH,R,3331,0.5,0.324,440.0,0.274,0.359,0.527,0.887,0.39,0.358,0.209,0.095,0.257,0.435,90.5
692216,Cj Kayfus,CLE,L,69,0.609,0.515,,,,,,,,,,,,
692216,Cj Kayfus,CLE,R,532,0.523,0.275,22.0,0.211,0.318,0.421,0.739,0.325,0.345,0.273,0.091,0.294,0.538,93.4
691723,Coby Mayo,BAL,L,1024,0.462,0.28,160.0,0.312,0.381,0.708,1.09,0.453,0.437,0.256,0.088,0.261,0.505,92.5
691723,Coby Mayo,BAL,R,1933,0.46,0.314,284.0,0.177,0.243,0.327,0.57,0.261,0.282,0.324,0.07,0.294,0.458,90.6
641355,Cody Bellinger,NYY,L,1409,0.464,0.284,196.0,0.28,0.337,0.434,0.771,0.344,0.311,0.143,0.087,0.15,0.325,88.0
641355,Cody Bellinger,NYY,R,3265,0.481,0.308,356.0,0.264,0.348,0.441,0.789,0.352,0.352,0.166,0.118,0.197,0.405,89.8
683227,Cody Freeman,TEX,L,376,0.452,0.344,46.0,0.316,0.395,0.447,0.843,0.409,0.25,0.152,0.087,0.173,0.229,79.3
683227,Cody Freeman,TEX,R,509,0.426,0.296,45.0,0.19,0.244,0.214,0.459,0.214,0.219,0.133,0.067,0.114,0.222,80.6
687515,Colby Thomas,ATH,L,642,0.573,0.386,104.0,0.227,0.265,0.381,0.646,0.295,0.268,0.288,0.038,0.307,0.333,88.2
687515,Colby Thomas,ATH,R,281,0.626,0.479,17.0,0.059,0.059,0.059,0.118,0.053,0.127,0.412,0.0,0.35,0.4,85.8
694249,Cole Carrigg,COL,L,541,0.591,0.454,144.0,0.281,0.296,0.452,0.748,0.333,0.285,0.264,0.028,0.238,0.406,87.2
694249,Cole Carrigg,COL,R,841,0.472,0.299,211.0,0.257,0.351,0.454,0.804,0.353,0.327,0.218,0.104,0.224,0.343,86.4
702284,Cole Young,SEA,L,1071,0.469,0.279,208.0,0.222,0.284,0.312,0.596,0.274,0.288,0.202,0.053,0.195,0.358,86.6
702284,Cole Young,SEA,R,2329,0.468,0.288,417.0,0.253,0.315,0.413,0.728,0.327,0.324,0.156,0.067,0.161,0.389,88.7
805672,Collin Price,HOU,R,43,0.512,0.333,11.0,0.1,0.182,0.2,0.382,0.177,0.276,0.455,0.091,0.5,0.6,96.7
695657,Colson Montgomery,CWS,L,975,0.531,0.322,191.0,0.246,0.325,0.48,0.804,0.352,0.321,0.298,0.068,0.312,0.36,86.3
695657,Colson Montgomery,CWS,R,2531,0.5,0.316,432.0,0.182,0.266,0.382,0.648,0.297,0.29,0.377,0.088,0.353,0.439,89.7
806068,Colt Emerson,SEA,L,318,0.494,0.335,81.0,0.187,0.247,0.347,0.594,0.276,0.287,0.346,0.049,0.287,0.283,84.7
806068,Colt Emerson,SEA,R,646,0.551,0.405,161.0,0.19,0.244,0.327,0.57,0.252,0.228,0.342,0.068,0.315,0.326,86.2
690993,Colt Keith,DET,L,272,0.419,0.25,25.0,0.125,0.16,0.125,0.285,0.172,0.236,0.16,0.0,0.222,0.25,76.8
690993,Colt Keith,DET,R,3169,0.445,0.25,397.0,0.267,0.332,0.426,0.759,0.335,0.339,0.202,0.081,0.193,0.433,89.6
681297,Colton Cowser,BAL,L,653,0.406,0.264,65.0,0.158,0.234,0.211,0.445,0.212,0.191,0.431,0.092,0.347,0.258,80.6
681297,Colton Cowser,BAL,R,2491,0.438,0.27,323.0,0.235,0.328,0.395,0.723,0.328,0.336,0.288,0.121,0.298,0.429,87.9
656582,Connor Joe,SEA,L,272,0.408,0.236,26.0,0.136,0.269,0.318,0.587,0.302,0.344,0.346,0.154,0.292,0.538,93.5
656582,Connor Joe,SEA,R,272,0.401,0.195,19.0,0.235,0.316,0.294,0.61,0.282,0.328,0.316,0.105,0.189,0.364,91.4
681393,Connor Norby,COL,L,943,0.487,0.259,130.0,0.226,0.369,0.34,0.709,0.352,0.325,0.254,0.154,0.236,0.333,85.3
681393,Connor Norby,COL,R,1739,0.542,0.323,242.0,0.247,0.322,0.391,0.713,0.319,0.293,0.302,0.079,0.287,0.368,88.2
657136,Connor Wong,BOS,L,448,0.451,0.262,69.0,0.258,0.313,0.419,0.733,0.328,0.332,0.159,0.058,0.188,0.377,82.1
657136,Connor Wong,BOS,R,1183,0.484,0.343,165.0,0.222,0.307,0.312,0.619,0.292,0.263,0.279,0.079,0.252,0.34,84.1
694876,Cooper Ingle,CLE,R,94,0.426,0.265,20.0,0.118,0.25,0.118,0.368,0.195,0.207,0.5,0.15,0.2,0.571,92.5
806198,Cooper Pratt,MIL,L,259,0.463,0.321,67.0,0.218,0.292,0.309,0.601,0.289,0.281,0.224,0.09,0.208,0.196,80.5
806198,Cooper Pratt,MIL,R,730,0.456,0.291,183.0,0.302,0.368,0.39,0.758,0.348,0.327,0.169,0.098,0.183,0.311,87.4
682998,Corbin Carroll,AZ,L,1522,0.448,0.279,204.0,0.312,0.402,0.562,0.964,0.421,0.357,0.216,0.113,0.244,0.5,91.1
682998,Corbin Carroll,AZ,R,3573,0.477,0.316,443.0,0.209,0.293,0.436,0.729,0.321,0.339,0.233,0.102,0.251,0.478,92.2
667452,Corey Julks,DET,L,54,0.519,0.28,,,,,,,,,,,,
667452,Corey Julks,DET,R,21,0.381,0.222,,,,,,,,,,,,
608369,Corey Seager,TEX,L,1105,0.52,0.283,143.0,0.252,0.329,0.441,0.77,0.342,0.339,0.266,0.091,0.312,0.478,91.5
608369,Corey Seager,TEX,R,2161,0.491,0.243,275.0,0.21,0.295,0.399,0.694,0.317,0.351,0.222,0.102,0.292,0.475,91.7
665506,Cristian Pache,NYM,L,20,0.4,0.3,,,,,,,,,,,,
665506,Cristian Pache,NYM,R,22,0.545,0.25,,,,,,,,,,,,
678554,Curtis Mead,BOS,L,1077,0.436,0.229,141.0,0.276,0.369,0.528,0.897,0.389,0.382,0.191,0.113,0.15,0.427,87.9
678554,Curtis Mead,BOS,R,1345,0.436,0.286,187.0,0.23,0.337,0.472,0.809,0.363,0.34,0.193,0.123,0.174,0.421,88.1
693409,César Prieto,STL,R,122,0.525,0.423,32.0,0.065,0.094,0.065,0.158,0.078,0.277,0.125,0.031,0.188,0.296,86.8
663967,César Salazar,HOU,L,45,0.578,0.333,,,,,,,,,,,,
663967,César Salazar,HOU,R,98,0.429,0.25,17.0,0.0,0.235,0.0,0.235,0.165,0.338,0.176,0.176,0.133,0.3,85.6
687221,Dalton Rushing,LAD,L,383,0.465,0.246,66.0,0.22,0.303,0.356,0.659,0.295,0.285,0.288,0.076,0.264,0.4,85.6
687221,Dalton Rushing,LAD,R,1157,0.478,0.271,184.0,0.259,0.342,0.506,0.849,0.369,0.355,0.293,0.098,0.307,0.459,89.9
667472,Dane Myers,CIN,L,1029,0.418,0.193,141.0,0.268,0.355,0.431,0.786,0.352,0.332,0.234,0.106,0.178,0.421,89.4
667472,Dane Myers,CIN,R,1599,0.449,0.279,187.0,0.252,0.342,0.344,0.686,0.327,0.292,0.262,0.118,0.206,0.316,85.7
669288,Daniel Johnson,HOU,L,31,0.581,0.438,,,,,,,,,,,,
669288,Daniel Johnson,HOU,R,232,0.478,0.304,13.0,0.091,0.231,0.091,0.322,0.177,0.305,0.231,0.154,0.211,0.5,91.1
682177,Daniel Schneemann,CLE,L,502,0.428,0.263,64.0,0.232,0.328,0.393,0.721,0.321,0.271,0.281,0.125,0.333,0.395,86.0
682177,Daniel Schneemann,CLE,R,2295,0.478,0.295,218.0,0.198,0.257,0.297,0.554,0.254,0.29,0.303,0.073,0.286,0.368,88.4
691740,Daniel Susac,SF,L,191,0.534,0.394,50.0,0.34,0.38,0.532,0.912,0.395,0.369,0.16,0.06,0.265,0.436,88.2
691740,Daniel Susac,SF,R,400,0.545,0.411,111.0,0.196,0.248,0.299,0.547,0.253,0.263,0.252,0.045,0.216,0.267,83.7
643376,Danny Jansen,TEX,L,775,0.439,0.215,60.0,0.18,0.293,0.34,0.633,0.293,0.265,0.3,0.1,0.272,0.235,82.9
643376,Danny Jansen,TEX,R,1416,0.438,0.208,152.0,0.203,0.293,0.361,0.654,0.3,0.27,0.224,0.072,0.216,0.366,86.8
621020,Dansby Swanson,CHC,L,1038,0.502,0.266,136.0,0.244,0.289,0.463,0.752,0.345,0.28,0.287,0.066,0.328,0.43,89.9
621020,Dansby Swanson,CHC,R,3302,0.485,0.255,339.0,0.203,0.304,0.38,0.683,0.322,0.316,0.212,0.121,0.274,0.407,89.1
687231,Darell Hernaiz,ATH,L,447,0.492,0.353,58.0,0.25,0.328,0.308,0.635,0.293,0.272,0.19,0.103,0.211,0.293,84.7
687231,Darell Hernaiz,ATH,R,885,0.511,0.324,99.0,0.224,0.309,0.259,0.568,0.271,0.256,0.202,0.101,0.234,0.265,84.1
680577,Dashawn Keirsey,ATL,L,91,0.473,0.319,,,,,,,,,,,,
680577,Dashawn Keirsey,ATL,R,258,0.516,0.254,,,,,,,,,,,,
662139,Daulton Varsho,HOU,L,727,0.519,0.338,135.0,0.222,0.274,0.341,0.615,0.293,0.268,0.2,0.052,0.162,0.313,83.8
662139,Daulton Varsho,HOU,R,2270,0.535,0.349,392.0,0.219,0.278,0.357,0.635,0.294,0.288,0.204,0.077,0.203,0.384,86.9
681807,David Fry,CLE,L,1114,0.459,0.282,138.0,0.168,0.319,0.301,0.62,0.29,0.273,0.312,0.167,0.247,0.386,86.4
681807,David Fry,CLE,R,389,0.499,0.354,63.0,0.237,0.286,0.441,0.726,0.34,0.243,0.222,0.063,0.33,0.244,83.1
666152,David Hamilton,MIL,L,350,0.42,0.287,76.0,0.235,0.288,0.309,0.596,0.29,0.238,0.263,0.053,0.252,0.157,75.8
666152,David Hamilton,MIL,R,1905,0.433,0.272,299.0,0.24,0.314,0.332,0.646,0.307,0.28,0.214,0.094,0.191,0.3,80.7
676914,Davis Schneider,TOR,L,961,0.418,0.211,80.0,0.113,0.3,0.242,0.542,0.264,0.263,0.388,0.212,0.284,0.364,87.5
676914,Davis Schneider,TOR,R,721,0.398,0.201,68.0,0.193,0.313,0.421,0.734,0.339,0.301,0.265,0.147,0.275,0.5,86.8
673995,Davis Wendzel,PIT,L,17,0.647,0.4,,,,,,,,,,,,
695734,Daylen Lile,WSH,L,925,0.562,0.385,176.0,0.23,0.278,0.311,0.589,0.287,0.26,0.233,0.051,0.254,0.339,86.3
695734,Daylen Lile,WSH,R,2744,0.533,0.331,466.0,0.252,0.3,0.477,0.777,0.34,0.351,0.18,0.06,0.199,0.389,89.2
663662,Daz Cameron,TOR,L,199,0.543,0.329,21.0,0.15,0.143,0.35,0.493,0.198,0.259,0.286,0.0,0.214,0.333,84.3
663662,Daz Cameron,TOR,R,55,0.491,0.192,,,,,,,,,,,,
672016,Denzel Clarke,ATH,L,298,0.426,0.235,36.0,0.156,0.229,0.188,0.416,0.204,0.232,0.25,0.083,0.273,0.36,85.5
672016,Denzel Clarke,ATH,R,671,0.449,0.29,46.0,0.128,0.227,0.128,0.355,0.191,0.19,0.413,0.109,0.347,0.364,80.5
694203,Denzer Guzman,LAA,L,443,0.515,0.329,101.0,0.185,0.257,0.413,0.67,0.292,0.287,0.277,0.089,0.291,0.349,85.6
694203,Denzer Guzman,LAA,R,823,0.532,0.307,190.0,0.239,0.271,0.306,0.577,0.273,0.257,0.237,0.037,0.209,0.348,86.7
656537,Derek Hill,PHI,L,765,0.52,0.329,137.0,0.252,0.291,0.496,0.787,0.34,0.282,0.314,0.051,0.314,0.356,83.7
656537,Derek Hill,PHI,R,643,0.504,0.389,77.0,0.214,0.286,0.343,0.629,0.305,0.299,0.338,0.078,0.295,0.289,85.9
691277,Deyvison De Los Santos,MIA,L,65,0.523,0.535,15.0,0.267,0.267,0.4,0.667,0.287,0.249,0.333,0.0,0.382,0.3,80.1
691277,Deyvison De Los Santos,MIA,R,53,0.453,0.28,13.0,0.083,0.154,0.083,0.237,0.123,0.083,0.308,0.0,0.167,0.0,85.6
693307,Dillon Dingler,DET,L,1242,0.473,0.31,188.0,0.211,0.266,0.333,0.599,0.269,0.295,0.277,0.064,0.215,0.434,89.1
693307,Dillon Dingler,DET,R,2875,0.486,0.328,409.0,0.258,0.32,0.503,0.823,0.364,0.364,0.208,0.054,0.198,0.427,88.5
686527,Dominic Canzone,SEA,L,818,0.421,0.286,134.0,0.27,0.388,0.468,0.857,0.382,0.362,0.194,0.142,0.238,0.412,88.3
686527,Dominic Canzone,SEA,R,2155,0.513,0.38,379.0,0.259,0.309,0.484,0.793,0.343,0.354,0.214,0.063,0.251,0.461,92.0
642086,Dominic Smith,ATL,L,225,0.453,0.266,37.0,0.156,0.25,0.188,0.438,0.243,0.21,0.135,0.108,0.127,0.179,78.2
642086,Dominic Smith,ATL,R,1760,0.493,0.327,255.0,0.268,0.318,0.403,0.72,0.321,0.308,0.161,0.067,0.201,0.344,88.7
622268,Donovan Walton,ATH,L,67,0.612,0.412,20.0,0.118,0.167,0.294,0.461,0.222,0.22,0.1,0.05,0.256,0.294,75.6
622268,Donovan Walton,ATH,R,937,0.501,0.277,235.0,0.282,0.383,0.48,0.863,0.378,0.335,0.17,0.111,0.237,0.327,86.8
686948,Drake Baldwin,ATL,L,1161,0.491,0.313,222.0,0.238,0.306,0.371,0.678,0.309,0.336,0.221,0.077,0.225,0.484,90.1
686948,Drake Baldwin,ATL,R,2929,0.507,0.323,379.0,0.307,0.383,0.501,0.884,0.391,0.384,0.216,0.095,0.236,0.51,92.0
701852,Drew Cavanaugh,SF,L,70,0.386,0.156,16.0,0.154,0.267,0.154,0.421,0.227,0.217,0.5,0.125,0.37,0.143,75.3
701852,Drew Cavanaugh,SF,R,563,0.471,0.283,142.0,0.228,0.317,0.276,0.593,0.282,0.311,0.275,0.113,0.223,0.284,82.8
687551,Drew Gilbert,SF,L,280,0.446,0.329,49.0,0.068,0.146,0.068,0.214,0.119,0.191,0.327,0.061,0.272,0.207,78.0
687551,Drew Gilbert,SF,R,1680,0.42,0.228,337.0,0.266,0.351,0.447,0.798,0.368,0.352,0.16,0.095,0.188,0.395,87.0
686452,Drew Millas,WSH,L,144,0.431,0.211,20.0,0.188,0.35,0.188,0.538,0.32,0.246,0.45,0.2,0.27,0.143,81.5
686452,Drew Millas,WSH,R,650,0.452,0.264,130.0,0.184,0.266,0.272,0.538,0.273,0.269,0.215,0.077,0.204,0.225,81.4
691011,Drew Romo,CWS,L,150,0.487,0.337,38.0,0.129,0.27,0.29,0.561,0.265,0.267,0.211,0.158,0.206,0.208,81.3
691011,Drew Romo,CWS,R,591,0.516,0.358,165.0,0.144,0.232,0.288,0.519,0.247,0.261,0.236,0.085,0.307,0.275,83.3
687957,Dustin Harris,SD,L,87,0.46,0.367,21.0,0.267,0.4,0.267,0.667,0.33,0.334,0.19,0.095,0.189,0.077,72.0
687957,Dustin Harris,SD,R,564,0.498,0.318,113.0,0.294,0.348,0.392,0.74,0.338,0.309,0.124,0.071,0.184,0.211,83.9
687637,Dylan Beavers,BAL,L,401,0.374,0.195,68.0,0.23,0.284,0.279,0.562,0.259,0.22,0.265,0.074,0.213,0.222,80.7
687637,Dylan Beavers,BAL,R,1675,0.407,0.228,283.0,0.228,0.307,0.378,0.685,0.315,0.311,0.272,0.095,0.224,0.424,89.2
666185,Dylan Carlson,CHC,L,296,0.483,0.188,,,,,,,,,,,,
666185,Dylan Carlson,CHC,R,745,0.432,0.191,,,,,,,,,,,,
686611,Dylan Crews,WSH,L,776,0.483,0.27,137.0,0.266,0.336,0.468,0.804,0.349,0.356,0.204,0.088,0.251,0.385,90.0
686611,Dylan Crews,WSH,R,1957,0.508,0.327,291.0,0.202,0.265,0.322,0.587,0.274,0.299,0.254,0.055,0.287,0.449,89.9
664238,Dylan Moore,PHI,L,652,0.457,0.24,12.0,0.0,0.25,0.0,0.25,0.175,0.283,0.333,0.25,0.231,0.4,92.4
664238,Dylan Moore,PHI,R,441,0.51,0.262,,,,,,,,,,,,
678760,Eddys Leonard,SF,L,25,0.56,0.273,,,,,,,,,,,,
700337,Edgar Quero,CWS,L,848,0.468,0.231,90.0,0.158,0.244,0.276,0.521,0.234,0.284,0.167,0.089,0.119,0.379,87.9
700337,Edgar Quero,CWS,R,1573,0.475,0.206,125.0,0.239,0.317,0.248,0.565,0.285,0.28,0.216,0.08,0.219,0.4,91.2
624641,Edmundo Sosa,PHI,L,938,0.584,0.481,138.0,0.288,0.341,0.488,0.829,0.387,0.34,0.203,0.051,0.246,0.449,89.0
624641,Edmundo Sosa,PHI,R,883,0.592,0.498,104.0,0.19,0.204,0.32,0.524,0.233,0.32,0.221,0.0,0.25,0.333,86.0
666397,Edouard Julien,COL,L,298,0.356,0.208,26.0,0.143,0.308,0.143,0.451,0.238,0.3,0.346,0.192,0.257,0.5,89.1
666397,Edouard Julien,COL,R,1717,0.414,0.189,250.0,0.214,0.324,0.307,0.631,0.303,0.342,0.248,0.136,0.217,0.497,90.5
680664,Eduardo Valencia,DET,L,225,0.564,0.412,54.0,0.302,0.315,0.642,0.956,0.417,0.305,0.37,0.0,0.283,0.394,90.7
680664,Eduardo Valencia,DET,R,242,0.533,0.316,70.0,0.364,0.4,0.561,0.961,0.425,0.391,0.129,0.043,0.202,0.518,88.6
695490,Edwin Arroyo,CIN,L,141,0.589,0.5,43.0,0.244,0.256,0.317,0.573,0.271,0.294,0.256,0.023,0.265,0.419,89.1
695490,Edwin Arroyo,CIN,R,433,0.557,0.348,114.0,0.221,0.277,0.25,0.527,0.264,0.29,0.237,0.044,0.232,0.22,84.8
642201,Eli White,BOS,L,843,0.529,0.302,116.0,0.229,0.293,0.39,0.684,0.331,0.267,0.276,0.078,0.286,0.32,86.8
642201,Eli White,BOS,R,962,0.519,0.312,87.0,0.271,0.287,0.412,0.699,0.334,0.272,0.149,0.023,0.177,0.264,81.3
672613,Eliezer Alfonzo,LAD,L,42,0.571,0.278,14.0,0.214,0.214,0.214,0.429,0.193,0.268,0.071,0.0,0.125,0.462,90.0
672613,Eliezer Alfonzo,LAD,R,52,0.519,0.379,14.0,0.143,0.143,0.286,0.429,0.179,0.161,0.143,0.0,0.111,0.167,88.5
682829,Elly De La Cruz,CIN,L,1557,0.443,0.281,180.0,0.333,0.4,0.616,1.016,0.434,0.361,0.283,0.1,0.258,0.526,95.4
682829,Elly De La Cruz,CIN,R,3722,0.421,0.264,429.0,0.265,0.352,0.48,0.832,0.371,0.381,0.275,0.117,0.268,0.544,94.4
650391,Eloy Jiménez,TOR,L,46,0.478,0.269,13.0,0.231,0.231,0.231,0.462,0.208,0.177,0.154,0.0,0.227,0.455,86.1
650391,Eloy Jiménez,TOR,R,84,0.536,0.453,22.0,0.333,0.409,0.333,0.742,0.341,0.303,0.227,0.136,0.333,0.429,91.7
553869,Elías Díaz,TEX,L,724,0.564,0.388,101.0,0.253,0.27,0.516,0.786,0.342,0.312,0.218,0.03,0.237,0.434,89.1
553869,Elías Díaz,TEX,R,1246,0.51,0.308,131.0,0.218,0.258,0.294,0.552,0.251,0.23,0.267,0.038,0.291,0.371,84.7
682848,Endy Rodríguez,PIT,L,166,0.428,0.295,28.0,0.13,0.286,0.261,0.547,0.261,0.298,0.357,0.179,0.288,0.308,89.3
682848,Endy Rodríguez,PIT,R,653,0.452,0.229,131.0,0.292,0.389,0.504,0.894,0.395,0.347,0.237,0.137,0.208,0.494,92.2
571771,Enrique Hernández,LAD,L,603,0.522,0.321,54.0,0.18,0.241,0.34,0.581,0.256,0.272,0.333,0.074,0.274,0.375,88.8
571771,Enrique Hernández,LAD,R,708,0.503,0.327,33.0,0.29,0.333,0.452,0.785,0.342,0.276,0.273,0.061,0.208,0.455,88.3
606992,Eric Haase,SF,L,226,0.442,0.31,29.0,0.125,0.276,0.208,0.484,0.246,0.289,0.31,0.138,0.306,0.143,83.5
606992,Eric Haase,SF,R,432,0.491,0.35,56.0,0.176,0.208,0.431,0.639,0.28,0.262,0.339,0.036,0.371,0.343,81.5
676572,Eric Wagaman,NYM,L,868,0.424,0.238,44.0,0.231,0.318,0.385,0.703,0.321,0.332,0.227,0.091,0.28,0.286,84.2
676572,Eric Wagaman,NYM,R,1309,0.468,0.274,,,,,,,,,,,,
676391,Ernie Clement,TOR,L,1233,0.572,0.424,198.0,0.246,0.278,0.358,0.636,0.294,0.27,0.091,0.04,0.132,0.222,84.3
676391,Ernie Clement,TOR,R,2532,0.545,0.396,413.0,0.272,0.295,0.377,0.672,0.303,0.254,0.094,0.034,0.143,0.198,83.6
699013,Esmerlyn Valdez,PIT,L,502,0.394,0.205,111.0,0.233,0.378,0.633,1.012,0.428,0.37,0.342,0.189,0.369,0.596,95.9
699013,Esmerlyn Valdez,PIT,R,765,0.425,0.213,176.0,0.232,0.324,0.437,0.761,0.336,0.309,0.398,0.119,0.357,0.429,89.4
665923,Esteury Ruiz,MIA,L,571,0.475,0.318,117.0,0.224,0.342,0.429,0.77,0.338,0.282,0.333,0.12,0.342,0.317,83.2
665923,Esteury Ruiz,MIA,R,495,0.467,0.311,127.0,0.213,0.32,0.324,0.644,0.318,0.27,0.307,0.079,0.243,0.186,76.7
553993,Eugenio Suárez,CIN,L,1342,0.444,0.273,126.0,0.184,0.333,0.388,0.722,0.33,0.319,0.357,0.175,0.346,0.368,89.8
553993,Eugenio Suárez,CIN,R,3273,0.498,0.311,355.0,0.218,0.296,0.443,0.739,0.326,0.291,0.335,0.082,0.298,0.351,88.1
694497,Evan Carter,TEX,L,399,0.378,0.222,76.0,0.121,0.183,0.121,0.304,0.175,0.158,0.355,0.066,0.31,0.182,69.4
694497,Evan Carter,TEX,R,2224,0.424,0.205,369.0,0.208,0.307,0.353,0.66,0.303,0.3,0.23,0.111,0.251,0.378,86.5
677592,Everson Pereira,STL,L,331,0.468,0.287,44.0,0.27,0.372,0.459,0.832,0.371,0.291,0.386,0.091,0.38,0.333,86.7
677592,Everson Pereira,STL,R,380,0.537,0.335,67.0,0.213,0.269,0.426,0.695,0.297,0.303,0.299,0.03,0.338,0.452,88.3
677649,Ezequiel Duran,TEX,L,1023,0.488,0.33,162.0,0.292,0.395,0.438,0.833,0.384,0.342,0.216,0.136,0.224,0.451,90.8
677649,Ezequiel Duran,TEX,R,2071,0.529,0.37,418.0,0.249,0.293,0.42,0.712,0.319,0.287,0.242,0.055,0.245,0.361,86.7
678662,Ezequiel Tovar,COL,L,1010,0.586,0.394,161.0,0.192,0.256,0.308,0.564,0.255,0.253,0.311,0.075,0.269,0.299,85.6
678662,Ezequiel Tovar,COL,R,2290,0.612,0.436,332.0,0.229,0.266,0.363,0.629,0.286,0.294,0.226,0.051,0.26,0.34,85.7
694025,Felix Reyes,PHI,L,67,0.597,0.5,22.0,0.182,0.182,0.318,0.5,0.224,0.285,0.227,0.0,0.25,0.375,92.0
694025,Felix Reyes,PHI,R,51,0.569,0.562,17.0,0.118,0.118,0.176,0.294,0.126,0.168,0.235,0.0,0.276,0.154,85.7
665487,Fernando Tatís,SD,L,1356,0.432,0.222,160.0,0.302,0.394,0.576,0.969,0.425,0.398,0.181,0.131,0.238,0.495,89.9
665487,Fernando Tatís,SD,R,3818,0.461,0.265,529.0,0.281,0.335,0.435,0.771,0.353,0.374,0.187,0.066,0.233,0.548,92.9
596019,Francisco Lindor,NYM,L,1490,0.468,0.306,142.0,0.19,0.282,0.349,0.631,0.301,0.318,0.148,0.113,0.192,0.429,89.9
596019,Francisco Lindor,NYM,R,3360,0.467,0.267,307.0,0.241,0.322,0.456,0.779,0.338,0.338,0.225,0.091,0.241,0.524,91.8
682626,Francisco Álvarez,NYM,L,784,0.444,0.295,117.0,0.212,0.299,0.317,0.616,0.295,0.328,0.333,0.103,0.33,0.469,91.2
682626,Francisco Álvarez,NYM,R,2055,0.46,0.306,295.0,0.244,0.315,0.436,0.751,0.338,0.323,0.295,0.085,0.308,0.478,90.5
518692,Freddie Freeman,LAD,L,1527,0.521,0.297,213.0,0.249,0.315,0.363,0.677,0.303,0.333,0.207,0.08,0.244,0.384,88.6
518692,Freddie Freeman,LAD,R,3564,0.498,0.285,429.0,0.313,0.387,0.473,0.86,0.377,0.382,0.154,0.107,0.198,0.424,89.8
666023,Freddy Fermin,SD,L,700,0.506,0.308,73.0,0.164,0.222,0.299,0.521,0.247,0.267,0.192,0.068,0.217,0.389,88.4
666023,Freddy Fermin,SD,R,1686,0.518,0.319,187.0,0.21,0.288,0.309,0.597,0.294,0.272,0.214,0.086,0.257,0.254,84.3
672356,Gabriel Arias,CHC,L,738,0.58,0.394,50.0,0.122,0.14,0.122,0.262,0.133,0.184,0.5,0.02,0.525,0.348,88.5
672356,Gabriel Arias,CHC,R,1617,0.549,0.385,96.0,0.311,0.354,0.511,0.865,0.374,0.322,0.365,0.062,0.407,0.464,90.0
694224,Gabriel Gonzalez,MIN,L,25,0.48,0.188,,,,,,,,,,,,
694224,Gabriel Gonzalez,MIN,R,18,0.611,0.455,,,,,,,,,,,,
672515,Gabriel Moreno,AZ,L,975,0.44,0.309,146.0,0.281,0.336,0.445,0.781,0.348,0.374,0.144,0.089,0.143,0.478,89.8
672515,Gabriel Moreno,AZ,R,2689,0.414,0.266,389.0,0.321,0.406,0.498,0.905,0.397,0.358,0.147,0.118,0.135,0.389,88.9
687282,Gabriel Rincones,PHI,L,20,0.7,0.786,,,,,,,,,,,,
687282,Gabriel Rincones,PHI,R,324,0.568,0.439,81.0,0.171,0.21,0.303,0.513,0.235,0.208,0.346,0.025,0.283,0.365,90.4
669398,Gage Workman,SD,R,200,0.595,0.419,41.0,0.171,0.171,0.415,0.585,0.241,0.299,0.415,0.0,0.311,0.458,94.1
669003,Garrett Mitchell,MIL,L,589,0.411,0.193,126.0,0.238,0.347,0.333,0.68,0.321,0.327,0.294,0.111,0.302,0.451,89.3
669003,Garrett Mitchell,MIL,R,1792,0.444,0.238,391.0,0.267,0.348,0.443,0.79,0.357,0.36,0.32,0.105,0.338,0.55,93.8
596117,Garrett Stubbs,PHI,L,33,0.515,0.375,,,,,,,,,,,,
596117,Garrett Stubbs,PHI,R,199,0.528,0.383,55.0,0.157,0.2,0.157,0.357,0.185,0.203,0.2,0.018,0.171,0.244,82.4
596142,Gary Sánchez,MIL,L,673,0.379,0.267,118.0,0.237,0.364,0.443,0.808,0.356,0.349,0.178,0.161,0.28,0.39,87.7
596142,Gary Sánchez,MIL,R,850,0.374,0.196,146.0,0.185,0.336,0.395,0.731,0.329,0.337,0.226,0.171,0.243,0.321,87.8
657757,Gavin Sheets,SD,L,887,0.459,0.306,72.0,0.167,0.236,0.212,0.448,0.213,0.247,0.278,0.083,0.243,0.444,88.9
657757,Gavin Sheets,SD,R,3172,0.433,0.312,342.0,0.219,0.327,0.425,0.752,0.331,0.331,0.187,0.126,0.175,0.376,87.1
806146,George Lombard,NYY,L,110,0.491,0.279,25.0,0.286,0.36,0.524,0.884,0.372,0.38,0.28,0.12,0.241,0.267,83.5
806146,George Lombard,NYY,R,514,0.447,0.259,132.0,0.23,0.275,0.377,0.652,0.287,0.272,0.265,0.053,0.243,0.356,85.5
543807,George Springer,TOR,L,1179,0.478,0.218,154.0,0.212,0.286,0.372,0.658,0.299,0.281,0.188,0.084,0.207,0.376,88.4
543807,George Springer,TOR,R,3142,0.468,0.232,356.0,0.265,0.337,0.417,0.755,0.347,0.315,0.177,0.096,0.217,0.384,88.6
671655,George Valera,CLE,L,24,0.542,0.462,,,,,,,,,,,,
671655,George Valera,CLE,R,299,0.465,0.272,36.0,0.229,0.25,0.314,0.564,0.274,0.204,0.194,0.028,0.172,0.357,90.2
672695,Geraldo Perdomo,AZ,L,1703,0.397,0.207,197.0,0.267,0.356,0.348,0.704,0.353,0.301,0.117,0.127,0.069,0.313,82.2
672695,Geraldo Perdomo,AZ,R,4113,0.382,0.193,461.0,0.255,0.367,0.377,0.743,0.344,0.337,0.13,0.141,0.123,0.311,86.8
519317,Giancarlo Stanton,NYY,L,465,0.404,0.263,30.0,0.154,0.267,0.385,0.651,0.315,0.288,0.333,0.133,0.377,0.5,93.5
519317,Giancarlo Stanton,NYY,R,1141,0.428,0.269,66.0,0.297,0.318,0.438,0.756,0.33,0.342,0.288,0.03,0.342,0.422,94.3
650402,Gleyber Torres,DET,L,1352,0.359,0.156,126.0,0.235,0.397,0.367,0.764,0.364,0.384,0.206,0.198,0.198,0.389,87.6
650402,Gleyber Torres,DET,R,3087,0.435,0.188,292.0,0.268,0.342,0.36,0.703,0.321,0.3,0.188,0.099,0.207,0.3,85.8
688363,Graham Pauley,MIA,L,146,0.432,0.227,10.0,0.125,0.125,0.125,0.25,0.25,0.053,0.3,0.0,0.333,0.143,67.2
688363,Graham Pauley,MIA,R,1146,0.481,0.303,140.0,0.215,0.264,0.392,0.657,0.297,0.255,0.243,0.057,0.205,0.268,85.0
687529,Grant Mccray,SF,L,126,0.452,0.288,24.0,0.238,0.333,0.286,0.619,0.29,0.323,0.292,0.125,0.319,0.357,82.2
687529,Grant Mccray,SF,R,361,0.424,0.254,66.0,0.107,0.206,0.268,0.474,0.243,0.283,0.303,0.106,0.351,0.289,81.9
675659,Greg Jones,MIL,L,27,0.556,0.286,,,,,,,,,,,,
675659,Greg Jones,MIL,R,63,0.54,0.423,17.0,0.062,0.062,0.062,0.125,0.069,0.135,0.412,0.0,0.357,0.3,77.8
665052,Griffin Conine,MIA,L,323,0.536,0.358,63.0,0.233,0.27,0.3,0.57,0.256,0.323,0.286,0.032,0.31,0.405,89.1
665052,Griffin Conine,MIA,R,1198,0.465,0.303,246.0,0.265,0.37,0.526,0.896,0.39,0.369,0.301,0.126,0.361,0.511,91.5
683002,Gunnar Henderson,BAL,L,1683,0.459,0.277,225.0,0.223,0.289,0.427,0.716,0.316,0.284,0.227,0.071,0.212,0.357,86.1
683002,Gunnar Henderson,BAL,R,3621,0.478,0.297,472.0,0.224,0.314,0.39,0.704,0.33,0.34,0.216,0.102,0.209,0.468,90.7
672569,Gustavo Campero,LAA,L,100,0.52,0.364,,,,,,,,,,,,
672569,Gustavo Campero,LAA,R,224,0.464,0.278,,,,,,,,,,,,
673490,Ha-Seong Kim,ATL,L,527,0.433,0.275,63.0,0.068,0.127,0.068,0.195,0.102,0.172,0.302,0.063,0.185,0.244,85.4
673490,Ha-Seong Kim,ATL,R,856,0.394,0.213,74.0,0.159,0.274,0.175,0.449,0.227,0.24,0.23,0.122,0.174,0.229,82.8
701678,Hao-Yu Lee,DET,L,534,0.489,0.267,143.0,0.263,0.303,0.429,0.731,0.318,0.314,0.245,0.056,0.241,0.46,91.5
701678,Hao-Yu Lee,DET,R,796,0.457,0.307,206.0,0.27,0.335,0.432,0.767,0.344,0.295,0.238,0.092,0.258,0.38,87.8
664056,Harrison Bader,SF,L,750,0.495,0.326,24.0,0.273,0.292,0.545,0.837,0.344,0.4,0.25,0.042,0.265,0.471,93.7
664056,Harrison Bader,SF,R,1613,0.485,0.341,87.0,0.143,0.172,0.31,0.482,0.217,0.237,0.322,0.034,0.309,0.393,87.9
695670,Harry Ford,WSH,L,263,0.441,0.216,55.0,0.261,0.382,0.435,0.817,0.363,0.294,0.291,0.164,0.255,0.333,82.8
695670,Harry Ford,WSH,R,279,0.419,0.177,60.0,0.115,0.233,0.25,0.483,0.26,0.282,0.2,0.117,0.243,0.333,85.7
663584,Hayden Senger,NYM,L,64,0.562,0.484,,,,,,,,,,,,
663584,Hayden Senger,NYM,R,244,0.549,0.376,16.0,0.133,0.133,0.333,0.467,0.207,0.181,0.25,0.0,0.242,0.25,71.5
671218,Heliot Ramos,NYY,L,1208,0.481,0.304,108.0,0.278,0.352,0.495,0.847,0.373,0.399,0.25,0.102,0.279,0.594,95.5
671218,Heliot Ramos,NYY,R,3163,0.488,0.314,318.0,0.228,0.28,0.378,0.657,0.299,0.303,0.283,0.053,0.254,0.452,91.1
703607,Henry Bolte,ATH,L,563,0.481,0.264,146.0,0.275,0.349,0.473,0.823,0.382,0.344,0.336,0.068,0.31,0.543,92.3
703607,Henry Bolte,ATH,R,1145,0.506,0.294,307.0,0.281,0.366,0.375,0.741,0.342,0.306,0.251,0.088,0.302,0.451,89.2
680779,Henry Davis,PIT,L,590,0.539,0.331,90.0,0.131,0.157,0.25,0.407,0.206,0.22,0.244,0.033,0.249,0.391,89.8
680779,Henry Davis,PIT,R,1573,0.528,0.325,202.0,0.186,0.32,0.341,0.661,0.31,0.324,0.188,0.124,0.228,0.415,87.2
681715,Heriberto Hernandez,MIA,L,1132,0.444,0.23,158.0,0.236,0.316,0.507,0.824,0.367,0.406,0.215,0.095,0.286,0.472,92.9
681715,Heriberto Hernandez,MIA,R,1967,0.452,0.227,329.0,0.223,0.313,0.402,0.715,0.333,0.32,0.292,0.109,0.314,0.469,90.3
677008,Heston Kjerstad,BAL,L,97,0.536,0.333,,,,,,,,,,,,
677008,Heston Kjerstad,BAL,R,590,0.571,0.393,19.0,0.211,0.211,0.263,0.474,0.208,0.205,0.474,0.0,0.297,0.2,82.5
676439,Hunter Feduccia,LAD,L,262,0.454,0.257,41.0,0.125,0.146,0.175,0.321,0.144,0.247,0.195,0.024,0.189,0.281,85.2
676439,Hunter Feduccia,LAD,R,1199,0.42,0.238,200.0,0.256,0.357,0.363,0.72,0.34,0.33,0.25,0.13,0.214,0.41,87.5
696100,Hunter Goodman,COL,L,1270,0.529,0.365,182.0,0.25,0.319,0.5,0.819,0.368,0.306,0.357,0.093,0.337,0.474,90.3
696100,Hunter Goodman,COL,R,2980,0.55,0.394,373.0,0.239,0.298,0.522,0.82,0.356,0.326,0.29,0.067,0.31,0.436,89.6
808975,Hyeseong Kim,LAD,L,146,0.548,0.431,15.0,0.071,0.133,0.071,0.205,0.107,0.155,0.333,0.067,0.188,0.111,83.4
808975,Hyeseong Kim,LAD,R,1029,0.479,0.312,116.0,0.282,0.345,0.359,0.704,0.322,0.324,0.224,0.095,0.257,0.269,86.0
699302,Héctor Rodríguez,CIN,L,151,0.536,0.382,40.0,0.175,0.175,0.25,0.425,0.185,0.179,0.35,0.0,0.309,0.385,87.4
699302,Héctor Rodríguez,CIN,R,348,0.563,0.431,96.0,0.227,0.292,0.42,0.712,0.327,0.272,0.24,0.073,0.26,0.308,87.2
664023,Ian Happ,CHC,L,1282,0.451,0.243,143.0,0.146,0.218,0.269,0.488,0.225,0.247,0.343,0.063,0.28,0.375,87.3
664023,Ian Happ,CHC,R,4090,0.427,0.218,482.0,0.241,0.353,0.456,0.809,0.369,0.334,0.282,0.139,0.273,0.432,89.7
545121,Ildemaro Vargas,AZ,L,741,0.509,0.377,170.0,0.319,0.341,0.497,0.838,0.381,0.341,0.088,0.035,0.134,0.354,87.0
545121,Ildemaro Vargas,AZ,R,1395,0.487,0.384,314.0,0.216,0.268,0.309,0.578,0.274,0.272,0.102,0.061,0.127,0.344,86.4
686555,Isaac Collins,KC,L,1128,0.453,0.245,154.0,0.2,0.283,0.304,0.587,0.277,0.274,0.208,0.084,0.196,0.333,85.0
686555,Isaac Collins,KC,R,2691,0.393,0.181,356.0,0.221,0.338,0.334,0.672,0.314,0.302,0.236,0.14,0.193,0.419,88.0
670623,Isaac Paredes,HOU,L,946,0.444,0.293,154.0,0.272,0.351,0.441,0.792,0.359,0.334,0.156,0.084,0.129,0.345,87.1
670623,Isaac Paredes,HOU,R,3837,0.42,0.238,486.0,0.258,0.36,0.44,0.8,0.361,0.319,0.126,0.111,0.145,0.276,85.6
643396,Isiah Kiner-Falefa,BOS,L,650,0.495,0.322,51.0,0.136,0.24,0.205,0.445,0.222,0.291,0.196,0.118,0.172,0.229,79.2
643396,Isiah Kiner-Falefa,BOS,R,1601,0.478,0.314,121.0,0.287,0.353,0.361,0.714,0.334,0.299,0.124,0.091,0.154,0.271,81.3
671155,Ivan Johnson,CIN,L,37,0.405,0.318,10.0,0.0,0.1,0.0,0.1,0.07,0.152,0.3,0.1,0.533,0.167,82.7
671155,Ivan Johnson,CIN,R,35,0.486,0.333,,,,,,,,,,,,
671056,Iván Herrera,STL,L,1440,0.42,0.245,212.0,0.254,0.392,0.399,0.79,0.369,0.373,0.156,0.151,0.194,0.416,89.7
671056,Iván Herrera,STL,R,3199,0.453,0.283,484.0,0.24,0.335,0.376,0.711,0.338,0.316,0.202,0.079,0.191,0.401,89.4
641555,J. C. Escarra,NYY,L,142,0.514,0.278,21.0,0.316,0.333,0.421,0.754,0.41,0.453,0.095,0.048,0.205,0.389,88.7
641555,J. C. Escarra,NYY,R,605,0.425,0.214,70.0,0.154,0.214,0.231,0.445,0.204,0.199,0.229,0.071,0.293,0.32,88.0
641487,J. P. Crawford,SEA,L,1512,0.386,0.179,154.0,0.23,0.373,0.287,0.659,0.315,0.321,0.175,0.156,0.135,0.26,83.0
641487,J. P. Crawford,SEA,R,3252,0.433,0.218,319.0,0.217,0.317,0.375,0.692,0.312,0.319,0.21,0.119,0.151,0.384,88.8
592663,J. T. Realmuto,PHI,L,1138,0.465,0.314,120.0,0.196,0.292,0.275,0.566,0.262,0.321,0.167,0.092,0.184,0.384,91.5
592663,J. T. Realmuto,PHI,R,2866,0.481,0.311,333.0,0.214,0.285,0.358,0.643,0.294,0.316,0.234,0.075,0.233,0.406,88.6
695506,Jac Caglianone,KC,L,810,0.541,0.44,166.0,0.245,0.277,0.428,0.705,0.31,0.287,0.295,0.012,0.296,0.445,89.4
695506,Jac Caglianone,KC,R,1975,0.531,0.372,372.0,0.3,0.358,0.512,0.869,0.385,0.388,0.247,0.078,0.266,0.586,94.8
690291,Jace Jung,DET,R,254,0.472,0.254,10.0,0.25,0.4,0.25,0.65,0.32,0.404,0.2,0.2,0.111,0.167,84.2
694192,Jackson Chourio,MIL,L,1173,0.465,0.325,161.0,0.32,0.366,0.547,0.913,0.411,0.351,0.217,0.068,0.224,0.469,91.7
694192,Jackson Chourio,MIL,R,3102,0.515,0.365,397.0,0.266,0.322,0.445,0.767,0.338,0.337,0.247,0.073,0.242,0.468,91.6
702616,Jackson Holliday,BAL,L,1037,0.436,0.23,91.0,0.232,0.308,0.317,0.625,0.298,0.289,0.275,0.099,0.253,0.268,85.2
702616,Jackson Holliday,BAL,R,2766,0.467,0.241,263.0,0.226,0.29,0.345,0.635,0.285,0.294,0.221,0.087,0.23,0.35,87.0
701538,Jackson Merrill,SD,L,1289,0.559,0.376,182.0,0.282,0.304,0.443,0.746,0.329,0.317,0.264,0.033,0.242,0.488,90.9
701538,Jackson Merrill,SD,R,2938,0.569,0.374,471.0,0.238,0.293,0.435,0.728,0.332,0.357,0.229,0.066,0.251,0.489,90.7
694378,Jacob Gonzalez,PIT,L,132,0.477,0.284,33.0,0.259,0.394,0.407,0.801,0.361,0.297,0.182,0.091,0.127,0.333,86.8
694378,Jacob Gonzalez,PIT,R,730,0.568,0.392,187.0,0.216,0.253,0.347,0.599,0.264,0.304,0.193,0.043,0.19,0.378,87.9
805779,Jacob Wilson,ATH,L,791,0.573,0.399,115.0,0.243,0.281,0.374,0.655,0.296,0.265,0.104,0.043,0.13,0.224,82.2
805779,Jacob Wilson,ATH,R,2085,0.502,0.35,219.0,0.276,0.306,0.395,0.701,0.333,0.291,0.123,0.032,0.129,0.303,84.2
696285,Jacob Young,WSH,L,1016,0.426,0.244,163.0,0.287,0.36,0.434,0.794,0.369,0.331,0.16,0.086,0.201,0.308,86.4
696285,Jacob Young,WSH,R,2062,0.427,0.259,300.0,0.229,0.292,0.365,0.657,0.307,0.309,0.167,0.063,0.194,0.318,86.5
663330,Jahmai Jones,BOS,L,1076,0.465,0.252,152.0,0.227,0.329,0.424,0.753,0.343,0.347,0.309,0.105,0.325,0.435,90.9
663330,Jahmai Jones,BOS,R,185,0.497,0.304,22.0,0.136,0.136,0.136,0.273,0.123,0.174,0.409,0.0,0.395,0.429,87.6
641343,Jake Bauers,MIL,L,711,0.436,0.24,151.0,0.254,0.371,0.516,0.887,0.381,0.354,0.232,0.152,0.223,0.4,88.9
641343,Jake Bauers,MIL,R,2537,0.4,0.204,404.0,0.266,0.391,0.473,0.864,0.388,0.383,0.282,0.163,0.298,0.575,93.6
669394,Jake Burger,TEX,L,1004,0.493,0.296,166.0,0.265,0.337,0.565,0.902,0.385,0.369,0.265,0.096,0.317,0.505,91.2
669394,Jake Burger,TEX,R,2587,0.526,0.395,435.0,0.22,0.294,0.373,0.668,0.301,0.297,0.271,0.09,0.332,0.446,89.8
630105,Jake Cronenworth,SD,L,1059,0.442,0.239,93.0,0.247,0.304,0.306,0.61,0.284,0.237,0.161,0.043,0.151,0.186,80.1
630105,Jake Cronenworth,SD,R,2807,0.432,0.254,320.0,0.216,0.302,0.322,0.623,0.295,0.283,0.238,0.1,0.205,0.325,86.7
641584,Jake Fraley,TB,L,94,0.351,0.111,10.0,0.3,0.3,0.4,0.7,0.305,0.254,0.4,0.0,0.118,0.167,76.0
641584,Jake Fraley,TB,R,1156,0.471,0.263,87.0,0.205,0.287,0.359,0.646,0.298,0.268,0.276,0.103,0.206,0.208,84.9
663968,Jake Mangum,PIT,L,887,0.581,0.427,131.0,0.271,0.331,0.364,0.695,0.318,0.287,0.198,0.046,0.195,0.263,84.2
663968,Jake Mangum,PIT,R,2254,0.596,0.445,331.0,0.272,0.326,0.361,0.687,0.329,0.287,0.19,0.054,0.183,0.283,83.2
664983,Jake Mccarthy,COL,L,687,0.574,0.376,172.0,0.323,0.374,0.538,0.912,0.399,0.343,0.151,0.041,0.191,0.263,80.7
664983,Jake Mccarthy,COL,R,2064,0.519,0.351,405.0,0.283,0.321,0.463,0.783,0.345,0.317,0.163,0.052,0.191,0.293,83.5
676694,Jake Meyers,HOU,L,429,0.503,0.284,55.0,0.189,0.218,0.302,0.52,0.245,0.224,0.218,0.036,0.252,0.244,85.0
676694,Jake Meyers,HOU,R,1458,0.475,0.253,98.0,0.227,0.296,0.341,0.637,0.312,0.274,0.194,0.082,0.169,0.3,85.6
668670,Jake Rogers,CWS,L,332,0.428,0.236,45.0,0.222,0.356,0.417,0.772,0.341,0.333,0.289,0.178,0.324,0.5,89.8
668670,Jake Rogers,CWS,R,926,0.427,0.239,127.0,0.139,0.246,0.241,0.487,0.231,0.243,0.299,0.118,0.227,0.319,85.9
805300,Jakob Marsee,MIA,L,827,0.401,0.238,140.0,0.193,0.355,0.294,0.649,0.323,0.294,0.279,0.129,0.248,0.351,83.8
805300,Jakob Marsee,MIA,R,2392,0.408,0.206,464.0,0.236,0.338,0.368,0.707,0.327,0.315,0.188,0.125,0.143,0.345,85.9
543510,James Mccann,AZ,L,418,0.474,0.328,57.0,0.245,0.298,0.283,0.581,0.267,0.25,0.211,0.07,0.283,0.39,87.2
543510,James Mccann,AZ,R,655,0.515,0.388,95.0,0.303,0.323,0.517,0.839,0.372,0.307,0.284,0.021,0.31,0.462,87.9
681546,James Outman,DET,L,261,0.494,0.323,28.0,0.348,0.464,0.739,1.203,0.498,0.383,0.25,0.107,0.333,0.5,90.0
681546,James Outman,DET,R,1035,0.489,0.282,146.0,0.138,0.185,0.239,0.424,0.195,0.194,0.438,0.048,0.406,0.343,85.7
695578,James Wood,WSH,L,1778,0.435,0.283,211.0,0.251,0.322,0.461,0.783,0.351,0.344,0.327,0.09,0.321,0.55,94.5
695578,James Wood,WSH,R,3730,0.362,0.205,399.0,0.258,0.391,0.512,0.903,0.408,0.436,0.268,0.175,0.259,0.607,95.7
666931,Jared Oliva,SF,R,16,0.5,0.4,,,,,,,,,,,,
669707,Jared Triolo,PIT,L,1004,0.458,0.253,141.0,0.277,0.333,0.338,0.672,0.311,0.334,0.142,0.071,0.153,0.309,84.8
669707,Jared Triolo,PIT,R,1783,0.45,0.24,216.0,0.215,0.294,0.283,0.577,0.296,0.255,0.231,0.083,0.211,0.35,85.1
676724,Jared Young,NYM,L,241,0.452,0.325,63.0,0.224,0.286,0.31,0.596,0.273,0.289,0.238,0.048,0.262,0.5,87.3
676724,Jared Young,NYM,R,1281,0.478,0.267,280.0,0.275,0.339,0.454,0.793,0.358,0.328,0.168,0.079,0.211,0.461,90.0
672284,Jarred Kelenic,TEX,L,69,0.348,0.152,10.0,0.333,0.4,0.333,0.733,0.34,0.221,0.3,0.1,0.231,0.333,91.1
672284,Jarred Kelenic,TEX,R,515,0.491,0.301,73.0,0.203,0.301,0.281,0.583,0.271,0.346,0.384,0.123,0.37,0.528,92.9
680776,Jarren Duran,BOS,L,1263,0.49,0.334,135.0,0.231,0.299,0.322,0.621,0.303,0.32,0.244,0.081,0.3,0.367,84.6
680776,Jarren Duran,BOS,R,3574,0.485,0.324,460.0,0.197,0.247,0.372,0.619,0.274,0.295,0.285,0.054,0.308,0.411,89.9
687749,Jase Bowen,SD,L,174,0.494,0.33,49.0,0.191,0.224,0.404,0.629,0.267,0.249,0.388,0.041,0.36,0.414,87.6
687749,Jase Bowen,SD,R,172,0.5,0.474,48.0,0.114,0.17,0.114,0.284,0.145,0.248,0.396,0.021,0.407,0.269,77.1
691176,Jasson Domínguez,NYY,L,738,0.514,0.317,86.0,0.268,0.302,0.415,0.717,0.325,0.286,0.209,0.035,0.247,0.339,86.5
691176,Jasson Domínguez,NYY,R,1788,0.5,0.322,137.0,0.186,0.234,0.326,0.559,0.254,0.291,0.219,0.051,0.205,0.424,89.2
595879,Javier Báez,DET,L,663,0.564,0.478,57.0,0.255,0.281,0.455,0.735,0.315,0.325,0.175,0.035,0.264,0.4,88.0
595879,Javier Báez,DET,R,1557,0.543,0.458,134.0,0.228,0.261,0.315,0.576,0.262,0.234,0.224,0.03,0.286,0.303,83.9
691594,Javier Sanoja,MIA,L,1005,0.486,0.372,145.0,0.314,0.352,0.482,0.833,0.371,0.304,0.11,0.055,0.138,0.306,85.3
691594,Javier Sanoja,MIA,R,1844,0.491,0.344,327.0,0.282,0.319,0.442,0.761,0.354,0.289,0.067,0.052,0.096,0.324,86.4
665862,Jazz Chisholm,NYY,L,1196,0.474,0.291,157.0,0.215,0.268,0.382,0.649,0.282,0.234,0.35,0.07,0.326,0.359,88.3
665862,Jazz Chisholm,NYY,R,3115,0.452,0.273,370.0,0.236,0.324,0.405,0.729,0.331,0.32,0.268,0.114,0.264,0.455,89.5
643446,Jeff Mcneil,ATH,L,802,0.535,0.307,108.0,0.24,0.318,0.281,0.599,0.28,0.278,0.074,0.093,0.132,0.247,82.4
643446,Jeff Mcneil,ATH,R,2688,0.561,0.32,397.0,0.27,0.31,0.384,0.694,0.318,0.307,0.123,0.048,0.143,0.316,87.1
600869,Jeimer Candelario,LAA,L,130,0.492,0.292,,,,,,,,,,,,
600869,Jeimer Candelario,LAA,R,328,0.512,0.313,13.0,0.077,0.077,0.154,0.231,0.096,0.163,0.385,0.0,0.536,0.5,95.0
666464,Jerar Encarnacion,SF,L,168,0.488,0.304,18.0,0.176,0.222,0.235,0.458,0.208,0.258,0.278,0.056,0.214,0.333,89.4
666464,Jerar Encarnacion,SF,R,176,0.54,0.447,17.0,0.176,0.176,0.176,0.353,0.159,0.16,0.176,0.0,0.146,0.357,85.9
669236,Jeremiah Jackson,BAL,L,595,0.529,0.334,93.0,0.227,0.25,0.341,0.591,0.263,0.315,0.269,0.022,0.288,0.438,90.2
669236,Jeremiah Jackson,BAL,R,1131,0.563,0.369,189.0,0.215,0.238,0.37,0.608,0.281,0.265,0.206,0.026,0.226,0.352,88.2
665161,Jeremy Peña,HOU,L,741,0.541,0.395,106.0,0.265,0.321,0.378,0.698,0.319,0.336,0.245,0.057,0.297,0.431,90.6
665161,Jeremy Peña,HOU,R,2745,0.524,0.365,356.0,0.277,0.326,0.495,0.821,0.364,0.323,0.239,0.051,0.293,0.384,88.0
683679,Jesus Rodriguez,SF,L,64,0.562,0.303,17.0,0.2,0.294,0.267,0.561,0.262,0.295,0.118,0.118,0.222,0.231,84.8
683679,Jesus Rodriguez,SF,R,145,0.503,0.367,41.0,0.25,0.325,0.472,0.797,0.35,0.324,0.146,0.073,0.247,0.323,83.9
660821,Jesús Sánchez,AZ,L,368,0.524,0.424,34.0,0.156,0.206,0.188,0.393,0.184,0.197,0.206,0.029,0.241,0.269,82.8
660821,Jesús Sánchez,AZ,R,2761,0.502,0.322,280.0,0.266,0.321,0.429,0.75,0.328,0.336,0.243,0.057,0.252,0.479,91.7
640902,Jhonny Pereda,SEA,L,211,0.483,0.245,30.0,0.36,0.433,0.52,0.953,0.412,0.415,0.2,0.1,0.189,0.6,90.9
640902,Jhonny Pereda,SEA,R,511,0.438,0.224,63.0,0.254,0.302,0.305,0.607,0.281,0.309,0.175,0.063,0.187,0.417,89.7
691373,Jhostynxon Garcia,PIT,L,99,0.545,0.36,17.0,0.118,0.118,0.118,0.235,0.106,0.178,0.294,0.0,0.31,0.25,80.1
691373,Jhostynxon Garcia,PIT,R,120,0.592,0.485,34.0,0.188,0.235,0.219,0.454,0.21,0.271,0.353,0.029,0.358,0.35,85.8
678225,Jihwan Bae,MIL,L,19,0.579,0.636,,,,,,,,,,,,
678225,Jihwan Bae,MIL,R,96,0.417,0.267,,,,,,,,,,,,
805347,Jim Jarvis,ATL,L,82,0.378,0.25,23.0,0.158,0.304,0.263,0.568,0.27,0.337,0.174,0.13,0.194,0.533,90.0
805347,Jim Jarvis,ATL,R,375,0.453,0.283,101.0,0.217,0.258,0.304,0.562,0.287,0.252,0.188,0.05,0.159,0.338,85.9
699625,Jimmy Crooks,STL,L,112,0.5,0.351,21.0,0.167,0.286,0.444,0.73,0.314,0.334,0.333,0.048,0.357,0.182,86.5
699625,Jimmy Crooks,STL,R,652,0.498,0.342,127.0,0.183,0.252,0.322,0.574,0.255,0.288,0.323,0.063,0.314,0.526,92.5
668709,Jj Bleday,CIN,L,846,0.482,0.275,150.0,0.205,0.293,0.364,0.657,0.298,0.293,0.233,0.113,0.279,0.347,85.1
668709,Jj Bleday,CIN,R,2573,0.443,0.224,377.0,0.219,0.334,0.433,0.767,0.345,0.36,0.212,0.141,0.234,0.415,89.3
802139,Jj Wetherholt,STL,L,818,0.44,0.216,214.0,0.229,0.313,0.351,0.664,0.315,0.357,0.164,0.098,0.164,0.445,89.3
802139,Jj Wetherholt,STL,R,1610,0.402,0.208,391.0,0.246,0.35,0.362,0.712,0.333,0.344,0.169,0.105,0.191,0.448,89.9
666176,Jo Adell,CLE,L,1123,0.541,0.338,178.0,0.323,0.371,0.596,0.967,0.413,0.396,0.23,0.051,0.288,0.468,91.7
666176,Jo Adell,CLE,R,3613,0.526,0.344,461.0,0.207,0.265,0.322,0.587,0.269,0.298,0.249,0.046,0.247,0.425,89.5
592626,Joc Pederson,TEX,L,251,0.323,0.228,36.0,0.125,0.222,0.375,0.597,0.276,0.268,0.389,0.083,0.308,0.529,92.5
592626,Joc Pederson,TEX,R,2718,0.468,0.29,396.0,0.243,0.333,0.493,0.826,0.362,0.349,0.222,0.111,0.274,0.508,91.8
691788,Joe Mack,MIA,L,254,0.453,0.276,67.0,0.19,0.238,0.259,0.497,0.256,0.228,0.254,0.06,0.226,0.267,80.1
691788,Joe Mack,MIA,R,1019,0.478,0.27,261.0,0.242,0.287,0.422,0.709,0.308,0.299,0.249,0.054,0.234,0.406,89.4
663698,Joey Bart,CWS,L,608,0.441,0.272,66.0,0.158,0.273,0.263,0.536,0.278,0.259,0.303,0.045,0.31,0.378,85.6
663698,Joey Bart,CWS,R,1229,0.413,0.25,62.0,0.273,0.339,0.455,0.793,0.344,0.333,0.242,0.065,0.215,0.317,86.0
694388,Joey Loperfido,HOU,L,116,0.586,0.448,14.0,0.071,0.071,0.071,0.143,0.064,0.221,0.214,0.0,0.207,0.455,91.3
694388,Joey Loperfido,HOU,R,742,0.491,0.294,107.0,0.231,0.33,0.363,0.693,0.326,0.304,0.271,0.121,0.294,0.339,87.8
608841,Joey Meneses,ATH,L,49,0.469,0.32,16.0,0.231,0.312,0.231,0.543,0.256,0.385,0.125,0.062,0.13,0.75,96.5
608841,Joey Meneses,ATH,R,27,0.407,0.35,,,,,,,,,,,,
687401,Joey Ortiz,MIL,L,1142,0.456,0.332,150.0,0.243,0.304,0.36,0.664,0.305,0.284,0.213,0.08,0.164,0.368,87.4
687401,Joey Ortiz,MIL,R,2309,0.451,0.322,257.0,0.281,0.337,0.425,0.763,0.341,0.301,0.187,0.086,0.193,0.369,87.4
686894,Joey Wiemer,WSH,L,302,0.487,0.31,43.0,0.351,0.442,0.757,1.199,0.507,0.38,0.326,0.14,0.316,0.435,90.9
686894,Joey Wiemer,WSH,R,256,0.438,0.284,41.0,0.206,0.341,0.235,0.577,0.311,0.246,0.366,0.146,0.288,0.333,83.0
807726,John Peck,DET,L,89,0.539,0.429,24.0,0.227,0.292,0.227,0.519,0.283,0.259,0.292,0.083,0.25,0.25,85.7
807726,John Peck,DET,R,174,0.494,0.266,47.0,0.135,0.298,0.162,0.46,0.237,0.362,0.191,0.149,0.233,0.5,91.6
670231,John Rave,KC,L,242,0.393,0.263,38.0,0.206,0.25,0.382,0.632,0.31,0.221,0.316,0.053,0.219,0.24,74.7
670231,John Rave,KC,R,1102,0.417,0.229,110.0,0.219,0.318,0.438,0.756,0.341,0.341,0.218,0.127,0.219,0.417,87.2
671286,Johnathan Rodríguez,BAL,L,302,0.454,0.287,13.0,0.111,0.308,0.222,0.53,0.258,0.308,0.385,0.231,0.242,0.6,91.2
671286,Johnathan Rodríguez,BAL,R,87,0.425,0.279,,,,,,,,,,,,
681146,Jonah Bride,TEX,L,319,0.329,0.201,,,,,,,,,,,,
681146,Jonah Bride,TEX,R,266,0.327,0.218,,,,,,,,,,,,
813841,Jonah Cox,SF,L,316,0.509,0.333,82.0,0.247,0.312,0.438,0.751,0.352,0.284,0.415,0.085,0.366,0.463,85.3
813841,Jonah Cox,SF,R,275,0.502,0.289,75.0,0.284,0.314,0.358,0.672,0.334,0.242,0.347,0.04,0.326,0.289,75.3
641680,Jonah Heim,ATH,L,1103,0.515,0.326,157.0,0.257,0.312,0.521,0.833,0.359,0.315,0.178,0.076,0.194,0.342,87.4
641680,Jonah Heim,ATH,R,2015,0.487,0.312,221.0,0.163,0.222,0.256,0.478,0.228,0.261,0.181,0.063,0.205,0.297,87.2
682729,Jonatan Clase,TOR,L,162,0.426,0.237,,,,,,,,,,,,
682729,Jonatan Clase,TOR,R,391,0.442,0.279,17.0,0.267,0.353,0.667,1.02,0.424,0.229,0.353,0.118,0.324,0.333,89.0
666018,Jonathan Aranda,TB,L,1130,0.428,0.241,185.0,0.247,0.324,0.34,0.664,0.304,0.309,0.276,0.092,0.208,0.474,90.0
666018,Jonathan Aranda,TB,R,3225,0.489,0.302,471.0,0.284,0.363,0.471,0.834,0.373,0.357,0.225,0.098,0.19,0.453,91.4
663697,Jonathan India,KC,L,584,0.372,0.133,23.0,0.059,0.304,0.235,0.54,0.27,0.356,0.217,0.217,0.152,0.417,88.7
663697,Jonathan India,KC,R,2013,0.408,0.201,35.0,0.226,0.314,0.355,0.669,0.327,0.237,0.229,0.086,0.237,0.261,84.1
680716,Jonathan Ornelas,MIL,L,83,0.554,0.419,17.0,0.188,0.235,0.188,0.423,0.2,0.209,0.412,0.059,0.256,0.444,86.7
680716,Jonathan Ornelas,MIL,R,47,0.553,0.364,,,,,,,,,,,,
676356,Jonny Deluca,TB,L,653,0.527,0.379,150.0,0.266,0.291,0.385,0.675,0.304,0.246,0.233,0.033,0.223,0.291,84.1
676356,Jonny Deluca,TB,R,841,0.515,0.349,203.0,0.259,0.292,0.435,0.727,0.335,0.266,0.192,0.044,0.216,0.301,84.6
678391,Jorbit Vivas,WSH,L,201,0.507,0.282,51.0,0.25,0.34,0.273,0.613,0.336,0.296,0.118,0.118,0.204,0.132,76.6
678391,Jorbit Vivas,WSH,R,1343,0.491,0.275,310.0,0.238,0.331,0.332,0.663,0.317,0.292,0.148,0.113,0.167,0.23,83.4
687597,Jordan Beck,COL,L,916,0.492,0.328,90.0,0.268,0.322,0.378,0.7,0.31,0.279,0.333,0.078,0.286,0.34,83.6
687597,Jordan Beck,COL,R,2084,0.476,0.282,79.0,0.096,0.165,0.164,0.329,0.166,0.217,0.253,0.076,0.269,0.264,85.8
691783,Jordan Lawlar,AZ,L,372,0.435,0.216,58.0,0.288,0.351,0.519,0.87,0.378,0.369,0.259,0.069,0.2,0.263,83.8
691783,Jordan Lawlar,AZ,R,419,0.451,0.298,71.0,0.231,0.296,0.385,0.68,0.313,0.272,0.324,0.014,0.27,0.333,86.4
691023,Jordan Walker,STL,L,1044,0.492,0.334,171.0,0.283,0.363,0.513,0.876,0.409,0.409,0.222,0.111,0.266,0.602,95.3
691023,Jordan Walker,STL,R,2842,0.516,0.359,480.0,0.268,0.317,0.453,0.769,0.342,0.317,0.271,0.06,0.308,0.457,91.6
678489,Jorge Barrosa,HOU,L,446,0.446,0.31,61.0,0.255,0.379,0.447,0.826,0.416,0.278,0.18,0.131,0.176,0.15,73.1
678489,Jorge Barrosa,HOU,R,601,0.436,0.302,109.0,0.168,0.233,0.284,0.517,0.253,0.216,0.312,0.073,0.294,0.303,81.2
622761,Jorge Mateo,TB,L,447,0.544,0.442,85.0,0.21,0.247,0.309,0.556,0.247,0.266,0.306,0.047,0.277,0.309,87.8
622761,Jorge Mateo,TB,R,711,0.522,0.416,128.0,0.203,0.252,0.322,0.574,0.263,0.279,0.328,0.055,0.314,0.385,84.8
593871,Jorge Polanco,NYM,L,563,0.517,0.369,32.0,0.097,0.125,0.097,0.222,0.106,0.2,0.281,0.031,0.313,0.227,85.1
593871,Jorge Polanco,NYM,R,2033,0.442,0.249,113.0,0.163,0.223,0.269,0.492,0.232,0.243,0.23,0.071,0.182,0.333,85.7
624585,Jorge Soler,LAA,L,591,0.453,0.249,95.0,0.205,0.284,0.337,0.622,0.305,0.282,0.316,0.095,0.318,0.4,88.9
624585,Jorge Soler,LAA,R,2156,0.461,0.264,267.0,0.2,0.292,0.383,0.675,0.302,0.299,0.33,0.097,0.351,0.435,88.3
699912,Jose Fernandez,AZ,L,293,0.491,0.404,69.0,0.25,0.294,0.312,0.607,0.307,0.315,0.246,0.058,0.257,0.489,87.3
699912,Jose Fernandez,AZ,R,556,0.439,0.339,150.0,0.254,0.295,0.355,0.65,0.313,0.266,0.22,0.047,0.221,0.349,83.1
624431,Jose Trevino,CIN,L,413,0.492,0.367,39.0,0.211,0.211,0.211,0.421,0.195,0.225,0.179,0.0,0.208,0.25,81.1
624431,Jose Trevino,CIN,R,1182,0.47,0.333,111.0,0.222,0.227,0.389,0.616,0.28,0.218,0.189,0.009,0.223,0.311,84.9
605137,Josh Bell,MIN,L,1309,0.475,0.289,205.0,0.272,0.317,0.419,0.736,0.322,0.303,0.185,0.059,0.186,0.338,87.7
605137,Josh Bell,MIN,R,3253,0.481,0.282,415.0,0.245,0.316,0.412,0.728,0.328,0.348,0.205,0.089,0.211,0.465,90.9
673962,Josh Jung,TEX,L,1019,0.488,0.299,113.0,0.354,0.434,0.495,0.929,0.41,0.371,0.133,0.115,0.144,0.512,90.7
673962,Josh Jung,TEX,R,2516,0.497,0.32,326.0,0.274,0.331,0.432,0.764,0.339,0.334,0.196,0.064,0.183,0.483,90.7
666139,Josh Lowe,LAA,L,748,0.511,0.353,54.0,0.18,0.208,0.22,0.428,0.196,0.186,0.352,0.037,0.302,0.212,79.8
666139,Josh Lowe,LAA,R,2512,0.552,0.361,277.0,0.211,0.279,0.386,0.665,0.298,0.306,0.292,0.079,0.294,0.404,88.9
647304,Josh Naylor,SEA,L,1380,0.504,0.387,213.0,0.28,0.319,0.365,0.684,0.315,0.304,0.146,0.042,0.197,0.3,83.8
647304,Josh Naylor,SEA,R,2760,0.534,0.371,418.0,0.255,0.313,0.346,0.66,0.309,0.319,0.112,0.074,0.142,0.39,88.4
668942,Josh Rojas,KC,L,171,0.509,0.254,22.0,0.211,0.286,0.368,0.654,0.343,0.191,0.182,0.045,0.222,0.062,76.7
668942,Josh Rojas,KC,R,1023,0.467,0.232,88.0,0.244,0.276,0.329,0.605,0.28,0.228,0.136,0.045,0.159,0.333,86.2
669701,Josh Smith,TOR,L,628,0.484,0.324,34.0,0.097,0.125,0.097,0.222,0.123,0.15,0.382,0.029,0.29,0.263,71.3
669701,Josh Smith,TOR,R,2616,0.448,0.273,202.0,0.223,0.317,0.36,0.677,0.316,0.294,0.208,0.114,0.209,0.304,86.0
695491,Joshua Báez,STL,L,149,0.55,0.447,43.0,0.275,0.326,0.725,1.051,0.431,0.342,0.349,0.023,0.317,0.52,92.6
695491,Joshua Báez,STL,R,233,0.549,0.355,65.0,0.2,0.246,0.367,0.613,0.278,0.277,0.277,0.046,0.32,0.442,91.7
811965,Joshua Kuroda-Grauer,ATH,L,102,0.588,0.451,30.0,0.367,0.367,0.567,0.933,0.402,0.3,0.133,0.0,0.1,0.385,90.6
811965,Joshua Kuroda-Grauer,ATH,R,132,0.508,0.359,35.0,0.424,0.457,0.545,1.003,0.466,0.34,0.114,0.029,0.179,0.448,89.2
514888,José Altuve,HOU,L,957,0.475,0.359,132.0,0.291,0.371,0.444,0.816,0.361,0.31,0.205,0.091,0.211,0.33,85.5
514888,José Altuve,HOU,R,3359,0.488,0.381,420.0,0.237,0.284,0.386,0.67,0.308,0.26,0.2,0.064,0.206,0.316,84.4
640492,José Azócar,ATL,L,84,0.536,0.409,12.0,0.333,0.333,0.5,0.833,0.358,0.289,0.25,0.0,0.241,0.333,88.5
640492,José Azócar,ATL,R,52,0.519,0.387,,,,,,,,,,,,
676480,José Barrero,BAL,L,59,0.593,0.379,,,,,,,,,,,,
676480,José Barrero,BAL,R,76,0.5,0.382,,,,,,,,,,,,
676609,José Caballero,NYY,L,1134,0.446,0.292,145.0,0.231,0.283,0.358,0.641,0.289,0.271,0.317,0.062,0.278,0.247,80.5
676609,José Caballero,NYY,R,2192,0.478,0.334,303.0,0.237,0.298,0.378,0.675,0.306,0.286,0.201,0.063,0.229,0.261,80.8
665877,José Fermín,STL,L,725,0.404,0.226,160.0,0.277,0.34,0.426,0.765,0.336,0.314,0.112,0.094,0.108,0.307,85.9
665877,José Fermín,STL,R,1044,0.389,0.215,203.0,0.232,0.292,0.309,0.601,0.302,0.281,0.143,0.074,0.111,0.325,85.7
608070,José Ramírez,CLE,L,1365,0.451,0.285,154.0,0.273,0.338,0.46,0.798,0.378,0.362,0.071,0.071,0.108,0.512,93.0
608070,José Ramírez,CLE,R,3561,0.451,0.291,373.0,0.213,0.295,0.326,0.621,0.297,0.314,0.153,0.107,0.143,0.322,86.4
642350,José Siri,LAA,L,559,0.499,0.358,120.0,0.218,0.283,0.427,0.711,0.321,0.324,0.325,0.067,0.339,0.521,92.1
642350,José Siri,LAA,R,552,0.538,0.422,121.0,0.252,0.288,0.378,0.667,0.305,0.274,0.331,0.041,0.375,0.329,84.7
677588,José Tena,WSH,L,128,0.391,0.269,20.0,0.312,0.45,0.5,0.95,0.418,0.349,0.35,0.15,0.31,0.333,84.5
677588,José Tena,WSH,R,1718,0.468,0.288,267.0,0.217,0.292,0.362,0.655,0.297,0.288,0.307,0.09,0.31,0.472,90.9
682877,Juan Brito,CIN,L,171,0.532,0.378,44.0,0.39,0.409,0.634,1.043,0.441,0.404,0.25,0.045,0.275,0.355,88.3
682877,Juan Brito,CIN,R,252,0.516,0.287,59.0,0.148,0.22,0.241,0.461,0.212,0.22,0.203,0.068,0.231,0.286,83.0
665742,Juan Soto,NYM,L,1609,0.413,0.218,154.0,0.264,0.331,0.436,0.767,0.347,0.348,0.156,0.091,0.219,0.452,90.4
665742,Juan Soto,NYM,R,3261,0.341,0.159,302.0,0.266,0.381,0.548,0.928,0.421,0.446,0.132,0.159,0.17,0.502,93.4
677594,Julio Rodríguez,SEA,L,1478,0.516,0.351,199.0,0.222,0.296,0.383,0.68,0.31,0.357,0.246,0.09,0.274,0.481,91.2
677594,Julio Rodríguez,SEA,R,3437,0.539,0.381,439.0,0.26,0.31,0.408,0.718,0.322,0.324,0.21,0.059,0.237,0.429,89.9
808982,Jung Hoo Lee,SF,L,1262,0.47,0.32,178.0,0.243,0.275,0.337,0.613,0.281,0.271,0.124,0.034,0.135,0.243,86.6
808982,Jung Hoo Lee,SF,R,3224,0.454,0.245,400.0,0.292,0.338,0.435,0.773,0.343,0.335,0.088,0.055,0.098,0.346,87.5
691406,Junior Caminero,TB,L,1520,0.444,0.287,186.0,0.28,0.392,0.484,0.877,0.402,0.4,0.134,0.151,0.184,0.469,93.2
691406,Junior Caminero,TB,R,3679,0.478,0.324,500.0,0.265,0.322,0.523,0.845,0.376,0.345,0.2,0.074,0.223,0.499,92.4
678577,Junior Perez,CWS,L,104,0.519,0.319,27.0,0.111,0.111,0.222,0.333,0.141,0.238,0.333,0.0,0.37,0.471,89.3
678577,Junior Perez,CWS,R,35,0.457,0.211,,,,,,,,,,,,
702222,Justin Crawford,PHI,L,237,0.494,0.397,62.0,0.25,0.323,0.321,0.644,0.294,0.312,0.177,0.065,0.137,0.196,77.5
702222,Justin Crawford,PHI,R,1398,0.531,0.365,387.0,0.269,0.312,0.365,0.678,0.313,0.279,0.176,0.059,0.148,0.377,86.5
681909,Justin Dean,CHC,R,44,0.523,0.346,,,,,,,,,,,,
679822,Justin Foscue,TEX,L,685,0.46,0.242,156.0,0.324,0.397,0.597,0.995,0.429,0.357,0.244,0.09,0.173,0.446,90.1
679822,Justin Foscue,TEX,R,332,0.467,0.336,86.0,0.173,0.209,0.296,0.506,0.224,0.274,0.267,0.035,0.213,0.379,87.6
701785,Kaelen Culpepper,MIN,L,188,0.543,0.464,46.0,0.286,0.326,0.429,0.755,0.327,0.274,0.239,0.022,0.265,0.25,86.0
701785,Kaelen Culpepper,MIN,R,279,0.53,0.404,73.0,0.258,0.329,0.379,0.708,0.316,0.313,0.192,0.068,0.223,0.34,87.9
696135,Kahlil Watson,CLE,L,56,0.518,0.269,17.0,0.176,0.176,0.235,0.412,0.179,0.254,0.294,0.0,0.345,0.333,89.4
696135,Kahlil Watson,CLE,R,283,0.544,0.367,74.0,0.254,0.284,0.366,0.65,0.307,0.244,0.365,0.041,0.318,0.318,87.9
670224,Kameron Misner,KC,L,216,0.468,0.343,13.0,0.154,0.154,0.231,0.385,0.165,0.185,0.385,0.0,0.385,0.125,79.6
670224,Kameron Misner,KC,R,886,0.479,0.293,31.0,0.25,0.3,0.25,0.55,0.293,0.22,0.387,0.065,0.348,0.235,80.3
672960,Kazuma Okamoto,TOR,L,678,0.465,0.227,163.0,0.248,0.331,0.517,0.849,0.374,0.367,0.252,0.098,0.27,0.49,91.6
672960,Kazuma Okamoto,TOR,R,1944,0.475,0.292,462.0,0.227,0.299,0.429,0.728,0.324,0.311,0.301,0.087,0.313,0.423,90.2
663647,Ke'Bryan Hayes,CIN,L,704,0.463,0.301,58.0,0.182,0.224,0.255,0.479,0.216,0.298,0.19,0.034,0.204,0.326,89.4
663647,Ke'Bryan Hayes,CIN,R,2310,0.439,0.273,175.0,0.135,0.194,0.227,0.421,0.213,0.287,0.206,0.063,0.228,0.419,90.8
660688,Keibert Ruiz,WSH,L,493,0.479,0.362,95.0,0.297,0.326,0.462,0.788,0.342,0.274,0.168,0.032,0.149,0.36,86.6
660688,Keibert Ruiz,WSH,R,1500,0.539,0.374,253.0,0.275,0.312,0.441,0.753,0.335,0.295,0.079,0.047,0.123,0.364,88.0
700652,Kenny Piper,TB,L,25,0.44,0.167,,,,,,,,,,,,
700652,Kenny Piper,TB,R,24,0.583,0.111,,,,,,,,,,,,
681481,Kerry Carpenter,DET,L,355,0.473,0.313,27.0,0.125,0.222,0.167,0.389,0.217,0.255,0.296,0.037,0.34,0.333,85.2
681481,Kerry Carpenter,DET,R,2399,0.526,0.354,230.0,0.217,0.283,0.444,0.727,0.322,0.3,0.291,0.074,0.254,0.451,90.3
606466,Ketel Marte,AZ,L,1146,0.499,0.322,151.0,0.307,0.338,0.571,0.909,0.399,0.381,0.119,0.04,0.185,0.492,93.5
606466,Ketel Marte,AZ,R,3179,0.454,0.271,450.0,0.229,0.298,0.386,0.684,0.306,0.33,0.151,0.082,0.181,0.395,88.7
682634,Kevin Alcántara,CHC,L,104,0.385,0.273,19.0,0.25,0.316,0.438,0.753,0.321,0.317,0.368,0.105,0.286,0.3,90.4
682634,Kevin Alcántara,CHC,R,60,0.5,0.367,10.0,0.2,0.2,0.2,0.4,0.2,0.193,0.4,0.0,0.381,0.2,92.6
805808,Kevin Mcgonigle,DET,L,793,0.433,0.208,205.0,0.244,0.327,0.339,0.666,0.315,0.3,0.19,0.107,0.187,0.331,86.3
805808,Kevin Mcgonigle,DET,R,1991,0.424,0.189,491.0,0.291,0.395,0.464,0.859,0.387,0.381,0.116,0.145,0.121,0.39,88.5
665019,Kody Clemens,MIN,L,942,0.475,0.285,157.0,0.229,0.284,0.396,0.68,0.322,0.304,0.223,0.057,0.21,0.418,87.8
665019,Kody Clemens,MIN,R,2797,0.496,0.314,412.0,0.235,0.297,0.476,0.773,0.338,0.34,0.221,0.07,0.226,0.472,92.6
804606,Konnor Griffin,PIT,L,371,0.499,0.371,87.0,0.312,0.356,0.45,0.806,0.352,0.346,0.241,0.069,0.254,0.35,89.7
804606,Konnor Griffin,PIT,R,890,0.525,0.38,233.0,0.252,0.309,0.374,0.683,0.319,0.293,0.249,0.06,0.274,0.371,86.4
571657,Kyle Farmer,ATL,L,484,0.479,0.301,11.0,0.273,0.273,0.364,0.636,0.277,0.206,0.273,0.0,0.318,0.375,78.3
571657,Kyle Farmer,ATL,R,671,0.498,0.324,,,,,,,,,,,,
543309,Kyle Higashioka,TEX,L,655,0.472,0.32,54.0,0.255,0.352,0.489,0.841,0.365,0.336,0.222,0.111,0.273,0.343,86.7
543309,Kyle Higashioka,TEX,R,1390,0.432,0.27,132.0,0.203,0.288,0.322,0.61,0.297,0.279,0.265,0.098,0.244,0.398,87.3
664728,Kyle Isbel,KC,L,547,0.43,0.293,77.0,0.141,0.164,0.211,0.376,0.188,0.209,0.234,0.026,0.142,0.281,79.8
664728,Kyle Isbel,KC,R,2038,0.462,0.307,236.0,0.238,0.289,0.35,0.639,0.296,0.267,0.229,0.055,0.157,0.339,84.4
691720,Kyle Karros,COL,L,781,0.476,0.269,153.0,0.277,0.353,0.445,0.798,0.367,0.352,0.196,0.085,0.23,0.429,89.0
691720,Kyle Karros,COL,R,1702,0.427,0.234,306.0,0.241,0.343,0.395,0.738,0.339,0.33,0.209,0.124,0.226,0.397,89.6
700932,Kyle Manzardo,CLE,L,607,0.476,0.332,73.0,0.217,0.342,0.283,0.626,0.308,0.336,0.274,0.137,0.355,0.268,84.8
700932,Kyle Manzardo,CLE,R,2878,0.475,0.28,282.0,0.215,0.298,0.402,0.7,0.31,0.298,0.333,0.092,0.272,0.447,90.5
656941,Kyle Schwarber,PHI,L,2278,0.424,0.216,251.0,0.26,0.382,0.519,0.902,0.395,0.387,0.275,0.143,0.279,0.433,90.7
656941,Kyle Schwarber,PHI,R,3758,0.426,0.25,429.0,0.213,0.324,0.492,0.816,0.356,0.351,0.347,0.14,0.314,0.526,93.2
669065,Kyle Stowers,MIA,L,792,0.52,0.328,111.0,0.214,0.297,0.378,0.675,0.305,0.287,0.288,0.09,0.278,0.439,88.7
669065,Kyle Stowers,MIA,R,2871,0.532,0.307,397.0,0.246,0.331,0.48,0.811,0.356,0.341,0.322,0.093,0.341,0.604,93.4
691019,Kyle Teel,CWS,L,386,0.425,0.288,37.0,0.194,0.324,0.226,0.55,0.293,0.296,0.351,0.135,0.338,0.444,83.6
691019,Kyle Teel,CWS,R,1402,0.453,0.256,93.0,0.177,0.301,0.354,0.656,0.305,0.309,0.387,0.14,0.324,0.512,85.2
663656,Kyle Tucker,LAD,L,1469,0.47,0.202,184.0,0.258,0.348,0.447,0.794,0.361,0.337,0.174,0.12,0.164,0.405,88.7
663656,Kyle Tucker,LAD,R,3251,0.461,0.21,424.0,0.228,0.328,0.371,0.699,0.32,0.332,0.163,0.127,0.196,0.35,88.4
693459,Kyler Fedko,MIN,L,51,0.529,0.346,11.0,0.0,0.182,0.0,0.182,0.127,0.144,0.545,0.182,0.407,0.667,94.0
693459,Kyler Fedko,MIN,R,27,0.556,0.5,,,,,,,,,,,,
677347,Kyren Paris,LAA,L,138,0.471,0.143,14.0,0.0,0.143,0.0,0.143,0.1,0.211,0.357,0.143,0.31,0.571,85.2
677347,Kyren Paris,LAA,R,493,0.483,0.313,,,,,,,,,,,,
664774,Lamonte Wade,HOU,L,184,0.397,0.138,15.0,0.231,0.333,0.385,0.718,0.38,0.293,0.267,0.133,0.227,0.333,93.5
664774,Lamonte Wade,HOU,R,1520,0.401,0.192,129.0,0.204,0.302,0.345,0.647,0.292,0.262,0.248,0.124,0.21,0.321,84.5
657041,Lane Thomas,ATL,L,864,0.417,0.206,165.0,0.262,0.364,0.44,0.803,0.365,0.343,0.236,0.139,0.225,0.466,90.3
657041,Lane Thomas,ATL,R,1223,0.421,0.214,209.0,0.195,0.282,0.341,0.623,0.283,0.286,0.258,0.1,0.186,0.364,88.6
663457,Lars Nootbaar,AZ,L,910,0.36,0.212,49.0,0.125,0.25,0.2,0.45,0.223,0.3,0.245,0.143,0.239,0.4,86.8
663457,Lars Nootbaar,AZ,R,2785,0.39,0.212,262.0,0.249,0.34,0.397,0.737,0.334,0.344,0.206,0.122,0.165,0.517,92.5
671732,Lawrence Butler,ATH,L,1099,0.426,0.255,146.0,0.234,0.319,0.375,0.694,0.326,0.292,0.26,0.103,0.212,0.43,88.0
671732,Lawrence Butler,ATH,R,3613,0.474,0.254,377.0,0.233,0.324,0.4,0.724,0.329,0.341,0.263,0.117,0.246,0.463,90.0
672820,Lenyn Sosa,TOR,L,725,0.539,0.467,45.0,0.209,0.222,0.349,0.571,0.263,0.272,0.311,0.022,0.264,0.5,92.1
672820,Lenyn Sosa,TOR,R,1770,0.51,0.41,72.0,0.186,0.197,0.243,0.44,0.197,0.235,0.153,0.0,0.138,0.3,86.1
677870,Leo Jimenez,MIA,L,491,0.422,0.256,95.0,0.179,0.274,0.274,0.547,0.254,0.307,0.2,0.074,0.222,0.385,89.2
677870,Leo Jimenez,MIA,R,428,0.421,0.26,100.0,0.217,0.333,0.241,0.574,0.285,0.321,0.19,0.11,0.217,0.415,89.9
660844,Leo Rivas,SEA,L,381,0.32,0.112,46.0,0.053,0.182,0.079,0.261,0.153,0.201,0.217,0.109,0.156,0.067,82.2
660844,Leo Rivas,SEA,R,747,0.356,0.123,93.0,0.192,0.312,0.244,0.555,0.266,0.272,0.312,0.118,0.24,0.22,86.9
665750,Leody Taveras,BAL,L,778,0.443,0.298,159.0,0.196,0.263,0.231,0.494,0.241,0.235,0.327,0.082,0.213,0.253,81.9
665750,Leody Taveras,BAL,R,1780,0.494,0.322,316.0,0.229,0.3,0.396,0.696,0.323,0.284,0.228,0.089,0.229,0.356,84.9
689414,Liam Hicks,TB,L,643,0.404,0.271,115.0,0.188,0.272,0.228,0.5,0.24,0.244,0.148,0.087,0.124,0.129,78.4
689414,Liam Hicks,TB,R,2878,0.392,0.218,421.0,0.311,0.392,0.493,0.885,0.397,0.342,0.086,0.102,0.1,0.302,85.6
681351,Logan O'Hoppe,TEX,L,623,0.498,0.31,87.0,0.284,0.322,0.333,0.655,0.294,0.29,0.218,0.057,0.243,0.365,85.7
681351,Logan O'Hoppe,TEX,R,2124,0.523,0.334,188.0,0.187,0.251,0.287,0.538,0.244,0.259,0.261,0.064,0.284,0.355,86.9
682515,Logan Porter,LAA,L,23,0.348,0.154,,,,,,,,,,,,
682515,Logan Porter,LAA,R,39,0.359,0.227,,,,,,,,,,,,
666971,Lourdes Gurriel,AZ,L,759,0.564,0.382,54.0,0.2,0.259,0.24,0.499,0.248,0.297,0.13,0.074,0.232,0.209,85.6
666971,Lourdes Gurriel,AZ,R,1966,0.507,0.355,147.0,0.213,0.252,0.309,0.561,0.253,0.265,0.204,0.041,0.21,0.389,88.0
828599,Lucas Spence,HOU,L,43,0.465,0.19,14.0,0.231,0.286,0.231,0.516,0.243,0.284,0.357,0.071,0.4,0.5,95.2
828599,Lucas Spence,HOU,R,128,0.508,0.338,32.0,0.107,0.219,0.143,0.362,0.218,0.207,0.375,0.094,0.431,0.333,88.6
650333,Luis Arráez,PHI,L,1490,0.488,0.322,207.0,0.319,0.347,0.429,0.776,0.361,0.28,0.068,0.029,0.085,0.152,81.9
650333,Luis Arráez,PHI,R,3429,0.482,0.339,446.0,0.305,0.337,0.413,0.75,0.335,0.32,0.031,0.054,0.051,0.209,87.3
669134,Luis Campusano,SD,L,290,0.4,0.257,53.0,0.283,0.377,0.435,0.812,0.361,0.33,0.208,0.132,0.195,0.457,89.1
669134,Luis Campusano,SD,R,819,0.469,0.285,187.0,0.265,0.364,0.444,0.808,0.366,0.326,0.219,0.118,0.255,0.361,87.2
671277,Luis García,NYY,L,652,0.549,0.391,85.0,0.235,0.271,0.358,0.629,0.277,0.249,0.2,0.047,0.185,0.281,85.6
671277,Luis García,NYY,R,3161,0.527,0.38,451.0,0.287,0.317,0.557,0.874,0.377,0.357,0.175,0.044,0.176,0.492,92.3
800325,Luis Lara,MIL,L,261,0.46,0.288,68.0,0.234,0.279,0.312,0.592,0.279,0.264,0.176,0.059,0.133,0.385,87.8
800325,Luis Lara,MIL,R,578,0.393,0.236,132.0,0.259,0.333,0.345,0.678,0.308,0.31,0.242,0.098,0.172,0.424,87.8
682641,Luis Matos,MIL,L,357,0.521,0.423,13.0,0.077,0.077,0.077,0.154,0.069,0.033,0.462,0.0,0.393,0.0,82.2
682641,Luis Matos,MIL,R,403,0.521,0.359,,,,,,,,,,,,
650859,Luis Rengifo,SD,L,836,0.544,0.357,133.0,0.218,0.288,0.277,0.565,0.287,0.291,0.188,0.083,0.186,0.396,87.1
650859,Luis Rengifo,SD,R,2543,0.489,0.287,220.0,0.254,0.335,0.342,0.677,0.317,0.312,0.109,0.1,0.172,0.314,86.1
673357,Luis Robert,BAL,L,660,0.491,0.289,68.0,0.213,0.294,0.459,0.753,0.325,0.38,0.221,0.103,0.241,0.435,92.5
673357,Luis Robert,BAL,R,1762,0.53,0.34,162.0,0.224,0.302,0.385,0.687,0.319,0.296,0.247,0.105,0.266,0.39,88.6
620443,Luis Torrens,NYM,L,578,0.5,0.33,83.0,0.227,0.293,0.427,0.719,0.315,0.287,0.193,0.072,0.195,0.355,87.7
620443,Luis Torrens,NYM,R,1557,0.479,0.279,188.0,0.244,0.299,0.395,0.695,0.306,0.294,0.213,0.059,0.186,0.437,88.4
649966,Luis Urías,TOR,L,429,0.462,0.306,35.0,0.2,0.286,0.367,0.652,0.286,0.29,0.2,0.114,0.139,0.25,86.5
649966,Luis Urías,TOR,R,1104,0.422,0.217,24.0,0.318,0.375,0.636,1.011,0.427,0.312,0.125,0.083,0.093,0.368,85.7
682668,Luisangel Acuña,CWS,L,630,0.492,0.317,106.0,0.216,0.236,0.245,0.481,0.225,0.257,0.151,0.028,0.238,0.407,89.5
682668,Luisangel Acuña,CWS,R,820,0.488,0.322,114.0,0.231,0.277,0.269,0.546,0.258,0.268,0.228,0.053,0.257,0.316,83.7
694410,Lujames Groover,AZ,L,88,0.432,0.205,21.0,0.158,0.238,0.368,0.607,0.264,0.28,0.238,0.048,0.158,0.571,92.7
694410,Lujames Groover,AZ,R,120,0.408,0.193,32.0,0.179,0.281,0.214,0.496,0.239,0.29,0.188,0.125,0.143,0.391,88.4
807712,Luke Keaschall,MIN,L,1005,0.435,0.244,198.0,0.28,0.35,0.371,0.722,0.349,0.318,0.157,0.086,0.173,0.255,85.2
807712,Luke Keaschall,MIN,R,2039,0.418,0.208,407.0,0.271,0.369,0.399,0.769,0.35,0.315,0.138,0.093,0.149,0.304,84.6
571912,Luke Maile,KC,L,192,0.479,0.316,30.0,0.214,0.267,0.393,0.66,0.287,0.169,0.3,0.067,0.22,0.368,88.3
571912,Luke Maile,KC,R,187,0.39,0.189,15.0,0.077,0.2,0.077,0.277,0.213,0.268,0.333,0.133,0.25,0.125,73.2
670042,Luke Raley,SEA,L,218,0.569,0.327,27.0,0.16,0.192,0.2,0.392,0.187,0.3,0.296,0.0,0.438,0.333,84.2
670042,Luke Raley,SEA,R,1723,0.532,0.313,260.0,0.231,0.29,0.462,0.752,0.336,0.346,0.327,0.054,0.382,0.487,89.8
663897,Luke Williams,ATL,L,35,0.571,0.357,,,,,,,,,,,,
663897,Luke Williams,ATL,R,81,0.481,0.235,,,,,,,,,,,,
663609,Luken Baker,AZ,L,162,0.389,0.174,,,,,,,,,,,,
663609,Luken Baker,AZ,R,32,0.562,0.5,,,,,,,,,,,,
672580,Maikel García,KC,L,872,0.38,0.23,78.0,0.333,0.41,0.493,0.903,0.397,0.39,0.128,0.115,0.085,0.492,90.9
672580,Maikel García,KC,R,2924,0.403,0.212,257.0,0.243,0.3,0.345,0.644,0.287,0.292,0.152,0.078,0.153,0.371,88.8
592518,Manny Machado,SD,L,1377,0.476,0.299,159.0,0.227,0.289,0.397,0.686,0.312,0.325,0.208,0.088,0.229,0.45,91.3
592518,Manny Machado,SD,R,3912,0.489,0.3,502.0,0.214,0.305,0.409,0.715,0.327,0.332,0.209,0.118,0.23,0.43,89.4
542303,Marcell Ozuna,PIT,L,1107,0.397,0.25,102.0,0.207,0.284,0.37,0.654,0.305,0.317,0.265,0.098,0.298,0.4,90.2
542303,Marcell Ozuna,PIT,R,2781,0.406,0.233,176.0,0.203,0.284,0.304,0.588,0.275,0.296,0.301,0.091,0.276,0.349,88.5
691785,Marcelo Mayer,SF,L,159,0.528,0.362,20.0,0.444,0.45,0.889,1.339,0.585,0.359,0.15,0.05,0.387,0.5,87.2
691785,Marcelo Mayer,SF,R,1233,0.494,0.285,215.0,0.192,0.265,0.249,0.514,0.25,0.249,0.214,0.079,0.258,0.342,85.7
543760,Marcus Semien,NYM,L,1152,0.463,0.238,149.0,0.223,0.309,0.346,0.655,0.308,0.328,0.195,0.107,0.201,0.373,88.6
543760,Marcus Semien,NYM,R,2940,0.501,0.257,387.0,0.215,0.272,0.342,0.614,0.287,0.293,0.181,0.072,0.215,0.326,85.7
668901,Mark Vientos,NYM,L,954,0.532,0.335,120.0,0.252,0.3,0.514,0.814,0.345,0.34,0.217,0.058,0.222,0.465,90.6
668901,Mark Vientos,NYM,R,1851,0.521,0.339,167.0,0.186,0.234,0.314,0.548,0.242,0.286,0.257,0.048,0.348,0.43,89.2
807799,Masataka Yoshida,BOS,L,210,0.419,0.236,30.0,0.296,0.367,0.407,0.774,0.375,0.393,0.133,0.1,0.119,0.609,90.6
807799,Masataka Yoshida,BOS,R,1581,0.434,0.283,266.0,0.271,0.342,0.398,0.74,0.335,0.309,0.109,0.09,0.14,0.376,88.6
691026,Masyn Winn,STL,L,1327,0.432,0.261,138.0,0.273,0.341,0.38,0.721,0.339,0.31,0.21,0.094,0.183,0.33,89.2
691026,Masyn Winn,STL,R,3033,0.431,0.242,386.0,0.222,0.301,0.301,0.602,0.279,0.294,0.212,0.088,0.223,0.355,87.5
656305,Matt Chapman,SF,L,903,0.43,0.203,94.0,0.238,0.351,0.388,0.739,0.349,0.315,0.213,0.149,0.194,0.383,90.9
656305,Matt Chapman,SF,R,2734,0.432,0.234,255.0,0.231,0.31,0.36,0.67,0.313,0.275,0.235,0.086,0.217,0.349,87.2
680574,Matt Mclain,CIN,L,1058,0.439,0.255,123.0,0.248,0.347,0.438,0.785,0.355,0.333,0.228,0.122,0.179,0.3,83.0
680574,Matt Mclain,CIN,R,3267,0.43,0.265,359.0,0.169,0.251,0.309,0.561,0.258,0.284,0.301,0.086,0.279,0.384,87.5
621566,Matt Olson,ATL,L,2051,0.474,0.294,278.0,0.259,0.317,0.506,0.822,0.354,0.336,0.255,0.072,0.25,0.497,91.3
621566,Matt Olson,ATL,R,4004,0.45,0.248,402.0,0.25,0.321,0.511,0.832,0.367,0.366,0.244,0.095,0.205,0.532,93.2
807713,Matt Shaw,CHC,L,793,0.487,0.326,91.0,0.273,0.367,0.468,0.834,0.365,0.294,0.165,0.11,0.194,0.344,86.1
807713,Matt Shaw,CHC,R,1665,0.454,0.298,101.0,0.195,0.283,0.356,0.639,0.306,0.299,0.198,0.099,0.18,0.329,82.6
663837,Matt Vierling,DET,L,666,0.452,0.289,119.0,0.257,0.328,0.438,0.766,0.347,0.341,0.126,0.101,0.121,0.424,89.4
663837,Matt Vierling,DET,R,868,0.484,0.317,172.0,0.174,0.205,0.267,0.472,0.21,0.278,0.198,0.041,0.19,0.336,86.4
670242,Matt Wallner,MIN,L,544,0.529,0.308,47.0,0.143,0.234,0.262,0.496,0.228,0.275,0.362,0.043,0.352,0.44,88.9
670242,Matt Wallner,MIN,R,1573,0.502,0.288,88.0,0.179,0.273,0.308,0.58,0.264,0.284,0.409,0.091,0.436,0.381,88.1
683090,Matthew Lugo,KC,L,97,0.485,0.333,,,,,,,,,,,,
683090,Matthew Lugo,KC,R,201,0.527,0.425,,,,,,,,,,,,
643289,Mauricio Dubón,ATL,L,1162,0.541,0.351,210.0,0.254,0.29,0.381,0.671,0.314,0.29,0.095,0.048,0.11,0.315,86.7
643289,Mauricio Dubón,ATL,R,2420,0.531,0.373,394.0,0.283,0.333,0.398,0.732,0.335,0.31,0.135,0.063,0.154,0.28,85.9
668974,Maverick Handley,BAL,L,34,0.353,0.118,,,,,,,,,,,,
668974,Maverick Handley,BAL,R,153,0.536,0.317,,,,,,,,,,,,
703601,Max Clark,DET,L,228,0.456,0.239,64.0,0.382,0.443,0.6,1.043,0.47,0.364,0.156,0.078,0.135,0.375,81.0
703601,Max Clark,DET,R,470,0.462,0.298,127.0,0.234,0.323,0.36,0.683,0.306,0.309,0.213,0.094,0.134,0.376,88.1
596146,Max Kepler,AZ,L,293,0.509,0.3,12.0,0.333,0.333,0.5,0.833,0.358,0.35,0.25,0.0,0.273,0.556,89.7
596146,Max Kepler,AZ,R,2078,0.486,0.291,133.0,0.19,0.248,0.281,0.529,0.243,0.263,0.218,0.075,0.236,0.376,88.0
571970,Max Muncy,LAD,L,833,0.462,0.288,132.0,0.256,0.341,0.496,0.837,0.361,0.315,0.28,0.091,0.29,0.4,88.9
691777,Max Muncy,ATH,L,605,0.489,0.28,105.0,0.209,0.314,0.363,0.677,0.304,0.309,0.305,0.124,0.311,0.492,92.2
571970,Max Muncy,LAD,R,3035,0.428,0.221,416.0,0.25,0.341,0.489,0.83,0.371,0.358,0.243,0.113,0.255,0.473,90.1
691777,Max Muncy,ATH,R,1329,0.505,0.342,180.0,0.241,0.283,0.398,0.681,0.302,0.275,0.328,0.044,0.295,0.404,87.4
680474,Max Schuemann,NYY,L,434,0.482,0.201,45.0,0.211,0.333,0.395,0.728,0.324,0.298,0.2,0.133,0.233,0.379,84.7
680474,Max Schuemann,NYY,R,762,0.417,0.188,44.0,0.167,0.318,0.306,0.624,0.305,0.327,0.273,0.136,0.262,0.455,87.9
683737,Michael Busch,CHC,L,1115,0.432,0.222,199.0,0.237,0.342,0.42,0.762,0.342,0.341,0.216,0.116,0.198,0.406,88.3
683737,Michael Busch,CHC,R,3945,0.452,0.244,494.0,0.242,0.352,0.385,0.737,0.341,0.329,0.239,0.132,0.254,0.395,88.2
624424,Michael Conforto,CHC,L,324,0.469,0.248,,,,,,,,,,,,
624424,Michael Conforto,CHC,R,2913,0.448,0.249,291.0,0.237,0.323,0.455,0.778,0.35,0.329,0.268,0.103,0.24,0.424,90.1
671739,Michael Harris,ATL,L,1372,0.539,0.431,223.0,0.282,0.32,0.45,0.77,0.346,0.316,0.179,0.045,0.219,0.394,85.6
671739,Michael Harris,ATL,R,2970,0.572,0.442,388.0,0.29,0.31,0.499,0.809,0.358,0.354,0.198,0.031,0.217,0.517,92.1
680737,Michael Helman,TEX,L,233,0.575,0.364,16.0,0.2,0.188,0.467,0.654,0.259,0.139,0.25,0.0,0.231,0.083,86.0
680737,Michael Helman,TEX,R,285,0.519,0.336,19.0,0.133,0.278,0.133,0.411,0.228,0.255,0.105,0.053,0.216,0.071,67.7
686681,Michael Massey,KC,L,531,0.531,0.348,101.0,0.295,0.323,0.463,0.786,0.354,0.257,0.218,0.04,0.238,0.307,82.1
686681,Michael Massey,KC,R,2077,0.53,0.384,338.0,0.27,0.303,0.429,0.731,0.316,0.321,0.148,0.05,0.162,0.417,90.1
672279,Michael Siani,BAL,R,66,0.439,0.389,,,,,,,,,,,,
683021,Michael Stefanic,ATH,L,114,0.386,0.254,20.0,0.278,0.35,0.333,0.683,0.312,0.299,0.25,0.1,0.103,0.231,89.8
683021,Michael Stefanic,ATH,R,101,0.426,0.191,,,,,,,,,,,,
669911,Michael Toglia,CIN,L,409,0.482,0.254,,,,,,,,,,,,
669911,Michael Toglia,CIN,R,1059,0.482,0.321,22.0,0.095,0.136,0.19,0.327,0.145,0.209,0.455,0.045,0.351,0.636,93.9
681508,Mickey Gasper,BOS,L,265,0.366,0.208,26.0,0.087,0.16,0.087,0.247,0.136,0.168,0.269,0.077,0.209,0.059,79.9
681508,Mickey Gasper,BOS,R,1007,0.394,0.205,193.0,0.282,0.389,0.534,0.922,0.401,0.385,0.145,0.124,0.159,0.412,89.5
666160,Mickey Moniak,COL,L,526,0.502,0.381,89.0,0.193,0.225,0.361,0.586,0.26,0.199,0.337,0.022,0.311,0.345,85.6
666160,Mickey Moniak,COL,R,2575,0.588,0.414,342.0,0.253,0.295,0.519,0.814,0.345,0.302,0.26,0.058,0.272,0.431,90.7
665804,Miguel Amaya,CHC,L,346,0.488,0.343,72.0,0.254,0.357,0.339,0.696,0.324,0.321,0.181,0.125,0.242,0.245,84.4
665804,Miguel Amaya,CHC,R,1018,0.478,0.314,174.0,0.22,0.324,0.373,0.697,0.334,0.275,0.305,0.08,0.26,0.392,87.9
609280,Miguel Andújar,SD,L,644,0.559,0.426,81.0,0.25,0.296,0.368,0.665,0.314,0.302,0.136,0.049,0.149,0.297,89.1
609280,Miguel Andújar,SD,R,1511,0.525,0.359,173.0,0.261,0.295,0.442,0.737,0.322,0.296,0.15,0.029,0.179,0.394,87.9
500743,Miguel Rojas,LAD,L,1096,0.452,0.257,160.0,0.295,0.338,0.473,0.81,0.365,0.313,0.112,0.062,0.146,0.366,88.0
500743,Miguel Rojas,LAD,R,896,0.469,0.328,84.0,0.219,0.256,0.247,0.503,0.249,0.3,0.095,0.048,0.18,0.324,81.8
678246,Miguel Vargas,CWS,L,1458,0.442,0.218,203.0,0.267,0.369,0.529,0.899,0.4,0.408,0.172,0.143,0.149,0.529,92.3
678246,Miguel Vargas,CWS,R,3612,0.45,0.21,481.0,0.243,0.349,0.456,0.805,0.356,0.368,0.181,0.129,0.185,0.399,89.1
545361,Mike Trout,LAA,L,1245,0.382,0.2,173.0,0.265,0.37,0.435,0.805,0.374,0.373,0.243,0.139,0.203,0.437,88.8
545361,Mike Trout,LAA,R,3955,0.39,0.209,444.0,0.232,0.365,0.415,0.78,0.373,0.382,0.268,0.151,0.239,0.471,90.5
573262,Mike Yastrzemski,ATL,L,557,0.438,0.27,38.0,0.212,0.316,0.333,0.649,0.296,0.222,0.368,0.079,0.22,0.368,86.2
573262,Mike Yastrzemski,ATL,R,3428,0.415,0.234,354.0,0.232,0.314,0.398,0.712,0.321,0.32,0.226,0.102,0.206,0.432,90.0
670156,Miles Mastrobuoni,SEA,L,77,0.416,0.242,,,,,,,,,,,,
670156,Miles Mastrobuoni,SEA,R,699,0.395,0.199,28.0,0.16,0.214,0.16,0.374,0.179,0.187,0.357,0.071,0.2,0.25,90.1
641598,Mitch Garver,SEA,L,934,0.407,0.213,64.0,0.222,0.344,0.315,0.659,0.334,0.289,0.266,0.141,0.262,0.459,91.5
641598,Mitch Garver,SEA,R,868,0.411,0.233,85.0,0.139,0.271,0.278,0.548,0.277,0.31,0.376,0.153,0.374,0.5,89.8
669004,Mj Melendez,NYM,L,98,0.429,0.261,14.0,0.273,0.385,0.545,0.93,0.415,0.338,0.429,0.071,0.292,0.5,92.0
669004,Mj Melendez,NYM,R,772,0.473,0.307,131.0,0.182,0.305,0.327,0.633,0.29,0.275,0.336,0.122,0.309,0.561,93.7
694208,Moisés Ballesteros,LAA,L,249,0.518,0.387,60.0,0.236,0.267,0.291,0.558,0.248,0.265,0.233,0.033,0.195,0.395,86.6
694208,Moisés Ballesteros,LAA,R,1299,0.499,0.343,279.0,0.215,0.287,0.351,0.637,0.288,0.299,0.226,0.093,0.264,0.479,91.1
605141,Mookie Betts,LAD,L,1334,0.4,0.214,165.0,0.245,0.303,0.424,0.727,0.336,0.359,0.073,0.079,0.073,0.384,91.2
605141,Mookie Betts,LAD,R,3025,0.415,0.207,346.0,0.26,0.327,0.46,0.787,0.347,0.328,0.124,0.084,0.133,0.382,89.9
808959,Munetaka Murakami,CWS,L,742,0.391,0.195,163.0,0.18,0.35,0.375,0.725,0.333,0.358,0.356,0.196,0.39,0.6,93.7
808959,Munetaka Murakami,CWS,R,1638,0.402,0.234,367.0,0.212,0.33,0.503,0.833,0.365,0.34,0.36,0.139,0.402,0.545,93.7
664702,Myles Straw,TOR,L,1254,0.437,0.262,170.0,0.225,0.29,0.338,0.628,0.295,0.28,0.159,0.088,0.126,0.289,84.5
664702,Myles Straw,TOR,R,1102,0.425,0.233,155.0,0.252,0.316,0.345,0.661,0.313,0.306,0.103,0.077,0.088,0.222,84.3
683083,Nasim Nuñez,WSH,L,738,0.431,0.211,147.0,0.206,0.315,0.254,0.569,0.299,0.288,0.177,0.129,0.181,0.245,84.1
683083,Nasim Nuñez,WSH,R,1623,0.466,0.258,335.0,0.206,0.277,0.233,0.511,0.257,0.258,0.215,0.09,0.198,0.203,81.1
681987,Nate Eaton,BOS,L,336,0.476,0.319,34.0,0.111,0.294,0.148,0.442,0.234,0.259,0.324,0.147,0.329,0.188,82.2
681987,Nate Eaton,BOS,R,250,0.464,0.263,24.0,0.19,0.292,0.381,0.673,0.298,0.321,0.167,0.125,0.283,0.412,90.7
801501,Nate Furman,SF,R,146,0.452,0.325,38.0,0.125,0.243,0.125,0.368,0.197,0.227,0.263,0.132,0.182,0.174,79.6
701675,Nathan Church,STL,L,431,0.515,0.382,102.0,0.237,0.287,0.333,0.62,0.29,0.27,0.137,0.059,0.148,0.21,78.8
701675,Nathan Church,STL,R,1567,0.557,0.413,357.0,0.255,0.297,0.382,0.679,0.305,0.292,0.179,0.053,0.198,0.321,85.3
664770,Nathan Lukes,TOR,L,491,0.444,0.339,83.0,0.205,0.275,0.274,0.549,0.269,0.246,0.193,0.048,0.161,0.117,79.1
664770,Nathan Lukes,TOR,R,2911,0.501,0.327,359.0,0.291,0.335,0.409,0.744,0.34,0.3,0.134,0.056,0.133,0.33,86.4
663993,Nathaniel Lowe,CLE,L,897,0.452,0.271,43.0,0.103,0.163,0.128,0.291,0.162,0.226,0.233,0.047,0.27,0.303,85.8
663993,Nathaniel Lowe,CLE,R,3460,0.45,0.251,373.0,0.27,0.335,0.486,0.822,0.364,0.348,0.236,0.091,0.188,0.427,89.9
676369,Nelson Velázquez,HOU,L,308,0.503,0.352,79.0,0.183,0.253,0.437,0.69,0.293,0.34,0.329,0.076,0.394,0.63,95.8
676369,Nelson Velázquez,HOU,R,138,0.457,0.25,32.0,0.207,0.25,0.345,0.595,0.258,0.333,0.375,0.062,0.302,0.611,92.4
669397,Nick Allen,HOU,L,600,0.488,0.248,43.0,0.308,0.333,0.487,0.821,0.376,0.275,0.163,0.023,0.203,0.294,82.8
669397,Nick Allen,HOU,R,1558,0.463,0.25,118.0,0.267,0.319,0.343,0.662,0.308,0.232,0.212,0.076,0.215,0.25,82.4
592206,Nick Castellanos,SD,L,837,0.6,0.434,34.0,0.176,0.176,0.294,0.471,0.247,0.287,0.265,0.0,0.261,0.458,86.7
592206,Nick Castellanos,SD,R,1812,0.576,0.397,88.0,0.195,0.227,0.354,0.581,0.259,0.284,0.284,0.045,0.34,0.339,88.1
663743,Nick Fortes,TB,L,1021,0.496,0.333,160.0,0.254,0.318,0.345,0.664,0.308,0.287,0.125,0.05,0.157,0.354,83.2
663743,Nick Fortes,TB,R,980,0.487,0.342,153.0,0.274,0.303,0.404,0.707,0.313,0.263,0.137,0.026,0.159,0.354,84.7
693304,Nick Gonzales,PIT,L,1053,0.552,0.303,191.0,0.272,0.335,0.335,0.67,0.309,0.293,0.157,0.073,0.206,0.319,86.6
693304,Nick Gonzales,PIT,R,2536,0.54,0.319,404.0,0.316,0.379,0.414,0.793,0.362,0.34,0.168,0.067,0.203,0.35,86.0
701762,Nick Kurtz,ATH,L,1269,0.436,0.259,158.0,0.232,0.329,0.384,0.713,0.332,0.29,0.38,0.114,0.341,0.447,89.8
701762,Nick Kurtz,ATH,R,2580,0.421,0.214,278.0,0.258,0.399,0.52,0.919,0.433,0.422,0.291,0.187,0.329,0.644,95.0
679845,Nick Loftin,KC,L,906,0.427,0.259,169.0,0.262,0.345,0.4,0.745,0.332,0.316,0.166,0.101,0.174,0.317,86.2
679845,Nick Loftin,KC,R,1366,0.417,0.239,255.0,0.223,0.306,0.375,0.681,0.316,0.279,0.169,0.094,0.164,0.283,85.0
663611,Nick Madrigal,TB,L,84,0.488,0.256,22.0,0.158,0.227,0.211,0.438,0.243,0.242,0.045,0.091,0.0,0.263,86.9
663611,Nick Madrigal,TB,R,155,0.503,0.316,41.0,0.343,0.439,0.371,0.81,0.374,0.32,0.049,0.122,0.103,0.273,88.7
703492,Nick Morabito,NYM,L,65,0.354,0.351,17.0,0.071,0.235,0.071,0.307,0.176,0.324,0.353,0.118,0.391,0.5,92.7
703492,Nick Morabito,NYM,R,96,0.406,0.312,27.0,0.24,0.296,0.28,0.576,0.275,0.301,0.296,0.037,0.256,0.438,89.1
686765,Nick Sogard,BOS,L,388,0.43,0.266,65.0,0.279,0.323,0.475,0.798,0.35,0.301,0.246,0.062,0.193,0.386,87.6
686765,Nick Sogard,BOS,R,1083,0.394,0.235,199.0,0.246,0.345,0.359,0.705,0.342,0.313,0.191,0.126,0.19,0.256,82.2
669256,Nick Solak,SD,L,38,0.579,0.524,,,,,,,,,,,,
669256,Nick Solak,SD,R,18,0.444,0.429,,,,,,,,,,,,
694377,Nick Yorke,PIT,L,354,0.497,0.321,61.0,0.218,0.279,0.291,0.57,0.273,0.27,0.262,0.082,0.26,0.4,86.7
694377,Nick Yorke,PIT,R,393,0.509,0.31,56.0,0.204,0.291,0.265,0.556,0.263,0.309,0.179,0.071,0.158,0.475,87.9
670032,Nicky Lopez,TEX,L,232,0.5,0.33,58.0,0.235,0.259,0.235,0.495,0.245,0.239,0.155,0.017,0.123,0.17,75.9
670032,Nicky Lopez,TEX,R,837,0.503,0.311,204.0,0.278,0.332,0.328,0.659,0.317,0.274,0.167,0.049,0.18,0.234,82.1
663538,Nico Hoerner,CHC,L,1047,0.518,0.373,170.0,0.253,0.3,0.373,0.673,0.309,0.309,0.1,0.053,0.121,0.296,85.7
663538,Nico Hoerner,CHC,R,3659,0.467,0.315,502.0,0.263,0.321,0.34,0.661,0.311,0.328,0.082,0.068,0.106,0.291,86.0
682622,Noelvi Marte,CIN,L,608,0.508,0.336,53.0,0.157,0.189,0.353,0.542,0.231,0.206,0.358,0.038,0.255,0.281,87.8
682622,Noelvi Marte,CIN,R,1420,0.522,0.372,145.0,0.191,0.234,0.294,0.529,0.241,0.248,0.228,0.055,0.257,0.308,88.0
571448,Nolan Arenado,AZ,L,1035,0.48,0.338,155.0,0.271,0.335,0.55,0.885,0.386,0.314,0.194,0.09,0.232,0.391,87.4
571448,Nolan Arenado,AZ,R,2900,0.469,0.325,426.0,0.241,0.315,0.427,0.741,0.334,0.288,0.207,0.08,0.216,0.282,84.3
669357,Nolan Gorman,STL,L,545,0.479,0.319,46.0,0.19,0.239,0.286,0.525,0.234,0.281,0.283,0.065,0.337,0.367,85.5
669357,Nolan Gorman,STL,R,2346,0.478,0.288,251.0,0.185,0.271,0.315,0.586,0.271,0.281,0.323,0.108,0.359,0.436,90.3
694384,Nolan Schanuel,LAA,L,904,0.428,0.198,119.0,0.226,0.294,0.321,0.615,0.276,0.284,0.151,0.067,0.107,0.247,82.9
694384,Nolan Schanuel,LAA,R,2942,0.451,0.27,327.0,0.294,0.371,0.409,0.78,0.354,0.353,0.119,0.104,0.151,0.359,88.7
686554,Oliver Dunn,TB,L,33,0.515,0.25,,,,,,,,,,,,
686554,Oliver Dunn,TB,R,163,0.417,0.176,,,,,,,,,,,,
665833,Oneil Cruz,PIT,L,1038,0.415,0.289,133.0,0.323,0.368,0.476,0.844,0.389,0.316,0.383,0.06,0.307,0.534,94.5
665833,Oneil Cruz,PIT,R,2925,0.415,0.291,275.0,0.253,0.356,0.489,0.846,0.385,0.37,0.313,0.127,0.35,0.527,93.7
606115,Orlando Arcia,MIN,L,272,0.548,0.35,20.0,0.2,0.2,0.35,0.55,0.235,0.181,0.25,0.0,0.286,0.267,84.7
606115,Orlando Arcia,MIN,R,680,0.528,0.324,30.0,0.321,0.367,0.357,0.724,0.328,0.287,0.1,0.067,0.116,0.24,86.7
678545,Osleivis Basabe,SF,L,244,0.455,0.363,59.0,0.118,0.237,0.176,0.414,0.205,0.258,0.186,0.102,0.189,0.275,86.6
678545,Osleivis Basabe,SF,R,308,0.451,0.322,82.0,0.263,0.296,0.461,0.757,0.338,0.305,0.207,0.037,0.194,0.387,86.6
672724,Oswald Peraza,LAA,L,857,0.532,0.343,136.0,0.232,0.289,0.416,0.705,0.315,0.326,0.287,0.059,0.266,0.379,88.0
672724,Oswald Peraza,LAA,R,1545,0.54,0.35,228.0,0.224,0.281,0.29,0.571,0.279,0.242,0.307,0.039,0.274,0.35,85.5
665828,Oswaldo Cabrera,CIN,L,112,0.554,0.268,,,,,,,,,,,,
665828,Oswaldo Cabrera,CIN,R,403,0.476,0.291,12.0,0.0,0.0,0.0,0.0,0.04,0.161,0.333,0.0,0.143,0.375,73.2
805249,Otto Kemp,PHI,L,389,0.481,0.284,22.0,0.1,0.182,0.1,0.282,0.145,0.209,0.364,0.045,0.333,0.083,79.4
805249,Otto Kemp,PHI,R,550,0.529,0.316,,,,,,,,,,,,
672640,Otto Lopez,MIA,L,1341,0.465,0.305,163.0,0.333,0.35,0.5,0.85,0.366,0.32,0.135,0.043,0.181,0.39,89.3
672640,Otto Lopez,MIA,R,3269,0.459,0.301,509.0,0.292,0.344,0.417,0.761,0.356,0.329,0.13,0.059,0.172,0.418,88.3
683357,Owen Caissie,MIA,L,178,0.382,0.264,41.0,0.243,0.293,0.297,0.59,0.266,0.215,0.463,0.049,0.368,0.316,86.4
683357,Owen Caissie,MIA,R,1289,0.482,0.308,292.0,0.214,0.284,0.424,0.708,0.316,0.314,0.356,0.086,0.328,0.465,90.8
645277,Ozzie Albies,ATL,L,1431,0.616,0.436,257.0,0.275,0.3,0.433,0.733,0.328,0.277,0.093,0.035,0.169,0.287,86.3
645277,Ozzie Albies,ATL,R,3468,0.523,0.328,409.0,0.217,0.293,0.376,0.669,0.297,0.278,0.181,0.088,0.212,0.269,87.6
664731,P. J. Higgins,CIN,L,18,0.389,0.25,,,,,,,,,,,,
664731,P. J. Higgins,CIN,R,110,0.391,0.163,28.0,0.261,0.308,0.304,0.612,0.29,0.304,0.25,0.071,0.186,0.158,79.0
678009,Parker Meadows,DET,L,182,0.44,0.176,,,,,,,,,,,,
678009,Parker Meadows,DET,R,840,0.446,0.258,38.0,0.257,0.316,0.343,0.659,0.296,0.249,0.263,0.053,0.194,0.2,85.9
672275,Patrick Bailey,CLE,L,670,0.487,0.312,55.0,0.136,0.259,0.227,0.487,0.234,0.279,0.309,0.145,0.287,0.433,91.4
672275,Patrick Bailey,CLE,R,2372,0.489,0.292,277.0,0.22,0.276,0.339,0.615,0.282,0.309,0.256,0.069,0.243,0.415,88.8
621550,Patrick Wisdom,SEA,L,92,0.511,0.395,24.0,0.087,0.125,0.087,0.212,0.126,0.094,0.5,0.042,0.383,0.4,93.7
621550,Patrick Wisdom,SEA,R,98,0.582,0.412,26.0,0.12,0.154,0.28,0.434,0.187,0.361,0.346,0.038,0.368,0.438,92.0
502671,Paul Goldschmidt,NYY,L,1409,0.422,0.237,178.0,0.305,0.393,0.584,0.978,0.425,0.379,0.169,0.112,0.183,0.377,88.3
502671,Paul Goldschmidt,NYY,R,2169,0.512,0.334,192.0,0.207,0.234,0.342,0.577,0.26,0.252,0.276,0.036,0.288,0.348,85.2
656976,Pavin Smith,AZ,L,129,0.364,0.246,,,,,,,,,,,,
656976,Pavin Smith,AZ,R,1563,0.419,0.234,102.0,0.178,0.265,0.3,0.565,0.256,0.29,0.216,0.108,0.207,0.406,88.2
686780,Pedro Pagés,STL,L,880,0.5,0.356,93.0,0.209,0.269,0.244,0.513,0.241,0.258,0.29,0.075,0.256,0.441,87.8
686780,Pedro Pagés,STL,R,1469,0.508,0.354,114.0,0.218,0.264,0.366,0.63,0.284,0.273,0.246,0.044,0.269,0.321,83.0
699393,Pedro Ramírez,CHC,L,156,0.481,0.256,44.0,0.35,0.409,0.575,0.984,0.485,0.383,0.091,0.091,0.107,0.417,87.6
699393,Pedro Ramírez,CHC,R,791,0.499,0.334,209.0,0.24,0.288,0.37,0.658,0.293,0.261,0.201,0.062,0.203,0.382,88.9
624413,Pete Alonso,BAL,L,1721,0.451,0.27,209.0,0.245,0.311,0.426,0.737,0.331,0.381,0.239,0.072,0.248,0.628,95.1
624413,Pete Alonso,BAL,R,3955,0.454,0.271,478.0,0.269,0.368,0.545,0.913,0.394,0.406,0.243,0.121,0.243,0.532,93.4
691718,Pete Crow-Armstrong,CHC,L,1594,0.516,0.341,226.0,0.281,0.376,0.51,0.886,0.384,0.326,0.283,0.102,0.239,0.439,88.2
691718,Pete Crow-Armstrong,CHC,R,3536,0.548,0.386,482.0,0.278,0.36,0.603,0.963,0.414,0.399,0.249,0.106,0.249,0.508,90.5
690984,Petey Halpin,CLE,L,162,0.537,0.342,45.0,0.1,0.14,0.175,0.315,0.151,0.219,0.222,0.044,0.267,0.121,72.6
690984,Petey Halpin,CLE,R,513,0.596,0.394,144.0,0.261,0.298,0.373,0.671,0.306,0.311,0.174,0.035,0.212,0.304,84.8
646240,Rafael Devers,SF,L,1887,0.504,0.305,220.0,0.178,0.241,0.332,0.573,0.257,0.275,0.282,0.068,0.28,0.461,90.4
646240,Rafael Devers,SF,R,3829,0.449,0.264,409.0,0.301,0.379,0.63,1.008,0.433,0.378,0.242,0.115,0.258,0.546,94.2
804668,Rafael Flores,PIT,L,349,0.447,0.295,75.0,0.269,0.347,0.522,0.869,0.373,0.326,0.28,0.107,0.289,0.37,90.4
804668,Rafael Flores,PIT,R,346,0.471,0.294,78.0,0.278,0.333,0.542,0.875,0.394,0.381,0.269,0.077,0.28,0.569,91.6
665561,Rafael Marchán,PHI,L,246,0.431,0.196,30.0,0.103,0.133,0.207,0.34,0.21,0.171,0.167,0.0,0.113,0.208,81.0
665561,Rafael Marchán,PHI,R,583,0.485,0.304,65.0,0.097,0.138,0.145,0.284,0.132,0.216,0.154,0.031,0.168,0.173,82.9
657656,Ramón Laureano,SD,L,880,0.47,0.25,55.0,0.16,0.236,0.28,0.516,0.234,0.294,0.273,0.091,0.3,0.257,85.0
657656,Ramón Laureano,SD,R,1971,0.49,0.294,151.0,0.22,0.305,0.409,0.714,0.312,0.319,0.331,0.099,0.302,0.476,89.2
602104,Ramón Urías,STL,L,632,0.487,0.284,40.0,0.235,0.35,0.618,0.968,0.404,0.441,0.2,0.1,0.185,0.5,92.7
602104,Ramón Urías,STL,R,1242,0.488,0.265,60.0,0.096,0.2,0.135,0.335,0.183,0.209,0.167,0.083,0.22,0.256,86.0
545341,Randal Grichuk,CWS,L,1314,0.517,0.347,173.0,0.327,0.364,0.642,1.006,0.432,0.378,0.22,0.052,0.182,0.556,92.5
545341,Randal Grichuk,CWS,R,743,0.485,0.322,95.0,0.226,0.221,0.441,0.662,0.275,0.261,0.232,0.0,0.299,0.419,90.4
668227,Randy Arozarena,SEA,L,1531,0.47,0.299,186.0,0.311,0.387,0.559,0.946,0.412,0.349,0.183,0.097,0.205,0.427,89.5
668227,Randy Arozarena,SEA,R,4027,0.438,0.271,464.0,0.262,0.373,0.435,0.808,0.37,0.352,0.224,0.106,0.257,0.434,91.6
669384,Raynel Delgado,HOU,L,31,0.516,0.444,10.0,0.286,0.444,0.714,1.159,0.5,0.319,0.2,0.2,0.312,0.333,75.9
669384,Raynel Delgado,HOU,R,101,0.505,0.245,31.0,0.233,0.258,0.267,0.525,0.237,0.25,0.129,0.032,0.235,0.32,86.1
677956,Rece Hinds,BAL,L,229,0.524,0.407,31.0,0.077,0.194,0.154,0.347,0.171,0.202,0.516,0.129,0.427,0.636,89.0
677956,Rece Hinds,BAL,R,211,0.536,0.361,33.0,0.226,0.273,0.323,0.595,0.265,0.195,0.333,0.03,0.385,0.227,87.8
624512,Reese Mcguire,CWS,L,70,0.457,0.375,,,,,,,,,,,,
624512,Reese Mcguire,CWS,R,545,0.539,0.367,31.0,0.148,0.233,0.148,0.381,0.197,0.217,0.258,0.065,0.184,0.1,71.7
656555,Rhys Hoskins,CLE,L,1027,0.429,0.208,127.0,0.154,0.276,0.356,0.631,0.29,0.3,0.331,0.142,0.289,0.453,91.7
656555,Rhys Hoskins,CLE,R,1745,0.401,0.212,192.0,0.193,0.323,0.385,0.708,0.317,0.294,0.302,0.151,0.305,0.388,87.9
680700,Richie Palacios,TB,L,295,0.478,0.329,60.0,0.167,0.25,0.241,0.491,0.228,0.221,0.2,0.083,0.185,0.14,81.5
680700,Richie Palacios,TB,R,1393,0.455,0.307,324.0,0.248,0.345,0.403,0.748,0.336,0.324,0.17,0.12,0.188,0.317,85.8
807747,Rikuu Nishida,CWS,R,87,0.46,0.316,26.0,0.24,0.24,0.24,0.48,0.26,0.247,0.154,0.0,0.15,0.136,82.5
682985,Riley Greene,DET,L,1629,0.475,0.28,181.0,0.247,0.359,0.435,0.794,0.368,0.362,0.26,0.138,0.274,0.425,89.2
682985,Riley Greene,DET,R,3512,0.503,0.291,399.0,0.291,0.363,0.484,0.848,0.377,0.378,0.266,0.1,0.275,0.48,90.3
608701,Rob Refsnyder,SEA,L,1040,0.406,0.193,106.0,0.149,0.217,0.287,0.504,0.223,0.254,0.292,0.057,0.241,0.358,86.3
608701,Rob Refsnyder,SEA,R,375,0.456,0.272,21.0,0.105,0.15,0.105,0.255,0.135,0.258,0.286,0.048,0.343,0.286,84.4
660710,Rodolfo Durán,SD,L,80,0.388,0.292,18.0,0.071,0.278,0.143,0.421,0.225,0.274,0.278,0.167,0.323,0.2,88.0
660710,Rodolfo Durán,SD,R,273,0.469,0.321,72.0,0.164,0.211,0.343,0.555,0.256,0.252,0.264,0.056,0.227,0.327,86.7
701350,Roman Anthony,BOS,L,705,0.384,0.246,77.0,0.236,0.286,0.306,0.591,0.268,0.304,0.195,0.065,0.197,0.351,89.0
701350,Roman Anthony,BOS,R,1488,0.384,0.198,155.0,0.233,0.342,0.406,0.748,0.345,0.356,0.303,0.135,0.278,0.541,93.7
663853,Romy Gonzalez,BOS,L,690,0.514,0.32,40.0,0.171,0.275,0.343,0.618,0.276,0.305,0.3,0.1,0.329,0.435,87.5
663853,Romy Gonzalez,BOS,R,841,0.549,0.368,33.0,0.2,0.25,0.267,0.517,0.269,0.269,0.273,0.03,0.246,0.318,84.7
660670,Ronald Acuña,ATL,L,1187,0.451,0.244,143.0,0.228,0.336,0.415,0.75,0.337,0.348,0.245,0.133,0.243,0.356,87.5
660670,Ronald Acuña,ATL,R,2402,0.485,0.268,313.0,0.27,0.351,0.478,0.83,0.372,0.377,0.211,0.102,0.272,0.474,90.4
677595,Ronny Mauricio,NYM,L,192,0.5,0.467,11.0,0.182,0.182,0.273,0.455,0.195,0.252,0.455,0.0,0.444,0.667,95.7
677595,Ronny Mauricio,NYM,R,696,0.555,0.42,43.0,0.171,0.209,0.244,0.453,0.205,0.209,0.326,0.023,0.267,0.259,87.7
682927,Ronny Simon,PIT,L,133,0.541,0.394,21.0,0.263,0.3,0.421,0.721,0.325,0.381,0.19,0.048,0.125,0.375,81.7
682927,Ronny Simon,PIT,R,431,0.476,0.3,38.0,0.278,0.316,0.361,0.677,0.301,0.274,0.132,0.053,0.173,0.258,83.5
642133,Rowdy Tellez,ATL,L,117,0.47,0.345,,,,,,,,,,,,
642133,Rowdy Tellez,ATL,R,1223,0.446,0.297,,,,,,,,,,,,
668904,Royce Lewis,MIN,L,1004,0.496,0.314,141.0,0.244,0.298,0.405,0.702,0.332,0.327,0.213,0.064,0.253,0.4,89.1
668904,Royce Lewis,MIN,R,2463,0.509,0.326,356.0,0.218,0.281,0.364,0.645,0.291,0.296,0.264,0.079,0.328,0.398,89.5
669208,Ryan Bliss,SEA,L,77,0.468,0.147,,,,,,,,,,,,
669208,Ryan Bliss,SEA,R,119,0.429,0.221,,,,,,,,,,,,
680777,Ryan Jeffers,MIN,L,1204,0.356,0.207,135.0,0.263,0.378,0.412,0.79,0.361,0.346,0.163,0.156,0.127,0.402,89.3
680777,Ryan Jeffers,MIN,R,2187,0.413,0.278,224.0,0.244,0.326,0.482,0.808,0.363,0.339,0.192,0.098,0.167,0.417,88.3
668952,Ryan Kreidler,MIN,L,480,0.492,0.243,112.0,0.196,0.304,0.371,0.675,0.317,0.321,0.161,0.116,0.255,0.418,89.0
668952,Ryan Kreidler,MIN,R,685,0.526,0.313,152.0,0.229,0.265,0.382,0.647,0.293,0.276,0.276,0.046,0.309,0.34,86.0
641857,Ryan Mcmahon,NYY,L,786,0.431,0.246,64.0,0.193,0.281,0.228,0.509,0.242,0.304,0.297,0.078,0.259,0.395,86.3
641857,Ryan Mcmahon,NYY,R,3181,0.456,0.263,291.0,0.213,0.275,0.378,0.653,0.294,0.294,0.289,0.079,0.274,0.451,90.2
663624,Ryan Mountcastle,BAL,L,362,0.583,0.404,,,,,,,,,,,,
663624,Ryan Mountcastle,BAL,R,1047,0.574,0.394,11.0,0.3,0.364,0.4,0.764,0.341,0.296,0.091,0.091,0.083,0.444,88.6
656811,Ryan O'Hearn,PIT,L,945,0.46,0.313,134.0,0.218,0.269,0.355,0.623,0.274,0.281,0.231,0.052,0.186,0.383,88.1
656811,Ryan O'Hearn,PIT,R,2924,0.467,0.283,303.0,0.288,0.356,0.487,0.844,0.378,0.334,0.208,0.086,0.207,0.442,89.6
690022,Ryan Ritter,COL,L,200,0.585,0.352,10.0,0.0,0.111,0.0,0.111,0.1,0.12,0.5,0.1,0.45,0.0,68.4
690022,Ryan Ritter,COL,R,649,0.513,0.312,11.0,0.273,0.273,0.273,0.545,0.245,0.283,0.273,0.0,0.2,0.5,93.8
668723,Ryan Vilade,TB,L,707,0.512,0.273,163.0,0.276,0.344,0.49,0.833,0.368,0.347,0.233,0.086,0.203,0.405,89.5
668723,Ryan Vilade,TB,R,410,0.449,0.273,100.0,0.207,0.293,0.368,0.661,0.329,0.313,0.24,0.1,0.197,0.4,87.9
814439,Ryan Waldschmidt,AZ,L,350,0.409,0.188,86.0,0.284,0.369,0.378,0.747,0.361,0.287,0.244,0.116,0.238,0.236,82.9
814439,Ryan Waldschmidt,AZ,R,755,0.441,0.271,195.0,0.24,0.304,0.349,0.653,0.301,0.302,0.323,0.062,0.312,0.322,86.2
669899,Ryan Ward,LAD,R,241,0.523,0.31,56.0,0.235,0.304,0.49,0.794,0.339,0.329,0.268,0.089,0.206,0.297,90.2
686217,Sal Frelick,MIL,L,973,0.434,0.264,97.0,0.207,0.271,0.276,0.547,0.268,0.3,0.103,0.062,0.123,0.215,81.6
686217,Sal Frelick,MIL,R,2760,0.433,0.25,277.0,0.235,0.293,0.327,0.62,0.306,0.27,0.097,0.079,0.074,0.294,85.5
701398,Sal Stewart,CIN,L,782,0.462,0.295,178.0,0.264,0.337,0.447,0.784,0.357,0.353,0.253,0.096,0.231,0.478,91.6
701398,Sal Stewart,CIN,R,2131,0.503,0.326,492.0,0.27,0.329,0.48,0.809,0.356,0.343,0.215,0.081,0.243,0.395,90.1
521692,Salvador Pérez,KC,L,1147,0.6,0.485,172.0,0.261,0.297,0.41,0.706,0.324,0.34,0.186,0.029,0.209,0.5,90.6
521692,Salvador Pérez,KC,R,3425,0.554,0.422,441.0,0.211,0.252,0.352,0.604,0.277,0.301,0.195,0.034,0.248,0.401,88.5
803011,Sam Antonacci,CWS,L,438,0.397,0.252,109.0,0.226,0.333,0.258,0.591,0.286,0.288,0.211,0.046,0.126,0.229,81.6
803011,Sam Antonacci,CWS,R,1678,0.43,0.208,430.0,0.278,0.369,0.42,0.79,0.369,0.357,0.135,0.086,0.125,0.355,88.3
664059,Sam Haggerty,TEX,L,464,0.502,0.262,36.0,0.152,0.222,0.182,0.404,0.193,0.177,0.361,0.056,0.279,0.1,81.4
664059,Sam Haggerty,TEX,R,349,0.493,0.289,11.0,0.182,0.182,0.182,0.364,0.164,0.198,0.273,0.0,0.32,0.0,74.9
669087,Sam Huff,BAL,L,120,0.492,0.298,12.0,0.167,0.167,0.25,0.417,0.254,0.119,0.583,0.0,0.464,0.8,92.9
669087,Sam Huff,BAL,R,236,0.521,0.315,22.0,0.095,0.136,0.143,0.279,0.13,0.147,0.545,0.045,0.413,0.444,90.2
669392,Samad Taylor,SD,L,212,0.415,0.322,49.0,0.326,0.367,0.413,0.78,0.347,0.245,0.265,0.041,0.179,0.212,68.9
669392,Samad Taylor,SD,R,464,0.414,0.284,115.0,0.337,0.429,0.442,0.871,0.407,0.346,0.243,0.139,0.245,0.239,81.3
694212,Samuel Basallo,BAL,L,452,0.513,0.399,99.0,0.172,0.222,0.237,0.459,0.219,0.214,0.374,0.051,0.384,0.339,84.7
694212,Samuel Basallo,BAL,R,1453,0.537,0.393,298.0,0.239,0.305,0.463,0.768,0.341,0.353,0.232,0.081,0.257,0.453,92.0
506702,Sandy León,ATL,L,90,0.622,0.474,20.0,0.1,0.1,0.1,0.2,0.09,0.126,0.4,0.0,0.32,0.083,78.5
506702,Sandy León,ATL,R,130,0.5,0.276,24.0,0.083,0.083,0.083,0.167,0.075,0.138,0.417,0.0,0.204,0.286,84.7
669289,Santiago Espinal,LAD,L,678,0.426,0.23,36.0,0.182,0.2,0.273,0.473,0.211,0.261,0.111,0.028,0.121,0.29,84.5
669289,Santiago Espinal,LAD,R,849,0.477,0.271,24.0,0.391,0.391,0.522,0.913,0.407,0.334,0.167,0.0,0.159,0.35,80.7
664068,Scott Kingery,CHC,L,52,0.615,0.435,,,,,,,,,,,,
664068,Scott Kingery,CHC,R,67,0.537,0.323,,,,,,,,,,,,
815873,Sean Keys,TOR,L,20,0.5,0.3,,,,,,,,,,,,
815873,Sean Keys,TOR,R,244,0.529,0.37,58.0,0.204,0.241,0.352,0.593,0.288,0.251,0.328,0.034,0.279,0.528,88.9
669221,Sean Murphy,ATL,L,660,0.489,0.273,33.0,0.1,0.182,0.2,0.382,0.179,0.221,0.364,0.091,0.388,0.222,83.0
669221,Sean Murphy,ATL,R,1115,0.478,0.289,77.0,0.197,0.26,0.338,0.598,0.3,0.265,0.312,0.078,0.295,0.426,88.0
665861,Sebastián Rivero,LAA,L,77,0.558,0.419,14.0,0.083,0.154,0.083,0.237,0.208,0.236,0.143,0.071,0.235,0.273,83.3
665861,Sebastián Rivero,LAA,R,283,0.608,0.474,42.0,0.3,0.333,0.35,0.683,0.307,0.283,0.214,0.048,0.206,0.097,80.1
673548,Seiya Suzuki,CHC,L,1507,0.378,0.172,163.0,0.311,0.417,0.541,0.958,0.439,0.392,0.184,0.153,0.142,0.419,89.0
673548,Seiya Suzuki,CHC,R,3869,0.412,0.23,457.0,0.251,0.337,0.442,0.779,0.35,0.316,0.265,0.107,0.231,0.379,88.5
676566,Shawn Ross,PIT,R,21,0.476,0.273,,,,,,,,,,,,
694376,Shay Whitcomb,SF,L,173,0.486,0.298,41.0,0.195,0.195,0.293,0.488,0.239,0.235,0.293,0.0,0.254,0.286,87.3
694376,Shay Whitcomb,SF,R,393,0.506,0.361,76.0,0.186,0.23,0.343,0.573,0.268,0.276,0.276,0.053,0.272,0.353,83.7
669127,Shea Langeliers,ATH,L,933,0.538,0.35,135.0,0.317,0.378,0.602,0.979,0.432,0.395,0.215,0.081,0.21,0.533,93.0
669127,Shea Langeliers,ATH,R,2710,0.506,0.318,317.0,0.241,0.303,0.431,0.734,0.324,0.343,0.237,0.069,0.279,0.4,90.8
660271,Shohei Ohtani,LAD,L,1629,0.46,0.305,197.0,0.273,0.34,0.534,0.874,0.388,0.381,0.249,0.071,0.288,0.453,91.2
660271,Shohei Ohtani,LAD,R,3630,0.437,0.265,400.0,0.267,0.362,0.491,0.854,0.403,0.409,0.242,0.128,0.283,0.553,94.4
687462,Spencer Horwitz,PIT,L,570,0.447,0.251,86.0,0.236,0.349,0.278,0.627,0.307,0.304,0.174,0.128,0.199,0.293,84.1
687462,Spencer Horwitz,PIT,R,2876,0.433,0.239,350.0,0.252,0.349,0.392,0.741,0.333,0.318,0.151,0.117,0.141,0.312,87.3
682987,Spencer Jones,NYY,L,211,0.531,0.345,55.0,0.4,0.455,0.7,1.155,0.505,0.396,0.309,0.073,0.295,0.424,92.0
682987,Spencer Jones,NYY,R,998,0.526,0.356,226.0,0.205,0.274,0.366,0.64,0.29,0.314,0.372,0.088,0.387,0.588,94.8
668715,Spencer Steer,CIN,L,910,0.491,0.257,92.0,0.355,0.457,0.645,1.101,0.482,0.433,0.13,0.152,0.206,0.456,91.5
668715,Spencer Steer,CIN,R,2927,0.461,0.252,277.0,0.208,0.282,0.368,0.65,0.29,0.312,0.267,0.076,0.226,0.367,88.6
679529,Spencer Torkelson,DET,L,1591,0.419,0.227,179.0,0.247,0.346,0.37,0.716,0.323,0.298,0.302,0.134,0.268,0.376,88.6
679529,Spencer Torkelson,DET,R,3619,0.44,0.217,422.0,0.22,0.32,0.448,0.768,0.335,0.319,0.322,0.109,0.319,0.437,89.9
516782,Starling Marte,KC,L,1060,0.508,0.32,125.0,0.259,0.32,0.312,0.633,0.288,0.283,0.24,0.064,0.252,0.341,85.6
516782,Starling Marte,KC,R,843,0.504,0.313,42.0,0.2,0.238,0.325,0.563,0.248,0.314,0.262,0.024,0.217,0.379,88.7
694514,Sterlin Thompson,COL,L,63,0.571,0.387,15.0,0.214,0.267,0.286,0.552,0.25,0.262,0.333,0.067,0.222,0.333,81.4
694514,Sterlin Thompson,COL,R,249,0.482,0.275,62.0,0.236,0.323,0.4,0.723,0.32,0.303,0.242,0.065,0.292,0.462,87.8
680757,Steven Kwan,CLE,L,1660,0.39,0.212,195.0,0.232,0.345,0.262,0.608,0.318,0.317,0.133,0.138,0.091,0.093,81.5
680757,Steven Kwan,CLE,R,3690,0.385,0.212,428.0,0.296,0.386,0.375,0.761,0.358,0.333,0.084,0.124,0.052,0.108,82.4
672642,Steward Berroa,PHI,L,41,0.366,0.25,,,,,,,,,,,,
656413,Stuart Fairchild,CLE,L,222,0.41,0.149,22.0,0.133,0.409,0.133,0.542,0.305,0.293,0.5,0.273,0.645,0.25,78.0
656413,Stuart Fairchild,CLE,R,84,0.583,0.368,,,,,,,,,,,,
823550,Sung Mun Song,SD,L,42,0.333,0.1,12.0,0.111,0.182,0.111,0.293,0.164,0.22,0.167,0.083,0.143,0.444,83.9
823550,Sung Mun Song,SD,R,558,0.419,0.238,135.0,0.188,0.286,0.248,0.534,0.262,0.252,0.2,0.119,0.192,0.264,83.9
695020,Tanner Murray,CWS,L,74,0.5,0.351,24.0,0.174,0.208,0.304,0.513,0.33,0.245,0.292,0.042,0.405,0.4,85.6
695020,Tanner Murray,CWS,R,31,0.387,0.211,,,,,,,,,,,,
666211,Taylor Trammell,HOU,L,224,0.442,0.229,42.0,0.111,0.22,0.167,0.386,0.212,0.171,0.262,0.071,0.338,0.231,79.7
666211,Taylor Trammell,HOU,R,1420,0.475,0.265,240.0,0.21,0.296,0.379,0.674,0.302,0.307,0.321,0.1,0.366,0.409,89.0
670764,Taylor Walls,TB,L,952,0.453,0.235,151.0,0.198,0.267,0.267,0.534,0.267,0.208,0.205,0.079,0.176,0.165,78.3
670764,Taylor Walls,TB,R,1989,0.421,0.224,271.0,0.23,0.327,0.304,0.631,0.306,0.273,0.255,0.118,0.225,0.251,81.2
621493,Taylor Ward,SEA,L,1288,0.38,0.182,191.0,0.217,0.346,0.338,0.683,0.327,0.349,0.215,0.168,0.164,0.39,89.7
621493,Taylor Ward,SEA,R,4028,0.354,0.178,413.0,0.224,0.358,0.294,0.652,0.316,0.325,0.215,0.157,0.182,0.377,88.2
606192,Teoscar Hernández,LAD,L,1062,0.493,0.307,147.0,0.312,0.395,0.531,0.926,0.417,0.401,0.211,0.116,0.297,0.439,91.4
606192,Teoscar Hernández,LAD,R,2957,0.486,0.299,328.0,0.252,0.308,0.379,0.687,0.306,0.301,0.299,0.07,0.295,0.459,89.6
695336,Thomas Saggese,STL,L,475,0.507,0.339,50.0,0.244,0.36,0.512,0.872,0.372,0.349,0.34,0.16,0.326,0.48,91.6
695336,Thomas Saggese,STL,R,1368,0.502,0.349,115.0,0.243,0.278,0.318,0.596,0.273,0.304,0.226,0.043,0.207,0.41,90.2
694374,Tim Tawa,AZ,L,703,0.471,0.3,88.0,0.241,0.307,0.354,0.661,0.305,0.315,0.273,0.091,0.267,0.483,93.9
694374,Tim Tawa,AZ,R,1500,0.483,0.306,242.0,0.237,0.292,0.419,0.711,0.33,0.311,0.24,0.074,0.259,0.419,86.8
670770,Tj Friedl,CIN,L,865,0.365,0.189,35.0,0.212,0.257,0.212,0.469,0.22,0.253,0.257,0.057,0.163,0.222,77.6
670770,Tj Friedl,CIN,R,2792,0.404,0.195,229.0,0.166,0.258,0.266,0.524,0.248,0.25,0.236,0.087,0.247,0.29,83.8
681198,Tj Rumfield,COL,L,684,0.459,0.293,191.0,0.273,0.372,0.388,0.76,0.345,0.319,0.131,0.126,0.169,0.227,82.5
681198,Tj Rumfield,COL,R,1664,0.492,0.307,428.0,0.305,0.393,0.461,0.853,0.388,0.339,0.14,0.11,0.167,0.3,85.0
669242,Tommy Edman,LAD,L,786,0.466,0.322,107.0,0.231,0.346,0.407,0.752,0.369,0.324,0.243,0.084,0.254,0.318,87.8
669242,Tommy Edman,LAD,R,1703,0.472,0.279,211.0,0.25,0.317,0.372,0.69,0.323,0.293,0.185,0.057,0.194,0.333,86.1
502054,Tommy Pham,CWS,L,574,0.413,0.198,24.0,0.105,0.292,0.263,0.555,0.267,0.334,0.292,0.208,0.342,0.583,96.1
502054,Tommy Pham,CWS,R,1255,0.43,0.201,,,,,,,,,,,,
694371,Tommy Troy,AZ,L,131,0.466,0.348,31.0,0.357,0.419,0.571,0.991,0.427,0.321,0.226,0.097,0.213,0.238,81.6
694371,Tommy Troy,AZ,R,446,0.422,0.242,113.0,0.176,0.25,0.284,0.534,0.263,0.3,0.239,0.088,0.261,0.32,83.7
695720,Tommy White,ATH,L,233,0.609,0.462,66.0,0.297,0.318,0.297,0.615,0.28,0.274,0.197,0.03,0.197,0.451,88.3
695720,Tommy White,ATH,R,427,0.515,0.4,120.0,0.224,0.242,0.345,0.586,0.257,0.302,0.142,0.025,0.205,0.253,84.4
683953,Travis Bazzana,CLE,L,630,0.438,0.261,154.0,0.193,0.292,0.252,0.544,0.262,0.259,0.253,0.11,0.217,0.292,83.0
683953,Travis Bazzana,CLE,R,1378,0.451,0.267,347.0,0.268,0.354,0.472,0.826,0.362,0.323,0.184,0.11,0.219,0.395,88.9
518595,Travis D'Arnaud,LAA,L,336,0.521,0.367,45.0,0.195,0.267,0.317,0.584,0.282,0.208,0.333,0.067,0.338,0.231,84.7
518595,Travis D'Arnaud,LAA,R,843,0.533,0.309,35.0,0.129,0.229,0.161,0.39,0.193,0.285,0.257,0.086,0.254,0.455,89.1
607208,Trea Turner,PHI,L,1684,0.505,0.309,228.0,0.216,0.298,0.304,0.602,0.295,0.326,0.162,0.096,0.2,0.405,89.0
607208,Trea Turner,PHI,R,3310,0.51,0.341,452.0,0.251,0.294,0.415,0.709,0.312,0.278,0.232,0.055,0.285,0.379,87.8
669360,Trei Cruz,DET,R,17,0.471,0.0,,,,,,,,,,,,
663757,Trent Grisham,NYY,L,1169,0.385,0.191,137.0,0.231,0.314,0.372,0.686,0.314,0.313,0.204,0.109,0.174,0.409,88.1
663757,Trent Grisham,NYY,R,3191,0.387,0.177,347.0,0.201,0.305,0.403,0.708,0.316,0.347,0.176,0.133,0.167,0.471,91.6
663616,Trevor Larnach,MIN,L,662,0.441,0.3,55.0,0.167,0.259,0.312,0.572,0.279,0.27,0.273,0.109,0.271,0.235,81.1
663616,Trevor Larnach,MIN,R,3229,0.443,0.282,380.0,0.281,0.361,0.45,0.81,0.364,0.335,0.168,0.1,0.251,0.384,88.4
596115,Trevor Story,BOS,L,909,0.554,0.377,69.0,0.266,0.304,0.359,0.664,0.307,0.283,0.348,0.043,0.317,0.341,86.6
596115,Trevor Story,BOS,R,2516,0.543,0.379,186.0,0.235,0.258,0.363,0.621,0.29,0.238,0.306,0.032,0.268,0.374,86.7
641820,Trey Mancini,LAA,R,37,0.622,0.267,10.0,0.222,0.2,0.222,0.422,0.18,0.251,0.1,0.0,0.087,0.333,87.7
656484,Tristan Gray,MIN,L,159,0.503,0.329,21.0,0.158,0.2,0.316,0.516,0.247,0.191,0.524,0.0,0.487,0.25,81.6
656484,Tristan Gray,MIN,R,888,0.555,0.365,167.0,0.227,0.269,0.318,0.588,0.272,0.271,0.287,0.06,0.282,0.385,87.4
671976,Tristan Peters,CWS,L,245,0.408,0.246,65.0,0.189,0.317,0.283,0.6,0.289,0.294,0.2,0.108,0.219,0.214,72.5
671976,Tristan Peters,CWS,R,1527,0.542,0.332,410.0,0.283,0.348,0.473,0.821,0.361,0.318,0.178,0.073,0.203,0.355,85.6
687859,Troy Johnston,COL,L,422,0.564,0.388,108.0,0.212,0.252,0.293,0.545,0.244,0.264,0.176,0.046,0.212,0.376,89.2
687859,Troy Johnston,COL,R,1646,0.508,0.352,331.0,0.306,0.387,0.427,0.814,0.364,0.345,0.184,0.097,0.226,0.364,89.1
691907,Tsung-Che Cheng,BOS,L,24,0.417,0.364,,,,,,,,,,,,
691907,Tsung-Che Cheng,BOS,R,165,0.497,0.266,39.0,0.265,0.333,0.294,0.627,0.288,0.336,0.256,0.103,0.3,0.24,81.6
806367,Turner Hill,SF,L,155,0.406,0.208,39.0,0.176,0.256,0.235,0.492,0.228,0.259,0.179,0.077,0.079,0.214,84.4
806367,Turner Hill,SF,R,314,0.382,0.191,79.0,0.242,0.342,0.348,0.69,0.311,0.346,0.152,0.127,0.142,0.357,88.3
664034,Ty France,SD,L,1160,0.522,0.324,139.0,0.283,0.36,0.475,0.835,0.374,0.332,0.245,0.079,0.265,0.517,93.3
664034,Ty France,SD,R,2641,0.534,0.331,345.0,0.301,0.359,0.521,0.88,0.392,0.331,0.194,0.067,0.237,0.467,91.2
672012,Tyler Black,MIL,R,148,0.48,0.286,27.0,0.346,0.37,0.5,0.87,0.378,0.193,0.259,0.037,0.24,0.158,83.1
682997,Tyler Callihan,PIT,L,22,0.545,0.222,,,,,,,,,,,,
682997,Tyler Callihan,PIT,R,424,0.54,0.323,100.0,0.18,0.253,0.36,0.612,0.269,0.244,0.38,0.08,0.32,0.283,84.2
671289,Tyler Freeman,COL,L,851,0.479,0.277,101.0,0.223,0.27,0.298,0.568,0.276,0.276,0.149,0.03,0.119,0.35,86.0
671289,Tyler Freeman,COL,R,1820,0.462,0.259,186.0,0.262,0.344,0.325,0.669,0.324,0.327,0.102,0.043,0.11,0.365,84.2
623168,Tyler Heineman,LAA,L,343,0.519,0.358,53.0,0.163,0.18,0.163,0.343,0.17,0.221,0.132,0.0,0.168,0.156,79.5
623168,Tyler Heineman,LAA,R,961,0.541,0.384,142.0,0.169,0.231,0.234,0.465,0.233,0.245,0.148,0.035,0.195,0.108,75.7
682988,Tyler Locklear,AZ,L,219,0.466,0.248,13.0,0.2,0.308,0.3,0.608,0.273,0.237,0.308,0.154,0.143,0.286,84.2
682988,Tyler Locklear,AZ,R,429,0.503,0.355,29.0,0.308,0.379,0.5,0.879,0.383,0.378,0.172,0.069,0.211,0.333,83.7
641933,Tyler O'Neill,BAL,L,735,0.475,0.306,123.0,0.223,0.293,0.482,0.775,0.346,0.332,0.268,0.089,0.264,0.506,90.9
641933,Tyler O'Neill,BAL,R,1141,0.469,0.264,137.0,0.202,0.307,0.277,0.584,0.273,0.284,0.277,0.117,0.292,0.35,87.9
691016,Tyler Soderstrom,ATH,L,1051,0.498,0.323,145.0,0.211,0.276,0.436,0.712,0.307,0.293,0.283,0.076,0.252,0.511,91.6
691016,Tyler Soderstrom,ATH,R,2940,0.463,0.258,307.0,0.258,0.352,0.483,0.835,0.387,0.344,0.16,0.121,0.186,0.43,90.3
663886,Tyler Stephenson,CIN,L,844,0.429,0.195,114.0,0.202,0.342,0.319,0.661,0.315,0.317,0.237,0.175,0.176,0.368,90.7
663886,Tyler Stephenson,CIN,R,2417,0.447,0.251,341.0,0.258,0.32,0.441,0.761,0.33,0.329,0.284,0.079,0.273,0.468,91.1
686475,Tyler Tolbert,KC,L,429,0.471,0.268,83.0,0.254,0.346,0.352,0.698,0.353,0.283,0.193,0.12,0.265,0.158,76.1
686475,Tyler Tolbert,KC,R,270,0.526,0.274,61.0,0.345,0.373,0.473,0.846,0.403,0.307,0.213,0.033,0.301,0.356,83.6
621438,Tyrone Taylor,CHC,L,834,0.517,0.362,112.0,0.308,0.339,0.567,0.907,0.391,0.313,0.188,0.045,0.184,0.372,85.6
621438,Tyrone Taylor,CHC,R,1284,0.467,0.292,123.0,0.239,0.303,0.431,0.734,0.329,0.302,0.154,0.073,0.214,0.304,84.6
687093,Vaughn Grissom,LAA,L,690,0.462,0.298,173.0,0.265,0.341,0.384,0.725,0.332,0.327,0.156,0.087,0.185,0.37,88.0
687093,Vaughn Grissom,LAA,R,1052,0.505,0.32,282.0,0.231,0.292,0.4,0.692,0.318,0.301,0.199,0.053,0.203,0.35,86.6
682674,Victor Bericoto,SF,L,226,0.553,0.427,59.0,0.259,0.271,0.431,0.702,0.302,0.293,0.288,0.017,0.312,0.61,92.5
682674,Victor Bericoto,SF,R,174,0.586,0.437,47.0,0.2,0.234,0.4,0.634,0.287,0.31,0.255,0.043,0.245,0.394,88.8
683748,Victor Mesa,TB,L,247,0.522,0.281,63.0,0.298,0.355,0.456,0.811,0.359,0.289,0.143,0.079,0.153,0.286,82.2
683748,Victor Mesa,TB,R,785,0.539,0.35,185.0,0.232,0.31,0.506,0.816,0.348,0.348,0.211,0.097,0.246,0.444,88.6
687363,Victor Scott,STL,L,664,0.446,0.235,60.0,0.283,0.316,0.34,0.655,0.347,0.256,0.167,0.033,0.176,0.163,73.1
687363,Victor Scott,STL,R,1745,0.474,0.224,129.0,0.148,0.252,0.213,0.465,0.233,0.278,0.271,0.109,0.259,0.288,82.5
660644,Vidal Bruján,NYM,L,78,0.564,0.3,,,,,,,,,,,,
660644,Vidal Bruján,NYM,R,306,0.52,0.261,,,,,,,,,,,,
605353,Vimael Machín,COL,R,50,0.52,0.4,,,,,,,,,,,,
686469,Vinnie Pasquantino,KC,L,1128,0.497,0.326,130.0,0.203,0.269,0.322,0.591,0.28,0.275,0.192,0.077,0.163,0.298,86.5
686469,Vinnie Pasquantino,KC,R,3312,0.458,0.297,335.0,0.264,0.346,0.452,0.798,0.364,0.358,0.14,0.11,0.129,0.465,91.1
665489,Vladimir Guerrero,TOR,L,1220,0.421,0.233,152.0,0.285,0.382,0.423,0.805,0.366,0.379,0.132,0.132,0.163,0.44,91.6
665489,Vladimir Guerrero,TOR,R,3491,0.447,0.267,449.0,0.252,0.307,0.335,0.642,0.302,0.319,0.129,0.069,0.185,0.449,90.2
605170,Víctor Caratini,MIN,L,696,0.455,0.289,125.0,0.178,0.296,0.252,0.548,0.261,0.304,0.312,0.08,0.245,0.382,88.9
605170,Víctor Caratini,MIN,R,2169,0.437,0.234,254.0,0.239,0.315,0.339,0.654,0.304,0.308,0.15,0.091,0.195,0.384,89.6
645302,Víctor Robles,SEA,L,348,0.552,0.39,50.0,0.289,0.327,0.356,0.682,0.307,0.306,0.2,0.06,0.245,0.27,85.0
645302,Víctor Robles,SEA,R,547,0.561,0.366,99.0,0.239,0.309,0.284,0.593,0.297,0.268,0.121,0.061,0.199,0.167,79.0
685133,Wade Meckler,LAA,L,199,0.417,0.259,52.0,0.222,0.314,0.244,0.558,0.287,0.28,0.173,0.096,0.181,0.237,82.5
685133,Wade Meckler,LAA,R,959,0.443,0.225,268.0,0.305,0.378,0.397,0.776,0.356,0.321,0.19,0.097,0.198,0.354,85.9
805805,Walker Jenkins,MIN,L,65,0.446,0.257,19.0,0.062,0.167,0.062,0.229,0.139,0.235,0.368,0.053,0.414,0.1,77.1
805805,Walker Jenkins,MIN,R,241,0.473,0.234,62.0,0.268,0.339,0.518,0.857,0.382,0.338,0.161,0.097,0.202,0.348,87.0
672761,Wenceel Pérez,DET,L,616,0.498,0.311,54.0,0.231,0.259,0.481,0.74,0.314,0.353,0.148,0.037,0.17,0.455,89.1
672761,Wenceel Pérez,DET,R,1571,0.482,0.316,121.0,0.156,0.24,0.284,0.524,0.238,0.235,0.174,0.099,0.163,0.273,86.3
642215,Weston Wilson,SEA,L,854,0.443,0.248,111.0,0.198,0.27,0.307,0.577,0.269,0.247,0.324,0.081,0.299,0.348,84.9
642215,Weston Wilson,SEA,R,430,0.451,0.262,64.0,0.232,0.328,0.339,0.667,0.309,0.274,0.297,0.125,0.307,0.306,85.3
677943,Will Banfield,CIN,L,29,0.69,0.556,,,,,,,,,,,,
677943,Will Banfield,CIN,R,70,0.614,0.448,12.0,0.273,0.25,0.364,0.614,0.254,0.238,0.25,0.0,0.15,0.111,83.3
666181,Will Benson,CIN,L,79,0.43,0.3,,,,,,,,,,,,
666181,Will Benson,CIN,R,1323,0.497,0.252,110.0,0.191,0.309,0.34,0.65,0.308,0.302,0.345,0.136,0.312,0.386,90.2
686823,Will Brennan,SF,R,115,0.565,0.426,20.0,0.0,0.0,0.0,0.0,0.0,0.14,0.15,0.0,0.067,0.278,83.5
669257,Will Smith,LAD,L,848,0.362,0.154,81.0,0.182,0.333,0.288,0.621,0.306,0.352,0.21,0.173,0.139,0.408,88.4
669257,Will Smith,LAD,R,2191,0.414,0.219,188.0,0.278,0.356,0.475,0.832,0.359,0.404,0.138,0.106,0.152,0.4,89.1
695238,Will Wagner,SD,L,69,0.493,0.379,,,,,,,,,,,,
695238,Will Wagner,SD,R,743,0.466,0.249,43.0,0.265,0.419,0.294,0.713,0.382,0.335,0.163,0.209,0.162,0.185,83.3
669717,Will Wilson,SEA,L,202,0.54,0.321,,,,,,,,,,,,
669717,Will Wilson,SEA,R,191,0.56,0.375,,,,,,,,,,,,
650489,Willi Castro,COL,L,1036,0.573,0.413,166.0,0.263,0.301,0.372,0.673,0.306,0.233,0.265,0.042,0.249,0.283,82.0
650489,Willi Castro,COL,R,2603,0.51,0.325,314.0,0.252,0.341,0.423,0.764,0.34,0.349,0.271,0.108,0.295,0.468,89.8
661388,William Contreras,MIL,L,1404,0.452,0.257,179.0,0.27,0.335,0.403,0.738,0.353,0.316,0.156,0.089,0.206,0.435,90.0
661388,William Contreras,MIL,R,3421,0.47,0.273,447.0,0.269,0.331,0.424,0.755,0.346,0.341,0.145,0.083,0.179,0.443,90.4
575929,Willson Contreras,BOS,L,1157,0.448,0.285,142.0,0.282,0.408,0.564,0.973,0.448,0.424,0.19,0.155,0.282,0.433,90.7
575929,Willson Contreras,BOS,R,3078,0.497,0.334,390.0,0.273,0.375,0.5,0.875,0.39,0.36,0.274,0.09,0.295,0.442,89.2
642715,Willy Adames,SF,L,1276,0.454,0.284,137.0,0.216,0.285,0.368,0.653,0.295,0.302,0.307,0.088,0.322,0.446,89.5
642715,Willy Adames,SF,R,3510,0.478,0.289,367.0,0.236,0.292,0.445,0.737,0.328,0.293,0.264,0.068,0.252,0.369,86.7
677800,Wilyer Abreu,BOS,L,1136,0.468,0.28,208.0,0.302,0.382,0.489,0.871,0.386,0.354,0.163,0.106,0.207,0.383,87.7
677800,Wilyer Abreu,BOS,R,3182,0.496,0.3,457.0,0.227,0.302,0.432,0.734,0.328,0.348,0.225,0.098,0.22,0.464,90.7
694671,Wyatt Langford,TEX,L,1336,0.442,0.241,152.0,0.212,0.309,0.364,0.673,0.318,0.31,0.257,0.118,0.228,0.372,88.9
694671,Wyatt Langford,TEX,R,2842,0.444,0.249,302.0,0.25,0.344,0.458,0.803,0.354,0.328,0.212,0.116,0.223,0.37,88.8
593428,Xander Bogaerts,SD,L,1248,0.413,0.233,157.0,0.243,0.325,0.307,0.632,0.307,0.328,0.121,0.108,0.201,0.425,90.2
593428,Xander Bogaerts,SD,R,3186,0.416,0.232,439.0,0.221,0.323,0.347,0.67,0.315,0.321,0.2,0.125,0.216,0.424,89.3
669364,Xavier Edwards,MIA,L,1294,0.458,0.263,145.0,0.248,0.319,0.372,0.692,0.326,0.295,0.152,0.097,0.172,0.269,82.9
669364,Xavier Edwards,MIA,R,3287,0.445,0.24,449.0,0.288,0.365,0.367,0.732,0.339,0.315,0.136,0.111,0.16,0.289,86.2
673237,Yainer Diaz,HOU,L,730,0.593,0.433,92.0,0.287,0.326,0.425,0.751,0.329,0.262,0.196,0.043,0.232,0.333,89.3
673237,Yainer Diaz,HOU,R,2250,0.582,0.439,252.0,0.279,0.306,0.471,0.776,0.349,0.331,0.139,0.032,0.185,0.408,89.1
650490,Yandy Díaz,TB,L,1452,0.47,0.295,195.0,0.269,0.333,0.446,0.779,0.347,0.358,0.123,0.082,0.115,0.52,92.3
650490,Yandy Díaz,TB,R,3616,0.45,0.255,474.0,0.298,0.357,0.443,0.799,0.365,0.343,0.156,0.07,0.13,0.461,90.3
650968,Yohel Pozo,BAL,L,242,0.599,0.43,24.0,0.261,0.292,0.261,0.553,0.329,0.282,0.0,0.042,0.02,0.261,87.6
650968,Yohel Pozo,BAL,R,550,0.618,0.514,34.0,0.242,0.235,0.364,0.599,0.275,0.214,0.206,0.0,0.263,0.259,85.9
682818,Yohendrick Pinango,TOR,L,114,0.544,0.463,32.0,0.156,0.156,0.344,0.5,0.208,0.276,0.406,0.0,0.355,0.579,91.8
682818,Yohendrick Pinango,TOR,R,584,0.502,0.332,148.0,0.285,0.338,0.409,0.747,0.337,0.316,0.209,0.074,0.191,0.434,90.8
670541,Yordan Álvarez,HOU,L,825,0.464,0.319,177.0,0.265,0.311,0.488,0.798,0.368,0.413,0.153,0.051,0.182,0.474,92.7
670541,Yordan Álvarez,HOU,R,2677,0.403,0.275,479.0,0.323,0.424,0.625,1.048,0.474,0.456,0.18,0.136,0.166,0.565,95.0
660162,Yoán Moncada,LAA,L,221,0.43,0.259,26.0,0.048,0.231,0.048,0.278,0.169,0.189,0.462,0.154,0.271,0.333,86.6
660162,Yoán Moncada,LAA,R,1465,0.427,0.229,102.0,0.227,0.333,0.364,0.697,0.315,0.29,0.324,0.127,0.269,0.421,90.9
691728,Zac Veen,COL,L,86,0.477,0.306,11.0,0.111,0.111,0.111,0.222,0.3,0.044,0.545,0.0,0.353,0.0,42.2
691728,Zac Veen,COL,R,341,0.581,0.403,63.0,0.236,0.333,0.418,0.752,0.346,0.302,0.381,0.111,0.374,0.452,88.0
805904,Zach Cole,HOU,L,79,0.392,0.211,,,,,,,,,,,,
805904,Zach Cole,HOU,R,364,0.451,0.282,47.0,0.178,0.213,0.4,0.613,0.261,0.307,0.362,0.021,0.422,0.5,92.6
701305,Zach Dezenzo,HOU,L,175,0.446,0.316,30.0,0.231,0.333,0.385,0.718,0.322,0.297,0.333,0.133,0.386,0.375,81.7
701305,Zach Dezenzo,HOU,R,638,0.451,0.243,53.0,0.2,0.245,0.26,0.505,0.246,0.221,0.415,0.057,0.33,0.286,86.7
656716,Zach Mckinstry,DET,L,782,0.457,0.238,86.0,0.147,0.238,0.16,0.398,0.221,0.279,0.174,0.093,0.109,0.177,83.5
656716,Zach Mckinstry,DET,R,2857,0.477,0.28,333.0,0.214,0.295,0.329,0.624,0.313,0.285,0.159,0.099,0.148,0.239,85.6
687263,Zach Neto,LAA,L,1155,0.501,0.35,189.0,0.287,0.354,0.509,0.863,0.377,0.34,0.254,0.09,0.294,0.459,90.4
687263,Zach Neto,LAA,R,3778,0.49,0.338,494.0,0.217,0.312,0.4,0.711,0.316,0.303,0.326,0.095,0.318,0.394,89.2
680869,Zack Gelof,ATH,L,571,0.508,0.219,114.0,0.279,0.336,0.51,0.846,0.381,0.319,0.228,0.07,0.279,0.443,89.3
680869,Zack Gelof,ATH,R,1477,0.459,0.26,303.0,0.249,0.319,0.454,0.773,0.349,0.322,0.251,0.073,0.266,0.418,87.8
670097,Zack Short,NYM,L,211,0.417,0.269,27.0,0.222,0.385,0.278,0.662,0.321,0.322,0.222,0.222,0.347,0.267,82.4
670097,Zack Short,NYM,R,313,0.428,0.255,35.0,0.094,0.171,0.125,0.296,0.147,0.206,0.371,0.057,0.25,0.158,84.1
