batter,batter_name,current_team,bats,total_pitches_seen,total_pa,at_bats,hits,singles,doubles,triples,home_runs,walks,hit_by_pitch,batting_avg,on_base_pct,slugging_pct,ops,iso,babip,woba,xwoba,xba,xwobacon,k_rate,bb_rate,chase_rate,whiff_rate,hard_hit_rate,avg_exit_velo,avg_bat_speed,avg_swing_length,barrel_rate,sweet_spot_rate,in_zone_contact_rate,out_zone_contact_rate,pulled_flyball_rate,fly_ball_rate,line_drive_rate,ground_ball_rate
670541,Yordan Álvarez,HOU,L,2678,656,567,174,99,33,1,41,74,10,0.307,0.393,0.586,0.979,0.279,0.322,0.445,0.444,0.404,0.51,0.172,0.113,0.291,0.17,0.537,94.3,74.9,7.62,0.161,0.415,0.919,0.683,0.175,0.379,0.263,0.308
811965,Joshua Kuroda-Grauer,ATH,R,234,65,63,25,17,7,0,1,1,1,0.397,0.415,0.556,0.971,0.159,0.444,0.436,0.322,0.356,0.354,0.123,0.015,0.4,0.142,0.418,89.8,66.6,6.83,0.018,0.364,0.888,0.804,0.055,0.127,0.291,0.527
680664,Eduardo Valencia,DET,R,467,124,119,40,21,13,0,6,3,2,0.336,0.363,0.597,0.96,0.261,0.405,0.421,0.353,0.366,0.448,0.234,0.024,0.364,0.242,0.472,89.4,71.5,7.77,0.157,0.472,0.82,0.631,0.112,0.213,0.303,0.416
686894,Joey Wiemer,WSH,R,335,84,71,20,11,5,1,3,12,1,0.282,0.393,0.507,0.9,0.225,0.436,0.412,0.315,0.375,0.417,0.345,0.143,0.263,0.304,0.39,87.4,67.9,7.15,0.098,0.293,0.837,0.449,0.098,0.171,0.22,0.537
575929,Willson Contreras,BOS,R,2072,532,447,123,72,21,3,27,57,24,0.275,0.384,0.517,0.901,0.242,0.336,0.405,0.377,0.367,0.452,0.252,0.107,0.338,0.291,0.44,89.6,74.8,7.78,0.133,0.358,0.838,0.506,0.165,0.285,0.225,0.38
691718,Pete Crow-Armstrong,CHC,L,2843,708,617,172,88,31,8,45,74,12,0.279,0.365,0.574,0.939,0.295,0.327,0.404,0.376,0.378,0.47,0.26,0.105,0.341,0.246,0.487,89.8,72.8,7.41,0.136,0.402,0.854,0.585,0.202,0.34,0.237,0.31
660271,Shohei Ohtani,LAD,L,2357,597,520,140,81,25,4,30,65,7,0.269,0.355,0.506,0.861,0.237,0.32,0.398,0.4,0.406,0.501,0.245,0.109,0.299,0.285,0.518,93.3,73.0,7.85,0.159,0.403,0.803,0.551,0.123,0.304,0.238,0.425
701762,Nick Kurtz,ATH,L,1884,436,363,90,53,15,1,21,70,3,0.248,0.374,0.468,0.842,0.22,0.343,0.396,0.373,0.406,0.51,0.323,0.161,0.233,0.334,0.573,93.1,76.4,7.67,0.18,0.403,0.772,0.412,0.109,0.289,0.261,0.417
665742,Juan Soto,NYM,L,1855,456,392,104,65,10,2,27,62,0,0.265,0.364,0.508,0.872,0.242,0.256,0.396,0.413,0.355,0.44,0.14,0.136,0.209,0.188,0.484,92.3,70.2,7.04,0.14,0.332,0.879,0.633,0.18,0.329,0.196,0.394
700250,Ben Rice,NYY,L,2640,656,568,148,80,23,4,41,79,6,0.261,0.355,0.532,0.887,0.271,0.289,0.392,0.378,0.371,0.457,0.239,0.12,0.246,0.236,0.48,91.8,70.8,7.66,0.142,0.397,0.851,0.557,0.145,0.321,0.233,0.404
682829,Elly De La Cruz,CIN,S,2561,609,536,153,90,29,5,29,68,2,0.285,0.366,0.521,0.887,0.235,0.367,0.389,0.375,0.411,0.485,0.278,0.112,0.252,0.265,0.538,94.7,74.5,7.12,0.159,0.379,0.814,0.577,0.103,0.265,0.244,0.472
669392,Samad Taylor,SD,R,653,164,141,47,39,4,2,2,18,1,0.333,0.41,0.433,0.843,0.099,0.459,0.389,0.315,0.364,0.371,0.25,0.11,0.292,0.226,0.231,77.3,65.0,6.65,0.038,0.346,0.886,0.59,0.058,0.183,0.26,0.529
592450,Aaron Judge,NYY,R,1234,285,244,57,29,10,0,18,38,2,0.234,0.34,0.496,0.836,0.262,0.277,0.388,0.399,0.407,0.541,0.298,0.133,0.264,0.307,0.575,94.0,74.2,8.01,0.209,0.346,0.806,0.469,0.144,0.327,0.229,0.379
682729,Jonatan Clase,TOR,S,114,25,22,6,4,0,0,2,3,0,0.273,0.36,0.545,0.905,0.273,0.333,0.388,0.247,0.269,0.292,0.32,0.12,0.267,0.255,0.357,86.8,66.3,6.55,0.0,0.214,0.871,0.5,0.286,0.357,0.071,0.571
695578,James Wood,WSH,L,2585,610,513,131,70,30,1,30,89,4,0.255,0.367,0.493,0.86,0.238,0.329,0.388,0.404,0.417,0.536,0.289,0.146,0.216,0.283,0.586,95.2,74.0,7.33,0.19,0.393,0.836,0.451,0.069,0.251,0.263,0.471
664034,Ty France,SD,R,1924,484,429,127,80,24,2,21,34,13,0.296,0.36,0.508,0.868,0.212,0.345,0.386,0.332,0.335,0.381,0.209,0.07,0.344,0.245,0.48,91.7,70.1,7.5,0.094,0.42,0.863,0.543,0.112,0.251,0.266,0.417
641343,Jake Bauers,MIL,L,2347,555,460,121,73,20,2,26,89,4,0.263,0.386,0.485,0.87,0.222,0.333,0.386,0.375,0.378,0.458,0.268,0.16,0.214,0.276,0.522,92.2,74.3,7.58,0.14,0.385,0.842,0.425,0.131,0.303,0.255,0.408
665833,Oneil Cruz,PIT,L,1713,408,361,100,66,13,1,20,43,4,0.277,0.36,0.485,0.845,0.208,0.392,0.386,0.352,0.404,0.496,0.336,0.105,0.301,0.337,0.529,93.9,75.7,7.45,0.157,0.363,0.781,0.486,0.121,0.224,0.238,0.507
804668,Rafael Flores,PIT,R,620,153,139,38,22,6,0,10,14,0,0.273,0.34,0.532,0.872,0.259,0.322,0.384,0.354,0.361,0.458,0.275,0.092,0.279,0.284,0.474,91.0,71.9,7.35,0.144,0.381,0.806,0.5,0.186,0.371,0.175,0.443
672515,Gabriel Moreno,AZ,R,2340,535,461,143,94,33,1,15,59,5,0.31,0.387,0.484,0.871,0.174,0.348,0.384,0.362,0.346,0.379,0.146,0.11,0.288,0.138,0.415,89.1,70.0,6.99,0.076,0.377,0.919,0.77,0.089,0.249,0.267,0.42
547180,Bryce Harper,PHI,L,2668,674,562,150,87,32,3,28,103,1,0.267,0.377,0.484,0.861,0.217,0.313,0.383,0.38,0.362,0.431,0.214,0.153,0.323,0.286,0.434,89.8,72.6,7.26,0.104,0.392,0.834,0.514,0.108,0.264,0.259,0.434
691406,Junior Caminero,TB,R,2701,686,614,165,98,25,1,41,65,4,0.269,0.341,0.513,0.854,0.244,0.277,0.383,0.36,0.342,0.405,0.182,0.095,0.306,0.213,0.491,92.6,77.9,8.69,0.127,0.284,0.876,0.653,0.136,0.223,0.198,0.493
665953,Andrés Chaparro,WSH,R,844,221,191,49,25,13,0,11,25,5,0.257,0.357,0.497,0.855,0.241,0.297,0.382,0.339,0.315,0.388,0.235,0.113,0.321,0.306,0.439,89.7,71.8,7.27,0.122,0.317,0.812,0.487,0.158,0.288,0.194,0.396
668227,Randy Arozarena,SEA,R,2677,650,554,153,96,31,1,25,67,25,0.276,0.377,0.471,0.848,0.195,0.327,0.382,0.351,0.345,0.389,0.212,0.103,0.305,0.242,0.432,90.9,68.7,7.11,0.081,0.368,0.788,0.703,0.102,0.24,0.23,0.485
676551,Brewer Hicklen,ATL,R,167,43,35,9,4,5,0,0,8,0,0.257,0.395,0.4,0.795,0.143,0.474,0.38,0.313,0.374,0.415,0.372,0.186,0.283,0.407,0.474,92.3,71.5,7.63,0.105,0.368,0.745,0.269,0.053,0.211,0.316,0.421
683734,Andrew Vaughn,MIL,R,1357,333,291,88,62,18,2,6,34,6,0.302,0.384,0.44,0.824,0.137,0.353,0.378,0.331,0.323,0.342,0.159,0.102,0.235,0.175,0.435,90.1,68.6,7.07,0.051,0.316,0.895,0.679,0.084,0.241,0.249,0.451
545341,Randal Grichuk,CWS,R,976,268,255,74,33,25,2,14,9,1,0.29,0.313,0.569,0.882,0.278,0.331,0.376,0.337,0.366,0.42,0.224,0.034,0.362,0.22,0.505,91.7,72.5,7.6,0.111,0.404,0.887,0.581,0.146,0.303,0.263,0.364
624413,Pete Alonso,BAL,R,2851,687,597,156,91,24,0,41,73,12,0.261,0.351,0.508,0.858,0.246,0.295,0.375,0.398,0.394,0.493,0.242,0.106,0.267,0.245,0.562,93.9,73.0,7.11,0.15,0.387,0.845,0.564,0.127,0.312,0.222,0.421
691182,Adael Amador,COL,S,314,80,71,20,12,4,0,4,7,1,0.282,0.354,0.507,0.861,0.225,0.281,0.375,0.264,0.231,0.249,0.125,0.088,0.247,0.115,0.226,82.8,67.4,6.73,0.065,0.258,0.933,0.73,0.161,0.21,0.177,0.548
678554,Curtis Mead,BOS,R,1403,328,284,71,36,17,1,17,39,5,0.25,0.351,0.496,0.847,0.246,0.265,0.374,0.358,0.333,0.392,0.192,0.119,0.25,0.164,0.423,88.0,70.6,6.98,0.108,0.374,0.916,0.67,0.153,0.306,0.234,0.374
673548,Seiya Suzuki,CHC,R,2689,620,538,143,86,31,1,25,74,5,0.266,0.358,0.467,0.825,0.201,0.326,0.374,0.336,0.34,0.393,0.244,0.119,0.225,0.209,0.39,88.6,71.1,7.14,0.106,0.372,0.891,0.552,0.14,0.31,0.248,0.357
682985,Riley Greene,DET,L,2431,580,505,140,87,30,2,21,65,5,0.277,0.362,0.469,0.831,0.192,0.36,0.374,0.373,0.381,0.469,0.264,0.112,0.261,0.275,0.463,90.0,74.1,7.16,0.151,0.412,0.838,0.461,0.131,0.341,0.261,0.352
686475,Tyler Tolbert,KC,R,510,144,126,37,29,5,0,3,12,1,0.294,0.357,0.405,0.762,0.111,0.362,0.374,0.293,0.32,0.326,0.201,0.083,0.254,0.28,0.245,79.4,65.8,6.49,0.029,0.373,0.823,0.438,0.039,0.216,0.225,0.48
681198,Tj Rumfield,COL,L,2348,619,536,158,112,29,3,14,71,10,0.295,0.386,0.438,0.825,0.144,0.33,0.374,0.333,0.31,0.329,0.137,0.115,0.303,0.168,0.278,84.2,66.3,6.37,0.048,0.381,0.931,0.647,0.141,0.289,0.256,0.396
695238,Will Wagner,SD,L,180,44,35,9,8,1,0,0,9,0,0.257,0.409,0.286,0.695,0.029,0.321,0.373,0.329,0.314,0.291,0.159,0.205,0.24,0.159,0.179,81.8,67.7,6.44,0.0,0.286,0.956,0.625,0.0,0.107,0.179,0.679
545361,Mike Trout,LAA,R,2689,617,513,124,76,26,0,22,91,11,0.242,0.366,0.421,0.787,0.179,0.309,0.373,0.379,0.375,0.462,0.261,0.147,0.206,0.229,0.461,90.0,72.5,7.39,0.16,0.388,0.87,0.507,0.14,0.312,0.251,0.364
668930,Brice Turang,MIL,L,2829,666,572,150,92,35,3,20,86,1,0.262,0.359,0.439,0.797,0.177,0.337,0.373,0.344,0.361,0.41,0.249,0.129,0.247,0.209,0.415,88.8,67.9,6.66,0.077,0.388,0.852,0.645,0.042,0.227,0.289,0.464
702176,Alan Roden,MIN,L,327,91,77,22,17,4,0,1,11,0,0.286,0.367,0.377,0.743,0.091,0.328,0.373,0.351,0.343,0.357,0.132,0.121,0.259,0.161,0.412,85.2,66.6,6.69,0.044,0.338,0.925,0.628,0.088,0.221,0.235,0.5
646240,Rafael Devers,SF,L,2614,629,561,144,70,36,1,37,62,2,0.257,0.331,0.522,0.853,0.266,0.295,0.371,0.341,0.334,0.422,0.256,0.099,0.3,0.266,0.516,92.8,70.6,7.45,0.125,0.319,0.777,0.647,0.165,0.352,0.182,0.406
682848,Endy Rodríguez,PIT,S,612,159,136,36,23,6,0,7,23,0,0.265,0.371,0.463,0.834,0.199,0.33,0.371,0.338,0.352,0.397,0.258,0.145,0.258,0.223,0.468,91.8,70.9,7.17,0.106,0.383,0.88,0.531,0.128,0.33,0.277,0.33
681508,Mickey Gasper,BOS,S,821,219,186,48,28,9,1,10,26,5,0.258,0.362,0.478,0.841,0.22,0.27,0.371,0.36,0.314,0.373,0.16,0.119,0.212,0.166,0.373,88.5,69.7,6.46,0.105,0.32,0.952,0.538,0.163,0.307,0.203,0.425
699013,Esmerlyn Valdez,PIT,R,1267,287,241,56,24,14,1,17,42,1,0.232,0.345,0.51,0.855,0.278,0.336,0.371,0.332,0.362,0.48,0.376,0.146,0.21,0.361,0.493,91.9,72.5,7.87,0.199,0.353,0.718,0.427,0.191,0.397,0.199,0.346
656941,Kyle Schwarber,PHI,L,2950,680,570,131,67,18,1,45,96,8,0.23,0.346,0.502,0.847,0.272,0.28,0.371,0.364,0.381,0.49,0.321,0.141,0.26,0.302,0.489,92.2,74.3,7.44,0.158,0.395,0.8,0.486,0.203,0.328,0.266,0.305
665487,Fernando Tatís,SD,R,2516,689,619,177,118,31,3,25,56,7,0.286,0.349,0.467,0.816,0.181,0.326,0.37,0.38,0.376,0.438,0.186,0.081,0.265,0.234,0.536,92.2,73.8,7.22,0.128,0.342,0.888,0.481,0.077,0.213,0.237,0.51
678246,Miguel Vargas,CWS,R,2744,684,580,145,80,31,1,33,91,7,0.25,0.355,0.478,0.833,0.228,0.264,0.369,0.38,0.336,0.412,0.178,0.133,0.21,0.174,0.437,90.1,72.1,7.72,0.132,0.4,0.865,0.706,0.193,0.351,0.238,0.305
571970,Max Muncy,LAD,L,2255,548,481,121,65,26,1,29,59,7,0.252,0.341,0.491,0.832,0.239,0.293,0.368,0.348,0.339,0.42,0.252,0.108,0.26,0.263,0.456,89.8,69.6,6.87,0.129,0.368,0.84,0.497,0.187,0.33,0.222,0.377
622268,Donovan Walton,ATH,L,977,255,219,59,35,14,1,9,27,7,0.269,0.368,0.466,0.833,0.196,0.298,0.367,0.326,0.306,0.331,0.165,0.106,0.288,0.238,0.324,85.7,65.6,6.77,0.05,0.425,0.86,0.521,0.156,0.274,0.257,0.436
805811,Bryce Eldridge,SF,L,1881,447,386,104,64,23,0,17,58,0,0.269,0.362,0.461,0.824,0.192,0.347,0.366,0.359,0.376,0.444,0.264,0.13,0.246,0.25,0.522,92.7,71.9,7.26,0.115,0.374,0.84,0.544,0.111,0.304,0.263,0.393
682928,Cj Abrams,WSH,L,2491,641,571,149,83,30,3,33,52,12,0.261,0.332,0.497,0.83,0.236,0.303,0.366,0.332,0.341,0.399,0.242,0.081,0.365,0.275,0.406,89.6,70.9,7.6,0.103,0.348,0.838,0.551,0.167,0.286,0.234,0.365
805808,Kevin Mcgonigle,DET,L,2784,696,596,165,115,28,5,17,93,3,0.277,0.375,0.426,0.801,0.149,0.306,0.366,0.357,0.318,0.36,0.138,0.134,0.194,0.14,0.373,87.9,69.5,6.87,0.072,0.375,0.909,0.697,0.164,0.353,0.232,0.335
669134,Luis Campusano,SD,R,982,240,208,56,36,12,0,8,29,3,0.269,0.367,0.442,0.809,0.173,0.324,0.365,0.327,0.319,0.359,0.217,0.121,0.287,0.243,0.382,87.7,70.3,7.8,0.083,0.395,0.866,0.533,0.14,0.242,0.248,0.369
689414,Liam Hicks,TB,L,1984,536,464,132,99,14,1,18,53,11,0.284,0.366,0.435,0.802,0.151,0.29,0.364,0.321,0.296,0.303,0.099,0.099,0.263,0.105,0.267,84.1,66.5,6.74,0.038,0.315,0.972,0.746,0.134,0.243,0.224,0.434
703520,Brett Bateman,TOR,L,689,171,150,48,39,6,1,2,16,2,0.32,0.391,0.413,0.804,0.093,0.404,0.364,0.306,0.337,0.334,0.199,0.094,0.286,0.143,0.202,81.7,65.4,6.8,0.017,0.361,0.933,0.704,0.042,0.118,0.261,0.613
800050,Chase Delauter,CLE,L,2096,542,482,140,93,29,3,15,56,1,0.29,0.363,0.456,0.82,0.166,0.321,0.364,0.344,0.331,0.36,0.144,0.103,0.214,0.135,0.463,91.3,69.5,7.11,0.061,0.355,0.926,0.691,0.078,0.196,0.272,0.439
672012,Tyler Black,MIL,L,97,28,27,9,5,4,0,0,1,0,0.333,0.357,0.481,0.839,0.148,0.45,0.364,0.191,0.229,0.233,0.25,0.036,0.32,0.231,0.15,83.6,69.4,7.11,0.0,0.25,0.833,0.625,0.15,0.35,0.15,0.45
650559,Bryan De La Cruz,PHI,R,297,76,68,22,16,4,0,2,4,2,0.324,0.368,0.471,0.839,0.147,0.4,0.363,0.288,0.312,0.327,0.211,0.053,0.342,0.23,0.426,89.1,67.5,7.15,0.056,0.315,0.898,0.537,0.0,0.13,0.278,0.556
680777,Ryan Jeffers,MIN,R,1505,359,311,78,44,18,2,14,43,3,0.251,0.345,0.457,0.802,0.206,0.276,0.362,0.341,0.307,0.364,0.181,0.12,0.263,0.153,0.411,88.7,71.3,7.14,0.105,0.351,0.909,0.731,0.129,0.286,0.23,0.391
695506,Jac Caglianone,KC,L,1927,538,499,141,88,28,2,23,31,7,0.283,0.333,0.485,0.818,0.202,0.352,0.362,0.357,0.39,0.461,0.262,0.058,0.394,0.275,0.543,93.1,75.2,7.84,0.134,0.354,0.843,0.547,0.125,0.231,0.279,0.462
665052,Griffin Conine,MIA,L,1183,309,271,70,45,8,0,17,33,5,0.258,0.35,0.476,0.826,0.218,0.327,0.362,0.359,0.382,0.471,0.298,0.107,0.334,0.35,0.486,90.9,71.9,7.38,0.151,0.408,0.782,0.436,0.151,0.263,0.235,0.419
621566,Matt Olson,ATL,L,2883,680,615,156,81,34,0,41,58,3,0.254,0.319,0.509,0.828,0.255,0.284,0.362,0.354,0.344,0.44,0.249,0.085,0.278,0.223,0.518,92.4,72.9,7.52,0.145,0.335,0.843,0.627,0.174,0.35,0.203,0.373
671277,Luis García,NYY,L,1971,536,510,142,81,26,5,30,24,0,0.278,0.31,0.525,0.835,0.247,0.292,0.362,0.34,0.34,0.399,0.179,0.045,0.386,0.177,0.459,91.2,72.9,7.42,0.122,0.349,0.908,0.698,0.103,0.234,0.254,0.438
621439,Byron Buxton,MIN,R,1509,408,372,94,50,18,1,25,28,6,0.253,0.314,0.508,0.822,0.255,0.279,0.361,0.343,0.34,0.424,0.245,0.069,0.344,0.291,0.467,90.2,72.5,7.91,0.158,0.338,0.851,0.448,0.184,0.331,0.21,0.335
687952,Christian Encarnacion-Strand,BAL,R,779,208,191,52,29,12,0,11,10,4,0.272,0.319,0.508,0.827,0.236,0.325,0.361,0.338,0.352,0.433,0.26,0.048,0.465,0.268,0.381,89.6,72.0,7.32,0.144,0.381,0.827,0.598,0.194,0.324,0.252,0.338
660670,Ronald Acuña,ATL,R,1831,456,397,102,63,18,1,20,51,5,0.257,0.346,0.458,0.805,0.202,0.297,0.361,0.368,0.352,0.43,0.221,0.112,0.284,0.262,0.439,89.6,73.2,7.5,0.128,0.355,0.801,0.606,0.101,0.277,0.233,0.409
691016,Tyler Soderstrom,ATH,L,1753,452,400,97,48,27,3,19,48,3,0.242,0.327,0.468,0.795,0.225,0.268,0.361,0.327,0.319,0.363,0.199,0.106,0.259,0.208,0.454,90.7,72.5,7.44,0.095,0.32,0.891,0.559,0.15,0.271,0.193,0.464
664983,Jake Mccarthy,COL,L,1905,577,532,157,99,30,13,15,28,8,0.295,0.337,0.485,0.822,0.19,0.334,0.361,0.325,0.335,0.361,0.159,0.049,0.37,0.191,0.284,82.6,68.9,6.97,0.056,0.391,0.896,0.647,0.116,0.213,0.278,0.451
686948,Drake Baldwin,ATL,L,2340,601,537,151,107,20,0,24,53,9,0.281,0.354,0.453,0.807,0.171,0.332,0.361,0.366,0.365,0.433,0.218,0.088,0.343,0.232,0.5,91.3,73.4,7.26,0.126,0.387,0.853,0.618,0.106,0.264,0.251,0.436
608324,Alex Bregman,CHC,R,2749,693,602,156,96,32,2,26,73,12,0.259,0.348,0.449,0.796,0.189,0.274,0.361,0.323,0.301,0.324,0.146,0.105,0.234,0.142,0.374,88.1,68.2,6.93,0.061,0.347,0.917,0.709,0.16,0.275,0.232,0.376
696100,Hunter Goodman,COL,R,2099,555,503,122,63,19,2,38,42,5,0.243,0.305,0.515,0.819,0.272,0.288,0.36,0.32,0.346,0.432,0.312,0.076,0.401,0.319,0.447,89.8,73.6,7.25,0.144,0.327,0.803,0.517,0.21,0.342,0.216,0.354
670623,Isaac Paredes,HOU,R,2839,640,547,143,92,27,1,23,67,19,0.261,0.358,0.441,0.798,0.179,0.273,0.36,0.323,0.291,0.311,0.133,0.105,0.272,0.141,0.293,86.0,65.5,7.67,0.049,0.4,0.909,0.758,0.207,0.308,0.278,0.274
650490,Yandy Díaz,TB,R,2525,669,604,175,127,25,1,22,49,10,0.29,0.35,0.444,0.793,0.154,0.316,0.36,0.348,0.337,0.373,0.146,0.073,0.293,0.125,0.478,90.9,72.1,7.54,0.073,0.314,0.91,0.8,0.057,0.196,0.239,0.508
691023,Jordan Walker,STL,R,2340,651,596,162,101,33,0,28,48,4,0.272,0.329,0.468,0.797,0.196,0.335,0.36,0.341,0.369,0.431,0.258,0.074,0.36,0.297,0.495,92.6,77.3,8.33,0.133,0.335,0.814,0.515,0.105,0.242,0.249,0.426
703601,Max Clark,DET,L,698,191,166,47,30,11,3,3,17,4,0.283,0.362,0.44,0.801,0.157,0.349,0.359,0.327,0.353,0.359,0.194,0.089,0.279,0.134,0.376,85.5,71.6,7.45,0.023,0.368,0.933,0.714,0.09,0.256,0.271,0.406
691594,Javier Sanoja,MIA,R,1628,472,445,130,83,32,5,10,25,0,0.292,0.329,0.454,0.783,0.162,0.302,0.359,0.294,0.298,0.297,0.081,0.053,0.389,0.109,0.319,86.1,67.7,7.32,0.027,0.348,0.933,0.828,0.105,0.196,0.282,0.422
677951,Bobby Witt,KC,R,2312,602,541,152,102,31,1,18,54,3,0.281,0.347,0.442,0.789,0.161,0.321,0.359,0.377,0.373,0.426,0.176,0.09,0.338,0.223,0.505,92.3,72.3,6.92,0.114,0.384,0.891,0.598,0.105,0.266,0.277,0.364
664040,Brandon Lowe,PIT,L,2572,642,573,150,86,29,1,34,59,3,0.262,0.33,0.494,0.824,0.232,0.327,0.359,0.332,0.356,0.429,0.287,0.092,0.338,0.327,0.458,91.1,71.0,7.01,0.124,0.362,0.816,0.42,0.192,0.339,0.235,0.359
694192,Jackson Chourio,MIL,R,2161,558,514,145,94,27,0,24,40,2,0.282,0.335,0.475,0.81,0.193,0.339,0.359,0.341,0.354,0.422,0.238,0.072,0.341,0.237,0.468,91.6,72.6,7.28,0.121,0.342,0.871,0.585,0.108,0.308,0.197,0.45
621438,Tyrone Taylor,CHC,R,867,235,213,58,32,15,0,11,14,2,0.272,0.32,0.498,0.818,0.225,0.29,0.358,0.308,0.299,0.342,0.17,0.06,0.341,0.197,0.337,85.0,69.5,7.37,0.09,0.337,0.892,0.647,0.197,0.337,0.202,0.376
672640,Otto Lopez,MIA,R,2473,672,615,186,134,32,9,11,37,9,0.302,0.345,0.437,0.783,0.135,0.339,0.358,0.327,0.329,0.349,0.131,0.055,0.309,0.174,0.411,88.6,69.9,6.68,0.061,0.32,0.922,0.641,0.072,0.225,0.221,0.511
624424,Michael Conforto,CHC,L,1215,300,261,63,32,16,0,15,31,4,0.241,0.327,0.475,0.802,0.234,0.289,0.358,0.336,0.348,0.413,0.267,0.103,0.274,0.244,0.426,90.4,70.7,7.19,0.12,0.415,0.868,0.517,0.208,0.344,0.246,0.355
680869,Zack Gelof,ATH,R,1632,417,377,97,59,16,2,20,30,7,0.257,0.324,0.469,0.793,0.212,0.302,0.358,0.321,0.322,0.388,0.245,0.072,0.247,0.27,0.425,88.2,72.3,7.19,0.104,0.311,0.776,0.602,0.118,0.304,0.189,0.432
673962,Josh Jung,TEX,R,1604,439,395,116,78,26,1,11,34,7,0.294,0.358,0.448,0.806,0.154,0.344,0.357,0.343,0.355,0.383,0.18,0.077,0.292,0.174,0.491,90.7,69.0,6.96,0.069,0.418,0.915,0.638,0.06,0.23,0.308,0.428
679822,Justin Foscue,TEX,R,975,242,220,59,34,13,1,11,17,4,0.268,0.331,0.486,0.817,0.218,0.324,0.357,0.327,0.34,0.403,0.252,0.07,0.276,0.187,0.421,89.2,69.4,6.99,0.107,0.365,0.882,0.638,0.17,0.314,0.208,0.365
701162,Ben Malgeri,DET,R,514,136,116,29,19,5,0,5,17,2,0.25,0.353,0.422,0.775,0.172,0.316,0.356,0.317,0.344,0.364,0.257,0.125,0.244,0.25,0.402,89.7,66.3,6.36,0.073,0.39,0.85,0.492,0.122,0.256,0.28,0.415
668804,Bryan Reynolds,PIT,S,2689,690,593,153,94,40,2,17,83,11,0.258,0.358,0.418,0.776,0.16,0.326,0.356,0.354,0.348,0.409,0.23,0.12,0.247,0.258,0.48,90.8,70.5,6.9,0.114,0.39,0.865,0.411,0.114,0.271,0.241,0.459
701398,Sal Stewart,CIN,R,2696,670,599,161,104,25,0,32,57,4,0.269,0.331,0.471,0.802,0.202,0.31,0.356,0.345,0.345,0.412,0.225,0.085,0.317,0.24,0.415,90.4,70.2,7.51,0.123,0.361,0.82,0.643,0.105,0.284,0.226,0.452
621043,Carlos Correa,HOU,R,587,141,123,34,23,8,0,3,17,0,0.276,0.362,0.415,0.776,0.138,0.33,0.356,0.364,0.367,0.403,0.184,0.121,0.32,0.21,0.412,89.2,71.9,7.15,0.103,0.412,0.855,0.689,0.062,0.165,0.32,0.474
669127,Shea Langeliers,ATH,R,1714,452,413,109,65,21,0,23,33,5,0.264,0.325,0.482,0.807,0.218,0.301,0.356,0.358,0.363,0.437,0.23,0.073,0.331,0.259,0.44,91.5,74.0,7.16,0.137,0.391,0.841,0.564,0.117,0.3,0.257,0.352
808959,Munetaka Murakami,CWS,L,2380,530,440,89,40,15,1,33,83,6,0.202,0.336,0.466,0.802,0.264,0.258,0.356,0.346,0.355,0.484,0.358,0.157,0.222,0.398,0.56,93.7,72.5,7.78,0.19,0.306,0.697,0.375,0.202,0.383,0.149,0.423
703607,Henry Bolte,ATH,R,1708,453,398,111,83,16,1,11,37,15,0.279,0.361,0.407,0.768,0.128,0.383,0.355,0.318,0.364,0.393,0.278,0.082,0.284,0.305,0.478,90.1,74.9,7.51,0.08,0.285,0.822,0.402,0.051,0.15,0.193,0.624
681624,Andy Pages,LAD,R,2264,560,502,137,88,26,2,21,45,8,0.273,0.339,0.458,0.797,0.185,0.311,0.355,0.342,0.35,0.387,0.193,0.08,0.317,0.192,0.417,88.7,70.8,7.58,0.076,0.374,0.91,0.628,0.121,0.268,0.27,0.379
592626,Joc Pederson,TEX,L,1732,432,377,88,48,12,2,26,47,5,0.233,0.324,0.483,0.807,0.249,0.249,0.355,0.343,0.332,0.402,0.236,0.109,0.298,0.277,0.509,91.9,70.4,7.38,0.113,0.327,0.814,0.536,0.164,0.313,0.207,0.411
663616,Trevor Larnach,MIN,L,1694,435,386,103,66,23,1,13,44,4,0.267,0.348,0.433,0.781,0.166,0.306,0.354,0.327,0.326,0.353,0.182,0.101,0.297,0.254,0.367,87.6,70.3,7.07,0.075,0.397,0.868,0.526,0.125,0.236,0.285,0.39
676475,Alec Burleson,STL,L,2452,658,597,167,106,37,1,23,51,6,0.28,0.34,0.461,0.801,0.181,0.316,0.354,0.369,0.358,0.421,0.179,0.078,0.379,0.206,0.497,91.8,72.0,7.62,0.108,0.36,0.85,0.708,0.11,0.262,0.229,0.447
671739,Michael Harris,ATL,L,2161,611,582,167,107,33,1,26,22,2,0.287,0.314,0.481,0.795,0.194,0.321,0.354,0.34,0.362,0.407,0.191,0.036,0.448,0.218,0.472,89.8,73.3,8.06,0.101,0.326,0.917,0.609,0.112,0.23,0.262,0.451
803011,Sam Antonacci,CWS,L,2116,539,464,124,88,24,4,8,42,28,0.267,0.362,0.388,0.75,0.121,0.309,0.353,0.343,0.336,0.349,0.15,0.078,0.217,0.125,0.332,87.1,67.9,6.55,0.052,0.384,0.92,0.742,0.088,0.222,0.245,0.503
680977,Brendan Donovan,SEA,L,594,158,136,38,27,7,1,3,15,6,0.279,0.373,0.412,0.785,0.132,0.318,0.353,0.314,0.301,0.305,0.146,0.095,0.253,0.148,0.278,85.7,66.9,6.71,0.026,0.348,0.929,0.671,0.104,0.2,0.252,0.478
666018,Jonathan Aranda,TB,L,2623,656,574,157,109,26,0,22,63,11,0.274,0.352,0.434,0.786,0.16,0.342,0.353,0.343,0.354,0.409,0.239,0.096,0.291,0.195,0.458,91.0,68.7,7.04,0.1,0.397,0.853,0.713,0.1,0.311,0.276,0.373
668723,Ryan Vilade,TB,R,1057,263,232,58,37,8,2,11,24,3,0.25,0.324,0.444,0.768,0.194,0.296,0.353,0.334,0.351,0.396,0.236,0.091,0.273,0.201,0.403,88.9,75.0,7.39,0.074,0.33,0.871,0.619,0.165,0.301,0.205,0.398
686527,Dominic Canzone,SEA,L,1945,513,462,121,68,27,4,22,43,5,0.262,0.329,0.481,0.81,0.219,0.297,0.353,0.356,0.353,0.416,0.209,0.084,0.348,0.248,0.449,91.1,72.7,7.34,0.121,0.365,0.851,0.6,0.118,0.275,0.222,0.447
518692,Freddie Freeman,LAD,L,2684,642,567,165,116,32,1,16,63,5,0.291,0.363,0.436,0.799,0.145,0.338,0.353,0.366,0.364,0.406,0.171,0.098,0.293,0.214,0.411,89.4,68.6,6.63,0.082,0.42,0.847,0.653,0.084,0.26,0.279,0.429
665161,Jeremy Peña,HOU,R,1698,462,427,117,76,19,2,20,24,9,0.274,0.325,0.468,0.793,0.194,0.328,0.353,0.326,0.363,0.4,0.24,0.052,0.389,0.294,0.394,88.6,70.8,7.45,0.069,0.356,0.843,0.486,0.117,0.256,0.237,0.442
682998,Corbin Carroll,AZ,L,2581,647,564,136,65,32,17,22,68,8,0.241,0.328,0.475,0.803,0.234,0.289,0.352,0.345,0.341,0.401,0.227,0.105,0.295,0.249,0.485,91.9,74.1,7.44,0.124,0.307,0.814,0.635,0.145,0.297,0.208,0.405
671976,Tristan Peters,CWS,L,1726,475,421,114,67,31,4,12,37,11,0.271,0.344,0.449,0.793,0.178,0.316,0.352,0.314,0.313,0.341,0.181,0.078,0.318,0.205,0.337,84.0,67.2,6.79,0.056,0.346,0.863,0.641,0.158,0.282,0.226,0.411
683748,Victor Mesa,TB,L,891,248,221,55,32,6,3,14,23,1,0.249,0.321,0.493,0.814,0.244,0.258,0.351,0.333,0.319,0.377,0.194,0.093,0.336,0.224,0.4,86.8,71.9,7.83,0.114,0.331,0.847,0.631,0.166,0.314,0.229,0.326
677942,Blaze Alexander,BAL,R,1110,286,261,78,59,13,2,4,18,4,0.299,0.352,0.41,0.762,0.111,0.381,0.351,0.351,0.398,0.425,0.22,0.063,0.294,0.228,0.488,90.8,70.0,7.27,0.065,0.428,0.836,0.598,0.075,0.214,0.294,0.478
807712,Luke Keaschall,MIN,R,2269,605,518,142,104,26,2,10,55,22,0.274,0.363,0.39,0.753,0.116,0.314,0.35,0.316,0.297,0.31,0.144,0.091,0.228,0.157,0.288,84.8,66.8,6.65,0.036,0.374,0.91,0.66,0.111,0.295,0.243,0.374
687221,Dalton Rushing,LAD,L,940,250,221,55,31,12,0,12,23,5,0.249,0.332,0.466,0.798,0.217,0.316,0.35,0.336,0.373,0.432,0.292,0.092,0.303,0.297,0.443,88.8,70.6,7.46,0.121,0.389,0.796,0.51,0.148,0.275,0.315,0.322
682988,Tyler Locklear,AZ,R,171,42,36,10,6,3,0,1,4,1,0.278,0.357,0.444,0.802,0.167,0.346,0.349,0.334,0.336,0.376,0.214,0.095,0.271,0.188,0.321,83.8,70.7,6.75,0.143,0.286,0.806,0.826,0.107,0.179,0.25,0.536
641355,Cody Bellinger,NYY,L,2076,552,486,131,86,25,3,17,59,0,0.27,0.344,0.438,0.782,0.169,0.298,0.349,0.337,0.331,0.357,0.158,0.107,0.302,0.181,0.375,89.1,68.4,7.83,0.066,0.404,0.886,0.684,0.152,0.306,0.25,0.358
669003,Garrett Mitchell,MIL,L,2078,517,453,118,73,30,4,11,55,6,0.26,0.348,0.417,0.765,0.157,0.382,0.348,0.352,0.418,0.477,0.313,0.106,0.227,0.33,0.526,92.7,75.8,7.19,0.118,0.329,0.776,0.378,0.069,0.156,0.26,0.561
691720,Kyle Karros,COL,R,1846,459,398,101,65,21,3,12,51,7,0.254,0.346,0.412,0.758,0.158,0.305,0.348,0.337,0.333,0.372,0.205,0.111,0.246,0.227,0.408,89.4,68.0,6.9,0.082,0.418,0.894,0.492,0.095,0.243,0.273,0.424
661388,William Contreras,MIL,R,2253,626,560,151,105,27,1,18,53,4,0.27,0.332,0.418,0.75,0.148,0.296,0.348,0.333,0.312,0.355,0.149,0.085,0.284,0.187,0.441,90.3,71.5,7.16,0.085,0.335,0.892,0.644,0.085,0.252,0.252,0.407
671056,Iván Herrera,STL,R,2826,696,590,144,99,26,1,18,70,31,0.244,0.352,0.383,0.735,0.139,0.286,0.348,0.333,0.317,0.346,0.188,0.101,0.283,0.192,0.405,89.5,71.2,7.55,0.058,0.315,0.888,0.65,0.099,0.196,0.226,0.491
571448,Nolan Arenado,AZ,R,2332,581,522,130,77,24,1,28,48,8,0.249,0.32,0.46,0.78,0.211,0.271,0.347,0.295,0.296,0.325,0.203,0.083,0.321,0.22,0.312,85.1,69.1,8.32,0.067,0.342,0.857,0.65,0.183,0.275,0.215,0.371
672695,Geraldo Perdomo,AZ,S,2807,658,546,141,106,19,7,9,90,5,0.258,0.364,0.368,0.732,0.11,0.291,0.346,0.326,0.304,0.309,0.126,0.137,0.207,0.107,0.312,85.4,64.6,6.78,0.025,0.37,0.933,0.785,0.1,0.245,0.283,0.424
677800,Wilyer Abreu,BOS,L,2699,665,587,147,82,37,4,24,67,3,0.25,0.327,0.45,0.777,0.199,0.289,0.346,0.35,0.334,0.402,0.206,0.101,0.299,0.216,0.437,89.7,72.3,7.09,0.126,0.386,0.855,0.646,0.15,0.36,0.227,0.327
656811,Ryan O'Hearn,PIT,L,1679,437,395,105,70,17,0,18,33,6,0.266,0.33,0.446,0.775,0.18,0.307,0.346,0.318,0.331,0.367,0.215,0.076,0.315,0.201,0.424,89.1,68.9,7.1,0.066,0.358,0.884,0.643,0.126,0.285,0.235,0.424
685133,Wade Meckler,LAA,L,1158,320,284,83,66,14,0,3,31,3,0.292,0.368,0.373,0.741,0.081,0.362,0.345,0.314,0.33,0.34,0.188,0.097,0.232,0.195,0.335,85.4,66.6,6.61,0.031,0.339,0.903,0.537,0.093,0.194,0.256,0.533
694249,Cole Carrigg,COL,S,1382,355,318,85,50,21,4,10,26,5,0.267,0.329,0.453,0.781,0.186,0.335,0.345,0.31,0.335,0.37,0.237,0.073,0.358,0.23,0.37,86.8,70.7,7.39,0.055,0.387,0.872,0.601,0.147,0.29,0.265,0.378
680757,Steven Kwan,CLE,L,2556,623,532,147,121,21,2,3,80,4,0.276,0.373,0.34,0.713,0.064,0.308,0.345,0.328,0.315,0.305,0.1,0.128,0.196,0.064,0.103,82.2,60.5,6.04,0.004,0.428,0.971,0.84,0.07,0.226,0.312,0.411
693304,Nick Gonzales,PIT,R,2179,595,540,163,129,27,1,6,41,13,0.302,0.365,0.389,0.754,0.087,0.36,0.345,0.325,0.342,0.35,0.165,0.069,0.313,0.204,0.34,86.2,68.9,7.31,0.032,0.354,0.881,0.605,0.074,0.212,0.239,0.52
669065,Kyle Stowers,MIA,L,1939,508,448,107,55,27,4,21,47,10,0.239,0.323,0.458,0.781,0.219,0.322,0.345,0.329,0.354,0.439,0.315,0.093,0.337,0.328,0.566,92.3,73.4,6.73,0.128,0.344,0.793,0.448,0.17,0.333,0.222,0.368
805367,Chase Meidroth,CWS,R,2630,636,560,151,106,29,0,16,61,6,0.27,0.345,0.407,0.753,0.138,0.334,0.344,0.299,0.316,0.334,0.22,0.096,0.285,0.176,0.344,85.5,64.9,6.57,0.047,0.344,0.878,0.724,0.088,0.216,0.242,0.498
681715,Heriberto Hernandez,MIA,R,1961,487,431,98,57,16,1,24,51,4,0.227,0.314,0.436,0.75,0.209,0.267,0.344,0.348,0.35,0.434,0.267,0.105,0.235,0.305,0.47,91.2,72.1,7.65,0.126,0.331,0.796,0.435,0.192,0.311,0.205,0.407
605141,Mookie Betts,LAD,R,1887,511,466,119,73,24,0,22,42,2,0.255,0.319,0.448,0.767,0.193,0.249,0.344,0.338,0.315,0.344,0.108,0.082,0.201,0.113,0.383,90.4,67.5,6.92,0.078,0.41,0.953,0.674,0.154,0.327,0.276,0.329
673237,Yainer Diaz,HOU,R,1101,344,327,92,63,14,1,14,12,3,0.281,0.311,0.459,0.77,0.177,0.3,0.344,0.312,0.324,0.351,0.154,0.035,0.426,0.198,0.389,89.1,70.9,7.31,0.069,0.302,0.908,0.64,0.084,0.175,0.211,0.553
813841,Jonah Cox,SF,R,591,157,140,37,28,3,2,4,10,0,0.264,0.313,0.4,0.713,0.136,0.434,0.344,0.264,0.375,0.41,0.382,0.064,0.313,0.348,0.372,80.1,65.6,6.35,0.058,0.407,0.718,0.505,0.07,0.233,0.244,0.488
686765,Nick Sogard,BOS,S,1070,264,228,58,38,14,1,5,29,1,0.254,0.34,0.39,0.73,0.136,0.314,0.344,0.31,0.326,0.339,0.205,0.11,0.24,0.191,0.288,83.6,66.6,6.9,0.051,0.39,0.893,0.627,0.119,0.226,0.288,0.39
672386,Alejandro Kirk,TOR,R,1193,300,271,76,59,7,0,10,26,0,0.28,0.34,0.417,0.757,0.137,0.296,0.344,0.309,0.307,0.315,0.127,0.087,0.286,0.132,0.396,88.1,69.8,6.99,0.038,0.336,0.923,0.757,0.072,0.191,0.247,0.502
701807,Carson Benge,NYM,L,2604,631,575,158,115,21,3,19,47,8,0.275,0.338,0.421,0.758,0.146,0.333,0.344,0.339,0.365,0.401,0.22,0.074,0.279,0.199,0.39,88.7,68.8,6.49,0.073,0.401,0.879,0.624,0.113,0.279,0.261,0.431
669257,Will Smith,LAD,R,1152,269,228,57,38,9,0,10,34,3,0.25,0.349,0.421,0.77,0.171,0.269,0.343,0.389,0.339,0.416,0.16,0.126,0.209,0.148,0.402,88.9,68.2,7.24,0.127,0.45,0.905,0.697,0.138,0.407,0.265,0.275
650333,Luis Arráez,PHI,L,2451,653,598,185,139,33,7,6,30,5,0.309,0.34,0.418,0.758,0.109,0.317,0.343,0.308,0.303,0.299,0.043,0.046,0.329,0.061,0.191,85.6,61.9,5.76,0.012,0.405,0.95,0.915,0.138,0.308,0.27,0.374
649966,Luis Urías,TOR,R,230,59,52,13,7,3,0,3,6,0,0.25,0.322,0.481,0.803,0.231,0.256,0.343,0.299,0.294,0.313,0.169,0.102,0.314,0.122,0.302,86.2,69.9,7.64,0.07,0.419,0.935,0.763,0.233,0.279,0.233,0.372
663993,Nathaniel Lowe,CLE,L,1740,416,372,94,55,22,0,17,36,2,0.253,0.317,0.449,0.766,0.196,0.3,0.343,0.335,0.364,0.405,0.236,0.087,0.276,0.197,0.413,89.4,72.7,7.48,0.085,0.402,0.892,0.601,0.107,0.26,0.295,0.381
676724,Jared Young,NYM,L,1330,343,309,82,53,17,3,9,25,6,0.265,0.329,0.427,0.757,0.162,0.307,0.342,0.321,0.314,0.354,0.181,0.073,0.275,0.22,0.468,89.6,71.3,7.12,0.077,0.315,0.859,0.605,0.117,0.234,0.218,0.48
694671,Wyatt Langford,TEX,R,1829,454,396,94,55,20,2,17,53,4,0.237,0.333,0.427,0.759,0.189,0.279,0.342,0.322,0.313,0.361,0.227,0.117,0.263,0.225,0.371,88.8,71.0,6.81,0.082,0.333,0.855,0.582,0.177,0.31,0.235,0.33
691783,Jordan Lawlar,AZ,R,506,129,117,30,19,5,1,5,5,6,0.256,0.32,0.444,0.765,0.188,0.338,0.342,0.315,0.367,0.411,0.295,0.039,0.256,0.239,0.3,85.2,66.6,7.06,0.075,0.412,0.854,0.551,0.163,0.362,0.262,0.362
683737,Michael Busch,CHC,L,2763,693,587,141,92,27,2,20,88,13,0.24,0.349,0.395,0.744,0.155,0.298,0.341,0.333,0.322,0.371,0.232,0.127,0.249,0.239,0.399,88.2,66.2,6.9,0.091,0.366,0.863,0.525,0.138,0.343,0.214,0.396
695600,Carter Jensen,KC,L,2426,589,516,122,62,33,2,25,63,4,0.236,0.321,0.453,0.774,0.217,0.299,0.341,0.31,0.316,0.383,0.284,0.107,0.243,0.264,0.446,91.3,71.7,7.05,0.116,0.347,0.838,0.482,0.178,0.37,0.201,0.336
606192,Teoscar Hernández,LAD,R,1909,475,429,116,82,17,2,15,40,3,0.27,0.335,0.424,0.759,0.154,0.354,0.341,0.332,0.369,0.421,0.272,0.084,0.304,0.296,0.452,90.2,70.8,7.68,0.102,0.343,0.795,0.528,0.102,0.284,0.205,0.446
596142,Gary Sánchez,MIL,R,1108,264,216,45,23,10,1,11,44,3,0.208,0.348,0.417,0.765,0.208,0.225,0.341,0.342,0.3,0.354,0.205,0.167,0.224,0.259,0.354,87.8,68.7,7.19,0.081,0.298,0.837,0.542,0.112,0.261,0.193,0.429
686469,Vinnie Pasquantino,KC,L,1852,465,410,101,64,20,2,15,47,3,0.246,0.325,0.415,0.739,0.168,0.266,0.34,0.335,0.31,0.352,0.155,0.101,0.303,0.139,0.419,89.9,69.2,7.26,0.091,0.372,0.922,0.753,0.156,0.304,0.26,0.319
691728,Zac Veen,COL,L,286,74,64,14,9,2,1,2,7,1,0.219,0.306,0.375,0.681,0.156,0.375,0.34,0.27,0.345,0.406,0.405,0.095,0.411,0.372,0.389,81.7,69.6,6.96,0.083,0.361,0.702,0.542,0.167,0.444,0.167,0.389
502671,Paul Goldschmidt,NYY,R,1469,370,338,85,54,12,1,18,27,3,0.251,0.311,0.453,0.763,0.201,0.283,0.34,0.313,0.319,0.371,0.224,0.073,0.324,0.241,0.362,86.7,69.9,7.46,0.102,0.362,0.797,0.691,0.13,0.295,0.201,0.433
678882,Ceddanne Rafaela,BOS,R,2079,565,533,150,99,32,3,16,20,8,0.281,0.316,0.443,0.759,0.161,0.333,0.34,0.284,0.317,0.333,0.204,0.035,0.449,0.229,0.319,85.9,67.7,7.18,0.054,0.359,0.861,0.641,0.096,0.261,0.251,0.437
669242,Tommy Edman,LAD,S,1178,318,279,68,47,11,2,8,21,14,0.244,0.327,0.384,0.71,0.14,0.291,0.339,0.304,0.313,0.329,0.204,0.066,0.306,0.213,0.329,86.6,69.6,6.88,0.055,0.311,0.923,0.536,0.11,0.283,0.201,0.457
807799,Masataka Yoshida,BOS,L,1076,296,263,72,50,16,1,5,27,3,0.274,0.345,0.399,0.744,0.125,0.298,0.339,0.318,0.299,0.314,0.111,0.091,0.281,0.138,0.399,88.8,70.3,7.03,0.034,0.313,0.913,0.763,0.082,0.227,0.223,0.498
695491,Joshua Báez,STL,R,382,108,100,23,9,7,0,7,4,3,0.23,0.278,0.51,0.788,0.28,0.267,0.339,0.303,0.317,0.408,0.306,0.037,0.396,0.319,0.471,92.1,75.8,7.74,0.118,0.368,0.784,0.5,0.221,0.397,0.176,0.324
667472,Dane Myers,CIN,R,1385,328,286,74,55,11,0,8,37,3,0.259,0.348,0.381,0.729,0.122,0.337,0.338,0.309,0.331,0.356,0.25,0.113,0.252,0.194,0.363,87.3,69.0,7.04,0.047,0.354,0.847,0.713,0.061,0.245,0.236,0.453
694362,Blake Dunn,CIN,R,549,150,137,39,29,7,1,2,10,2,0.285,0.34,0.394,0.734,0.109,0.359,0.338,0.278,0.317,0.317,0.213,0.067,0.28,0.202,0.3,84.4,67.8,6.05,0.027,0.345,0.903,0.547,0.109,0.218,0.255,0.464
668715,Spencer Steer,CIN,R,1521,369,326,79,49,14,0,16,35,6,0.242,0.325,0.433,0.758,0.19,0.281,0.338,0.342,0.334,0.402,0.233,0.095,0.262,0.221,0.391,89.4,69.7,7.31,0.117,0.367,0.868,0.569,0.137,0.297,0.191,0.43
669477,Casey Schmitt,SF,R,1453,408,387,105,66,17,1,21,10,7,0.271,0.299,0.483,0.782,0.212,0.294,0.338,0.355,0.365,0.428,0.196,0.025,0.364,0.201,0.448,89.9,70.6,7.46,0.123,0.41,0.907,0.589,0.187,0.345,0.252,0.297
687957,Dustin Harris,SD,L,470,134,117,34,27,4,3,0,10,3,0.291,0.356,0.376,0.732,0.085,0.343,0.337,0.313,0.319,0.318,0.134,0.075,0.327,0.185,0.194,82.4,64.3,6.49,0.019,0.417,0.871,0.712,0.117,0.194,0.311,0.417
677649,Ezequiel Duran,TEX,R,2286,580,523,136,88,27,4,17,45,5,0.26,0.321,0.424,0.746,0.164,0.322,0.337,0.303,0.331,0.357,0.234,0.078,0.353,0.239,0.384,87.8,70.4,7.06,0.061,0.364,0.863,0.585,0.088,0.232,0.237,0.465
672960,Kazuma Okamoto,TOR,R,2622,625,560,130,73,24,0,33,56,6,0.232,0.307,0.452,0.759,0.22,0.28,0.337,0.326,0.329,0.418,0.288,0.09,0.276,0.302,0.441,90.6,70.8,7.86,0.131,0.355,0.804,0.448,0.185,0.342,0.201,0.36
660688,Keibert Ruiz,WSH,S,1104,348,327,92,58,24,0,10,15,3,0.281,0.316,0.446,0.763,0.165,0.292,0.337,0.289,0.279,0.3,0.103,0.043,0.384,0.13,0.363,87.6,66.2,6.96,0.048,0.349,0.943,0.743,0.192,0.284,0.233,0.384
687551,Drew Gilbert,SF,L,1544,386,337,81,53,14,3,11,35,9,0.24,0.326,0.398,0.723,0.157,0.273,0.336,0.332,0.328,0.358,0.181,0.091,0.25,0.2,0.375,86.0,67.6,7.37,0.059,0.375,0.903,0.569,0.099,0.202,0.257,0.438
669364,Xavier Edwards,MIA,S,2321,594,521,145,116,17,6,6,64,0,0.278,0.354,0.369,0.722,0.09,0.322,0.336,0.31,0.306,0.312,0.14,0.108,0.237,0.163,0.284,85.4,66.6,6.4,0.032,0.369,0.903,0.677,0.056,0.227,0.248,0.482
664023,Ian Happ,CHC,S,2681,625,540,118,64,28,2,24,76,7,0.219,0.322,0.411,0.733,0.193,0.284,0.336,0.315,0.319,0.389,0.296,0.122,0.237,0.275,0.419,89.1,70.3,6.79,0.114,0.325,0.809,0.514,0.162,0.319,0.211,0.407
682657,Angel Martínez,CLE,S,1442,398,372,96,54,23,2,17,12,7,0.258,0.293,0.468,0.761,0.21,0.297,0.336,0.306,0.338,0.375,0.224,0.03,0.421,0.189,0.366,86.3,69.6,7.25,0.076,0.383,0.901,0.683,0.152,0.259,0.259,0.41
687859,Troy Johnston,COL,L,1618,439,387,109,73,32,1,3,37,9,0.282,0.354,0.393,0.747,0.111,0.349,0.335,0.326,0.35,0.353,0.182,0.084,0.359,0.222,0.367,89.1,68.7,6.63,0.022,0.418,0.881,0.598,0.104,0.237,0.323,0.408
807713,Matt Shaw,CHC,R,767,192,164,38,22,8,3,5,20,3,0.232,0.323,0.409,0.731,0.177,0.266,0.334,0.296,0.283,0.304,0.182,0.104,0.324,0.187,0.336,84.3,67.2,7.01,0.045,0.321,0.881,0.707,0.112,0.284,0.216,0.403
665019,Kody Clemens,MIN,L,2206,569,518,121,66,22,7,26,38,7,0.234,0.293,0.454,0.747,0.22,0.26,0.334,0.33,0.331,0.394,0.221,0.067,0.325,0.222,0.457,91.2,70.4,7.11,0.111,0.337,0.854,0.628,0.151,0.332,0.214,0.394
595978,Austin Hedges,CLE,R,915,242,211,52,37,10,0,5,24,1,0.246,0.324,0.365,0.688,0.118,0.29,0.334,0.278,0.285,0.288,0.182,0.099,0.258,0.232,0.32,84.3,66.1,7.11,0.041,0.273,0.866,0.537,0.087,0.221,0.203,0.477
701678,Hao-Yu Lee,DET,R,1330,349,318,85,55,18,2,10,27,0,0.267,0.322,0.431,0.753,0.164,0.335,0.334,0.303,0.32,0.366,0.241,0.077,0.292,0.251,0.414,89.4,69.4,6.89,0.089,0.363,0.845,0.54,0.101,0.266,0.27,0.384
693307,Dillon Dingler,DET,R,2316,597,543,132,76,27,2,27,34,15,0.243,0.303,0.449,0.753,0.206,0.277,0.334,0.342,0.354,0.413,0.229,0.057,0.335,0.204,0.429,88.7,70.4,7.48,0.1,0.402,0.906,0.611,0.151,0.29,0.246,0.371
650402,Gleyber Torres,DET,R,1785,418,359,93,72,13,0,8,54,3,0.259,0.359,0.362,0.721,0.103,0.315,0.334,0.325,0.326,0.343,0.194,0.129,0.189,0.205,0.323,86.2,66.7,6.97,0.061,0.398,0.861,0.576,0.061,0.247,0.269,0.452
702332,Caleb Durbin,BOS,R,2114,574,499,125,86,25,1,13,49,15,0.251,0.333,0.383,0.716,0.132,0.275,0.334,0.295,0.282,0.287,0.136,0.085,0.278,0.149,0.253,81.6,66.7,6.88,0.028,0.307,0.904,0.729,0.105,0.191,0.219,0.484
608348,Carson Kelly,CHC,R,1626,419,374,98,73,15,0,10,40,5,0.262,0.341,0.382,0.724,0.12,0.298,0.333,0.313,0.302,0.326,0.165,0.095,0.251,0.18,0.361,86.7,69.3,6.81,0.052,0.325,0.908,0.604,0.105,0.243,0.223,0.462
694384,Nolan Schanuel,LAA,L,1678,446,392,108,79,22,0,7,42,6,0.276,0.351,0.385,0.736,0.11,0.308,0.333,0.334,0.336,0.34,0.128,0.094,0.272,0.141,0.329,87.2,66.1,6.73,0.024,0.382,0.932,0.7,0.109,0.215,0.3,0.435
543807,George Springer,TOR,R,2007,510,458,114,75,22,2,15,47,3,0.249,0.322,0.404,0.725,0.155,0.282,0.333,0.304,0.297,0.328,0.18,0.092,0.254,0.214,0.382,88.5,70.5,7.39,0.063,0.313,0.875,0.549,0.124,0.258,0.223,0.451
687263,Zach Neto,LAA,R,2736,683,604,143,83,29,5,26,64,14,0.237,0.324,0.43,0.754,0.194,0.317,0.333,0.313,0.327,0.401,0.306,0.094,0.371,0.312,0.414,89.6,69.1,7.02,0.114,0.391,0.842,0.473,0.192,0.356,0.23,0.308
670231,John Rave,KC,L,595,148,130,28,14,7,1,6,16,0,0.215,0.301,0.423,0.724,0.208,0.25,0.333,0.311,0.321,0.365,0.243,0.108,0.252,0.219,0.371,84.0,71.2,7.08,0.103,0.33,0.861,0.61,0.186,0.247,0.186,0.454
682987,Spencer Jones,NYY,L,1209,281,255,62,37,13,1,11,24,1,0.243,0.31,0.431,0.741,0.188,0.357,0.333,0.33,0.399,0.491,0.359,0.085,0.354,0.37,0.553,94.2,75.4,7.8,0.151,0.447,0.753,0.432,0.164,0.395,0.276,0.276
695020,Tanner Murray,CWS,R,105,33,29,6,5,0,0,1,1,1,0.207,0.25,0.31,0.56,0.103,0.238,0.332,0.275,0.254,0.323,0.212,0.03,0.304,0.327,0.435,85.6,72.0,7.54,0.087,0.261,0.781,0.471,0.174,0.304,0.043,0.478
642201,Eli White,BOS,R,802,203,190,47,31,9,1,6,11,1,0.247,0.291,0.4,0.691,0.153,0.295,0.332,0.269,0.3,0.317,0.222,0.054,0.327,0.243,0.293,84.1,70.8,7.13,0.061,0.327,0.842,0.575,0.095,0.245,0.197,0.517
543510,James Mccann,AZ,R,565,152,142,40,29,6,0,5,6,1,0.282,0.313,0.43,0.743,0.148,0.357,0.332,0.285,0.316,0.364,0.257,0.039,0.401,0.3,0.434,87.6,69.6,6.88,0.085,0.358,0.873,0.463,0.104,0.236,0.236,0.491
656577,Alex Jackson,MIN,R,272,73,69,21,16,4,0,1,2,2,0.304,0.342,0.406,0.748,0.101,0.455,0.332,0.222,0.287,0.296,0.329,0.027,0.396,0.28,0.333,79.8,69.6,7.11,0.022,0.244,0.853,0.491,0.133,0.244,0.2,0.533
668709,Jj Bleday,CIN,L,2083,527,451,97,56,16,2,23,70,3,0.215,0.323,0.412,0.735,0.197,0.236,0.332,0.34,0.323,0.38,0.218,0.133,0.229,0.248,0.395,88.1,71.6,7.22,0.094,0.407,0.842,0.485,0.206,0.33,0.274,0.286
663656,Kyle Tucker,LAD,L,2416,608,523,124,80,23,4,17,76,3,0.237,0.334,0.394,0.728,0.157,0.264,0.332,0.333,0.319,0.345,0.166,0.125,0.236,0.186,0.367,88.5,69.1,7.22,0.065,0.364,0.882,0.61,0.161,0.346,0.222,0.367
806198,Cooper Pratt,MIL,R,989,250,214,60,49,6,2,3,24,2,0.28,0.348,0.369,0.717,0.089,0.345,0.332,0.315,0.337,0.341,0.184,0.096,0.299,0.19,0.282,85.6,68.1,6.84,0.033,0.409,0.902,0.619,0.077,0.215,0.287,0.475
686797,Brooks Lee,MIN,S,2327,619,575,146,95,24,3,24,36,4,0.254,0.301,0.431,0.732,0.177,0.271,0.332,0.279,0.281,0.302,0.162,0.058,0.35,0.183,0.338,87.8,68.2,6.95,0.042,0.333,0.916,0.627,0.161,0.302,0.231,0.396
683953,Travis Bazzana,CLE,L,2008,501,434,106,69,20,2,15,55,7,0.244,0.335,0.403,0.739,0.159,0.288,0.331,0.303,0.299,0.324,0.206,0.11,0.265,0.218,0.365,87.2,67.2,6.93,0.051,0.311,0.882,0.553,0.144,0.281,0.204,0.416
665804,Miguel Amaya,CHC,R,987,246,209,48,32,10,0,6,23,10,0.23,0.333,0.364,0.697,0.134,0.307,0.331,0.288,0.293,0.324,0.268,0.093,0.311,0.256,0.342,86.8,68.6,7.39,0.068,0.377,0.839,0.594,0.151,0.322,0.212,0.349
701538,Jackson Merrill,SD,L,2519,653,606,152,96,25,5,26,37,3,0.251,0.296,0.437,0.733,0.186,0.297,0.331,0.346,0.362,0.434,0.239,0.057,0.373,0.248,0.489,90.7,71.7,7.43,0.123,0.401,0.841,0.594,0.119,0.302,0.275,0.368
679529,Spencer Torkelson,DET,R,2553,601,518,118,66,27,0,25,70,9,0.228,0.328,0.425,0.752,0.197,0.307,0.331,0.313,0.333,0.4,0.316,0.116,0.217,0.304,0.419,89.5,71.4,7.69,0.12,0.425,0.821,0.353,0.193,0.358,0.253,0.316
691723,Coby Mayo,BAL,R,1824,444,404,91,46,18,3,24,34,5,0.225,0.293,0.463,0.756,0.238,0.271,0.33,0.338,0.353,0.452,0.3,0.077,0.316,0.282,0.476,91.3,74.0,7.27,0.137,0.358,0.842,0.495,0.207,0.354,0.199,0.343
681393,Connor Norby,COL,R,1437,372,321,77,48,22,0,7,39,10,0.24,0.339,0.374,0.713,0.134,0.337,0.33,0.304,0.322,0.364,0.285,0.105,0.282,0.27,0.356,87.2,68.9,6.95,0.074,0.352,0.828,0.493,0.218,0.37,0.194,0.375
696285,Jacob Young,WSH,R,1710,463,414,103,68,22,3,10,33,9,0.249,0.316,0.389,0.705,0.14,0.284,0.329,0.317,0.319,0.341,0.164,0.071,0.273,0.197,0.315,86.5,67.5,7.02,0.058,0.382,0.886,0.626,0.096,0.283,0.277,0.394
606466,Ketel Marte,AZ,S,2208,601,547,136,82,29,3,22,43,6,0.249,0.308,0.433,0.741,0.185,0.26,0.329,0.342,0.326,0.368,0.143,0.072,0.318,0.182,0.421,89.9,73.4,7.64,0.092,0.333,0.904,0.657,0.135,0.277,0.232,0.414
663611,Nick Madrigal,TB,R,239,63,54,15,13,2,0,0,7,1,0.278,0.365,0.315,0.68,0.037,0.294,0.329,0.293,0.252,0.247,0.048,0.111,0.296,0.067,0.269,88.1,64.9,6.38,0.0,0.308,0.965,0.853,0.096,0.212,0.25,0.519
621020,Dansby Swanson,CHC,R,1847,475,418,90,52,16,3,19,50,2,0.215,0.3,0.404,0.704,0.189,0.247,0.329,0.306,0.304,0.349,0.234,0.105,0.265,0.29,0.413,89.3,69.9,7.56,0.074,0.308,0.814,0.461,0.167,0.301,0.202,0.423
678011,Anthony Seigler,BOS,S,649,174,151,37,21,12,1,3,18,1,0.245,0.326,0.397,0.723,0.152,0.283,0.328,0.312,0.297,0.324,0.161,0.103,0.261,0.209,0.344,86.1,64.9,6.69,0.056,0.376,0.848,0.651,0.112,0.304,0.232,0.424
805805,Walker Jenkins,MIN,L,306,81,72,16,10,2,0,4,7,1,0.222,0.3,0.417,0.717,0.194,0.235,0.328,0.315,0.305,0.356,0.21,0.086,0.239,0.245,0.304,85.3,69.8,6.84,0.089,0.304,0.819,0.579,0.143,0.286,0.214,0.429
650489,Willi Castro,COL,S,1899,480,430,110,75,20,1,14,41,6,0.256,0.327,0.405,0.732,0.149,0.334,0.328,0.309,0.339,0.38,0.269,0.085,0.375,0.278,0.399,86.9,71.0,7.23,0.08,0.332,0.833,0.548,0.146,0.312,0.233,0.389
805999,A. J. Ewing,NYM,L,1864,475,423,109,79,19,1,10,43,2,0.258,0.327,0.378,0.705,0.121,0.338,0.328,0.318,0.358,0.387,0.253,0.091,0.263,0.228,0.415,88.2,67.9,6.38,0.068,0.357,0.857,0.573,0.09,0.241,0.254,0.463
668939,Adley Rutschman,BOS,S,1663,397,352,85,46,26,1,12,38,2,0.241,0.315,0.423,0.738,0.182,0.265,0.328,0.328,0.313,0.35,0.164,0.096,0.255,0.143,0.384,88.8,69.1,6.91,0.068,0.408,0.913,0.747,0.156,0.31,0.252,0.391
687462,Spencer Horwitz,PIT,L,1747,436,373,93,69,13,1,10,52,7,0.249,0.349,0.37,0.719,0.121,0.281,0.328,0.315,0.284,0.312,0.156,0.119,0.248,0.153,0.308,86.7,67.0,6.85,0.058,0.331,0.918,0.695,0.117,0.276,0.221,0.412
804606,Konnor Griffin,PIT,R,1261,320,294,79,56,14,4,5,20,4,0.269,0.322,0.395,0.716,0.126,0.352,0.328,0.307,0.346,0.376,0.247,0.062,0.377,0.268,0.365,87.3,73.0,7.57,0.064,0.352,0.839,0.563,0.068,0.178,0.26,0.521
665923,Esteury Ruiz,MIA,R,978,244,206,45,26,12,1,6,24,11,0.218,0.331,0.374,0.704,0.155,0.32,0.328,0.276,0.288,0.327,0.32,0.098,0.313,0.294,0.246,79.7,68.1,7.42,0.077,0.408,0.797,0.548,0.154,0.269,0.277,0.292
687401,Joey Ortiz,MIL,R,1575,407,364,97,70,14,4,9,34,0,0.266,0.325,0.401,0.726,0.135,0.32,0.328,0.295,0.309,0.329,0.197,0.084,0.323,0.181,0.369,87.4,71.8,7.44,0.041,0.304,0.921,0.645,0.085,0.205,0.229,0.502
687605,Andrew Pinckney,WSH,R,109,29,25,7,5,0,1,1,1,1,0.28,0.31,0.48,0.79,0.2,0.429,0.328,0.297,0.398,0.422,0.345,0.034,0.185,0.289,0.588,94.8,73.2,7.6,0.118,0.412,0.771,0.5,0.0,0.294,0.294,0.412
671732,Lawrence Butler,ATH,L,2191,523,458,107,70,18,2,17,59,2,0.234,0.322,0.393,0.715,0.159,0.296,0.328,0.327,0.35,0.397,0.262,0.113,0.247,0.238,0.454,89.4,71.5,6.94,0.086,0.327,0.821,0.609,0.096,0.219,0.216,0.515
643289,Mauricio Dubón,ATL,R,2236,604,561,153,111,28,3,11,35,4,0.273,0.318,0.392,0.711,0.119,0.298,0.328,0.303,0.307,0.317,0.121,0.058,0.376,0.139,0.293,86.2,67.4,7.58,0.039,0.378,0.913,0.776,0.098,0.256,0.258,0.407
666160,Mickey Moniak,COL,L,1499,431,399,96,50,17,6,23,22,3,0.241,0.281,0.486,0.767,0.246,0.284,0.327,0.28,0.304,0.36,0.276,0.051,0.439,0.279,0.415,89.7,72.8,7.77,0.098,0.331,0.85,0.528,0.199,0.369,0.199,0.341
656537,Derek Hill,PHI,R,829,214,197,47,30,5,1,11,13,1,0.239,0.289,0.442,0.731,0.203,0.308,0.327,0.288,0.344,0.398,0.322,0.061,0.337,0.307,0.333,84.4,68.8,6.91,0.106,0.371,0.797,0.5,0.136,0.288,0.205,0.47
596019,Francisco Lindor,NYM,S,1898,449,400,90,55,11,4,20,44,5,0.225,0.31,0.422,0.732,0.197,0.241,0.327,0.332,0.31,0.37,0.2,0.098,0.298,0.226,0.492,91.2,71.2,7.57,0.09,0.305,0.865,0.608,0.183,0.341,0.228,0.35
664770,Nathan Lukes,TOR,L,1730,442,403,111,87,14,0,10,24,6,0.275,0.324,0.385,0.709,0.109,0.307,0.327,0.29,0.305,0.309,0.145,0.054,0.341,0.138,0.293,85.2,65.2,6.24,0.026,0.328,0.89,0.81,0.086,0.198,0.221,0.534
699393,Pedro Ramírez,CHC,S,947,253,232,60,40,12,2,6,17,1,0.259,0.31,0.405,0.715,0.147,0.3,0.327,0.282,0.301,0.311,0.182,0.067,0.322,0.187,0.388,88.7,70.6,7.46,0.043,0.324,0.898,0.639,0.138,0.234,0.239,0.441
802139,Jj Wetherholt,STL,L,2428,605,525,126,96,14,0,16,62,16,0.24,0.337,0.358,0.695,0.118,0.27,0.327,0.349,0.319,0.367,0.167,0.102,0.211,0.182,0.447,89.7,70.1,7.47,0.073,0.362,0.879,0.641,0.089,0.292,0.224,0.452
802415,Chandler Simpson,TB,L,1930,602,563,173,151,16,6,0,25,0,0.307,0.334,0.357,0.691,0.05,0.335,0.327,0.266,0.287,0.269,0.078,0.042,0.296,0.088,0.136,80.7,62.4,6.43,0.0,0.269,0.942,0.841,0.028,0.141,0.218,0.612
663886,Tyler Stephenson,CIN,R,1868,455,400,98,61,22,0,15,47,3,0.245,0.325,0.412,0.738,0.167,0.318,0.327,0.326,0.344,0.405,0.273,0.103,0.224,0.247,0.444,91.0,68.7,7.34,0.12,0.412,0.876,0.377,0.137,0.327,0.289,0.335
553993,Eugenio Suárez,CIN,R,1996,481,419,88,46,17,0,25,51,8,0.21,0.306,0.43,0.735,0.22,0.274,0.327,0.299,0.327,0.396,0.341,0.106,0.283,0.31,0.355,88.5,69.6,7.72,0.118,0.389,0.817,0.432,0.164,0.324,0.233,0.34
695734,Daylen Lile,WSH,L,2363,642,593,146,88,28,8,22,37,6,0.246,0.294,0.432,0.726,0.185,0.278,0.326,0.326,0.327,0.379,0.195,0.058,0.382,0.214,0.376,88.4,70.0,7.41,0.098,0.397,0.881,0.625,0.159,0.378,0.234,0.327
677592,Everson Pereira,STL,R,404,111,98,23,13,5,0,5,6,5,0.235,0.309,0.439,0.748,0.204,0.321,0.326,0.299,0.33,0.404,0.333,0.054,0.369,0.353,0.413,87.7,72.4,7.99,0.127,0.397,0.797,0.402,0.127,0.238,0.175,0.508
669397,Nick Allen,HOU,R,575,161,144,40,31,6,0,3,10,1,0.278,0.323,0.382,0.705,0.104,0.339,0.326,0.244,0.278,0.268,0.199,0.062,0.254,0.212,0.263,82.5,66.5,6.54,0.017,0.246,0.851,0.614,0.144,0.203,0.186,0.492
608369,Corey Seager,TEX,L,1558,418,370,83,49,16,0,18,41,4,0.224,0.306,0.414,0.72,0.189,0.257,0.326,0.346,0.341,0.414,0.237,0.098,0.283,0.299,0.476,91.6,69.8,6.61,0.14,0.373,0.816,0.439,0.111,0.303,0.21,0.45
682626,Francisco Álvarez,NYM,R,1715,412,370,87,57,14,0,16,37,4,0.235,0.311,0.403,0.713,0.168,0.311,0.326,0.324,0.353,0.429,0.306,0.09,0.318,0.315,0.475,90.7,72.6,7.24,0.157,0.343,0.802,0.497,0.14,0.256,0.202,0.471
605137,Josh Bell,MIN,S,2459,620,562,143,94,28,1,20,49,4,0.254,0.316,0.415,0.731,0.16,0.294,0.326,0.333,0.328,0.381,0.198,0.079,0.298,0.203,0.421,89.8,70.3,7.87,0.095,0.36,0.864,0.662,0.129,0.265,0.235,0.419
805300,Jakob Marsee,MIA,L,2338,604,508,115,79,19,6,11,76,14,0.226,0.342,0.352,0.695,0.126,0.28,0.326,0.31,0.307,0.32,0.209,0.126,0.219,0.166,0.346,85.5,67.5,6.63,0.036,0.357,0.929,0.588,0.103,0.227,0.284,0.372
663968,Jake Mangum,PIT,S,1699,462,420,114,88,19,2,5,24,12,0.271,0.328,0.362,0.689,0.09,0.334,0.326,0.287,0.315,0.318,0.193,0.052,0.443,0.186,0.277,83.5,65.8,6.56,0.024,0.301,0.866,0.741,0.065,0.171,0.209,0.584
500743,Miguel Rojas,LAD,R,855,244,219,59,39,16,0,4,14,2,0.269,0.31,0.397,0.707,0.128,0.291,0.326,0.308,0.317,0.317,0.107,0.057,0.324,0.157,0.351,85.8,67.2,7.06,0.05,0.376,0.916,0.713,0.084,0.228,0.243,0.441
681082,Bryson Stott,PHI,L,2450,591,522,131,83,32,6,10,59,3,0.251,0.329,0.393,0.722,0.142,0.293,0.326,0.328,0.328,0.351,0.168,0.1,0.3,0.165,0.371,88.7,68.1,7.16,0.06,0.357,0.907,0.718,0.13,0.271,0.244,0.422
675961,Alika Williams,ATH,R,835,231,215,58,33,20,1,4,10,2,0.27,0.307,0.428,0.735,0.158,0.335,0.325,0.248,0.284,0.29,0.216,0.043,0.368,0.212,0.325,83.4,67.2,6.89,0.012,0.314,0.892,0.589,0.089,0.231,0.219,0.462
519317,Giancarlo Stanton,NYY,R,384,96,90,23,14,6,0,3,6,0,0.256,0.302,0.422,0.724,0.167,0.345,0.325,0.326,0.361,0.444,0.302,0.062,0.303,0.353,0.443,94.1,77.4,8.39,0.18,0.393,0.773,0.429,0.18,0.279,0.295,0.295
690993,Colt Keith,DET,L,1611,422,383,99,66,19,4,10,32,5,0.258,0.322,0.407,0.73,0.149,0.308,0.325,0.333,0.349,0.381,0.199,0.076,0.246,0.195,0.421,88.7,70.4,6.82,0.076,0.414,0.886,0.599,0.099,0.252,0.268,0.397
607043,Brandon Nimmo,TEX,L,2513,638,579,150,98,34,4,14,48,7,0.259,0.321,0.404,0.725,0.145,0.322,0.325,0.342,0.36,0.41,0.224,0.075,0.29,0.206,0.505,92.0,70.6,6.93,0.091,0.368,0.857,0.628,0.107,0.267,0.279,0.422
686681,Michael Massey,KC,L,1595,439,410,113,74,25,1,13,21,0,0.276,0.307,0.437,0.744,0.161,0.308,0.325,0.307,0.312,0.347,0.164,0.048,0.38,0.179,0.393,88.4,70.5,7.06,0.058,0.387,0.891,0.702,0.159,0.298,0.263,0.393
683002,Gunnar Henderson,BAL,L,2776,697,621,139,82,27,6,24,64,10,0.224,0.306,0.403,0.708,0.179,0.259,0.325,0.322,0.328,0.368,0.22,0.092,0.304,0.21,0.431,89.2,72.3,7.27,0.077,0.345,0.878,0.616,0.15,0.26,0.232,0.442
808982,Jung Hoo Lee,SF,L,2132,578,539,149,104,31,4,10,28,7,0.276,0.318,0.404,0.723,0.128,0.294,0.324,0.315,0.322,0.324,0.099,0.048,0.307,0.109,0.315,87.2,67.0,7.59,0.023,0.372,0.949,0.769,0.099,0.226,0.29,0.436
669394,Jake Burger,TEX,R,2267,601,538,125,75,23,0,27,55,4,0.232,0.306,0.426,0.732,0.193,0.281,0.324,0.317,0.329,0.394,0.27,0.092,0.354,0.328,0.462,90.2,73.8,7.43,0.123,0.302,0.811,0.455,0.144,0.289,0.194,0.43
592518,Manny Machado,SD,R,2623,661,576,125,74,22,0,29,73,1,0.217,0.302,0.406,0.708,0.189,0.235,0.324,0.331,0.323,0.373,0.209,0.11,0.302,0.23,0.435,89.9,72.8,7.8,0.096,0.343,0.855,0.604,0.11,0.28,0.244,0.395
683679,Jesus Rodriguez,SF,R,209,58,51,12,7,3,0,2,5,1,0.235,0.316,0.412,0.728,0.176,0.244,0.324,0.315,0.317,0.32,0.138,0.086,0.348,0.239,0.295,84.1,67.2,7.14,0.023,0.341,0.829,0.641,0.068,0.25,0.182,0.545
694374,Tim Tawa,AZ,R,1327,330,294,70,45,13,1,11,26,0,0.238,0.296,0.401,0.698,0.163,0.294,0.323,0.312,0.338,0.385,0.248,0.079,0.315,0.261,0.436,88.6,71.3,7.03,0.107,0.373,0.833,0.565,0.124,0.258,0.24,0.436
670042,Luke Raley,SEA,L,1110,287,263,59,34,9,1,15,14,7,0.224,0.281,0.437,0.718,0.213,0.284,0.323,0.342,0.39,0.484,0.324,0.049,0.344,0.387,0.471,89.2,73.3,7.23,0.157,0.424,0.742,0.368,0.151,0.291,0.279,0.366
640902,Jhonny Pereda,SEA,R,389,93,84,24,21,1,0,2,7,1,0.286,0.344,0.369,0.713,0.083,0.338,0.323,0.344,0.386,0.388,0.183,0.075,0.254,0.187,0.471,90.1,69.6,7.27,0.029,0.456,0.839,0.735,0.074,0.132,0.426,0.382
664761,Alec Bohm,PHI,R,2250,614,556,141,96,29,1,15,44,9,0.254,0.316,0.39,0.706,0.137,0.278,0.323,0.33,0.317,0.348,0.142,0.072,0.264,0.151,0.439,90.6,69.9,7.08,0.061,0.362,0.905,0.713,0.087,0.231,0.25,0.472
663604,Brandon Lockridge,MIL,R,462,110,99,27,23,4,0,0,11,0,0.273,0.345,0.313,0.659,0.04,0.403,0.323,0.258,0.321,0.31,0.291,0.1,0.319,0.25,0.324,82.3,70.1,6.74,0.015,0.191,0.843,0.581,0.015,0.118,0.132,0.721
687093,Vaughn Grissom,LAA,R,1742,455,406,99,64,22,0,13,30,12,0.244,0.311,0.394,0.705,0.15,0.277,0.323,0.311,0.306,0.339,0.182,0.066,0.311,0.196,0.358,87.1,68.8,7.15,0.07,0.345,0.9,0.596,0.106,0.248,0.242,0.448
656305,Matt Chapman,SF,R,1424,349,305,71,45,18,1,7,36,5,0.233,0.321,0.367,0.688,0.134,0.294,0.322,0.286,0.286,0.313,0.229,0.103,0.264,0.211,0.358,88.2,74.2,7.28,0.066,0.271,0.857,0.63,0.092,0.205,0.218,0.454
624641,Edmundo Sosa,PHI,R,878,242,225,55,35,10,2,8,7,6,0.244,0.282,0.413,0.695,0.169,0.283,0.322,0.331,0.361,0.399,0.211,0.029,0.524,0.248,0.398,87.6,71.2,8.08,0.074,0.352,0.89,0.598,0.102,0.199,0.256,0.466
669899,Ryan Ward,LAD,L,252,59,54,12,5,4,0,3,5,0,0.222,0.288,0.463,0.751,0.241,0.265,0.322,0.316,0.348,0.41,0.288,0.085,0.321,0.209,0.289,88.5,70.5,7.57,0.105,0.395,0.835,0.698,0.132,0.263,0.263,0.395
679845,Nick Loftin,KC,R,1596,424,369,88,52,26,2,8,41,6,0.238,0.321,0.385,0.706,0.146,0.276,0.322,0.293,0.284,0.299,0.167,0.097,0.247,0.168,0.296,85.5,66.4,7.06,0.043,0.362,0.918,0.644,0.155,0.293,0.237,0.411
676356,Jonny Deluca,TB,R,1269,353,336,88,55,24,0,9,14,0,0.262,0.291,0.414,0.705,0.152,0.312,0.322,0.257,0.298,0.308,0.21,0.04,0.362,0.22,0.297,84.4,71.4,7.72,0.03,0.297,0.885,0.592,0.103,0.213,0.213,0.426
669720,Austin Hays,SD,R,366,96,93,25,19,3,0,3,2,0,0.269,0.281,0.398,0.679,0.129,0.344,0.321,0.299,0.395,0.402,0.271,0.021,0.381,0.332,0.426,87.4,70.6,7.17,0.044,0.353,0.774,0.493,0.074,0.162,0.309,0.515
514888,José Altuve,HOU,R,1982,552,506,126,84,24,2,16,39,3,0.249,0.305,0.399,0.704,0.15,0.29,0.321,0.272,0.288,0.303,0.201,0.071,0.368,0.208,0.319,84.6,66.5,7.55,0.042,0.322,0.878,0.675,0.125,0.222,0.234,0.466
673357,Luis Robert,BAL,R,884,230,204,45,29,5,0,11,24,0,0.221,0.3,0.407,0.707,0.186,0.246,0.321,0.321,0.327,0.378,0.239,0.104,0.327,0.258,0.404,89.8,75.0,7.66,0.099,0.298,0.857,0.532,0.139,0.272,0.179,0.444
701785,Kaelen Culpepper,MIN,R,467,119,108,29,21,5,0,3,6,4,0.269,0.328,0.398,0.726,0.13,0.325,0.321,0.298,0.318,0.338,0.21,0.05,0.43,0.24,0.306,87.2,72.2,7.27,0.035,0.365,0.907,0.573,0.118,0.247,0.247,0.412
643217,Andrew Benintendi,CWS,L,1721,454,412,100,60,24,2,14,35,1,0.243,0.3,0.413,0.713,0.17,0.295,0.321,0.309,0.331,0.371,0.233,0.077,0.337,0.259,0.449,88.9,68.0,7.04,0.083,0.375,0.802,0.626,0.215,0.324,0.247,0.362
608070,José Ramírez,CLE,S,2174,527,467,108,69,27,0,12,51,3,0.231,0.307,0.366,0.674,0.135,0.248,0.321,0.328,0.315,0.334,0.129,0.097,0.289,0.133,0.382,88.5,68.8,7.19,0.043,0.364,0.926,0.751,0.173,0.276,0.274,0.332
666126,Carlos Cortes,ATH,L,1481,369,332,85,57,16,2,10,30,4,0.256,0.322,0.407,0.729,0.151,0.286,0.321,0.304,0.3,0.321,0.163,0.081,0.279,0.202,0.359,88.4,68.8,6.94,0.062,0.373,0.859,0.66,0.083,0.214,0.257,0.449
805779,Jacob Wilson,ATH,R,1137,334,317,84,60,16,1,7,12,3,0.265,0.297,0.388,0.685,0.123,0.284,0.32,0.282,0.299,0.299,0.117,0.036,0.423,0.129,0.276,83.5,62.6,6.08,0.025,0.325,0.935,0.771,0.092,0.212,0.24,0.512
680700,Richie Palacios,TB,L,1498,384,332,78,53,13,2,10,44,4,0.235,0.33,0.377,0.706,0.142,0.267,0.32,0.308,0.309,0.314,0.174,0.115,0.322,0.188,0.289,85.1,67.0,7.15,0.04,0.337,0.876,0.724,0.103,0.205,0.271,0.414
678391,Jorbit Vivas,WSH,L,1298,361,309,74,55,15,1,3,41,4,0.239,0.332,0.324,0.656,0.084,0.28,0.32,0.293,0.285,0.282,0.144,0.114,0.291,0.172,0.215,82.4,67.5,7.38,0.031,0.354,0.919,0.636,0.088,0.219,0.269,0.442
677594,Julio Rodríguez,SEA,R,2394,638,584,145,98,26,0,21,44,6,0.248,0.306,0.401,0.706,0.152,0.294,0.319,0.334,0.35,0.399,0.221,0.069,0.384,0.249,0.444,90.3,75.0,7.66,0.087,0.327,0.87,0.582,0.101,0.253,0.249,0.428
701350,Roman Anthony,BOS,L,910,232,205,48,32,9,2,5,26,1,0.234,0.323,0.371,0.694,0.137,0.312,0.319,0.338,0.372,0.418,0.267,0.112,0.231,0.251,0.465,91.8,73.9,7.4,0.113,0.401,0.849,0.5,0.056,0.232,0.261,0.493
682663,Agustín Ramírez,MIA,R,959,241,214,50,34,10,1,5,24,2,0.234,0.315,0.36,0.675,0.126,0.298,0.319,0.284,0.308,0.32,0.241,0.1,0.295,0.283,0.409,89.9,74.3,7.61,0.045,0.273,0.814,0.507,0.078,0.169,0.227,0.519
642715,Willy Adames,SF,R,1979,504,464,107,60,25,1,21,37,2,0.231,0.29,0.425,0.714,0.194,0.283,0.319,0.296,0.317,0.374,0.276,0.073,0.316,0.271,0.388,87.4,70.6,8.15,0.089,0.376,0.841,0.514,0.174,0.333,0.208,0.333
657041,Lane Thomas,ATL,R,1531,374,326,73,43,19,0,11,44,2,0.224,0.318,0.383,0.702,0.16,0.279,0.319,0.311,0.333,0.359,0.249,0.118,0.206,0.203,0.409,89.3,70.6,6.78,0.064,0.366,0.862,0.609,0.111,0.243,0.247,0.379
814439,Ryan Waldschmidt,AZ,R,1105,281,249,63,44,15,1,3,22,5,0.253,0.324,0.357,0.681,0.104,0.37,0.319,0.297,0.359,0.382,0.299,0.078,0.245,0.29,0.294,85.1,70.4,6.83,0.065,0.465,0.833,0.4,0.124,0.276,0.324,0.359
573262,Mike Yastrzemski,ATL,L,1664,392,347,80,49,18,1,12,39,4,0.231,0.314,0.392,0.706,0.161,0.282,0.319,0.31,0.326,0.358,0.24,0.099,0.263,0.207,0.427,89.7,69.7,7.42,0.067,0.353,0.867,0.632,0.137,0.294,0.243,0.4
669016,Brandon Marsh,PHI,L,2086,554,518,135,95,20,2,18,28,2,0.261,0.299,0.411,0.71,0.151,0.324,0.319,0.302,0.345,0.382,0.251,0.051,0.36,0.225,0.432,88.8,70.2,7.16,0.081,0.429,0.893,0.568,0.105,0.267,0.272,0.419
609280,Miguel Andújar,SD,R,935,254,241,62,35,20,2,5,9,4,0.257,0.295,0.419,0.714,0.162,0.286,0.319,0.298,0.314,0.327,0.146,0.035,0.408,0.169,0.363,88.3,69.4,7.49,0.045,0.284,0.902,0.721,0.085,0.179,0.229,0.532
621493,Taylor Ward,SEA,R,2525,604,497,110,82,20,1,7,97,7,0.221,0.354,0.308,0.662,0.087,0.286,0.319,0.333,0.325,0.347,0.215,0.161,0.149,0.176,0.381,88.7,66.6,6.83,0.051,0.37,0.889,0.593,0.089,0.268,0.268,0.389
572233,Christian Walker,HOU,R,2424,617,559,123,71,25,1,26,46,10,0.22,0.29,0.408,0.698,0.188,0.25,0.319,0.298,0.302,0.348,0.235,0.075,0.317,0.267,0.403,88.9,72.1,7.36,0.092,0.326,0.852,0.501,0.13,0.275,0.21,0.435
691781,Brady House,WSH,R,1242,343,310,76,49,17,0,10,27,3,0.245,0.309,0.397,0.706,0.152,0.313,0.318,0.334,0.375,0.418,0.259,0.079,0.343,0.273,0.48,90.1,72.1,7.47,0.098,0.333,0.815,0.573,0.089,0.267,0.231,0.471
671218,Heliot Ramos,NYY,R,1706,426,391,94,58,20,3,13,28,5,0.24,0.298,0.407,0.705,0.166,0.31,0.318,0.327,0.365,0.422,0.275,0.066,0.329,0.26,0.487,92.2,71.1,6.74,0.137,0.347,0.859,0.509,0.065,0.238,0.231,0.505
665489,Vladimir Guerrero,TOR,R,2178,601,539,140,106,25,0,9,51,5,0.26,0.326,0.356,0.682,0.096,0.29,0.318,0.334,0.331,0.346,0.13,0.085,0.303,0.18,0.447,90.5,74.8,7.53,0.069,0.297,0.885,0.701,0.074,0.191,0.256,0.484
543309,Kyle Higashioka,TEX,R,765,186,165,36,25,4,0,7,19,2,0.218,0.306,0.37,0.676,0.152,0.261,0.317,0.295,0.306,0.341,0.253,0.102,0.306,0.252,0.381,87.1,68.9,7.24,0.085,0.381,0.882,0.512,0.153,0.28,0.28,0.339
663457,Lars Nootbaar,AZ,L,1322,311,269,62,40,14,1,7,39,0,0.23,0.326,0.368,0.694,0.138,0.281,0.317,0.338,0.326,0.378,0.212,0.125,0.202,0.176,0.5,91.7,71.1,6.79,0.097,0.364,0.889,0.643,0.107,0.286,0.218,0.461
665877,José Fermín,STL,R,1498,363,322,81,58,17,0,6,30,2,0.252,0.313,0.36,0.673,0.109,0.279,0.317,0.296,0.297,0.299,0.129,0.083,0.222,0.109,0.317,85.8,65.8,7.29,0.021,0.356,0.919,0.815,0.149,0.235,0.26,0.399
665862,Jazz Chisholm,NYY,L,2168,527,470,108,70,16,3,19,53,1,0.23,0.307,0.398,0.705,0.168,0.3,0.316,0.295,0.324,0.37,0.292,0.101,0.289,0.283,0.427,89.1,71.1,7.79,0.082,0.313,0.797,0.564,0.146,0.291,0.203,0.421
666182,Bo Bichette,NYM,R,2540,676,620,162,119,24,2,17,47,2,0.261,0.312,0.389,0.701,0.127,0.303,0.316,0.328,0.349,0.373,0.183,0.07,0.409,0.17,0.419,89.6,68.1,7.01,0.063,0.393,0.916,0.708,0.081,0.24,0.272,0.464
663330,Jahmai Jones,BOS,R,664,174,154,33,20,6,1,6,16,4,0.214,0.305,0.383,0.688,0.169,0.293,0.316,0.325,0.361,0.433,0.322,0.092,0.296,0.334,0.434,90.5,71.7,7.64,0.101,0.364,0.77,0.453,0.202,0.293,0.273,0.323
677587,Brayan Rocchio,CLE,S,2213,579,522,131,92,24,2,13,37,11,0.251,0.312,0.379,0.691,0.128,0.277,0.316,0.295,0.295,0.306,0.143,0.064,0.334,0.205,0.298,85.9,68.1,7.2,0.029,0.37,0.879,0.64,0.122,0.254,0.256,0.416
680474,Max Schuemann,NYY,R,358,89,74,14,6,6,0,2,12,3,0.189,0.326,0.351,0.677,0.162,0.235,0.315,0.312,0.286,0.324,0.236,0.135,0.214,0.245,0.412,86.1,68.8,7.21,0.098,0.373,0.855,0.488,0.176,0.373,0.216,0.333
668885,Austin Martin,MIN,R,1375,354,299,69,49,17,0,3,44,8,0.231,0.342,0.318,0.66,0.087,0.287,0.315,0.305,0.299,0.302,0.186,0.124,0.178,0.18,0.285,85.6,66.1,6.53,0.03,0.362,0.895,0.565,0.089,0.226,0.238,0.477
663757,Trent Grisham,NYY,L,1966,484,419,88,49,19,2,18,61,0,0.21,0.308,0.394,0.702,0.184,0.224,0.315,0.337,0.311,0.361,0.184,0.126,0.191,0.169,0.453,90.6,69.4,7.3,0.096,0.375,0.899,0.622,0.168,0.3,0.225,0.381
682818,Yohendrick Pinango,TOR,L,698,180,169,44,31,8,0,5,11,0,0.26,0.306,0.396,0.702,0.136,0.325,0.314,0.309,0.355,0.383,0.244,0.061,0.352,0.22,0.456,90.9,73.8,7.08,0.08,0.352,0.839,0.672,0.088,0.216,0.304,0.424
669743,Alex Call,LAD,R,838,191,159,37,28,8,0,1,23,7,0.233,0.351,0.302,0.653,0.069,0.293,0.314,0.276,0.258,0.25,0.183,0.12,0.241,0.139,0.157,83.4,64.1,6.57,0.016,0.307,0.916,0.725,0.126,0.244,0.189,0.441
695657,Colson Montgomery,CWS,L,2418,623,556,112,57,24,0,31,51,14,0.201,0.284,0.412,0.696,0.21,0.266,0.314,0.299,0.337,0.419,0.353,0.082,0.323,0.341,0.412,88.6,74.5,7.85,0.122,0.355,0.817,0.344,0.215,0.337,0.206,0.31
593428,Xander Bogaerts,SD,R,2324,596,515,117,86,18,1,12,72,4,0.227,0.324,0.336,0.66,0.109,0.265,0.313,0.323,0.313,0.338,0.18,0.121,0.229,0.212,0.424,89.6,70.1,7.24,0.056,0.285,0.866,0.589,0.102,0.232,0.202,0.524
672580,Maikel García,KC,R,1275,335,304,80,54,20,3,3,29,0,0.263,0.325,0.378,0.704,0.115,0.306,0.313,0.315,0.324,0.333,0.146,0.087,0.23,0.137,0.398,89.3,69.8,7.03,0.043,0.352,0.932,0.701,0.086,0.211,0.27,0.453
642350,José Siri,LAA,R,948,241,221,52,33,10,0,9,13,3,0.235,0.286,0.403,0.688,0.167,0.323,0.313,0.299,0.346,0.419,0.328,0.054,0.4,0.357,0.422,88.3,71.6,7.65,0.129,0.34,0.774,0.453,0.122,0.313,0.211,0.422
641487,J. P. Crawford,SEA,L,2027,473,399,88,63,12,0,13,62,8,0.221,0.335,0.348,0.683,0.128,0.257,0.313,0.32,0.308,0.331,0.199,0.131,0.19,0.146,0.344,87.0,69.3,7.21,0.061,0.35,0.898,0.721,0.116,0.222,0.212,0.476
678489,Jorge Barrosa,HOU,S,719,170,142,28,13,12,1,2,16,2,0.197,0.286,0.338,0.624,0.141,0.274,0.312,0.239,0.243,0.263,0.265,0.094,0.291,0.254,0.245,78.1,65.4,7.42,0.047,0.33,0.836,0.596,0.17,0.302,0.179,0.443
660821,Jesús Sánchez,AZ,L,1187,314,284,72,46,18,0,8,17,8,0.254,0.309,0.401,0.71,0.148,0.318,0.312,0.321,0.347,0.388,0.239,0.054,0.38,0.251,0.453,90.7,71.3,6.73,0.107,0.336,0.816,0.643,0.098,0.271,0.22,0.444
642086,Dominic Smith,ATL,L,1134,292,263,67,52,6,1,8,21,2,0.255,0.309,0.376,0.686,0.122,0.282,0.312,0.296,0.288,0.316,0.158,0.072,0.315,0.192,0.323,87.4,66.8,6.8,0.054,0.345,0.888,0.651,0.13,0.291,0.242,0.408
545121,Ildemaro Vargas,AZ,S,1706,484,454,115,82,19,5,9,25,2,0.253,0.294,0.377,0.671,0.123,0.266,0.312,0.296,0.299,0.304,0.097,0.052,0.383,0.13,0.347,86.7,69.2,7.35,0.032,0.315,0.928,0.785,0.103,0.209,0.261,0.438
683146,Brett Baty,NYM,L,1851,461,409,97,63,22,1,11,44,3,0.237,0.312,0.377,0.689,0.139,0.312,0.311,0.32,0.342,0.392,0.265,0.095,0.288,0.273,0.419,90.3,73.4,7.42,0.103,0.371,0.833,0.478,0.117,0.289,0.261,0.399
669699,Braden Shewmake,MIL,L,297,90,84,22,14,5,0,3,2,0,0.262,0.273,0.429,0.701,0.167,0.292,0.311,0.294,0.304,0.35,0.178,0.022,0.519,0.215,0.37,87.7,67.9,6.96,0.068,0.342,0.822,0.738,0.11,0.274,0.205,0.466
657757,Gavin Sheets,SD,L,1776,414,358,75,44,15,0,16,49,5,0.209,0.312,0.385,0.697,0.176,0.229,0.311,0.317,0.302,0.338,0.203,0.118,0.308,0.187,0.387,87.4,72.4,7.65,0.069,0.321,0.904,0.671,0.142,0.234,0.208,0.456
592885,Christian Yelich,MIL,L,2057,489,437,102,65,23,2,12,43,4,0.233,0.305,0.378,0.683,0.144,0.306,0.311,0.308,0.332,0.38,0.268,0.088,0.242,0.276,0.433,88.3,71.4,7.48,0.094,0.3,0.819,0.475,0.062,0.199,0.218,0.56
663538,Nico Hoerner,CHC,R,2397,672,611,159,122,28,1,8,43,10,0.26,0.315,0.349,0.664,0.088,0.277,0.311,0.323,0.33,0.321,0.086,0.064,0.331,0.11,0.293,85.9,67.0,7.24,0.014,0.381,0.958,0.766,0.082,0.211,0.28,0.436
699912,Jose Fernandez,AZ,R,849,219,202,51,39,9,0,3,11,1,0.252,0.294,0.342,0.636,0.089,0.322,0.311,0.281,0.328,0.341,0.228,0.05,0.365,0.235,0.391,84.4,70.9,7.61,0.038,0.295,0.879,0.61,0.051,0.115,0.25,0.487
624428,Adam Frazier,LAA,L,566,145,129,31,20,9,1,1,9,3,0.24,0.305,0.349,0.654,0.109,0.337,0.311,0.265,0.32,0.321,0.269,0.062,0.361,0.243,0.191,82.5,62.1,6.66,0.021,0.383,0.873,0.525,0.106,0.213,0.266,0.511
681481,Kerry Carpenter,DET,L,1017,257,231,48,28,5,2,13,18,5,0.208,0.276,0.416,0.692,0.208,0.245,0.311,0.295,0.315,0.376,0.292,0.07,0.363,0.262,0.44,89.8,70.1,7.34,0.094,0.371,0.822,0.609,0.182,0.39,0.208,0.321
647304,Josh Naylor,SEA,L,2106,631,584,154,122,22,0,10,40,5,0.264,0.315,0.353,0.668,0.089,0.29,0.311,0.314,0.317,0.328,0.124,0.063,0.382,0.159,0.36,86.9,68.1,7.45,0.045,0.358,0.913,0.736,0.095,0.206,0.247,0.457
683227,Cody Freeman,TEX,R,379,91,80,20,17,1,1,1,7,1,0.25,0.318,0.325,0.643,0.075,0.288,0.31,0.234,0.23,0.227,0.143,0.077,0.274,0.144,0.225,80.0,64.5,6.57,0.014,0.239,0.899,0.765,0.113,0.197,0.169,0.535
682877,Juan Brito,CIN,S,423,103,95,24,15,6,0,3,6,1,0.253,0.301,0.411,0.711,0.158,0.304,0.31,0.299,0.324,0.354,0.223,0.058,0.325,0.249,0.315,85.3,68.4,7.5,0.068,0.384,0.836,0.565,0.123,0.219,0.247,0.397
683021,Michael Stefanic,ATH,R,117,26,24,7,6,1,0,0,2,0,0.292,0.346,0.333,0.679,0.042,0.389,0.31,0.307,0.376,0.365,0.231,0.077,0.236,0.12,0.278,89.4,62.4,6.08,0.0,0.389,0.892,0.846,0.056,0.111,0.333,0.556
694212,Samuel Basallo,BAL,L,1462,397,361,80,51,10,1,18,29,4,0.222,0.285,0.404,0.689,0.183,0.262,0.31,0.318,0.332,0.401,0.267,0.073,0.396,0.287,0.428,90.4,72.5,7.51,0.121,0.319,0.829,0.558,0.128,0.276,0.222,0.447
643446,Jeff Mcneil,ATH,L,1757,505,466,123,93,22,0,8,29,5,0.264,0.312,0.363,0.674,0.099,0.287,0.31,0.3,0.31,0.309,0.113,0.057,0.36,0.14,0.301,86.1,67.1,7.2,0.017,0.386,0.932,0.701,0.109,0.218,0.289,0.42
683357,Owen Caissie,MIA,L,1364,333,294,64,36,14,0,14,27,4,0.218,0.285,0.408,0.693,0.19,0.318,0.31,0.302,0.365,0.442,0.369,0.081,0.298,0.332,0.449,90.3,73.0,7.04,0.142,0.432,0.805,0.407,0.142,0.324,0.25,0.369
663743,Nick Fortes,TB,R,1086,313,288,76,54,17,0,5,12,8,0.264,0.311,0.375,0.686,0.111,0.293,0.31,0.275,0.283,0.286,0.131,0.038,0.365,0.158,0.354,84.0,71.0,7.48,0.02,0.256,0.894,0.756,0.102,0.169,0.197,0.512
702222,Justin Crawford,PHI,L,1635,449,409,109,82,19,5,3,27,3,0.267,0.314,0.359,0.673,0.093,0.324,0.31,0.284,0.317,0.313,0.176,0.06,0.37,0.147,0.353,85.3,67.4,6.89,0.017,0.3,0.903,0.763,0.064,0.163,0.21,0.589
700932,Kyle Manzardo,CLE,L,1460,355,311,67,43,10,1,13,36,6,0.215,0.307,0.379,0.686,0.164,0.293,0.31,0.306,0.345,0.397,0.321,0.101,0.307,0.287,0.41,89.3,67.8,7.29,0.12,0.365,0.819,0.517,0.215,0.335,0.22,0.36
695670,Harry Ford,WSH,R,513,115,98,18,9,6,0,3,16,1,0.184,0.304,0.337,0.641,0.153,0.224,0.31,0.288,0.258,0.303,0.243,0.139,0.188,0.249,0.333,84.4,66.4,6.37,0.101,0.304,0.804,0.571,0.116,0.304,0.13,0.507
663698,Joey Bart,CWS,R,490,128,112,24,16,4,0,4,7,8,0.214,0.305,0.357,0.662,0.143,0.274,0.31,0.295,0.295,0.346,0.273,0.055,0.328,0.266,0.346,85.8,73.1,7.25,0.077,0.333,0.877,0.494,0.218,0.346,0.154,0.41
681297,Colton Cowser,BAL,L,1654,388,338,75,53,9,0,13,45,1,0.222,0.313,0.364,0.677,0.142,0.304,0.309,0.312,0.338,0.403,0.312,0.116,0.297,0.306,0.405,86.9,71.7,7.38,0.095,0.332,0.809,0.48,0.15,0.309,0.227,0.418
666176,Jo Adell,CLE,R,2515,639,586,140,92,25,1,22,30,18,0.239,0.294,0.398,0.692,0.159,0.289,0.309,0.325,0.348,0.4,0.244,0.047,0.355,0.259,0.437,90.2,75.3,7.68,0.087,0.339,0.849,0.545,0.092,0.263,0.238,0.403
645277,Ozzie Albies,ATL,S,2488,666,599,144,94,27,1,22,45,8,0.24,0.296,0.399,0.695,0.159,0.255,0.309,0.278,0.269,0.287,0.147,0.068,0.383,0.196,0.277,87.1,67.1,7.12,0.039,0.337,0.88,0.68,0.164,0.331,0.236,0.35
682927,Ronny Simon,PIT,S,219,59,55,15,11,3,0,1,3,0,0.273,0.31,0.382,0.692,0.109,0.311,0.309,0.311,0.329,0.347,0.153,0.051,0.402,0.154,0.298,82.9,68.9,6.92,0.043,0.34,0.921,0.723,0.106,0.17,0.213,0.489
620443,Luis Torrens,NYM,R,1065,271,247,59,36,14,0,9,17,4,0.239,0.297,0.405,0.702,0.166,0.275,0.309,0.292,0.302,0.332,0.207,0.063,0.323,0.189,0.411,88.2,68.5,6.98,0.056,0.31,0.887,0.676,0.051,0.218,0.208,0.528
702284,Cole Young,SEA,L,2361,625,569,138,98,19,4,17,39,13,0.243,0.304,0.38,0.684,0.137,0.272,0.309,0.312,0.318,0.341,0.171,0.062,0.306,0.173,0.379,88.0,69.6,6.84,0.05,0.335,0.875,0.728,0.134,0.26,0.221,0.429
641933,Tyler O'Neill,BAL,R,1049,260,231,49,31,8,0,10,27,2,0.212,0.3,0.377,0.677,0.165,0.26,0.308,0.307,0.311,0.374,0.273,0.104,0.279,0.279,0.428,89.4,70.8,7.3,0.088,0.352,0.831,0.484,0.182,0.409,0.208,0.302
671289,Tyler Freeman,COL,R,1024,287,254,63,53,6,1,3,11,15,0.248,0.318,0.315,0.633,0.067,0.276,0.307,0.309,0.306,0.309,0.118,0.038,0.288,0.113,0.36,84.8,67.8,6.82,0.013,0.333,0.938,0.768,0.088,0.202,0.232,0.518
678218,Brandon Valenzuela,TOR,S,1098,269,238,53,36,9,0,8,28,1,0.223,0.306,0.361,0.667,0.139,0.278,0.307,0.309,0.335,0.366,0.253,0.104,0.288,0.247,0.38,87.2,70.8,7.77,0.064,0.38,0.868,0.481,0.129,0.234,0.263,0.421
656413,Stuart Fairchild,CLE,R,110,27,19,3,3,0,0,0,7,1,0.158,0.407,0.158,0.565,0.0,0.6,0.307,0.28,0.337,0.389,0.519,0.259,0.235,0.667,0.4,83.2,69.5,7.46,0.0,0.4,0.462,0.125,0.0,0.2,0.2,0.6
607208,Trea Turner,PHI,R,2582,680,626,150,102,28,1,19,47,4,0.24,0.296,0.379,0.674,0.139,0.282,0.306,0.294,0.313,0.338,0.209,0.069,0.347,0.256,0.388,88.2,70.0,7.52,0.062,0.331,0.866,0.534,0.117,0.257,0.209,0.456
676439,Hunter Feduccia,LAD,L,984,241,208,48,35,9,1,3,27,1,0.231,0.321,0.327,0.648,0.096,0.306,0.306,0.316,0.337,0.368,0.241,0.112,0.245,0.21,0.383,87.0,68.5,6.92,0.078,0.37,0.868,0.617,0.136,0.312,0.279,0.377
690976,Alex Freeland,LAD,S,1108,270,232,54,41,9,0,4,32,1,0.233,0.326,0.323,0.649,0.091,0.323,0.306,0.297,0.324,0.353,0.27,0.119,0.21,0.257,0.395,87.8,69.0,6.83,0.062,0.352,0.816,0.55,0.08,0.247,0.235,0.469
642708,Amed Rosario,NYY,R,856,236,219,51,34,6,1,10,14,0,0.233,0.275,0.406,0.682,0.174,0.268,0.306,0.309,0.33,0.381,0.237,0.059,0.408,0.246,0.398,90.3,72.6,7.34,0.108,0.349,0.846,0.615,0.114,0.253,0.247,0.434
650859,Luis Rengifo,SD,S,1368,353,312,75,59,12,0,4,33,3,0.24,0.317,0.317,0.634,0.077,0.274,0.306,0.304,0.301,0.306,0.139,0.093,0.304,0.177,0.343,86.5,69.7,7.09,0.041,0.291,0.891,0.689,0.071,0.175,0.239,0.541
681807,David Fry,CLE,R,877,201,172,33,20,6,0,7,27,2,0.192,0.308,0.349,0.657,0.157,0.241,0.306,0.264,0.256,0.284,0.284,0.134,0.277,0.272,0.33,85.2,68.7,8.08,0.061,0.278,0.794,0.606,0.183,0.287,0.165,0.374
694514,Sterlin Thompson,COL,L,312,77,69,16,10,4,0,2,5,3,0.232,0.312,0.377,0.688,0.145,0.298,0.306,0.295,0.314,0.355,0.26,0.065,0.295,0.276,0.438,86.6,73.5,6.94,0.062,0.312,0.829,0.51,0.062,0.25,0.229,0.521
656555,Rhys Hoskins,CLE,R,1340,319,265,47,21,13,0,13,47,3,0.177,0.304,0.374,0.678,0.196,0.224,0.306,0.297,0.281,0.353,0.313,0.147,0.222,0.298,0.413,89.4,69.7,8.17,0.126,0.341,0.775,0.51,0.18,0.323,0.222,0.263
677588,José Tena,WSH,L,1168,287,256,57,35,13,2,7,27,3,0.223,0.303,0.371,0.674,0.148,0.312,0.306,0.292,0.341,0.374,0.31,0.094,0.294,0.31,0.464,90.6,72.3,7.02,0.083,0.315,0.794,0.475,0.083,0.208,0.25,0.488
668800,Andrew Knizner,SF,R,274,75,68,16,10,4,0,2,4,3,0.235,0.307,0.382,0.689,0.147,0.264,0.305,0.291,0.28,0.307,0.173,0.053,0.373,0.203,0.345,86.8,67.8,7.1,0.055,0.255,0.831,0.75,0.127,0.273,0.182,0.382
666181,Will Benson,CIN,L,476,111,95,18,11,3,1,3,15,1,0.189,0.306,0.337,0.643,0.147,0.278,0.305,0.3,0.319,0.39,0.342,0.135,0.221,0.312,0.379,90.1,71.2,7.6,0.121,0.362,0.733,0.564,0.224,0.466,0.155,0.31
667670,Brent Rooker,ATH,R,735,201,179,36,22,4,0,10,18,2,0.201,0.279,0.391,0.67,0.19,0.248,0.305,0.316,0.325,0.424,0.318,0.09,0.31,0.362,0.419,89.9,72.5,7.03,0.154,0.385,0.772,0.372,0.179,0.41,0.205,0.342
663494,Bryan Torres,STL,L,733,181,160,38,31,1,2,4,17,1,0.238,0.311,0.344,0.655,0.106,0.288,0.305,0.288,0.305,0.316,0.21,0.094,0.268,0.196,0.268,85.5,63.6,6.4,0.031,0.37,0.884,0.622,0.142,0.236,0.268,0.449
663697,Jonathan India,KC,R,237,58,48,8,5,1,0,2,8,2,0.167,0.31,0.312,0.623,0.146,0.182,0.304,0.284,0.237,0.27,0.224,0.138,0.171,0.207,0.314,85.7,68.7,7.35,0.057,0.286,0.819,0.7,0.114,0.314,0.143,0.286
668952,Ryan Kreidler,MIN,R,986,264,241,52,32,9,3,8,20,2,0.216,0.281,0.378,0.659,0.162,0.254,0.304,0.295,0.295,0.343,0.227,0.076,0.282,0.287,0.374,87.3,71.4,7.79,0.082,0.28,0.814,0.45,0.143,0.269,0.148,0.5
655316,Andruw Monasterio,BOS,R,1456,336,303,72,42,23,1,6,25,3,0.238,0.299,0.38,0.678,0.142,0.287,0.304,0.291,0.299,0.324,0.199,0.074,0.268,0.171,0.324,87.0,68.0,6.79,0.066,0.382,0.905,0.632,0.149,0.311,0.245,0.332
664702,Myles Straw,TOR,R,1250,325,290,69,46,19,1,3,27,1,0.238,0.302,0.341,0.644,0.103,0.27,0.304,0.292,0.293,0.297,0.132,0.083,0.23,0.109,0.256,84.4,66.2,6.9,0.028,0.35,0.925,0.801,0.098,0.272,0.232,0.406
687637,Dylan Beavers,BAL,L,1461,351,315,72,45,20,0,7,32,2,0.229,0.303,0.359,0.662,0.13,0.305,0.304,0.293,0.317,0.357,0.271,0.091,0.236,0.222,0.383,87.5,70.8,7.34,0.077,0.401,0.863,0.566,0.144,0.306,0.252,0.36
666152,David Hamilton,MIL,L,1511,375,330,79,61,11,3,4,32,1,0.239,0.309,0.327,0.636,0.088,0.31,0.304,0.271,0.298,0.307,0.224,0.085,0.286,0.202,0.271,79.7,64.9,6.87,0.031,0.298,0.88,0.635,0.081,0.24,0.225,0.488
696030,Alejandro Osuna,TEX,L,814,226,198,49,43,5,0,1,19,8,0.247,0.338,0.288,0.626,0.04,0.294,0.304,0.304,0.312,0.301,0.15,0.084,0.313,0.14,0.285,85.7,70.2,6.96,0.006,0.339,0.907,0.764,0.055,0.145,0.285,0.497
691777,Max Muncy,ATH,R,1110,285,257,59,39,9,2,9,21,4,0.23,0.295,0.385,0.68,0.156,0.318,0.303,0.288,0.338,0.381,0.319,0.074,0.332,0.301,0.435,89.1,72.0,7.46,0.107,0.333,0.831,0.456,0.119,0.226,0.22,0.411
668904,Royce Lewis,MIN,R,1949,497,452,102,63,24,1,14,37,3,0.226,0.286,0.376,0.662,0.15,0.28,0.303,0.305,0.327,0.372,0.249,0.074,0.329,0.307,0.399,89.4,73.1,8.03,0.106,0.35,0.818,0.462,0.166,0.296,0.239,0.326
624585,Jorge Soler,LAA,R,1456,362,318,64,35,16,1,12,35,6,0.201,0.29,0.371,0.661,0.17,0.277,0.303,0.294,0.328,0.383,0.326,0.097,0.274,0.343,0.426,88.5,73.2,7.91,0.109,0.366,0.777,0.383,0.129,0.272,0.272,0.396
695336,Thomas Saggese,STL,R,657,165,148,36,26,5,1,4,13,1,0.243,0.303,0.372,0.675,0.128,0.317,0.303,0.318,0.346,0.395,0.261,0.079,0.356,0.241,0.426,90.5,70.7,6.95,0.102,0.37,0.841,0.615,0.065,0.278,0.259,0.435
686555,Isaac Collins,KC,S,2025,510,434,93,60,24,3,6,63,7,0.214,0.321,0.325,0.646,0.111,0.279,0.303,0.294,0.299,0.311,0.227,0.124,0.215,0.194,0.391,87.0,70.7,6.65,0.05,0.304,0.904,0.545,0.121,0.258,0.23,0.407
641598,Mitch Garver,SEA,R,632,149,126,22,15,3,0,4,22,1,0.175,0.302,0.294,0.596,0.119,0.247,0.302,0.301,0.317,0.373,0.329,0.148,0.249,0.322,0.481,90.6,70.3,7.33,0.091,0.299,0.782,0.471,0.234,0.377,0.234,0.338
669004,Mj Melendez,NYM,L,615,145,121,23,13,5,1,4,17,5,0.19,0.312,0.347,0.66,0.157,0.284,0.302,0.28,0.285,0.346,0.345,0.117,0.295,0.308,0.556,93.6,72.5,7.88,0.111,0.319,0.77,0.545,0.222,0.431,0.194,0.264
657136,Connor Wong,BOS,R,886,234,206,48,33,11,0,4,17,6,0.233,0.309,0.345,0.653,0.112,0.303,0.302,0.283,0.304,0.326,0.244,0.073,0.317,0.234,0.353,83.4,71.0,7.31,0.046,0.261,0.89,0.531,0.124,0.242,0.196,0.471
701675,Nathan Church,STL,L,1741,459,423,106,77,17,2,10,25,4,0.251,0.295,0.371,0.666,0.121,0.287,0.302,0.287,0.3,0.316,0.17,0.054,0.415,0.188,0.295,83.8,67.8,6.99,0.054,0.355,0.864,0.735,0.105,0.233,0.219,0.449
669707,Jared Triolo,PIT,R,1328,357,321,77,62,12,0,3,28,5,0.24,0.31,0.305,0.615,0.065,0.298,0.302,0.287,0.312,0.312,0.196,0.078,0.252,0.188,0.332,85.0,68.2,7.51,0.024,0.344,0.902,0.584,0.055,0.186,0.273,0.506
691019,Kyle Teel,CWS,L,563,130,110,20,13,3,0,4,18,2,0.182,0.308,0.318,0.626,0.136,0.281,0.302,0.305,0.36,0.42,0.377,0.138,0.319,0.328,0.492,84.7,70.1,6.83,0.115,0.393,0.789,0.5,0.164,0.295,0.279,0.377
683011,Anthony Volpe,NYY,R,931,233,208,50,36,11,1,2,24,0,0.24,0.318,0.332,0.649,0.091,0.312,0.302,0.292,0.311,0.327,0.223,0.103,0.253,0.223,0.367,87.6,68.7,7.0,0.044,0.342,0.857,0.571,0.095,0.222,0.272,0.437
664954,Brett Sullivan,COL,L,810,230,212,49,28,13,1,7,13,1,0.231,0.275,0.401,0.676,0.17,0.251,0.302,0.284,0.289,0.312,0.165,0.057,0.332,0.145,0.331,86.2,67.2,7.25,0.039,0.326,0.908,0.74,0.169,0.275,0.258,0.348
670032,Nicky Lopez,TEX,L,963,262,231,62,56,4,1,1,11,6,0.268,0.316,0.307,0.623,0.039,0.326,0.302,0.267,0.303,0.288,0.164,0.042,0.335,0.167,0.219,80.7,63.9,6.61,0.0,0.284,0.886,0.722,0.04,0.149,0.219,0.602
676609,José Caballero,NYY,R,1819,448,404,95,68,13,0,14,28,7,0.235,0.293,0.371,0.664,0.136,0.286,0.301,0.281,0.313,0.332,0.239,0.062,0.354,0.246,0.257,80.7,66.0,6.69,0.042,0.345,0.816,0.657,0.114,0.202,0.218,0.463
664774,Lamonte Wade,HOU,L,661,144,126,26,16,6,0,4,18,0,0.206,0.306,0.349,0.655,0.143,0.256,0.301,0.265,0.263,0.284,0.25,0.125,0.212,0.212,0.322,85.4,69.2,6.83,0.033,0.3,0.861,0.603,0.167,0.3,0.244,0.378
643396,Isiah Kiner-Falefa,BOS,R,619,172,152,37,30,5,0,2,17,0,0.243,0.32,0.316,0.635,0.072,0.28,0.301,0.296,0.308,0.301,0.145,0.099,0.312,0.16,0.26,80.7,66.2,6.88,0.023,0.344,0.911,0.709,0.084,0.16,0.237,0.496
807727,Charles Mcadoo,TOR,R,370,99,91,22,17,3,0,2,7,0,0.242,0.293,0.341,0.634,0.099,0.308,0.301,0.275,0.319,0.328,0.242,0.071,0.342,0.201,0.25,84.8,72.4,7.13,0.044,0.25,0.84,0.723,0.103,0.235,0.235,0.426
645302,Víctor Robles,SEA,R,520,149,133,34,29,3,2,0,9,3,0.256,0.315,0.308,0.623,0.053,0.306,0.3,0.28,0.285,0.29,0.148,0.06,0.35,0.215,0.2,80.9,65.0,6.57,0.017,0.33,0.898,0.582,0.148,0.27,0.226,0.452
806146,George Lombard,NYY,R,624,157,143,34,24,3,1,6,10,1,0.238,0.288,0.399,0.687,0.161,0.295,0.3,0.289,0.331,0.363,0.268,0.064,0.263,0.243,0.343,85.3,70.3,7.3,0.076,0.352,0.832,0.573,0.095,0.229,0.21,0.505
676391,Ernie Clement,TOR,R,1890,611,580,153,110,33,1,9,22,2,0.264,0.29,0.371,0.66,0.107,0.28,0.3,0.259,0.268,0.267,0.093,0.036,0.446,0.139,0.206,83.8,64.9,7.06,0.021,0.33,0.922,0.774,0.142,0.283,0.234,0.381
694371,Tommy Troy,AZ,R,577,144,130,28,20,3,1,4,13,0,0.215,0.287,0.346,0.633,0.131,0.261,0.299,0.304,0.311,0.36,0.236,0.09,0.267,0.249,0.302,83.3,69.6,6.86,0.094,0.333,0.835,0.57,0.073,0.229,0.229,0.479
695731,Braden Montgomery,CWS,S,1365,351,309,67,43,15,3,6,38,3,0.217,0.308,0.343,0.651,0.126,0.261,0.298,0.324,0.325,0.354,0.197,0.108,0.273,0.268,0.402,88.7,67.5,6.46,0.046,0.286,0.839,0.467,0.066,0.183,0.178,0.602
676914,Davis Schneider,TOR,R,670,148,119,18,7,6,0,5,27,0,0.151,0.306,0.328,0.634,0.176,0.2,0.298,0.281,0.259,0.316,0.331,0.182,0.204,0.28,0.438,87.1,68.8,6.97,0.11,0.247,0.805,0.5,0.233,0.425,0.137,0.329
691788,Joe Mack,MIA,L,1273,328,302,70,48,9,0,13,18,2,0.232,0.278,0.391,0.669,0.159,0.275,0.298,0.285,0.305,0.353,0.25,0.055,0.271,0.233,0.378,87.5,72.7,7.32,0.08,0.271,0.855,0.554,0.107,0.244,0.191,0.507
686611,Dylan Crews,WSH,R,1583,428,391,87,55,19,1,12,28,8,0.223,0.287,0.368,0.656,0.146,0.271,0.298,0.317,0.328,0.381,0.238,0.065,0.323,0.276,0.428,89.9,71.9,7.49,0.092,0.353,0.84,0.485,0.137,0.274,0.26,0.394
641584,Jake Fraley,TB,L,411,97,88,19,10,7,0,2,9,0,0.216,0.289,0.364,0.652,0.148,0.293,0.298,0.267,0.29,0.332,0.289,0.093,0.226,0.198,0.203,84.0,69.5,6.97,0.085,0.441,0.891,0.556,0.136,0.254,0.271,0.322
800325,Luis Lara,MIL,S,839,200,180,45,34,8,2,1,17,1,0.25,0.315,0.333,0.648,0.083,0.326,0.298,0.294,0.341,0.335,0.22,0.085,0.251,0.159,0.409,87.8,69.7,6.79,0.036,0.372,0.889,0.743,0.051,0.146,0.307,0.504
643376,Danny Jansen,TEX,R,837,212,183,36,20,9,1,6,17,8,0.197,0.293,0.355,0.648,0.158,0.24,0.298,0.268,0.259,0.291,0.245,0.08,0.232,0.233,0.333,85.8,66.9,6.9,0.059,0.237,0.845,0.537,0.185,0.274,0.185,0.4
808975,Hyeseong Kim,LAD,L,515,131,117,30,25,3,1,1,12,0,0.256,0.321,0.325,0.645,0.068,0.341,0.297,0.304,0.356,0.358,0.237,0.092,0.292,0.248,0.253,85.8,65.0,7.19,0.034,0.448,0.882,0.452,0.057,0.195,0.299,0.471
666397,Edouard Julien,COL,L,1139,276,236,49,36,9,1,3,39,1,0.208,0.322,0.292,0.615,0.085,0.284,0.297,0.338,0.353,0.396,0.257,0.141,0.186,0.22,0.497,90.4,69.7,6.89,0.073,0.436,0.863,0.495,0.055,0.2,0.273,0.503
650968,Yohel Pozo,BAL,R,201,58,56,14,12,1,0,1,1,0,0.25,0.259,0.321,0.58,0.071,0.271,0.297,0.242,0.275,0.267,0.121,0.017,0.528,0.167,0.26,86.7,67.9,7.48,0.02,0.36,0.913,0.737,0.04,0.16,0.28,0.46
691740,Daniel Susac,SF,R,591,161,144,35,23,8,1,3,8,3,0.243,0.289,0.375,0.664,0.132,0.305,0.297,0.296,0.332,0.351,0.224,0.05,0.406,0.231,0.325,85.2,67.0,7.34,0.053,0.43,0.899,0.58,0.096,0.289,0.263,0.386
686217,Sal Frelick,MIL,L,1422,374,338,77,56,17,0,4,28,2,0.228,0.288,0.314,0.601,0.086,0.246,0.296,0.278,0.27,0.271,0.099,0.075,0.243,0.086,0.273,84.5,65.9,6.96,0.023,0.283,0.959,0.801,0.087,0.217,0.193,0.503
695508,Cam Cauley,TEX,R,237,65,58,12,7,3,1,1,5,1,0.207,0.281,0.345,0.626,0.138,0.262,0.296,0.235,0.259,0.252,0.231,0.077,0.274,0.257,0.205,84.2,67.0,6.8,0.0,0.273,0.808,0.581,0.023,0.182,0.205,0.455
701358,Cam Smith,HOU,R,2273,548,495,103,60,17,6,20,40,7,0.208,0.274,0.388,0.662,0.18,0.249,0.296,0.318,0.332,0.392,0.257,0.073,0.296,0.267,0.435,88.6,75.9,7.6,0.114,0.327,0.824,0.538,0.125,0.258,0.216,0.452
669384,Raynel Delgado,HOU,L,132,41,37,9,7,1,0,1,3,0,0.243,0.3,0.351,0.651,0.108,0.267,0.296,0.265,0.281,0.284,0.146,0.073,0.299,0.254,0.323,84.1,68.7,7.12,0.032,0.355,0.894,0.4,0.161,0.226,0.194,0.548
691026,Masyn Winn,STL,R,2103,524,463,109,81,21,2,5,47,7,0.235,0.311,0.322,0.633,0.086,0.3,0.295,0.298,0.325,0.331,0.212,0.09,0.239,0.212,0.348,87.9,69.7,7.26,0.033,0.34,0.871,0.583,0.078,0.209,0.265,0.443
682997,Tyler Callihan,PIT,L,424,107,95,20,11,4,2,3,9,1,0.211,0.283,0.389,0.672,0.179,0.315,0.295,0.252,0.308,0.339,0.355,0.084,0.326,0.312,0.271,83.2,68.9,7.4,0.068,0.407,0.758,0.529,0.288,0.424,0.237,0.254
691458,Blaze Jordan,STL,R,719,198,185,46,31,8,4,3,7,2,0.249,0.278,0.384,0.662,0.135,0.283,0.295,0.315,0.315,0.353,0.152,0.035,0.357,0.19,0.45,88.4,71.5,7.23,0.1,0.35,0.877,0.677,0.1,0.206,0.269,0.456
682674,Victor Bericoto,SF,R,400,106,103,24,15,4,0,5,3,0,0.233,0.255,0.417,0.672,0.184,0.275,0.295,0.3,0.32,0.402,0.274,0.028,0.431,0.282,0.514,90.9,72.9,7.5,0.135,0.324,0.887,0.479,0.095,0.257,0.216,0.5
694388,Joey Loperfido,HOU,L,482,121,105,22,13,7,1,1,13,1,0.21,0.3,0.324,0.624,0.114,0.292,0.295,0.294,0.332,0.346,0.264,0.107,0.298,0.283,0.356,88.3,69.6,7.67,0.068,0.342,0.801,0.528,0.096,0.26,0.192,0.521
663728,Cal Raleigh,SEA,S,2223,516,440,79,41,15,0,23,69,3,0.18,0.293,0.37,0.663,0.191,0.22,0.295,0.31,0.298,0.39,0.314,0.134,0.359,0.3,0.39,90.0,72.7,7.82,0.145,0.348,0.792,0.568,0.255,0.436,0.177,0.259
665750,Leody Taveras,BAL,S,1864,475,423,92,62,16,6,8,41,1,0.217,0.288,0.34,0.628,0.123,0.289,0.295,0.267,0.297,0.317,0.261,0.086,0.306,0.223,0.325,84.0,70.2,7.31,0.039,0.296,0.883,0.58,0.103,0.254,0.232,0.431
662139,Daulton Varsho,HOU,L,2007,527,487,107,69,23,3,12,37,2,0.22,0.277,0.353,0.63,0.133,0.258,0.294,0.283,0.293,0.32,0.203,0.07,0.364,0.193,0.365,86.1,71.4,7.65,0.069,0.336,0.879,0.685,0.151,0.288,0.22,0.394
688363,Graham Pauley,MIA,L,611,150,138,29,15,9,1,4,8,1,0.21,0.257,0.377,0.634,0.167,0.258,0.294,0.244,0.262,0.292,0.247,0.053,0.311,0.213,0.26,83.8,69.6,7.24,0.067,0.356,0.874,0.62,0.221,0.298,0.192,0.394
596115,Trevor Story,BOS,R,948,255,243,59,40,14,0,5,9,1,0.243,0.271,0.362,0.633,0.119,0.344,0.294,0.25,0.324,0.347,0.318,0.035,0.439,0.281,0.366,86.7,69.2,7.31,0.055,0.311,0.803,0.605,0.152,0.244,0.207,0.457
663586,Austin Riley,ATL,R,2478,613,553,123,82,21,2,18,45,11,0.222,0.292,0.365,0.657,0.143,0.309,0.294,0.299,0.331,0.398,0.318,0.073,0.325,0.29,0.442,91.2,74.0,7.47,0.124,0.351,0.819,0.52,0.144,0.296,0.243,0.367
810938,Ben Williamson,TB,R,1076,276,253,62,48,10,1,3,20,2,0.245,0.305,0.328,0.634,0.083,0.296,0.294,0.287,0.314,0.315,0.185,0.072,0.317,0.158,0.328,86.4,67.3,6.77,0.02,0.328,0.909,0.734,0.039,0.132,0.265,0.559
656716,Zach Mckinstry,DET,L,1602,419,370,74,51,15,4,4,41,3,0.2,0.284,0.295,0.578,0.095,0.235,0.294,0.284,0.285,0.287,0.162,0.098,0.281,0.14,0.226,85.1,66.3,6.55,0.02,0.39,0.935,0.667,0.085,0.279,0.266,0.403
656775,Cedric Mullins,TB,L,1932,494,434,87,59,10,3,15,43,7,0.2,0.281,0.341,0.622,0.141,0.221,0.294,0.264,0.245,0.272,0.188,0.087,0.307,0.2,0.321,84.8,68.6,7.31,0.043,0.26,0.857,0.696,0.185,0.321,0.182,0.327
656582,Connor Joe,SEA,R,210,45,39,7,4,2,0,1,6,0,0.179,0.289,0.308,0.597,0.128,0.261,0.293,0.337,0.417,0.457,0.333,0.133,0.243,0.247,0.458,92.5,70.3,7.22,0.083,0.417,0.814,0.615,0.208,0.333,0.292,0.333
672724,Oswald Peraza,LAA,R,1397,364,335,76,55,12,2,7,17,10,0.227,0.284,0.337,0.621,0.11,0.315,0.293,0.274,0.334,0.353,0.299,0.047,0.38,0.271,0.361,86.4,70.5,7.47,0.061,0.339,0.861,0.502,0.113,0.204,0.235,0.513
668942,Josh Rojas,KC,L,396,110,101,24,18,4,0,2,5,1,0.238,0.278,0.337,0.614,0.099,0.265,0.293,0.22,0.222,0.228,0.145,0.045,0.313,0.17,0.284,84.5,66.6,7.26,0.011,0.318,0.912,0.651,0.159,0.364,0.159,0.386
672356,Gabriel Arias,CHC,R,559,146,139,34,26,3,0,5,7,0,0.245,0.281,0.374,0.655,0.129,0.392,0.293,0.275,0.392,0.449,0.411,0.048,0.384,0.448,0.43,89.6,72.8,7.28,0.101,0.367,0.684,0.353,0.063,0.177,0.215,0.557
630105,Jake Cronenworth,SD,L,1678,413,368,82,62,12,1,7,36,6,0.223,0.302,0.318,0.62,0.095,0.278,0.293,0.273,0.286,0.298,0.22,0.087,0.288,0.193,0.29,85.0,69.3,7.02,0.036,0.312,0.917,0.582,0.065,0.221,0.214,0.482
543760,Marcus Semien,NYM,R,2016,536,484,105,75,14,1,15,44,2,0.217,0.282,0.343,0.625,0.126,0.243,0.293,0.303,0.307,0.334,0.185,0.082,0.27,0.211,0.338,86.4,66.6,7.73,0.059,0.359,0.872,0.568,0.187,0.326,0.226,0.367
670764,Taylor Walls,TB,S,1663,422,361,79,59,16,2,2,44,3,0.219,0.306,0.291,0.597,0.072,0.297,0.292,0.25,0.264,0.265,0.237,0.104,0.242,0.207,0.217,80.1,64.7,6.87,0.018,0.333,0.861,0.633,0.138,0.275,0.192,0.431
553869,Elías Díaz,TEX,R,915,232,214,50,30,13,0,7,8,2,0.234,0.263,0.393,0.656,0.159,0.287,0.291,0.266,0.294,0.333,0.246,0.034,0.38,0.267,0.4,86.7,72.4,6.93,0.091,0.345,0.835,0.551,0.109,0.267,0.255,0.358
657656,Ramón Laureano,SD,R,847,206,182,37,22,6,2,7,20,2,0.203,0.286,0.374,0.66,0.17,0.273,0.291,0.312,0.345,0.411,0.316,0.097,0.327,0.301,0.412,88.0,70.2,6.98,0.143,0.37,0.825,0.459,0.151,0.311,0.218,0.412
606115,Orlando Arcia,MIN,R,168,50,48,13,11,1,0,1,2,0,0.271,0.3,0.354,0.654,0.083,0.308,0.291,0.245,0.268,0.271,0.16,0.04,0.337,0.2,0.25,85.9,68.8,7.79,0.025,0.35,0.855,0.7,0.1,0.2,0.2,0.55
650391,Eloy Jiménez,TOR,R,130,35,31,9,9,0,0,0,3,0,0.29,0.343,0.29,0.633,0.0,0.375,0.291,0.256,0.276,0.275,0.2,0.086,0.392,0.299,0.44,89.2,71.0,7.22,0.04,0.32,0.861,0.516,0.08,0.2,0.24,0.48
521692,Salvador Pérez,KC,R,2285,613,573,129,86,23,1,19,20,13,0.225,0.264,0.368,0.633,0.143,0.252,0.29,0.311,0.313,0.363,0.192,0.033,0.451,0.237,0.429,89.1,70.1,7.67,0.101,0.367,0.877,0.633,0.123,0.301,0.251,0.385
605170,Víctor Caratini,MIN,S,1447,379,325,71,55,9,0,7,33,13,0.218,0.309,0.311,0.619,0.092,0.266,0.29,0.307,0.295,0.328,0.203,0.087,0.259,0.212,0.383,89.4,69.2,6.9,0.063,0.379,0.898,0.552,0.099,0.221,0.261,0.458
669701,Josh Smith,TOR,L,949,236,206,42,31,4,1,6,24,2,0.204,0.291,0.32,0.611,0.117,0.248,0.29,0.275,0.277,0.302,0.233,0.102,0.346,0.22,0.299,84.1,66.3,6.86,0.065,0.338,0.902,0.582,0.143,0.318,0.201,0.416
702616,Jackson Holliday,BAL,L,1348,354,317,72,52,12,1,7,32,0,0.227,0.295,0.338,0.632,0.11,0.286,0.289,0.293,0.322,0.342,0.234,0.09,0.267,0.236,0.331,86.6,68.9,6.95,0.064,0.386,0.86,0.549,0.097,0.242,0.254,0.441
666211,Taylor Trammell,HOU,L,1092,282,250,49,29,10,2,8,27,4,0.196,0.285,0.348,0.633,0.152,0.266,0.289,0.287,0.292,0.363,0.312,0.096,0.281,0.362,0.38,87.5,73.9,7.83,0.123,0.288,0.755,0.363,0.16,0.301,0.184,0.429
669289,Santiago Espinal,LAD,R,224,60,56,15,11,3,0,1,1,0,0.268,0.276,0.375,0.651,0.107,0.298,0.289,0.29,0.332,0.329,0.133,0.017,0.333,0.136,0.314,83.0,66.1,7.64,0.02,0.471,0.904,0.784,0.039,0.216,0.314,0.431
571771,Enrique Hernández,LAD,R,317,87,81,18,11,4,0,3,6,0,0.222,0.276,0.383,0.659,0.16,0.294,0.289,0.274,0.327,0.363,0.31,0.069,0.337,0.253,0.407,88.6,68.5,7.47,0.074,0.278,0.864,0.518,0.111,0.222,0.278,0.426
676694,Jake Meyers,HOU,R,546,153,141,30,20,7,0,3,10,1,0.213,0.268,0.326,0.594,0.113,0.252,0.288,0.256,0.263,0.284,0.203,0.065,0.319,0.2,0.279,85.4,65.6,6.96,0.063,0.279,0.895,0.596,0.099,0.288,0.198,0.423
678009,Parker Meadows,DET,L,163,39,36,9,7,1,1,0,2,1,0.25,0.308,0.333,0.641,0.083,0.346,0.288,0.25,0.294,0.293,0.256,0.051,0.279,0.189,0.192,85.3,69.0,7.2,0.038,0.308,0.88,0.667,0.077,0.231,0.269,0.423
686668,Brenton Doyle,CWS,R,742,212,199,46,34,7,1,4,12,0,0.231,0.275,0.337,0.612,0.106,0.339,0.286,0.246,0.321,0.34,0.335,0.057,0.349,0.296,0.348,87.4,70.3,7.26,0.068,0.28,0.854,0.392,0.091,0.227,0.22,0.523
665926,Andrés Giménez,TOR,L,1850,498,462,113,78,25,1,9,14,15,0.245,0.286,0.361,0.648,0.117,0.289,0.286,0.274,0.296,0.308,0.187,0.028,0.431,0.224,0.247,84.1,66.2,6.87,0.035,0.314,0.865,0.643,0.098,0.234,0.221,0.452
692216,Cj Kayfus,CLE,L,108,25,22,4,2,1,0,1,2,1,0.182,0.28,0.364,0.644,0.182,0.231,0.286,0.304,0.266,0.392,0.32,0.08,0.345,0.362,0.5,92.8,67.2,6.52,0.214,0.214,0.816,0.3,0.286,0.5,0.071,0.286
660162,Yoán Moncada,LAA,S,552,128,109,21,16,1,1,3,17,2,0.193,0.312,0.303,0.615,0.11,0.295,0.286,0.269,0.288,0.33,0.352,0.133,0.211,0.27,0.409,90.3,70.2,7.27,0.076,0.348,0.841,0.431,0.197,0.364,0.258,0.348
542303,Marcell Ozuna,PIT,R,1245,278,250,51,36,7,0,8,26,2,0.204,0.284,0.328,0.612,0.124,0.265,0.286,0.304,0.326,0.382,0.288,0.094,0.267,0.284,0.368,89.1,71.9,7.32,0.076,0.404,0.819,0.514,0.129,0.281,0.263,0.339
815873,Sean Keys,TOR,L,264,61,56,11,7,2,0,2,3,1,0.196,0.246,0.339,0.585,0.143,0.265,0.285,0.259,0.329,0.351,0.328,0.049,0.365,0.259,0.541,89.2,73.3,7.29,0.081,0.405,0.854,0.54,0.081,0.189,0.297,0.405
699302,Héctor Rodríguez,CIN,L,499,136,128,27,18,3,1,5,7,1,0.211,0.257,0.367,0.625,0.156,0.256,0.285,0.245,0.273,0.304,0.272,0.051,0.418,0.274,0.33,87.3,72.5,7.72,0.055,0.286,0.816,0.596,0.121,0.308,0.121,0.549
668901,Mark Vientos,NYM,R,1039,287,267,57,34,10,0,13,15,3,0.213,0.261,0.397,0.658,0.184,0.238,0.285,0.309,0.314,0.38,0.24,0.052,0.35,0.297,0.445,89.8,72.1,7.46,0.1,0.32,0.812,0.492,0.135,0.295,0.175,0.435
645305,Ali Sánchez,NYY,R,302,88,83,20,17,2,0,1,1,2,0.241,0.264,0.301,0.566,0.06,0.333,0.285,0.253,0.345,0.336,0.284,0.011,0.345,0.212,0.283,81.9,68.6,7.06,0.033,0.367,0.86,0.647,0.067,0.183,0.233,0.45
592663,J. T. Realmuto,PHI,R,1803,453,401,84,55,18,0,11,36,10,0.209,0.287,0.337,0.624,0.127,0.25,0.285,0.317,0.331,0.361,0.216,0.079,0.299,0.22,0.4,89.4,71.5,7.37,0.055,0.358,0.857,0.625,0.1,0.271,0.258,0.423
805347,Jim Jarvis,ATL,L,457,124,111,23,16,5,1,1,8,1,0.207,0.267,0.297,0.564,0.09,0.253,0.284,0.268,0.295,0.294,0.185,0.065,0.276,0.164,0.37,86.6,68.9,7.03,0.033,0.283,0.904,0.697,0.076,0.185,0.207,0.587
642215,Weston Wilson,SEA,R,748,175,157,33,24,5,0,4,17,1,0.21,0.291,0.318,0.61,0.108,0.296,0.284,0.257,0.299,0.318,0.314,0.097,0.255,0.302,0.333,85.1,69.8,7.55,0.039,0.382,0.821,0.398,0.137,0.265,0.216,0.451
696135,Kahlil Watson,CLE,L,339,91,88,21,14,6,0,1,3,0,0.239,0.264,0.341,0.605,0.102,0.364,0.284,0.246,0.328,0.362,0.352,0.033,0.353,0.322,0.321,88.2,70.8,7.53,0.071,0.304,0.77,0.492,0.089,0.25,0.232,0.482
801126,Brock Rodden,SEA,S,286,72,61,12,8,3,1,0,10,0,0.197,0.306,0.279,0.584,0.082,0.324,0.284,0.233,0.222,0.258,0.333,0.139,0.312,0.392,0.368,88.0,67.4,7.06,0.053,0.368,0.712,0.44,0.289,0.474,0.211,0.289
806367,Turner Hill,SF,L,469,118,100,22,15,6,0,1,13,2,0.22,0.314,0.31,0.624,0.09,0.262,0.284,0.317,0.307,0.32,0.161,0.11,0.197,0.12,0.31,87.0,64.3,6.31,0.036,0.333,0.935,0.711,0.095,0.262,0.262,0.429
641857,Ryan Mcmahon,NYY,L,1463,355,324,68,44,13,0,11,28,2,0.21,0.276,0.352,0.628,0.142,0.271,0.284,0.296,0.337,0.381,0.29,0.079,0.28,0.271,0.441,89.6,72.3,7.24,0.09,0.329,0.848,0.463,0.117,0.315,0.225,0.414
665861,Sebastián Rivero,LAA,R,233,56,52,13,11,2,0,0,3,0,0.25,0.291,0.288,0.579,0.038,0.317,0.284,0.272,0.331,0.314,0.196,0.054,0.447,0.213,0.143,80.9,68.1,7.34,0.0,0.286,0.877,0.655,0.048,0.214,0.214,0.405
676369,Nelson Velázquez,HOU,R,446,111,100,19,9,4,0,6,8,1,0.19,0.252,0.41,0.662,0.22,0.232,0.283,0.338,0.376,0.488,0.342,0.072,0.322,0.367,0.625,94.9,73.3,7.4,0.141,0.422,0.778,0.351,0.203,0.375,0.297,0.266
641680,Jonah Heim,ATH,S,1414,378,347,70,39,18,0,13,26,2,0.202,0.259,0.366,0.625,0.164,0.214,0.283,0.283,0.28,0.311,0.18,0.069,0.336,0.201,0.316,87.3,68.7,7.49,0.06,0.344,0.87,0.665,0.152,0.273,0.206,0.436
666139,Josh Lowe,LAA,L,1413,331,301,62,40,10,0,12,24,2,0.206,0.267,0.359,0.626,0.153,0.265,0.282,0.287,0.317,0.376,0.302,0.073,0.347,0.295,0.373,87.4,72.0,7.44,0.093,0.348,0.758,0.599,0.142,0.348,0.221,0.353
680574,Matt Mclain,CIN,R,1958,482,425,80,46,18,1,15,46,6,0.188,0.276,0.341,0.617,0.153,0.237,0.282,0.296,0.317,0.363,0.282,0.095,0.265,0.252,0.361,86.3,69.3,6.82,0.091,0.382,0.843,0.542,0.149,0.358,0.203,0.345
678545,Osleivis Basabe,SF,R,552,141,127,26,18,3,0,5,9,3,0.205,0.271,0.346,0.618,0.142,0.223,0.282,0.285,0.297,0.314,0.199,0.064,0.341,0.192,0.343,86.6,71.4,7.22,0.069,0.353,0.862,0.724,0.167,0.294,0.206,0.451
814430,Brett Callahan,DET,L,255,73,66,14,9,3,1,1,5,1,0.212,0.274,0.333,0.607,0.121,0.325,0.282,0.301,0.359,0.423,0.342,0.068,0.414,0.247,0.452,90.3,72.6,6.88,0.119,0.31,0.891,0.491,0.167,0.333,0.262,0.286
694497,Evan Carter,TEX,L,1797,445,383,74,49,13,3,9,46,5,0.193,0.287,0.313,0.6,0.12,0.248,0.282,0.277,0.284,0.311,0.252,0.103,0.21,0.26,0.348,83.8,68.3,6.95,0.05,0.305,0.838,0.455,0.142,0.298,0.199,0.411
682634,Kevin Alcántara,CHC,R,118,29,26,6,5,0,0,1,2,0,0.231,0.276,0.346,0.622,0.115,0.357,0.282,0.277,0.418,0.424,0.379,0.069,0.295,0.327,0.267,91.1,75.0,7.92,0.067,0.667,0.71,0.611,0.133,0.333,0.4,0.267
691176,Jasson Domínguez,NYY,S,829,223,211,46,28,12,0,6,10,2,0.218,0.26,0.36,0.62,0.142,0.255,0.281,0.289,0.324,0.344,0.215,0.045,0.344,0.221,0.391,88.1,73.4,7.73,0.056,0.335,0.875,0.618,0.13,0.224,0.242,0.429
669224,Austin Wells,NYY,L,1560,382,333,61,41,7,0,13,43,3,0.183,0.281,0.321,0.602,0.138,0.22,0.281,0.297,0.303,0.349,0.267,0.113,0.283,0.257,0.429,88.7,70.7,7.51,0.074,0.346,0.833,0.554,0.177,0.342,0.208,0.329
683766,Christian Koss,SF,R,718,208,191,44,34,6,0,4,9,2,0.23,0.272,0.325,0.597,0.094,0.296,0.281,0.246,0.296,0.301,0.25,0.043,0.384,0.272,0.272,81.1,66.3,6.91,0.041,0.313,0.835,0.561,0.095,0.184,0.204,0.531
666023,Freddy Fermin,SD,R,1008,260,229,45,28,13,0,4,21,3,0.197,0.27,0.306,0.575,0.109,0.24,0.281,0.271,0.277,0.295,0.208,0.081,0.328,0.246,0.294,85.6,67.3,7.5,0.039,0.372,0.877,0.52,0.139,0.278,0.25,0.394
680776,Jarren Duran,BOS,L,2206,595,543,111,71,15,5,20,36,6,0.204,0.258,0.361,0.619,0.157,0.253,0.281,0.301,0.34,0.386,0.276,0.061,0.344,0.307,0.401,88.7,73.0,7.5,0.093,0.328,0.84,0.424,0.111,0.233,0.214,0.457
694208,Moisés Ballesteros,LAA,L,1298,339,306,67,48,10,0,9,28,1,0.219,0.283,0.34,0.623,0.121,0.264,0.281,0.293,0.304,0.339,0.227,0.083,0.364,0.251,0.464,90.2,70.2,7.0,0.086,0.322,0.848,0.603,0.077,0.262,0.219,0.468
694203,Denzer Guzman,LAA,R,1090,291,272,60,43,9,0,8,16,1,0.221,0.266,0.342,0.608,0.121,0.272,0.28,0.268,0.313,0.331,0.251,0.055,0.332,0.239,0.348,86.3,72.7,7.92,0.051,0.374,0.826,0.623,0.086,0.222,0.258,0.455
686452,Drew Millas,WSH,S,585,150,130,24,18,4,0,2,14,3,0.185,0.277,0.262,0.539,0.077,0.242,0.28,0.266,0.286,0.291,0.247,0.093,0.278,0.213,0.219,81.4,66.3,6.98,0.031,0.354,0.868,0.619,0.083,0.198,0.292,0.448
672284,Jarred Kelenic,TEX,L,326,83,73,16,13,2,0,1,10,0,0.219,0.313,0.288,0.601,0.068,0.366,0.28,0.331,0.401,0.488,0.373,0.12,0.294,0.358,0.5,92.6,71.2,7.36,0.19,0.405,0.823,0.308,0.024,0.333,0.214,0.452
687231,Darell Hernaiz,ATH,R,620,157,137,32,28,3,0,1,16,1,0.234,0.316,0.277,0.594,0.044,0.295,0.279,0.262,0.279,0.269,0.197,0.102,0.359,0.225,0.275,84.3,67.1,7.02,0.009,0.303,0.853,0.653,0.055,0.22,0.239,0.459
694197,Angel Genao,CLE,S,505,134,123,26,20,4,0,2,10,1,0.211,0.276,0.293,0.569,0.081,0.24,0.279,0.285,0.288,0.299,0.157,0.075,0.271,0.213,0.51,90.6,70.9,7.13,0.049,0.216,0.879,0.605,0.059,0.127,0.147,0.706
680779,Henry Davis,PIT,R,1093,292,251,42,26,6,0,10,28,8,0.167,0.27,0.311,0.581,0.143,0.177,0.278,0.292,0.262,0.306,0.205,0.096,0.313,0.234,0.407,88.1,71.7,7.18,0.088,0.289,0.862,0.556,0.165,0.263,0.196,0.361
694378,Jacob Gonzalez,PIT,L,862,220,203,45,30,9,0,6,11,4,0.222,0.274,0.355,0.629,0.133,0.252,0.278,0.303,0.315,0.345,0.191,0.05,0.375,0.182,0.372,87.7,69.2,7.1,0.043,0.335,0.86,0.731,0.122,0.256,0.238,0.427
516782,Starling Marte,KC,R,647,167,152,37,30,5,0,2,9,4,0.243,0.299,0.316,0.615,0.072,0.321,0.278,0.291,0.32,0.348,0.246,0.054,0.353,0.243,0.351,86.4,70.4,7.14,0.096,0.289,0.847,0.575,0.07,0.158,0.246,0.526
691785,Marcelo Mayer,SF,L,882,235,211,45,32,10,0,3,18,3,0.213,0.281,0.303,0.584,0.09,0.264,0.278,0.259,0.259,0.279,0.209,0.077,0.291,0.267,0.358,85.9,72.8,7.85,0.061,0.273,0.862,0.453,0.115,0.248,0.158,0.515
595879,Javier Báez,DET,R,677,191,182,43,28,11,1,3,6,2,0.236,0.267,0.357,0.624,0.121,0.288,0.278,0.261,0.302,0.309,0.209,0.031,0.473,0.28,0.333,85.2,72.0,8.49,0.028,0.333,0.819,0.62,0.083,0.201,0.201,0.514
678662,Ezequiel Tovar,COL,R,1829,493,452,98,64,22,0,12,29,2,0.217,0.263,0.345,0.608,0.128,0.273,0.276,0.28,0.314,0.347,0.254,0.059,0.435,0.263,0.328,85.6,70.4,7.44,0.069,0.361,0.84,0.576,0.131,0.31,0.224,0.379
701852,Drew Cavanaugh,SF,L,633,158,136,30,26,3,0,1,18,0,0.221,0.312,0.265,0.576,0.044,0.33,0.276,0.302,0.363,0.381,0.297,0.114,0.271,0.236,0.274,82.4,66.8,6.49,0.042,0.432,0.856,0.556,0.084,0.2,0.274,0.463
691907,Tsung-Che Cheng,BOS,L,165,44,39,10,9,1,0,0,4,0,0.256,0.318,0.282,0.6,0.026,0.4,0.276,0.303,0.37,0.405,0.318,0.091,0.28,0.333,0.231,79.9,61.9,6.48,0.077,0.462,0.782,0.391,0.192,0.308,0.231,0.462
669236,Jeremiah Jackson,BAL,R,1019,282,269,59,39,11,0,9,7,2,0.219,0.242,0.361,0.603,0.141,0.255,0.275,0.282,0.314,0.35,0.227,0.025,0.367,0.249,0.378,88.8,71.1,7.46,0.077,0.297,0.848,0.543,0.115,0.23,0.191,0.512
694728,Brice Matthews,HOU,R,961,233,215,43,30,5,1,7,16,0,0.2,0.255,0.33,0.586,0.13,0.269,0.275,0.261,0.296,0.349,0.318,0.069,0.251,0.344,0.364,83.3,70.5,7.15,0.084,0.308,0.768,0.364,0.119,0.238,0.182,0.503
672275,Patrick Bailey,CLE,S,1316,332,298,62,45,8,1,8,27,1,0.208,0.274,0.322,0.596,0.114,0.267,0.274,0.304,0.341,0.378,0.265,0.081,0.309,0.25,0.417,89.2,70.8,7.23,0.069,0.362,0.854,0.538,0.11,0.257,0.252,0.431
663853,Romy Gonzalez,BOS,R,288,73,65,12,7,3,1,1,5,2,0.185,0.264,0.308,0.572,0.123,0.256,0.273,0.289,0.342,0.36,0.288,0.068,0.329,0.291,0.378,86.1,70.0,6.63,0.044,0.311,0.82,0.49,0.044,0.2,0.178,0.556
663368,Blake Perkins,MIL,S,419,102,90,14,7,6,0,1,10,1,0.156,0.248,0.256,0.503,0.1,0.194,0.273,0.264,0.261,0.279,0.216,0.098,0.271,0.195,0.338,83.8,68.4,7.31,0.044,0.265,0.852,0.712,0.059,0.221,0.206,0.441
701305,Zach Dezenzo,HOU,R,333,83,76,16,11,4,0,1,7,0,0.211,0.277,0.303,0.58,0.092,0.349,0.273,0.248,0.329,0.358,0.386,0.084,0.343,0.351,0.318,84.9,73.8,7.61,0.091,0.432,0.737,0.508,0.068,0.205,0.318,0.432
596103,Austin Slater,TB,R,292,73,64,14,12,2,0,0,8,0,0.219,0.301,0.25,0.551,0.031,0.326,0.271,0.235,0.271,0.263,0.288,0.11,0.28,0.263,0.178,85.0,69.9,6.87,0.022,0.267,0.822,0.548,0.067,0.222,0.2,0.489
666969,Adolis García,PHI,R,1082,259,231,45,29,8,1,7,21,4,0.195,0.27,0.329,0.599,0.134,0.27,0.271,0.294,0.346,0.39,0.32,0.081,0.298,0.314,0.48,92.1,69.9,7.6,0.093,0.387,0.814,0.451,0.073,0.233,0.287,0.393
602104,Ramón Urías,STL,R,362,100,86,13,6,3,0,4,9,4,0.151,0.26,0.326,0.586,0.174,0.141,0.271,0.302,0.241,0.304,0.18,0.09,0.253,0.207,0.348,88.5,68.9,7.31,0.101,0.275,0.836,0.674,0.188,0.362,0.13,0.391
690984,Petey Halpin,CLE,L,642,189,174,39,30,4,1,4,7,2,0.224,0.261,0.328,0.588,0.103,0.259,0.27,0.29,0.313,0.335,0.185,0.037,0.384,0.225,0.262,82.0,67.5,6.85,0.055,0.4,0.832,0.664,0.166,0.345,0.207,0.345
683083,Nasim Nuñez,WSH,S,1943,482,422,87,78,5,3,1,49,1,0.206,0.289,0.239,0.528,0.033,0.266,0.27,0.267,0.288,0.281,0.203,0.102,0.249,0.194,0.215,82.0,65.8,6.64,0.009,0.301,0.877,0.614,0.065,0.189,0.227,0.531
664728,Kyle Isbel,KC,L,1114,313,285,61,45,9,1,6,15,3,0.214,0.259,0.316,0.575,0.102,0.266,0.27,0.253,0.296,0.3,0.23,0.048,0.35,0.154,0.324,83.2,68.3,6.9,0.027,0.261,0.956,0.67,0.086,0.207,0.207,0.491
656484,Tristan Gray,MIN,L,732,188,173,38,29,5,0,4,10,1,0.22,0.262,0.318,0.58,0.098,0.309,0.269,0.263,0.334,0.358,0.314,0.053,0.393,0.301,0.376,87.0,70.4,7.01,0.06,0.393,0.806,0.513,0.12,0.239,0.342,0.342
677870,Leo Jimenez,MIA,R,775,195,167,33,27,4,0,2,18,8,0.198,0.304,0.257,0.562,0.06,0.244,0.269,0.314,0.314,0.328,0.195,0.092,0.262,0.22,0.4,89.5,70.2,7.26,0.038,0.323,0.885,0.577,0.062,0.2,0.238,0.546
687363,Victor Scott,STL,L,706,189,161,31,25,4,0,2,16,2,0.193,0.272,0.255,0.527,0.062,0.254,0.269,0.271,0.305,0.309,0.238,0.085,0.22,0.235,0.24,79.0,63.4,6.04,0.016,0.31,0.867,0.419,0.078,0.171,0.225,0.558
606992,Eric Haase,SF,R,319,85,75,12,5,3,0,4,6,1,0.16,0.232,0.36,0.592,0.2,0.186,0.269,0.271,0.296,0.371,0.329,0.071,0.363,0.351,0.286,82.1,68.7,7.08,0.163,0.306,0.761,0.484,0.102,0.204,0.184,0.49
682177,Daniel Schneemann,CLE,L,1127,282,258,53,36,11,0,6,24,0,0.205,0.273,0.318,0.591,0.112,0.28,0.269,0.286,0.327,0.367,0.298,0.085,0.333,0.295,0.374,87.9,69.5,7.01,0.075,0.356,0.85,0.424,0.149,0.287,0.23,0.437
694377,Nick Yorke,PIT,R,463,117,104,22,17,4,0,1,9,2,0.212,0.284,0.279,0.563,0.067,0.273,0.268,0.289,0.313,0.326,0.222,0.077,0.318,0.215,0.438,87.3,71.0,7.29,0.05,0.3,0.867,0.628,0.087,0.262,0.162,0.538
543877,Christian Vázquez,HOU,R,1016,262,239,49,35,7,0,7,17,0,0.205,0.257,0.322,0.579,0.117,0.232,0.267,0.233,0.247,0.255,0.195,0.065,0.362,0.179,0.224,83.4,63.1,6.54,0.021,0.339,0.907,0.692,0.109,0.24,0.24,0.432
664731,P. J. Higgins,CIN,R,128,32,26,6,5,1,0,0,2,0,0.231,0.276,0.269,0.545,0.038,0.333,0.267,0.287,0.398,0.364,0.25,0.062,0.18,0.22,0.136,76.4,62.2,6.29,0.0,0.455,0.923,0.273,0.091,0.273,0.273,0.364
663837,Matt Vierling,DET,R,1098,291,266,55,34,13,3,5,19,0,0.207,0.255,0.335,0.59,0.128,0.236,0.266,0.304,0.315,0.337,0.168,0.065,0.324,0.162,0.372,87.7,69.8,7.37,0.049,0.368,0.909,0.699,0.081,0.283,0.233,0.372
695490,Edwin Arroyo,CIN,S,574,157,145,33,28,4,1,0,6,3,0.228,0.271,0.269,0.54,0.041,0.308,0.266,0.291,0.363,0.358,0.242,0.038,0.387,0.241,0.274,86.0,68.0,7.29,0.027,0.425,0.861,0.574,0.053,0.195,0.31,0.425
695720,Tommy White,ATH,R,660,186,180,45,37,5,0,3,5,0,0.25,0.269,0.328,0.597,0.078,0.286,0.265,0.292,0.319,0.337,0.161,0.027,0.421,0.202,0.32,85.7,67.5,7.29,0.067,0.333,0.883,0.678,0.047,0.227,0.24,0.5
669357,Nolan Gorman,STL,L,1228,297,264,49,34,6,0,9,30,0,0.186,0.266,0.311,0.577,0.125,0.248,0.265,0.281,0.307,0.363,0.316,0.101,0.314,0.356,0.424,89.5,71.8,7.6,0.1,0.376,0.76,0.419,0.2,0.376,0.224,0.329
676572,Eric Wagaman,NYM,R,221,53,48,9,7,0,0,2,4,1,0.188,0.264,0.312,0.577,0.125,0.206,0.265,0.296,0.304,0.34,0.226,0.075,0.283,0.292,0.286,84.8,70.2,7.0,0.057,0.371,0.734,0.656,0.086,0.171,0.314,0.486
699625,Jimmy Crooks,STL,L,565,148,133,24,13,6,0,5,9,5,0.18,0.257,0.338,0.595,0.158,0.238,0.264,0.294,0.31,0.391,0.324,0.061,0.363,0.32,0.483,91.7,70.6,7.04,0.115,0.391,0.78,0.531,0.207,0.425,0.195,0.322
686780,Pedro Pagés,STL,R,859,207,187,40,30,6,0,4,12,2,0.214,0.266,0.31,0.576,0.096,0.281,0.264,0.266,0.306,0.331,0.266,0.058,0.351,0.263,0.372,85.0,70.7,7.09,0.044,0.328,0.876,0.503,0.109,0.27,0.175,0.453
700337,Edgar Quero,CWS,S,838,215,185,38,34,1,0,3,18,5,0.205,0.286,0.259,0.546,0.054,0.25,0.264,0.282,0.289,0.298,0.195,0.084,0.255,0.178,0.391,89.8,67.6,6.8,0.026,0.272,0.893,0.631,0.146,0.265,0.179,0.517
669221,Sean Murphy,ATL,R,413,110,101,17,10,4,0,3,9,0,0.168,0.236,0.297,0.533,0.129,0.226,0.264,0.252,0.291,0.33,0.327,0.082,0.353,0.325,0.369,86.6,70.1,7.84,0.077,0.246,0.808,0.447,0.062,0.231,0.138,0.585
677950,Alek Thomas,LAD,L,415,118,111,21,9,10,0,2,4,2,0.189,0.231,0.333,0.564,0.144,0.232,0.263,0.282,0.306,0.342,0.229,0.034,0.416,0.226,0.402,88.2,67.6,6.84,0.069,0.356,0.888,0.593,0.069,0.264,0.23,0.425
571912,Luke Maile,KC,R,165,45,41,7,4,2,0,1,4,0,0.171,0.244,0.293,0.537,0.122,0.231,0.262,0.202,0.214,0.234,0.311,0.089,0.282,0.229,0.296,83.8,68.2,6.58,0.037,0.333,0.891,0.542,0.222,0.333,0.185,0.37
680728,Adrian Del Castillo,AZ,L,780,194,178,35,24,6,0,5,13,0,0.197,0.25,0.315,0.565,0.118,0.252,0.262,0.256,0.287,0.324,0.278,0.067,0.296,0.259,0.362,86.9,70.1,6.79,0.063,0.354,0.854,0.504,0.142,0.291,0.236,0.378
694673,Abimelec Ortiz,WSH,L,565,131,125,24,14,5,0,5,6,0,0.192,0.229,0.352,0.581,0.16,0.221,0.261,0.279,0.299,0.356,0.26,0.046,0.369,0.223,0.389,89.7,73.7,7.23,0.078,0.422,0.859,0.655,0.156,0.322,0.256,0.356
678577,Junior Perez,CWS,R,139,36,35,6,3,0,0,3,1,0,0.171,0.194,0.429,0.623,0.257,0.158,0.261,0.312,0.343,0.502,0.361,0.028,0.288,0.371,0.524,91.0,73.8,7.44,0.143,0.333,0.745,0.316,0.095,0.333,0.19,0.286
672761,Wenceel Pérez,DET,S,653,175,161,29,17,4,1,7,14,0,0.18,0.246,0.348,0.594,0.168,0.176,0.261,0.272,0.248,0.286,0.166,0.08,0.285,0.165,0.333,87.2,69.9,6.89,0.076,0.242,0.898,0.691,0.136,0.318,0.136,0.417
806068,Colt Emerson,SEA,L,964,242,222,42,27,6,1,8,15,2,0.189,0.245,0.333,0.578,0.144,0.26,0.26,0.248,0.314,0.34,0.343,0.062,0.383,0.306,0.312,85.7,71.0,7.15,0.05,0.362,0.783,0.545,0.106,0.227,0.227,0.461
457705,Andrew Mccutchen,TEX,R,356,83,73,14,11,2,0,1,9,0,0.192,0.277,0.26,0.537,0.068,0.26,0.26,0.237,0.235,0.258,0.265,0.108,0.205,0.306,0.288,87.1,68.5,7.43,0.058,0.308,0.774,0.417,0.135,0.365,0.135,0.365
681987,Nate Eaton,BOS,R,248,58,48,7,4,2,0,1,8,2,0.146,0.293,0.25,0.543,0.104,0.188,0.26,0.285,0.255,0.287,0.259,0.138,0.296,0.311,0.303,86.6,71.7,7.37,0.061,0.394,0.772,0.525,0.212,0.242,0.333,0.303
668670,Jake Rogers,CWS,R,688,172,144,23,14,4,1,4,23,1,0.16,0.275,0.285,0.56,0.125,0.213,0.26,0.267,0.266,0.301,0.297,0.134,0.251,0.251,0.365,86.9,68.1,7.44,0.094,0.312,0.832,0.567,0.208,0.354,0.177,0.375
681351,Logan O'Hoppe,TEX,R,989,275,252,55,42,9,0,4,17,3,0.218,0.274,0.302,0.575,0.083,0.283,0.26,0.269,0.283,0.32,0.247,0.062,0.348,0.272,0.358,86.5,69.2,7.3,0.091,0.326,0.88,0.473,0.123,0.289,0.225,0.39
687515,Colby Thomas,ATH,R,442,121,114,23,16,3,0,4,4,1,0.202,0.235,0.333,0.569,0.132,0.26,0.26,0.248,0.27,0.338,0.306,0.033,0.429,0.313,0.342,87.9,74.0,7.49,0.089,0.329,0.851,0.41,0.165,0.342,0.203,0.329
671655,George Valera,CLE,L,120,38,37,8,5,3,0,0,1,0,0.216,0.237,0.297,0.534,0.081,0.276,0.259,0.198,0.247,0.236,0.211,0.026,0.404,0.162,0.345,90.2,71.2,6.68,0.0,0.207,0.889,0.739,0.069,0.069,0.241,0.517
661531,Brian Serven,ATH,R,313,83,79,14,8,1,0,5,3,1,0.177,0.217,0.38,0.597,0.203,0.17,0.259,0.274,0.299,0.345,0.253,0.036,0.291,0.292,0.298,87.4,69.5,7.33,0.088,0.368,0.791,0.5,0.175,0.316,0.211,0.456
690924,Braxton Fulford,COL,R,348,83,72,12,7,4,0,1,8,1,0.167,0.253,0.264,0.517,0.097,0.289,0.258,0.208,0.247,0.268,0.398,0.096,0.279,0.333,0.341,85.9,70.4,6.57,0.073,0.268,0.792,0.436,0.098,0.415,0.122,0.341
624431,Jose Trevino,CIN,R,532,150,146,32,24,3,0,5,1,0,0.219,0.223,0.342,0.565,0.123,0.239,0.258,0.22,0.262,0.27,0.187,0.007,0.38,0.219,0.295,83.9,66.5,7.01,0.025,0.311,0.88,0.612,0.09,0.205,0.164,0.574
694376,Shay Whitcomb,SF,R,428,117,111,21,14,3,0,4,4,0,0.189,0.217,0.324,0.542,0.135,0.23,0.257,0.262,0.295,0.351,0.282,0.034,0.356,0.266,0.329,85.0,68.6,7.45,0.114,0.354,0.918,0.425,0.101,0.304,0.215,0.38
622761,Jorge Mateo,TB,R,822,213,199,41,29,7,0,5,11,1,0.206,0.25,0.317,0.567,0.111,0.286,0.256,0.274,0.339,0.376,0.319,0.052,0.437,0.3,0.353,86.0,71.7,7.68,0.075,0.414,0.83,0.543,0.113,0.286,0.263,0.383
687529,Grant Mccray,SF,L,390,90,77,11,6,2,1,2,10,0,0.143,0.241,0.273,0.514,0.13,0.188,0.256,0.294,0.329,0.373,0.3,0.111,0.27,0.342,0.308,82.0,67.5,6.92,0.115,0.288,0.786,0.431,0.135,0.231,0.212,0.462
695391,Brett Harris,SF,R,157,43,36,6,4,2,0,0,3,3,0.167,0.286,0.222,0.508,0.056,0.273,0.256,0.247,0.263,0.277,0.326,0.07,0.212,0.238,0.318,84.7,67.9,7.17,0.045,0.364,0.87,0.471,0.091,0.227,0.136,0.591
592206,Nick Castellanos,SD,R,481,122,116,22,13,5,0,4,4,0,0.19,0.213,0.336,0.549,0.147,0.231,0.256,0.285,0.346,0.382,0.279,0.033,0.402,0.32,0.373,87.7,68.0,7.65,0.084,0.422,0.783,0.519,0.193,0.373,0.289,0.325
807747,Rikuu Nishida,CWS,L,97,30,29,7,7,0,0,0,0,0,0.241,0.241,0.241,0.483,0.0,0.292,0.255,0.247,0.312,0.299,0.167,0.0,0.286,0.14,0.12,83.5,57.5,5.72,0.0,0.4,0.806,1.0,0.0,0.08,0.28,0.64
670224,Kameron Misner,KC,L,185,44,41,9,8,1,0,0,2,0,0.22,0.256,0.244,0.5,0.024,0.375,0.255,0.209,0.317,0.317,0.386,0.045,0.29,0.358,0.2,80.1,72.6,7.62,0.0,0.28,0.721,0.444,0.16,0.4,0.2,0.28
823550,Sung Mun Song,SD,L,600,147,126,23,18,4,0,1,17,0,0.183,0.278,0.238,0.516,0.056,0.229,0.255,0.249,0.232,0.245,0.197,0.116,0.229,0.19,0.28,83.9,69.3,7.43,0.04,0.27,0.872,0.652,0.1,0.27,0.16,0.43
681047,Christian Franklin,BAL,R,217,50,41,5,3,2,0,0,7,2,0.122,0.28,0.171,0.451,0.049,0.172,0.253,0.292,0.234,0.284,0.24,0.14,0.2,0.288,0.393,84.7,72.3,7.04,0.107,0.107,0.8,0.52,0.107,0.179,0.071,0.643
807726,John Peck,DET,R,263,71,59,10,9,1,0,0,9,2,0.169,0.296,0.186,0.482,0.017,0.233,0.253,0.327,0.314,0.352,0.225,0.127,0.322,0.239,0.413,89.6,70.8,7.2,0.087,0.326,0.828,0.63,0.022,0.174,0.283,0.457
596146,Max Kepler,AZ,L,536,145,133,27,18,7,0,2,10,0,0.203,0.255,0.301,0.556,0.098,0.253,0.252,0.27,0.278,0.313,0.221,0.069,0.373,0.238,0.392,88.1,69.6,7.31,0.078,0.353,0.863,0.594,0.186,0.304,0.255,0.324
502054,Tommy Pham,CWS,R,114,29,24,3,2,0,0,1,5,0,0.125,0.276,0.25,0.526,0.125,0.154,0.252,0.325,0.377,0.425,0.345,0.172,0.218,0.312,0.571,96.1,70.4,7.05,0.071,0.286,0.806,0.333,0.071,0.286,0.214,0.5
666971,Lourdes Gurriel,AZ,R,727,201,186,39,28,9,0,2,10,2,0.21,0.254,0.29,0.544,0.081,0.252,0.252,0.273,0.294,0.308,0.184,0.05,0.405,0.216,0.338,87.3,68.9,7.45,0.046,0.331,0.91,0.613,0.106,0.219,0.238,0.424
670242,Matt Wallner,MIN,L,562,135,120,20,13,3,0,4,10,5,0.167,0.259,0.292,0.551,0.125,0.254,0.251,0.281,0.358,0.408,0.393,0.074,0.316,0.41,0.403,88.4,72.9,7.4,0.104,0.269,0.716,0.315,0.09,0.209,0.239,0.507
641555,J. C. Escarra,NYY,L,352,91,84,16,10,5,1,0,6,0,0.19,0.242,0.274,0.516,0.083,0.242,0.251,0.257,0.262,0.287,0.198,0.066,0.247,0.269,0.338,88.2,67.6,7.23,0.044,0.309,0.852,0.422,0.132,0.25,0.206,0.485
691011,Drew Romo,CWS,S,729,203,177,25,13,5,0,7,20,3,0.141,0.239,0.288,0.527,0.147,0.146,0.25,0.262,0.256,0.279,0.232,0.099,0.345,0.288,0.263,82.9,67.7,7.3,0.06,0.278,0.844,0.493,0.158,0.301,0.173,0.406
660710,Rodolfo Durán,SD,R,353,90,81,12,5,4,0,3,7,1,0.148,0.225,0.309,0.533,0.16,0.167,0.249,0.257,0.255,0.302,0.267,0.078,0.314,0.245,0.305,86.9,70.9,7.11,0.085,0.22,0.85,0.593,0.169,0.305,0.102,0.458
694410,Lujames Groover,AZ,R,208,53,47,8,5,2,0,1,5,1,0.17,0.264,0.277,0.541,0.106,0.2,0.249,0.286,0.281,0.304,0.208,0.094,0.198,0.149,0.459,90.0,69.7,6.8,0.108,0.243,0.956,0.474,0.081,0.216,0.189,0.459
656976,Pavin Smith,AZ,L,433,109,97,17,12,2,0,3,11,0,0.175,0.257,0.289,0.546,0.113,0.197,0.248,0.279,0.276,0.303,0.211,0.101,0.26,0.198,0.373,88.1,68.9,7.41,0.053,0.253,0.884,0.593,0.16,0.32,0.173,0.44
664056,Harrison Bader,SF,R,421,111,106,18,8,5,0,5,4,0,0.17,0.198,0.358,0.557,0.189,0.194,0.245,0.272,0.316,0.375,0.306,0.036,0.387,0.299,0.411,89.2,71.0,7.14,0.082,0.329,0.814,0.512,0.082,0.219,0.219,0.479
681546,James Outman,DET,L,691,174,161,27,16,4,2,5,10,3,0.168,0.23,0.311,0.54,0.143,0.259,0.245,0.225,0.295,0.338,0.408,0.057,0.294,0.397,0.372,86.5,69.7,7.71,0.07,0.337,0.738,0.306,0.174,0.302,0.221,0.372
670770,Tj Friedl,CIN,L,1010,264,232,40,29,6,1,4,22,5,0.172,0.258,0.259,0.516,0.086,0.218,0.245,0.25,0.263,0.271,0.239,0.083,0.239,0.237,0.28,82.9,67.4,6.57,0.027,0.28,0.888,0.455,0.121,0.253,0.203,0.44
680737,Michael Helman,TEX,R,113,35,30,5,3,1,0,1,1,2,0.167,0.235,0.3,0.535,0.133,0.174,0.243,0.2,0.184,0.186,0.171,0.029,0.4,0.222,0.077,76.1,69.6,7.79,0.0,0.346,0.821,0.708,0.154,0.423,0.115,0.346
687597,Jordan Beck,COL,R,663,169,155,29,19,7,2,1,13,0,0.187,0.249,0.277,0.526,0.09,0.269,0.243,0.25,0.308,0.316,0.296,0.077,0.378,0.278,0.302,84.7,72.2,7.8,0.038,0.292,0.83,0.549,0.094,0.292,0.217,0.406
518595,Travis D'Arnaud,LAA,R,306,80,72,12,8,3,0,1,6,2,0.167,0.25,0.25,0.5,0.083,0.234,0.243,0.242,0.234,0.285,0.3,0.075,0.331,0.298,0.333,86.7,70.0,7.62,0.104,0.354,0.812,0.48,0.125,0.333,0.146,0.458
682668,Luisangel Acuña,CWS,R,762,220,206,46,41,4,0,1,9,1,0.223,0.257,0.257,0.514,0.034,0.276,0.242,0.263,0.309,0.305,0.191,0.041,0.333,0.247,0.364,86.7,69.3,7.41,0.03,0.255,0.872,0.54,0.03,0.152,0.206,0.594
669398,Gage Workman,SD,L,150,41,41,7,1,4,0,2,0,0,0.171,0.171,0.415,0.585,0.244,0.227,0.241,0.299,0.38,0.511,0.415,0.0,0.425,0.311,0.458,94.1,69.7,6.83,0.208,0.5,0.839,0.441,0.125,0.333,0.292,0.375
665966,Carlos Narváez,BAL,R,1123,279,243,40,30,7,0,3,18,8,0.165,0.243,0.23,0.473,0.066,0.247,0.241,0.258,0.302,0.332,0.323,0.065,0.323,0.317,0.366,86.9,69.3,7.37,0.061,0.354,0.779,0.475,0.079,0.305,0.22,0.39
663662,Daz Cameron,TOR,R,95,25,24,5,3,1,0,1,0,0,0.208,0.2,0.375,0.575,0.167,0.25,0.238,0.291,0.346,0.404,0.28,0.0,0.302,0.204,0.278,84.1,72.0,6.66,0.111,0.333,0.861,0.615,0.111,0.222,0.389,0.278
682622,Noelvi Marte,CIN,R,761,198,187,34,22,6,0,6,10,0,0.182,0.222,0.31,0.532,0.128,0.217,0.238,0.237,0.267,0.294,0.263,0.051,0.408,0.256,0.302,87.9,70.0,7.31,0.05,0.201,0.887,0.558,0.108,0.209,0.122,0.561
703492,Nick Morabito,NYM,R,161,44,39,7,6,1,0,0,3,2,0.179,0.273,0.205,0.478,0.026,0.28,0.236,0.31,0.427,0.407,0.318,0.068,0.329,0.306,0.458,90.3,69.3,6.79,0.0,0.375,0.794,0.571,0.042,0.083,0.292,0.5
666624,Christopher Morel,NYM,R,369,102,95,17,12,4,0,1,6,1,0.179,0.235,0.253,0.488,0.074,0.267,0.234,0.218,0.28,0.285,0.333,0.059,0.347,0.319,0.4,87.7,73.7,7.95,0.033,0.267,0.75,0.561,0.15,0.217,0.2,0.45
669326,Bryce Teodosio,LAA,R,213,60,55,11,9,2,0,0,4,0,0.2,0.254,0.236,0.491,0.036,0.333,0.231,0.203,0.264,0.278,0.367,0.067,0.374,0.361,0.206,78.4,66.8,6.51,0.059,0.176,0.75,0.45,0.088,0.235,0.088,0.5
687282,Gabriel Rincones,PHI,L,344,86,81,14,8,4,0,2,2,2,0.173,0.209,0.296,0.506,0.123,0.24,0.231,0.205,0.233,0.279,0.337,0.023,0.466,0.288,0.357,90.1,74.2,7.04,0.089,0.232,0.835,0.542,0.161,0.321,0.161,0.446
805904,Zach Cole,HOU,L,219,53,51,8,4,1,0,3,1,1,0.157,0.189,0.353,0.542,0.196,0.185,0.231,0.289,0.356,0.462,0.396,0.019,0.273,0.432,0.5,92.5,75.3,7.31,0.167,0.333,0.692,0.3,0.2,0.333,0.133,0.433
660844,Leo Rivas,SEA,S,607,139,116,17,13,3,1,0,16,4,0.147,0.27,0.19,0.46,0.043,0.221,0.23,0.25,0.257,0.258,0.281,0.115,0.153,0.215,0.162,85.1,62.8,6.95,0.012,0.325,0.852,0.533,0.125,0.312,0.2,0.388
624512,Reese Mcguire,CWS,L,110,34,29,5,5,0,0,0,2,2,0.172,0.273,0.172,0.445,0.0,0.25,0.227,0.242,0.27,0.257,0.265,0.059,0.375,0.204,0.095,72.6,67.7,7.73,0.0,0.333,0.917,0.556,0.048,0.238,0.238,0.429
828599,Lucas Spence,HOU,L,171,46,41,6,5,1,0,0,4,1,0.146,0.239,0.171,0.41,0.024,0.25,0.226,0.231,0.285,0.298,0.37,0.087,0.304,0.424,0.391,90.9,70.8,6.88,0.043,0.261,0.684,0.357,0.043,0.174,0.217,0.565
695681,Christian Moore,LAA,R,542,130,120,21,16,3,1,1,8,1,0.175,0.231,0.242,0.472,0.067,0.267,0.223,0.231,0.293,0.313,0.338,0.062,0.309,0.31,0.39,88.4,69.9,7.14,0.078,0.312,0.817,0.398,0.078,0.247,0.221,0.455
672820,Lenyn Sosa,TOR,R,439,117,113,22,14,7,0,1,1,1,0.195,0.207,0.283,0.49,0.088,0.241,0.223,0.249,0.285,0.309,0.214,0.009,0.5,0.193,0.367,88.1,71.2,7.48,0.056,0.344,0.904,0.723,0.056,0.256,0.233,0.4
670097,Zack Short,NYM,R,272,62,50,7,5,2,0,0,8,1,0.14,0.262,0.18,0.442,0.04,0.226,0.221,0.256,0.257,0.282,0.306,0.129,0.271,0.289,0.206,83.3,67.3,6.93,0.059,0.324,0.829,0.462,0.324,0.471,0.147,0.206
608841,Joey Meneses,ATH,R,76,25,20,3,3,0,0,0,3,1,0.15,0.28,0.15,0.43,0.0,0.188,0.22,0.327,0.336,0.314,0.16,0.12,0.333,0.206,0.588,92.7,68.4,7.12,0.0,0.235,0.895,0.667,0.059,0.176,0.176,0.529
677956,Rece Hinds,BAL,R,269,64,57,9,4,5,0,0,5,1,0.158,0.234,0.246,0.48,0.088,0.3,0.22,0.199,0.282,0.274,0.422,0.078,0.38,0.407,0.364,88.2,71.3,7.71,0.0,0.273,0.688,0.467,0.03,0.242,0.273,0.394
666310,Bo Naylor,MIL,L,426,98,91,14,9,2,0,3,7,0,0.154,0.214,0.275,0.489,0.121,0.169,0.219,0.288,0.288,0.349,0.235,0.071,0.267,0.13,0.403,89.1,70.4,7.58,0.119,0.328,0.946,0.695,0.179,0.343,0.209,0.343
695257,Billy Cook,PIT,R,188,53,51,9,7,1,1,0,1,1,0.176,0.208,0.235,0.443,0.059,0.29,0.216,0.166,0.231,0.237,0.377,0.019,0.397,0.308,0.226,81.3,70.2,7.57,0.0,0.258,0.737,0.581,0.129,0.29,0.129,0.387
623168,Tyler Heineman,LAA,S,676,195,173,29,24,3,1,1,5,6,0.168,0.217,0.214,0.431,0.046,0.194,0.216,0.238,0.26,0.25,0.144,0.026,0.427,0.188,0.122,76.8,61.6,6.73,0.006,0.308,0.907,0.667,0.115,0.199,0.199,0.532
663647,Ke'Bryan Hayes,CIN,R,856,233,218,32,24,2,1,5,13,2,0.147,0.202,0.234,0.436,0.087,0.163,0.214,0.29,0.305,0.335,0.202,0.056,0.308,0.221,0.394,90.5,69.6,6.75,0.069,0.371,0.903,0.541,0.091,0.309,0.297,0.349
669369,Bryce Johnson,SD,S,188,49,45,8,6,2,0,0,3,0,0.178,0.229,0.222,0.451,0.044,0.296,0.212,0.172,0.244,0.229,0.367,0.061,0.396,0.311,0.071,73.8,64.5,7.35,0.0,0.286,0.788,0.553,0.036,0.286,0.036,0.536
691277,Deyvison De Los Santos,MIA,R,118,28,27,5,3,2,0,0,0,1,0.185,0.214,0.259,0.474,0.074,0.278,0.211,0.172,0.221,0.227,0.321,0.0,0.441,0.293,0.167,82.6,74.0,8.02,0.056,0.278,0.964,0.467,0.111,0.222,0.167,0.5
670156,Miles Mastrobuoni,SEA,L,107,30,26,5,5,0,0,0,2,0,0.192,0.241,0.192,0.434,0.0,0.312,0.21,0.184,0.236,0.232,0.333,0.067,0.275,0.186,0.222,86.6,64.9,6.16,0.0,0.333,0.897,0.643,0.167,0.278,0.222,0.5
608701,Rob Refsnyder,SEA,R,523,127,113,16,11,1,0,4,7,3,0.142,0.206,0.257,0.463,0.115,0.167,0.209,0.255,0.252,0.316,0.291,0.055,0.253,0.257,0.346,86.0,69.8,7.6,0.086,0.272,0.846,0.5,0.148,0.296,0.173,0.395
687749,Jase Bowen,SD,R,346,97,91,14,9,2,1,2,3,2,0.154,0.198,0.264,0.462,0.11,0.235,0.207,0.249,0.338,0.384,0.392,0.031,0.403,0.384,0.345,82.6,70.7,7.73,0.091,0.327,0.742,0.453,0.109,0.309,0.218,0.455
682641,Luis Matos,MIL,R,72,21,20,4,4,0,0,0,1,0,0.2,0.238,0.2,0.438,0.0,0.308,0.205,0.13,0.152,0.156,0.333,0.048,0.5,0.302,0.231,84.1,69.0,7.17,0.0,0.077,0.909,0.476,0.077,0.077,0.077,0.538
593871,Jorge Polanco,NYM,S,565,145,135,20,13,5,0,2,9,0,0.148,0.201,0.23,0.431,0.081,0.184,0.204,0.234,0.257,0.277,0.241,0.062,0.301,0.217,0.31,85.6,67.6,7.19,0.04,0.32,0.884,0.6,0.14,0.24,0.25,0.4
640459,Brian Navarreto,MIA,R,224,55,47,6,3,2,0,1,2,2,0.128,0.192,0.234,0.426,0.106,0.185,0.204,0.176,0.215,0.217,0.345,0.036,0.378,0.314,0.219,76.8,69.5,7.57,0.062,0.219,0.822,0.467,0.094,0.156,0.125,0.562
671083,Buddy Kennedy,SF,R,217,49,43,5,4,1,0,0,5,1,0.116,0.224,0.14,0.364,0.023,0.179,0.203,0.249,0.257,0.284,0.306,0.102,0.261,0.25,0.321,84.4,70.3,6.72,0.107,0.321,0.831,0.552,0.179,0.286,0.179,0.25
677595,Ronny Mauricio,NYM,S,191,54,52,9,7,1,0,1,1,1,0.173,0.204,0.25,0.454,0.077,0.25,0.203,0.218,0.277,0.313,0.352,0.019,0.538,0.294,0.333,89.1,73.7,7.68,0.091,0.273,0.839,0.561,0.061,0.182,0.212,0.545
801501,Nate Furman,SF,L,147,39,32,4,4,0,0,0,5,0,0.125,0.243,0.125,0.368,0.0,0.182,0.203,0.227,0.233,0.224,0.256,0.128,0.333,0.179,0.167,77.1,64.1,6.57,0.0,0.25,0.974,0.607,0.083,0.125,0.083,0.75
642851,Austin Wynns,TEX,R,338,89,82,12,11,0,0,1,5,0,0.146,0.195,0.183,0.378,0.037,0.193,0.202,0.24,0.283,0.3,0.27,0.056,0.405,0.231,0.267,83.0,68.4,7.27,0.033,0.333,0.868,0.603,0.117,0.25,0.25,0.4
672016,Denzel Clarke,ATH,R,337,82,71,10,9,1,0,0,8,0,0.141,0.228,0.155,0.383,0.014,0.233,0.197,0.208,0.269,0.253,0.341,0.098,0.235,0.312,0.362,83.1,73.6,7.31,0.021,0.128,0.833,0.357,0.0,0.043,0.106,0.766
600869,Jeimer Candelario,LAA,S,83,20,18,2,0,2,0,0,1,1,0.111,0.2,0.222,0.422,0.111,0.2,0.195,0.218,0.3,0.292,0.4,0.05,0.351,0.478,0.4,91.8,68.8,8.04,0.0,0.3,0.545,0.462,0.2,0.4,0.2,0.4
680716,Jonathan Ornelas,MIL,R,89,22,21,4,4,0,0,0,1,0,0.19,0.227,0.19,0.418,0.0,0.4,0.195,0.178,0.326,0.321,0.5,0.045,0.455,0.327,0.5,87.7,71.0,6.96,0.0,0.3,0.781,0.5,0.2,0.2,0.2,0.5
700246,Carson Williams,TB,R,142,40,37,4,2,1,0,1,2,0,0.108,0.154,0.216,0.37,0.108,0.13,0.188,0.217,0.257,0.295,0.325,0.05,0.384,0.325,0.24,82.4,71.7,7.5,0.04,0.24,0.788,0.464,0.12,0.32,0.12,0.32
596117,Garrett Stubbs,PHI,L,228,63,58,9,9,0,0,0,2,2,0.155,0.206,0.155,0.362,0.0,0.205,0.187,0.205,0.238,0.223,0.222,0.032,0.385,0.193,0.244,83.1,64.5,6.91,0.0,0.2,0.917,0.638,0.133,0.267,0.133,0.511
672613,Eliezer Alfonzo,LAD,S,94,28,28,5,3,2,0,0,0,0,0.179,0.179,0.25,0.429,0.071,0.2,0.186,0.215,0.236,0.241,0.107,0.0,0.34,0.118,0.32,89.3,66.9,7.0,0.0,0.4,0.943,0.75,0.08,0.28,0.24,0.44
664059,Sam Haggerty,TEX,S,167,47,44,7,6,1,0,0,2,1,0.159,0.213,0.182,0.395,0.023,0.25,0.186,0.182,0.244,0.23,0.34,0.043,0.325,0.291,0.071,79.6,68.0,6.89,0.0,0.286,0.833,0.423,0.071,0.214,0.107,0.536
666464,Jerar Encarnacion,SF,R,159,35,34,6,5,1,0,0,1,0,0.176,0.2,0.206,0.406,0.029,0.231,0.184,0.21,0.248,0.256,0.229,0.029,0.434,0.181,0.346,87.5,73.2,7.41,0.077,0.385,0.957,0.639,0.115,0.231,0.231,0.5
694025,Felix Reyes,PHI,R,118,39,39,6,4,1,0,1,0,0,0.154,0.154,0.256,0.41,0.103,0.172,0.18,0.233,0.3,0.305,0.231,0.0,0.529,0.261,0.276,89.2,73.6,7.37,0.069,0.379,0.969,0.541,0.069,0.172,0.345,0.448
690022,Ryan Ritter,COL,R,76,21,19,3,3,0,0,0,1,0,0.158,0.2,0.158,0.358,0.0,0.273,0.18,0.21,0.318,0.318,0.381,0.048,0.27,0.325,0.333,85.4,68.4,6.49,0.0,0.333,0.767,0.4,0.083,0.167,0.417,0.417
691373,Jhostynxon Garcia,PIT,R,179,51,49,8,7,1,0,0,1,1,0.163,0.196,0.184,0.38,0.02,0.25,0.175,0.24,0.323,0.338,0.333,0.02,0.464,0.339,0.312,83.7,72.7,7.71,0.031,0.406,0.766,0.511,0.062,0.156,0.219,0.531
669087,Sam Huff,BAL,R,124,34,33,4,2,2,0,0,1,0,0.121,0.147,0.182,0.329,0.061,0.286,0.174,0.137,0.234,0.283,0.559,0.029,0.431,0.432,0.571,91.2,71.3,7.76,0.143,0.286,0.694,0.32,0.286,0.286,0.214,0.429
666163,Ben Rortvedt,LAD,L,100,28,27,5,5,0,0,0,0,0,0.185,0.185,0.185,0.37,0.0,0.278,0.174,0.204,0.33,0.306,0.321,0.0,0.362,0.239,0.053,79.8,64.5,6.64,0.0,0.368,0.897,0.529,0.105,0.263,0.368,0.316
669911,Michael Toglia,CIN,S,105,28,26,3,1,2,0,0,2,0,0.115,0.179,0.192,0.371,0.077,0.214,0.171,0.222,0.34,0.345,0.429,0.071,0.24,0.304,0.571,91.6,72.1,7.5,0.0,0.286,0.853,0.25,0.071,0.429,0.286,0.286
680718,Addison Barger,TOR,L,119,28,22,1,0,1,0,0,5,0,0.045,0.214,0.091,0.305,0.045,0.067,0.17,0.255,0.192,0.229,0.25,0.179,0.355,0.192,0.5,89.0,72.9,7.23,0.0,0.25,0.92,0.704,0.188,0.438,0.188,0.375
673490,Ha-Seong Kim,ATL,R,593,137,122,14,13,1,0,0,13,1,0.115,0.206,0.123,0.329,0.008,0.163,0.169,0.209,0.214,0.216,0.263,0.095,0.266,0.179,0.236,84.0,69.6,6.94,0.022,0.225,0.902,0.636,0.124,0.292,0.146,0.416
663967,César Salazar,HOU,L,95,22,18,1,1,0,0,0,3,1,0.056,0.227,0.056,0.283,0.0,0.067,0.168,0.328,0.284,0.293,0.136,0.136,0.278,0.119,0.333,86.2,65.8,6.83,0.0,0.2,0.926,0.8,0.067,0.2,0.267,0.533
694876,Cooper Ingle,CLE,L,105,24,21,2,2,0,0,0,3,0,0.095,0.208,0.095,0.304,0.0,0.222,0.162,0.175,0.248,0.234,0.5,0.125,0.269,0.217,0.444,91.0,65.4,6.86,0.0,0.222,0.875,0.571,0.0,0.111,0.111,0.778
621550,Patrick Wisdom,SEA,R,190,50,48,5,3,1,0,1,2,0,0.104,0.14,0.188,0.328,0.083,0.154,0.158,0.236,0.286,0.391,0.42,0.04,0.404,0.375,0.423,92.7,74.5,8.03,0.192,0.269,0.727,0.447,0.192,0.423,0.154,0.269
644433,Chadwick Tromp,BAL,R,182,50,48,8,7,1,0,0,0,0,0.167,0.163,0.188,0.351,0.021,0.229,0.158,0.17,0.238,0.231,0.26,0.0,0.444,0.24,0.263,84.4,68.6,8.12,0.0,0.263,0.883,0.575,0.053,0.237,0.211,0.474
665561,Rafael Marchán,PHI,S,370,95,91,9,7,0,0,2,2,2,0.099,0.137,0.165,0.302,0.066,0.095,0.157,0.202,0.211,0.215,0.158,0.021,0.322,0.152,0.184,82.3,64.7,7.46,0.026,0.316,0.921,0.69,0.171,0.263,0.197,0.329
467793,Carlos Santana,AZ,S,106,26,24,2,1,1,0,0,2,0,0.083,0.154,0.125,0.279,0.042,0.125,0.137,0.187,0.212,0.217,0.308,0.077,0.357,0.278,0.438,87.8,70.3,7.7,0.0,0.25,0.882,0.45,0.25,0.312,0.188,0.25
628451,Andy Ibáñez,NYM,R,79,26,23,2,2,0,0,0,1,0,0.087,0.115,0.087,0.202,0.0,0.1,0.131,0.164,0.175,0.162,0.115,0.038,0.514,0.173,0.182,86.3,69.0,7.34,0.0,0.227,0.853,0.778,0.227,0.5,0.136,0.364
677060,Chad Stevens,COL,R,151,34,28,1,1,0,0,0,5,0,0.036,0.176,0.036,0.212,0.0,0.067,0.129,0.21,0.218,0.227,0.382,0.147,0.367,0.26,0.25,81.4,70.7,6.94,0.062,0.438,0.85,0.606,0.062,0.375,0.25,0.375
805249,Otto Kemp,PHI,R,120,27,25,2,2,0,0,0,1,1,0.08,0.148,0.08,0.228,0.0,0.133,0.119,0.205,0.27,0.274,0.37,0.037,0.338,0.362,0.133,81.5,68.7,7.36,0.0,0.333,0.857,0.304,0.067,0.333,0.267,0.267
642020,Chuckie Robinson,LAD,R,90,25,23,2,2,0,0,0,0,0,0.087,0.087,0.087,0.174,0.0,0.111,0.096,0.149,0.204,0.191,0.2,0.0,0.273,0.294,0.143,76.2,65.2,6.63,0.0,0.19,0.667,0.889,0.0,0.143,0.095,0.524
675659,Greg Jones,MIL,S,81,24,23,2,2,0,0,0,0,0,0.087,0.087,0.087,0.174,0.0,0.154,0.087,0.164,0.307,0.289,0.417,0.0,0.389,0.349,0.286,77.3,64.8,6.23,0.0,0.286,0.759,0.429,0.0,0.143,0.214,0.571
686823,Will Brennan,SF,L,78,22,22,2,2,0,0,0,0,0,0.091,0.091,0.091,0.182,0.0,0.105,0.082,0.178,0.202,0.206,0.136,0.0,0.538,0.061,0.25,82.9,67.1,6.47,0.0,0.2,0.964,0.905,0.05,0.2,0.15,0.4
506702,Sandy León,ATL,S,179,44,44,4,4,0,0,0,0,0,0.091,0.091,0.091,0.182,0.0,0.154,0.082,0.132,0.228,0.224,0.409,0.0,0.388,0.263,0.192,81.8,64.7,6.92,0.0,0.231,0.824,0.548,0.077,0.154,0.192,0.462
693409,César Prieto,STL,L,102,34,33,2,2,0,0,0,1,0,0.061,0.088,0.061,0.149,0.0,0.069,0.074,0.263,0.268,0.284,0.118,0.029,0.339,0.176,0.3,86.4,68.8,6.85,0.033,0.233,0.969,0.579,0.033,0.167,0.167,0.633
