batter,batter_name,current_team,release_bucket,tendency_pitches_seen,pct_of_pitches_seen,swing_rate,performance_pa,hits,home_runs,batting_avg,on_base_pct,slugging_pct,ops,woba,xwoba,k_rate,whiff_rate,hard_hit_rate,avg_exit_velo
805999,A. J. Ewing,NYM,10 to 15,50,0.027,0.42,12.0,4.0,0.0,0.333,0.333,0.417,0.75,0.329,0.252,0.333,0.333,0.5,89.4
805999,A. J. Ewing,NYM,15 to 20,80,0.043,0.525,26.0,4.0,1.0,0.182,0.28,0.364,0.644,0.294,0.302,0.115,0.214,0.4,84.4
805999,A. J. Ewing,NYM,20 to 25,115,0.062,0.426,32.0,8.0,0.0,0.32,0.419,0.32,0.739,0.352,0.348,0.281,0.204,0.5,86.6
805999,A. J. Ewing,NYM,25 to 30,218,0.117,0.468,52.0,19.0,1.0,0.404,0.462,0.553,1.015,0.479,0.335,0.269,0.284,0.515,92.4
805999,A. J. Ewing,NYM,30 to 35,251,0.135,0.47,61.0,8.0,1.0,0.145,0.213,0.236,0.449,0.205,0.254,0.262,0.237,0.45,88.7
805999,A. J. Ewing,NYM,35 to 40,279,0.15,0.423,69.0,17.0,1.0,0.283,0.377,0.4,0.777,0.362,0.39,0.246,0.178,0.442,88.1
805999,A. J. Ewing,NYM,40 to 45,331,0.178,0.462,83.0,15.0,4.0,0.192,0.232,0.372,0.604,0.286,0.301,0.301,0.275,0.37,87.1
805999,A. J. Ewing,NYM,45 to 50,223,0.12,0.475,62.0,20.0,2.0,0.351,0.403,0.544,0.947,0.41,0.392,0.194,0.151,0.457,91.2
805999,A. J. Ewing,NYM,5 to 10,18,0.01,0.556,,,,,,,,,,,,,
805999,A. J. Ewing,NYM,50 to 55,116,0.062,0.534,27.0,5.0,0.0,0.192,0.222,0.192,0.415,0.193,0.224,0.296,0.242,0.278,89.4
805999,A. J. Ewing,NYM,55 to 60,48,0.026,0.542,14.0,2.0,0.0,0.167,0.286,0.167,0.452,0.229,0.289,0.143,0.077,0.3,86.9
805999,A. J. Ewing,NYM,60 to 65,24,0.013,0.208,,,,,,,,,,,,,
805999,A. J. Ewing,NYM,65 to 70,24,0.013,0.375,,,,,,,,,,,,,
805999,A. J. Ewing,NYM,70 to 75,20,0.011,0.55,,,,,,,,,,,,,
592450,Aaron Judge,NYY,10 to 15,65,0.016,0.477,,,,,,,,,,,,,
592450,Aaron Judge,NYY,15 to 20,128,0.032,0.336,,,,,,,,,,,,,
592450,Aaron Judge,NYY,20 to 25,224,0.056,0.424,10.0,1.0,0.0,0.143,0.4,0.143,0.543,0.3,0.361,0.2,0.3,0.4,92.2
592450,Aaron Judge,NYY,25 to 30,392,0.098,0.411,22.0,3.0,2.0,0.2,0.455,0.667,1.121,0.461,0.41,0.273,0.276,0.444,92.2
592450,Aaron Judge,NYY,30 to 35,530,0.133,0.415,34.0,6.0,1.0,0.214,0.353,0.321,0.674,0.315,0.331,0.382,0.294,0.467,90.8
592450,Aaron Judge,NYY,35 to 40,719,0.18,0.451,45.0,12.0,3.0,0.286,0.333,0.571,0.905,0.399,0.387,0.333,0.336,0.577,95.5
592450,Aaron Judge,NYY,40 to 45,608,0.152,0.47,53.0,10.0,5.0,0.217,0.321,0.565,0.886,0.403,0.45,0.302,0.419,0.621,94.2
592450,Aaron Judge,NYY,45 to 50,442,0.111,0.4,38.0,6.0,1.0,0.194,0.342,0.323,0.665,0.333,0.388,0.316,0.27,0.632,95.7
592450,Aaron Judge,NYY,5 to 10,20,0.005,0.4,,,,,,,,,,,,,
592450,Aaron Judge,NYY,50 to 55,372,0.093,0.484,36.0,10.0,2.0,0.333,0.417,0.667,1.083,0.447,0.466,0.167,0.25,0.76,97.9
592450,Aaron Judge,NYY,55 to 60,199,0.05,0.412,10.0,2.0,1.0,0.222,0.3,0.556,0.856,0.36,0.533,0.4,0.35,0.6,97.4
592450,Aaron Judge,NYY,60 to 65,69,0.017,0.478,,,,,,,,,,,,,
592450,Aaron Judge,NYY,65 to 70,32,0.008,0.562,,,,,,,,,,,,,
694673,Abimelec Ortiz,WSH,15 to 20,26,0.046,0.385,,,,,,,,,,,,,
694673,Abimelec Ortiz,WSH,20 to 25,50,0.088,0.46,13.0,3.0,2.0,0.25,0.308,0.75,1.058,0.431,0.419,0.154,0.174,0.3,88.6
694673,Abimelec Ortiz,WSH,25 to 30,55,0.097,0.436,12.0,3.0,0.0,0.3,0.417,0.6,1.017,0.429,0.347,0.167,0.208,0.75,98.7
694673,Abimelec Ortiz,WSH,30 to 35,83,0.147,0.494,20.0,8.0,1.0,0.4,0.4,0.55,0.95,0.415,0.386,0.3,0.293,0.5,94.5
694673,Abimelec Ortiz,WSH,35 to 40,116,0.205,0.526,23.0,6.0,1.0,0.273,0.304,0.5,0.804,0.343,0.317,0.261,0.23,0.375,90.8
694673,Abimelec Ortiz,WSH,40 to 45,95,0.168,0.558,22.0,1.0,0.0,0.048,0.091,0.048,0.139,0.073,0.14,0.364,0.132,0.308,85.3
694673,Abimelec Ortiz,WSH,45 to 50,58,0.103,0.569,17.0,2.0,1.0,0.118,0.118,0.294,0.412,0.171,0.229,0.353,0.303,0.364,89.2
694673,Abimelec Ortiz,WSH,50 to 55,33,0.058,0.515,,,,,,,,,,,,,
694673,Abimelec Ortiz,WSH,55 to 60,22,0.039,0.545,,,,,,,,,,,,,
691182,Adael Amador,COL,15 to 20,26,0.034,0.615,,,,,,,,,,,,,
691182,Adael Amador,COL,20 to 25,45,0.059,0.422,,,,,,,,,,,,,
691182,Adael Amador,COL,25 to 30,83,0.108,0.518,,,,,,,,,,,,,
691182,Adael Amador,COL,30 to 35,103,0.135,0.544,,,,,,,,,,,,,
691182,Adael Amador,COL,35 to 40,122,0.159,0.344,10.0,3.0,1.0,0.333,0.4,0.778,1.178,0.485,0.379,0.0,0.0,0.333,88.3
691182,Adael Amador,COL,40 to 45,134,0.175,0.448,15.0,3.0,1.0,0.273,0.467,0.545,1.012,0.44,0.344,0.2,0.161,0.25,82.0
691182,Adael Amador,COL,45 to 50,100,0.131,0.49,13.0,3.0,0.0,0.273,0.385,0.364,0.748,0.342,0.212,0.077,0.095,0.0,77.8
691182,Adael Amador,COL,50 to 55,71,0.093,0.549,,,,,,,,,,,,,
691182,Adael Amador,COL,55 to 60,30,0.039,0.567,,,,,,,,,,,,,
624428,Adam Frazier,LAA,0 to 5,22,0.009,0.5,,,,,,,,,,,,,
624428,Adam Frazier,LAA,10 to 15,30,0.012,0.367,,,,,,,,,,,,,
624428,Adam Frazier,LAA,15 to 20,65,0.027,0.385,,,,,,,,,,,,,
624428,Adam Frazier,LAA,20 to 25,151,0.063,0.51,18.0,2.0,0.0,0.133,0.235,0.2,0.435,0.221,0.312,0.167,0.12,0.231,84.2
624428,Adam Frazier,LAA,25 to 30,292,0.121,0.521,12.0,3.0,0.0,0.25,0.25,0.417,0.667,0.283,0.154,0.417,0.324,0.143,81.7
624428,Adam Frazier,LAA,30 to 35,342,0.142,0.526,25.0,10.0,0.0,0.417,0.44,0.542,0.982,0.43,0.324,0.2,0.143,0.263,86.1
624428,Adam Frazier,LAA,35 to 40,393,0.163,0.527,26.0,6.0,1.0,0.273,0.304,0.455,0.759,0.354,0.243,0.269,0.267,0.056,70.0
624428,Adam Frazier,LAA,40 to 45,411,0.17,0.516,18.0,2.0,0.0,0.118,0.167,0.118,0.284,0.139,0.157,0.5,0.396,0.375,87.2
624428,Adam Frazier,LAA,45 to 50,317,0.131,0.498,16.0,4.0,0.0,0.286,0.375,0.429,0.804,0.412,0.286,0.312,0.27,0.333,89.8
624428,Adam Frazier,LAA,5 to 10,16,0.007,0.562,,,,,,,,,,,,,
624428,Adam Frazier,LAA,50 to 55,192,0.08,0.495,10.0,0.0,0.0,0.0,0.3,0.0,0.3,0.3,0.289,0.2,0.263,0.0,88.9
624428,Adam Frazier,LAA,55 to 60,75,0.031,0.6,,,,,,,,,,,,,
624428,Adam Frazier,LAA,60 to 65,38,0.016,0.658,,,,,,,,,,,,,
680718,Addison Barger,TOR,10 to 15,48,0.023,0.396,,,,,,,,,,,,,
680718,Addison Barger,TOR,15 to 20,60,0.029,0.517,,,,,,,,,,,,,
680718,Addison Barger,TOR,20 to 25,122,0.058,0.459,,,,,,,,,,,,,
680718,Addison Barger,TOR,25 to 30,222,0.106,0.432,,,,,,,,,,,,,
680718,Addison Barger,TOR,30 to 35,234,0.112,0.551,,,,,,,,,,,,,
680718,Addison Barger,TOR,35 to 40,366,0.175,0.503,12.0,0.0,0.0,0.0,0.25,0.0,0.25,0.175,0.219,0.25,0.143,0.5,86.5
680718,Addison Barger,TOR,40 to 45,396,0.19,0.475,,,,,,,,,,,,,
680718,Addison Barger,TOR,45 to 50,267,0.128,0.483,,,,,,,,,,,,,
680718,Addison Barger,TOR,5 to 10,16,0.008,0.625,,,,,,,,,,,,,
680718,Addison Barger,TOR,50 to 55,184,0.088,0.473,,,,,,,,,,,,,
680718,Addison Barger,TOR,55 to 60,100,0.048,0.53,,,,,,,,,,,,,
680718,Addison Barger,TOR,60 to 65,32,0.015,0.562,,,,,,,,,,,,,
668939,Adley Rutschman,BOS,10 to 15,61,0.019,0.426,,,,,,,,,,,,,
668939,Adley Rutschman,BOS,15 to 20,124,0.039,0.427,17.0,5.0,1.0,0.312,0.353,0.5,0.853,0.371,0.31,0.118,0.167,0.5,91.6
668939,Adley Rutschman,BOS,20 to 25,209,0.066,0.407,28.0,8.0,1.0,0.32,0.393,0.56,0.953,0.409,0.365,0.321,0.238,0.375,89.7
668939,Adley Rutschman,BOS,25 to 30,358,0.114,0.402,40.0,12.0,1.0,0.308,0.325,0.487,0.812,0.35,0.263,0.125,0.095,0.324,87.0
668939,Adley Rutschman,BOS,30 to 35,505,0.16,0.384,65.0,13.0,1.0,0.217,0.277,0.317,0.594,0.281,0.336,0.169,0.124,0.449,87.9
668939,Adley Rutschman,BOS,35 to 40,639,0.203,0.418,84.0,17.0,2.0,0.243,0.321,0.443,0.764,0.325,0.33,0.25,0.193,0.481,91.1
668939,Adley Rutschman,BOS,40 to 45,473,0.15,0.406,62.0,11.0,3.0,0.208,0.323,0.472,0.794,0.343,0.353,0.129,0.158,0.289,87.6
668939,Adley Rutschman,BOS,45 to 50,291,0.092,0.419,33.0,7.0,1.0,0.25,0.333,0.393,0.726,0.347,0.332,0.03,0.18,0.321,87.5
668939,Adley Rutschman,BOS,50 to 55,239,0.076,0.372,21.0,4.0,1.0,0.222,0.333,0.5,0.833,0.4,0.333,0.143,0.095,0.467,93.2
668939,Adley Rutschman,BOS,55 to 60,102,0.032,0.441,15.0,1.0,0.0,0.067,0.067,0.133,0.2,0.083,0.208,0.133,0.05,0.308,87.1
668939,Adley Rutschman,BOS,60 to 65,50,0.016,0.36,,,,,,,,,,,,,
668939,Adley Rutschman,BOS,65 to 70,32,0.01,0.312,,,,,,,,,,,,,
666969,Adolis García,PHI,10 to 15,72,0.022,0.444,,,,,,,,,,,,,
666969,Adolis García,PHI,15 to 20,117,0.036,0.427,,,,,,,,,,,,,
666969,Adolis García,PHI,20 to 25,223,0.069,0.466,17.0,3.0,0.0,0.25,0.471,0.417,0.887,0.406,0.401,0.235,0.208,0.625,92.4
666969,Adolis García,PHI,25 to 30,303,0.094,0.528,18.0,4.0,1.0,0.25,0.333,0.438,0.771,0.339,0.336,0.389,0.343,0.444,91.8
666969,Adolis García,PHI,30 to 35,456,0.141,0.476,35.0,6.0,0.0,0.182,0.229,0.242,0.471,0.214,0.22,0.343,0.404,0.45,93.6
666969,Adolis García,PHI,35 to 40,525,0.162,0.528,39.0,6.0,2.0,0.182,0.282,0.364,0.646,0.285,0.328,0.179,0.289,0.444,92.4
666969,Adolis García,PHI,40 to 45,543,0.168,0.488,55.0,11.0,1.0,0.224,0.309,0.347,0.656,0.295,0.378,0.255,0.25,0.486,91.4
666969,Adolis García,PHI,45 to 50,450,0.139,0.527,47.0,4.0,1.0,0.089,0.106,0.222,0.329,0.156,0.229,0.426,0.34,0.423,91.0
666969,Adolis García,PHI,5 to 10,29,0.009,0.414,,,,,,,,,,,,,
666969,Adolis García,PHI,50 to 55,262,0.081,0.485,19.0,4.0,0.0,0.222,0.263,0.222,0.485,0.226,0.144,0.474,0.425,0.444,95.0
666969,Adolis García,PHI,55 to 60,141,0.044,0.525,,,,,,,,,,,,,
666969,Adolis García,PHI,60 to 65,43,0.013,0.628,,,,,,,,,,,,,
680728,Adrian Del Castillo,AZ,10 to 15,16,0.012,0.562,,,,,,,,,,,,,
680728,Adrian Del Castillo,AZ,15 to 20,46,0.035,0.435,,,,,,,,,,,,,
680728,Adrian Del Castillo,AZ,20 to 25,92,0.07,0.424,12.0,3.0,0.0,0.273,0.333,0.273,0.606,0.283,0.285,0.167,0.211,0.222,85.7
680728,Adrian Del Castillo,AZ,25 to 30,117,0.089,0.462,15.0,2.0,0.0,0.133,0.133,0.133,0.267,0.12,0.171,0.2,0.139,0.167,84.8
680728,Adrian Del Castillo,AZ,30 to 35,201,0.153,0.507,42.0,7.0,1.0,0.179,0.238,0.308,0.546,0.264,0.266,0.333,0.29,0.583,94.8
680728,Adrian Del Castillo,AZ,35 to 40,239,0.182,0.469,30.0,5.0,2.0,0.185,0.267,0.481,0.748,0.317,0.269,0.367,0.3,0.375,87.5
680728,Adrian Del Castillo,AZ,40 to 45,236,0.179,0.508,33.0,6.0,1.0,0.2,0.25,0.3,0.55,0.253,0.27,0.273,0.302,0.304,81.1
680728,Adrian Del Castillo,AZ,45 to 50,143,0.109,0.462,16.0,5.0,0.0,0.333,0.312,0.333,0.646,0.281,0.26,0.25,0.206,0.167,87.3
680728,Adrian Del Castillo,AZ,50 to 55,103,0.078,0.417,18.0,6.0,1.0,0.353,0.389,0.647,1.036,0.439,0.389,0.167,0.172,0.5,84.7
680728,Adrian Del Castillo,AZ,55 to 60,52,0.04,0.519,,,,,,,,,,,,,
680728,Adrian Del Castillo,AZ,60 to 65,17,0.013,0.529,,,,,,,,,,,,,
682663,Agustín Ramírez,MIA,10 to 15,67,0.022,0.463,,,,,,,,,,,,,
682663,Agustín Ramírez,MIA,15 to 20,139,0.045,0.532,,,,,,,,,,,,,
682663,Agustín Ramírez,MIA,20 to 25,199,0.064,0.462,24.0,5.0,1.0,0.217,0.25,0.478,0.728,0.381,0.261,0.333,0.233,0.467,92.4
682663,Agustín Ramírez,MIA,25 to 30,281,0.091,0.512,21.0,3.0,1.0,0.15,0.19,0.4,0.59,0.248,0.257,0.333,0.261,0.462,94.0
682663,Agustín Ramírez,MIA,30 to 35,430,0.139,0.477,29.0,7.0,0.0,0.269,0.345,0.385,0.729,0.357,0.314,0.172,0.245,0.476,87.1
682663,Agustín Ramírez,MIA,35 to 40,497,0.161,0.453,44.0,9.0,0.0,0.25,0.364,0.278,0.641,0.303,0.278,0.136,0.195,0.355,87.2
682663,Agustín Ramírez,MIA,40 to 45,550,0.178,0.535,47.0,11.0,0.0,0.256,0.319,0.302,0.621,0.285,0.252,0.319,0.364,0.321,87.9
682663,Agustín Ramírez,MIA,45 to 50,365,0.118,0.529,30.0,8.0,1.0,0.333,0.467,0.458,0.925,0.417,0.336,0.233,0.327,0.471,90.6
682663,Agustín Ramírez,MIA,5 to 10,28,0.009,0.571,,,,,,,,,,,,,
682663,Agustín Ramírez,MIA,50 to 55,226,0.073,0.504,10.0,1.0,0.0,0.111,0.2,0.111,0.311,0.16,0.189,0.2,0.269,0.0,83.6
682663,Agustín Ramírez,MIA,55 to 60,131,0.042,0.458,10.0,3.0,1.0,0.3,0.3,0.7,1.0,0.415,0.398,0.3,0.182,0.857,103.5
682663,Agustín Ramírez,MIA,60 to 65,63,0.02,0.508,,,,,,,,,,,,,
682663,Agustín Ramírez,MIA,65 to 70,27,0.009,0.37,,,,,,,,,,,,,
702176,Alan Roden,MIN,10 to 15,23,0.026,0.435,,,,,,,,,,,,,
702176,Alan Roden,MIN,15 to 20,36,0.041,0.639,,,,,,,,,,,,,
702176,Alan Roden,MIN,20 to 25,59,0.067,0.475,,,,,,,,,,,,,
702176,Alan Roden,MIN,25 to 30,82,0.093,0.305,,,,,,,,,,,,,
702176,Alan Roden,MIN,30 to 35,115,0.131,0.478,17.0,6.0,0.0,0.375,0.412,0.438,0.849,0.485,0.398,0.118,0.179,0.429,86.0
702176,Alan Roden,MIN,35 to 40,153,0.174,0.523,19.0,5.0,0.0,0.312,0.421,0.438,0.859,0.384,0.457,0.053,0.156,0.667,92.5
702176,Alan Roden,MIN,40 to 45,149,0.17,0.443,10.0,0.0,0.0,0.0,0.2,0.0,0.2,0.23,0.165,0.3,0.188,0.0,82.3
702176,Alan Roden,MIN,45 to 50,115,0.131,0.487,10.0,3.0,0.0,0.333,0.3,0.333,0.633,0.27,0.223,0.2,0.231,0.125,79.5
702176,Alan Roden,MIN,50 to 55,60,0.068,0.383,,,,,,,,,,,,,
702176,Alan Roden,MIN,55 to 60,25,0.028,0.32,,,,,,,,,,,,,
664761,Alec Bohm,PHI,10 to 15,101,0.025,0.416,18.0,7.0,2.0,0.438,0.5,0.938,1.438,0.589,0.451,0.111,0.083,0.5,89.7
664761,Alec Bohm,PHI,15 to 20,113,0.028,0.425,15.0,2.0,0.0,0.154,0.267,0.154,0.421,0.213,0.282,0.2,0.182,0.4,92.4
664761,Alec Bohm,PHI,20 to 25,232,0.057,0.47,32.0,6.0,0.0,0.222,0.312,0.296,0.609,0.306,0.327,0.219,0.218,0.619,94.1
664761,Alec Bohm,PHI,25 to 30,385,0.095,0.47,63.0,17.0,2.0,0.293,0.349,0.517,0.866,0.393,0.35,0.175,0.139,0.413,88.2
664761,Alec Bohm,PHI,30 to 35,560,0.138,0.466,91.0,21.0,4.0,0.253,0.308,0.446,0.753,0.325,0.325,0.099,0.11,0.453,91.3
664761,Alec Bohm,PHI,35 to 40,648,0.16,0.466,97.0,20.0,2.0,0.225,0.278,0.315,0.593,0.294,0.29,0.113,0.129,0.443,90.7
664761,Alec Bohm,PHI,40 to 45,730,0.18,0.459,105.0,25.0,1.0,0.275,0.362,0.352,0.714,0.328,0.347,0.095,0.165,0.317,90.2
664761,Alec Bohm,PHI,45 to 50,572,0.141,0.488,81.0,19.0,1.0,0.244,0.272,0.359,0.631,0.288,0.287,0.148,0.135,0.439,88.1
664761,Alec Bohm,PHI,5 to 10,34,0.008,0.5,,,,,,,,,,,,,
664761,Alec Bohm,PHI,50 to 55,301,0.074,0.502,50.0,8.0,2.0,0.178,0.24,0.333,0.573,0.269,0.345,0.18,0.179,0.514,93.2
664761,Alec Bohm,PHI,55 to 60,159,0.039,0.453,16.0,4.0,1.0,0.286,0.375,0.5,0.875,0.407,0.5,0.125,0.216,0.818,97.7
664761,Alec Bohm,PHI,60 to 65,68,0.017,0.574,10.0,5.0,0.0,0.556,0.6,0.667,1.267,0.555,0.404,0.1,0.118,0.375,89.5
664761,Alec Bohm,PHI,65 to 70,22,0.005,0.636,,,,,,,,,,,,,
676475,Alec Burleson,STL,0 to 5,17,0.004,0.588,,,,,,,,,,,,,
676475,Alec Burleson,STL,10 to 15,70,0.016,0.5,12.0,1.0,0.0,0.1,0.25,0.2,0.45,0.221,0.32,0.083,0.077,0.444,87.9
676475,Alec Burleson,STL,15 to 20,152,0.035,0.474,22.0,8.0,1.0,0.444,0.545,0.722,1.268,0.536,0.511,0.136,0.229,0.6,94.2
676475,Alec Burleson,STL,20 to 25,403,0.092,0.481,55.0,19.0,4.0,0.413,0.509,0.761,1.27,0.531,0.506,0.182,0.207,0.556,93.8
676475,Alec Burleson,STL,25 to 30,507,0.116,0.536,78.0,11.0,1.0,0.151,0.205,0.219,0.424,0.204,0.249,0.244,0.207,0.37,89.2
676475,Alec Burleson,STL,30 to 35,694,0.158,0.535,115.0,34.0,8.0,0.321,0.374,0.632,1.006,0.425,0.447,0.148,0.187,0.511,94.2
676475,Alec Burleson,STL,35 to 40,656,0.15,0.524,94.0,20.0,2.0,0.225,0.255,0.337,0.592,0.269,0.319,0.181,0.2,0.493,92.3
676475,Alec Burleson,STL,40 to 45,704,0.16,0.507,97.0,32.0,2.0,0.352,0.381,0.516,0.898,0.388,0.354,0.113,0.131,0.506,91.1
676475,Alec Burleson,STL,45 to 50,444,0.101,0.502,66.0,13.0,0.0,0.228,0.333,0.246,0.579,0.278,0.353,0.197,0.289,0.5,90.7
676475,Alec Burleson,STL,5 to 10,42,0.01,0.429,,,,,,,,,,,,,
676475,Alec Burleson,STL,50 to 55,340,0.078,0.512,49.0,11.0,0.0,0.244,0.306,0.289,0.595,0.273,0.297,0.224,0.267,0.5,88.5
676475,Alec Burleson,STL,55 to 60,168,0.038,0.512,25.0,9.0,3.0,0.429,0.44,0.952,1.392,0.54,0.481,0.2,0.222,0.722,96.9
676475,Alec Burleson,STL,60 to 65,51,0.012,0.431,,,,,,,,,,,,,
676475,Alec Burleson,STL,65 to 70,28,0.006,0.571,,,,,,,,,,,,,
672386,Alejandro Kirk,TOR,-5 to 0,15,0.005,0.2,,,,,,,,,,,,,
672386,Alejandro Kirk,TOR,0 to 5,19,0.006,0.474,,,,,,,,,,,,,
672386,Alejandro Kirk,TOR,10 to 15,62,0.02,0.5,,,,,,,,,,,,,
672386,Alejandro Kirk,TOR,15 to 20,135,0.042,0.526,14.0,7.0,0.0,0.538,0.571,0.615,1.187,0.525,0.411,0.071,0.067,0.583,84.4
672386,Alejandro Kirk,TOR,20 to 25,211,0.066,0.45,26.0,5.0,2.0,0.217,0.269,0.478,0.747,0.346,0.257,0.077,0.125,0.318,88.9
672386,Alejandro Kirk,TOR,25 to 30,338,0.106,0.45,28.0,5.0,2.0,0.208,0.321,0.458,0.78,0.371,0.339,0.214,0.16,0.444,88.9
672386,Alejandro Kirk,TOR,30 to 35,389,0.122,0.45,39.0,10.0,2.0,0.278,0.333,0.472,0.806,0.35,0.31,0.103,0.167,0.438,93.6
672386,Alejandro Kirk,TOR,35 to 40,485,0.153,0.435,46.0,11.0,0.0,0.297,0.435,0.324,0.759,0.36,0.29,0.109,0.171,0.281,88.8
672386,Alejandro Kirk,TOR,40 to 45,560,0.176,0.48,53.0,11.0,1.0,0.224,0.264,0.306,0.57,0.254,0.275,0.113,0.103,0.267,86.3
672386,Alejandro Kirk,TOR,45 to 50,371,0.117,0.488,29.0,8.0,0.0,0.276,0.276,0.345,0.621,0.272,0.259,0.172,0.094,0.417,84.3
672386,Alejandro Kirk,TOR,5 to 10,22,0.007,0.5,,,,,,,,,,,,,
672386,Alejandro Kirk,TOR,50 to 55,291,0.092,0.454,28.0,13.0,2.0,0.5,0.536,0.769,1.305,0.559,0.444,0.107,0.211,0.522,89.1
672386,Alejandro Kirk,TOR,55 to 60,140,0.044,0.386,,,,,,,,,,,,,
672386,Alejandro Kirk,TOR,60 to 65,41,0.013,0.439,,,,,,,,,,,,,
696030,Alejandro Osuna,TEX,10 to 15,34,0.022,0.324,,,,,,,,,,,,,
696030,Alejandro Osuna,TEX,15 to 20,65,0.042,0.415,11.0,3.0,0.0,0.333,0.455,0.333,0.788,0.373,0.3,0.0,0.083,0.333,81.3
696030,Alejandro Osuna,TEX,20 to 25,113,0.073,0.442,15.0,2.0,0.0,0.182,0.4,0.182,0.582,0.307,0.36,0.2,0.16,0.375,88.3
696030,Alejandro Osuna,TEX,25 to 30,189,0.121,0.46,29.0,2.0,1.0,0.08,0.179,0.24,0.419,0.198,0.285,0.172,0.123,0.273,83.5
696030,Alejandro Osuna,TEX,30 to 35,261,0.168,0.46,35.0,11.0,0.0,0.333,0.371,0.394,0.765,0.364,0.314,0.171,0.177,0.44,86.0
696030,Alejandro Osuna,TEX,35 to 40,259,0.166,0.498,43.0,9.0,0.0,0.231,0.302,0.231,0.533,0.274,0.322,0.116,0.147,0.343,89.8
696030,Alejandro Osuna,TEX,40 to 45,242,0.155,0.43,35.0,10.0,0.0,0.303,0.343,0.364,0.706,0.317,0.315,0.143,0.108,0.25,87.8
696030,Alejandro Osuna,TEX,45 to 50,147,0.094,0.456,23.0,6.0,0.0,0.3,0.391,0.3,0.691,0.365,0.265,0.174,0.179,0.125,83.1
696030,Alejandro Osuna,TEX,50 to 55,117,0.075,0.436,15.0,3.0,0.0,0.333,0.6,0.333,0.933,0.46,0.4,0.133,0.077,0.286,90.1
696030,Alejandro Osuna,TEX,55 to 60,58,0.037,0.534,,,,,,,,,,,,,
696030,Alejandro Osuna,TEX,60 to 65,22,0.014,0.455,,,,,,,,,,,,,
677950,Alek Thomas,LAD,10 to 15,52,0.025,0.615,,,,,,,,,,,,,
677950,Alek Thomas,LAD,15 to 20,85,0.041,0.435,,,,,,,,,,,,,
677950,Alek Thomas,LAD,20 to 25,141,0.067,0.475,,,,,,,,,,,,,
677950,Alek Thomas,LAD,25 to 30,203,0.097,0.591,10.0,3.0,0.0,0.3,0.3,0.4,0.7,0.305,0.331,0.4,0.316,0.5,94.3
677950,Alek Thomas,LAD,30 to 35,305,0.146,0.531,21.0,4.0,0.0,0.211,0.286,0.368,0.654,0.288,0.25,0.238,0.22,0.357,86.4
677950,Alek Thomas,LAD,35 to 40,323,0.154,0.474,17.0,2.0,0.0,0.133,0.188,0.2,0.388,0.191,0.418,0.059,0.103,0.4,82.2
677950,Alek Thomas,LAD,40 to 45,324,0.155,0.534,20.0,2.0,1.0,0.1,0.1,0.3,0.4,0.208,0.159,0.3,0.267,0.357,87.9
677950,Alek Thomas,LAD,45 to 50,267,0.128,0.566,15.0,3.0,0.0,0.2,0.2,0.267,0.467,0.263,0.173,0.267,0.25,0.333,90.9
677950,Alek Thomas,LAD,50 to 55,175,0.084,0.549,11.0,3.0,0.0,0.273,0.273,0.455,0.727,0.309,0.256,0.273,0.263,0.25,86.1
677950,Alek Thomas,LAD,55 to 60,96,0.046,0.552,,,,,,,,,,,,,
677950,Alek Thomas,LAD,60 to 65,32,0.015,0.531,,,,,,,,,,,,,
677950,Alek Thomas,LAD,65 to 70,16,0.008,0.625,,,,,,,,,,,,,
608324,Alex Bregman,CHC,10 to 15,72,0.015,0.417,17.0,4.0,0.0,0.286,0.353,0.286,0.639,0.294,0.268,0.059,0.074,0.357,88.0
608324,Alex Bregman,CHC,15 to 20,136,0.029,0.397,23.0,8.0,1.0,0.381,0.435,0.619,1.054,0.452,0.362,0.043,0.105,0.35,86.5
608324,Alex Bregman,CHC,20 to 25,348,0.074,0.463,60.0,15.0,2.0,0.283,0.367,0.509,0.876,0.431,0.309,0.067,0.075,0.354,87.7
608324,Alex Bregman,CHC,25 to 30,529,0.112,0.405,88.0,21.0,3.0,0.276,0.364,0.487,0.85,0.368,0.351,0.159,0.154,0.413,88.1
608324,Alex Bregman,CHC,30 to 35,633,0.134,0.398,85.0,19.0,7.0,0.268,0.388,0.577,0.966,0.432,0.361,0.212,0.179,0.396,89.1
608324,Alex Bregman,CHC,35 to 40,771,0.164,0.422,116.0,26.0,3.0,0.257,0.353,0.426,0.779,0.345,0.351,0.112,0.14,0.398,88.4
608324,Alex Bregman,CHC,40 to 45,792,0.168,0.419,107.0,21.0,4.0,0.244,0.374,0.407,0.781,0.357,0.354,0.103,0.118,0.372,88.5
608324,Alex Bregman,CHC,45 to 50,592,0.126,0.38,78.0,13.0,2.0,0.186,0.269,0.329,0.598,0.279,0.261,0.179,0.142,0.304,86.4
608324,Alex Bregman,CHC,5 to 10,40,0.008,0.475,,,,,,,,,,,,,
608324,Alex Bregman,CHC,50 to 55,400,0.085,0.43,56.0,12.0,1.0,0.226,0.25,0.34,0.59,0.256,0.236,0.161,0.176,0.356,87.3
608324,Alex Bregman,CHC,55 to 60,188,0.04,0.41,25.0,5.0,1.0,0.217,0.28,0.391,0.671,0.33,0.276,0.32,0.19,0.467,90.8
608324,Alex Bregman,CHC,60 to 65,54,0.011,0.315,,,,,,,,,,,,,
608324,Alex Bregman,CHC,65 to 70,37,0.008,0.432,,,,,,,,,,,,,
669743,Alex Call,LAD,10 to 15,58,0.027,0.345,,,,,,,,,,,,,
669743,Alex Call,LAD,15 to 20,104,0.048,0.385,15.0,2.0,0.0,0.167,0.333,0.25,0.583,0.283,0.333,0.2,0.08,0.111,84.9
669743,Alex Call,LAD,20 to 25,163,0.076,0.472,14.0,0.0,0.0,0.0,0.0,0.0,0.0,0.0,0.108,0.071,0.111,0.0,81.2
669743,Alex Call,LAD,25 to 30,200,0.093,0.37,15.0,4.0,1.0,0.333,0.467,0.583,1.05,0.453,0.388,0.133,0.0,0.4,89.4
669743,Alex Call,LAD,30 to 35,235,0.109,0.409,18.0,6.0,0.0,0.4,0.5,0.533,1.033,0.456,0.272,0.167,0.179,0.167,77.6
669743,Alex Call,LAD,35 to 40,351,0.163,0.362,31.0,8.0,0.0,0.333,0.484,0.375,0.859,0.431,0.28,0.129,0.185,0.15,81.4
669743,Alex Call,LAD,40 to 45,382,0.177,0.419,37.0,6.0,0.0,0.207,0.351,0.241,0.593,0.288,0.289,0.216,0.132,0.087,83.6
669743,Alex Call,LAD,45 to 50,309,0.144,0.382,23.0,4.0,0.0,0.2,0.304,0.25,0.554,0.302,0.298,0.174,0.191,0.188,86.0
669743,Alex Call,LAD,5 to 10,23,0.011,0.304,,,,,,,,,,,,,
669743,Alex Call,LAD,50 to 55,179,0.083,0.363,15.0,3.0,0.0,0.214,0.267,0.286,0.552,0.25,0.225,0.267,0.138,0.1,82.0
669743,Alex Call,LAD,55 to 60,89,0.041,0.461,,,,,,,,,,,,,
669743,Alex Call,LAD,60 to 65,24,0.011,0.25,,,,,,,,,,,,,
690976,Alex Freeland,LAD,10 to 15,27,0.018,0.37,,,,,,,,,,,,,
690976,Alex Freeland,LAD,15 to 20,74,0.048,0.419,,,,,,,,,,,,,
690976,Alex Freeland,LAD,20 to 25,116,0.075,0.345,17.0,2.0,0.0,0.133,0.235,0.133,0.369,0.188,0.25,0.412,0.172,0.5,90.9
690976,Alex Freeland,LAD,25 to 30,160,0.104,0.463,34.0,7.0,0.0,0.233,0.324,0.333,0.657,0.299,0.398,0.176,0.235,0.542,93.3
690976,Alex Freeland,LAD,30 to 35,209,0.136,0.407,46.0,10.0,0.0,0.238,0.304,0.286,0.59,0.272,0.226,0.174,0.186,0.206,83.6
690976,Alex Freeland,LAD,35 to 40,227,0.148,0.37,42.0,10.0,1.0,0.263,0.317,0.342,0.659,0.32,0.232,0.286,0.292,0.423,86.0
690976,Alex Freeland,LAD,40 to 45,245,0.159,0.388,39.0,10.0,2.0,0.303,0.351,0.545,0.897,0.389,0.321,0.333,0.333,0.609,91.9
690976,Alex Freeland,LAD,45 to 50,205,0.133,0.424,30.0,5.0,0.0,0.2,0.333,0.24,0.573,0.288,0.265,0.3,0.288,0.267,85.5
690976,Alex Freeland,LAD,50 to 55,122,0.079,0.311,22.0,5.0,0.0,0.312,0.5,0.375,0.875,0.452,0.416,0.273,0.32,0.3,82.5
690976,Alex Freeland,LAD,55 to 60,78,0.051,0.397,15.0,2.0,1.0,0.154,0.2,0.385,0.585,0.24,0.328,0.4,0.2,0.5,87.2
690976,Alex Freeland,LAD,60 to 65,26,0.017,0.538,,,,,,,,,,,,,
656577,Alex Jackson,MIN,15 to 20,20,0.03,0.45,,,,,,,,,,,,,
656577,Alex Jackson,MIN,20 to 25,34,0.051,0.618,,,,,,,,,,,,,
656577,Alex Jackson,MIN,25 to 30,62,0.092,0.516,,,,,,,,,,,,,
656577,Alex Jackson,MIN,30 to 35,93,0.139,0.473,12.0,5.0,0.0,0.556,0.667,0.667,1.333,0.579,0.348,0.167,0.105,0.286,63.5
656577,Alex Jackson,MIN,35 to 40,105,0.156,0.524,,,,,,,,,,,,,
656577,Alex Jackson,MIN,40 to 45,116,0.173,0.534,13.0,2.0,0.0,0.167,0.231,0.167,0.397,0.192,0.215,0.231,0.136,0.333,79.2
656577,Alex Jackson,MIN,45 to 50,90,0.134,0.556,13.0,3.0,0.0,0.231,0.231,0.231,0.462,0.208,0.163,0.385,0.321,0.25,85.1
656577,Alex Jackson,MIN,50 to 55,72,0.107,0.5,,,,,,,,,,,,,
656577,Alex Jackson,MIN,55 to 60,36,0.054,0.528,,,,,,,,,,,,,
656577,Alex Jackson,MIN,60 to 65,17,0.025,0.706,,,,,,,,,,,,,
645305,Ali Sánchez,NYY,20 to 25,26,0.068,0.423,,,,,,,,,,,,,
645305,Ali Sánchez,NYY,25 to 30,37,0.097,0.459,11.0,3.0,0.0,0.333,0.455,0.333,0.788,0.373,0.36,0.182,0.059,0.143,77.0
645305,Ali Sánchez,NYY,30 to 35,36,0.094,0.278,,,,,,,,,,,,,
645305,Ali Sánchez,NYY,35 to 40,56,0.147,0.5,17.0,5.0,0.0,0.294,0.294,0.353,0.647,0.338,0.187,0.294,0.269,0.333,82.6
645305,Ali Sánchez,NYY,40 to 45,80,0.209,0.588,16.0,5.0,0.0,0.333,0.333,0.4,0.733,0.337,0.264,0.25,0.176,0.25,74.8
645305,Ali Sánchez,NYY,45 to 50,48,0.126,0.583,,,,,,,,,,,,,
645305,Ali Sánchez,NYY,50 to 55,25,0.065,0.52,,,,,,,,,,,,,
645305,Ali Sánchez,NYY,55 to 60,25,0.065,0.64,,,,,,,,,,,,,
675961,Alika Williams,ATH,15 to 20,21,0.025,0.571,,,,,,,,,,,,,
675961,Alika Williams,ATH,20 to 25,52,0.062,0.385,12.0,5.0,0.0,0.5,0.583,0.8,1.383,0.579,0.326,0.25,0.2,0.571,92.3
675961,Alika Williams,ATH,25 to 30,89,0.107,0.506,24.0,6.0,1.0,0.25,0.25,0.458,0.708,0.3,0.207,0.333,0.244,0.312,84.6
675961,Alika Williams,ATH,30 to 35,124,0.149,0.508,41.0,8.0,1.0,0.229,0.3,0.429,0.729,0.318,0.213,0.22,0.222,0.25,85.4
675961,Alika Williams,ATH,35 to 40,141,0.169,0.525,35.0,12.0,1.0,0.353,0.371,0.5,0.871,0.38,0.298,0.2,0.203,0.444,87.2
675961,Alika Williams,ATH,40 to 45,147,0.176,0.544,38.0,8.0,0.0,0.222,0.263,0.306,0.569,0.254,0.227,0.211,0.175,0.179,76.8
675961,Alika Williams,ATH,45 to 50,87,0.104,0.552,26.0,7.0,1.0,0.269,0.269,0.462,0.731,0.312,0.233,0.231,0.208,0.3,81.8
675961,Alika Williams,ATH,50 to 55,81,0.097,0.494,22.0,6.0,0.0,0.3,0.364,0.55,0.914,0.389,0.312,0.273,0.3,0.5,86.2
675961,Alika Williams,ATH,55 to 60,27,0.032,0.593,,,,,,,,,,,,,
642708,Amed Rosario,NYY,10 to 15,36,0.024,0.556,,,,,,,,,,,,,
642708,Amed Rosario,NYY,15 to 20,45,0.03,0.6,,,,,,,,,,,,,
642708,Amed Rosario,NYY,20 to 25,55,0.037,0.6,,,,,,,,,,,,,
642708,Amed Rosario,NYY,25 to 30,146,0.097,0.568,23.0,3.0,0.0,0.143,0.217,0.19,0.408,0.272,0.292,0.217,0.205,0.438,95.2
642708,Amed Rosario,NYY,30 to 35,185,0.123,0.519,29.0,7.0,1.0,0.25,0.276,0.464,0.74,0.347,0.333,0.276,0.306,0.4,90.0
642708,Amed Rosario,NYY,35 to 40,263,0.175,0.563,38.0,7.0,3.0,0.194,0.237,0.5,0.737,0.308,0.371,0.263,0.242,0.346,88.9
642708,Amed Rosario,NYY,40 to 45,271,0.18,0.613,55.0,14.0,1.0,0.269,0.273,0.346,0.619,0.268,0.232,0.255,0.297,0.4,89.4
642708,Amed Rosario,NYY,45 to 50,219,0.146,0.548,34.0,5.0,1.0,0.156,0.206,0.25,0.456,0.206,0.304,0.206,0.167,0.36,90.6
642708,Amed Rosario,NYY,5 to 10,21,0.014,0.429,,,,,,,,,,,,,
642708,Amed Rosario,NYY,50 to 55,122,0.081,0.533,19.0,5.0,1.0,0.294,0.368,0.471,0.839,0.368,0.455,0.211,0.194,0.538,93.7
642708,Amed Rosario,NYY,55 to 60,61,0.041,0.541,11.0,3.0,2.0,0.3,0.364,0.9,1.264,0.509,0.383,0.182,0.316,0.5,92.5
642708,Amed Rosario,NYY,60 to 65,31,0.021,0.387,,,,,,,,,,,,,
642708,Amed Rosario,NYY,65 to 70,16,0.011,0.438,,,,,,,,,,,,,
643217,Andrew Benintendi,CWS,0 to 5,17,0.005,0.588,,,,,,,,,,,,,
643217,Andrew Benintendi,CWS,10 to 15,50,0.014,0.56,,,,,,,,,,,,,
643217,Andrew Benintendi,CWS,15 to 20,70,0.02,0.471,,,,,,,,,,,,,
643217,Andrew Benintendi,CWS,20 to 25,197,0.057,0.533,28.0,9.0,2.0,0.333,0.357,0.63,0.987,0.418,0.422,0.25,0.264,0.667,91.9
643217,Andrew Benintendi,CWS,25 to 30,363,0.105,0.471,45.0,12.0,1.0,0.343,0.467,0.486,0.952,0.44,0.35,0.089,0.176,0.406,87.3
643217,Andrew Benintendi,CWS,30 to 35,541,0.157,0.516,70.0,10.0,0.0,0.156,0.229,0.188,0.416,0.199,0.181,0.314,0.302,0.238,87.4
643217,Andrew Benintendi,CWS,35 to 40,631,0.183,0.51,96.0,19.0,2.0,0.213,0.26,0.36,0.62,0.28,0.288,0.229,0.282,0.536,89.7
643217,Andrew Benintendi,CWS,40 to 45,552,0.16,0.505,78.0,11.0,2.0,0.155,0.218,0.282,0.5,0.237,0.334,0.269,0.259,0.412,87.8
643217,Andrew Benintendi,CWS,45 to 50,402,0.117,0.542,50.0,14.0,1.0,0.298,0.306,0.426,0.732,0.319,0.287,0.26,0.275,0.389,86.9
643217,Andrew Benintendi,CWS,5 to 10,20,0.006,0.6,,,,,,,,,,,,,
643217,Andrew Benintendi,CWS,50 to 55,329,0.095,0.532,31.0,7.0,1.0,0.241,0.29,0.448,0.739,0.347,0.354,0.258,0.257,0.65,94.2
643217,Andrew Benintendi,CWS,55 to 60,126,0.037,0.444,16.0,5.0,2.0,0.357,0.438,0.929,1.366,0.55,0.452,0.125,0.16,0.667,97.0
643217,Andrew Benintendi,CWS,60 to 65,47,0.014,0.553,,,,,,,,,,,,,
668800,Andrew Knizner,SF,10 to 15,21,0.035,0.429,,,,,,,,,,,,,
668800,Andrew Knizner,SF,15 to 20,15,0.025,0.4,,,,,,,,,,,,,
668800,Andrew Knizner,SF,20 to 25,50,0.084,0.52,,,,,,,,,,,,,
668800,Andrew Knizner,SF,25 to 30,75,0.126,0.467,,,,,,,,,,,,,
668800,Andrew Knizner,SF,30 to 35,89,0.15,0.461,12.0,2.0,0.0,0.2,0.333,0.2,0.533,0.267,0.25,0.25,0.286,0.286,87.1
668800,Andrew Knizner,SF,35 to 40,63,0.106,0.635,12.0,1.0,0.0,0.091,0.167,0.091,0.258,0.133,0.228,0.083,0.158,0.3,81.8
668800,Andrew Knizner,SF,40 to 45,81,0.136,0.457,,,,,,,,,,,,,
668800,Andrew Knizner,SF,45 to 50,84,0.141,0.417,13.0,6.0,1.0,0.462,0.462,0.923,1.385,0.581,0.414,0.154,0.111,0.545,85.2
668800,Andrew Knizner,SF,50 to 55,56,0.094,0.536,,,,,,,,,,,,,
668800,Andrew Knizner,SF,55 to 60,30,0.05,0.533,,,,,,,,,,,,,
457705,Andrew Mccutchen,TEX,10 to 15,62,0.023,0.565,,,,,,,,,,,,,
457705,Andrew Mccutchen,TEX,15 to 20,107,0.04,0.402,,,,,,,,,,,,,
457705,Andrew Mccutchen,TEX,20 to 25,192,0.073,0.406,10.0,1.0,0.0,0.143,0.4,0.143,0.543,0.3,0.336,0.1,0.091,0.167,85.1
457705,Andrew Mccutchen,TEX,25 to 30,286,0.108,0.451,,,,,,,,,,,,,
457705,Andrew Mccutchen,TEX,30 to 35,312,0.118,0.442,12.0,3.0,0.0,0.25,0.25,0.333,0.583,0.254,0.235,0.25,0.318,0.333,89.7
457705,Andrew Mccutchen,TEX,35 to 40,371,0.14,0.466,11.0,2.0,1.0,0.182,0.182,0.455,0.636,0.264,0.236,0.364,0.208,0.571,92.1
457705,Andrew Mccutchen,TEX,40 to 45,397,0.15,0.463,12.0,1.0,0.0,0.083,0.083,0.083,0.167,0.15,0.22,0.167,0.348,0.2,84.9
457705,Andrew Mccutchen,TEX,45 to 50,366,0.138,0.448,,,,,,,,,,,,,
457705,Andrew Mccutchen,TEX,5 to 10,19,0.007,0.368,,,,,,,,,,,,,
457705,Andrew Mccutchen,TEX,50 to 55,251,0.095,0.486,,,,,,,,,,,,,
457705,Andrew Mccutchen,TEX,55 to 60,139,0.053,0.453,,,,,,,,,,,,,
457705,Andrew Mccutchen,TEX,60 to 65,56,0.021,0.446,,,,,,,,,,,,,
687605,Andrew Pinckney,WSH,25 to 30,20,0.183,0.35,,,,,,,,,,,,,
687605,Andrew Pinckney,WSH,30 to 35,28,0.257,0.5,,,,,,,,,,,,,
687605,Andrew Pinckney,WSH,35 to 40,23,0.211,0.522,,,,,,,,,,,,,
683734,Andrew Vaughn,MIL,10 to 15,95,0.031,0.432,15.0,3.0,0.0,0.25,0.4,0.25,0.65,0.32,0.344,0.133,0.235,0.4,91.4
683734,Andrew Vaughn,MIL,15 to 20,135,0.044,0.407,11.0,4.0,0.0,0.364,0.364,0.455,0.818,0.359,0.309,0.0,0.042,0.455,88.1
683734,Andrew Vaughn,MIL,20 to 25,199,0.065,0.437,28.0,9.0,1.0,0.346,0.393,0.538,0.931,0.404,0.334,0.107,0.186,0.522,91.7
683734,Andrew Vaughn,MIL,25 to 30,334,0.108,0.452,36.0,9.0,0.0,0.257,0.278,0.343,0.621,0.274,0.211,0.25,0.159,0.385,90.0
683734,Andrew Vaughn,MIL,30 to 35,407,0.132,0.467,32.0,13.0,1.0,0.433,0.469,0.533,1.002,0.458,0.438,0.031,0.085,0.393,89.7
683734,Andrew Vaughn,MIL,35 to 40,498,0.162,0.422,48.0,10.0,1.0,0.244,0.312,0.415,0.727,0.331,0.305,0.208,0.208,0.394,88.6
683734,Andrew Vaughn,MIL,40 to 45,489,0.159,0.405,63.0,14.0,1.0,0.259,0.365,0.352,0.717,0.334,0.336,0.19,0.184,0.415,91.0
683734,Andrew Vaughn,MIL,45 to 50,333,0.108,0.438,38.0,8.0,1.0,0.276,0.447,0.483,0.93,0.412,0.342,0.158,0.183,0.522,90.0
683734,Andrew Vaughn,MIL,5 to 10,18,0.006,0.444,,,,,,,,,,,,,
683734,Andrew Vaughn,MIL,50 to 55,278,0.09,0.446,27.0,9.0,0.0,0.391,0.481,0.565,1.047,0.489,0.365,0.148,0.224,0.368,89.5
683734,Andrew Vaughn,MIL,55 to 60,144,0.047,0.479,12.0,4.0,1.0,0.333,0.333,0.75,1.083,0.525,0.292,0.083,0.105,0.545,89.9
683734,Andrew Vaughn,MIL,60 to 65,46,0.015,0.391,,,,,,,,,,,,,
623205,Andrew Velazquez,KC,40 to 45,24,0.533,0.542,,,,,,,,,,,,,
655316,Andruw Monasterio,BOS,10 to 15,41,0.02,0.439,,,,,,,,,,,,,
655316,Andruw Monasterio,BOS,15 to 20,64,0.032,0.406,15.0,1.0,0.0,0.091,0.333,0.182,0.515,0.27,0.34,0.133,0.333,0.111,83.9
655316,Andruw Monasterio,BOS,20 to 25,98,0.049,0.378,11.0,5.0,1.0,0.5,0.545,1.0,1.545,0.636,0.551,0.182,0.2,0.625,96.4
655316,Andruw Monasterio,BOS,25 to 30,164,0.081,0.457,24.0,1.0,0.0,0.045,0.125,0.045,0.17,0.096,0.137,0.417,0.233,0.167,87.2
655316,Andruw Monasterio,BOS,30 to 35,210,0.104,0.414,33.0,6.0,2.0,0.2,0.273,0.467,0.739,0.315,0.287,0.182,0.089,0.375,90.1
655316,Andruw Monasterio,BOS,35 to 40,325,0.161,0.468,53.0,14.0,2.0,0.298,0.346,0.447,0.793,0.349,0.323,0.132,0.159,0.238,84.0
655316,Andruw Monasterio,BOS,40 to 45,379,0.188,0.517,65.0,11.0,0.0,0.183,0.215,0.267,0.482,0.225,0.258,0.169,0.162,0.353,86.4
655316,Andruw Monasterio,BOS,45 to 50,306,0.152,0.507,45.0,8.0,0.0,0.205,0.311,0.282,0.593,0.297,0.291,0.2,0.216,0.267,84.8
655316,Andruw Monasterio,BOS,50 to 55,180,0.089,0.494,36.0,11.0,0.0,0.333,0.361,0.485,0.846,0.363,0.301,0.167,0.094,0.429,90.0
655316,Andruw Monasterio,BOS,55 to 60,88,0.044,0.455,15.0,2.0,0.0,0.143,0.2,0.286,0.486,0.213,0.268,0.267,0.222,0.5,89.2
655316,Andruw Monasterio,BOS,60 to 65,30,0.015,0.367,,,,,,,,,,,,,
655316,Andruw Monasterio,BOS,65 to 70,22,0.011,0.409,,,,,,,,,,,,,
665953,Andrés Chaparro,WSH,10 to 15,24,0.021,0.417,,,,,,,,,,,,,
665953,Andrés Chaparro,WSH,15 to 20,46,0.041,0.5,,,,,,,,,,,,,
665953,Andrés Chaparro,WSH,20 to 25,65,0.058,0.523,19.0,4.0,1.0,0.211,0.211,0.421,0.632,0.266,0.364,0.211,0.273,0.467,88.1
665953,Andrés Chaparro,WSH,25 to 30,98,0.087,0.48,20.0,3.0,1.0,0.158,0.2,0.368,0.568,0.243,0.254,0.35,0.45,0.583,92.6
665953,Andrés Chaparro,WSH,30 to 35,172,0.153,0.471,36.0,10.0,1.0,0.333,0.444,0.6,1.044,0.446,0.343,0.167,0.339,0.5,88.7
665953,Andrés Chaparro,WSH,35 to 40,203,0.18,0.527,36.0,7.0,2.0,0.206,0.25,0.412,0.662,0.335,0.32,0.222,0.31,0.423,89.4
665953,Andrés Chaparro,WSH,40 to 45,187,0.166,0.465,41.0,9.0,2.0,0.281,0.439,0.5,0.939,0.413,0.36,0.244,0.284,0.409,92.1
665953,Andrés Chaparro,WSH,45 to 50,118,0.105,0.492,21.0,5.0,1.0,0.294,0.429,0.588,1.017,0.476,0.378,0.143,0.146,0.357,87.9
665953,Andrés Chaparro,WSH,5 to 10,24,0.021,0.625,,,,,,,,,,,,,
665953,Andrés Chaparro,WSH,50 to 55,76,0.067,0.474,15.0,3.0,1.0,0.2,0.2,0.4,0.6,0.253,0.179,0.333,0.217,0.2,88.2
665953,Andrés Chaparro,WSH,55 to 60,44,0.039,0.523,,,,,,,,,,,,,
665953,Andrés Chaparro,WSH,60 to 65,32,0.028,0.5,,,,,,,,,,,,,
665926,Andrés Giménez,TOR,0 to 5,31,0.009,0.419,,,,,,,,,,,,,
665926,Andrés Giménez,TOR,10 to 15,64,0.019,0.594,,,,,,,,,,,,,
665926,Andrés Giménez,TOR,15 to 20,132,0.04,0.583,17.0,3.0,0.0,0.231,0.375,0.308,0.683,0.334,0.34,0.294,0.256,0.111,80.0
665926,Andrés Giménez,TOR,20 to 25,215,0.065,0.563,34.0,5.0,2.0,0.156,0.206,0.375,0.581,0.249,0.258,0.059,0.145,0.194,81.9
665926,Andrés Giménez,TOR,25 to 30,366,0.111,0.503,55.0,16.0,2.0,0.327,0.389,0.531,0.92,0.409,0.333,0.164,0.261,0.325,84.0
665926,Andrés Giménez,TOR,30 to 35,453,0.137,0.539,65.0,13.0,0.0,0.217,0.277,0.3,0.577,0.261,0.266,0.215,0.248,0.217,85.0
665926,Andrés Giménez,TOR,35 to 40,547,0.166,0.545,87.0,18.0,2.0,0.225,0.253,0.362,0.615,0.264,0.298,0.161,0.169,0.275,85.9
665926,Andrés Giménez,TOR,40 to 45,526,0.159,0.551,77.0,18.0,0.0,0.243,0.26,0.324,0.584,0.256,0.226,0.13,0.185,0.169,82.5
665926,Andrés Giménez,TOR,45 to 50,378,0.114,0.563,61.0,14.0,0.0,0.241,0.262,0.259,0.521,0.235,0.219,0.295,0.233,0.268,80.9
665926,Andrés Giménez,TOR,5 to 10,40,0.012,0.525,,,,,,,,,,,,,
665926,Andrés Giménez,TOR,50 to 55,290,0.088,0.507,34.0,11.0,1.0,0.344,0.382,0.438,0.82,0.365,0.338,0.235,0.311,0.333,86.4
665926,Andrés Giménez,TOR,55 to 60,132,0.04,0.5,20.0,5.0,2.0,0.263,0.3,0.632,0.932,0.388,0.343,0.15,0.325,0.312,89.3
665926,Andrés Giménez,TOR,60 to 65,41,0.012,0.659,,,,,,,,,,,,,
628451,Andy Ibáñez,NYM,10 to 15,27,0.034,0.704,,,,,,,,,,,,,
628451,Andy Ibáñez,NYM,15 to 20,25,0.031,0.56,,,,,,,,,,,,,
628451,Andy Ibáñez,NYM,20 to 25,30,0.038,0.6,,,,,,,,,,,,,
628451,Andy Ibáñez,NYM,25 to 30,87,0.109,0.494,,,,,,,,,,,,,
628451,Andy Ibáñez,NYM,30 to 35,120,0.151,0.433,,,,,,,,,,,,,
628451,Andy Ibáñez,NYM,35 to 40,160,0.201,0.562,,,,,,,,,,,,,
628451,Andy Ibáñez,NYM,40 to 45,120,0.151,0.508,,,,,,,,,,,,,
628451,Andy Ibáñez,NYM,45 to 50,100,0.126,0.59,,,,,,,,,,,,,
628451,Andy Ibáñez,NYM,5 to 10,16,0.02,0.625,,,,,,,,,,,,,
628451,Andy Ibáñez,NYM,50 to 55,68,0.086,0.5,,,,,,,,,,,,,
628451,Andy Ibáñez,NYM,55 to 60,18,0.023,0.556,,,,,,,,,,,,,
681624,Andy Pages,LAD,10 to 15,98,0.021,0.49,10.0,1.0,0.0,0.125,0.3,0.125,0.425,0.23,0.38,0.0,0.227,0.625,92.4
681624,Andy Pages,LAD,15 to 20,173,0.038,0.462,20.0,3.0,2.0,0.188,0.35,0.562,0.912,0.385,0.389,0.15,0.091,0.308,85.2
681624,Andy Pages,LAD,20 to 25,354,0.077,0.514,46.0,9.0,1.0,0.2,0.217,0.289,0.506,0.228,0.254,0.196,0.17,0.343,84.1
681624,Andy Pages,LAD,25 to 30,475,0.104,0.518,65.0,20.0,3.0,0.351,0.431,0.561,0.992,0.43,0.408,0.154,0.217,0.447,90.1
681624,Andy Pages,LAD,30 to 35,680,0.148,0.49,81.0,18.0,2.0,0.247,0.321,0.37,0.691,0.32,0.357,0.198,0.162,0.526,93.6
681624,Andy Pages,LAD,35 to 40,715,0.156,0.508,91.0,21.0,3.0,0.269,0.363,0.462,0.824,0.383,0.341,0.22,0.217,0.362,87.9
681624,Andy Pages,LAD,40 to 45,768,0.167,0.512,108.0,32.0,5.0,0.327,0.37,0.582,0.952,0.41,0.348,0.176,0.209,0.383,88.1
681624,Andy Pages,LAD,45 to 50,579,0.126,0.482,61.0,14.0,4.0,0.25,0.311,0.536,0.847,0.359,0.365,0.246,0.198,0.512,90.1
681624,Andy Pages,LAD,5 to 10,26,0.006,0.462,,,,,,,,,,,,,
681624,Andy Pages,LAD,50 to 55,363,0.079,0.534,35.0,5.0,0.0,0.161,0.229,0.194,0.422,0.199,0.268,0.229,0.194,0.292,87.5
681624,Andy Pages,LAD,55 to 60,155,0.034,0.535,10.0,1.0,0.0,0.111,0.2,0.111,0.311,0.16,0.31,0.1,0.036,0.375,81.2
681624,Andy Pages,LAD,60 to 65,57,0.012,0.491,,,,,,,,,,,,,
694197,Angel Genao,CLE,20 to 25,44,0.087,0.409,,,,,,,,,,,,,
694197,Angel Genao,CLE,25 to 30,57,0.113,0.474,18.0,2.0,0.0,0.125,0.222,0.125,0.347,0.178,0.274,0.167,0.296,0.462,89.4
694197,Angel Genao,CLE,30 to 35,66,0.131,0.424,14.0,5.0,0.0,0.357,0.357,0.357,0.714,0.321,0.312,0.071,0.214,0.538,89.4
694197,Angel Genao,CLE,35 to 40,91,0.18,0.374,26.0,3.0,1.0,0.125,0.192,0.25,0.442,0.235,0.257,0.154,0.176,0.6,94.9
694197,Angel Genao,CLE,40 to 45,97,0.192,0.433,23.0,4.0,0.0,0.19,0.261,0.238,0.499,0.233,0.306,0.087,0.143,0.474,87.3
694197,Angel Genao,CLE,45 to 50,50,0.099,0.48,16.0,6.0,0.0,0.4,0.438,0.6,1.038,0.447,0.277,0.188,0.25,0.583,92.3
694197,Angel Genao,CLE,50 to 55,35,0.069,0.457,,,,,,,,,,,,,
682657,Angel Martínez,CLE,-65 to -60,15,0.005,0.467,,,,,,,,,,,,,
682657,Angel Martínez,CLE,10 to 15,68,0.021,0.5,,,,,,,,,,,,,
682657,Angel Martínez,CLE,15 to 20,111,0.034,0.577,15.0,2.0,0.0,0.154,0.267,0.231,0.497,0.237,0.256,0.4,0.323,0.429,87.2
682657,Angel Martínez,CLE,20 to 25,253,0.078,0.538,26.0,9.0,1.0,0.346,0.346,0.538,0.885,0.381,0.252,0.231,0.14,0.4,87.8
682657,Angel Martínez,CLE,25 to 30,280,0.086,0.511,32.0,8.0,1.0,0.258,0.258,0.452,0.71,0.308,0.249,0.188,0.184,0.308,81.8
682657,Angel Martínez,CLE,30 to 35,427,0.132,0.578,46.0,14.0,3.0,0.318,0.348,0.591,0.939,0.399,0.331,0.239,0.196,0.364,90.0
682657,Angel Martínez,CLE,35 to 40,559,0.172,0.519,78.0,22.0,3.0,0.297,0.325,0.541,0.865,0.371,0.298,0.218,0.191,0.345,88.6
682657,Angel Martínez,CLE,40 to 45,554,0.171,0.567,76.0,21.0,7.0,0.296,0.333,0.662,0.995,0.418,0.381,0.184,0.138,0.431,86.9
682657,Angel Martínez,CLE,45 to 50,416,0.128,0.519,50.0,9.0,2.0,0.205,0.271,0.386,0.657,0.348,0.339,0.22,0.19,0.457,85.1
682657,Angel Martínez,CLE,5 to 10,33,0.01,0.515,,,,,,,,,,,,,
682657,Angel Martínez,CLE,50 to 55,281,0.087,0.484,28.0,3.0,0.0,0.115,0.179,0.115,0.294,0.146,0.193,0.286,0.241,0.278,80.2
682657,Angel Martínez,CLE,55 to 60,130,0.04,0.485,16.0,2.0,0.0,0.143,0.133,0.143,0.276,0.133,0.232,0.188,0.188,0.154,81.9
682657,Angel Martínez,CLE,60 to 65,42,0.013,0.643,,,,,,,,,,,,,
678011,Anthony Seigler,BOS,10 to 15,25,0.027,0.52,,,,,,,,,,,,,
678011,Anthony Seigler,BOS,15 to 20,55,0.059,0.455,,,,,,,,,,,,,
678011,Anthony Seigler,BOS,20 to 25,76,0.082,0.316,,,,,,,,,,,,,
678011,Anthony Seigler,BOS,25 to 30,84,0.091,0.476,,,,,,,,,,,,,
678011,Anthony Seigler,BOS,30 to 35,105,0.114,0.476,24.0,7.0,0.0,0.318,0.348,0.5,0.848,0.413,0.307,0.083,0.027,0.381,83.9
678011,Anthony Seigler,BOS,35 to 40,161,0.174,0.416,34.0,7.0,1.0,0.241,0.303,0.483,0.786,0.336,0.317,0.265,0.212,0.318,84.8
678011,Anthony Seigler,BOS,40 to 45,176,0.19,0.472,36.0,8.0,1.0,0.276,0.389,0.483,0.872,0.376,0.361,0.222,0.316,0.286,85.8
678011,Anthony Seigler,BOS,45 to 50,96,0.104,0.479,15.0,3.0,0.0,0.25,0.4,0.417,0.817,0.367,0.306,0.067,0.273,0.364,92.4
678011,Anthony Seigler,BOS,50 to 55,62,0.067,0.468,16.0,3.0,0.0,0.188,0.188,0.188,0.375,0.169,0.19,0.062,0.174,0.333,87.0
678011,Anthony Seigler,BOS,55 to 60,19,0.021,0.421,,,,,,,,,,,,,
678011,Anthony Seigler,BOS,60 to 65,20,0.022,0.3,,,,,,,,,,,,,
683011,Anthony Volpe,NYY,10 to 15,72,0.022,0.417,,,,,,,,,,,,,
683011,Anthony Volpe,NYY,15 to 20,103,0.031,0.466,,,,,,,,,,,,,
683011,Anthony Volpe,NYY,20 to 25,222,0.067,0.473,10.0,2.0,0.0,0.25,0.4,0.375,0.775,0.355,0.436,0.0,0.053,0.5,92.4
683011,Anthony Volpe,NYY,25 to 30,331,0.099,0.444,21.0,5.0,0.0,0.294,0.429,0.412,0.84,0.381,0.332,0.19,0.333,0.462,90.9
683011,Anthony Volpe,NYY,30 to 35,450,0.135,0.471,27.0,6.0,0.0,0.231,0.259,0.346,0.605,0.298,0.228,0.37,0.275,0.375,85.6
683011,Anthony Volpe,NYY,35 to 40,605,0.182,0.46,42.0,10.0,0.0,0.25,0.286,0.3,0.586,0.286,0.291,0.19,0.203,0.406,86.0
683011,Anthony Volpe,NYY,40 to 45,538,0.162,0.474,47.0,10.0,0.0,0.227,0.277,0.295,0.572,0.259,0.295,0.191,0.177,0.333,87.1
683011,Anthony Volpe,NYY,45 to 50,340,0.102,0.441,27.0,6.0,0.0,0.25,0.333,0.292,0.625,0.291,0.315,0.222,0.204,0.333,84.2
683011,Anthony Volpe,NYY,5 to 10,26,0.008,0.346,,,,,,,,,,,,,
683011,Anthony Volpe,NYY,50 to 55,326,0.098,0.442,16.0,1.0,0.0,0.077,0.25,0.077,0.327,0.188,0.23,0.438,0.333,0.333,91.2
683011,Anthony Volpe,NYY,55 to 60,161,0.048,0.441,14.0,4.0,1.0,0.364,0.5,0.636,1.136,0.486,0.373,0.214,0.182,0.375,93.1
683011,Anthony Volpe,NYY,60 to 65,61,0.018,0.525,,,,,,,,,,,,,
683011,Anthony Volpe,NYY,65 to 70,35,0.011,0.429,,,,,,,,,,,,,
605244,Aramis Garcia,AZ,30 to 35,17,0.212,0.588,,,,,,,,,,,,,
669720,Austin Hays,SD,10 to 15,43,0.022,0.395,,,,,,,,,,,,,
669720,Austin Hays,SD,15 to 20,64,0.033,0.547,,,,,,,,,,,,,
669720,Austin Hays,SD,20 to 25,108,0.056,0.491,,,,,,,,,,,,,
669720,Austin Hays,SD,25 to 30,147,0.076,0.592,11.0,4.0,1.0,0.364,0.364,0.636,1.0,0.427,0.338,0.182,0.286,0.222,80.5
669720,Austin Hays,SD,30 to 35,282,0.146,0.532,10.0,1.0,0.0,0.1,0.1,0.1,0.2,0.18,0.214,0.1,0.457,0.333,87.5
669720,Austin Hays,SD,35 to 40,368,0.191,0.481,17.0,5.0,1.0,0.312,0.353,0.5,0.853,0.424,0.351,0.235,0.25,0.667,93.5
669720,Austin Hays,SD,40 to 45,327,0.169,0.538,18.0,4.0,0.0,0.235,0.222,0.353,0.575,0.239,0.276,0.278,0.222,0.385,84.6
669720,Austin Hays,SD,45 to 50,217,0.112,0.535,16.0,4.0,1.0,0.267,0.312,0.467,0.779,0.338,0.328,0.312,0.387,0.5,88.5
669720,Austin Hays,SD,5 to 10,16,0.008,0.812,,,,,,,,,,,,,
669720,Austin Hays,SD,50 to 55,148,0.077,0.581,,,,,,,,,,,,,
669720,Austin Hays,SD,55 to 60,105,0.054,0.505,,,,,,,,,,,,,
669720,Austin Hays,SD,60 to 65,54,0.028,0.37,,,,,,,,,,,,,
669720,Austin Hays,SD,65 to 70,17,0.009,0.647,,,,,,,,,,,,,
595978,Austin Hedges,CLE,10 to 15,31,0.019,0.484,,,,,,,,,,,,,
595978,Austin Hedges,CLE,15 to 20,47,0.029,0.468,10.0,3.0,0.0,0.3,0.3,0.5,0.8,0.43,0.294,0.2,0.077,0.5,91.9
595978,Austin Hedges,CLE,20 to 25,79,0.049,0.582,12.0,3.0,1.0,0.273,0.333,0.545,0.879,0.375,0.195,0.25,0.304,0.75,89.8
595978,Austin Hedges,CLE,25 to 30,123,0.076,0.488,19.0,3.0,1.0,0.2,0.333,0.467,0.8,0.408,0.26,0.105,0.294,0.214,78.3
595978,Austin Hedges,CLE,30 to 35,219,0.136,0.461,39.0,13.0,0.0,0.371,0.41,0.429,0.839,0.372,0.299,0.231,0.259,0.222,84.8
595978,Austin Hedges,CLE,35 to 40,324,0.201,0.466,39.0,10.0,2.0,0.286,0.359,0.543,0.902,0.42,0.326,0.154,0.179,0.393,86.9
595978,Austin Hedges,CLE,40 to 45,303,0.188,0.432,57.0,11.0,1.0,0.234,0.357,0.319,0.676,0.335,0.31,0.175,0.192,0.316,86.4
595978,Austin Hedges,CLE,45 to 50,233,0.145,0.459,22.0,4.0,0.0,0.222,0.333,0.278,0.611,0.364,0.259,0.182,0.283,0.267,85.7
595978,Austin Hedges,CLE,5 to 10,15,0.009,0.467,,,,,,,,,,,,,
595978,Austin Hedges,CLE,50 to 55,148,0.092,0.486,25.0,2.0,0.0,0.091,0.125,0.091,0.216,0.112,0.221,0.2,0.238,0.263,75.6
595978,Austin Hedges,CLE,55 to 60,41,0.025,0.561,,,,,,,,,,,,,
595978,Austin Hedges,CLE,60 to 65,24,0.015,0.417,,,,,,,,,,,,,
668885,Austin Martin,MIN,10 to 15,37,0.017,0.378,,,,,,,,,,,,,
668885,Austin Martin,MIN,15 to 20,49,0.023,0.388,,,,,,,,,,,,,
668885,Austin Martin,MIN,20 to 25,114,0.054,0.43,25.0,7.0,1.0,0.292,0.32,0.5,0.82,0.352,0.307,0.08,0.118,0.273,87.3
668885,Austin Martin,MIN,25 to 30,196,0.092,0.388,35.0,4.0,0.0,0.148,0.343,0.185,0.528,0.273,0.325,0.229,0.157,0.211,83.5
668885,Austin Martin,MIN,30 to 35,305,0.144,0.433,45.0,10.0,0.0,0.25,0.333,0.3,0.633,0.293,0.295,0.178,0.227,0.312,81.8
668885,Austin Martin,MIN,35 to 40,393,0.185,0.361,67.0,17.0,1.0,0.298,0.403,0.421,0.824,0.384,0.317,0.239,0.168,0.317,86.5
668885,Austin Martin,MIN,40 to 45,421,0.198,0.416,77.0,10.0,1.0,0.156,0.286,0.234,0.52,0.261,0.292,0.156,0.203,0.226,85.9
668885,Austin Martin,MIN,45 to 50,274,0.129,0.42,44.0,8.0,0.0,0.222,0.318,0.306,0.624,0.283,0.282,0.182,0.2,0.267,84.8
668885,Austin Martin,MIN,50 to 55,169,0.08,0.408,22.0,7.0,0.0,0.35,0.409,0.5,0.909,0.398,0.304,0.136,0.086,0.353,88.5
668885,Austin Martin,MIN,55 to 60,72,0.034,0.361,14.0,3.0,0.0,0.273,0.429,0.273,0.701,0.438,0.389,0.143,0.077,0.25,88.0
668885,Austin Martin,MIN,60 to 65,35,0.016,0.314,,,,,,,,,,,,,
668885,Austin Martin,MIN,65 to 70,16,0.008,0.188,,,,,,,,,,,,,
663586,Austin Riley,ATL,0 to 5,16,0.004,0.25,,,,,,,,,,,,,
663586,Austin Riley,ATL,10 to 15,85,0.02,0.541,,,,,,,,,,,,,
663586,Austin Riley,ATL,15 to 20,157,0.037,0.554,19.0,2.0,0.0,0.111,0.158,0.111,0.269,0.132,0.276,0.211,0.262,0.357,90.5
663586,Austin Riley,ATL,20 to 25,355,0.083,0.513,48.0,9.0,1.0,0.214,0.312,0.333,0.646,0.294,0.325,0.229,0.273,0.419,90.6
663586,Austin Riley,ATL,25 to 30,514,0.12,0.465,80.0,16.0,2.0,0.222,0.288,0.333,0.621,0.277,0.264,0.375,0.293,0.326,89.0
663586,Austin Riley,ATL,30 to 35,549,0.128,0.526,81.0,17.0,2.0,0.23,0.296,0.365,0.661,0.305,0.272,0.358,0.297,0.6,93.9
663586,Austin Riley,ATL,35 to 40,676,0.158,0.478,98.0,16.0,2.0,0.195,0.316,0.305,0.621,0.287,0.31,0.367,0.333,0.468,92.1
663586,Austin Riley,ATL,40 to 45,715,0.167,0.512,113.0,29.0,5.0,0.271,0.31,0.514,0.824,0.351,0.328,0.274,0.281,0.487,92.1
663586,Austin Riley,ATL,45 to 50,534,0.125,0.481,83.0,17.0,3.0,0.227,0.289,0.36,0.649,0.287,0.314,0.265,0.242,0.407,90.3
663586,Austin Riley,ATL,5 to 10,18,0.004,0.333,,,,,,,,,,,,,
663586,Austin Riley,ATL,50 to 55,303,0.071,0.492,39.0,10.0,1.0,0.278,0.333,0.389,0.722,0.345,0.28,0.282,0.309,0.32,87.9
663586,Austin Riley,ATL,55 to 60,161,0.038,0.516,11.0,1.0,0.0,0.1,0.182,0.2,0.382,0.177,0.323,0.364,0.216,0.5,92.4
663586,Austin Riley,ATL,60 to 65,64,0.015,0.438,,,,,,,,,,,,,
663586,Austin Riley,ATL,65 to 70,29,0.007,0.448,,,,,,,,,,,,,
596103,Austin Slater,TB,15 to 20,27,0.029,0.333,,,,,,,,,,,,,
596103,Austin Slater,TB,20 to 25,51,0.054,0.51,,,,,,,,,,,,,
596103,Austin Slater,TB,25 to 30,88,0.094,0.5,,,,,,,,,,,,,
596103,Austin Slater,TB,30 to 35,162,0.173,0.451,13.0,1.0,0.0,0.083,0.154,0.083,0.237,0.123,0.199,0.385,0.318,0.286,85.0
596103,Austin Slater,TB,35 to 40,178,0.19,0.528,14.0,3.0,0.0,0.231,0.286,0.231,0.516,0.243,0.211,0.286,0.381,0.333,84.1
596103,Austin Slater,TB,40 to 45,154,0.165,0.442,16.0,4.0,0.0,0.286,0.312,0.286,0.598,0.325,0.234,0.188,0.241,0.167,85.3
596103,Austin Slater,TB,45 to 50,114,0.122,0.482,,,,,,,,,,,,,
596103,Austin Slater,TB,50 to 55,74,0.079,0.486,,,,,,,,,,,,,
596103,Austin Slater,TB,55 to 60,31,0.033,0.548,,,,,,,,,,,,,
669224,Austin Wells,NYY,-5 to 0,20,0.006,0.45,,,,,,,,,,,,,
669224,Austin Wells,NYY,0 to 5,18,0.005,0.278,,,,,,,,,,,,,
669224,Austin Wells,NYY,10 to 15,54,0.016,0.333,,,,,,,,,,,,,
669224,Austin Wells,NYY,15 to 20,91,0.027,0.582,,,,,,,,,,,,,
669224,Austin Wells,NYY,20 to 25,215,0.064,0.521,20.0,6.0,1.0,0.316,0.35,0.474,0.824,0.36,0.281,0.25,0.371,0.143,88.6
669224,Austin Wells,NYY,25 to 30,301,0.09,0.452,28.0,3.0,1.0,0.13,0.286,0.261,0.547,0.27,0.276,0.25,0.232,0.5,87.2
669224,Austin Wells,NYY,30 to 35,464,0.138,0.481,40.0,11.0,3.0,0.306,0.375,0.583,0.958,0.409,0.373,0.2,0.267,0.5,89.1
669224,Austin Wells,NYY,35 to 40,633,0.189,0.482,74.0,10.0,0.0,0.159,0.284,0.206,0.49,0.24,0.253,0.27,0.224,0.419,88.5
669224,Austin Wells,NYY,40 to 45,563,0.168,0.481,69.0,10.0,3.0,0.169,0.265,0.339,0.604,0.271,0.305,0.275,0.267,0.476,90.0
669224,Austin Wells,NYY,45 to 50,406,0.121,0.485,47.0,6.0,1.0,0.146,0.255,0.22,0.475,0.247,0.337,0.213,0.233,0.355,85.4
669224,Austin Wells,NYY,5 to 10,24,0.007,0.375,,,,,,,,,,,,,
669224,Austin Wells,NYY,50 to 55,315,0.094,0.511,45.0,10.0,2.0,0.227,0.244,0.386,0.631,0.278,0.26,0.333,0.289,0.429,90.6
669224,Austin Wells,NYY,55 to 60,127,0.038,0.591,18.0,0.0,0.0,0.0,0.222,0.0,0.222,0.156,0.288,0.444,0.324,0.667,94.2
669224,Austin Wells,NYY,60 to 65,45,0.013,0.533,,,,,,,,,,,,,
669224,Austin Wells,NYY,65 to 70,19,0.006,0.421,,,,,,,,,,,,,
642851,Austin Wynns,TEX,10 to 15,23,0.029,0.565,,,,,,,,,,,,,
642851,Austin Wynns,TEX,15 to 20,41,0.052,0.537,,,,,,,,,,,,,
642851,Austin Wynns,TEX,20 to 25,61,0.078,0.459,,,,,,,,,,,,,
642851,Austin Wynns,TEX,25 to 30,99,0.126,0.616,14.0,2.0,0.0,0.154,0.154,0.154,0.308,0.154,0.179,0.357,0.276,0.333,85.3
642851,Austin Wynns,TEX,30 to 35,102,0.13,0.529,,,,,,,,,,,,,
642851,Austin Wynns,TEX,35 to 40,128,0.163,0.422,12.0,0.0,0.0,0.0,0.167,0.0,0.167,0.192,0.247,0.333,0.389,0.5,90.8
642851,Austin Wynns,TEX,40 to 45,109,0.139,0.578,13.0,2.0,0.0,0.167,0.167,0.167,0.333,0.167,0.329,0.154,0.138,0.364,79.6
642851,Austin Wynns,TEX,45 to 50,83,0.106,0.59,10.0,2.0,0.0,0.222,0.3,0.222,0.522,0.34,0.31,0.3,0.227,0.0,66.3
642851,Austin Wynns,TEX,50 to 55,57,0.073,0.474,,,,,,,,,,,,,
642851,Austin Wynns,TEX,55 to 60,30,0.038,0.6,,,,,,,,,,,,,
701162,Ben Malgeri,DET,15 to 20,18,0.035,0.333,,,,,,,,,,,,,
701162,Ben Malgeri,DET,20 to 25,23,0.045,0.348,,,,,,,,,,,,,
701162,Ben Malgeri,DET,25 to 30,52,0.101,0.519,13.0,1.0,0.0,0.091,0.231,0.091,0.322,0.177,0.114,0.462,0.296,0.0,77.1
701162,Ben Malgeri,DET,30 to 35,71,0.138,0.437,16.0,4.0,1.0,0.286,0.375,0.571,0.946,0.459,0.392,0.25,0.194,0.4,88.6
701162,Ben Malgeri,DET,35 to 40,85,0.165,0.435,27.0,7.0,1.0,0.304,0.37,0.565,0.936,0.391,0.286,0.296,0.27,0.438,91.4
701162,Ben Malgeri,DET,40 to 45,108,0.21,0.463,20.0,2.0,0.0,0.111,0.2,0.111,0.311,0.205,0.194,0.35,0.2,0.364,91.3
701162,Ben Malgeri,DET,45 to 50,64,0.125,0.531,27.0,7.0,2.0,0.318,0.444,0.591,1.035,0.444,0.435,0.148,0.265,0.444,90.3
701162,Ben Malgeri,DET,50 to 55,33,0.064,0.455,,,,,,,,,,,,,
701162,Ben Malgeri,DET,55 to 60,22,0.043,0.273,,,,,,,,,,,,,
700250,Ben Rice,NYY,0 to 5,23,0.005,0.348,,,,,,,,,,,,,
700250,Ben Rice,NYY,10 to 15,66,0.014,0.409,,,,,,,,,,,,,
700250,Ben Rice,NYY,15 to 20,129,0.028,0.411,22.0,4.0,2.0,0.2,0.273,0.55,0.823,0.343,0.408,0.182,0.111,0.438,88.1
700250,Ben Rice,NYY,20 to 25,257,0.055,0.389,29.0,8.0,4.0,0.348,0.483,0.87,1.352,0.545,0.486,0.138,0.218,0.632,96.1
700250,Ben Rice,NYY,25 to 30,525,0.112,0.451,65.0,15.0,2.0,0.259,0.338,0.397,0.735,0.328,0.331,0.277,0.24,0.475,91.7
700250,Ben Rice,NYY,30 to 35,669,0.143,0.451,86.0,15.0,3.0,0.195,0.267,0.364,0.631,0.298,0.295,0.267,0.241,0.418,90.6
700250,Ben Rice,NYY,35 to 40,792,0.169,0.473,115.0,22.0,2.0,0.214,0.296,0.301,0.597,0.281,0.335,0.235,0.26,0.474,91.5
700250,Ben Rice,NYY,40 to 45,732,0.156,0.421,98.0,23.0,8.0,0.284,0.388,0.667,1.054,0.452,0.389,0.235,0.231,0.4,93.2
700250,Ben Rice,NYY,45 to 50,550,0.117,0.396,82.0,22.0,4.0,0.319,0.427,0.594,1.021,0.441,0.411,0.232,0.201,0.51,90.8
700250,Ben Rice,NYY,5 to 10,42,0.009,0.357,,,,,,,,,,,,,
700250,Ben Rice,NYY,50 to 55,445,0.095,0.443,67.0,21.0,10.0,0.375,0.478,0.946,1.424,0.572,0.489,0.194,0.209,0.605,95.1
700250,Ben Rice,NYY,55 to 60,204,0.044,0.461,29.0,6.0,1.0,0.222,0.276,0.407,0.683,0.297,0.283,0.276,0.286,0.368,86.2
700250,Ben Rice,NYY,60 to 65,72,0.015,0.444,,,,,,,,,,,,,
700250,Ben Rice,NYY,65 to 70,36,0.008,0.333,,,,,,,,,,,,,
700250,Ben Rice,NYY,70 to 75,16,0.003,0.375,,,,,,,,,,,,,
666163,Ben Rortvedt,LAD,15 to 20,30,0.049,0.467,,,,,,,,,,,,,
666163,Ben Rortvedt,LAD,20 to 25,68,0.11,0.471,,,,,,,,,,,,,
666163,Ben Rortvedt,LAD,25 to 30,65,0.105,0.369,,,,,,,,,,,,,
666163,Ben Rortvedt,LAD,30 to 35,67,0.109,0.448,,,,,,,,,,,,,
666163,Ben Rortvedt,LAD,35 to 40,91,0.147,0.462,,,,,,,,,,,,,
666163,Ben Rortvedt,LAD,40 to 45,84,0.136,0.536,,,,,,,,,,,,,
666163,Ben Rortvedt,LAD,45 to 50,87,0.141,0.46,,,,,,,,,,,,,
666163,Ben Rortvedt,LAD,50 to 55,53,0.086,0.509,,,,,,,,,,,,,
666163,Ben Rortvedt,LAD,55 to 60,33,0.053,0.333,,,,,,,,,,,,,
810938,Ben Williamson,TB,10 to 15,38,0.017,0.368,,,,,,,,,,,,,
810938,Ben Williamson,TB,15 to 20,74,0.032,0.514,,,,,,,,,,,,,
810938,Ben Williamson,TB,20 to 25,105,0.046,0.429,18.0,3.0,1.0,0.2,0.294,0.4,0.694,0.381,0.289,0.222,0.208,0.273,76.8
810938,Ben Williamson,TB,25 to 30,229,0.1,0.493,27.0,8.0,0.0,0.333,0.407,0.458,0.866,0.383,0.359,0.148,0.156,0.65,95.8
810938,Ben Williamson,TB,30 to 35,294,0.128,0.439,38.0,8.0,0.0,0.235,0.316,0.353,0.669,0.3,0.316,0.132,0.088,0.379,85.7
810938,Ben Williamson,TB,35 to 40,409,0.178,0.469,44.0,16.0,1.0,0.381,0.409,0.476,0.885,0.392,0.346,0.091,0.138,0.342,86.5
810938,Ben Williamson,TB,40 to 45,406,0.177,0.419,46.0,6.0,0.0,0.143,0.217,0.167,0.384,0.186,0.296,0.196,0.188,0.206,85.9
810938,Ben Williamson,TB,45 to 50,295,0.129,0.502,38.0,9.0,0.0,0.243,0.263,0.297,0.56,0.274,0.206,0.184,0.188,0.267,84.7
810938,Ben Williamson,TB,50 to 55,211,0.092,0.398,29.0,4.0,0.0,0.154,0.241,0.154,0.395,0.197,0.232,0.241,0.182,0.105,83.1
810938,Ben Williamson,TB,55 to 60,104,0.045,0.567,,,,,,,,,,,,,
810938,Ben Williamson,TB,60 to 65,31,0.014,0.452,,,,,,,,,,,,,
695257,Billy Cook,PIT,30 to 35,30,0.144,0.467,,,,,,,,,,,,,
695257,Billy Cook,PIT,35 to 40,25,0.12,0.64,,,,,,,,,,,,,
695257,Billy Cook,PIT,40 to 45,33,0.159,0.636,,,,,,,,,,,,,
695257,Billy Cook,PIT,45 to 50,37,0.178,0.541,,,,,,,,,,,,,
695257,Billy Cook,PIT,50 to 55,28,0.135,0.536,,,,,,,,,,,,,
694362,Blake Dunn,CIN,10 to 15,19,0.022,0.474,,,,,,,,,,,,,
694362,Blake Dunn,CIN,15 to 20,20,0.023,0.45,,,,,,,,,,,,,
694362,Blake Dunn,CIN,20 to 25,49,0.057,0.49,,,,,,,,,,,,,
694362,Blake Dunn,CIN,25 to 30,90,0.104,0.533,15.0,8.0,0.0,0.667,0.667,0.75,1.417,0.597,0.394,0.067,0.148,0.385,83.0
694362,Blake Dunn,CIN,30 to 35,119,0.137,0.437,18.0,3.0,1.0,0.176,0.222,0.412,0.634,0.319,0.155,0.333,0.194,0.231,82.3
694362,Blake Dunn,CIN,35 to 40,109,0.126,0.413,21.0,5.0,0.0,0.263,0.333,0.316,0.649,0.34,0.27,0.0,0.091,0.3,89.9
694362,Blake Dunn,CIN,40 to 45,163,0.188,0.429,36.0,10.0,0.0,0.303,0.361,0.364,0.725,0.328,0.315,0.278,0.196,0.435,86.8
694362,Blake Dunn,CIN,45 to 50,135,0.156,0.43,18.0,2.0,0.0,0.125,0.222,0.125,0.347,0.178,0.223,0.222,0.27,0.182,71.7
694362,Blake Dunn,CIN,5 to 10,20,0.023,0.35,,,,,,,,,,,,,
694362,Blake Dunn,CIN,50 to 55,70,0.081,0.414,12.0,3.0,0.0,0.25,0.25,0.333,0.583,0.254,0.21,0.25,0.2,0.111,80.2
694362,Blake Dunn,CIN,55 to 60,42,0.048,0.405,,,,,,,,,,,,,
694362,Blake Dunn,CIN,60 to 65,21,0.024,0.381,,,,,,,,,,,,,
663368,Blake Perkins,MIL,10 to 15,29,0.026,0.379,,,,,,,,,,,,,
663368,Blake Perkins,MIL,15 to 20,56,0.05,0.429,,,,,,,,,,,,,
663368,Blake Perkins,MIL,20 to 25,65,0.058,0.415,,,,,,,,,,,,,
663368,Blake Perkins,MIL,25 to 30,115,0.102,0.409,,,,,,,,,,,,,
663368,Blake Perkins,MIL,30 to 35,167,0.148,0.377,17.0,2.0,1.0,0.154,0.353,0.462,0.814,0.409,0.384,0.294,0.214,0.625,94.9
663368,Blake Perkins,MIL,35 to 40,165,0.146,0.297,,,,,,,,,,,,,
663368,Blake Perkins,MIL,40 to 45,178,0.158,0.421,22.0,3.0,0.0,0.143,0.182,0.238,0.42,0.195,0.197,0.318,0.273,0.231,81.8
663368,Blake Perkins,MIL,45 to 50,156,0.138,0.455,20.0,2.0,0.0,0.118,0.211,0.176,0.387,0.197,0.237,0.2,0.172,0.214,77.5
663368,Blake Perkins,MIL,50 to 55,84,0.075,0.44,,,,,,,,,,,,,
663368,Blake Perkins,MIL,55 to 60,52,0.046,0.404,,,,,,,,,,,,,
677942,Blaze Alexander,BAL,10 to 15,41,0.019,0.488,,,,,,,,,,,,,
677942,Blaze Alexander,BAL,15 to 20,71,0.033,0.493,12.0,2.0,0.0,0.222,0.364,0.222,0.586,0.373,0.394,0.25,0.167,0.333,79.3
677942,Blaze Alexander,BAL,20 to 25,158,0.073,0.557,21.0,6.0,0.0,0.3,0.333,0.3,0.633,0.29,0.419,0.143,0.229,0.556,89.7
677942,Blaze Alexander,BAL,25 to 30,227,0.105,0.533,30.0,2.0,0.0,0.074,0.133,0.074,0.207,0.107,0.271,0.167,0.147,0.391,89.6
677942,Blaze Alexander,BAL,30 to 35,254,0.118,0.547,33.0,13.0,0.0,0.406,0.424,0.531,0.955,0.418,0.343,0.303,0.275,0.545,93.6
677942,Blaze Alexander,BAL,35 to 40,398,0.185,0.51,62.0,14.0,1.0,0.259,0.344,0.352,0.696,0.32,0.351,0.226,0.24,0.476,90.2
677942,Blaze Alexander,BAL,40 to 45,376,0.175,0.476,47.0,12.0,1.0,0.267,0.298,0.333,0.631,0.283,0.301,0.255,0.229,0.485,93.3
677942,Blaze Alexander,BAL,45 to 50,260,0.121,0.523,32.0,11.0,1.0,0.355,0.375,0.613,0.988,0.463,0.345,0.188,0.227,0.4,89.2
677942,Blaze Alexander,BAL,5 to 10,19,0.009,0.526,,,,,,,,,,,,,
677942,Blaze Alexander,BAL,50 to 55,188,0.087,0.473,23.0,9.0,0.0,0.5,0.609,0.722,1.331,0.565,0.425,0.174,0.163,0.5,91.3
677942,Blaze Alexander,BAL,55 to 60,88,0.041,0.557,10.0,3.0,1.0,0.3,0.3,0.7,1.0,0.485,0.442,0.3,0.286,0.833,99.5
677942,Blaze Alexander,BAL,60 to 65,37,0.017,0.459,,,,,,,,,,,,,
691458,Blaze Jordan,STL,10 to 15,15,0.021,0.267,,,,,,,,,,,,,
691458,Blaze Jordan,STL,15 to 20,20,0.028,0.6,,,,,,,,,,,,,
691458,Blaze Jordan,STL,20 to 25,65,0.09,0.6,18.0,3.0,1.0,0.176,0.167,0.529,0.696,0.319,0.33,0.222,0.205,0.429,90.2
691458,Blaze Jordan,STL,25 to 30,108,0.15,0.593,31.0,10.0,0.0,0.345,0.387,0.483,0.87,0.381,0.399,0.097,0.141,0.577,91.6
691458,Blaze Jordan,STL,30 to 35,101,0.14,0.594,30.0,2.0,0.0,0.067,0.067,0.067,0.133,0.06,0.227,0.1,0.167,0.429,86.5
691458,Blaze Jordan,STL,35 to 40,94,0.131,0.511,23.0,11.0,0.0,0.5,0.522,0.682,1.204,0.522,0.386,0.217,0.229,0.529,93.8
691458,Blaze Jordan,STL,40 to 45,110,0.153,0.491,35.0,12.0,1.0,0.364,0.4,0.545,0.945,0.41,0.38,0.143,0.13,0.464,87.6
691458,Blaze Jordan,STL,45 to 50,86,0.12,0.535,21.0,2.0,0.0,0.105,0.19,0.105,0.296,0.195,0.23,0.238,0.261,0.357,83.8
691458,Blaze Jordan,STL,50 to 55,51,0.071,0.471,,,,,,,,,,,,,
691458,Blaze Jordan,STL,55 to 60,33,0.046,0.515,11.0,2.0,0.0,0.182,0.182,0.182,0.364,0.164,0.085,0.091,0.176,0.3,82.7
666182,Bo Bichette,NYM,10 to 15,118,0.024,0.525,19.0,7.0,2.0,0.389,0.421,0.722,1.143,0.484,0.426,0.105,0.182,0.562,91.6
666182,Bo Bichette,NYM,15 to 20,179,0.037,0.486,28.0,5.0,0.0,0.217,0.321,0.261,0.582,0.273,0.213,0.25,0.188,0.294,83.7
666182,Bo Bichette,NYM,20 to 25,360,0.074,0.497,48.0,7.0,1.0,0.167,0.271,0.262,0.533,0.249,0.274,0.188,0.144,0.303,85.2
666182,Bo Bichette,NYM,25 to 30,522,0.107,0.466,57.0,17.0,3.0,0.333,0.404,0.549,0.953,0.412,0.354,0.175,0.202,0.366,89.0
666182,Bo Bichette,NYM,30 to 35,625,0.129,0.541,82.0,24.0,1.0,0.312,0.329,0.442,0.771,0.363,0.34,0.183,0.148,0.385,89.3
666182,Bo Bichette,NYM,35 to 40,731,0.15,0.52,116.0,32.0,1.0,0.291,0.328,0.345,0.673,0.303,0.297,0.233,0.197,0.446,91.8
666182,Bo Bichette,NYM,40 to 45,849,0.175,0.528,123.0,33.0,5.0,0.3,0.366,0.5,0.866,0.374,0.399,0.146,0.169,0.484,89.7
666182,Bo Bichette,NYM,45 to 50,600,0.123,0.567,80.0,18.0,3.0,0.247,0.3,0.411,0.711,0.318,0.34,0.088,0.114,0.343,88.3
666182,Bo Bichette,NYM,5 to 10,36,0.007,0.611,,,,,,,,,,,,,
666182,Bo Bichette,NYM,50 to 55,393,0.081,0.583,41.0,8.0,0.0,0.195,0.195,0.22,0.415,0.184,0.299,0.171,0.149,0.529,92.5
666182,Bo Bichette,NYM,55 to 60,186,0.038,0.597,24.0,3.0,0.0,0.136,0.167,0.227,0.394,0.171,0.219,0.333,0.227,0.6,95.2
666182,Bo Bichette,NYM,60 to 65,76,0.016,0.526,14.0,6.0,1.0,0.5,0.571,0.833,1.405,0.589,0.552,0.214,0.217,0.556,94.4
666182,Bo Bichette,NYM,65 to 70,58,0.012,0.534,,,,,,,,,,,,,
666182,Bo Bichette,NYM,70 to 75,20,0.004,0.65,,,,,,,,,,,,,
666310,Bo Naylor,MIL,10 to 15,44,0.021,0.432,,,,,,,,,,,,,
666310,Bo Naylor,MIL,15 to 20,78,0.037,0.41,,,,,,,,,,,,,
666310,Bo Naylor,MIL,20 to 25,178,0.084,0.449,,,,,,,,,,,,,
666310,Bo Naylor,MIL,25 to 30,256,0.121,0.461,,,,,,,,,,,,,
666310,Bo Naylor,MIL,30 to 35,340,0.161,0.456,15.0,1.0,1.0,0.067,0.067,0.267,0.333,0.133,0.315,0.333,0.118,0.6,85.9
666310,Bo Naylor,MIL,35 to 40,325,0.154,0.48,18.0,3.0,0.0,0.176,0.222,0.176,0.399,0.189,0.366,0.111,0.135,0.4,88.3
666310,Bo Naylor,MIL,40 to 45,272,0.129,0.46,14.0,1.0,1.0,0.083,0.214,0.333,0.548,0.243,0.294,0.143,0.125,0.1,85.2
666310,Bo Naylor,MIL,45 to 50,243,0.115,0.461,,,,,,,,,,,,,
666310,Bo Naylor,MIL,5 to 10,25,0.012,0.48,,,,,,,,,,,,,
666310,Bo Naylor,MIL,50 to 55,190,0.09,0.516,10.0,3.0,0.0,0.333,0.4,0.444,0.844,0.375,0.381,0.0,0.0,0.75,95.5
666310,Bo Naylor,MIL,55 to 60,69,0.033,0.522,,,,,,,,,,,,,
666310,Bo Naylor,MIL,60 to 65,28,0.013,0.429,,,,,,,,,,,,,
677951,Bobby Witt,KC,10 to 15,94,0.019,0.489,18.0,3.0,0.0,0.2,0.333,0.2,0.533,0.267,0.393,0.167,0.269,0.417,94.3
677951,Bobby Witt,KC,15 to 20,184,0.038,0.435,31.0,11.0,2.0,0.367,0.387,0.6,0.987,0.424,0.396,0.226,0.184,0.696,93.8
677951,Bobby Witt,KC,20 to 25,268,0.055,0.511,37.0,11.0,0.0,0.333,0.405,0.424,0.83,0.372,0.392,0.216,0.2,0.52,89.8
677951,Bobby Witt,KC,25 to 30,463,0.095,0.499,62.0,20.0,2.0,0.357,0.419,0.518,0.937,0.41,0.381,0.194,0.291,0.523,90.6
677951,Bobby Witt,KC,30 to 35,640,0.132,0.492,84.0,18.0,3.0,0.247,0.333,0.438,0.772,0.347,0.412,0.131,0.214,0.54,93.1
677951,Bobby Witt,KC,35 to 40,816,0.168,0.507,100.0,21.0,2.0,0.25,0.35,0.381,0.731,0.327,0.377,0.15,0.22,0.486,91.8
677951,Bobby Witt,KC,40 to 45,827,0.17,0.528,97.0,29.0,3.0,0.315,0.351,0.478,0.829,0.389,0.349,0.186,0.234,0.434,93.1
677951,Bobby Witt,KC,45 to 50,603,0.124,0.491,76.0,18.0,3.0,0.254,0.303,0.451,0.753,0.347,0.392,0.158,0.225,0.492,91.8
677951,Bobby Witt,KC,5 to 10,29,0.006,0.517,,,,,,,,,,,,,
677951,Bobby Witt,KC,50 to 55,441,0.091,0.483,43.0,9.0,3.0,0.243,0.326,0.595,0.92,0.379,0.38,0.209,0.211,0.517,92.9
677951,Bobby Witt,KC,55 to 60,225,0.046,0.476,21.0,5.0,0.0,0.278,0.381,0.333,0.714,0.331,0.36,0.238,0.174,0.615,95.1
677951,Bobby Witt,KC,60 to 65,108,0.022,0.463,13.0,2.0,0.0,0.154,0.154,0.154,0.308,0.138,0.225,0.231,0.115,0.4,94.1
677951,Bobby Witt,KC,65 to 70,30,0.006,0.4,,,,,,,,,,,,,
695731,Braden Montgomery,CWS,10 to 15,27,0.02,0.519,,,,,,,,,,,,,
695731,Braden Montgomery,CWS,15 to 20,36,0.026,0.472,11.0,1.0,0.0,0.125,0.364,0.125,0.489,0.273,0.243,0.182,0.353,0.333,87.2
695731,Braden Montgomery,CWS,20 to 25,42,0.031,0.524,12.0,0.0,0.0,0.0,0.083,0.0,0.083,0.058,0.263,0.167,0.227,0.111,86.1
695731,Braden Montgomery,CWS,25 to 30,128,0.094,0.453,27.0,5.0,2.0,0.208,0.296,0.458,0.755,0.326,0.315,0.296,0.241,0.375,87.7
695731,Braden Montgomery,CWS,30 to 35,198,0.145,0.545,50.0,10.0,1.0,0.227,0.32,0.386,0.706,0.314,0.346,0.16,0.231,0.472,88.3
695731,Braden Montgomery,CWS,35 to 40,276,0.202,0.5,66.0,13.0,1.0,0.22,0.303,0.373,0.676,0.314,0.292,0.227,0.326,0.318,86.5
695731,Braden Montgomery,CWS,40 to 45,241,0.177,0.506,74.0,14.0,2.0,0.219,0.311,0.359,0.67,0.299,0.336,0.176,0.238,0.434,88.6
695731,Braden Montgomery,CWS,45 to 50,167,0.122,0.491,45.0,7.0,0.0,0.171,0.244,0.268,0.513,0.233,0.309,0.222,0.293,0.367,90.7
695731,Braden Montgomery,CWS,50 to 55,95,0.07,0.474,26.0,6.0,0.0,0.286,0.423,0.381,0.804,0.369,0.44,0.077,0.156,0.474,89.9
695731,Braden Montgomery,CWS,55 to 60,44,0.032,0.5,,,,,,,,,,,,,
695731,Braden Montgomery,CWS,60 to 65,19,0.014,0.684,,,,,,,,,,,,,
669699,Braden Shewmake,MIL,20 to 25,19,0.064,0.632,,,,,,,,,,,,,
669699,Braden Shewmake,MIL,25 to 30,35,0.118,0.629,,,,,,,,,,,,,
669699,Braden Shewmake,MIL,30 to 35,41,0.138,0.512,,,,,,,,,,,,,
669699,Braden Shewmake,MIL,35 to 40,55,0.185,0.655,20.0,1.0,0.0,0.059,0.105,0.118,0.223,0.15,0.238,0.2,0.194,0.467,81.5
669699,Braden Shewmake,MIL,40 to 45,64,0.215,0.562,19.0,5.0,0.0,0.294,0.316,0.353,0.669,0.292,0.342,0.158,0.222,0.4,90.8
669699,Braden Shewmake,MIL,45 to 50,37,0.125,0.568,,,,,,,,,,,,,
669699,Braden Shewmake,MIL,50 to 55,16,0.054,0.625,,,,,,,,,,,,,
691781,Brady House,WSH,0 to 5,15,0.007,0.533,,,,,,,,,,,,,
691781,Brady House,WSH,10 to 15,58,0.026,0.552,,,,,,,,,,,,,
691781,Brady House,WSH,15 to 20,69,0.031,0.594,10.0,4.0,1.0,0.444,0.5,0.778,1.278,0.54,0.468,0.3,0.278,0.667,90.8
691781,Brady House,WSH,20 to 25,146,0.066,0.479,18.0,2.0,1.0,0.125,0.222,0.375,0.597,0.258,0.321,0.222,0.263,0.583,95.6
691781,Brady House,WSH,25 to 30,225,0.102,0.511,39.0,11.0,2.0,0.324,0.41,0.559,0.969,0.418,0.371,0.256,0.333,0.542,91.4
691781,Brady House,WSH,30 to 35,331,0.15,0.538,62.0,16.0,2.0,0.302,0.387,0.491,0.878,0.395,0.398,0.194,0.265,0.419,91.0
691781,Brady House,WSH,35 to 40,314,0.142,0.551,47.0,8.0,0.0,0.205,0.34,0.282,0.622,0.295,0.298,0.213,0.247,0.483,87.9
691781,Brady House,WSH,40 to 45,358,0.162,0.539,58.0,10.0,0.0,0.185,0.207,0.185,0.392,0.179,0.24,0.345,0.309,0.389,89.1
691781,Brady House,WSH,45 to 50,262,0.118,0.523,40.0,6.0,1.0,0.15,0.15,0.275,0.425,0.18,0.301,0.3,0.238,0.5,92.5
691781,Brady House,WSH,5 to 10,37,0.017,0.432,,,,,,,,,,,,,
691781,Brady House,WSH,50 to 55,206,0.093,0.568,25.0,7.0,0.0,0.304,0.36,0.435,0.795,0.386,0.327,0.24,0.216,0.588,91.7
691781,Brady House,WSH,55 to 60,86,0.039,0.558,11.0,1.0,1.0,0.091,0.091,0.364,0.455,0.182,0.202,0.364,0.29,0.286,79.8
691781,Brady House,WSH,60 to 65,48,0.022,0.562,,,,,,,,,,,,,
663604,Brandon Lockridge,MIL,10 to 15,20,0.019,0.6,,,,,,,,,,,,,
663604,Brandon Lockridge,MIL,15 to 20,56,0.054,0.464,,,,,,,,,,,,,
663604,Brandon Lockridge,MIL,20 to 25,57,0.055,0.456,,,,,,,,,,,,,
663604,Brandon Lockridge,MIL,25 to 30,114,0.11,0.412,,,,,,,,,,,,,
663604,Brandon Lockridge,MIL,30 to 35,132,0.127,0.485,,,,,,,,,,,,,
663604,Brandon Lockridge,MIL,35 to 40,184,0.177,0.473,19.0,4.0,0.0,0.235,0.316,0.235,0.551,0.311,0.197,0.211,0.25,0.286,77.0
663604,Brandon Lockridge,MIL,40 to 45,171,0.164,0.491,27.0,6.0,0.0,0.25,0.333,0.292,0.625,0.324,0.242,0.444,0.316,0.417,80.6
663604,Brandon Lockridge,MIL,45 to 50,97,0.093,0.443,,,,,,,,,,,,,
663604,Brandon Lockridge,MIL,5 to 10,27,0.026,0.63,,,,,,,,,,,,,
663604,Brandon Lockridge,MIL,50 to 55,80,0.077,0.487,12.0,5.0,0.0,0.455,0.5,0.455,0.955,0.473,0.29,0.083,0.083,0.1,81.7
663604,Brandon Lockridge,MIL,55 to 60,49,0.047,0.51,,,,,,,,,,,,,
663604,Brandon Lockridge,MIL,60 to 65,20,0.019,0.5,,,,,,,,,,,,,
663604,Brandon Lockridge,MIL,65 to 70,15,0.014,0.667,,,,,,,,,,,,,
664040,Brandon Lowe,PIT,10 to 15,90,0.019,0.522,16.0,4.0,1.0,0.267,0.312,0.467,0.779,0.338,0.307,0.312,0.31,0.4,82.3
664040,Brandon Lowe,PIT,15 to 20,217,0.046,0.53,29.0,8.0,4.0,0.32,0.31,0.88,1.19,0.448,0.438,0.276,0.283,0.7,96.3
664040,Brandon Lowe,PIT,20 to 25,306,0.065,0.549,38.0,9.0,2.0,0.257,0.316,0.486,0.802,0.345,0.389,0.316,0.224,0.478,95.5
664040,Brandon Lowe,PIT,25 to 30,502,0.106,0.552,72.0,14.0,1.0,0.226,0.319,0.387,0.707,0.312,0.297,0.389,0.399,0.429,89.7
664040,Brandon Lowe,PIT,30 to 35,749,0.159,0.507,95.0,25.0,6.0,0.291,0.358,0.547,0.904,0.401,0.335,0.253,0.309,0.541,94.1
664040,Brandon Lowe,PIT,35 to 40,744,0.158,0.52,91.0,22.0,5.0,0.272,0.341,0.494,0.834,0.359,0.343,0.143,0.257,0.333,88.5
664040,Brandon Lowe,PIT,40 to 45,763,0.162,0.519,109.0,24.0,6.0,0.245,0.312,0.459,0.771,0.349,0.309,0.339,0.383,0.532,91.4
664040,Brandon Lowe,PIT,45 to 50,528,0.112,0.561,72.0,19.0,6.0,0.292,0.361,0.631,0.992,0.429,0.357,0.292,0.357,0.432,87.0
664040,Brandon Lowe,PIT,5 to 10,29,0.006,0.552,,,,,,,,,,,,,
664040,Brandon Lowe,PIT,50 to 55,359,0.076,0.515,50.0,9.0,0.0,0.209,0.3,0.233,0.533,0.253,0.25,0.34,0.317,0.296,90.9
664040,Brandon Lowe,PIT,55 to 60,180,0.038,0.522,24.0,4.0,0.0,0.182,0.25,0.227,0.477,0.223,0.305,0.292,0.382,0.467,93.6
664040,Brandon Lowe,PIT,60 to 65,98,0.021,0.52,15.0,4.0,1.0,0.286,0.333,0.571,0.905,0.383,0.174,0.467,0.519,0.429,88.2
664040,Brandon Lowe,PIT,65 to 70,30,0.006,0.567,,,,,,,,,,,,,
669016,Brandon Marsh,PHI,10 to 15,88,0.023,0.545,11.0,3.0,1.0,0.273,0.273,0.545,0.818,0.345,0.3,0.364,0.357,0.667,97.0
669016,Brandon Marsh,PHI,15 to 20,130,0.035,0.462,16.0,4.0,0.0,0.267,0.312,0.4,0.712,0.312,0.23,0.375,0.273,0.333,86.8
669016,Brandon Marsh,PHI,20 to 25,179,0.048,0.503,33.0,7.0,1.0,0.241,0.333,0.379,0.713,0.32,0.296,0.212,0.192,0.364,86.4
669016,Brandon Marsh,PHI,25 to 30,340,0.091,0.482,54.0,11.0,2.0,0.216,0.245,0.353,0.598,0.282,0.329,0.241,0.267,0.513,90.1
669016,Brandon Marsh,PHI,30 to 35,551,0.147,0.51,87.0,29.0,5.0,0.354,0.379,0.585,0.965,0.411,0.38,0.195,0.201,0.439,89.6
669016,Brandon Marsh,PHI,35 to 40,695,0.185,0.478,96.0,22.0,4.0,0.242,0.271,0.429,0.699,0.299,0.321,0.271,0.198,0.455,90.7
669016,Brandon Marsh,PHI,40 to 45,630,0.168,0.503,99.0,25.0,2.0,0.269,0.303,0.376,0.679,0.308,0.286,0.222,0.208,0.444,88.8
669016,Brandon Marsh,PHI,45 to 50,421,0.112,0.477,61.0,14.0,0.0,0.246,0.279,0.298,0.577,0.258,0.264,0.295,0.294,0.293,86.0
669016,Brandon Marsh,PHI,5 to 10,29,0.008,0.345,,,,,,,,,,,,,
669016,Brandon Marsh,PHI,50 to 55,325,0.087,0.495,33.0,8.0,1.0,0.267,0.333,0.467,0.8,0.347,0.262,0.333,0.232,0.421,86.9
669016,Brandon Marsh,PHI,55 to 60,155,0.041,0.51,22.0,3.0,1.0,0.136,0.136,0.273,0.409,0.173,0.193,0.273,0.213,0.5,88.4
669016,Brandon Marsh,PHI,60 to 65,77,0.021,0.558,10.0,3.0,0.0,0.333,0.333,0.444,0.778,0.361,0.212,0.3,0.227,0.429,79.7
607043,Brandon Nimmo,TEX,10 to 15,103,0.02,0.427,12.0,4.0,0.0,0.4,0.5,0.6,1.1,0.475,0.36,0.167,0.259,0.5,88.1
607043,Brandon Nimmo,TEX,15 to 20,205,0.04,0.502,25.0,7.0,0.0,0.318,0.4,0.318,0.718,0.336,0.277,0.28,0.296,0.467,92.0
607043,Brandon Nimmo,TEX,20 to 25,391,0.076,0.458,56.0,11.0,1.0,0.224,0.321,0.367,0.689,0.325,0.353,0.196,0.13,0.405,86.5
607043,Brandon Nimmo,TEX,25 to 30,491,0.096,0.517,67.0,20.0,3.0,0.333,0.388,0.55,0.938,0.401,0.379,0.194,0.182,0.542,93.6
607043,Brandon Nimmo,TEX,30 to 35,698,0.136,0.486,88.0,20.0,4.0,0.235,0.261,0.424,0.685,0.298,0.336,0.25,0.208,0.532,93.9
607043,Brandon Nimmo,TEX,35 to 40,811,0.158,0.49,116.0,30.0,3.0,0.291,0.362,0.476,0.838,0.364,0.367,0.216,0.21,0.544,92.7
607043,Brandon Nimmo,TEX,40 to 45,866,0.169,0.498,95.0,17.0,2.0,0.198,0.253,0.314,0.567,0.26,0.312,0.211,0.235,0.485,91.3
607043,Brandon Nimmo,TEX,45 to 50,625,0.122,0.482,71.0,14.0,1.0,0.219,0.296,0.312,0.608,0.289,0.364,0.225,0.186,0.531,92.3
607043,Brandon Nimmo,TEX,5 to 10,64,0.012,0.484,,,,,,,,,,,,,
607043,Brandon Nimmo,TEX,50 to 55,434,0.085,0.486,48.0,16.0,0.0,0.372,0.438,0.535,0.972,0.424,0.364,0.188,0.208,0.441,92.1
607043,Brandon Nimmo,TEX,55 to 60,209,0.041,0.459,20.0,5.0,0.0,0.263,0.3,0.421,0.721,0.313,0.249,0.3,0.286,0.385,92.1
607043,Brandon Nimmo,TEX,60 to 65,65,0.013,0.523,11.0,1.0,0.0,0.1,0.182,0.1,0.282,0.145,0.279,0.364,0.133,0.333,89.2
607043,Brandon Nimmo,TEX,65 to 70,17,0.003,0.471,,,,,,,,,,,,,
678218,Brandon Valenzuela,TOR,10 to 15,25,0.023,0.72,,,,,,,,,,,,,
678218,Brandon Valenzuela,TOR,15 to 20,29,0.026,0.517,,,,,,,,,,,,,
678218,Brandon Valenzuela,TOR,20 to 25,56,0.051,0.571,16.0,3.0,0.0,0.188,0.188,0.312,0.5,0.212,0.184,0.25,0.344,0.083,81.2
678218,Brandon Valenzuela,TOR,25 to 30,100,0.091,0.47,27.0,6.0,0.0,0.273,0.407,0.273,0.68,0.33,0.386,0.111,0.213,0.421,87.7
678218,Brandon Valenzuela,TOR,30 to 35,128,0.117,0.516,26.0,4.0,0.0,0.19,0.346,0.19,0.537,0.273,0.367,0.192,0.197,0.25,87.7
678218,Brandon Valenzuela,TOR,35 to 40,173,0.158,0.445,44.0,3.0,0.0,0.073,0.136,0.098,0.234,0.117,0.195,0.386,0.286,0.417,87.7
678218,Brandon Valenzuela,TOR,40 to 45,194,0.177,0.515,47.0,17.0,5.0,0.395,0.426,0.791,1.216,0.513,0.478,0.213,0.23,0.576,91.7
678218,Brandon Valenzuela,TOR,45 to 50,156,0.142,0.481,45.0,7.0,1.0,0.189,0.318,0.297,0.615,0.312,0.297,0.178,0.227,0.267,84.5
678218,Brandon Valenzuela,TOR,50 to 55,87,0.079,0.379,21.0,3.0,1.0,0.158,0.238,0.368,0.607,0.264,0.236,0.476,0.333,0.444,93.6
678218,Brandon Valenzuela,TOR,55 to 60,60,0.055,0.517,,,,,,,,,,,,,
678218,Brandon Valenzuela,TOR,60 to 65,29,0.026,0.414,,,,,,,,,,,,,
690924,Braxton Fulford,COL,15 to 20,31,0.039,0.452,,,,,,,,,,,,,
690924,Braxton Fulford,COL,20 to 25,46,0.057,0.457,,,,,,,,,,,,,
690924,Braxton Fulford,COL,25 to 30,53,0.066,0.472,,,,,,,,,,,,,
690924,Braxton Fulford,COL,30 to 35,108,0.134,0.491,10.0,2.0,0.0,0.222,0.3,0.333,0.633,0.285,0.331,0.4,0.5,0.4,92.0
690924,Braxton Fulford,COL,35 to 40,150,0.187,0.447,25.0,3.0,0.0,0.143,0.24,0.143,0.383,0.192,0.184,0.32,0.297,0.286,84.0
690924,Braxton Fulford,COL,40 to 45,141,0.175,0.468,11.0,2.0,0.0,0.2,0.182,0.2,0.382,0.164,0.129,0.636,0.406,0.0,74.4
690924,Braxton Fulford,COL,45 to 50,119,0.148,0.445,13.0,1.0,0.0,0.083,0.154,0.167,0.321,0.15,0.122,0.615,0.333,0.25,84.4
690924,Braxton Fulford,COL,50 to 55,64,0.08,0.531,,,,,,,,,,,,,
690924,Braxton Fulford,COL,55 to 60,38,0.047,0.474,,,,,,,,,,,,,
690924,Braxton Fulford,COL,60 to 65,21,0.026,0.571,,,,,,,,,,,,,
677587,Brayan Rocchio,CLE,0 to 5,17,0.005,0.353,,,,,,,,,,,,,
677587,Brayan Rocchio,CLE,10 to 15,99,0.027,0.455,18.0,5.0,1.0,0.333,0.444,0.667,1.111,0.467,0.347,0.167,0.188,0.333,89.0
677587,Brayan Rocchio,CLE,15 to 20,133,0.037,0.579,25.0,5.0,0.0,0.227,0.32,0.227,0.547,0.264,0.344,0.08,0.274,0.238,84.7
677587,Brayan Rocchio,CLE,20 to 25,223,0.062,0.462,29.0,7.0,2.0,0.25,0.276,0.536,0.812,0.341,0.275,0.172,0.214,0.348,86.7
677587,Brayan Rocchio,CLE,25 to 30,413,0.114,0.494,68.0,18.0,2.0,0.316,0.409,0.509,0.918,0.431,0.359,0.162,0.211,0.286,86.9
677587,Brayan Rocchio,CLE,30 to 35,516,0.142,0.516,83.0,23.0,2.0,0.315,0.39,0.411,0.801,0.367,0.35,0.096,0.169,0.4,87.0
677587,Brayan Rocchio,CLE,35 to 40,615,0.17,0.488,89.0,11.0,1.0,0.134,0.182,0.195,0.377,0.175,0.245,0.146,0.185,0.183,80.9
677587,Brayan Rocchio,CLE,40 to 45,564,0.156,0.528,98.0,28.0,1.0,0.301,0.327,0.43,0.757,0.338,0.263,0.153,0.205,0.342,88.1
677587,Brayan Rocchio,CLE,45 to 50,404,0.111,0.498,63.0,11.0,2.0,0.2,0.286,0.345,0.631,0.295,0.292,0.175,0.242,0.311,88.2
677587,Brayan Rocchio,CLE,5 to 10,45,0.012,0.467,,,,,,,,,,,,,
677587,Brayan Rocchio,CLE,50 to 55,280,0.077,0.504,38.0,8.0,1.0,0.242,0.316,0.424,0.74,0.343,0.349,0.132,0.253,0.241,83.5
677587,Brayan Rocchio,CLE,55 to 60,148,0.041,0.534,25.0,4.0,1.0,0.16,0.16,0.32,0.48,0.202,0.127,0.2,0.174,0.35,84.0
677587,Brayan Rocchio,CLE,60 to 65,48,0.013,0.417,,,,,,,,,,,,,
680977,Brendan Donovan,SEA,10 to 15,36,0.014,0.528,,,,,,,,,,,,,
680977,Brendan Donovan,SEA,15 to 20,94,0.037,0.447,,,,,,,,,,,,,
680977,Brendan Donovan,SEA,20 to 25,167,0.066,0.425,,,,,,,,,,,,,
680977,Brendan Donovan,SEA,25 to 30,247,0.098,0.466,16.0,2.0,0.0,0.143,0.25,0.143,0.393,0.2,0.318,0.375,0.2,0.556,91.5
680977,Brendan Donovan,SEA,30 to 35,337,0.133,0.377,26.0,6.0,1.0,0.286,0.385,0.476,0.861,0.386,0.314,0.115,0.167,0.368,86.5
680977,Brendan Donovan,SEA,35 to 40,428,0.169,0.446,29.0,7.0,0.0,0.259,0.31,0.296,0.607,0.278,0.241,0.103,0.161,0.167,79.9
680977,Brendan Donovan,SEA,40 to 45,434,0.172,0.459,27.0,10.0,1.0,0.417,0.481,0.708,1.19,0.504,0.345,0.148,0.091,0.3,87.4
680977,Brendan Donovan,SEA,45 to 50,286,0.113,0.43,16.0,3.0,0.0,0.25,0.438,0.333,0.771,0.366,0.277,0.188,0.156,0.333,83.2
680977,Brendan Donovan,SEA,5 to 10,20,0.008,0.25,,,,,,,,,,,,,
680977,Brendan Donovan,SEA,50 to 55,240,0.095,0.454,17.0,6.0,0.0,0.353,0.353,0.412,0.765,0.338,0.301,0.176,0.16,0.143,85.9
680977,Brendan Donovan,SEA,55 to 60,124,0.049,0.419,,,,,,,,,,,,,
680977,Brendan Donovan,SEA,60 to 65,56,0.022,0.464,,,,,,,,,,,,,
667670,Brent Rooker,ATH,-5 to 0,16,0.005,0.312,,,,,,,,,,,,,
667670,Brent Rooker,ATH,10 to 15,77,0.023,0.494,,,,,,,,,,,,,
667670,Brent Rooker,ATH,15 to 20,121,0.036,0.562,,,,,,,,,,,,,
667670,Brent Rooker,ATH,20 to 25,217,0.065,0.456,10.0,2.0,1.0,0.2,0.2,0.6,0.8,0.415,0.291,0.4,0.333,0.333,87.0
667670,Brent Rooker,ATH,25 to 30,361,0.109,0.521,27.0,2.0,0.0,0.091,0.259,0.091,0.35,0.196,0.352,0.296,0.373,0.429,94.3
667670,Brent Rooker,ATH,30 to 35,472,0.142,0.498,31.0,6.0,1.0,0.214,0.29,0.393,0.683,0.3,0.326,0.29,0.304,0.55,95.3
667670,Brent Rooker,ATH,35 to 40,574,0.173,0.484,37.0,7.0,2.0,0.212,0.27,0.424,0.695,0.296,0.266,0.297,0.403,0.435,88.8
667670,Brent Rooker,ATH,40 to 45,614,0.185,0.502,40.0,10.0,3.0,0.278,0.325,0.528,0.853,0.36,0.323,0.325,0.38,0.417,86.5
667670,Brent Rooker,ATH,45 to 50,390,0.117,0.546,23.0,5.0,1.0,0.227,0.261,0.364,0.625,0.313,0.325,0.261,0.267,0.312,87.2
667670,Brent Rooker,ATH,5 to 10,34,0.01,0.471,,,,,,,,,,,,,
667670,Brent Rooker,ATH,50 to 55,246,0.074,0.504,12.0,2.0,1.0,0.182,0.25,0.455,0.705,0.3,0.314,0.333,0.44,0.286,90.9
667670,Brent Rooker,ATH,55 to 60,109,0.033,0.404,,,,,,,,,,,,,
667670,Brent Rooker,ATH,60 to 65,29,0.009,0.483,,,,,,,,,,,,,
686668,Brenton Doyle,CWS,10 to 15,47,0.017,0.468,,,,,,,,,,,,,
686668,Brenton Doyle,CWS,15 to 20,108,0.04,0.556,14.0,4.0,0.0,0.308,0.357,0.308,0.665,0.307,0.277,0.286,0.154,0.222,92.2
686668,Brenton Doyle,CWS,20 to 25,151,0.056,0.483,,,,,,,,,,,,,
686668,Brenton Doyle,CWS,25 to 30,237,0.088,0.481,13.0,0.0,0.0,0.0,0.077,0.0,0.077,0.123,0.172,0.154,0.367,0.3,86.0
686668,Brenton Doyle,CWS,30 to 35,420,0.155,0.514,44.0,9.0,2.0,0.214,0.25,0.381,0.631,0.274,0.245,0.409,0.378,0.292,86.7
686668,Brenton Doyle,CWS,35 to 40,429,0.159,0.529,39.0,9.0,0.0,0.25,0.308,0.278,0.585,0.294,0.274,0.333,0.278,0.348,88.2
686668,Brenton Doyle,CWS,40 to 45,462,0.171,0.552,42.0,10.0,1.0,0.244,0.262,0.366,0.628,0.295,0.219,0.357,0.296,0.423,86.5
686668,Brenton Doyle,CWS,45 to 50,367,0.136,0.441,19.0,7.0,0.0,0.389,0.421,0.5,0.921,0.405,0.275,0.316,0.341,0.5,93.8
686668,Brenton Doyle,CWS,5 to 10,26,0.01,0.538,,,,,,,,,,,,,
686668,Brenton Doyle,CWS,50 to 55,230,0.085,0.504,10.0,1.0,0.0,0.125,0.222,0.25,0.472,0.239,0.24,0.1,0.107,0.2,79.4
686668,Brenton Doyle,CWS,55 to 60,119,0.044,0.546,10.0,2.0,0.0,0.222,0.3,0.333,0.633,0.285,0.248,0.4,0.429,0.6,95.5
686668,Brenton Doyle,CWS,60 to 65,49,0.018,0.531,,,,,,,,,,,,,
686668,Brenton Doyle,CWS,65 to 70,18,0.007,0.444,,,,,,,,,,,,,
703520,Brett Bateman,TOR,15 to 20,41,0.06,0.439,12.0,3.0,0.0,0.3,0.417,0.3,0.717,0.342,0.387,0.167,0.167,0.375,83.4
703520,Brett Bateman,TOR,20 to 25,60,0.087,0.417,17.0,5.0,0.0,0.385,0.5,0.462,0.962,0.447,0.354,0.235,0.16,0.3,81.8
703520,Brett Bateman,TOR,25 to 30,77,0.112,0.325,15.0,5.0,0.0,0.357,0.4,0.429,0.829,0.37,0.261,0.133,0.16,0.083,76.8
703520,Brett Bateman,TOR,30 to 35,72,0.104,0.444,18.0,8.0,0.0,0.471,0.5,0.529,1.029,0.458,0.326,0.222,0.094,0.231,83.6
703520,Brett Bateman,TOR,35 to 40,122,0.177,0.451,27.0,5.0,0.0,0.208,0.296,0.25,0.546,0.257,0.228,0.259,0.2,0.235,83.8
703520,Brett Bateman,TOR,40 to 45,117,0.17,0.462,30.0,7.0,0.0,0.259,0.276,0.37,0.646,0.295,0.262,0.267,0.13,0.19,76.6
703520,Brett Bateman,TOR,45 to 50,77,0.112,0.442,21.0,6.0,0.0,0.333,0.429,0.333,0.762,0.357,0.315,0.19,0.176,0.143,87.0
703520,Brett Bateman,TOR,50 to 55,49,0.071,0.469,14.0,6.0,1.0,0.462,0.5,0.769,1.269,0.539,0.438,0.0,0.0,0.154,79.3
703520,Brett Bateman,TOR,55 to 60,35,0.051,0.429,,,,,,,,,,,,,
683146,Brett Baty,NYM,0 to 5,16,0.004,0.562,,,,,,,,,,,,,
683146,Brett Baty,NYM,10 to 15,81,0.022,0.432,11.0,0.0,0.0,0.0,0.091,0.0,0.091,0.064,0.087,0.545,0.381,0.0,81.5
683146,Brett Baty,NYM,15 to 20,168,0.047,0.53,21.0,3.0,1.0,0.15,0.19,0.3,0.49,0.214,0.274,0.286,0.229,0.429,84.4
683146,Brett Baty,NYM,20 to 25,256,0.071,0.469,32.0,7.0,1.0,0.25,0.344,0.5,0.844,0.362,0.352,0.281,0.29,0.632,96.2
683146,Brett Baty,NYM,25 to 30,328,0.091,0.509,55.0,11.0,1.0,0.234,0.345,0.383,0.728,0.327,0.384,0.2,0.31,0.583,93.6
683146,Brett Baty,NYM,30 to 35,472,0.131,0.462,47.0,12.0,2.0,0.293,0.319,0.512,0.831,0.359,0.361,0.234,0.292,0.375,88.2
683146,Brett Baty,NYM,35 to 40,597,0.165,0.491,74.0,22.0,1.0,0.324,0.378,0.456,0.834,0.368,0.306,0.311,0.351,0.422,92.0
683146,Brett Baty,NYM,40 to 45,635,0.176,0.477,86.0,16.0,0.0,0.205,0.279,0.256,0.535,0.249,0.278,0.267,0.265,0.345,88.5
683146,Brett Baty,NYM,45 to 50,418,0.116,0.452,51.0,10.0,1.0,0.238,0.353,0.357,0.71,0.322,0.367,0.176,0.226,0.412,93.1
683146,Brett Baty,NYM,5 to 10,40,0.011,0.5,,,,,,,,,,,,,
683146,Brett Baty,NYM,50 to 55,283,0.078,0.438,34.0,5.0,1.0,0.167,0.235,0.3,0.535,0.263,0.257,0.265,0.182,0.364,87.8
683146,Brett Baty,NYM,55 to 60,147,0.041,0.503,16.0,4.0,1.0,0.267,0.312,0.467,0.779,0.394,0.27,0.438,0.182,0.5,91.9
683146,Brett Baty,NYM,60 to 65,62,0.017,0.468,,,,,,,,,,,,,
683146,Brett Baty,NYM,65 to 70,25,0.007,0.44,,,,,,,,,,,,,
814430,Brett Callahan,DET,25 to 30,27,0.106,0.593,,,,,,,,,,,,,
814430,Brett Callahan,DET,30 to 35,34,0.133,0.559,,,,,,,,,,,,,
814430,Brett Callahan,DET,35 to 40,63,0.247,0.54,20.0,1.0,0.0,0.059,0.2,0.059,0.259,0.15,0.24,0.4,0.265,0.222,84.8
814430,Brett Callahan,DET,40 to 45,31,0.122,0.742,10.0,5.0,0.0,0.5,0.5,0.8,1.3,0.555,0.364,0.2,0.217,0.625,93.3
814430,Brett Callahan,DET,45 to 50,25,0.098,0.56,,,,,,,,,,,,,
814430,Brett Callahan,DET,50 to 55,23,0.09,0.609,,,,,,,,,,,,,
814430,Brett Callahan,DET,55 to 60,18,0.071,0.667,,,,,,,,,,,,,
695391,Brett Harris,SF,15 to 20,23,0.047,0.478,,,,,,,,,,,,,
695391,Brett Harris,SF,20 to 25,28,0.057,0.5,,,,,,,,,,,,,
695391,Brett Harris,SF,25 to 30,66,0.134,0.333,,,,,,,,,,,,,
695391,Brett Harris,SF,30 to 35,74,0.15,0.378,,,,,,,,,,,,,
695391,Brett Harris,SF,35 to 40,95,0.193,0.526,10.0,2.0,0.0,0.25,0.333,0.25,0.583,0.3,0.21,0.2,0.15,0.0,78.3
695391,Brett Harris,SF,40 to 45,49,0.099,0.347,,,,,,,,,,,,,
695391,Brett Harris,SF,45 to 50,46,0.093,0.435,,,,,,,,,,,,,
695391,Brett Harris,SF,50 to 55,43,0.087,0.465,,,,,,,,,,,,,
695391,Brett Harris,SF,55 to 60,20,0.041,0.3,,,,,,,,,,,,,
664954,Brett Sullivan,COL,10 to 15,16,0.019,0.375,,,,,,,,,,,,,
664954,Brett Sullivan,COL,15 to 20,31,0.037,0.613,,,,,,,,,,,,,
664954,Brett Sullivan,COL,20 to 25,64,0.076,0.562,17.0,3.0,0.0,0.188,0.235,0.312,0.548,0.241,0.212,0.235,0.25,0.5,88.4
664954,Brett Sullivan,COL,25 to 30,92,0.109,0.5,22.0,2.0,1.0,0.091,0.091,0.227,0.318,0.173,0.149,0.273,0.146,0.188,84.9
664954,Brett Sullivan,COL,30 to 35,149,0.176,0.483,49.0,10.0,3.0,0.238,0.306,0.5,0.806,0.337,0.324,0.122,0.114,0.237,85.0
664954,Brett Sullivan,COL,35 to 40,116,0.137,0.56,33.0,12.0,2.0,0.364,0.364,0.636,1.0,0.439,0.291,0.212,0.156,0.308,86.4
664954,Brett Sullivan,COL,40 to 45,130,0.154,0.523,33.0,7.0,0.0,0.219,0.242,0.312,0.555,0.244,0.285,0.061,0.123,0.367,84.7
664954,Brett Sullivan,COL,45 to 50,83,0.098,0.53,20.0,3.0,0.0,0.167,0.25,0.222,0.472,0.222,0.28,0.2,0.179,0.571,92.1
664954,Brett Sullivan,COL,50 to 55,52,0.061,0.442,11.0,0.0,0.0,0.0,0.091,0.0,0.091,0.064,0.197,0.273,0.2,0.429,91.3
664954,Brett Sullivan,COL,55 to 60,41,0.048,0.439,14.0,1.0,0.0,0.083,0.214,0.167,0.381,0.189,0.223,0.214,0.056,0.333,87.2
676551,Brewer Hicklen,ATL,30 to 35,24,0.13,0.583,,,,,,,,,,,,,
676551,Brewer Hicklen,ATL,35 to 40,34,0.184,0.471,,,,,,,,,,,,,
676551,Brewer Hicklen,ATL,40 to 45,44,0.238,0.477,,,,,,,,,,,,,
676551,Brewer Hicklen,ATL,45 to 50,24,0.13,0.375,,,,,,,,,,,,,
640459,Brian Navarreto,MIA,10 to 15,15,0.056,0.533,,,,,,,,,,,,,
640459,Brian Navarreto,MIA,15 to 20,23,0.086,0.435,,,,,,,,,,,,,
640459,Brian Navarreto,MIA,20 to 25,29,0.109,0.517,,,,,,,,,,,,,
640459,Brian Navarreto,MIA,25 to 30,28,0.105,0.714,,,,,,,,,,,,,
640459,Brian Navarreto,MIA,30 to 35,26,0.098,0.5,,,,,,,,,,,,,
640459,Brian Navarreto,MIA,35 to 40,35,0.132,0.686,,,,,,,,,,,,,
640459,Brian Navarreto,MIA,40 to 45,34,0.128,0.529,,,,,,,,,,,,,
640459,Brian Navarreto,MIA,45 to 50,17,0.064,0.471,,,,,,,,,,,,,
640459,Brian Navarreto,MIA,50 to 55,17,0.064,0.353,,,,,,,,,,,,,
640459,Brian Navarreto,MIA,55 to 60,15,0.056,0.533,,,,,,,,,,,,,
661531,Brian Serven,ATH,20 to 25,23,0.073,0.565,,,,,,,,,,,,,
661531,Brian Serven,ATH,25 to 30,31,0.099,0.452,10.0,3.0,1.0,0.3,0.3,0.6,0.9,0.38,0.383,0.3,0.214,0.143,79.9
661531,Brian Serven,ATH,30 to 35,31,0.099,0.484,,,,,,,,,,,,,
661531,Brian Serven,ATH,35 to 40,18,0.058,0.778,,,,,,,,,,,,,
661531,Brian Serven,ATH,40 to 45,42,0.134,0.357,12.0,4.0,1.0,0.364,0.417,0.636,1.053,0.45,0.384,0.167,0.133,0.444,91.6
661531,Brian Serven,ATH,45 to 50,60,0.192,0.45,15.0,0.0,0.0,0.0,0.067,0.0,0.067,0.047,0.118,0.267,0.259,0.1,82.1
661531,Brian Serven,ATH,50 to 55,41,0.131,0.415,12.0,1.0,0.0,0.091,0.167,0.091,0.258,0.133,0.201,0.25,0.235,0.375,89.4
661531,Brian Serven,ATH,55 to 60,20,0.064,0.65,,,,,,,,,,,,,
694728,Brice Matthews,HOU,10 to 15,19,0.017,0.263,,,,,,,,,,,,,
694728,Brice Matthews,HOU,15 to 20,48,0.042,0.521,,,,,,,,,,,,,
694728,Brice Matthews,HOU,20 to 25,74,0.065,0.541,10.0,2.0,1.0,0.25,0.4,0.625,1.025,0.43,0.447,0.2,0.308,0.667,97.4
694728,Brice Matthews,HOU,25 to 30,90,0.079,0.433,16.0,0.0,0.0,0.0,0.133,0.0,0.133,0.114,0.216,0.375,0.357,0.286,74.6
694728,Brice Matthews,HOU,30 to 35,155,0.136,0.426,27.0,3.0,1.0,0.13,0.259,0.261,0.52,0.244,0.282,0.333,0.383,0.429,90.0
694728,Brice Matthews,HOU,35 to 40,207,0.182,0.478,44.0,9.0,1.0,0.214,0.25,0.357,0.607,0.265,0.224,0.25,0.356,0.344,82.8
694728,Brice Matthews,HOU,40 to 45,203,0.178,0.463,46.0,10.0,1.0,0.222,0.239,0.311,0.55,0.282,0.276,0.304,0.31,0.419,82.8
694728,Brice Matthews,HOU,45 to 50,175,0.154,0.491,43.0,11.0,2.0,0.275,0.31,0.425,0.735,0.326,0.254,0.279,0.325,0.276,79.6
694728,Brice Matthews,HOU,50 to 55,68,0.06,0.397,12.0,3.0,0.0,0.273,0.333,0.364,0.697,0.312,0.218,0.583,0.56,0.25,77.4
694728,Brice Matthews,HOU,55 to 60,31,0.027,0.419,,,,,,,,,,,,,
694728,Brice Matthews,HOU,60 to 65,25,0.022,0.56,,,,,,,,,,,,,
668930,Brice Turang,MIL,10 to 15,123,0.022,0.39,12.0,3.0,0.0,0.25,0.25,0.25,0.5,0.3,0.182,0.333,0.185,0.25,89.5
668930,Brice Turang,MIL,15 to 20,201,0.036,0.413,25.0,7.0,1.0,0.292,0.32,0.5,0.82,0.367,0.311,0.28,0.178,0.438,90.0
668930,Brice Turang,MIL,20 to 25,400,0.071,0.43,59.0,17.0,1.0,0.378,0.525,0.6,1.125,0.486,0.402,0.237,0.214,0.516,89.5
668930,Brice Turang,MIL,25 to 30,579,0.103,0.402,66.0,12.0,1.0,0.226,0.344,0.396,0.74,0.34,0.363,0.197,0.186,0.5,87.9
668930,Brice Turang,MIL,30 to 35,686,0.122,0.449,82.0,18.0,4.0,0.247,0.317,0.452,0.769,0.365,0.36,0.159,0.161,0.468,93.5
668930,Brice Turang,MIL,35 to 40,922,0.164,0.454,114.0,22.0,6.0,0.222,0.319,0.475,0.793,0.356,0.359,0.307,0.264,0.429,89.3
668930,Brice Turang,MIL,40 to 45,1019,0.182,0.432,122.0,31.0,2.0,0.298,0.392,0.423,0.815,0.384,0.338,0.254,0.211,0.365,86.6
668930,Brice Turang,MIL,45 to 50,710,0.127,0.442,79.0,13.0,1.0,0.188,0.291,0.261,0.552,0.263,0.303,0.266,0.219,0.404,88.3
668930,Brice Turang,MIL,5 to 10,58,0.01,0.362,,,,,,,,,,,,,
668930,Brice Turang,MIL,50 to 55,420,0.075,0.452,46.0,12.0,2.0,0.3,0.391,0.575,0.966,0.432,0.323,0.304,0.193,0.346,86.9
668930,Brice Turang,MIL,55 to 60,261,0.047,0.429,22.0,5.0,0.0,0.294,0.455,0.353,0.807,0.38,0.337,0.182,0.217,0.308,90.6
668930,Brice Turang,MIL,60 to 65,51,0.009,0.373,,,,,,,,,,,,,
668930,Brice Turang,MIL,65 to 70,26,0.005,0.462,,,,,,,,,,,,,
801126,Brock Rodden,SEA,15 to 20,21,0.073,0.571,,,,,,,,,,,,,
801126,Brock Rodden,SEA,20 to 25,38,0.133,0.579,,,,,,,,,,,,,
801126,Brock Rodden,SEA,25 to 30,30,0.105,0.533,11.0,1.0,0.0,0.111,0.182,0.111,0.293,0.145,0.181,0.455,0.5,0.8,96.3
801126,Brock Rodden,SEA,30 to 35,48,0.168,0.333,12.0,2.0,0.0,0.2,0.333,0.3,0.633,0.296,0.21,0.25,0.375,0.143,87.5
801126,Brock Rodden,SEA,35 to 40,31,0.108,0.548,,,,,,,,,,,,,
801126,Brock Rodden,SEA,40 to 45,45,0.157,0.4,11.0,3.0,0.0,0.3,0.364,0.6,0.964,0.405,0.17,0.364,0.444,0.167,90.4
801126,Brock Rodden,SEA,45 to 50,34,0.119,0.5,,,,,,,,,,,,,
801126,Brock Rodden,SEA,50 to 55,19,0.066,0.421,,,,,,,,,,,,,
686797,Brooks Lee,MIN,-5 to 0,16,0.004,0.5,,,,,,,,,,,,,
686797,Brooks Lee,MIN,0 to 5,18,0.004,0.5,,,,,,,,,,,,,
686797,Brooks Lee,MIN,10 to 15,95,0.022,0.526,16.0,5.0,0.0,0.312,0.312,0.375,0.688,0.303,0.345,0.062,0.107,0.4,87.2
686797,Brooks Lee,MIN,15 to 20,127,0.029,0.488,18.0,4.0,1.0,0.25,0.333,0.562,0.896,0.378,0.286,0.111,0.179,0.357,87.6
686797,Brooks Lee,MIN,20 to 25,233,0.054,0.502,30.0,5.0,1.0,0.185,0.267,0.296,0.563,0.257,0.328,0.1,0.22,0.417,92.1
686797,Brooks Lee,MIN,25 to 30,443,0.102,0.506,62.0,14.0,1.0,0.25,0.306,0.375,0.681,0.3,0.274,0.113,0.189,0.26,89.1
686797,Brooks Lee,MIN,30 to 35,681,0.157,0.537,97.0,29.0,3.0,0.315,0.344,0.457,0.8,0.352,0.325,0.155,0.194,0.359,88.9
686797,Brooks Lee,MIN,35 to 40,785,0.181,0.548,123.0,21.0,2.0,0.178,0.203,0.271,0.474,0.238,0.211,0.154,0.187,0.23,85.5
686797,Brooks Lee,MIN,40 to 45,671,0.155,0.51,98.0,36.0,10.0,0.404,0.459,0.809,1.268,0.538,0.346,0.133,0.173,0.461,89.2
686797,Brooks Lee,MIN,45 to 50,547,0.126,0.494,77.0,19.0,2.0,0.264,0.312,0.431,0.742,0.328,0.263,0.26,0.136,0.412,89.4
686797,Brooks Lee,MIN,5 to 10,25,0.006,0.48,,,,,,,,,,,,,
686797,Brooks Lee,MIN,50 to 55,334,0.077,0.506,38.0,4.0,1.0,0.121,0.211,0.242,0.453,0.236,0.204,0.237,0.178,0.208,83.1
686797,Brooks Lee,MIN,55 to 60,164,0.038,0.512,17.0,3.0,2.0,0.188,0.235,0.562,0.798,0.329,0.35,0.118,0.2,0.429,84.9
686797,Brooks Lee,MIN,60 to 65,73,0.017,0.507,10.0,2.0,1.0,0.2,0.2,0.5,0.7,0.29,0.272,0.3,0.364,0.429,88.2
686797,Brooks Lee,MIN,65 to 70,19,0.004,0.632,,,,,,,,,,,,,
650559,Bryan De La Cruz,PHI,10 to 15,34,0.071,0.441,,,,,,,,,,,,,
650559,Bryan De La Cruz,PHI,20 to 25,20,0.042,0.4,,,,,,,,,,,,,
650559,Bryan De La Cruz,PHI,25 to 30,53,0.111,0.509,,,,,,,,,,,,,
650559,Bryan De La Cruz,PHI,30 to 35,54,0.113,0.519,,,,,,,,,,,,,
650559,Bryan De La Cruz,PHI,35 to 40,63,0.132,0.571,14.0,3.0,1.0,0.25,0.357,0.5,0.857,0.371,0.401,0.071,0.115,0.455,89.8
650559,Bryan De La Cruz,PHI,40 to 45,67,0.141,0.537,13.0,4.0,0.0,0.364,0.385,0.455,0.839,0.358,0.267,0.0,0.2,0.417,86.8
650559,Bryan De La Cruz,PHI,45 to 50,40,0.084,0.6,,,,,,,,,,,,,
650559,Bryan De La Cruz,PHI,50 to 55,53,0.111,0.509,,,,,,,,,,,,,
650559,Bryan De La Cruz,PHI,55 to 60,27,0.057,0.444,,,,,,,,,,,,,
668804,Bryan Reynolds,PIT,10 to 15,96,0.018,0.417,,,,,,,,,,,,,
668804,Bryan Reynolds,PIT,15 to 20,230,0.043,0.452,32.0,9.0,0.0,0.31,0.375,0.448,0.823,0.362,0.274,0.156,0.154,0.458,89.5
668804,Bryan Reynolds,PIT,20 to 25,375,0.07,0.459,50.0,10.0,0.0,0.25,0.4,0.275,0.675,0.327,0.365,0.2,0.205,0.6,92.5
668804,Bryan Reynolds,PIT,25 to 30,546,0.103,0.467,57.0,15.0,3.0,0.3,0.386,0.6,0.986,0.418,0.404,0.228,0.277,0.432,92.0
668804,Bryan Reynolds,PIT,30 to 35,761,0.143,0.457,108.0,18.0,2.0,0.217,0.38,0.373,0.753,0.342,0.371,0.269,0.28,0.589,93.2
668804,Bryan Reynolds,PIT,35 to 40,836,0.157,0.493,115.0,24.0,5.0,0.242,0.348,0.434,0.782,0.353,0.358,0.2,0.273,0.526,92.5
668804,Bryan Reynolds,PIT,40 to 45,837,0.157,0.492,103.0,27.0,2.0,0.297,0.369,0.451,0.819,0.372,0.365,0.233,0.238,0.418,90.0
668804,Bryan Reynolds,PIT,45 to 50,684,0.128,0.513,82.0,23.0,3.0,0.311,0.378,0.541,0.919,0.395,0.382,0.232,0.29,0.4,88.5
668804,Bryan Reynolds,PIT,5 to 10,28,0.005,0.464,,,,,,,,,,,,,
668804,Bryan Reynolds,PIT,50 to 55,449,0.084,0.512,72.0,14.0,0.0,0.222,0.319,0.286,0.605,0.321,0.304,0.306,0.33,0.385,89.6
668804,Bryan Reynolds,PIT,55 to 60,218,0.041,0.491,16.0,3.0,1.0,0.2,0.25,0.467,0.717,0.303,0.395,0.062,0.231,0.571,91.0
668804,Bryan Reynolds,PIT,60 to 65,99,0.019,0.455,16.0,2.0,0.0,0.143,0.25,0.214,0.464,0.222,0.227,0.375,0.25,0.375,86.5
668804,Bryan Reynolds,PIT,65 to 70,22,0.004,0.682,,,,,,,,,,,,,
668804,Bryan Reynolds,PIT,70 to 75,16,0.003,0.562,,,,,,,,,,,,,
663494,Bryan Torres,STL,10 to 15,16,0.022,0.5,,,,,,,,,,,,,
663494,Bryan Torres,STL,15 to 20,20,0.027,0.45,,,,,,,,,,,,,
663494,Bryan Torres,STL,20 to 25,57,0.078,0.509,17.0,4.0,0.0,0.235,0.235,0.353,0.588,0.359,0.269,0.118,0.069,0.267,87.8
663494,Bryan Torres,STL,25 to 30,69,0.094,0.362,15.0,1.0,0.0,0.071,0.133,0.071,0.205,0.107,0.195,0.333,0.36,0.111,85.7
663494,Bryan Torres,STL,30 to 35,112,0.153,0.429,31.0,4.0,2.0,0.154,0.29,0.385,0.675,0.3,0.307,0.129,0.271,0.227,86.7
663494,Bryan Torres,STL,35 to 40,137,0.187,0.445,32.0,5.0,0.0,0.172,0.25,0.172,0.422,0.206,0.217,0.344,0.213,0.222,87.3
663494,Bryan Torres,STL,40 to 45,147,0.201,0.463,30.0,6.0,0.0,0.24,0.367,0.24,0.607,0.297,0.277,0.2,0.221,0.2,79.1
663494,Bryan Torres,STL,45 to 50,69,0.094,0.391,15.0,5.0,2.0,0.357,0.4,0.786,1.186,0.493,0.43,0.333,0.222,0.444,88.6
663494,Bryan Torres,STL,50 to 55,43,0.059,0.465,11.0,4.0,0.0,0.444,0.455,0.667,1.121,0.455,0.333,0.091,0.05,0.444,90.9
663494,Bryan Torres,STL,55 to 60,20,0.027,0.5,,,,,,,,,,,,,
805811,Bryce Eldridge,SF,10 to 15,25,0.012,0.52,,,,,,,,,,,,,
805811,Bryce Eldridge,SF,15 to 20,45,0.022,0.378,,,,,,,,,,,,,
805811,Bryce Eldridge,SF,20 to 25,122,0.06,0.41,27.0,6.0,1.0,0.261,0.37,0.565,0.936,0.396,0.374,0.296,0.25,0.467,94.4
805811,Bryce Eldridge,SF,25 to 30,210,0.103,0.438,44.0,10.0,1.0,0.263,0.364,0.395,0.758,0.341,0.296,0.295,0.268,0.44,89.5
805811,Bryce Eldridge,SF,30 to 35,261,0.128,0.437,63.0,14.0,1.0,0.246,0.302,0.333,0.635,0.284,0.34,0.302,0.262,0.564,94.4
805811,Bryce Eldridge,SF,35 to 40,360,0.176,0.453,75.0,14.0,5.0,0.219,0.307,0.484,0.791,0.335,0.355,0.24,0.275,0.574,93.5
805811,Bryce Eldridge,SF,40 to 45,351,0.172,0.439,80.0,20.0,3.0,0.299,0.412,0.522,0.935,0.418,0.412,0.225,0.221,0.531,93.4
805811,Bryce Eldridge,SF,45 to 50,279,0.137,0.394,67.0,18.0,2.0,0.305,0.388,0.508,0.897,0.39,0.339,0.269,0.283,0.488,89.8
805811,Bryce Eldridge,SF,50 to 55,184,0.09,0.418,37.0,13.0,3.0,0.394,0.459,0.667,1.126,0.481,0.415,0.27,0.275,0.565,94.2
805811,Bryce Eldridge,SF,55 to 60,82,0.04,0.427,19.0,3.0,0.0,0.188,0.316,0.25,0.566,0.271,0.406,0.263,0.267,0.636,96.3
805811,Bryce Eldridge,SF,60 to 65,21,0.01,0.333,,,,,,,,,,,,,
547180,Bryce Harper,PHI,-5 to 0,16,0.003,0.438,,,,,,,,,,,,,
547180,Bryce Harper,PHI,10 to 15,156,0.032,0.526,26.0,2.0,0.0,0.087,0.192,0.087,0.279,0.15,0.183,0.385,0.368,0.308,84.5
547180,Bryce Harper,PHI,15 to 20,164,0.034,0.543,19.0,3.0,0.0,0.188,0.316,0.188,0.503,0.253,0.317,0.158,0.214,0.308,86.7
547180,Bryce Harper,PHI,20 to 25,270,0.056,0.526,31.0,4.0,1.0,0.2,0.419,0.35,0.769,0.355,0.406,0.032,0.203,0.238,85.6
547180,Bryce Harper,PHI,25 to 30,484,0.1,0.535,72.0,17.0,7.0,0.262,0.319,0.677,0.996,0.419,0.455,0.194,0.278,0.5,93.4
547180,Bryce Harper,PHI,30 to 35,608,0.125,0.507,97.0,26.0,4.0,0.302,0.361,0.535,0.896,0.38,0.324,0.258,0.259,0.349,89.2
547180,Bryce Harper,PHI,35 to 40,817,0.168,0.52,109.0,28.0,6.0,0.304,0.413,0.598,1.011,0.455,0.38,0.211,0.274,0.507,91.8
547180,Bryce Harper,PHI,40 to 45,782,0.161,0.505,105.0,29.0,4.0,0.326,0.429,0.506,0.934,0.41,0.41,0.21,0.252,0.448,89.5
547180,Bryce Harper,PHI,45 to 50,621,0.128,0.527,84.0,19.0,2.0,0.292,0.44,0.446,0.887,0.396,0.402,0.226,0.301,0.468,87.6
547180,Bryce Harper,PHI,5 to 10,82,0.017,0.61,13.0,1.0,0.0,0.077,0.077,0.077,0.154,0.069,0.17,0.308,0.367,0.111,83.4
547180,Bryce Harper,PHI,50 to 55,392,0.081,0.523,55.0,8.0,1.0,0.186,0.345,0.279,0.625,0.297,0.391,0.218,0.361,0.406,90.0
547180,Bryce Harper,PHI,55 to 60,201,0.041,0.488,22.0,5.0,2.0,0.238,0.273,0.524,0.797,0.336,0.39,0.273,0.41,0.8,98.1
547180,Bryce Harper,PHI,60 to 65,80,0.016,0.45,,,,,,,,,,,,,
547180,Bryce Harper,PHI,65 to 70,36,0.007,0.389,,,,,,,,,,,,,
669369,Bryce Johnson,SD,10 to 15,15,0.032,0.4,,,,,,,,,,,,,
669369,Bryce Johnson,SD,20 to 25,53,0.112,0.547,,,,,,,,,,,,,
669369,Bryce Johnson,SD,25 to 30,48,0.101,0.417,,,,,,,,,,,,,
669369,Bryce Johnson,SD,30 to 35,88,0.185,0.477,12.0,2.0,0.0,0.2,0.333,0.2,0.533,0.267,0.255,0.333,0.35,0.167,63.6
669369,Bryce Johnson,SD,35 to 40,67,0.141,0.373,,,,,,,,,,,,,
669369,Bryce Johnson,SD,40 to 45,63,0.133,0.571,,,,,,,,,,,,,
669369,Bryce Johnson,SD,45 to 50,63,0.133,0.46,,,,,,,,,,,,,
669369,Bryce Johnson,SD,50 to 55,39,0.082,0.436,,,,,,,,,,,,,
669369,Bryce Johnson,SD,55 to 60,17,0.036,0.588,,,,,,,,,,,,,
669326,Bryce Teodosio,LAA,15 to 20,16,0.022,0.688,,,,,,,,,,,,,
669326,Bryce Teodosio,LAA,20 to 25,37,0.05,0.541,,,,,,,,,,,,,
669326,Bryce Teodosio,LAA,25 to 30,53,0.072,0.547,,,,,,,,,,,,,
669326,Bryce Teodosio,LAA,30 to 35,111,0.151,0.559,,,,,,,,,,,,,
669326,Bryce Teodosio,LAA,35 to 40,147,0.2,0.599,,,,,,,,,,,,,
669326,Bryce Teodosio,LAA,40 to 45,141,0.192,0.617,11.0,0.0,0.0,0.0,0.091,0.0,0.091,0.064,0.101,0.545,0.5,0.0,57.6
669326,Bryce Teodosio,LAA,45 to 50,68,0.093,0.632,,,,,,,,,,,,,
669326,Bryce Teodosio,LAA,50 to 55,68,0.093,0.5,,,,,,,,,,,,,
669326,Bryce Teodosio,LAA,55 to 60,42,0.057,0.619,,,,,,,,,,,,,
681082,Bryson Stott,PHI,10 to 15,87,0.018,0.391,,,,,,,,,,,,,
681082,Bryson Stott,PHI,15 to 20,148,0.03,0.459,18.0,6.0,1.0,0.429,0.556,1.0,1.556,0.614,0.503,0.222,0.2,0.455,91.1
681082,Bryson Stott,PHI,20 to 25,301,0.061,0.375,27.0,2.0,0.0,0.087,0.222,0.13,0.353,0.183,0.208,0.37,0.265,0.154,87.4
681082,Bryson Stott,PHI,25 to 30,508,0.103,0.433,75.0,20.0,6.0,0.317,0.419,0.714,1.133,0.472,0.416,0.173,0.188,0.412,87.6
681082,Bryson Stott,PHI,30 to 35,696,0.141,0.397,80.0,26.0,0.0,0.351,0.4,0.405,0.805,0.374,0.368,0.112,0.175,0.446,91.5
681082,Bryson Stott,PHI,35 to 40,824,0.167,0.403,115.0,21.0,1.0,0.208,0.281,0.297,0.578,0.271,0.327,0.157,0.159,0.372,88.0
681082,Bryson Stott,PHI,40 to 45,859,0.175,0.432,86.0,17.0,0.0,0.21,0.247,0.296,0.543,0.255,0.308,0.221,0.173,0.429,91.2
681082,Bryson Stott,PHI,45 to 50,611,0.124,0.385,74.0,11.0,1.0,0.172,0.284,0.281,0.565,0.262,0.289,0.122,0.139,0.364,89.7
681082,Bryson Stott,PHI,5 to 10,46,0.009,0.391,,,,,,,,,,,,,
681082,Bryson Stott,PHI,50 to 55,356,0.072,0.427,48.0,10.0,0.0,0.238,0.298,0.357,0.655,0.293,0.239,0.167,0.088,0.306,87.5
681082,Bryson Stott,PHI,55 to 60,204,0.041,0.412,22.0,10.0,1.0,0.5,0.545,0.65,1.195,0.523,0.445,0.091,0.051,0.389,84.7
681082,Bryson Stott,PHI,60 to 65,86,0.017,0.477,,,,,,,,,,,,,
681082,Bryson Stott,PHI,65 to 70,36,0.007,0.472,,,,,,,,,,,,,
681082,Bryson Stott,PHI,70 to 75,15,0.003,0.2,,,,,,,,,,,,,
671083,Buddy Kennedy,SF,20 to 25,21,0.061,0.571,,,,,,,,,,,,,
671083,Buddy Kennedy,SF,25 to 30,25,0.073,0.36,,,,,,,,,,,,,
671083,Buddy Kennedy,SF,30 to 35,21,0.061,0.476,,,,,,,,,,,,,
671083,Buddy Kennedy,SF,35 to 40,26,0.076,0.308,,,,,,,,,,,,,
671083,Buddy Kennedy,SF,40 to 45,67,0.195,0.433,,,,,,,,,,,,,
671083,Buddy Kennedy,SF,45 to 50,58,0.169,0.517,,,,,,,,,,,,,
671083,Buddy Kennedy,SF,50 to 55,52,0.151,0.481,,,,,,,,,,,,,
671083,Buddy Kennedy,SF,55 to 60,34,0.099,0.441,,,,,,,,,,,,,
621439,Byron Buxton,MIN,0 to 5,21,0.006,0.714,,,,,,,,,,,,,
621439,Byron Buxton,MIN,10 to 15,70,0.02,0.514,,,,,,,,,,,,,
621439,Byron Buxton,MIN,15 to 20,127,0.036,0.543,15.0,6.0,1.0,0.462,0.467,0.846,1.313,0.527,0.38,0.133,0.261,0.417,86.8
621439,Byron Buxton,MIN,20 to 25,214,0.06,0.5,17.0,3.0,0.0,0.2,0.294,0.267,0.561,0.262,0.337,0.294,0.378,0.6,94.3
621439,Byron Buxton,MIN,25 to 30,335,0.094,0.496,37.0,5.0,1.0,0.139,0.162,0.222,0.384,0.17,0.186,0.378,0.299,0.5,91.1
621439,Byron Buxton,MIN,30 to 35,479,0.135,0.545,46.0,12.0,2.0,0.273,0.304,0.455,0.759,0.348,0.341,0.217,0.301,0.559,91.6
621439,Byron Buxton,MIN,35 to 40,634,0.178,0.536,85.0,20.0,7.0,0.27,0.365,0.622,0.986,0.414,0.385,0.2,0.261,0.421,89.1
621439,Byron Buxton,MIN,40 to 45,651,0.183,0.513,81.0,20.0,6.0,0.267,0.321,0.573,0.894,0.388,0.401,0.235,0.314,0.446,90.7
621439,Byron Buxton,MIN,45 to 50,447,0.126,0.497,55.0,16.0,4.0,0.314,0.364,0.588,0.952,0.405,0.368,0.273,0.265,0.444,91.1
621439,Byron Buxton,MIN,5 to 10,19,0.005,0.526,,,,,,,,,,,,,
621439,Byron Buxton,MIN,50 to 55,256,0.072,0.508,22.0,5.0,1.0,0.263,0.364,0.526,0.89,0.382,0.345,0.227,0.294,0.643,93.6
621439,Byron Buxton,MIN,55 to 60,139,0.039,0.547,16.0,3.0,2.0,0.2,0.25,0.6,0.85,0.35,0.254,0.188,0.294,0.417,90.3
621439,Byron Buxton,MIN,60 to 65,57,0.016,0.509,,,,,,,,,,,,,
621439,Byron Buxton,MIN,65 to 70,16,0.004,0.625,,,,,,,,,,,,,
663728,Cal Raleigh,SEA,-10 to -5,16,0.003,0.5,,,,,,,,,,,,,
663728,Cal Raleigh,SEA,10 to 15,71,0.014,0.648,,,,,,,,,,,,,
663728,Cal Raleigh,SEA,15 to 20,151,0.03,0.464,14.0,1.0,1.0,0.111,0.429,0.444,0.873,0.393,0.382,0.143,0.281,0.429,84.1
663728,Cal Raleigh,SEA,20 to 25,269,0.053,0.494,27.0,7.0,3.0,0.304,0.407,0.783,1.19,0.485,0.436,0.259,0.354,0.5,96.8
663728,Cal Raleigh,SEA,25 to 30,521,0.102,0.522,54.0,8.0,2.0,0.182,0.333,0.341,0.674,0.31,0.333,0.333,0.276,0.462,90.9
663728,Cal Raleigh,SEA,30 to 35,735,0.144,0.52,72.0,10.0,3.0,0.164,0.264,0.344,0.608,0.268,0.3,0.222,0.252,0.255,87.2
663728,Cal Raleigh,SEA,35 to 40,833,0.163,0.502,90.0,18.0,4.0,0.228,0.322,0.443,0.765,0.334,0.341,0.311,0.291,0.471,90.5
663728,Cal Raleigh,SEA,40 to 45,847,0.165,0.499,89.0,17.0,4.0,0.218,0.303,0.397,0.701,0.311,0.309,0.281,0.286,0.415,91.1
663728,Cal Raleigh,SEA,45 to 50,665,0.13,0.541,71.0,9.0,2.0,0.148,0.268,0.279,0.546,0.254,0.253,0.437,0.392,0.367,87.7
663728,Cal Raleigh,SEA,5 to 10,21,0.004,0.619,,,,,,,,,,,,,
663728,Cal Raleigh,SEA,50 to 55,470,0.092,0.526,48.0,5.0,1.0,0.116,0.208,0.209,0.418,0.197,0.27,0.333,0.283,0.296,88.5
663728,Cal Raleigh,SEA,55 to 60,226,0.044,0.438,16.0,1.0,1.0,0.077,0.25,0.308,0.558,0.256,0.21,0.375,0.242,0.571,89.1
663728,Cal Raleigh,SEA,60 to 65,85,0.017,0.353,10.0,1.0,1.0,0.143,0.3,0.571,0.871,0.34,0.396,0.3,0.357,0.2,93.2
702332,Caleb Durbin,BOS,-5 to 0,29,0.007,0.379,,,,,,,,,,,,,
702332,Caleb Durbin,BOS,0 to 5,18,0.005,0.389,,,,,,,,,,,,,
702332,Caleb Durbin,BOS,10 to 15,73,0.018,0.384,,,,,,,,,,,,,
702332,Caleb Durbin,BOS,15 to 20,117,0.03,0.402,18.0,0.0,0.0,0.0,0.111,0.0,0.111,0.128,0.185,0.111,0.185,0.071,86.8
702332,Caleb Durbin,BOS,20 to 25,230,0.058,0.452,34.0,5.0,0.0,0.172,0.294,0.276,0.57,0.293,0.27,0.118,0.086,0.269,83.7
702332,Caleb Durbin,BOS,25 to 30,335,0.085,0.454,53.0,17.0,1.0,0.333,0.358,0.49,0.849,0.386,0.31,0.132,0.143,0.341,84.2
702332,Caleb Durbin,BOS,30 to 35,528,0.134,0.47,68.0,14.0,3.0,0.23,0.299,0.393,0.692,0.319,0.269,0.088,0.085,0.196,78.3
702332,Caleb Durbin,BOS,35 to 40,669,0.169,0.466,107.0,29.0,2.0,0.302,0.346,0.458,0.804,0.374,0.27,0.196,0.161,0.269,81.8
702332,Caleb Durbin,BOS,40 to 45,675,0.171,0.425,101.0,19.0,0.0,0.213,0.297,0.236,0.533,0.252,0.266,0.158,0.177,0.189,78.0
702332,Caleb Durbin,BOS,45 to 50,516,0.131,0.455,64.0,12.0,2.0,0.24,0.371,0.4,0.771,0.352,0.348,0.078,0.206,0.292,80.6
702332,Caleb Durbin,BOS,5 to 10,32,0.008,0.469,,,,,,,,,,,,,
702332,Caleb Durbin,BOS,50 to 55,347,0.088,0.415,54.0,8.0,2.0,0.186,0.352,0.372,0.724,0.336,0.318,0.167,0.171,0.273,86.2
702332,Caleb Durbin,BOS,55 to 60,165,0.042,0.473,22.0,6.0,1.0,0.353,0.5,0.529,1.029,0.455,0.463,0.0,0.088,0.353,81.1
702332,Caleb Durbin,BOS,60 to 65,72,0.018,0.472,,,,,,,,,,,,,
702332,Caleb Durbin,BOS,65 to 70,40,0.01,0.425,,,,,,,,,,,,,
702332,Caleb Durbin,BOS,70 to 75,23,0.006,0.522,,,,,,,,,,,,,
695508,Cam Cauley,TEX,25 to 30,16,0.068,0.625,,,,,,,,,,,,,
695508,Cam Cauley,TEX,35 to 40,24,0.101,0.583,,,,,,,,,,,,,
695508,Cam Cauley,TEX,40 to 45,58,0.245,0.466,19.0,2.0,0.0,0.125,0.222,0.25,0.472,0.278,0.26,0.105,0.111,0.2,79.0
695508,Cam Cauley,TEX,45 to 50,54,0.228,0.37,12.0,1.0,0.0,0.1,0.25,0.1,0.35,0.192,0.177,0.25,0.15,0.0,84.4
695508,Cam Cauley,TEX,50 to 55,17,0.072,0.529,,,,,,,,,,,,,
701358,Cam Smith,HOU,-5 to 0,15,0.003,0.4,,,,,,,,,,,,,
701358,Cam Smith,HOU,0 to 5,16,0.004,0.438,,,,,,,,,,,,,
701358,Cam Smith,HOU,10 to 15,75,0.017,0.453,11.0,1.0,1.0,0.111,0.273,0.444,0.717,0.309,0.256,0.273,0.368,0.429,90.2
701358,Cam Smith,HOU,15 to 20,161,0.037,0.435,17.0,3.0,0.0,0.176,0.176,0.294,0.471,0.2,0.259,0.353,0.243,0.545,95.3
701358,Cam Smith,HOU,20 to 25,275,0.064,0.495,36.0,8.0,0.0,0.242,0.306,0.303,0.609,0.303,0.276,0.333,0.22,0.333,86.5
701358,Cam Smith,HOU,25 to 30,378,0.088,0.5,47.0,13.0,3.0,0.289,0.298,0.556,0.853,0.356,0.421,0.319,0.284,0.516,93.4
701358,Cam Smith,HOU,30 to 35,555,0.129,0.452,68.0,14.0,1.0,0.233,0.309,0.417,0.725,0.315,0.312,0.162,0.3,0.412,88.8
701358,Cam Smith,HOU,35 to 40,770,0.179,0.49,100.0,22.0,5.0,0.229,0.26,0.448,0.708,0.314,0.334,0.22,0.271,0.425,88.0
701358,Cam Smith,HOU,40 to 45,793,0.185,0.502,99.0,25.0,6.0,0.272,0.303,0.511,0.814,0.36,0.382,0.253,0.261,0.435,88.3
701358,Cam Smith,HOU,45 to 50,523,0.122,0.467,75.0,7.0,2.0,0.115,0.267,0.246,0.513,0.256,0.236,0.32,0.341,0.368,85.4
701358,Cam Smith,HOU,5 to 10,34,0.008,0.471,,,,,,,,,,,,,
701358,Cam Smith,HOU,50 to 55,320,0.074,0.516,42.0,5.0,2.0,0.135,0.238,0.297,0.535,0.243,0.315,0.19,0.181,0.517,90.9
701358,Cam Smith,HOU,55 to 60,176,0.041,0.523,20.0,2.0,0.0,0.118,0.25,0.176,0.426,0.212,0.324,0.2,0.188,0.538,86.0
701358,Cam Smith,HOU,60 to 65,63,0.015,0.397,,,,,,,,,,,,,
701358,Cam Smith,HOU,65 to 70,38,0.009,0.289,,,,,,,,,,,,,
621043,Carlos Correa,HOU,10 to 15,59,0.02,0.39,,,,,,,,,,,,,
621043,Carlos Correa,HOU,15 to 20,97,0.033,0.474,,,,,,,,,,,,,
621043,Carlos Correa,HOU,20 to 25,198,0.068,0.46,,,,,,,,,,,,,
621043,Carlos Correa,HOU,25 to 30,285,0.098,0.463,16.0,2.0,0.0,0.154,0.312,0.154,0.466,0.244,0.343,0.062,0.217,0.25,85.4
621043,Carlos Correa,HOU,30 to 35,398,0.137,0.465,18.0,3.0,1.0,0.167,0.167,0.333,0.5,0.261,0.22,0.333,0.167,0.25,84.1
621043,Carlos Correa,HOU,35 to 40,497,0.171,0.481,28.0,8.0,2.0,0.32,0.393,0.64,1.033,0.436,0.493,0.143,0.197,0.571,92.6
621043,Carlos Correa,HOU,40 to 45,559,0.193,0.444,29.0,5.0,0.0,0.2,0.31,0.28,0.59,0.276,0.303,0.207,0.188,0.368,88.5
621043,Carlos Correa,HOU,45 to 50,358,0.123,0.444,17.0,7.0,0.0,0.538,0.588,0.615,1.204,0.515,0.484,0.118,0.161,0.5,91.2
621043,Carlos Correa,HOU,5 to 10,21,0.007,0.524,,,,,,,,,,,,,
621043,Carlos Correa,HOU,50 to 55,213,0.073,0.474,,,,,,,,,,,,,
621043,Carlos Correa,HOU,55 to 60,114,0.039,0.465,,,,,,,,,,,,,
621043,Carlos Correa,HOU,60 to 65,48,0.017,0.562,,,,,,,,,,,,,
666126,Carlos Cortes,ATH,10 to 15,39,0.021,0.385,,,,,,,,,,,,,
666126,Carlos Cortes,ATH,15 to 20,86,0.046,0.453,17.0,5.0,0.0,0.385,0.529,0.462,0.991,0.45,0.487,0.059,0.115,0.583,90.6
666126,Carlos Cortes,ATH,20 to 25,124,0.067,0.492,22.0,3.0,0.0,0.15,0.227,0.2,0.427,0.202,0.182,0.227,0.205,0.267,88.9
666126,Carlos Cortes,ATH,25 to 30,182,0.098,0.423,36.0,7.0,0.0,0.206,0.222,0.294,0.516,0.224,0.264,0.083,0.159,0.344,87.8
666126,Carlos Cortes,ATH,30 to 35,326,0.176,0.469,59.0,15.0,3.0,0.278,0.339,0.556,0.895,0.386,0.382,0.136,0.179,0.467,90.4
666126,Carlos Cortes,ATH,35 to 40,332,0.179,0.479,75.0,16.0,2.0,0.235,0.307,0.338,0.645,0.291,0.282,0.213,0.269,0.385,89.1
666126,Carlos Cortes,ATH,40 to 45,272,0.147,0.489,54.0,14.0,1.0,0.298,0.389,0.447,0.836,0.37,0.301,0.13,0.168,0.19,88.6
666126,Carlos Cortes,ATH,45 to 50,174,0.094,0.5,36.0,8.0,0.0,0.25,0.278,0.281,0.559,0.249,0.258,0.167,0.222,0.286,85.9
666126,Carlos Cortes,ATH,5 to 10,39,0.021,0.487,,,,,,,,,,,,,
666126,Carlos Cortes,ATH,50 to 55,129,0.07,0.519,28.0,6.0,2.0,0.25,0.357,0.5,0.857,0.371,0.339,0.214,0.264,0.444,91.6
666126,Carlos Cortes,ATH,55 to 60,92,0.05,0.457,15.0,5.0,0.0,0.357,0.4,0.5,0.9,0.393,0.259,0.2,0.114,0.364,84.1
666126,Carlos Cortes,ATH,60 to 65,17,0.009,0.353,,,,,,,,,,,,,
665966,Carlos Narváez,BAL,-5 to 0,15,0.005,0.667,,,,,,,,,,,,,
665966,Carlos Narváez,BAL,0 to 5,16,0.005,0.562,,,,,,,,,,,,,
665966,Carlos Narváez,BAL,10 to 15,56,0.019,0.429,,,,,,,,,,,,,
665966,Carlos Narváez,BAL,15 to 20,87,0.029,0.563,,,,,,,,,,,,,
665966,Carlos Narváez,BAL,20 to 25,205,0.069,0.498,28.0,6.0,1.0,0.24,0.259,0.4,0.659,0.38,0.346,0.143,0.256,0.348,84.5
665966,Carlos Narváez,BAL,25 to 30,282,0.095,0.507,31.0,3.0,0.0,0.115,0.233,0.154,0.387,0.202,0.221,0.258,0.268,0.368,88.4
665966,Carlos Narváez,BAL,30 to 35,396,0.134,0.48,31.0,4.0,0.0,0.138,0.194,0.172,0.366,0.173,0.23,0.484,0.347,0.429,88.1
665966,Carlos Narváez,BAL,35 to 40,530,0.179,0.504,44.0,6.0,0.0,0.162,0.262,0.162,0.424,0.221,0.264,0.295,0.343,0.269,81.9
665966,Carlos Narváez,BAL,40 to 45,480,0.163,0.49,50.0,9.0,1.0,0.22,0.327,0.293,0.619,0.292,0.278,0.38,0.314,0.44,89.7
665966,Carlos Narváez,BAL,45 to 50,402,0.136,0.488,35.0,9.0,0.0,0.273,0.314,0.364,0.678,0.301,0.287,0.314,0.29,0.318,89.5
665966,Carlos Narváez,BAL,5 to 10,32,0.011,0.531,,,,,,,,,,,,,
665966,Carlos Narváez,BAL,50 to 55,242,0.082,0.529,17.0,1.0,0.0,0.067,0.125,0.067,0.192,0.112,0.17,0.412,0.283,0.333,81.7
665966,Carlos Narváez,BAL,55 to 60,108,0.037,0.435,,,,,,,,,,,,,
665966,Carlos Narváez,BAL,60 to 65,42,0.014,0.524,,,,,,,,,,,,,
665966,Carlos Narváez,BAL,65 to 70,19,0.006,0.684,,,,,,,,,,,,,
467793,Carlos Santana,AZ,10 to 15,49,0.023,0.51,,,,,,,,,,,,,
467793,Carlos Santana,AZ,15 to 20,79,0.038,0.481,,,,,,,,,,,,,
467793,Carlos Santana,AZ,20 to 25,159,0.076,0.516,,,,,,,,,,,,,
467793,Carlos Santana,AZ,25 to 30,249,0.119,0.446,,,,,,,,,,,,,
467793,Carlos Santana,AZ,30 to 35,307,0.147,0.427,,,,,,,,,,,,,
467793,Carlos Santana,AZ,35 to 40,315,0.151,0.448,,,,,,,,,,,,,
467793,Carlos Santana,AZ,40 to 45,359,0.172,0.421,,,,,,,,,,,,,
467793,Carlos Santana,AZ,45 to 50,256,0.122,0.461,,,,,,,,,,,,,
467793,Carlos Santana,AZ,5 to 10,22,0.011,0.364,,,,,,,,,,,,,
467793,Carlos Santana,AZ,50 to 55,151,0.072,0.497,,,,,,,,,,,,,
467793,Carlos Santana,AZ,55 to 60,64,0.031,0.453,,,,,,,,,,,,,
467793,Carlos Santana,AZ,60 to 65,28,0.013,0.429,,,,,,,,,,,,,
701807,Carson Benge,NYM,10 to 15,76,0.029,0.408,19.0,5.0,0.0,0.312,0.421,0.375,0.796,0.366,0.397,0.211,0.29,0.5,90.2
701807,Carson Benge,NYM,15 to 20,100,0.038,0.51,31.0,10.0,1.0,0.37,0.452,0.519,0.97,0.485,0.372,0.194,0.235,0.524,91.3
701807,Carson Benge,NYM,20 to 25,180,0.069,0.411,40.0,12.0,1.0,0.343,0.425,0.457,0.882,0.394,0.31,0.25,0.27,0.52,90.7
701807,Carson Benge,NYM,25 to 30,263,0.101,0.46,64.0,16.0,3.0,0.262,0.297,0.492,0.789,0.337,0.354,0.188,0.231,0.32,88.1
701807,Carson Benge,NYM,30 to 35,348,0.134,0.477,86.0,25.0,1.0,0.309,0.349,0.37,0.719,0.323,0.358,0.233,0.223,0.306,89.3
701807,Carson Benge,NYM,35 to 40,447,0.172,0.452,109.0,24.0,4.0,0.235,0.284,0.412,0.696,0.311,0.311,0.239,0.178,0.382,88.0
701807,Carson Benge,NYM,40 to 45,438,0.168,0.463,98.0,26.0,4.0,0.292,0.357,0.494,0.852,0.379,0.365,0.163,0.138,0.425,89.7
701807,Carson Benge,NYM,45 to 50,283,0.109,0.431,65.0,20.0,1.0,0.351,0.431,0.439,0.869,0.405,0.38,0.185,0.197,0.413,89.9
701807,Carson Benge,NYM,5 to 10,31,0.012,0.419,,,,,,,,,,,,,
701807,Carson Benge,NYM,50 to 55,178,0.068,0.427,46.0,6.0,1.0,0.146,0.239,0.268,0.507,0.252,0.281,0.304,0.224,0.407,87.5
701807,Carson Benge,NYM,55 to 60,90,0.035,0.5,25.0,3.0,2.0,0.136,0.24,0.409,0.649,0.28,0.322,0.2,0.156,0.118,81.5
701807,Carson Benge,NYM,60 to 65,39,0.015,0.41,,,,,,,,,,,,,
701807,Carson Benge,NYM,65 to 70,29,0.011,0.517,,,,,,,,,,,,,
608348,Carson Kelly,CHC,0 to 5,26,0.008,0.5,,,,,,,,,,,,,
608348,Carson Kelly,CHC,10 to 15,104,0.032,0.433,15.0,6.0,1.0,0.462,0.533,0.769,1.303,0.61,0.413,0.067,0.179,0.25,82.6
608348,Carson Kelly,CHC,15 to 20,146,0.045,0.438,19.0,4.0,1.0,0.211,0.211,0.368,0.579,0.247,0.291,0.211,0.167,0.333,90.1
608348,Carson Kelly,CHC,20 to 25,223,0.068,0.471,31.0,5.0,0.0,0.192,0.323,0.231,0.553,0.298,0.339,0.161,0.208,0.429,88.2
608348,Carson Kelly,CHC,25 to 30,363,0.111,0.435,47.0,10.0,0.0,0.244,0.34,0.293,0.633,0.296,0.331,0.085,0.188,0.297,84.7
608348,Carson Kelly,CHC,30 to 35,384,0.117,0.417,63.0,16.0,0.0,0.286,0.365,0.339,0.704,0.337,0.266,0.206,0.216,0.326,85.6
608348,Carson Kelly,CHC,35 to 40,419,0.128,0.475,56.0,15.0,2.0,0.283,0.321,0.396,0.718,0.334,0.298,0.179,0.165,0.349,87.4
608348,Carson Kelly,CHC,40 to 45,524,0.16,0.454,65.0,15.0,3.0,0.254,0.323,0.424,0.747,0.328,0.345,0.185,0.191,0.489,89.1
608348,Carson Kelly,CHC,45 to 50,452,0.138,0.476,55.0,11.0,2.0,0.239,0.364,0.435,0.798,0.354,0.333,0.127,0.155,0.256,82.2
608348,Carson Kelly,CHC,5 to 10,41,0.013,0.39,,,,,,,,,,,,,
608348,Carson Kelly,CHC,50 to 55,318,0.097,0.45,33.0,7.0,1.0,0.25,0.364,0.429,0.792,0.352,0.302,0.152,0.18,0.522,91.2
608348,Carson Kelly,CHC,55 to 60,154,0.047,0.481,11.0,3.0,0.0,0.3,0.364,0.3,0.664,0.309,0.332,0.273,0.143,0.286,86.7
608348,Carson Kelly,CHC,60 to 65,45,0.014,0.444,,,,,,,,,,,,,
700246,Carson Williams,TB,10 to 15,18,0.032,0.556,,,,,,,,,,,,,
700246,Carson Williams,TB,15 to 20,23,0.041,0.565,,,,,,,,,,,,,
700246,Carson Williams,TB,20 to 25,30,0.054,0.633,,,,,,,,,,,,,
700246,Carson Williams,TB,25 to 30,78,0.14,0.538,,,,,,,,,,,,,
700246,Carson Williams,TB,30 to 35,84,0.151,0.5,,,,,,,,,,,,,
700246,Carson Williams,TB,35 to 40,108,0.194,0.5,,,,,,,,,,,,,
700246,Carson Williams,TB,40 to 45,72,0.129,0.444,,,,,,,,,,,,,
700246,Carson Williams,TB,45 to 50,55,0.099,0.491,,,,,,,,,,,,,
700246,Carson Williams,TB,50 to 55,43,0.077,0.558,,,,,,,,,,,,,
700246,Carson Williams,TB,55 to 60,20,0.036,0.6,,,,,,,,,,,,,
695600,Carter Jensen,KC,10 to 15,56,0.021,0.482,11.0,1.0,0.0,0.091,0.091,0.182,0.273,0.114,0.146,0.545,0.273,0.4,90.5
695600,Carter Jensen,KC,15 to 20,92,0.034,0.543,17.0,3.0,0.0,0.188,0.235,0.25,0.485,0.221,0.2,0.176,0.2,0.385,89.9
695600,Carter Jensen,KC,20 to 25,167,0.061,0.449,35.0,9.0,3.0,0.29,0.343,0.71,1.053,0.426,0.358,0.314,0.29,0.524,92.7
695600,Carter Jensen,KC,25 to 30,290,0.107,0.428,65.0,10.0,4.0,0.192,0.338,0.481,0.819,0.357,0.364,0.323,0.345,0.387,89.1
695600,Carter Jensen,KC,30 to 35,373,0.137,0.48,88.0,27.0,5.0,0.346,0.409,0.641,1.05,0.452,0.367,0.216,0.247,0.5,93.4
695600,Carter Jensen,KC,35 to 40,523,0.192,0.402,106.0,20.0,2.0,0.217,0.311,0.326,0.637,0.29,0.249,0.226,0.205,0.333,87.7
695600,Carter Jensen,KC,40 to 45,510,0.188,0.478,111.0,27.0,8.0,0.3,0.414,0.644,1.059,0.44,0.416,0.243,0.249,0.508,93.5
695600,Carter Jensen,KC,45 to 50,295,0.108,0.451,63.0,11.0,3.0,0.186,0.238,0.39,0.628,0.271,0.271,0.27,0.235,0.395,90.2
695600,Carter Jensen,KC,50 to 55,161,0.059,0.447,35.0,3.0,0.0,0.094,0.171,0.125,0.296,0.147,0.232,0.371,0.349,0.474,92.4
695600,Carter Jensen,KC,55 to 60,99,0.036,0.374,22.0,4.0,0.0,0.19,0.227,0.286,0.513,0.227,0.226,0.5,0.4,0.5,96.0
695600,Carter Jensen,KC,60 to 65,49,0.018,0.408,10.0,1.0,0.0,0.1,0.1,0.1,0.2,0.25,0.141,0.4,0.211,0.667,91.5
669477,Casey Schmitt,SF,10 to 15,31,0.011,0.613,,,,,,,,,,,,,
669477,Casey Schmitt,SF,15 to 20,90,0.032,0.567,13.0,4.0,0.0,0.308,0.308,0.385,0.692,0.373,0.211,0.231,0.28,0.3,85.9
669477,Casey Schmitt,SF,20 to 25,169,0.061,0.521,32.0,13.0,3.0,0.419,0.438,0.806,1.244,0.523,0.388,0.094,0.148,0.429,89.6
669477,Casey Schmitt,SF,25 to 30,255,0.091,0.537,40.0,7.0,3.0,0.179,0.2,0.462,0.662,0.275,0.289,0.2,0.187,0.281,83.3
669477,Casey Schmitt,SF,30 to 35,363,0.13,0.523,43.0,13.0,0.0,0.317,0.349,0.39,0.739,0.329,0.33,0.279,0.288,0.5,89.7
669477,Casey Schmitt,SF,35 to 40,408,0.146,0.551,65.0,23.0,7.0,0.365,0.385,0.746,1.131,0.475,0.407,0.246,0.171,0.596,93.2
669477,Casey Schmitt,SF,40 to 45,531,0.19,0.544,92.0,21.0,5.0,0.241,0.261,0.471,0.732,0.307,0.407,0.217,0.211,0.493,90.6
669477,Casey Schmitt,SF,45 to 50,357,0.128,0.532,45.0,9.0,1.0,0.22,0.244,0.317,0.562,0.243,0.289,0.089,0.14,0.385,90.6
669477,Casey Schmitt,SF,5 to 10,21,0.008,0.429,,,,,,,,,,,,,
669477,Casey Schmitt,SF,50 to 55,288,0.103,0.444,37.0,6.0,1.0,0.167,0.189,0.25,0.439,0.195,0.289,0.189,0.233,0.414,86.7
669477,Casey Schmitt,SF,55 to 60,137,0.049,0.547,16.0,2.0,1.0,0.125,0.125,0.312,0.438,0.181,0.274,0.188,0.143,0.385,94.3
669477,Casey Schmitt,SF,60 to 65,48,0.017,0.542,,,,,,,,,,,,,
669477,Casey Schmitt,SF,65 to 70,18,0.006,0.667,,,,,,,,,,,,,
678882,Ceddanne Rafaela,BOS,-5 to 0,15,0.004,0.667,,,,,,,,,,,,,
678882,Ceddanne Rafaela,BOS,0 to 5,18,0.004,0.556,,,,,,,,,,,,,
678882,Ceddanne Rafaela,BOS,10 to 15,85,0.02,0.671,12.0,4.0,0.0,0.333,0.333,0.417,0.75,0.329,0.287,0.083,0.226,0.273,86.9
678882,Ceddanne Rafaela,BOS,15 to 20,117,0.028,0.538,16.0,6.0,0.0,0.375,0.375,0.5,0.875,0.381,0.298,0.312,0.129,0.364,85.8
678882,Ceddanne Rafaela,BOS,20 to 25,271,0.064,0.587,30.0,8.0,1.0,0.267,0.267,0.367,0.633,0.277,0.28,0.3,0.175,0.391,87.7
678882,Ceddanne Rafaela,BOS,25 to 30,339,0.081,0.584,43.0,13.0,1.0,0.333,0.381,0.564,0.945,0.431,0.368,0.163,0.258,0.273,84.0
678882,Ceddanne Rafaela,BOS,30 to 35,556,0.132,0.585,80.0,14.0,2.0,0.189,0.238,0.284,0.521,0.233,0.249,0.15,0.242,0.254,84.8
678882,Ceddanne Rafaela,BOS,35 to 40,713,0.169,0.607,102.0,29.0,4.0,0.293,0.314,0.485,0.799,0.352,0.291,0.157,0.183,0.349,86.9
678882,Ceddanne Rafaela,BOS,40 to 45,703,0.167,0.539,90.0,27.0,5.0,0.325,0.378,0.59,0.968,0.413,0.331,0.133,0.224,0.352,85.7
678882,Ceddanne Rafaela,BOS,45 to 50,606,0.144,0.576,77.0,24.0,1.0,0.329,0.364,0.438,0.802,0.366,0.243,0.234,0.25,0.345,86.6
678882,Ceddanne Rafaela,BOS,5 to 10,34,0.008,0.5,,,,,,,,,,,,,
678882,Ceddanne Rafaela,BOS,50 to 55,379,0.09,0.562,50.0,11.0,1.0,0.234,0.26,0.404,0.664,0.283,0.256,0.26,0.247,0.351,87.8
678882,Ceddanne Rafaela,BOS,55 to 60,182,0.043,0.555,25.0,4.0,0.0,0.182,0.28,0.273,0.553,0.328,0.238,0.44,0.362,0.273,87.7
678882,Ceddanne Rafaela,BOS,60 to 65,64,0.015,0.562,10.0,2.0,1.0,0.222,0.3,0.556,0.856,0.36,0.342,0.3,0.231,0.333,85.1
678882,Ceddanne Rafaela,BOS,65 to 70,34,0.008,0.647,,,,,,,,,,,,,
656775,Cedric Mullins,TB,0 to 5,24,0.006,0.5,,,,,,,,,,,,,
656775,Cedric Mullins,TB,10 to 15,82,0.02,0.463,10.0,1.0,1.0,0.111,0.2,0.444,0.644,0.27,0.284,0.2,0.158,0.143,88.5
656775,Cedric Mullins,TB,15 to 20,132,0.033,0.455,14.0,5.0,1.0,0.357,0.357,0.571,0.929,0.4,0.25,0.071,0.103,0.231,80.5
656775,Cedric Mullins,TB,20 to 25,206,0.051,0.471,18.0,3.0,1.0,0.188,0.222,0.375,0.597,0.289,0.32,0.167,0.154,0.538,91.9
656775,Cedric Mullins,TB,25 to 30,450,0.111,0.473,55.0,12.0,3.0,0.24,0.296,0.44,0.736,0.336,0.237,0.273,0.206,0.361,83.5
656775,Cedric Mullins,TB,30 to 35,614,0.152,0.453,64.0,11.0,0.0,0.204,0.317,0.241,0.558,0.29,0.256,0.156,0.181,0.159,81.9
656775,Cedric Mullins,TB,35 to 40,712,0.176,0.518,105.0,16.0,1.0,0.176,0.272,0.231,0.503,0.259,0.272,0.219,0.197,0.328,85.7
656775,Cedric Mullins,TB,40 to 45,572,0.141,0.498,80.0,15.0,2.0,0.203,0.241,0.378,0.619,0.288,0.281,0.125,0.211,0.318,84.4
656775,Cedric Mullins,TB,45 to 50,475,0.117,0.484,54.0,9.0,2.0,0.2,0.302,0.378,0.68,0.304,0.255,0.148,0.163,0.359,82.6
656775,Cedric Mullins,TB,5 to 10,46,0.011,0.413,,,,,,,,,,,,,
656775,Cedric Mullins,TB,50 to 55,373,0.092,0.461,42.0,6.0,2.0,0.171,0.31,0.4,0.71,0.314,0.269,0.19,0.269,0.407,88.1
656775,Cedric Mullins,TB,55 to 60,179,0.044,0.436,19.0,4.0,1.0,0.267,0.368,0.467,0.835,0.358,0.325,0.211,0.222,0.333,88.2
656775,Cedric Mullins,TB,60 to 65,34,0.008,0.5,,,,,,,,,,,,,
656775,Cedric Mullins,TB,65 to 70,17,0.004,0.588,,,,,,,,,,,,,
677060,Chad Stevens,COL,30 to 35,31,0.15,0.484,,,,,,,,,,,,,
677060,Chad Stevens,COL,35 to 40,48,0.233,0.562,,,,,,,,,,,,,
677060,Chad Stevens,COL,40 to 45,46,0.223,0.478,,,,,,,,,,,,,
677060,Chad Stevens,COL,45 to 50,36,0.175,0.5,,,,,,,,,,,,,
677060,Chad Stevens,COL,50 to 55,19,0.092,0.421,,,,,,,,,,,,,
644433,Chadwick Tromp,BAL,15 to 20,15,0.06,0.533,,,,,,,,,,,,,
644433,Chadwick Tromp,BAL,25 to 30,15,0.06,0.6,,,,,,,,,,,,,
644433,Chadwick Tromp,BAL,30 to 35,42,0.167,0.476,,,,,,,,,,,,,
644433,Chadwick Tromp,BAL,35 to 40,43,0.171,0.442,,,,,,,,,,,,,
644433,Chadwick Tromp,BAL,40 to 45,43,0.171,0.581,10.0,3.0,0.0,0.3,0.3,0.3,0.6,0.27,0.144,0.2,0.273,0.25,84.2
644433,Chadwick Tromp,BAL,45 to 50,26,0.104,0.5,10.0,1.0,0.0,0.111,0.1,0.111,0.211,0.09,0.185,0.3,0.154,0.286,83.7
644433,Chadwick Tromp,BAL,50 to 55,18,0.072,0.5,,,,,,,,,,,,,
802415,Chandler Simpson,TB,10 to 15,72,0.021,0.5,12.0,5.0,0.0,0.455,0.5,0.727,1.227,0.596,0.296,0.0,0.1,0.091,79.7
802415,Chandler Simpson,TB,15 to 20,112,0.032,0.5,21.0,6.0,0.0,0.3,0.3,0.3,0.6,0.28,0.255,0.095,0.107,0.053,75.0
802415,Chandler Simpson,TB,20 to 25,216,0.063,0.528,33.0,11.0,0.0,0.355,0.394,0.387,0.781,0.353,0.289,0.03,0.093,0.097,82.7
802415,Chandler Simpson,TB,25 to 30,349,0.101,0.453,52.0,8.0,0.0,0.163,0.212,0.204,0.416,0.21,0.23,0.077,0.094,0.089,77.8
802415,Chandler Simpson,TB,30 to 35,534,0.155,0.472,86.0,23.0,0.0,0.28,0.306,0.329,0.635,0.312,0.293,0.081,0.066,0.187,81.7
802415,Chandler Simpson,TB,35 to 40,606,0.176,0.47,116.0,40.0,0.0,0.36,0.365,0.396,0.762,0.35,0.281,0.129,0.063,0.131,78.5
802415,Chandler Simpson,TB,40 to 45,536,0.155,0.453,97.0,27.0,0.0,0.307,0.33,0.33,0.659,0.325,0.272,0.041,0.098,0.114,80.3
802415,Chandler Simpson,TB,45 to 50,435,0.126,0.471,83.0,21.0,0.0,0.276,0.317,0.355,0.672,0.301,0.244,0.072,0.092,0.181,81.9
802415,Chandler Simpson,TB,5 to 10,39,0.011,0.538,,,,,,,,,,,,,
802415,Chandler Simpson,TB,50 to 55,281,0.081,0.441,46.0,16.0,0.0,0.372,0.386,0.419,0.805,0.389,0.253,0.043,0.044,0.182,82.9
802415,Chandler Simpson,TB,55 to 60,106,0.031,0.509,19.0,6.0,0.0,0.375,0.474,0.375,0.849,0.395,0.324,0.053,0.147,0.133,86.2
802415,Chandler Simpson,TB,60 to 65,67,0.019,0.507,,,,,,,,,,,,,
802415,Chandler Simpson,TB,65 to 70,15,0.004,0.533,,,,,,,,,,,,,
807727,Charles Mcadoo,TOR,20 to 25,32,0.086,0.531,,,,,,,,,,,,,
807727,Charles Mcadoo,TOR,25 to 30,46,0.124,0.391,13.0,1.0,0.0,0.091,0.231,0.091,0.322,0.177,0.176,0.231,0.111,0.125,88.4
807727,Charles Mcadoo,TOR,30 to 35,32,0.086,0.469,,,,,,,,,,,,,
807727,Charles Mcadoo,TOR,35 to 40,52,0.141,0.635,12.0,2.0,0.0,0.182,0.25,0.273,0.523,0.238,0.316,0.417,0.273,0.333,88.7
807727,Charles Mcadoo,TOR,40 to 45,57,0.154,0.544,16.0,2.0,0.0,0.133,0.125,0.2,0.325,0.134,0.219,0.312,0.129,0.182,83.0
807727,Charles Mcadoo,TOR,45 to 50,47,0.127,0.426,,,,,,,,,,,,,
807727,Charles Mcadoo,TOR,50 to 55,32,0.086,0.375,,,,,,,,,,,,,
800050,Chase Delauter,CLE,10 to 15,60,0.029,0.433,14.0,3.0,0.0,0.25,0.357,0.333,0.69,0.318,0.412,0.214,0.154,0.444,94.1
800050,Chase Delauter,CLE,15 to 20,35,0.017,0.486,15.0,5.0,2.0,0.385,0.467,0.846,1.313,0.54,0.512,0.133,0.176,0.545,92.4
800050,Chase Delauter,CLE,20 to 25,135,0.064,0.452,37.0,11.0,1.0,0.314,0.351,0.514,0.866,0.373,0.325,0.243,0.18,0.615,94.0
800050,Chase Delauter,CLE,25 to 30,230,0.11,0.422,56.0,19.0,1.0,0.396,0.482,0.604,1.086,0.469,0.366,0.107,0.124,0.452,91.7
800050,Chase Delauter,CLE,30 to 35,352,0.168,0.429,84.0,18.0,2.0,0.24,0.31,0.387,0.696,0.307,0.357,0.143,0.106,0.5,92.6
800050,Chase Delauter,CLE,35 to 40,351,0.167,0.376,83.0,23.0,2.0,0.307,0.373,0.467,0.84,0.38,0.293,0.181,0.136,0.35,89.8
800050,Chase Delauter,CLE,40 to 45,330,0.157,0.445,81.0,19.0,2.0,0.257,0.321,0.432,0.753,0.329,0.326,0.173,0.15,0.475,89.7
800050,Chase Delauter,CLE,45 to 50,225,0.107,0.476,68.0,18.0,3.0,0.29,0.338,0.452,0.79,0.343,0.382,0.029,0.084,0.443,91.8
800050,Chase Delauter,CLE,5 to 10,24,0.011,0.292,,,,,,,,,,,,,
800050,Chase Delauter,CLE,50 to 55,147,0.07,0.367,39.0,6.0,0.0,0.188,0.333,0.281,0.615,0.314,0.335,0.103,0.167,0.429,89.5
800050,Chase Delauter,CLE,55 to 60,75,0.036,0.427,23.0,8.0,0.0,0.4,0.478,0.45,0.928,0.42,0.297,0.13,0.156,0.412,91.8
805367,Chase Meidroth,CWS,-5 to 0,16,0.003,0.5,,,,,,,,,,,,,
805367,Chase Meidroth,CWS,10 to 15,104,0.022,0.394,12.0,3.0,0.0,0.3,0.417,0.4,0.817,0.371,0.217,0.333,0.217,0.5,86.3
805367,Chase Meidroth,CWS,15 to 20,168,0.036,0.369,14.0,2.0,0.0,0.154,0.214,0.231,0.445,0.204,0.181,0.286,0.097,0.222,84.0
805367,Chase Meidroth,CWS,20 to 25,269,0.057,0.353,35.0,10.0,1.0,0.345,0.441,0.552,0.993,0.437,0.302,0.257,0.224,0.333,84.7
805367,Chase Meidroth,CWS,25 to 30,455,0.097,0.393,51.0,9.0,0.0,0.214,0.333,0.238,0.571,0.311,0.3,0.235,0.133,0.387,87.1
805367,Chase Meidroth,CWS,30 to 35,587,0.125,0.392,83.0,26.0,5.0,0.351,0.41,0.595,1.004,0.434,0.364,0.193,0.173,0.441,88.4
805367,Chase Meidroth,CWS,35 to 40,771,0.164,0.389,107.0,18.0,1.0,0.189,0.274,0.253,0.526,0.265,0.251,0.215,0.179,0.247,82.2
805367,Chase Meidroth,CWS,40 to 45,828,0.177,0.413,133.0,35.0,2.0,0.285,0.333,0.407,0.74,0.341,0.295,0.256,0.197,0.378,88.4
805367,Chase Meidroth,CWS,45 to 50,681,0.145,0.426,87.0,23.0,2.0,0.291,0.345,0.405,0.75,0.332,0.342,0.161,0.167,0.333,84.8
805367,Chase Meidroth,CWS,5 to 10,36,0.008,0.444,,,,,,,,,,,,,
805367,Chase Meidroth,CWS,50 to 55,407,0.087,0.413,55.0,11.0,3.0,0.234,0.327,0.489,0.817,0.348,0.282,0.255,0.174,0.343,91.0
805367,Chase Meidroth,CWS,55 to 60,192,0.041,0.422,20.0,5.0,1.0,0.312,0.45,0.562,1.012,0.438,0.348,0.2,0.182,0.417,85.3
805367,Chase Meidroth,CWS,60 to 65,44,0.009,0.386,,,,,,,,,,,,,
805367,Chase Meidroth,CWS,65 to 70,26,0.006,0.308,,,,,,,,,,,,,
687952,Christian Encarnacion-Strand,BAL,10 to 15,25,0.02,0.64,,,,,,,,,,,,,
687952,Christian Encarnacion-Strand,BAL,15 to 20,51,0.041,0.569,,,,,,,,,,,,,
687952,Christian Encarnacion-Strand,BAL,20 to 25,92,0.074,0.565,13.0,2.0,0.0,0.182,0.308,0.273,0.58,0.273,0.346,0.077,0.233,0.3,84.5
687952,Christian Encarnacion-Strand,BAL,25 to 30,122,0.098,0.598,23.0,10.0,2.0,0.435,0.435,0.87,1.304,0.587,0.465,0.304,0.341,0.562,92.1
687952,Christian Encarnacion-Strand,BAL,30 to 35,141,0.113,0.546,29.0,13.0,1.0,0.542,0.621,0.792,1.412,0.598,0.407,0.172,0.25,0.474,93.3
687952,Christian Encarnacion-Strand,BAL,35 to 40,181,0.145,0.63,31.0,3.0,0.0,0.107,0.161,0.107,0.268,0.132,0.209,0.323,0.289,0.316,86.5
687952,Christian Encarnacion-Strand,BAL,40 to 45,185,0.148,0.605,32.0,5.0,1.0,0.156,0.156,0.312,0.469,0.197,0.341,0.312,0.268,0.318,89.7
687952,Christian Encarnacion-Strand,BAL,45 to 50,148,0.119,0.527,20.0,4.0,1.0,0.25,0.368,0.5,0.868,0.387,0.328,0.45,0.32,0.375,87.4
687952,Christian Encarnacion-Strand,BAL,5 to 10,18,0.014,0.5,,,,,,,,,,,,,
687952,Christian Encarnacion-Strand,BAL,50 to 55,128,0.103,0.602,16.0,3.0,2.0,0.2,0.188,0.6,0.788,0.306,0.341,0.438,0.231,0.556,93.0
687952,Christian Encarnacion-Strand,BAL,55 to 60,58,0.046,0.638,10.0,4.0,2.0,0.4,0.4,1.1,1.5,0.615,0.315,0.3,0.222,0.429,96.2
687952,Christian Encarnacion-Strand,BAL,60 to 65,21,0.017,0.524,,,,,,,,,,,,,
681047,Christian Franklin,BAL,25 to 30,26,0.12,0.385,,,,,,,,,,,,,
681047,Christian Franklin,BAL,30 to 35,17,0.078,0.176,,,,,,,,,,,,,
681047,Christian Franklin,BAL,35 to 40,50,0.23,0.22,,,,,,,,,,,,,
681047,Christian Franklin,BAL,40 to 45,44,0.203,0.5,12.0,2.0,0.0,0.222,0.417,0.222,0.639,0.325,0.385,0.333,0.318,0.6,87.5
681047,Christian Franklin,BAL,45 to 50,22,0.101,0.318,,,,,,,,,,,,,
683766,Christian Koss,SF,10 to 15,30,0.022,0.5,,,,,,,,,,,,,
683766,Christian Koss,SF,15 to 20,30,0.022,0.6,,,,,,,,,,,,,
683766,Christian Koss,SF,20 to 25,101,0.074,0.545,19.0,5.0,0.0,0.294,0.333,0.353,0.686,0.319,0.276,0.211,0.355,0.357,82.6
683766,Christian Koss,SF,25 to 30,139,0.102,0.532,24.0,2.0,0.0,0.091,0.091,0.136,0.227,0.157,0.114,0.333,0.349,0.25,79.1
683766,Christian Koss,SF,30 to 35,159,0.117,0.516,26.0,5.0,0.0,0.227,0.32,0.227,0.547,0.272,0.362,0.038,0.19,0.182,76.2
683766,Christian Koss,SF,35 to 40,195,0.143,0.554,25.0,7.0,2.0,0.292,0.32,0.667,0.987,0.41,0.229,0.4,0.333,0.5,88.8
683766,Christian Koss,SF,40 to 45,212,0.156,0.486,35.0,6.0,0.0,0.188,0.257,0.188,0.445,0.214,0.223,0.314,0.309,0.261,86.6
683766,Christian Koss,SF,45 to 50,193,0.142,0.554,28.0,5.0,0.0,0.2,0.259,0.24,0.499,0.239,0.266,0.179,0.18,0.238,77.8
683766,Christian Koss,SF,50 to 55,143,0.105,0.51,18.0,5.0,0.0,0.312,0.353,0.312,0.665,0.318,0.297,0.222,0.256,0.154,79.7
683766,Christian Koss,SF,55 to 60,79,0.058,0.519,12.0,6.0,2.0,0.5,0.5,1.0,1.5,0.708,0.284,0.25,0.15,0.444,83.6
683766,Christian Koss,SF,60 to 65,17,0.012,0.647,,,,,,,,,,,,,
683766,Christian Koss,SF,65 to 70,17,0.012,0.706,,,,,,,,,,,,,
695681,Christian Moore,LAA,15 to 20,45,0.034,0.511,,,,,,,,,,,,,
695681,Christian Moore,LAA,20 to 25,96,0.073,0.479,,,,,,,,,,,,,
695681,Christian Moore,LAA,25 to 30,128,0.097,0.508,,,,,,,,,,,,,
695681,Christian Moore,LAA,30 to 35,167,0.126,0.455,18.0,3.0,0.0,0.2,0.333,0.333,0.667,0.306,0.186,0.278,0.258,0.3,84.4
695681,Christian Moore,LAA,35 to 40,246,0.186,0.496,26.0,4.0,1.0,0.167,0.231,0.333,0.564,0.248,0.22,0.385,0.367,0.357,88.4
695681,Christian Moore,LAA,40 to 45,228,0.173,0.447,21.0,2.0,0.0,0.1,0.143,0.1,0.243,0.162,0.21,0.429,0.347,0.364,84.7
695681,Christian Moore,LAA,45 to 50,150,0.114,0.447,20.0,3.0,0.0,0.176,0.25,0.235,0.485,0.222,0.254,0.35,0.355,0.364,89.7
695681,Christian Moore,LAA,5 to 10,17,0.013,0.353,,,,,,,,,,,,,
695681,Christian Moore,LAA,50 to 55,109,0.083,0.569,10.0,3.0,0.0,0.3,0.3,0.4,0.7,0.305,0.281,0.3,0.316,0.714,99.1
695681,Christian Moore,LAA,55 to 60,67,0.051,0.478,,,,,,,,,,,,,
543877,Christian Vázquez,HOU,10 to 15,27,0.015,0.444,,,,,,,,,,,,,
543877,Christian Vázquez,HOU,15 to 20,40,0.022,0.65,,,,,,,,,,,,,
543877,Christian Vázquez,HOU,20 to 25,108,0.058,0.546,18.0,3.0,1.0,0.167,0.167,0.333,0.5,0.211,0.174,0.167,0.097,0.2,82.6
543877,Christian Vázquez,HOU,25 to 30,172,0.093,0.471,21.0,3.0,0.0,0.15,0.19,0.15,0.34,0.205,0.17,0.095,0.132,0.222,82.7
543877,Christian Vázquez,HOU,30 to 35,283,0.153,0.459,38.0,7.0,1.0,0.206,0.289,0.294,0.584,0.268,0.254,0.105,0.167,0.233,82.4
543877,Christian Vázquez,HOU,35 to 40,277,0.15,0.44,53.0,10.0,1.0,0.2,0.2,0.3,0.5,0.228,0.198,0.283,0.229,0.132,78.9
543877,Christian Vázquez,HOU,40 to 45,338,0.183,0.429,43.0,11.0,1.0,0.282,0.333,0.385,0.718,0.325,0.242,0.186,0.191,0.156,84.0
543877,Christian Vázquez,HOU,45 to 50,271,0.146,0.421,33.0,3.0,0.0,0.1,0.156,0.133,0.29,0.145,0.206,0.152,0.097,0.231,84.6
543877,Christian Vázquez,HOU,5 to 10,24,0.013,0.625,,,,,,,,,,,,,
543877,Christian Vázquez,HOU,50 to 55,151,0.082,0.517,20.0,5.0,2.0,0.294,0.35,0.647,0.997,0.405,0.317,0.3,0.225,0.5,91.9
543877,Christian Vázquez,HOU,55 to 60,82,0.044,0.402,13.0,3.0,0.0,0.333,0.538,0.556,1.094,0.477,0.386,0.231,0.111,0.5,89.7
543877,Christian Vázquez,HOU,60 to 65,28,0.015,0.286,,,,,,,,,,,,,
572233,Christian Walker,HOU,-5 to 0,18,0.004,0.389,,,,,,,,,,,,,
572233,Christian Walker,HOU,10 to 15,103,0.021,0.534,10.0,3.0,0.0,0.375,0.5,0.5,1.0,0.445,0.271,0.2,0.348,0.167,83.8
572233,Christian Walker,HOU,15 to 20,154,0.031,0.494,13.0,2.0,0.0,0.167,0.231,0.25,0.481,0.219,0.243,0.154,0.138,0.2,88.3
572233,Christian Walker,HOU,20 to 25,315,0.064,0.498,26.0,7.0,1.0,0.304,0.385,0.522,0.906,0.392,0.341,0.423,0.344,0.583,93.7
572233,Christian Walker,HOU,25 to 30,483,0.098,0.536,64.0,10.0,2.0,0.169,0.234,0.322,0.556,0.26,0.244,0.266,0.288,0.333,86.8
572233,Christian Walker,HOU,30 to 35,628,0.127,0.522,80.0,15.0,5.0,0.205,0.275,0.438,0.713,0.308,0.313,0.262,0.327,0.442,89.0
572233,Christian Walker,HOU,35 to 40,854,0.173,0.518,107.0,27.0,9.0,0.281,0.346,0.615,0.96,0.427,0.378,0.224,0.281,0.438,90.4
572233,Christian Walker,HOU,40 to 45,886,0.179,0.523,130.0,31.0,3.0,0.252,0.285,0.398,0.683,0.303,0.294,0.162,0.22,0.456,90.3
572233,Christian Walker,HOU,45 to 50,721,0.146,0.508,83.0,9.0,2.0,0.118,0.193,0.211,0.403,0.209,0.236,0.277,0.244,0.321,84.8
572233,Christian Walker,HOU,5 to 10,34,0.007,0.5,,,,,,,,,,,,,
572233,Christian Walker,HOU,50 to 55,381,0.077,0.483,44.0,3.0,0.0,0.088,0.295,0.088,0.384,0.22,0.276,0.205,0.243,0.32,87.1
572233,Christian Walker,HOU,55 to 60,160,0.032,0.475,14.0,1.0,0.0,0.077,0.143,0.154,0.297,0.139,0.149,0.429,0.351,0.143,83.7
572233,Christian Walker,HOU,60 to 65,65,0.013,0.631,,,,,,,,,,,,,
572233,Christian Walker,HOU,65 to 70,26,0.005,0.423,,,,,,,,,,,,,
592885,Christian Yelich,MIL,10 to 15,82,0.018,0.463,,,,,,,,,,,,,
592885,Christian Yelich,MIL,15 to 20,145,0.031,0.428,,,,,,,,,,,,,
592885,Christian Yelich,MIL,20 to 25,326,0.07,0.448,44.0,6.0,1.0,0.162,0.295,0.27,0.566,0.267,0.386,0.273,0.292,0.44,89.0
592885,Christian Yelich,MIL,25 to 30,527,0.113,0.433,55.0,16.0,0.0,0.32,0.382,0.44,0.822,0.364,0.32,0.291,0.306,0.471,89.7
592885,Christian Yelich,MIL,30 to 35,594,0.127,0.475,67.0,13.0,3.0,0.228,0.328,0.491,0.82,0.349,0.316,0.328,0.325,0.417,86.5
592885,Christian Yelich,MIL,35 to 40,715,0.153,0.448,94.0,27.0,5.0,0.307,0.351,0.534,0.885,0.384,0.327,0.223,0.278,0.515,90.1
592885,Christian Yelich,MIL,40 to 45,770,0.165,0.461,77.0,17.0,0.0,0.239,0.286,0.324,0.61,0.275,0.313,0.234,0.227,0.491,89.4
592885,Christian Yelich,MIL,45 to 50,621,0.133,0.44,60.0,9.0,2.0,0.164,0.22,0.291,0.511,0.231,0.263,0.283,0.271,0.333,86.8
592885,Christian Yelich,MIL,5 to 10,43,0.009,0.488,,,,,,,,,,,,,
592885,Christian Yelich,MIL,50 to 55,410,0.088,0.459,30.0,2.0,0.0,0.08,0.2,0.08,0.28,0.177,0.247,0.2,0.215,0.4,85.6
592885,Christian Yelich,MIL,55 to 60,206,0.044,0.432,18.0,5.0,0.0,0.333,0.389,0.4,0.789,0.347,0.301,0.333,0.25,0.4,90.1
592885,Christian Yelich,MIL,60 to 65,58,0.012,0.448,,,,,,,,,,,,,
592885,Christian Yelich,MIL,65 to 70,29,0.006,0.586,,,,,,,,,,,,,
592885,Christian Yelich,MIL,70 to 75,15,0.003,0.333,,,,,,,,,,,,,
666624,Christopher Morel,NYM,10 to 15,16,0.01,0.438,,,,,,,,,,,,,
666624,Christopher Morel,NYM,15 to 20,33,0.021,0.667,,,,,,,,,,,,,
666624,Christopher Morel,NYM,20 to 25,93,0.06,0.591,,,,,,,,,,,,,
666624,Christopher Morel,NYM,25 to 30,132,0.085,0.553,10.0,1.0,0.0,0.111,0.2,0.111,0.311,0.16,0.219,0.4,0.333,0.0,81.1
666624,Christopher Morel,NYM,30 to 35,239,0.154,0.506,20.0,5.0,0.0,0.278,0.35,0.389,0.739,0.33,0.222,0.4,0.441,0.3,86.3
666624,Christopher Morel,NYM,35 to 40,231,0.149,0.537,17.0,3.0,0.0,0.188,0.235,0.25,0.485,0.221,0.179,0.294,0.152,0.545,91.1
666624,Christopher Morel,NYM,40 to 45,304,0.197,0.464,15.0,1.0,0.0,0.077,0.2,0.077,0.277,0.164,0.205,0.267,0.261,0.375,88.9
666624,Christopher Morel,NYM,45 to 50,228,0.147,0.535,15.0,0.0,0.0,0.0,0.067,0.0,0.067,0.047,0.096,0.467,0.452,0.286,79.7
666624,Christopher Morel,NYM,5 to 10,23,0.015,0.565,,,,,,,,,,,,,
666624,Christopher Morel,NYM,50 to 55,145,0.094,0.538,10.0,3.0,1.0,0.3,0.3,0.6,0.9,0.47,0.342,0.5,0.429,0.6,91.8
666624,Christopher Morel,NYM,55 to 60,51,0.033,0.608,,,,,,,,,,,,,
666624,Christopher Morel,NYM,60 to 65,22,0.014,0.5,,,,,,,,,,,,,
642020,Chuckie Robinson,LAD,30 to 35,15,0.16,0.6,,,,,,,,,,,,,
642020,Chuckie Robinson,LAD,35 to 40,20,0.213,0.7,,,,,,,,,,,,,
642020,Chuckie Robinson,LAD,40 to 45,19,0.202,0.421,,,,,,,,,,,,,
642020,Chuckie Robinson,LAD,45 to 50,16,0.17,0.438,,,,,,,,,,,,,
682928,Cj Abrams,WSH,0 to 5,24,0.005,0.667,,,,,,,,,,,,,
682928,Cj Abrams,WSH,10 to 15,88,0.018,0.466,12.0,3.0,0.0,0.333,0.417,0.556,0.972,0.4,0.329,0.167,0.3,0.375,88.6
682928,Cj Abrams,WSH,15 to 20,158,0.033,0.494,23.0,10.0,2.0,0.476,0.522,0.81,1.331,0.563,0.519,0.087,0.225,0.474,89.6
682928,Cj Abrams,WSH,20 to 25,378,0.079,0.492,48.0,6.0,2.0,0.143,0.229,0.31,0.539,0.239,0.238,0.375,0.337,0.36,89.5
682928,Cj Abrams,WSH,25 to 30,441,0.092,0.515,57.0,15.0,4.0,0.288,0.351,0.538,0.889,0.397,0.366,0.246,0.27,0.368,90.0
682928,Cj Abrams,WSH,30 to 35,701,0.146,0.522,97.0,31.0,6.0,0.365,0.433,0.671,1.104,0.464,0.399,0.165,0.239,0.471,91.3
682928,Cj Abrams,WSH,35 to 40,816,0.169,0.528,100.0,16.0,4.0,0.174,0.23,0.348,0.578,0.269,0.303,0.26,0.291,0.507,91.4
682928,Cj Abrams,WSH,40 to 45,818,0.17,0.521,108.0,27.0,7.0,0.265,0.296,0.52,0.816,0.353,0.31,0.296,0.274,0.394,90.3
682928,Cj Abrams,WSH,45 to 50,575,0.119,0.489,74.0,23.0,4.0,0.333,0.378,0.609,0.987,0.42,0.311,0.203,0.243,0.315,88.2
682928,Cj Abrams,WSH,5 to 10,40,0.008,0.55,,,,,,,,,,,,,
682928,Cj Abrams,WSH,50 to 55,413,0.086,0.506,52.0,10.0,2.0,0.238,0.365,0.5,0.865,0.377,0.337,0.269,0.25,0.448,87.8
682928,Cj Abrams,WSH,55 to 60,204,0.042,0.446,26.0,3.0,2.0,0.167,0.423,0.556,0.979,0.47,0.402,0.192,0.333,0.25,87.0
682928,Cj Abrams,WSH,60 to 65,53,0.011,0.415,,,,,,,,,,,,,
692216,Cj Kayfus,CLE,15 to 20,17,0.028,0.353,,,,,,,,,,,,,
692216,Cj Kayfus,CLE,20 to 25,45,0.075,0.533,,,,,,,,,,,,,
692216,Cj Kayfus,CLE,25 to 30,74,0.123,0.473,,,,,,,,,,,,,
692216,Cj Kayfus,CLE,30 to 35,97,0.161,0.536,,,,,,,,,,,,,
692216,Cj Kayfus,CLE,35 to 40,114,0.19,0.509,,,,,,,,,,,,,
692216,Cj Kayfus,CLE,40 to 45,101,0.168,0.525,,,,,,,,,,,,,
692216,Cj Kayfus,CLE,45 to 50,59,0.098,0.61,,,,,,,,,,,,,
692216,Cj Kayfus,CLE,50 to 55,44,0.073,0.682,,,,,,,,,,,,,
692216,Cj Kayfus,CLE,55 to 60,16,0.027,0.312,,,,,,,,,,,,,
691723,Coby Mayo,BAL,0 to 5,21,0.007,0.429,,,,,,,,,,,,,
691723,Coby Mayo,BAL,10 to 15,64,0.022,0.484,17.0,4.0,0.0,0.286,0.412,0.286,0.697,0.335,0.291,0.118,0.133,0.417,90.3
691723,Coby Mayo,BAL,15 to 20,80,0.027,0.55,17.0,3.0,1.0,0.188,0.235,0.438,0.673,0.285,0.296,0.353,0.393,0.4,88.5
691723,Coby Mayo,BAL,20 to 25,159,0.054,0.472,16.0,3.0,1.0,0.214,0.312,0.429,0.741,0.325,0.438,0.062,0.156,0.385,86.9
691723,Coby Mayo,BAL,25 to 30,311,0.105,0.514,50.0,8.0,0.0,0.174,0.24,0.217,0.457,0.214,0.271,0.26,0.241,0.424,88.2
691723,Coby Mayo,BAL,30 to 35,380,0.129,0.45,58.0,14.0,5.0,0.292,0.414,0.708,1.122,0.463,0.382,0.345,0.295,0.536,92.3
691723,Coby Mayo,BAL,35 to 40,503,0.17,0.429,75.0,21.0,5.0,0.296,0.32,0.592,0.912,0.393,0.374,0.267,0.293,0.558,93.2
691723,Coby Mayo,BAL,40 to 45,483,0.163,0.495,75.0,18.0,5.0,0.254,0.293,0.521,0.814,0.357,0.322,0.32,0.345,0.413,92.2
691723,Coby Mayo,BAL,45 to 50,338,0.114,0.441,49.0,7.0,3.0,0.152,0.204,0.37,0.574,0.246,0.295,0.408,0.264,0.423,87.4
691723,Coby Mayo,BAL,5 to 10,31,0.01,0.355,,,,,,,,,,,,,
691723,Coby Mayo,BAL,50 to 55,267,0.09,0.461,35.0,6.0,2.0,0.176,0.2,0.412,0.612,0.257,0.3,0.343,0.306,0.5,91.2
691723,Coby Mayo,BAL,55 to 60,153,0.052,0.405,20.0,1.0,1.0,0.071,0.35,0.286,0.636,0.355,0.431,0.2,0.324,0.7,100.6
691723,Coby Mayo,BAL,60 to 65,35,0.012,0.371,,,,,,,,,,,,,
691723,Coby Mayo,BAL,65 to 70,30,0.01,0.533,,,,,,,,,,,,,
641355,Cody Bellinger,NYY,10 to 15,83,0.018,0.47,10.0,1.0,0.0,0.125,0.3,0.125,0.425,0.23,0.425,0.0,0.083,0.375,90.0
641355,Cody Bellinger,NYY,15 to 20,113,0.024,0.407,11.0,3.0,0.0,0.273,0.273,0.364,0.636,0.277,0.264,0.182,0.294,0.333,92.4
641355,Cody Bellinger,NYY,20 to 25,285,0.061,0.439,21.0,5.0,0.0,0.263,0.286,0.263,0.549,0.248,0.283,0.286,0.239,0.357,89.6
641355,Cody Bellinger,NYY,25 to 30,469,0.1,0.467,55.0,6.0,0.0,0.125,0.2,0.167,0.367,0.175,0.254,0.164,0.172,0.268,86.9
641355,Cody Bellinger,NYY,30 to 35,702,0.15,0.481,79.0,22.0,3.0,0.344,0.443,0.531,0.974,0.426,0.397,0.101,0.147,0.439,91.6
641355,Cody Bellinger,NYY,35 to 40,852,0.182,0.457,101.0,28.0,1.0,0.298,0.337,0.404,0.741,0.353,0.309,0.208,0.203,0.351,86.7
641355,Cody Bellinger,NYY,40 to 45,794,0.17,0.491,95.0,22.0,3.0,0.272,0.379,0.494,0.873,0.379,0.351,0.189,0.189,0.391,89.4
641355,Cody Bellinger,NYY,45 to 50,555,0.119,0.467,78.0,17.0,4.0,0.25,0.333,0.485,0.819,0.363,0.355,0.115,0.131,0.41,90.9
641355,Cody Bellinger,NYY,5 to 10,30,0.006,0.467,,,,,,,,,,,,,
641355,Cody Bellinger,NYY,50 to 55,413,0.088,0.538,54.0,15.0,1.0,0.306,0.37,0.449,0.819,0.361,0.354,0.148,0.193,0.366,88.7
641355,Cody Bellinger,NYY,55 to 60,218,0.047,0.505,22.0,6.0,3.0,0.316,0.409,0.842,1.251,0.507,0.398,0.136,0.224,0.375,89.1
641355,Cody Bellinger,NYY,60 to 65,78,0.017,0.474,,,,,,,,,,,,,
641355,Cody Bellinger,NYY,65 to 70,36,0.008,0.556,,,,,,,,,,,,,
683227,Cody Freeman,TEX,10 to 15,15,0.017,0.4,,,,,,,,,,,,,
683227,Cody Freeman,TEX,15 to 20,21,0.024,0.476,,,,,,,,,,,,,
683227,Cody Freeman,TEX,20 to 25,52,0.059,0.481,,,,,,,,,,,,,
683227,Cody Freeman,TEX,25 to 30,85,0.096,0.353,,,,,,,,,,,,,
683227,Cody Freeman,TEX,30 to 35,128,0.145,0.391,10.0,2.0,0.0,0.25,0.4,0.25,0.65,0.32,0.212,0.1,0.154,0.0,83.5
683227,Cody Freeman,TEX,35 to 40,135,0.153,0.444,13.0,2.0,0.0,0.2,0.385,0.2,0.585,0.369,0.275,0.077,0.167,0.0,76.6
683227,Cody Freeman,TEX,40 to 45,169,0.191,0.509,23.0,6.0,0.0,0.3,0.364,0.4,0.764,0.35,0.263,0.087,0.109,0.368,84.8
683227,Cody Freeman,TEX,45 to 50,104,0.118,0.375,,,,,,,,,,,,,
683227,Cody Freeman,TEX,50 to 55,78,0.088,0.436,,,,,,,,,,,,,
683227,Cody Freeman,TEX,55 to 60,39,0.044,0.462,,,,,,,,,,,,,
683227,Cody Freeman,TEX,60 to 65,17,0.019,0.588,,,,,,,,,,,,,
687515,Colby Thomas,ATH,15 to 20,32,0.035,0.562,,,,,,,,,,,,,
687515,Colby Thomas,ATH,20 to 25,47,0.051,0.468,,,,,,,,,,,,,
687515,Colby Thomas,ATH,25 to 30,103,0.112,0.67,21.0,5.0,0.0,0.25,0.286,0.25,0.536,0.248,0.16,0.286,0.31,0.143,81.9
687515,Colby Thomas,ATH,30 to 35,130,0.141,0.554,13.0,3.0,0.0,0.273,0.385,0.364,0.748,0.342,0.287,0.154,0.242,0.444,90.6
687515,Colby Thomas,ATH,35 to 40,177,0.192,0.655,24.0,2.0,1.0,0.087,0.125,0.217,0.342,0.15,0.264,0.292,0.377,0.375,90.8
687515,Colby Thomas,ATH,40 to 45,160,0.173,0.562,24.0,4.0,1.0,0.174,0.208,0.304,0.513,0.262,0.24,0.292,0.277,0.25,85.1
687515,Colby Thomas,ATH,45 to 50,97,0.105,0.515,10.0,2.0,1.0,0.2,0.2,0.6,0.8,0.325,0.33,0.4,0.348,0.667,94.3
687515,Colby Thomas,ATH,50 to 55,84,0.091,0.571,,,,,,,,,,,,,
687515,Colby Thomas,ATH,55 to 60,45,0.049,0.622,,,,,,,,,,,,,
694249,Cole Carrigg,COL,10 to 15,20,0.014,0.35,,,,,,,,,,,,,
694249,Cole Carrigg,COL,15 to 20,32,0.023,0.656,14.0,6.0,0.0,0.462,0.5,0.769,1.269,0.536,0.435,0.143,0.19,0.636,93.9
694249,Cole Carrigg,COL,20 to 25,76,0.055,0.566,25.0,6.0,0.0,0.273,0.36,0.364,0.724,0.328,0.297,0.2,0.14,0.235,83.9
694249,Cole Carrigg,COL,25 to 30,134,0.097,0.47,31.0,8.0,1.0,0.308,0.419,0.615,1.035,0.437,0.321,0.161,0.222,0.3,83.7
694249,Cole Carrigg,COL,30 to 35,201,0.145,0.552,56.0,13.0,2.0,0.26,0.309,0.5,0.809,0.345,0.309,0.268,0.225,0.514,91.0
694249,Cole Carrigg,COL,35 to 40,231,0.167,0.494,55.0,10.0,2.0,0.213,0.291,0.404,0.695,0.321,0.346,0.291,0.272,0.5,93.3
694249,Cole Carrigg,COL,40 to 45,255,0.185,0.537,55.0,13.0,1.0,0.255,0.309,0.373,0.682,0.303,0.271,0.309,0.248,0.324,86.3
694249,Cole Carrigg,COL,45 to 50,154,0.111,0.519,45.0,10.0,1.0,0.238,0.289,0.357,0.646,0.287,0.266,0.244,0.225,0.323,85.7
694249,Cole Carrigg,COL,50 to 55,102,0.074,0.51,24.0,6.0,2.0,0.261,0.292,0.652,0.944,0.39,0.252,0.292,0.327,0.312,83.5
694249,Cole Carrigg,COL,55 to 60,55,0.04,0.527,14.0,2.0,0.0,0.167,0.286,0.167,0.452,0.229,0.487,0.0,0.172,0.308,83.5
694249,Cole Carrigg,COL,60 to 65,18,0.013,0.5,,,,,,,,,,,,,
702284,Cole Young,SEA,10 to 15,44,0.013,0.341,10.0,3.0,1.0,0.375,0.5,0.75,1.25,0.52,0.537,0.3,0.3,0.6,88.0
702284,Cole Young,SEA,15 to 20,99,0.029,0.434,18.0,3.0,1.0,0.188,0.278,0.375,0.653,0.289,0.473,0.056,0.114,0.467,88.6
702284,Cole Young,SEA,20 to 25,219,0.064,0.461,37.0,6.0,2.0,0.176,0.243,0.412,0.655,0.281,0.305,0.135,0.147,0.448,88.7
702284,Cole Young,SEA,25 to 30,312,0.092,0.452,59.0,13.0,1.0,0.228,0.254,0.281,0.535,0.245,0.272,0.102,0.167,0.38,87.2
702284,Cole Young,SEA,30 to 35,498,0.146,0.482,100.0,26.0,4.0,0.283,0.34,0.424,0.764,0.344,0.318,0.23,0.201,0.299,87.5
702284,Cole Young,SEA,35 to 40,581,0.171,0.484,110.0,24.0,0.0,0.245,0.312,0.337,0.649,0.31,0.304,0.164,0.186,0.317,86.6
702284,Cole Young,SEA,40 to 45,595,0.175,0.486,105.0,19.0,1.0,0.202,0.276,0.287,0.563,0.259,0.303,0.162,0.17,0.39,88.9
702284,Cole Young,SEA,45 to 50,397,0.117,0.456,78.0,20.0,3.0,0.282,0.346,0.479,0.825,0.358,0.349,0.167,0.162,0.466,90.7
702284,Cole Young,SEA,5 to 10,21,0.006,0.476,,,,,,,,,,,,,
702284,Cole Young,SEA,50 to 55,293,0.086,0.471,51.0,12.0,2.0,0.24,0.255,0.42,0.675,0.289,0.266,0.196,0.126,0.4,88.9
702284,Cole Young,SEA,55 to 60,154,0.045,0.429,22.0,5.0,1.0,0.25,0.273,0.5,0.773,0.318,0.328,0.227,0.182,0.312,84.4
702284,Cole Young,SEA,60 to 65,55,0.016,0.418,,,,,,,,,,,,,
702284,Cole Young,SEA,65 to 70,18,0.005,0.5,,,,,,,,,,,,,
695657,Colson Montgomery,CWS,10 to 15,69,0.02,0.507,15.0,3.0,1.0,0.214,0.267,0.5,0.767,0.323,0.247,0.333,0.37,0.667,92.7
695657,Colson Montgomery,CWS,15 to 20,109,0.031,0.514,26.0,4.0,1.0,0.182,0.308,0.409,0.717,0.35,0.437,0.269,0.31,0.467,94.3
695657,Colson Montgomery,CWS,20 to 25,179,0.051,0.525,31.0,6.0,2.0,0.207,0.258,0.517,0.775,0.324,0.285,0.484,0.415,0.5,93.1
695657,Colson Montgomery,CWS,25 to 30,316,0.09,0.509,50.0,10.0,0.0,0.222,0.28,0.222,0.502,0.25,0.244,0.34,0.28,0.345,84.5
695657,Colson Montgomery,CWS,30 to 35,443,0.126,0.521,90.0,14.0,5.0,0.165,0.211,0.4,0.611,0.259,0.277,0.356,0.374,0.566,92.6
695657,Colson Montgomery,CWS,35 to 40,623,0.178,0.494,98.0,18.0,4.0,0.207,0.296,0.356,0.652,0.305,0.265,0.347,0.375,0.294,85.2
695657,Colson Montgomery,CWS,40 to 45,634,0.181,0.524,124.0,23.0,6.0,0.207,0.282,0.441,0.724,0.318,0.327,0.371,0.329,0.358,87.9
695657,Colson Montgomery,CWS,45 to 50,492,0.14,0.518,82.0,16.0,4.0,0.216,0.293,0.419,0.712,0.31,0.278,0.354,0.341,0.4,88.0
695657,Colson Montgomery,CWS,5 to 10,24,0.007,0.375,,,,,,,,,,,,,
695657,Colson Montgomery,CWS,50 to 55,321,0.092,0.486,51.0,11.0,4.0,0.268,0.412,0.585,0.997,0.425,0.376,0.294,0.29,0.308,84.0
695657,Colson Montgomery,CWS,55 to 60,132,0.038,0.508,22.0,3.0,2.0,0.167,0.318,0.5,0.818,0.391,0.309,0.364,0.289,0.4,84.7
695657,Colson Montgomery,CWS,60 to 65,51,0.015,0.51,,,,,,,,,,,,,
806068,Colt Emerson,SEA,10 to 15,23,0.024,0.565,,,,,,,,,,,,,
806068,Colt Emerson,SEA,15 to 20,39,0.04,0.385,,,,,,,,,,,,,
806068,Colt Emerson,SEA,20 to 25,48,0.05,0.479,10.0,2.0,0.0,0.222,0.3,0.333,0.633,0.285,0.254,0.1,0.13,0.375,86.5
806068,Colt Emerson,SEA,25 to 30,82,0.085,0.646,21.0,6.0,1.0,0.286,0.286,0.429,0.714,0.352,0.307,0.286,0.245,0.533,88.2
806068,Colt Emerson,SEA,30 to 35,126,0.131,0.587,35.0,6.0,0.0,0.182,0.229,0.212,0.441,0.21,0.186,0.343,0.351,0.15,85.6
806068,Colt Emerson,SEA,35 to 40,177,0.184,0.537,41.0,6.0,0.0,0.162,0.22,0.216,0.436,0.2,0.23,0.244,0.274,0.357,90.1
806068,Colt Emerson,SEA,40 to 45,152,0.158,0.493,43.0,8.0,1.0,0.205,0.256,0.359,0.615,0.266,0.281,0.372,0.307,0.292,83.5
806068,Colt Emerson,SEA,45 to 50,109,0.113,0.477,34.0,8.0,4.0,0.276,0.364,0.69,1.053,0.442,0.363,0.324,0.327,0.211,80.8
806068,Colt Emerson,SEA,50 to 55,101,0.105,0.485,19.0,4.0,1.0,0.25,0.368,0.438,0.806,0.358,0.272,0.316,0.306,0.4,86.6
806068,Colt Emerson,SEA,55 to 60,60,0.062,0.533,14.0,1.0,0.0,0.071,0.071,0.143,0.214,0.089,0.104,0.571,0.5,0.167,87.5
690993,Colt Keith,DET,0 to 5,17,0.005,0.412,,,,,,,,,,,,,
690993,Colt Keith,DET,10 to 15,56,0.016,0.536,,,,,,,,,,,,,
690993,Colt Keith,DET,15 to 20,135,0.039,0.415,15.0,2.0,0.0,0.2,0.467,0.2,0.667,0.353,0.497,0.0,0.125,0.3,84.6
690993,Colt Keith,DET,20 to 25,272,0.079,0.379,33.0,5.0,1.0,0.179,0.303,0.286,0.589,0.276,0.361,0.242,0.214,0.55,91.0
690993,Colt Keith,DET,25 to 30,397,0.115,0.426,62.0,15.0,1.0,0.268,0.339,0.375,0.714,0.335,0.361,0.242,0.202,0.512,91.0
690993,Colt Keith,DET,30 to 35,509,0.148,0.483,55.0,18.0,3.0,0.346,0.382,0.577,0.959,0.412,0.386,0.145,0.207,0.477,89.7
690993,Colt Keith,DET,35 to 40,576,0.167,0.455,60.0,18.0,1.0,0.316,0.35,0.491,0.841,0.364,0.304,0.217,0.204,0.455,89.6
690993,Colt Keith,DET,40 to 45,480,0.139,0.456,56.0,10.0,1.0,0.192,0.232,0.25,0.482,0.234,0.317,0.196,0.181,0.5,90.5
690993,Colt Keith,DET,45 to 50,432,0.126,0.444,54.0,14.0,1.0,0.286,0.333,0.449,0.782,0.338,0.332,0.222,0.244,0.368,89.4
690993,Colt Keith,DET,5 to 10,34,0.01,0.412,,,,,,,,,,,,,
690993,Colt Keith,DET,50 to 55,264,0.077,0.47,35.0,4.0,1.0,0.125,0.2,0.281,0.481,0.214,0.237,0.286,0.14,0.261,85.4
690993,Colt Keith,DET,55 to 60,135,0.039,0.422,17.0,4.0,0.0,0.25,0.294,0.312,0.607,0.274,0.336,0.118,0.133,0.357,86.2
690993,Colt Keith,DET,60 to 65,58,0.017,0.397,,,,,,,,,,,,,
681297,Colton Cowser,BAL,0 to 5,15,0.005,0.333,,,,,,,,,,,,,
681297,Colton Cowser,BAL,10 to 15,74,0.024,0.459,12.0,0.0,0.0,0.0,0.0,0.0,0.0,0.0,0.089,0.417,0.211,0.143,82.9
681297,Colton Cowser,BAL,15 to 20,98,0.031,0.469,14.0,3.0,1.0,0.231,0.286,0.462,0.747,0.321,0.24,0.429,0.542,0.429,82.3
681297,Colton Cowser,BAL,20 to 25,173,0.055,0.416,22.0,3.0,1.0,0.15,0.227,0.3,0.527,0.277,0.322,0.364,0.386,0.5,91.8
681297,Colton Cowser,BAL,25 to 30,324,0.103,0.383,38.0,9.0,1.0,0.273,0.342,0.364,0.706,0.316,0.296,0.289,0.29,0.304,84.4
681297,Colton Cowser,BAL,30 to 35,481,0.153,0.435,59.0,13.0,5.0,0.25,0.322,0.558,0.88,0.384,0.362,0.271,0.276,0.459,90.6
681297,Colton Cowser,BAL,35 to 40,612,0.195,0.43,72.0,13.0,0.0,0.217,0.338,0.233,0.571,0.285,0.299,0.306,0.252,0.474,86.4
681297,Colton Cowser,BAL,40 to 45,537,0.171,0.419,59.0,12.0,3.0,0.25,0.39,0.479,0.869,0.381,0.378,0.254,0.243,0.333,82.9
681297,Colton Cowser,BAL,45 to 50,380,0.121,0.476,50.0,10.0,1.0,0.217,0.28,0.326,0.606,0.272,0.259,0.4,0.411,0.385,84.8
681297,Colton Cowser,BAL,5 to 10,18,0.006,0.389,,,,,,,,,,,,,
681297,Colton Cowser,BAL,50 to 55,210,0.067,0.443,20.0,3.0,0.0,0.167,0.25,0.222,0.472,0.222,0.322,0.35,0.349,0.364,88.6
681297,Colton Cowser,BAL,55 to 60,90,0.029,0.456,15.0,5.0,0.0,0.357,0.4,0.429,0.829,0.37,0.33,0.2,0.185,0.545,93.9
681297,Colton Cowser,BAL,60 to 65,30,0.01,0.433,,,,,,,,,,,,,
681297,Colton Cowser,BAL,65 to 70,20,0.006,0.4,,,,,,,,,,,,,
656582,Connor Joe,SEA,15 to 20,19,0.035,0.211,,,,,,,,,,,,,
656582,Connor Joe,SEA,20 to 25,30,0.055,0.6,,,,,,,,,,,,,
656582,Connor Joe,SEA,25 to 30,73,0.134,0.534,,,,,,,,,,,,,
656582,Connor Joe,SEA,30 to 35,85,0.156,0.365,11.0,1.0,0.0,0.111,0.273,0.111,0.384,0.291,0.496,0.091,0.118,0.625,97.2
656582,Connor Joe,SEA,35 to 40,68,0.125,0.324,,,,,,,,,,,,,
656582,Connor Joe,SEA,40 to 45,99,0.182,0.384,,,,,,,,,,,,,
656582,Connor Joe,SEA,45 to 50,69,0.127,0.449,,,,,,,,,,,,,
656582,Connor Joe,SEA,50 to 55,45,0.083,0.311,,,,,,,,,,,,,
656582,Connor Joe,SEA,55 to 60,28,0.051,0.286,,,,,,,,,,,,,
681393,Connor Norby,COL,10 to 15,75,0.028,0.453,,,,,,,,,,,,,
681393,Connor Norby,COL,15 to 20,127,0.047,0.559,10.0,1.0,0.0,0.111,0.2,0.222,0.422,0.195,0.235,0.2,0.211,0.571,88.5
681393,Connor Norby,COL,20 to 25,210,0.078,0.567,31.0,7.0,1.0,0.269,0.355,0.385,0.739,0.329,0.366,0.194,0.217,0.286,83.1
681393,Connor Norby,COL,25 to 30,273,0.102,0.535,41.0,10.0,0.0,0.294,0.415,0.353,0.768,0.378,0.358,0.22,0.217,0.28,85.7
681393,Connor Norby,COL,30 to 35,374,0.139,0.5,52.0,9.0,2.0,0.205,0.327,0.341,0.668,0.306,0.312,0.346,0.321,0.462,90.2
681393,Connor Norby,COL,35 to 40,378,0.141,0.548,51.0,15.0,2.0,0.306,0.333,0.592,0.925,0.408,0.309,0.333,0.341,0.562,90.1
681393,Connor Norby,COL,40 to 45,438,0.163,0.514,62.0,9.0,1.0,0.176,0.306,0.294,0.601,0.278,0.244,0.29,0.275,0.303,90.2
681393,Connor Norby,COL,45 to 50,326,0.122,0.509,47.0,12.0,1.0,0.293,0.383,0.439,0.822,0.384,0.326,0.277,0.234,0.179,83.5
681393,Connor Norby,COL,5 to 10,23,0.009,0.391,,,,,,,,,,,,,
681393,Connor Norby,COL,50 to 55,223,0.083,0.511,32.0,6.0,0.0,0.207,0.281,0.276,0.557,0.256,0.236,0.281,0.241,0.238,80.4
681393,Connor Norby,COL,55 to 60,108,0.04,0.556,14.0,4.0,0.0,0.333,0.429,0.5,0.929,0.407,0.429,0.214,0.261,0.556,88.7
681393,Connor Norby,COL,60 to 65,54,0.02,0.556,,,,,,,,,,,,,
681393,Connor Norby,COL,65 to 70,31,0.012,0.484,,,,,,,,,,,,,
657136,Connor Wong,BOS,10 to 15,34,0.021,0.412,,,,,,,,,,,,,
657136,Connor Wong,BOS,15 to 20,30,0.018,0.5,,,,,,,,,,,,,
657136,Connor Wong,BOS,20 to 25,83,0.051,0.41,16.0,3.0,1.0,0.273,0.5,0.545,1.045,0.456,0.431,0.125,0.125,0.333,81.8
657136,Connor Wong,BOS,25 to 30,158,0.097,0.437,25.0,3.0,0.0,0.15,0.25,0.2,0.45,0.223,0.264,0.2,0.167,0.294,79.4
657136,Connor Wong,BOS,30 to 35,198,0.121,0.439,30.0,5.0,1.0,0.185,0.241,0.37,0.612,0.272,0.332,0.233,0.245,0.429,83.7
657136,Connor Wong,BOS,35 to 40,228,0.14,0.461,36.0,8.0,0.0,0.242,0.306,0.273,0.578,0.276,0.242,0.25,0.254,0.348,83.0
657136,Connor Wong,BOS,40 to 45,284,0.174,0.542,30.0,5.0,0.0,0.192,0.25,0.269,0.519,0.282,0.229,0.133,0.191,0.292,83.8
657136,Connor Wong,BOS,45 to 50,240,0.147,0.508,34.0,9.0,0.0,0.3,0.382,0.433,0.816,0.362,0.273,0.353,0.221,0.333,82.9
657136,Connor Wong,BOS,50 to 55,166,0.102,0.458,22.0,3.0,0.0,0.15,0.227,0.2,0.427,0.202,0.211,0.409,0.333,0.364,85.7
657136,Connor Wong,BOS,55 to 60,84,0.052,0.488,,,,,,,,,,,,,
657136,Connor Wong,BOS,60 to 65,43,0.026,0.395,,,,,,,,,,,,,
657136,Connor Wong,BOS,65 to 70,36,0.022,0.389,,,,,,,,,,,,,
694876,Cooper Ingle,CLE,35 to 40,20,0.19,0.5,,,,,,,,,,,,,
694876,Cooper Ingle,CLE,40 to 45,22,0.21,0.545,,,,,,,,,,,,,
806198,Cooper Pratt,MIL,10 to 15,26,0.026,0.538,,,,,,,,,,,,,
806198,Cooper Pratt,MIL,15 to 20,44,0.044,0.455,13.0,1.0,0.0,0.111,0.167,0.333,0.5,0.267,0.239,0.154,0.15,0.182,78.4
806198,Cooper Pratt,MIL,20 to 25,74,0.075,0.541,25.0,9.0,0.0,0.375,0.375,0.417,0.792,0.36,0.308,0.08,0.1,0.261,84.8
806198,Cooper Pratt,MIL,25 to 30,115,0.116,0.435,26.0,5.0,0.0,0.227,0.346,0.273,0.619,0.294,0.326,0.154,0.22,0.278,84.2
806198,Cooper Pratt,MIL,30 to 35,109,0.11,0.422,27.0,6.0,0.0,0.25,0.296,0.292,0.588,0.265,0.306,0.296,0.283,0.412,90.4
806198,Cooper Pratt,MIL,35 to 40,122,0.123,0.5,27.0,6.0,1.0,0.273,0.37,0.455,0.825,0.357,0.374,0.185,0.148,0.389,89.5
806198,Cooper Pratt,MIL,40 to 45,176,0.178,0.438,45.0,10.0,1.0,0.263,0.318,0.342,0.66,0.298,0.317,0.156,0.195,0.206,84.1
806198,Cooper Pratt,MIL,45 to 50,124,0.125,0.5,31.0,8.0,0.0,0.286,0.355,0.286,0.641,0.3,0.283,0.258,0.161,0.429,90.2
806198,Cooper Pratt,MIL,50 to 55,70,0.071,0.5,23.0,5.0,0.0,0.263,0.348,0.421,0.769,0.372,0.292,0.174,0.229,0.25,83.8
806198,Cooper Pratt,MIL,55 to 60,56,0.057,0.357,12.0,3.0,1.0,0.3,0.417,0.6,1.017,0.508,0.371,0.167,0.15,0.25,81.4
806198,Cooper Pratt,MIL,60 to 65,17,0.017,0.471,,,,,,,,,,,,,
682998,Corbin Carroll,AZ,10 to 15,117,0.023,0.41,16.0,5.0,1.0,0.385,0.5,0.923,1.423,0.569,0.466,0.25,0.292,0.556,91.5
682998,Corbin Carroll,AZ,15 to 20,162,0.032,0.475,21.0,5.0,1.0,0.263,0.333,0.526,0.86,0.367,0.326,0.143,0.163,0.471,91.5
682998,Corbin Carroll,AZ,20 to 25,296,0.058,0.51,44.0,10.0,2.0,0.244,0.273,0.585,0.858,0.37,0.394,0.318,0.383,0.517,95.8
682998,Corbin Carroll,AZ,25 to 30,412,0.081,0.481,51.0,9.0,2.0,0.2,0.235,0.378,0.613,0.275,0.251,0.196,0.238,0.421,89.5
682998,Corbin Carroll,AZ,30 to 35,696,0.137,0.466,90.0,21.0,4.0,0.266,0.344,0.468,0.813,0.362,0.336,0.222,0.264,0.467,90.1
682998,Corbin Carroll,AZ,35 to 40,948,0.186,0.446,126.0,24.0,3.0,0.224,0.333,0.393,0.726,0.323,0.325,0.278,0.234,0.459,91.2
682998,Corbin Carroll,AZ,40 to 45,857,0.168,0.484,113.0,17.0,5.0,0.177,0.301,0.396,0.697,0.308,0.359,0.221,0.277,0.583,93.7
682998,Corbin Carroll,AZ,45 to 50,634,0.124,0.476,80.0,19.0,2.0,0.271,0.362,0.5,0.862,0.384,0.339,0.225,0.205,0.462,91.4
682998,Corbin Carroll,AZ,5 to 10,50,0.01,0.48,,,,,,,,,,,,,
682998,Corbin Carroll,AZ,50 to 55,392,0.077,0.482,40.0,9.0,0.0,0.243,0.3,0.595,0.895,0.369,0.358,0.25,0.264,0.5,93.0
682998,Corbin Carroll,AZ,55 to 60,251,0.049,0.462,28.0,9.0,2.0,0.375,0.429,0.833,1.262,0.505,0.464,0.143,0.269,0.429,93.6
682998,Corbin Carroll,AZ,60 to 65,62,0.012,0.548,,,,,,,,,,,,,
682998,Corbin Carroll,AZ,65 to 70,42,0.008,0.405,,,,,,,,,,,,,
667452,Corey Julks,DET,35 to 40,21,0.28,0.381,,,,,,,,,,,,,
667452,Corey Julks,DET,40 to 45,20,0.267,0.6,,,,,,,,,,,,,
608369,Corey Seager,TEX,10 to 15,72,0.022,0.597,,,,,,,,,,,,,
608369,Corey Seager,TEX,15 to 20,99,0.03,0.495,,,,,,,,,,,,,
608369,Corey Seager,TEX,20 to 25,224,0.069,0.5,36.0,4.0,0.0,0.118,0.167,0.147,0.314,0.149,0.243,0.278,0.236,0.5,92.0
608369,Corey Seager,TEX,25 to 30,357,0.109,0.518,54.0,5.0,1.0,0.102,0.185,0.163,0.348,0.169,0.288,0.315,0.327,0.5,94.6
608369,Corey Seager,TEX,30 to 35,515,0.158,0.515,53.0,9.0,2.0,0.188,0.264,0.375,0.639,0.297,0.266,0.264,0.265,0.382,87.9
608369,Corey Seager,TEX,35 to 40,531,0.163,0.501,61.0,14.0,3.0,0.255,0.311,0.455,0.766,0.344,0.381,0.279,0.357,0.487,92.0
608369,Corey Seager,TEX,40 to 45,499,0.153,0.507,74.0,15.0,5.0,0.231,0.311,0.492,0.803,0.359,0.39,0.162,0.263,0.491,92.6
608369,Corey Seager,TEX,45 to 50,379,0.116,0.517,56.0,16.0,2.0,0.34,0.446,0.596,1.042,0.446,0.407,0.232,0.292,0.529,92.4
608369,Corey Seager,TEX,5 to 10,34,0.01,0.5,,,,,,,,,,,,,
608369,Corey Seager,TEX,50 to 55,297,0.091,0.444,33.0,6.0,1.0,0.214,0.333,0.393,0.726,0.324,0.312,0.303,0.377,0.333,90.1
608369,Corey Seager,TEX,55 to 60,125,0.038,0.624,17.0,8.0,3.0,0.571,0.647,1.214,1.861,0.741,0.545,0.118,0.222,0.417,95.7
608369,Corey Seager,TEX,60 to 65,32,0.01,0.5,,,,,,,,,,,,,
678554,Curtis Mead,BOS,10 to 15,54,0.022,0.407,,,,,,,,,,,,,
678554,Curtis Mead,BOS,15 to 20,69,0.028,0.377,19.0,4.0,1.0,0.267,0.421,0.533,0.954,0.413,0.347,0.263,0.222,0.2,85.8
678554,Curtis Mead,BOS,20 to 25,132,0.055,0.364,17.0,2.0,0.0,0.118,0.118,0.176,0.294,0.126,0.211,0.118,0.194,0.333,83.5
678554,Curtis Mead,BOS,25 to 30,301,0.124,0.419,35.0,5.0,0.0,0.167,0.286,0.3,0.586,0.269,0.367,0.2,0.18,0.609,91.9
678554,Curtis Mead,BOS,30 to 35,329,0.136,0.441,49.0,11.0,3.0,0.256,0.347,0.488,0.835,0.381,0.39,0.184,0.148,0.324,84.5
678554,Curtis Mead,BOS,35 to 40,321,0.133,0.414,47.0,12.0,1.0,0.3,0.404,0.475,0.879,0.404,0.304,0.191,0.155,0.3,86.1
678554,Curtis Mead,BOS,40 to 45,442,0.182,0.448,63.0,13.0,5.0,0.241,0.349,0.556,0.905,0.384,0.395,0.27,0.145,0.579,91.5
678554,Curtis Mead,BOS,45 to 50,295,0.122,0.441,35.0,7.0,3.0,0.226,0.314,0.516,0.83,0.38,0.432,0.029,0.101,0.433,90.5
678554,Curtis Mead,BOS,5 to 10,27,0.011,0.407,,,,,,,,,,,,,
678554,Curtis Mead,BOS,50 to 55,220,0.091,0.482,18.0,5.0,0.0,0.333,0.444,0.533,0.978,0.425,0.275,0.278,0.238,0.5,85.0
678554,Curtis Mead,BOS,55 to 60,130,0.054,0.508,23.0,8.0,3.0,0.4,0.478,0.95,1.428,0.578,0.417,0.174,0.154,0.438,89.5
678554,Curtis Mead,BOS,60 to 65,41,0.017,0.415,,,,,,,,,,,,,
678554,Curtis Mead,BOS,65 to 70,22,0.009,0.5,,,,,,,,,,,,,
693409,César Prieto,STL,20 to 25,27,0.213,0.519,,,,,,,,,,,,,
693409,César Prieto,STL,35 to 40,32,0.252,0.594,13.0,0.0,0.0,0.0,0.0,0.0,0.0,0.0,0.234,0.077,0.211,0.417,90.1
663967,César Salazar,HOU,25 to 30,20,0.14,0.3,,,,,,,,,,,,,
663967,César Salazar,HOU,35 to 40,15,0.105,0.667,,,,,,,,,,,,,
663967,César Salazar,HOU,40 to 45,18,0.126,0.333,,,,,,,,,,,,,
663967,César Salazar,HOU,50 to 55,16,0.112,0.5,,,,,,,,,,,,,
687221,Dalton Rushing,LAD,10 to 15,27,0.018,0.444,,,,,,,,,,,,,
687221,Dalton Rushing,LAD,15 to 20,86,0.056,0.465,10.0,3.0,2.0,0.375,0.5,1.125,1.625,0.63,0.601,0.3,0.364,0.4,92.1
687221,Dalton Rushing,LAD,20 to 25,114,0.074,0.474,19.0,7.0,1.0,0.389,0.421,0.778,1.199,0.5,0.442,0.368,0.265,0.636,93.6
687221,Dalton Rushing,LAD,25 to 30,179,0.116,0.503,34.0,5.0,0.0,0.156,0.206,0.156,0.362,0.174,0.22,0.441,0.438,0.529,93.0
687221,Dalton Rushing,LAD,30 to 35,221,0.144,0.48,36.0,7.0,3.0,0.233,0.361,0.567,0.928,0.393,0.358,0.167,0.243,0.333,88.8
687221,Dalton Rushing,LAD,35 to 40,221,0.144,0.48,37.0,5.0,1.0,0.161,0.27,0.29,0.561,0.255,0.334,0.216,0.197,0.375,85.2
687221,Dalton Rushing,LAD,40 to 45,253,0.164,0.51,38.0,9.0,2.0,0.265,0.342,0.441,0.783,0.345,0.332,0.316,0.395,0.545,89.3
687221,Dalton Rushing,LAD,45 to 50,170,0.11,0.512,31.0,7.0,2.0,0.259,0.355,0.556,0.91,0.387,0.353,0.194,0.234,0.429,87.6
687221,Dalton Rushing,LAD,5 to 10,16,0.01,0.562,,,,,,,,,,,,,
687221,Dalton Rushing,LAD,50 to 55,124,0.081,0.387,15.0,1.0,0.0,0.071,0.133,0.143,0.276,0.19,0.25,0.267,0.4,0.4,85.8
687221,Dalton Rushing,LAD,55 to 60,54,0.035,0.407,,,,,,,,,,,,,
687221,Dalton Rushing,LAD,60 to 65,26,0.017,0.346,,,,,,,,,,,,,
667472,Dane Myers,CIN,10 to 15,61,0.023,0.426,,,,,,,,,,,,,
667472,Dane Myers,CIN,15 to 20,116,0.044,0.466,14.0,5.0,1.0,0.455,0.5,0.818,1.318,0.525,0.4,0.214,0.135,0.5,85.6
667472,Dane Myers,CIN,20 to 25,150,0.057,0.44,19.0,2.0,0.0,0.111,0.158,0.167,0.325,0.15,0.194,0.211,0.194,0.357,84.2
667472,Dane Myers,CIN,25 to 30,239,0.091,0.397,34.0,11.0,0.0,0.333,0.353,0.394,0.747,0.332,0.241,0.412,0.302,0.421,91.9
667472,Dane Myers,CIN,30 to 35,349,0.133,0.441,51.0,13.0,1.0,0.317,0.431,0.488,0.919,0.402,0.32,0.157,0.209,0.353,85.6
667472,Dane Myers,CIN,35 to 40,390,0.148,0.462,54.0,16.0,3.0,0.348,0.444,0.543,0.988,0.431,0.367,0.148,0.154,0.421,89.9
667472,Dane Myers,CIN,40 to 45,426,0.162,0.415,49.0,8.0,1.0,0.19,0.306,0.262,0.568,0.306,0.347,0.286,0.245,0.276,81.2
667472,Dane Myers,CIN,45 to 50,356,0.135,0.447,40.0,7.0,1.0,0.189,0.25,0.351,0.601,0.309,0.281,0.375,0.12,0.391,88.9
667472,Dane Myers,CIN,5 to 10,18,0.007,0.333,,,,,,,,,,,,,
667472,Dane Myers,CIN,50 to 55,250,0.095,0.44,30.0,5.0,1.0,0.179,0.233,0.286,0.519,0.233,0.278,0.233,0.167,0.364,93.5
667472,Dane Myers,CIN,55 to 60,119,0.045,0.504,,,,,,,,,,,,,
667472,Dane Myers,CIN,60 to 65,36,0.014,0.556,,,,,,,,,,,,,
669288,Daniel Johnson,HOU,20 to 25,16,0.061,0.438,,,,,,,,,,,,,
669288,Daniel Johnson,HOU,30 to 35,31,0.118,0.355,,,,,,,,,,,,,
669288,Daniel Johnson,HOU,35 to 40,46,0.175,0.478,,,,,,,,,,,,,
669288,Daniel Johnson,HOU,40 to 45,53,0.202,0.472,,,,,,,,,,,,,
669288,Daniel Johnson,HOU,45 to 50,43,0.163,0.535,,,,,,,,,,,,,
669288,Daniel Johnson,HOU,50 to 55,33,0.125,0.606,,,,,,,,,,,,,
682177,Daniel Schneemann,CLE,10 to 15,64,0.023,0.453,,,,,,,,,,,,,
682177,Daniel Schneemann,CLE,15 to 20,94,0.034,0.532,,,,,,,,,,,,,
682177,Daniel Schneemann,CLE,20 to 25,233,0.083,0.485,20.0,4.0,0.0,0.222,0.3,0.222,0.522,0.25,0.362,0.3,0.208,0.25,82.7
682177,Daniel Schneemann,CLE,25 to 30,345,0.123,0.429,20.0,2.0,0.0,0.111,0.2,0.167,0.367,0.178,0.265,0.3,0.209,0.417,88.0
682177,Daniel Schneemann,CLE,30 to 35,422,0.151,0.455,47.0,11.0,2.0,0.256,0.319,0.419,0.738,0.324,0.329,0.277,0.323,0.433,90.4
682177,Daniel Schneemann,CLE,35 to 40,458,0.164,0.485,47.0,8.0,2.0,0.195,0.298,0.39,0.688,0.304,0.297,0.255,0.319,0.276,88.3
682177,Daniel Schneemann,CLE,40 to 45,401,0.143,0.494,45.0,7.0,1.0,0.163,0.2,0.302,0.502,0.219,0.187,0.333,0.357,0.393,89.0
682177,Daniel Schneemann,CLE,45 to 50,351,0.125,0.456,42.0,8.0,0.0,0.211,0.286,0.237,0.523,0.268,0.249,0.31,0.288,0.4,86.3
682177,Daniel Schneemann,CLE,5 to 10,38,0.014,0.421,,,,,,,,,,,,,
682177,Daniel Schneemann,CLE,50 to 55,215,0.077,0.437,18.0,3.0,1.0,0.176,0.222,0.412,0.634,0.269,0.279,0.444,0.385,0.556,91.6
682177,Daniel Schneemann,CLE,55 to 60,97,0.035,0.557,12.0,3.0,0.0,0.25,0.25,0.25,0.5,0.225,0.415,0.25,0.333,0.444,93.7
682177,Daniel Schneemann,CLE,60 to 65,34,0.012,0.559,,,,,,,,,,,,,
691740,Daniel Susac,SF,15 to 20,28,0.047,0.643,,,,,,,,,,,,,
691740,Daniel Susac,SF,20 to 25,40,0.068,0.5,13.0,3.0,0.0,0.25,0.231,0.25,0.481,0.208,0.198,0.231,0.25,0.2,86.1
691740,Daniel Susac,SF,25 to 30,46,0.078,0.565,,,,,,,,,,,,,
691740,Daniel Susac,SF,30 to 35,79,0.134,0.506,23.0,9.0,1.0,0.45,0.5,0.75,1.25,0.539,0.415,0.217,0.25,0.375,84.5
691740,Daniel Susac,SF,35 to 40,99,0.168,0.576,25.0,5.0,0.0,0.238,0.292,0.381,0.673,0.335,0.272,0.24,0.246,0.235,82.6
691740,Daniel Susac,SF,40 to 45,112,0.19,0.58,35.0,8.0,0.0,0.258,0.286,0.355,0.641,0.276,0.28,0.229,0.246,0.36,86.1
691740,Daniel Susac,SF,45 to 50,78,0.132,0.538,18.0,1.0,0.0,0.059,0.111,0.059,0.17,0.089,0.176,0.278,0.286,0.25,82.0
691740,Daniel Susac,SF,50 to 55,56,0.095,0.518,13.0,3.0,0.0,0.25,0.308,0.333,0.641,0.288,0.311,0.231,0.138,0.444,88.4
691740,Daniel Susac,SF,55 to 60,15,0.025,0.333,,,,,,,,,,,,,
643376,Danny Jansen,TEX,10 to 15,37,0.017,0.459,,,,,,,,,,,,,
643376,Danny Jansen,TEX,15 to 20,73,0.033,0.548,13.0,3.0,0.0,0.273,0.385,0.364,0.748,0.342,0.359,0.308,0.36,0.429,90.2
643376,Danny Jansen,TEX,20 to 25,168,0.077,0.506,18.0,7.0,1.0,0.438,0.471,0.75,1.221,0.529,0.313,0.111,0.146,0.4,81.7
643376,Danny Jansen,TEX,25 to 30,205,0.094,0.405,24.0,2.0,0.0,0.1,0.217,0.1,0.317,0.178,0.204,0.292,0.209,0.429,87.6
643376,Danny Jansen,TEX,30 to 35,286,0.131,0.469,23.0,4.0,1.0,0.182,0.217,0.455,0.672,0.28,0.195,0.348,0.231,0.286,85.7
643376,Danny Jansen,TEX,35 to 40,327,0.149,0.45,20.0,4.0,1.0,0.267,0.421,0.467,0.888,0.405,0.38,0.2,0.271,0.25,82.0
643376,Danny Jansen,TEX,40 to 45,383,0.175,0.452,45.0,3.0,0.0,0.07,0.111,0.093,0.204,0.119,0.159,0.289,0.158,0.2,84.3
643376,Danny Jansen,TEX,45 to 50,283,0.129,0.392,31.0,8.0,2.0,0.364,0.533,0.818,1.352,0.553,0.421,0.129,0.244,0.474,85.8
643376,Danny Jansen,TEX,5 to 10,22,0.01,0.409,,,,,,,,,,,,,
643376,Danny Jansen,TEX,50 to 55,192,0.088,0.391,14.0,1.0,0.0,0.083,0.214,0.083,0.298,0.164,0.224,0.143,0.167,0.2,89.0
643376,Danny Jansen,TEX,55 to 60,79,0.036,0.506,,,,,,,,,,,,,
643376,Danny Jansen,TEX,60 to 65,26,0.012,0.308,,,,,,,,,,,,,
643376,Danny Jansen,TEX,65 to 70,26,0.012,0.385,,,,,,,,,,,,,
643376,Danny Jansen,TEX,70 to 75,17,0.008,0.471,,,,,,,,,,,,,
621020,Dansby Swanson,CHC,-10 to -5,17,0.004,0.353,,,,,,,,,,,,,
621020,Dansby Swanson,CHC,-5 to 0,17,0.004,0.647,,,,,,,,,,,,,
621020,Dansby Swanson,CHC,0 to 5,23,0.005,0.609,,,,,,,,,,,,,
621020,Dansby Swanson,CHC,10 to 15,96,0.022,0.469,16.0,5.0,1.0,0.333,0.375,0.6,0.975,0.416,0.406,0.25,0.16,0.364,88.0
621020,Dansby Swanson,CHC,15 to 20,198,0.046,0.49,21.0,3.0,0.0,0.167,0.2,0.167,0.367,0.18,0.207,0.143,0.2,0.353,82.3
621020,Dansby Swanson,CHC,20 to 25,299,0.069,0.458,37.0,7.0,2.0,0.212,0.297,0.394,0.691,0.305,0.312,0.27,0.271,0.391,89.9
621020,Dansby Swanson,CHC,25 to 30,409,0.094,0.46,40.0,7.0,3.0,0.233,0.4,0.6,1.0,0.415,0.429,0.225,0.325,0.348,85.4
621020,Dansby Swanson,CHC,30 to 35,550,0.127,0.496,65.0,19.0,6.0,0.333,0.415,0.702,1.117,0.508,0.361,0.231,0.267,0.476,92.2
621020,Dansby Swanson,CHC,35 to 40,622,0.143,0.466,68.0,11.0,1.0,0.175,0.235,0.286,0.521,0.274,0.259,0.191,0.229,0.42,89.1
621020,Dansby Swanson,CHC,40 to 45,738,0.17,0.481,85.0,13.0,0.0,0.171,0.259,0.224,0.483,0.242,0.264,0.247,0.328,0.426,90.9
621020,Dansby Swanson,CHC,45 to 50,583,0.134,0.544,54.0,10.0,3.0,0.213,0.296,0.468,0.764,0.358,0.31,0.259,0.28,0.471,88.3
621020,Dansby Swanson,CHC,5 to 10,55,0.013,0.473,,,,,,,,,,,,,
621020,Dansby Swanson,CHC,50 to 55,377,0.087,0.52,43.0,8.0,2.0,0.211,0.279,0.395,0.674,0.299,0.311,0.256,0.316,0.407,91.5
621020,Dansby Swanson,CHC,55 to 60,192,0.044,0.479,16.0,2.0,0.0,0.143,0.25,0.214,0.464,0.222,0.207,0.375,0.533,0.222,89.5
621020,Dansby Swanson,CHC,60 to 65,62,0.014,0.5,,,,,,,,,,,,,
621020,Dansby Swanson,CHC,65 to 70,31,0.007,0.484,,,,,,,,,,,,,
687231,Darell Hernaiz,ATH,10 to 15,30,0.023,0.6,,,,,,,,,,,,,
687231,Darell Hernaiz,ATH,15 to 20,36,0.027,0.556,,,,,,,,,,,,,
687231,Darell Hernaiz,ATH,20 to 25,67,0.05,0.507,,,,,,,,,,,,,
687231,Darell Hernaiz,ATH,25 to 30,140,0.105,0.486,20.0,2.0,0.0,0.105,0.15,0.158,0.308,0.143,0.167,0.35,0.3,0.25,83.4
687231,Darell Hernaiz,ATH,30 to 35,193,0.145,0.461,28.0,2.0,0.0,0.095,0.321,0.095,0.417,0.239,0.331,0.107,0.205,0.333,86.4
687231,Darell Hernaiz,ATH,35 to 40,210,0.158,0.505,21.0,5.0,0.0,0.263,0.333,0.316,0.649,0.298,0.251,0.238,0.205,0.357,86.4
687231,Darell Hernaiz,ATH,40 to 45,194,0.146,0.536,19.0,6.0,0.0,0.353,0.353,0.353,0.706,0.341,0.274,0.053,0.234,0.167,79.9
687231,Darell Hernaiz,ATH,45 to 50,177,0.133,0.486,21.0,4.0,0.0,0.211,0.286,0.211,0.496,0.238,0.235,0.238,0.231,0.357,91.0
687231,Darell Hernaiz,ATH,5 to 10,15,0.011,0.533,,,,,,,,,,,,,
687231,Darell Hernaiz,ATH,50 to 55,136,0.102,0.537,13.0,4.0,0.0,0.4,0.462,0.4,0.862,0.385,0.277,0.154,0.2,0.111,75.4
687231,Darell Hernaiz,ATH,55 to 60,71,0.053,0.437,,,,,,,,,,,,,
687231,Darell Hernaiz,ATH,60 to 65,24,0.018,0.542,,,,,,,,,,,,,
680577,Dashawn Keirsey,ATL,25 to 30,20,0.057,0.6,,,,,,,,,,,,,
680577,Dashawn Keirsey,ATL,30 to 35,74,0.212,0.5,,,,,,,,,,,,,
680577,Dashawn Keirsey,ATL,35 to 40,86,0.246,0.465,,,,,,,,,,,,,
680577,Dashawn Keirsey,ATL,40 to 45,46,0.132,0.478,,,,,,,,,,,,,
680577,Dashawn Keirsey,ATL,45 to 50,33,0.095,0.788,,,,,,,,,,,,,
680577,Dashawn Keirsey,ATL,50 to 55,32,0.092,0.469,,,,,,,,,,,,,
662139,Daulton Varsho,HOU,0 to 5,16,0.005,0.562,,,,,,,,,,,,,
662139,Daulton Varsho,HOU,10 to 15,70,0.023,0.629,12.0,2.0,0.0,0.167,0.167,0.333,0.5,0.208,0.186,0.083,0.15,0.182,80.5
662139,Daulton Varsho,HOU,15 to 20,79,0.026,0.506,12.0,2.0,0.0,0.2,0.333,0.3,0.633,0.296,0.354,0.0,0.182,0.3,80.8
662139,Daulton Varsho,HOU,20 to 25,194,0.065,0.541,37.0,8.0,2.0,0.229,0.27,0.514,0.785,0.354,0.282,0.243,0.208,0.385,84.3
662139,Daulton Varsho,HOU,25 to 30,278,0.093,0.522,58.0,16.0,6.0,0.291,0.328,0.673,1.0,0.416,0.372,0.19,0.173,0.432,86.0
662139,Daulton Varsho,HOU,30 to 35,450,0.15,0.531,79.0,21.0,2.0,0.284,0.329,0.432,0.762,0.356,0.263,0.228,0.212,0.375,85.0
662139,Daulton Varsho,HOU,35 to 40,549,0.183,0.514,93.0,14.0,1.0,0.169,0.258,0.205,0.463,0.252,0.232,0.194,0.223,0.308,85.7
662139,Daulton Varsho,HOU,40 to 45,485,0.162,0.555,78.0,13.0,0.0,0.181,0.244,0.278,0.521,0.235,0.269,0.256,0.211,0.327,85.6
662139,Daulton Varsho,HOU,45 to 50,325,0.108,0.545,61.0,11.0,1.0,0.196,0.246,0.304,0.549,0.262,0.347,0.262,0.203,0.6,91.9
662139,Daulton Varsho,HOU,5 to 10,23,0.008,0.391,,,,,,,,,,,,,
662139,Daulton Varsho,HOU,50 to 55,246,0.082,0.496,48.0,10.0,0.0,0.233,0.312,0.256,0.568,0.268,0.283,0.125,0.104,0.243,84.6
662139,Daulton Varsho,HOU,55 to 60,148,0.049,0.574,18.0,3.0,0.0,0.167,0.167,0.222,0.389,0.169,0.218,0.222,0.167,0.214,88.3
662139,Daulton Varsho,HOU,60 to 65,41,0.014,0.585,,,,,,,,,,,,,
681807,David Fry,CLE,10 to 15,39,0.026,0.462,,,,,,,,,,,,,
681807,David Fry,CLE,15 to 20,56,0.037,0.518,,,,,,,,,,,,,
681807,David Fry,CLE,20 to 25,115,0.077,0.417,16.0,3.0,1.0,0.214,0.312,0.5,0.812,0.347,0.166,0.25,0.125,0.4,88.7
681807,David Fry,CLE,25 to 30,129,0.086,0.419,19.0,4.0,0.0,0.267,0.421,0.4,0.821,0.374,0.374,0.263,0.258,0.364,90.5
681807,David Fry,CLE,30 to 35,163,0.108,0.448,23.0,5.0,1.0,0.25,0.348,0.45,0.798,0.389,0.322,0.217,0.24,0.4,87.0
681807,David Fry,CLE,35 to 40,232,0.154,0.478,35.0,3.0,2.0,0.103,0.257,0.31,0.567,0.26,0.257,0.229,0.292,0.238,80.7
681807,David Fry,CLE,40 to 45,283,0.188,0.502,37.0,8.0,0.0,0.258,0.378,0.29,0.669,0.318,0.29,0.324,0.268,0.316,82.7
681807,David Fry,CLE,45 to 50,230,0.153,0.504,27.0,5.0,2.0,0.217,0.333,0.522,0.855,0.365,0.246,0.259,0.312,0.375,82.7
681807,David Fry,CLE,5 to 10,18,0.012,0.444,,,,,,,,,,,,,
681807,David Fry,CLE,50 to 55,140,0.093,0.436,17.0,3.0,0.0,0.188,0.235,0.188,0.423,0.2,0.168,0.294,0.269,0.364,88.0
681807,David Fry,CLE,55 to 60,45,0.03,0.489,,,,,,,,,,,,,
681807,David Fry,CLE,60 to 65,20,0.013,0.5,,,,,,,,,,,,,
666152,David Hamilton,MIL,10 to 15,55,0.024,0.327,,,,,,,,,,,,,
666152,David Hamilton,MIL,15 to 20,76,0.034,0.434,13.0,3.0,0.0,0.333,0.538,0.333,0.872,0.423,0.47,0.077,0.211,0.375,80.4
666152,David Hamilton,MIL,20 to 25,178,0.079,0.461,30.0,7.0,2.0,0.259,0.333,0.556,0.889,0.377,0.251,0.233,0.277,0.15,82.6
666152,David Hamilton,MIL,25 to 30,280,0.124,0.464,47.0,7.0,0.0,0.171,0.209,0.171,0.38,0.198,0.246,0.255,0.182,0.182,78.6
666152,David Hamilton,MIL,30 to 35,304,0.135,0.434,49.0,16.0,0.0,0.372,0.426,0.512,0.937,0.438,0.351,0.204,0.153,0.343,81.8
666152,David Hamilton,MIL,35 to 40,351,0.156,0.419,51.0,12.0,2.0,0.261,0.306,0.435,0.741,0.345,0.225,0.255,0.273,0.206,76.4
666152,David Hamilton,MIL,40 to 45,380,0.169,0.442,65.0,11.0,0.0,0.183,0.246,0.2,0.446,0.212,0.207,0.231,0.184,0.2,77.7
666152,David Hamilton,MIL,45 to 50,240,0.106,0.417,47.0,10.0,0.0,0.238,0.289,0.262,0.551,0.263,0.29,0.191,0.169,0.514,85.1
666152,David Hamilton,MIL,50 to 55,152,0.067,0.454,23.0,3.0,0.0,0.143,0.217,0.19,0.408,0.233,0.228,0.261,0.196,0.2,76.1
666152,David Hamilton,MIL,55 to 60,83,0.037,0.458,18.0,3.0,0.0,0.176,0.222,0.235,0.458,0.258,0.197,0.278,0.2,0.25,76.1
666152,David Hamilton,MIL,60 to 65,32,0.014,0.438,,,,,,,,,,,,,
676914,Davis Schneider,TOR,10 to 15,15,0.009,0.667,,,,,,,,,,,,,
676914,Davis Schneider,TOR,15 to 20,43,0.026,0.326,,,,,,,,,,,,,
676914,Davis Schneider,TOR,20 to 25,92,0.055,0.5,,,,,,,,,,,,,
676914,Davis Schneider,TOR,25 to 30,175,0.104,0.406,24.0,4.0,2.0,0.2,0.304,0.5,0.804,0.352,0.319,0.417,0.276,0.545,86.0
676914,Davis Schneider,TOR,30 to 35,221,0.131,0.403,12.0,1.0,0.0,0.091,0.167,0.182,0.348,0.162,0.129,0.5,0.238,0.2,93.7
676914,Davis Schneider,TOR,35 to 40,259,0.154,0.398,28.0,2.0,0.0,0.095,0.321,0.143,0.464,0.252,0.251,0.286,0.264,0.357,82.7
676914,Davis Schneider,TOR,40 to 45,311,0.185,0.418,27.0,3.0,0.0,0.136,0.296,0.182,0.478,0.243,0.245,0.333,0.391,0.538,87.9
676914,Davis Schneider,TOR,45 to 50,225,0.134,0.422,13.0,0.0,0.0,0.0,0.077,0.0,0.077,0.054,0.086,0.538,0.318,0.2,80.4
676914,Davis Schneider,TOR,50 to 55,158,0.094,0.405,10.0,2.0,0.0,0.25,0.4,0.5,0.9,0.39,0.458,0.3,0.118,0.8,95.4
676914,Davis Schneider,TOR,55 to 60,84,0.05,0.357,,,,,,,,,,,,,
676914,Davis Schneider,TOR,60 to 65,26,0.015,0.462,,,,,,,,,,,,,
695734,Daylen Lile,WSH,-5 to 0,18,0.005,0.611,,,,,,,,,,,,,
695734,Daylen Lile,WSH,0 to 5,19,0.005,0.474,,,,,,,,,,,,,
695734,Daylen Lile,WSH,10 to 15,81,0.022,0.543,13.0,7.0,0.0,0.636,0.615,1.0,1.615,0.646,0.372,0.231,0.259,0.556,92.9
695734,Daylen Lile,WSH,15 to 20,144,0.039,0.507,31.0,6.0,2.0,0.2,0.226,0.433,0.659,0.279,0.392,0.226,0.15,0.652,94.6
695734,Daylen Lile,WSH,20 to 25,266,0.072,0.553,40.0,12.0,4.0,0.316,0.35,0.658,1.008,0.435,0.422,0.125,0.202,0.469,88.3
695734,Daylen Lile,WSH,25 to 30,373,0.102,0.56,73.0,15.0,5.0,0.238,0.329,0.476,0.805,0.359,0.388,0.178,0.222,0.392,89.0
695734,Daylen Lile,WSH,30 to 35,528,0.144,0.551,94.0,17.0,1.0,0.191,0.234,0.292,0.526,0.256,0.307,0.181,0.207,0.338,88.6
695734,Daylen Lile,WSH,35 to 40,599,0.163,0.558,108.0,26.0,3.0,0.252,0.278,0.437,0.715,0.331,0.303,0.213,0.245,0.432,88.6
695734,Daylen Lile,WSH,40 to 45,535,0.146,0.529,104.0,26.0,3.0,0.265,0.298,0.459,0.757,0.336,0.285,0.183,0.165,0.304,86.8
695734,Daylen Lile,WSH,45 to 50,412,0.112,0.541,64.0,10.0,2.0,0.179,0.266,0.375,0.641,0.279,0.347,0.188,0.208,0.333,89.3
695734,Daylen Lile,WSH,5 to 10,47,0.013,0.553,,,,,,,,,,,,,
695734,Daylen Lile,WSH,50 to 55,329,0.09,0.517,48.0,11.0,1.0,0.25,0.312,0.386,0.699,0.309,0.309,0.292,0.277,0.3,86.6
695734,Daylen Lile,WSH,55 to 60,140,0.038,0.543,23.0,4.0,0.0,0.2,0.304,0.25,0.554,0.263,0.268,0.174,0.279,0.25,82.6
695734,Daylen Lile,WSH,60 to 65,56,0.015,0.536,15.0,3.0,1.0,0.2,0.2,0.467,0.667,0.277,0.293,0.267,0.273,0.364,91.7
695734,Daylen Lile,WSH,65 to 70,22,0.006,0.545,,,,,,,,,,,,,
663662,Daz Cameron,TOR,25 to 30,22,0.087,0.364,,,,,,,,,,,,,
663662,Daz Cameron,TOR,30 to 35,57,0.224,0.491,,,,,,,,,,,,,
663662,Daz Cameron,TOR,35 to 40,41,0.161,0.61,,,,,,,,,,,,,
663662,Daz Cameron,TOR,40 to 45,26,0.102,0.692,,,,,,,,,,,,,
663662,Daz Cameron,TOR,45 to 50,36,0.142,0.556,,,,,,,,,,,,,
663662,Daz Cameron,TOR,50 to 55,17,0.067,0.529,,,,,,,,,,,,,
663662,Daz Cameron,TOR,55 to 60,16,0.063,0.625,,,,,,,,,,,,,
672016,Denzel Clarke,ATH,10 to 15,20,0.021,0.3,,,,,,,,,,,,,
672016,Denzel Clarke,ATH,15 to 20,29,0.03,0.379,,,,,,,,,,,,,
672016,Denzel Clarke,ATH,20 to 25,74,0.076,0.432,,,,,,,,,,,,,
672016,Denzel Clarke,ATH,25 to 30,84,0.087,0.464,,,,,,,,,,,,,
672016,Denzel Clarke,ATH,30 to 35,155,0.16,0.452,11.0,1.0,0.0,0.1,0.182,0.1,0.282,0.145,0.265,0.273,0.421,0.286,83.9
672016,Denzel Clarke,ATH,35 to 40,158,0.163,0.487,13.0,0.0,0.0,0.0,0.083,0.0,0.083,0.075,0.142,0.462,0.385,0.143,77.2
672016,Denzel Clarke,ATH,40 to 45,143,0.148,0.448,13.0,3.0,0.0,0.25,0.25,0.333,0.583,0.271,0.127,0.462,0.304,0.429,78.8
672016,Denzel Clarke,ATH,45 to 50,124,0.128,0.468,14.0,4.0,0.0,0.333,0.385,0.333,0.718,0.346,0.291,0.143,0.2,0.455,83.6
672016,Denzel Clarke,ATH,50 to 55,80,0.083,0.412,,,,,,,,,,,,,
672016,Denzel Clarke,ATH,55 to 60,38,0.039,0.395,,,,,,,,,,,,,
672016,Denzel Clarke,ATH,60 to 65,16,0.017,0.562,,,,,,,,,,,,,
694203,Denzer Guzman,LAA,15 to 20,38,0.03,0.605,,,,,,,,,,,,,
694203,Denzer Guzman,LAA,20 to 25,118,0.093,0.508,24.0,2.0,0.0,0.083,0.083,0.083,0.167,0.075,0.247,0.25,0.204,0.389,85.9
694203,Denzer Guzman,LAA,25 to 30,94,0.074,0.532,21.0,6.0,0.0,0.333,0.4,0.389,0.789,0.368,0.179,0.286,0.2,0.154,79.9
694203,Denzer Guzman,LAA,30 to 35,147,0.116,0.544,38.0,12.0,2.0,0.316,0.316,0.553,0.868,0.37,0.327,0.289,0.214,0.444,91.8
694203,Denzer Guzman,LAA,35 to 40,189,0.149,0.529,41.0,8.0,0.0,0.205,0.225,0.205,0.43,0.26,0.219,0.268,0.212,0.214,82.2
694203,Denzer Guzman,LAA,40 to 45,239,0.189,0.527,57.0,10.0,1.0,0.192,0.263,0.308,0.571,0.257,0.271,0.263,0.292,0.405,89.1
694203,Denzer Guzman,LAA,45 to 50,175,0.138,0.503,44.0,7.0,2.0,0.175,0.25,0.325,0.575,0.257,0.221,0.273,0.224,0.25,82.9
694203,Denzer Guzman,LAA,5 to 10,17,0.013,0.529,,,,,,,,,,,,,
694203,Denzer Guzman,LAA,50 to 55,104,0.082,0.548,27.0,5.0,1.0,0.208,0.296,0.333,0.63,0.296,0.314,0.185,0.346,0.412,86.5
694203,Denzer Guzman,LAA,55 to 60,52,0.041,0.519,12.0,3.0,2.0,0.273,0.333,0.818,1.152,0.467,0.345,0.083,0.24,0.5,93.0
694203,Denzer Guzman,LAA,60 to 65,24,0.019,0.5,,,,,,,,,,,,,
656537,Derek Hill,PHI,10 to 15,56,0.04,0.589,,,,,,,,,,,,,
656537,Derek Hill,PHI,15 to 20,55,0.039,0.473,,,,,,,,,,,,,
656537,Derek Hill,PHI,20 to 25,63,0.045,0.54,10.0,3.0,1.0,0.429,0.556,0.857,1.413,0.6,0.482,0.2,0.263,0.167,72.3
656537,Derek Hill,PHI,25 to 30,115,0.082,0.504,15.0,4.0,1.0,0.267,0.267,0.467,0.733,0.313,0.311,0.4,0.32,0.444,94.4
656537,Derek Hill,PHI,30 to 35,162,0.115,0.512,22.0,6.0,2.0,0.286,0.286,0.571,0.857,0.371,0.305,0.273,0.275,0.25,83.1
656537,Derek Hill,PHI,35 to 40,189,0.134,0.492,34.0,3.0,0.0,0.097,0.176,0.097,0.273,0.141,0.209,0.294,0.308,0.273,84.1
656537,Derek Hill,PHI,40 to 45,238,0.169,0.483,34.0,6.0,3.0,0.188,0.235,0.469,0.704,0.324,0.275,0.235,0.307,0.25,77.3
656537,Derek Hill,PHI,45 to 50,215,0.153,0.558,37.0,13.0,1.0,0.382,0.417,0.647,1.064,0.483,0.27,0.378,0.297,0.381,87.1
656537,Derek Hill,PHI,5 to 10,15,0.011,0.467,,,,,,,,,,,,,
656537,Derek Hill,PHI,50 to 55,130,0.092,0.546,18.0,4.0,1.0,0.235,0.278,0.412,0.69,0.3,0.297,0.444,0.35,0.444,84.3
656537,Derek Hill,PHI,55 to 60,69,0.049,0.493,12.0,1.0,1.0,0.1,0.25,0.4,0.65,0.283,0.359,0.333,0.316,0.333,80.5
656537,Derek Hill,PHI,60 to 65,47,0.033,0.489,,,,,,,,,,,,,
656537,Derek Hill,PHI,65 to 70,25,0.018,0.48,,,,,,,,,,,,,
691277,Deyvison De Los Santos,MIA,35 to 40,20,0.169,0.55,,,,,,,,,,,,,
691277,Deyvison De Los Santos,MIA,40 to 45,34,0.288,0.588,,,,,,,,,,,,,
691277,Deyvison De Los Santos,MIA,45 to 50,28,0.237,0.321,,,,,,,,,,,,,
693307,Dillon Dingler,DET,0 to 5,20,0.005,0.4,,,,,,,,,,,,,
693307,Dillon Dingler,DET,10 to 15,82,0.02,0.415,12.0,2.0,0.0,0.167,0.167,0.167,0.333,0.15,0.34,0.0,0.0,0.154,79.6
693307,Dillon Dingler,DET,15 to 20,150,0.036,0.44,20.0,1.0,0.0,0.056,0.15,0.111,0.261,0.132,0.217,0.15,0.111,0.333,84.8
693307,Dillon Dingler,DET,20 to 25,269,0.065,0.431,42.0,8.0,3.0,0.229,0.357,0.543,0.9,0.426,0.423,0.214,0.254,0.462,91.3
693307,Dillon Dingler,DET,25 to 30,460,0.112,0.474,60.0,18.0,4.0,0.333,0.383,0.611,0.994,0.434,0.385,0.317,0.26,0.5,92.3
693307,Dillon Dingler,DET,30 to 35,565,0.137,0.487,87.0,22.0,5.0,0.286,0.333,0.545,0.879,0.375,0.316,0.23,0.224,0.475,88.6
693307,Dillon Dingler,DET,35 to 40,636,0.154,0.492,90.0,16.0,2.0,0.2,0.278,0.3,0.578,0.262,0.326,0.222,0.174,0.443,88.0
693307,Dillon Dingler,DET,40 to 45,638,0.155,0.514,96.0,22.0,3.0,0.239,0.271,0.435,0.706,0.321,0.32,0.219,0.188,0.423,87.6
693307,Dillon Dingler,DET,45 to 50,522,0.127,0.506,70.0,17.0,2.0,0.262,0.314,0.431,0.745,0.325,0.373,0.2,0.215,0.392,87.9
693307,Dillon Dingler,DET,5 to 10,45,0.011,0.4,,,,,,,,,,,,,
693307,Dillon Dingler,DET,50 to 55,350,0.085,0.474,44.0,10.0,3.0,0.238,0.273,0.476,0.749,0.335,0.33,0.273,0.23,0.414,89.3
693307,Dillon Dingler,DET,55 to 60,182,0.044,0.473,32.0,8.0,3.0,0.276,0.344,0.655,0.999,0.416,0.359,0.281,0.2,0.45,91.1
693307,Dillon Dingler,DET,60 to 65,73,0.018,0.452,12.0,3.0,1.0,0.3,0.417,0.6,1.017,0.433,0.344,0.167,0.235,0.5,91.1
693307,Dillon Dingler,DET,65 to 70,20,0.005,0.35,,,,,,,,,,,,,
686527,Dominic Canzone,SEA,0 to 5,15,0.005,0.4,,,,,,,,,,,,,
686527,Dominic Canzone,SEA,10 to 15,64,0.022,0.469,,,,,,,,,,,,,
686527,Dominic Canzone,SEA,15 to 20,81,0.027,0.519,18.0,5.0,1.0,0.357,0.444,0.714,1.159,0.467,0.512,0.167,0.2,0.583,96.8
686527,Dominic Canzone,SEA,20 to 25,184,0.062,0.462,32.0,5.0,2.0,0.172,0.25,0.379,0.629,0.275,0.326,0.219,0.259,0.364,90.9
686527,Dominic Canzone,SEA,25 to 30,296,0.1,0.493,42.0,10.0,1.0,0.263,0.333,0.395,0.728,0.324,0.339,0.119,0.195,0.273,87.0
686527,Dominic Canzone,SEA,30 to 35,374,0.126,0.503,66.0,17.0,1.0,0.279,0.333,0.393,0.727,0.323,0.293,0.227,0.267,0.478,91.4
686527,Dominic Canzone,SEA,35 to 40,499,0.168,0.521,100.0,29.0,4.0,0.315,0.36,0.511,0.871,0.375,0.385,0.16,0.232,0.442,90.9
686527,Dominic Canzone,SEA,40 to 45,485,0.163,0.489,87.0,19.0,3.0,0.253,0.356,0.493,0.85,0.367,0.365,0.218,0.264,0.5,90.7
686527,Dominic Canzone,SEA,45 to 50,379,0.127,0.446,58.0,14.0,2.0,0.269,0.345,0.5,0.845,0.379,0.351,0.328,0.276,0.394,90.0
686527,Dominic Canzone,SEA,5 to 10,25,0.008,0.48,,,,,,,,,,,,,
686527,Dominic Canzone,SEA,50 to 55,296,0.1,0.51,56.0,10.0,3.0,0.189,0.232,0.434,0.666,0.287,0.282,0.25,0.292,0.474,92.3
686527,Dominic Canzone,SEA,55 to 60,123,0.041,0.447,16.0,4.0,2.0,0.286,0.375,0.714,1.089,0.45,0.412,0.125,0.172,0.5,91.4
686527,Dominic Canzone,SEA,60 to 65,38,0.013,0.5,,,,,,,,,,,,,
642086,Dominic Smith,ATL,10 to 15,27,0.014,0.481,,,,,,,,,,,,,
642086,Dominic Smith,ATL,15 to 20,46,0.023,0.348,,,,,,,,,,,,,
642086,Dominic Smith,ATL,20 to 25,124,0.062,0.476,15.0,3.0,0.0,0.25,0.4,0.25,0.65,0.32,0.357,0.067,0.286,0.25,87.7
642086,Dominic Smith,ATL,25 to 30,232,0.117,0.478,39.0,10.0,0.0,0.27,0.289,0.351,0.641,0.288,0.256,0.179,0.225,0.312,84.3
642086,Dominic Smith,ATL,30 to 35,273,0.138,0.516,47.0,8.0,0.0,0.178,0.191,0.244,0.436,0.19,0.238,0.128,0.163,0.325,87.8
642086,Dominic Smith,ATL,35 to 40,350,0.176,0.523,51.0,16.0,3.0,0.356,0.412,0.556,0.967,0.433,0.359,0.078,0.15,0.333,88.5
642086,Dominic Smith,ATL,40 to 45,368,0.185,0.446,48.0,10.0,2.0,0.25,0.333,0.4,0.733,0.34,0.355,0.208,0.217,0.387,90.2
642086,Dominic Smith,ATL,45 to 50,226,0.114,0.544,36.0,5.0,0.0,0.147,0.167,0.147,0.314,0.144,0.174,0.278,0.203,0.24,87.7
642086,Dominic Smith,ATL,5 to 10,16,0.008,0.5,,,,,,,,,,,,,
642086,Dominic Smith,ATL,50 to 55,149,0.075,0.544,23.0,9.0,3.0,0.409,0.435,0.818,1.253,0.526,0.351,0.13,0.182,0.368,90.4
642086,Dominic Smith,ATL,55 to 60,96,0.048,0.385,11.0,2.0,0.0,0.333,0.636,0.5,1.136,0.514,0.469,0.0,0.235,0.333,78.6
642086,Dominic Smith,ATL,60 to 65,39,0.02,0.487,,,,,,,,,,,,,
622268,Donovan Walton,ATH,10 to 15,20,0.02,0.7,,,,,,,,,,,,,
622268,Donovan Walton,ATH,15 to 20,39,0.039,0.564,11.0,3.0,0.0,0.429,0.636,0.857,1.494,0.595,0.413,0.182,0.238,0.4,86.5
622268,Donovan Walton,ATH,20 to 25,83,0.083,0.446,15.0,1.0,0.0,0.091,0.333,0.182,0.515,0.27,0.331,0.133,0.216,0.333,87.4
622268,Donovan Walton,ATH,25 to 30,91,0.091,0.527,25.0,4.0,0.0,0.167,0.2,0.167,0.367,0.172,0.236,0.08,0.229,0.182,82.8
622268,Donovan Walton,ATH,30 to 35,122,0.122,0.508,34.0,5.0,1.0,0.167,0.242,0.333,0.576,0.261,0.255,0.206,0.242,0.25,83.0
622268,Donovan Walton,ATH,35 to 40,169,0.168,0.556,48.0,14.0,3.0,0.318,0.375,0.523,0.898,0.39,0.356,0.208,0.286,0.353,85.8
622268,Donovan Walton,ATH,40 to 45,177,0.176,0.446,44.0,11.0,1.0,0.324,0.477,0.529,1.007,0.441,0.382,0.182,0.236,0.346,87.2
622268,Donovan Walton,ATH,45 to 50,119,0.119,0.529,28.0,5.0,1.0,0.2,0.286,0.36,0.646,0.288,0.282,0.214,0.27,0.421,88.1
622268,Donovan Walton,ATH,50 to 55,93,0.093,0.495,21.0,8.0,1.0,0.421,0.476,0.789,1.266,0.529,0.378,0.143,0.233,0.5,91.2
622268,Donovan Walton,ATH,55 to 60,39,0.039,0.487,,,,,,,,,,,,,
686948,Drake Baldwin,ATL,-10 to -5,16,0.004,0.688,,,,,,,,,,,,,
686948,Drake Baldwin,ATL,10 to 15,101,0.025,0.525,,,,,,,,,,,,,
686948,Drake Baldwin,ATL,15 to 20,188,0.046,0.527,23.0,7.0,1.0,0.318,0.348,0.545,0.893,0.383,0.442,0.174,0.2,0.611,93.3
686948,Drake Baldwin,ATL,20 to 25,361,0.088,0.482,43.0,12.0,3.0,0.324,0.419,0.676,1.094,0.458,0.356,0.256,0.288,0.462,91.0
686948,Drake Baldwin,ATL,25 to 30,461,0.113,0.508,78.0,16.0,0.0,0.225,0.295,0.254,0.548,0.265,0.333,0.179,0.201,0.561,92.8
686948,Drake Baldwin,ATL,30 to 35,604,0.148,0.503,84.0,20.0,3.0,0.286,0.393,0.443,0.836,0.37,0.403,0.155,0.19,0.517,92.5
686948,Drake Baldwin,ATL,35 to 40,632,0.155,0.468,97.0,26.0,6.0,0.306,0.392,0.529,0.921,0.399,0.381,0.247,0.31,0.508,93.4
686948,Drake Baldwin,ATL,40 to 45,622,0.152,0.508,96.0,28.0,6.0,0.326,0.396,0.57,0.966,0.424,0.402,0.177,0.21,0.522,91.2
686948,Drake Baldwin,ATL,45 to 50,514,0.126,0.541,80.0,22.0,3.0,0.289,0.325,0.447,0.772,0.348,0.349,0.238,0.206,0.456,89.6
686948,Drake Baldwin,ATL,50 to 55,282,0.069,0.507,47.0,7.0,0.0,0.167,0.234,0.167,0.401,0.194,0.242,0.383,0.258,0.36,85.4
686948,Drake Baldwin,ATL,55 to 60,125,0.031,0.48,12.0,3.0,0.0,0.273,0.333,0.273,0.606,0.283,0.277,0.167,0.258,0.444,87.1
686948,Drake Baldwin,ATL,60 to 65,45,0.011,0.511,,,,,,,,,,,,,
686948,Drake Baldwin,ATL,65 to 70,16,0.004,0.438,,,,,,,,,,,,,
701852,Drew Cavanaugh,SF,20 to 25,41,0.065,0.488,10.0,3.0,0.0,0.333,0.4,0.333,0.733,0.34,0.458,0.2,0.25,0.714,89.5
701852,Drew Cavanaugh,SF,25 to 30,48,0.076,0.5,16.0,7.0,0.0,0.5,0.533,0.571,1.105,0.503,0.396,0.125,0.167,0.154,77.8
701852,Drew Cavanaugh,SF,30 to 35,72,0.114,0.458,16.0,2.0,0.0,0.143,0.25,0.143,0.393,0.2,0.195,0.438,0.242,0.286,86.0
701852,Drew Cavanaugh,SF,35 to 40,91,0.144,0.473,26.0,4.0,0.0,0.211,0.4,0.211,0.611,0.32,0.348,0.269,0.233,0.154,85.2
701852,Drew Cavanaugh,SF,40 to 45,133,0.21,0.489,31.0,6.0,0.0,0.2,0.226,0.233,0.459,0.208,0.229,0.419,0.231,0.278,79.4
701852,Drew Cavanaugh,SF,45 to 50,91,0.144,0.484,19.0,3.0,1.0,0.167,0.211,0.389,0.599,0.255,0.369,0.158,0.182,0.533,90.7
701852,Drew Cavanaugh,SF,50 to 55,60,0.095,0.517,17.0,3.0,0.0,0.214,0.312,0.214,0.527,0.269,0.262,0.471,0.452,0.286,79.6
701852,Drew Cavanaugh,SF,55 to 60,39,0.062,0.308,,,,,,,,,,,,,
687551,Drew Gilbert,SF,10 to 15,30,0.015,0.567,,,,,,,,,,,,,
687551,Drew Gilbert,SF,15 to 20,59,0.03,0.322,,,,,,,,,,,,,
687551,Drew Gilbert,SF,20 to 25,114,0.058,0.421,24.0,3.0,0.0,0.143,0.25,0.143,0.393,0.2,0.375,0.083,0.143,0.263,81.4
687551,Drew Gilbert,SF,25 to 30,196,0.1,0.454,42.0,7.0,3.0,0.189,0.286,0.486,0.772,0.329,0.327,0.143,0.21,0.355,87.7
687551,Drew Gilbert,SF,30 to 35,287,0.146,0.415,53.0,12.0,2.0,0.255,0.34,0.404,0.744,0.348,0.354,0.17,0.233,0.487,88.1
687551,Drew Gilbert,SF,35 to 40,283,0.144,0.442,50.0,10.0,1.0,0.233,0.32,0.395,0.715,0.35,0.307,0.14,0.139,0.263,85.9
687551,Drew Gilbert,SF,40 to 45,335,0.171,0.391,71.0,19.0,3.0,0.302,0.38,0.556,0.936,0.401,0.362,0.183,0.225,0.32,85.8
687551,Drew Gilbert,SF,45 to 50,247,0.126,0.413,53.0,12.0,1.0,0.273,0.346,0.386,0.733,0.344,0.319,0.226,0.193,0.486,86.6
687551,Drew Gilbert,SF,5 to 10,22,0.011,0.545,,,,,,,,,,,,,
687551,Drew Gilbert,SF,50 to 55,190,0.097,0.432,29.0,5.0,1.0,0.2,0.31,0.36,0.67,0.333,0.317,0.172,0.2,0.4,87.6
687551,Drew Gilbert,SF,55 to 60,115,0.059,0.478,24.0,5.0,0.0,0.227,0.261,0.364,0.625,0.28,0.279,0.167,0.098,0.421,83.7
687551,Drew Gilbert,SF,60 to 65,26,0.013,0.423,,,,,,,,,,,,,
686452,Drew Millas,WSH,15 to 20,25,0.031,0.44,,,,,,,,,,,,,
686452,Drew Millas,WSH,20 to 25,41,0.052,0.463,,,,,,,,,,,,,
686452,Drew Millas,WSH,25 to 30,100,0.126,0.42,22.0,3.0,0.0,0.15,0.227,0.15,0.377,0.227,0.245,0.182,0.091,0.125,77.6
686452,Drew Millas,WSH,30 to 35,119,0.15,0.403,21.0,4.0,1.0,0.222,0.333,0.5,0.833,0.39,0.322,0.143,0.297,0.214,83.8
686452,Drew Millas,WSH,35 to 40,146,0.184,0.507,29.0,6.0,0.0,0.231,0.25,0.269,0.519,0.238,0.235,0.379,0.281,0.222,84.4
686452,Drew Millas,WSH,40 to 45,130,0.164,0.492,23.0,3.0,0.0,0.15,0.261,0.15,0.411,0.209,0.26,0.261,0.22,0.143,74.5
686452,Drew Millas,WSH,45 to 50,104,0.131,0.442,17.0,1.0,0.0,0.067,0.176,0.067,0.243,0.188,0.236,0.235,0.087,0.273,83.8
686452,Drew Millas,WSH,50 to 55,62,0.078,0.403,15.0,3.0,0.0,0.25,0.357,0.25,0.607,0.357,0.235,0.2,0.25,0.273,79.6
686452,Drew Millas,WSH,55 to 60,25,0.031,0.4,,,,,,,,,,,,,
691011,Drew Romo,CWS,20 to 25,38,0.051,0.605,,,,,,,,,,,,,
691011,Drew Romo,CWS,25 to 30,71,0.096,0.549,22.0,5.0,1.0,0.312,0.455,0.562,1.017,0.43,0.413,0.227,0.278,0.417,82.6
691011,Drew Romo,CWS,30 to 35,97,0.131,0.526,24.0,4.0,2.0,0.174,0.208,0.478,0.687,0.285,0.256,0.292,0.306,0.375,87.6
691011,Drew Romo,CWS,35 to 40,146,0.197,0.493,40.0,6.0,3.0,0.176,0.3,0.441,0.741,0.345,0.313,0.225,0.296,0.36,85.8
691011,Drew Romo,CWS,40 to 45,142,0.192,0.465,39.0,3.0,0.0,0.094,0.237,0.156,0.393,0.205,0.252,0.256,0.262,0.174,78.8
691011,Drew Romo,CWS,45 to 50,109,0.147,0.495,28.0,4.0,1.0,0.16,0.25,0.28,0.53,0.275,0.289,0.214,0.204,0.158,82.7
691011,Drew Romo,CWS,50 to 55,51,0.069,0.51,16.0,1.0,0.0,0.071,0.188,0.143,0.33,0.166,0.226,0.125,0.269,0.083,81.7
691011,Drew Romo,CWS,55 to 60,16,0.022,0.562,,,,,,,,,,,,,
687957,Dustin Harris,SD,10 to 15,19,0.029,0.316,,,,,,,,,,,,,
687957,Dustin Harris,SD,15 to 20,21,0.032,0.571,,,,,,,,,,,,,
687957,Dustin Harris,SD,20 to 25,43,0.066,0.395,,,,,,,,,,,,,
687957,Dustin Harris,SD,25 to 30,85,0.131,0.541,19.0,5.0,0.0,0.294,0.333,0.412,0.745,0.339,0.277,0.105,0.091,0.25,85.0
687957,Dustin Harris,SD,30 to 35,111,0.171,0.477,21.0,4.0,0.0,0.235,0.3,0.235,0.535,0.26,0.246,0.143,0.139,0.188,82.9
687957,Dustin Harris,SD,35 to 40,86,0.132,0.5,18.0,5.0,0.0,0.312,0.389,0.375,0.764,0.347,0.404,0.167,0.133,0.231,87.9
687957,Dustin Harris,SD,40 to 45,99,0.152,0.495,25.0,7.0,0.0,0.304,0.32,0.478,0.798,0.336,0.313,0.16,0.179,0.1,81.6
687957,Dustin Harris,SD,45 to 50,56,0.086,0.5,,,,,,,,,,,,,
687957,Dustin Harris,SD,50 to 55,70,0.108,0.471,15.0,5.0,0.0,0.417,0.533,0.5,1.033,0.463,0.36,0.2,0.381,0.333,87.3
687957,Dustin Harris,SD,55 to 60,28,0.043,0.536,,,,,,,,,,,,,
687637,Dylan Beavers,BAL,0 to 5,18,0.009,0.278,,,,,,,,,,,,,
687637,Dylan Beavers,BAL,10 to 15,43,0.021,0.419,,,,,,,,,,,,,
687637,Dylan Beavers,BAL,15 to 20,64,0.031,0.297,10.0,0.0,0.0,0.0,0.2,0.0,0.2,0.14,0.225,0.4,0.333,0.0,81.8
687637,Dylan Beavers,BAL,20 to 25,167,0.08,0.365,24.0,5.0,0.0,0.278,0.458,0.5,0.958,0.421,0.4,0.167,0.194,0.429,87.6
687637,Dylan Beavers,BAL,25 to 30,171,0.082,0.363,29.0,7.0,0.0,0.25,0.276,0.25,0.526,0.241,0.229,0.172,0.229,0.217,85.7
687637,Dylan Beavers,BAL,30 to 35,300,0.145,0.43,61.0,14.0,2.0,0.255,0.317,0.418,0.735,0.341,0.283,0.361,0.212,0.529,90.0
687637,Dylan Beavers,BAL,35 to 40,391,0.188,0.389,60.0,14.0,1.0,0.264,0.35,0.396,0.746,0.348,0.31,0.25,0.235,0.447,87.8
687637,Dylan Beavers,BAL,40 to 45,313,0.151,0.406,50.0,14.0,3.0,0.298,0.34,0.596,0.936,0.395,0.346,0.22,0.178,0.472,87.7
687637,Dylan Beavers,BAL,45 to 50,248,0.119,0.427,40.0,6.0,1.0,0.162,0.225,0.297,0.522,0.232,0.217,0.35,0.284,0.304,88.1
687637,Dylan Beavers,BAL,50 to 55,151,0.073,0.437,23.0,3.0,0.0,0.143,0.217,0.19,0.408,0.193,0.262,0.174,0.163,0.294,83.8
687637,Dylan Beavers,BAL,55 to 60,75,0.036,0.4,13.0,0.0,0.0,0.0,0.0,0.0,0.0,0.0,0.195,0.308,0.227,0.111,83.6
687637,Dylan Beavers,BAL,60 to 65,41,0.02,0.463,,,,,,,,,,,,,
666185,Dylan Carlson,CHC,15 to 20,48,0.046,0.479,,,,,,,,,,,,,
666185,Dylan Carlson,CHC,20 to 25,67,0.064,0.433,,,,,,,,,,,,,
666185,Dylan Carlson,CHC,25 to 30,97,0.093,0.402,,,,,,,,,,,,,
666185,Dylan Carlson,CHC,30 to 35,166,0.159,0.434,,,,,,,,,,,,,
666185,Dylan Carlson,CHC,35 to 40,184,0.177,0.5,,,,,,,,,,,,,
666185,Dylan Carlson,CHC,40 to 45,162,0.156,0.432,,,,,,,,,,,,,
666185,Dylan Carlson,CHC,45 to 50,146,0.14,0.445,,,,,,,,,,,,,
666185,Dylan Carlson,CHC,50 to 55,90,0.086,0.389,,,,,,,,,,,,,
666185,Dylan Carlson,CHC,55 to 60,54,0.052,0.426,,,,,,,,,,,,,
686611,Dylan Crews,WSH,0 to 5,21,0.008,0.524,,,,,,,,,,,,,
686611,Dylan Crews,WSH,10 to 15,52,0.019,0.481,,,,,,,,,,,,,
686611,Dylan Crews,WSH,15 to 20,103,0.038,0.573,17.0,5.0,0.0,0.312,0.353,0.375,0.728,0.326,0.289,0.118,0.25,0.357,91.5
686611,Dylan Crews,WSH,20 to 25,176,0.064,0.46,30.0,4.0,1.0,0.143,0.2,0.286,0.486,0.215,0.375,0.2,0.3,0.636,92.9
686611,Dylan Crews,WSH,25 to 30,297,0.109,0.495,44.0,8.0,1.0,0.186,0.205,0.279,0.484,0.253,0.33,0.205,0.262,0.5,90.7
686611,Dylan Crews,WSH,30 to 35,411,0.15,0.526,56.0,13.0,2.0,0.255,0.321,0.412,0.733,0.323,0.401,0.286,0.281,0.457,89.6
686611,Dylan Crews,WSH,35 to 40,473,0.173,0.459,67.0,14.0,2.0,0.241,0.343,0.397,0.74,0.357,0.351,0.194,0.242,0.444,89.8
686611,Dylan Crews,WSH,40 to 45,473,0.173,0.518,76.0,18.0,4.0,0.254,0.303,0.465,0.767,0.331,0.302,0.263,0.287,0.377,90.4
686611,Dylan Crews,WSH,45 to 50,295,0.108,0.488,51.0,10.0,1.0,0.233,0.353,0.372,0.725,0.328,0.295,0.235,0.222,0.419,89.8
686611,Dylan Crews,WSH,5 to 10,25,0.009,0.64,,,,,,,,,,,,,
686611,Dylan Crews,WSH,50 to 55,163,0.06,0.503,29.0,5.0,0.0,0.2,0.276,0.28,0.556,0.252,0.304,0.241,0.38,0.368,89.9
686611,Dylan Crews,WSH,55 to 60,124,0.045,0.54,20.0,4.0,0.0,0.2,0.2,0.35,0.55,0.232,0.235,0.15,0.231,0.235,88.3
686611,Dylan Crews,WSH,60 to 65,32,0.012,0.625,,,,,,,,,,,,,
686611,Dylan Crews,WSH,65 to 70,16,0.006,0.312,,,,,,,,,,,,,
664238,Dylan Moore,PHI,10 to 15,42,0.038,0.476,,,,,,,,,,,,,
664238,Dylan Moore,PHI,15 to 20,25,0.023,0.44,,,,,,,,,,,,,
664238,Dylan Moore,PHI,20 to 25,73,0.067,0.507,,,,,,,,,,,,,
664238,Dylan Moore,PHI,25 to 30,123,0.113,0.439,,,,,,,,,,,,,
664238,Dylan Moore,PHI,30 to 35,128,0.117,0.461,,,,,,,,,,,,,
664238,Dylan Moore,PHI,35 to 40,166,0.152,0.494,,,,,,,,,,,,,
664238,Dylan Moore,PHI,40 to 45,172,0.157,0.448,,,,,,,,,,,,,
664238,Dylan Moore,PHI,45 to 50,134,0.123,0.507,,,,,,,,,,,,,
664238,Dylan Moore,PHI,5 to 10,15,0.014,0.4,,,,,,,,,,,,,
664238,Dylan Moore,PHI,50 to 55,97,0.089,0.495,,,,,,,,,,,,,
664238,Dylan Moore,PHI,55 to 60,70,0.064,0.557,,,,,,,,,,,,,
664238,Dylan Moore,PHI,60 to 65,15,0.014,0.4,,,,,,,,,,,,,
678760,Eddys Leonard,SF,45 to 50,15,0.395,0.667,,,,,,,,,,,,,
700337,Edgar Quero,CWS,10 to 15,100,0.041,0.47,,,,,,,,,,,,,
700337,Edgar Quero,CWS,15 to 20,129,0.053,0.488,10.0,2.0,1.0,0.222,0.3,0.556,0.856,0.36,0.326,0.3,0.227,0.5,91.5
700337,Edgar Quero,CWS,20 to 25,135,0.056,0.43,,,,,,,,,,,,,
700337,Edgar Quero,CWS,25 to 30,213,0.088,0.469,17.0,2.0,0.0,0.125,0.176,0.125,0.301,0.2,0.258,0.059,0.1,0.4,88.9
700337,Edgar Quero,CWS,30 to 35,317,0.131,0.442,26.0,2.0,0.0,0.095,0.231,0.095,0.326,0.177,0.255,0.308,0.212,0.357,88.3
700337,Edgar Quero,CWS,35 to 40,415,0.171,0.511,37.0,6.0,0.0,0.188,0.27,0.188,0.458,0.222,0.242,0.162,0.203,0.222,86.5
700337,Edgar Quero,CWS,40 to 45,386,0.159,0.495,38.0,9.0,2.0,0.273,0.324,0.455,0.779,0.341,0.328,0.237,0.203,0.577,92.7
700337,Edgar Quero,CWS,45 to 50,283,0.117,0.466,28.0,7.0,0.0,0.304,0.357,0.348,0.705,0.312,0.311,0.143,0.091,0.524,93.9
700337,Edgar Quero,CWS,5 to 10,24,0.01,0.5,,,,,,,,,,,,,
700337,Edgar Quero,CWS,50 to 55,219,0.09,0.484,20.0,3.0,0.0,0.167,0.211,0.167,0.377,0.189,0.244,0.2,0.167,0.214,84.2
700337,Edgar Quero,CWS,55 to 60,107,0.044,0.421,,,,,,,,,,,,,
700337,Edgar Quero,CWS,60 to 65,33,0.014,0.515,,,,,,,,,,,,,
624641,Edmundo Sosa,PHI,10 to 15,79,0.043,0.544,18.0,4.0,0.0,0.286,0.389,0.429,0.817,0.356,0.316,0.278,0.333,0.2,83.1
624641,Edmundo Sosa,PHI,15 to 20,94,0.052,0.681,12.0,4.0,1.0,0.364,0.333,0.636,0.97,0.392,0.382,0.25,0.212,0.333,90.1
624641,Edmundo Sosa,PHI,20 to 25,120,0.066,0.558,11.0,4.0,0.0,0.4,0.455,0.5,0.955,0.423,0.485,0.182,0.167,0.625,95.7
624641,Edmundo Sosa,PHI,25 to 30,160,0.088,0.594,19.0,7.0,1.0,0.368,0.368,0.632,1.0,0.426,0.364,0.158,0.262,0.375,83.1
624641,Edmundo Sosa,PHI,30 to 35,249,0.137,0.622,27.0,6.0,1.0,0.231,0.259,0.385,0.644,0.372,0.327,0.111,0.265,0.409,86.3
624641,Edmundo Sosa,PHI,35 to 40,263,0.144,0.601,37.0,10.0,2.0,0.294,0.333,0.559,0.892,0.41,0.365,0.243,0.182,0.5,87.1
624641,Edmundo Sosa,PHI,40 to 45,270,0.148,0.57,37.0,10.0,2.0,0.27,0.27,0.514,0.784,0.331,0.31,0.162,0.238,0.419,89.3
624641,Edmundo Sosa,PHI,45 to 50,225,0.124,0.547,35.0,5.0,0.0,0.156,0.2,0.188,0.388,0.224,0.306,0.2,0.169,0.44,89.5
624641,Edmundo Sosa,PHI,5 to 10,41,0.023,0.537,,,,,,,,,,,,,
624641,Edmundo Sosa,PHI,50 to 55,161,0.088,0.565,19.0,2.0,0.0,0.118,0.211,0.176,0.387,0.187,0.312,0.316,0.455,0.182,89.8
624641,Edmundo Sosa,PHI,55 to 60,75,0.041,0.573,,,,,,,,,,,,,
624641,Edmundo Sosa,PHI,60 to 65,26,0.014,0.692,,,,,,,,,,,,,
666397,Edouard Julien,COL,10 to 15,28,0.014,0.321,,,,,,,,,,,,,
666397,Edouard Julien,COL,15 to 20,71,0.035,0.352,13.0,2.0,0.0,0.182,0.308,0.273,0.58,0.342,0.365,0.154,0.235,0.556,88.0
666397,Edouard Julien,COL,20 to 25,125,0.062,0.368,17.0,1.0,0.0,0.062,0.118,0.062,0.18,0.094,0.329,0.176,0.222,0.615,94.2
666397,Edouard Julien,COL,25 to 30,222,0.11,0.477,37.0,8.0,0.0,0.242,0.324,0.333,0.658,0.299,0.339,0.297,0.23,0.455,90.4
666397,Edouard Julien,COL,30 to 35,370,0.184,0.408,52.0,9.0,0.0,0.214,0.365,0.333,0.699,0.359,0.371,0.212,0.216,0.548,91.0
666397,Edouard Julien,COL,35 to 40,395,0.196,0.405,45.0,13.0,1.0,0.325,0.4,0.4,0.8,0.362,0.34,0.333,0.256,0.52,89.6
666397,Edouard Julien,COL,40 to 45,317,0.157,0.438,38.0,4.0,0.0,0.118,0.211,0.118,0.328,0.168,0.18,0.395,0.263,0.316,88.1
666397,Edouard Julien,COL,45 to 50,203,0.101,0.424,30.0,4.0,1.0,0.16,0.3,0.32,0.62,0.285,0.373,0.267,0.217,0.647,93.2
666397,Edouard Julien,COL,50 to 55,139,0.069,0.317,16.0,3.0,1.0,0.25,0.438,0.5,0.938,0.413,0.52,0.188,0.105,0.444,92.4
666397,Edouard Julien,COL,55 to 60,58,0.029,0.293,,,,,,,,,,,,,
666397,Edouard Julien,COL,60 to 65,25,0.012,0.28,,,,,,,,,,,,,
680664,Eduardo Valencia,DET,15 to 20,17,0.036,0.471,,,,,,,,,,,,,
680664,Eduardo Valencia,DET,20 to 25,49,0.105,0.51,,,,,,,,,,,,,
680664,Eduardo Valencia,DET,25 to 30,33,0.071,0.515,12.0,5.0,1.0,0.455,0.5,1.0,1.5,0.612,0.539,0.25,0.353,0.75,99.6
680664,Eduardo Valencia,DET,30 to 35,49,0.105,0.551,11.0,5.0,1.0,0.455,0.455,0.727,1.182,0.509,0.441,0.182,0.148,0.556,93.3
680664,Eduardo Valencia,DET,35 to 40,63,0.135,0.54,15.0,4.0,0.0,0.286,0.333,0.429,0.762,0.333,0.319,0.133,0.235,0.333,87.8
680664,Eduardo Valencia,DET,40 to 45,91,0.195,0.582,32.0,8.0,1.0,0.258,0.281,0.452,0.733,0.314,0.286,0.25,0.226,0.391,86.3
680664,Eduardo Valencia,DET,45 to 50,45,0.096,0.556,,,,,,,,,,,,,
680664,Eduardo Valencia,DET,50 to 55,33,0.071,0.606,12.0,4.0,0.0,0.333,0.333,0.417,0.75,0.329,0.249,0.25,0.3,0.222,83.7
680664,Eduardo Valencia,DET,55 to 60,18,0.039,0.556,,,,,,,,,,,,,
695490,Edwin Arroyo,CIN,15 to 20,19,0.033,0.421,,,,,,,,,,,,,
695490,Edwin Arroyo,CIN,20 to 25,46,0.08,0.587,12.0,2.0,0.0,0.2,0.333,0.2,0.533,0.267,0.308,0.25,0.259,0.429,85.0
695490,Edwin Arroyo,CIN,25 to 30,63,0.11,0.603,22.0,3.0,0.0,0.158,0.238,0.158,0.396,0.248,0.321,0.273,0.263,0.286,81.3
695490,Edwin Arroyo,CIN,30 to 35,64,0.111,0.641,20.0,6.0,0.0,0.3,0.3,0.35,0.65,0.332,0.338,0.05,0.195,0.316,87.8
695490,Edwin Arroyo,CIN,35 to 40,72,0.125,0.611,26.0,9.0,0.0,0.36,0.36,0.44,0.8,0.36,0.337,0.231,0.159,0.273,86.6
695490,Edwin Arroyo,CIN,40 to 45,98,0.171,0.541,22.0,2.0,0.0,0.105,0.182,0.158,0.34,0.202,0.256,0.227,0.283,0.533,92.3
695490,Edwin Arroyo,CIN,45 to 50,48,0.084,0.458,,,,,,,,,,,,,
695490,Edwin Arroyo,CIN,50 to 55,64,0.111,0.578,16.0,2.0,0.0,0.133,0.188,0.267,0.454,0.2,0.246,0.25,0.189,0.083,84.7
695490,Edwin Arroyo,CIN,55 to 60,33,0.057,0.576,,,,,,,,,,,,,
642201,Eli White,BOS,10 to 15,65,0.036,0.538,,,,,,,,,,,,,
642201,Eli White,BOS,15 to 20,92,0.051,0.598,12.0,7.0,3.0,0.583,0.583,1.5,2.083,0.858,0.476,0.083,0.226,0.364,82.4
642201,Eli White,BOS,20 to 25,132,0.073,0.485,,,,,,,,,,,,,
642201,Eli White,BOS,25 to 30,193,0.107,0.518,19.0,2.0,0.0,0.111,0.158,0.167,0.325,0.15,0.22,0.421,0.27,0.2,83.7
642201,Eli White,BOS,30 to 35,223,0.124,0.525,15.0,3.0,0.0,0.2,0.2,0.2,0.4,0.18,0.126,0.333,0.303,0.2,83.0
642201,Eli White,BOS,35 to 40,269,0.149,0.558,29.0,9.0,0.0,0.346,0.414,0.462,0.875,0.419,0.304,0.103,0.145,0.174,83.1
642201,Eli White,BOS,40 to 45,327,0.181,0.529,49.0,7.0,1.0,0.159,0.245,0.273,0.518,0.255,0.27,0.204,0.278,0.294,84.7
642201,Eli White,BOS,45 to 50,222,0.123,0.477,29.0,6.0,1.0,0.214,0.241,0.393,0.634,0.303,0.267,0.207,0.288,0.409,86.4
642201,Eli White,BOS,5 to 10,17,0.009,0.471,,,,,,,,,,,,,
642201,Eli White,BOS,50 to 55,122,0.068,0.541,15.0,2.0,1.0,0.143,0.133,0.357,0.49,0.193,0.213,0.4,0.29,0.444,84.8
642201,Eli White,BOS,55 to 60,60,0.033,0.45,10.0,4.0,0.0,0.4,0.4,0.4,0.8,0.36,0.317,0.3,0.182,0.286,83.8
642201,Eli White,BOS,60 to 65,21,0.012,0.714,,,,,,,,,,,,,
672613,Eliezer Alfonzo,LAD,30 to 35,23,0.245,0.522,,,,,,,,,,,,,
672613,Eliezer Alfonzo,LAD,35 to 40,21,0.223,0.667,,,,,,,,,,,,,
672613,Eliezer Alfonzo,LAD,40 to 45,21,0.223,0.476,,,,,,,,,,,,,
682829,Elly De La Cruz,CIN,0 to 5,23,0.004,0.522,,,,,,,,,,,,,
682829,Elly De La Cruz,CIN,10 to 15,116,0.022,0.457,,,,,,,,,,,,,
682829,Elly De La Cruz,CIN,15 to 20,197,0.037,0.411,27.0,5.0,1.0,0.217,0.296,0.391,0.688,0.298,0.376,0.296,0.128,0.375,91.5
682829,Elly De La Cruz,CIN,20 to 25,342,0.065,0.392,42.0,14.0,3.0,0.389,0.476,0.778,1.254,0.52,0.493,0.19,0.316,0.655,99.6
682829,Elly De La Cruz,CIN,25 to 30,566,0.107,0.438,68.0,19.0,3.0,0.322,0.397,0.576,0.973,0.426,0.391,0.25,0.235,0.545,93.0
682829,Elly De La Cruz,CIN,30 to 35,782,0.148,0.44,101.0,27.0,5.0,0.318,0.426,0.612,1.038,0.458,0.374,0.228,0.27,0.516,93.7
682829,Elly De La Cruz,CIN,35 to 40,865,0.164,0.406,92.0,26.0,6.0,0.317,0.391,0.585,0.977,0.427,0.386,0.283,0.257,0.544,94.8
682829,Elly De La Cruz,CIN,40 to 45,831,0.157,0.445,94.0,22.0,4.0,0.262,0.34,0.476,0.817,0.354,0.364,0.319,0.316,0.519,95.6
682829,Elly De La Cruz,CIN,45 to 50,592,0.112,0.458,68.0,16.0,4.0,0.262,0.338,0.508,0.846,0.369,0.449,0.279,0.255,0.568,97.2
682829,Elly De La Cruz,CIN,5 to 10,49,0.009,0.469,,,,,,,,,,,,,
682829,Elly De La Cruz,CIN,50 to 55,441,0.084,0.426,48.0,8.0,1.0,0.186,0.271,0.279,0.55,0.272,0.245,0.375,0.26,0.4,91.8
682829,Elly De La Cruz,CIN,55 to 60,199,0.038,0.442,19.0,7.0,1.0,0.389,0.421,0.556,0.977,0.426,0.355,0.263,0.212,0.692,98.1
682829,Elly De La Cruz,CIN,60 to 65,74,0.014,0.392,,,,,,,,,,,,,
682829,Elly De La Cruz,CIN,65 to 70,28,0.005,0.536,,,,,,,,,,,,,
650391,Eloy Jiménez,TOR,25 to 30,20,0.154,0.55,,,,,,,,,,,,,
650391,Eloy Jiménez,TOR,40 to 45,26,0.2,0.308,,,,,,,,,,,,,
650391,Eloy Jiménez,TOR,60 to 65,15,0.115,0.733,,,,,,,,,,,,,
553869,Elías Díaz,TEX,10 to 15,65,0.033,0.538,10.0,2.0,0.0,0.222,0.3,0.222,0.522,0.25,0.226,0.2,0.278,0.286,83.9
553869,Elías Díaz,TEX,15 to 20,67,0.034,0.507,,,,,,,,,,,,,
553869,Elías Díaz,TEX,20 to 25,116,0.059,0.509,11.0,2.0,1.0,0.2,0.273,0.6,0.873,0.359,0.488,0.091,0.28,0.778,96.9
553869,Elías Díaz,TEX,25 to 30,175,0.089,0.589,19.0,5.0,1.0,0.278,0.278,0.5,0.778,0.392,0.283,0.158,0.319,0.5,90.2
553869,Elías Díaz,TEX,30 to 35,270,0.137,0.611,26.0,7.0,1.0,0.28,0.269,0.44,0.709,0.298,0.194,0.269,0.25,0.35,86.0
553869,Elías Díaz,TEX,35 to 40,300,0.152,0.483,35.0,7.0,0.0,0.233,0.314,0.333,0.648,0.29,0.3,0.314,0.365,0.4,89.1
553869,Elías Díaz,TEX,40 to 45,342,0.174,0.547,41.0,8.0,1.0,0.216,0.256,0.351,0.608,0.284,0.271,0.195,0.174,0.4,83.1
553869,Elías Díaz,TEX,45 to 50,249,0.126,0.478,32.0,9.0,1.0,0.29,0.312,0.387,0.7,0.309,0.285,0.156,0.194,0.269,84.5
553869,Elías Díaz,TEX,5 to 10,20,0.01,0.55,,,,,,,,,,,,,
553869,Elías Díaz,TEX,50 to 55,197,0.1,0.563,33.0,7.0,2.0,0.226,0.219,0.516,0.735,0.305,0.279,0.364,0.25,0.571,89.5
553869,Elías Díaz,TEX,55 to 60,90,0.046,0.456,14.0,1.0,0.0,0.077,0.143,0.154,0.297,0.139,0.105,0.286,0.357,0.111,83.9
553869,Elías Díaz,TEX,60 to 65,27,0.014,0.481,,,,,,,,,,,,,
682848,Endy Rodríguez,PIT,15 to 20,20,0.024,0.4,,,,,,,,,,,,,
682848,Endy Rodríguez,PIT,20 to 25,44,0.054,0.318,10.0,2.0,0.0,0.25,0.4,0.25,0.65,0.32,0.254,0.3,0.273,0.4,84.4
682848,Endy Rodríguez,PIT,25 to 30,109,0.133,0.523,22.0,5.0,1.0,0.238,0.273,0.476,0.749,0.35,0.324,0.318,0.2,0.538,91.8
682848,Endy Rodríguez,PIT,30 to 35,132,0.161,0.53,35.0,9.0,2.0,0.29,0.371,0.548,0.92,0.394,0.354,0.2,0.2,0.417,91.7
682848,Endy Rodríguez,PIT,35 to 40,147,0.179,0.408,25.0,8.0,2.0,0.381,0.48,0.714,1.194,0.502,0.435,0.2,0.208,0.562,94.6
682848,Endy Rodríguez,PIT,40 to 45,154,0.188,0.442,30.0,5.0,1.0,0.227,0.433,0.364,0.797,0.373,0.343,0.233,0.275,0.533,93.2
682848,Endy Rodríguez,PIT,45 to 50,78,0.095,0.474,,,,,,,,,,,,,
682848,Endy Rodríguez,PIT,50 to 55,52,0.063,0.385,11.0,3.0,1.0,0.3,0.364,0.7,1.064,0.441,0.467,0.091,0.188,0.667,96.8
682848,Endy Rodríguez,PIT,55 to 60,20,0.024,0.4,,,,,,,,,,,,,
571771,Enrique Hernández,LAD,10 to 15,44,0.034,0.386,,,,,,,,,,,,,
571771,Enrique Hernández,LAD,15 to 20,53,0.04,0.547,,,,,,,,,,,,,
571771,Enrique Hernández,LAD,20 to 25,86,0.066,0.512,,,,,,,,,,,,,
571771,Enrique Hernández,LAD,25 to 30,125,0.095,0.528,13.0,3.0,1.0,0.231,0.231,0.538,0.769,0.319,0.217,0.308,0.391,0.333,83.5
571771,Enrique Hernández,LAD,30 to 35,142,0.108,0.444,,,,,,,,,,,,,
571771,Enrique Hernández,LAD,35 to 40,198,0.151,0.52,11.0,2.0,0.0,0.2,0.273,0.3,0.573,0.259,0.266,0.182,0.1,0.5,94.3
571771,Enrique Hernández,LAD,40 to 45,261,0.199,0.544,19.0,6.0,0.0,0.333,0.368,0.389,0.757,0.339,0.317,0.316,0.25,0.5,88.6
571771,Enrique Hernández,LAD,45 to 50,196,0.15,0.515,,,,,,,,,,,,,
571771,Enrique Hernández,LAD,5 to 10,15,0.011,0.8,,,,,,,,,,,,,
571771,Enrique Hernández,LAD,50 to 55,121,0.092,0.521,,,,,,,,,,,,,
571771,Enrique Hernández,LAD,55 to 60,33,0.025,0.364,,,,,,,,,,,,,
606992,Eric Haase,SF,10 to 15,22,0.033,0.364,,,,,,,,,,,,,
606992,Eric Haase,SF,20 to 25,44,0.067,0.477,,,,,,,,,,,,,
606992,Eric Haase,SF,25 to 30,45,0.068,0.378,,,,,,,,,,,,,
606992,Eric Haase,SF,30 to 35,115,0.175,0.513,17.0,4.0,0.0,0.267,0.312,0.467,0.779,0.347,0.473,0.176,0.267,0.462,88.1
606992,Eric Haase,SF,35 to 40,105,0.16,0.505,,,,,,,,,,,,,
606992,Eric Haase,SF,40 to 45,136,0.207,0.434,19.0,2.0,1.0,0.111,0.158,0.278,0.436,0.2,0.189,0.263,0.393,0.167,85.2
606992,Eric Haase,SF,45 to 50,82,0.125,0.524,14.0,1.0,0.0,0.077,0.077,0.077,0.154,0.085,0.159,0.214,0.25,0.182,75.5
606992,Eric Haase,SF,50 to 55,43,0.065,0.535,,,,,,,,,,,,,
606992,Eric Haase,SF,55 to 60,22,0.033,0.318,,,,,,,,,,,,,
676572,Eric Wagaman,NYM,10 to 15,80,0.037,0.412,,,,,,,,,,,,,
676572,Eric Wagaman,NYM,15 to 20,83,0.038,0.434,,,,,,,,,,,,,
676572,Eric Wagaman,NYM,20 to 25,111,0.051,0.486,,,,,,,,,,,,,
676572,Eric Wagaman,NYM,25 to 30,207,0.095,0.449,,,,,,,,,,,,,
676572,Eric Wagaman,NYM,30 to 35,324,0.149,0.478,,,,,,,,,,,,,
676572,Eric Wagaman,NYM,35 to 40,312,0.143,0.439,,,,,,,,,,,,,
676572,Eric Wagaman,NYM,40 to 45,385,0.177,0.444,,,,,,,,,,,,,
676572,Eric Wagaman,NYM,45 to 50,296,0.136,0.449,,,,,,,,,,,,,
676572,Eric Wagaman,NYM,5 to 10,21,0.01,0.333,,,,,,,,,,,,,
676572,Eric Wagaman,NYM,50 to 55,160,0.073,0.494,,,,,,,,,,,,,
676572,Eric Wagaman,NYM,55 to 60,96,0.044,0.365,,,,,,,,,,,,,
676572,Eric Wagaman,NYM,60 to 65,45,0.021,0.422,,,,,,,,,,,,,
676572,Eric Wagaman,NYM,65 to 70,19,0.009,0.579,,,,,,,,,,,,,
676391,Ernie Clement,TOR,-5 to 0,16,0.004,0.688,,,,,,,,,,,,,
676391,Ernie Clement,TOR,0 to 5,17,0.005,0.353,,,,,,,,,,,,,
676391,Ernie Clement,TOR,10 to 15,111,0.029,0.541,21.0,6.0,1.0,0.375,0.524,0.562,1.086,0.562,0.375,0.0,0.057,0.312,87.0
676391,Ernie Clement,TOR,15 to 20,121,0.032,0.512,15.0,4.0,0.0,0.267,0.267,0.267,0.533,0.24,0.194,0.2,0.154,0.167,85.0
676391,Ernie Clement,TOR,20 to 25,240,0.064,0.625,39.0,2.0,0.0,0.051,0.051,0.051,0.103,0.046,0.192,0.103,0.153,0.2,83.5
676391,Ernie Clement,TOR,25 to 30,382,0.101,0.524,61.0,24.0,0.0,0.414,0.443,0.534,0.977,0.443,0.36,0.049,0.075,0.182,84.0
676391,Ernie Clement,TOR,30 to 35,545,0.145,0.565,97.0,23.0,4.0,0.258,0.289,0.438,0.727,0.309,0.227,0.124,0.175,0.225,83.0
676391,Ernie Clement,TOR,35 to 40,565,0.15,0.565,95.0,26.0,0.0,0.283,0.284,0.37,0.654,0.286,0.259,0.105,0.158,0.202,82.4
676391,Ernie Clement,TOR,40 to 45,614,0.163,0.531,96.0,22.0,1.0,0.244,0.281,0.344,0.626,0.295,0.261,0.115,0.131,0.288,84.7
676391,Ernie Clement,TOR,45 to 50,472,0.125,0.581,67.0,16.0,2.0,0.25,0.269,0.406,0.675,0.316,0.178,0.104,0.195,0.155,83.9
676391,Ernie Clement,TOR,5 to 10,58,0.015,0.517,15.0,4.0,0.0,0.267,0.267,0.267,0.533,0.24,0.293,0.067,0.091,0.071,79.4
676391,Ernie Clement,TOR,50 to 55,324,0.086,0.546,48.0,9.0,1.0,0.191,0.208,0.298,0.506,0.221,0.288,0.062,0.082,0.205,84.7
676391,Ernie Clement,TOR,55 to 60,121,0.032,0.521,17.0,4.0,0.0,0.25,0.294,0.312,0.607,0.274,0.27,0.0,0.034,0.125,83.6
676391,Ernie Clement,TOR,60 to 65,76,0.02,0.566,12.0,7.0,0.0,0.636,0.667,0.727,1.394,0.613,0.351,0.0,0.217,0.182,82.6
676391,Ernie Clement,TOR,65 to 70,25,0.007,0.6,,,,,,,,,,,,,
699013,Esmerlyn Valdez,PIT,10 to 15,19,0.015,0.474,,,,,,,,,,,,,
699013,Esmerlyn Valdez,PIT,15 to 20,54,0.043,0.333,15.0,2.0,0.0,0.167,0.333,0.25,0.583,0.283,0.208,0.6,0.611,0.333,87.6
699013,Esmerlyn Valdez,PIT,20 to 25,84,0.066,0.393,16.0,3.0,1.0,0.231,0.375,0.538,0.913,0.391,0.328,0.312,0.394,0.625,90.5
699013,Esmerlyn Valdez,PIT,25 to 30,128,0.101,0.367,25.0,5.0,0.0,0.217,0.28,0.391,0.671,0.292,0.274,0.36,0.362,0.357,93.0
699013,Esmerlyn Valdez,PIT,30 to 35,175,0.138,0.491,44.0,9.0,4.0,0.243,0.341,0.595,0.936,0.388,0.338,0.386,0.372,0.571,94.3
699013,Esmerlyn Valdez,PIT,35 to 40,184,0.145,0.408,38.0,5.0,2.0,0.156,0.263,0.375,0.638,0.278,0.357,0.316,0.347,0.429,91.4
699013,Esmerlyn Valdez,PIT,40 to 45,189,0.149,0.429,50.0,11.0,3.0,0.262,0.36,0.5,0.86,0.369,0.373,0.42,0.333,0.5,88.9
699013,Esmerlyn Valdez,PIT,45 to 50,154,0.122,0.325,37.0,3.0,1.0,0.111,0.351,0.259,0.611,0.301,0.311,0.378,0.36,0.538,91.5
699013,Esmerlyn Valdez,PIT,50 to 55,133,0.105,0.451,28.0,11.0,3.0,0.44,0.5,1.0,1.5,0.641,0.435,0.321,0.317,0.562,93.9
699013,Esmerlyn Valdez,PIT,55 to 60,43,0.034,0.186,,,,,,,,,,,,,
699013,Esmerlyn Valdez,PIT,60 to 65,24,0.019,0.417,,,,,,,,,,,,,
665923,Esteury Ruiz,MIA,10 to 15,35,0.033,0.457,,,,,,,,,,,,,
665923,Esteury Ruiz,MIA,15 to 20,48,0.045,0.562,,,,,,,,,,,,,
665923,Esteury Ruiz,MIA,20 to 25,72,0.068,0.458,21.0,3.0,1.0,0.158,0.238,0.316,0.554,0.248,0.288,0.333,0.2,0.417,81.8
665923,Esteury Ruiz,MIA,25 to 30,111,0.104,0.387,23.0,7.0,2.0,0.389,0.522,0.722,1.244,0.522,0.318,0.348,0.317,0.4,81.3
665923,Esteury Ruiz,MIA,30 to 35,116,0.109,0.517,36.0,7.0,0.0,0.212,0.278,0.242,0.52,0.288,0.263,0.306,0.255,0.095,73.6
665923,Esteury Ruiz,MIA,35 to 40,161,0.151,0.385,31.0,5.0,1.0,0.25,0.5,0.45,0.95,0.438,0.441,0.129,0.286,0.176,79.9
665923,Esteury Ruiz,MIA,40 to 45,174,0.163,0.437,34.0,5.0,0.0,0.2,0.382,0.32,0.702,0.328,0.293,0.294,0.277,0.188,80.8
665923,Esteury Ruiz,MIA,45 to 50,151,0.142,0.53,36.0,6.0,0.0,0.188,0.257,0.312,0.57,0.286,0.18,0.333,0.246,0.238,76.3
665923,Esteury Ruiz,MIA,5 to 10,16,0.015,0.625,,,,,,,,,,,,,
665923,Esteury Ruiz,MIA,50 to 55,72,0.068,0.556,18.0,1.0,1.0,0.056,0.056,0.222,0.278,0.111,0.161,0.556,0.421,0.375,89.5
665923,Esteury Ruiz,MIA,55 to 60,36,0.034,0.5,,,,,,,,,,,,,
665923,Esteury Ruiz,MIA,60 to 65,21,0.02,0.667,,,,,,,,,,,,,
665923,Esteury Ruiz,MIA,65 to 70,16,0.015,0.375,,,,,,,,,,,,,
553993,Eugenio Suárez,CIN,0 to 5,26,0.006,0.577,,,,,,,,,,,,,
553993,Eugenio Suárez,CIN,10 to 15,115,0.025,0.522,11.0,1.0,0.0,0.091,0.091,0.182,0.273,0.114,0.196,0.636,0.429,0.25,85.5
553993,Eugenio Suárez,CIN,15 to 20,181,0.039,0.497,14.0,1.0,1.0,0.077,0.143,0.308,0.451,0.193,0.271,0.5,0.216,0.333,88.6
553993,Eugenio Suárez,CIN,20 to 25,362,0.078,0.417,37.0,8.0,1.0,0.267,0.405,0.467,0.872,0.385,0.304,0.297,0.308,0.474,91.0
553993,Eugenio Suárez,CIN,25 to 30,469,0.102,0.467,55.0,8.0,4.0,0.174,0.309,0.435,0.744,0.325,0.34,0.255,0.274,0.219,85.3
553993,Eugenio Suárez,CIN,30 to 35,654,0.142,0.495,67.0,14.0,2.0,0.241,0.343,0.414,0.757,0.349,0.311,0.254,0.286,0.286,87.0
553993,Eugenio Suárez,CIN,35 to 40,701,0.152,0.524,77.0,13.0,6.0,0.191,0.273,0.485,0.758,0.319,0.29,0.377,0.384,0.333,88.4
553993,Eugenio Suárez,CIN,40 to 45,717,0.155,0.49,82.0,19.0,3.0,0.26,0.341,0.452,0.794,0.369,0.316,0.378,0.318,0.512,92.5
553993,Eugenio Suárez,CIN,45 to 50,526,0.114,0.481,50.0,10.0,4.0,0.222,0.28,0.489,0.769,0.324,0.282,0.38,0.344,0.321,86.2
553993,Eugenio Suárez,CIN,5 to 10,49,0.011,0.469,,,,,,,,,,,,,
553993,Eugenio Suárez,CIN,50 to 55,368,0.08,0.457,30.0,3.0,0.0,0.13,0.333,0.13,0.464,0.253,0.323,0.2,0.172,0.235,86.9
553993,Eugenio Suárez,CIN,55 to 60,203,0.044,0.478,26.0,7.0,3.0,0.292,0.308,0.708,1.016,0.41,0.338,0.192,0.225,0.45,90.9
553993,Eugenio Suárez,CIN,60 to 65,84,0.018,0.488,,,,,,,,,,,,,
553993,Eugenio Suárez,CIN,65 to 70,37,0.008,0.405,,,,,,,,,,,,,
694497,Evan Carter,TEX,-5 to 0,19,0.007,0.368,,,,,,,,,,,,,
694497,Evan Carter,TEX,10 to 15,46,0.018,0.435,,,,,,,,,,,,,
694497,Evan Carter,TEX,15 to 20,113,0.043,0.389,19.0,4.0,0.0,0.235,0.316,0.294,0.61,0.282,0.353,0.211,0.31,0.462,87.5
694497,Evan Carter,TEX,20 to 25,159,0.061,0.491,30.0,3.0,0.0,0.12,0.214,0.12,0.334,0.211,0.296,0.167,0.254,0.318,78.8
694497,Evan Carter,TEX,25 to 30,275,0.105,0.404,41.0,9.0,2.0,0.265,0.366,0.647,1.013,0.413,0.264,0.171,0.178,0.429,90.7
694497,Evan Carter,TEX,30 to 35,392,0.149,0.398,59.0,6.0,0.0,0.125,0.276,0.146,0.422,0.223,0.306,0.237,0.217,0.4,84.1
694497,Evan Carter,TEX,35 to 40,414,0.158,0.425,79.0,13.0,0.0,0.186,0.25,0.257,0.507,0.24,0.23,0.342,0.325,0.37,83.7
694497,Evan Carter,TEX,40 to 45,483,0.184,0.449,84.0,13.0,2.0,0.176,0.265,0.257,0.522,0.246,0.255,0.238,0.232,0.364,85.3
694497,Evan Carter,TEX,45 to 50,294,0.112,0.378,48.0,6.0,0.0,0.146,0.255,0.22,0.475,0.231,0.272,0.271,0.308,0.31,83.3
694497,Evan Carter,TEX,5 to 10,21,0.008,0.429,,,,,,,,,,,,,
694497,Evan Carter,TEX,50 to 55,216,0.082,0.394,38.0,9.0,3.0,0.273,0.351,0.545,0.897,0.414,0.364,0.263,0.274,0.25,78.9
694497,Evan Carter,TEX,55 to 60,102,0.039,0.422,14.0,1.0,0.0,0.083,0.214,0.083,0.298,0.229,0.238,0.143,0.214,0.2,80.7
694497,Evan Carter,TEX,60 to 65,33,0.013,0.394,,,,,,,,,,,,,
677592,Everson Pereira,STL,15 to 20,33,0.046,0.394,,,,,,,,,,,,,
677592,Everson Pereira,STL,20 to 25,50,0.07,0.38,10.0,0.0,0.0,0.0,0.222,0.0,0.222,0.178,0.411,0.3,0.385,0.4,81.6
677592,Everson Pereira,STL,25 to 30,86,0.121,0.419,11.0,4.0,0.0,0.4,0.455,0.5,0.955,0.423,0.386,0.182,0.32,0.375,86.6
677592,Everson Pereira,STL,30 to 35,105,0.148,0.524,17.0,2.0,1.0,0.133,0.235,0.4,0.635,0.274,0.207,0.412,0.333,0.125,79.8
677592,Everson Pereira,STL,35 to 40,130,0.183,0.585,24.0,3.0,1.0,0.13,0.167,0.261,0.428,0.188,0.197,0.542,0.455,0.4,86.7
677592,Everson Pereira,STL,40 to 45,116,0.163,0.612,18.0,2.0,1.0,0.118,0.167,0.353,0.52,0.219,0.334,0.278,0.395,0.333,84.9
677592,Everson Pereira,STL,45 to 50,85,0.12,0.482,10.0,4.0,1.0,0.4,0.4,0.8,1.2,0.505,0.271,0.4,0.409,0.833,94.4
677592,Everson Pereira,STL,50 to 55,43,0.06,0.465,,,,,,,,,,,,,
677592,Everson Pereira,STL,55 to 60,15,0.021,0.4,,,,,,,,,,,,,
677649,Ezequiel Duran,TEX,10 to 15,61,0.02,0.475,13.0,3.0,0.0,0.231,0.231,0.308,0.538,0.235,0.124,0.308,0.259,0.444,82.9
677649,Ezequiel Duran,TEX,15 to 20,89,0.029,0.506,20.0,8.0,1.0,0.444,0.5,0.722,1.222,0.52,0.379,0.25,0.22,0.538,92.1
677649,Ezequiel Duran,TEX,20 to 25,192,0.062,0.531,44.0,9.0,0.0,0.231,0.318,0.359,0.677,0.303,0.261,0.227,0.267,0.345,88.2
677649,Ezequiel Duran,TEX,25 to 30,291,0.094,0.478,51.0,18.0,2.0,0.391,0.42,0.63,1.05,0.449,0.409,0.235,0.276,0.444,86.1
677649,Ezequiel Duran,TEX,30 to 35,396,0.128,0.492,67.0,15.0,2.0,0.242,0.299,0.387,0.686,0.302,0.295,0.313,0.23,0.488,92.4
677649,Ezequiel Duran,TEX,35 to 40,529,0.171,0.539,106.0,21.0,2.0,0.221,0.302,0.305,0.607,0.29,0.307,0.245,0.248,0.319,83.3
677649,Ezequiel Duran,TEX,40 to 45,586,0.189,0.507,102.0,25.0,5.0,0.291,0.382,0.512,0.894,0.393,0.347,0.196,0.234,0.357,88.6
677649,Ezequiel Duran,TEX,45 to 50,415,0.134,0.537,76.0,16.0,2.0,0.225,0.263,0.352,0.615,0.293,0.26,0.25,0.274,0.415,88.6
677649,Ezequiel Duran,TEX,5 to 10,23,0.007,0.652,,,,,,,,,,,,,
677649,Ezequiel Duran,TEX,50 to 55,269,0.087,0.513,41.0,6.0,1.0,0.162,0.22,0.324,0.544,0.279,0.214,0.268,0.242,0.296,87.3
677649,Ezequiel Duran,TEX,55 to 60,127,0.041,0.575,27.0,7.0,1.0,0.269,0.296,0.538,0.835,0.352,0.339,0.222,0.18,0.45,89.3
677649,Ezequiel Duran,TEX,60 to 65,29,0.009,0.414,,,,,,,,,,,,,
678662,Ezequiel Tovar,COL,-5 to 0,20,0.006,0.55,,,,,,,,,,,,,
678662,Ezequiel Tovar,COL,10 to 15,54,0.016,0.556,,,,,,,,,,,,,
678662,Ezequiel Tovar,COL,15 to 20,110,0.033,0.591,16.0,5.0,0.0,0.333,0.375,0.333,0.708,0.325,0.325,0.25,0.3,0.364,84.4
678662,Ezequiel Tovar,COL,20 to 25,250,0.076,0.664,38.0,8.0,1.0,0.25,0.27,0.438,0.708,0.32,0.261,0.211,0.3,0.286,83.4
678662,Ezequiel Tovar,COL,25 to 30,322,0.098,0.606,45.0,4.0,1.0,0.093,0.133,0.163,0.296,0.136,0.179,0.311,0.304,0.241,83.7
678662,Ezequiel Tovar,COL,30 to 35,447,0.135,0.606,70.0,18.0,2.0,0.29,0.343,0.452,0.794,0.348,0.361,0.229,0.268,0.298,88.0
678662,Ezequiel Tovar,COL,35 to 40,556,0.168,0.61,86.0,20.0,1.0,0.247,0.267,0.321,0.588,0.272,0.287,0.244,0.236,0.377,86.2
678662,Ezequiel Tovar,COL,40 to 45,553,0.168,0.617,88.0,17.0,3.0,0.205,0.241,0.361,0.603,0.264,0.294,0.239,0.254,0.397,86.1
678662,Ezequiel Tovar,COL,45 to 50,444,0.135,0.606,61.0,10.0,2.0,0.175,0.213,0.316,0.529,0.259,0.247,0.279,0.234,0.286,85.7
678662,Ezequiel Tovar,COL,50 to 55,222,0.067,0.559,24.0,2.0,1.0,0.095,0.208,0.286,0.494,0.233,0.267,0.292,0.283,0.154,81.1
678662,Ezequiel Tovar,COL,55 to 60,154,0.047,0.558,26.0,6.0,0.0,0.24,0.269,0.32,0.589,0.262,0.224,0.346,0.356,0.562,91.4
678662,Ezequiel Tovar,COL,60 to 65,37,0.011,0.459,,,,,,,,,,,,,
678662,Ezequiel Tovar,COL,65 to 70,26,0.008,0.692,,,,,,,,,,,,,
694025,Felix Reyes,PHI,10 to 15,21,0.178,0.667,,,,,,,,,,,,,
694025,Felix Reyes,PHI,30 to 35,19,0.161,0.368,,,,,,,,,,,,,
694025,Felix Reyes,PHI,35 to 40,21,0.178,0.571,,,,,,,,,,,,,
694025,Felix Reyes,PHI,40 to 45,25,0.212,0.48,,,,,,,,,,,,,
665487,Fernando Tatís,SD,0 to 5,21,0.004,0.714,,,,,,,,,,,,,
665487,Fernando Tatís,SD,10 to 15,106,0.02,0.377,13.0,4.0,1.0,0.308,0.308,0.538,0.846,0.362,0.422,0.231,0.333,0.7,97.2
665487,Fernando Tatís,SD,15 to 20,205,0.04,0.395,27.0,8.0,1.0,0.364,0.444,0.682,1.126,0.463,0.453,0.185,0.146,0.611,94.2
665487,Fernando Tatís,SD,20 to 25,390,0.075,0.482,63.0,27.0,2.0,0.458,0.46,0.712,1.172,0.493,0.432,0.143,0.212,0.615,92.8
665487,Fernando Tatís,SD,25 to 30,592,0.114,0.483,84.0,18.0,2.0,0.247,0.345,0.342,0.688,0.326,0.339,0.202,0.277,0.418,90.3
665487,Fernando Tatís,SD,30 to 35,759,0.147,0.468,111.0,23.0,4.0,0.23,0.291,0.35,0.641,0.312,0.326,0.189,0.249,0.469,89.5
665487,Fernando Tatís,SD,35 to 40,788,0.152,0.463,100.0,25.0,6.0,0.275,0.32,0.516,0.836,0.363,0.417,0.16,0.195,0.597,93.8
665487,Fernando Tatís,SD,40 to 45,811,0.157,0.441,100.0,24.0,4.0,0.264,0.33,0.462,0.792,0.371,0.381,0.18,0.237,0.466,91.1
665487,Fernando Tatís,SD,45 to 50,586,0.113,0.451,74.0,17.0,1.0,0.262,0.351,0.385,0.736,0.33,0.378,0.189,0.239,0.608,94.1
665487,Fernando Tatís,SD,5 to 10,75,0.014,0.413,,,,,,,,,,,,,
665487,Fernando Tatís,SD,50 to 55,363,0.07,0.479,50.0,11.0,1.0,0.262,0.38,0.429,0.809,0.36,0.336,0.24,0.269,0.6,91.4
665487,Fernando Tatís,SD,55 to 60,179,0.035,0.469,16.0,5.0,1.0,0.312,0.312,0.562,0.875,0.372,0.422,0.25,0.2,0.333,95.5
665487,Fernando Tatís,SD,60 to 65,78,0.015,0.321,,,,,,,,,,,,,
665487,Fernando Tatís,SD,65 to 70,27,0.005,0.519,,,,,,,,,,,,,
596019,Francisco Lindor,NYM,10 to 15,61,0.013,0.459,,,,,,,,,,,,,
596019,Francisco Lindor,NYM,15 to 20,174,0.036,0.489,18.0,1.0,1.0,0.059,0.111,0.235,0.346,0.15,0.207,0.167,0.152,0.5,88.5
596019,Francisco Lindor,NYM,20 to 25,349,0.072,0.496,35.0,6.0,2.0,0.188,0.257,0.375,0.632,0.277,0.342,0.171,0.241,0.423,87.2
596019,Francisco Lindor,NYM,25 to 30,480,0.099,0.469,38.0,4.0,0.0,0.129,0.289,0.129,0.419,0.224,0.274,0.316,0.316,0.4,91.0
596019,Francisco Lindor,NYM,30 to 35,690,0.142,0.48,68.0,11.0,3.0,0.175,0.235,0.397,0.632,0.285,0.295,0.279,0.246,0.5,90.3
596019,Francisco Lindor,NYM,35 to 40,751,0.155,0.474,84.0,18.0,3.0,0.231,0.286,0.385,0.67,0.305,0.323,0.19,0.208,0.516,91.9
596019,Francisco Lindor,NYM,40 to 45,806,0.166,0.48,76.0,21.0,4.0,0.3,0.355,0.529,0.884,0.392,0.318,0.145,0.232,0.475,90.7
596019,Francisco Lindor,NYM,45 to 50,622,0.128,0.444,48.0,11.0,2.0,0.262,0.354,0.5,0.854,0.369,0.41,0.208,0.208,0.562,94.3
596019,Francisco Lindor,NYM,5 to 10,34,0.007,0.441,,,,,,,,,,,,,
596019,Francisco Lindor,NYM,50 to 55,407,0.084,0.42,27.0,6.0,2.0,0.261,0.37,0.565,0.936,0.398,0.335,0.222,0.22,0.471,90.4
596019,Francisco Lindor,NYM,55 to 60,206,0.042,0.442,15.0,2.0,1.0,0.2,0.467,0.5,0.967,0.427,0.356,0.267,0.217,0.5,88.7
596019,Francisco Lindor,NYM,60 to 65,82,0.017,0.439,,,,,,,,,,,,,
596019,Francisco Lindor,NYM,65 to 70,49,0.01,0.49,,,,,,,,,,,,,
682626,Francisco Álvarez,NYM,10 to 15,92,0.032,0.5,17.0,6.0,1.0,0.429,0.529,0.643,1.172,0.506,0.461,0.176,0.172,0.545,91.6
682626,Francisco Álvarez,NYM,15 to 20,96,0.034,0.312,11.0,3.0,3.0,0.375,0.545,1.5,2.045,0.736,0.556,0.182,0.308,0.667,92.6
682626,Francisco Álvarez,NYM,20 to 25,225,0.079,0.462,34.0,7.0,1.0,0.233,0.294,0.367,0.661,0.31,0.311,0.206,0.246,0.391,86.5
682626,Francisco Álvarez,NYM,25 to 30,243,0.086,0.412,39.0,6.0,1.0,0.171,0.256,0.286,0.542,0.247,0.256,0.308,0.297,0.261,85.1
682626,Francisco Álvarez,NYM,30 to 35,378,0.133,0.466,50.0,10.0,2.0,0.233,0.34,0.419,0.759,0.354,0.3,0.24,0.354,0.419,89.6
682626,Francisco Álvarez,NYM,35 to 40,424,0.149,0.458,61.0,12.0,1.0,0.214,0.279,0.304,0.582,0.264,0.251,0.344,0.345,0.429,90.3
682626,Francisco Álvarez,NYM,40 to 45,443,0.156,0.47,75.0,14.0,2.0,0.203,0.267,0.362,0.629,0.277,0.285,0.36,0.336,0.452,90.2
682626,Francisco Álvarez,NYM,45 to 50,381,0.134,0.475,47.0,11.0,2.0,0.262,0.34,0.405,0.745,0.366,0.412,0.234,0.283,0.533,93.1
682626,Francisco Álvarez,NYM,5 to 10,26,0.009,0.5,,,,,,,,,,,,,
682626,Francisco Álvarez,NYM,50 to 55,234,0.082,0.457,32.0,9.0,1.0,0.3,0.344,0.433,0.777,0.37,0.379,0.281,0.313,0.571,93.5
682626,Francisco Álvarez,NYM,55 to 60,107,0.038,0.411,13.0,2.0,1.0,0.182,0.308,0.455,0.762,0.331,0.403,0.462,0.269,0.8,98.9
682626,Francisco Álvarez,NYM,60 to 65,38,0.013,0.421,,,,,,,,,,,,,
682626,Francisco Álvarez,NYM,65 to 70,31,0.011,0.452,,,,,,,,,,,,,
518692,Freddie Freeman,LAD,10 to 15,114,0.022,0.474,15.0,5.0,2.0,0.357,0.4,0.857,1.257,0.517,0.48,0.2,0.212,0.636,94.6
518692,Freddie Freeman,LAD,15 to 20,184,0.036,0.522,23.0,6.0,2.0,0.3,0.348,0.65,0.998,0.407,0.422,0.043,0.13,0.4,85.1
518692,Freddie Freeman,LAD,20 to 25,415,0.082,0.508,64.0,18.0,2.0,0.346,0.453,0.538,0.992,0.43,0.439,0.141,0.25,0.5,91.2
518692,Freddie Freeman,LAD,25 to 30,545,0.107,0.512,69.0,19.0,1.0,0.288,0.319,0.409,0.728,0.32,0.325,0.203,0.228,0.373,89.4
518692,Freddie Freeman,LAD,30 to 35,778,0.153,0.519,92.0,24.0,1.0,0.289,0.348,0.398,0.745,0.33,0.321,0.272,0.252,0.322,87.5
518692,Freddie Freeman,LAD,35 to 40,815,0.16,0.467,107.0,29.0,4.0,0.315,0.402,0.5,0.902,0.393,0.391,0.159,0.147,0.461,92.0
518692,Freddie Freeman,LAD,40 to 45,873,0.171,0.513,113.0,25.0,1.0,0.253,0.345,0.343,0.689,0.314,0.335,0.133,0.245,0.386,88.0
518692,Freddie Freeman,LAD,45 to 50,609,0.12,0.521,81.0,22.0,1.0,0.31,0.383,0.408,0.791,0.353,0.408,0.173,0.182,0.379,88.3
518692,Freddie Freeman,LAD,5 to 10,33,0.006,0.424,,,,,,,,,,,,,
518692,Freddie Freeman,LAD,50 to 55,357,0.07,0.518,26.0,4.0,0.0,0.154,0.154,0.192,0.346,0.152,0.229,0.269,0.246,0.474,89.8
518692,Freddie Freeman,LAD,55 to 60,155,0.03,0.523,14.0,3.0,0.0,0.273,0.429,0.273,0.701,0.343,0.231,0.214,0.286,0.25,88.1
518692,Freddie Freeman,LAD,60 to 65,61,0.012,0.541,,,,,,,,,,,,,
666023,Freddy Fermin,SD,10 to 15,55,0.023,0.582,,,,,,,,,,,,,
666023,Freddy Fermin,SD,15 to 20,98,0.041,0.48,,,,,,,,,,,,,
666023,Freddy Fermin,SD,20 to 25,135,0.057,0.511,22.0,8.0,2.0,0.381,0.409,0.762,1.171,0.491,0.401,0.136,0.216,0.611,91.4
666023,Freddy Fermin,SD,25 to 30,179,0.075,0.547,21.0,2.0,0.0,0.118,0.2,0.235,0.435,0.275,0.284,0.19,0.31,0.214,82.8
666023,Freddy Fermin,SD,30 to 35,319,0.134,0.47,40.0,8.0,0.0,0.229,0.325,0.257,0.582,0.276,0.304,0.15,0.253,0.172,83.7
666023,Freddy Fermin,SD,35 to 40,385,0.161,0.525,48.0,8.0,0.0,0.195,0.298,0.244,0.542,0.262,0.271,0.208,0.304,0.25,82.8
666023,Freddy Fermin,SD,40 to 45,408,0.171,0.512,40.0,2.0,0.0,0.062,0.205,0.062,0.268,0.182,0.272,0.2,0.243,0.269,84.5
666023,Freddy Fermin,SD,45 to 50,343,0.144,0.501,30.0,3.0,1.0,0.111,0.2,0.259,0.459,0.208,0.243,0.267,0.211,0.158,85.2
666023,Freddy Fermin,SD,5 to 10,23,0.01,0.435,,,,,,,,,,,,,
666023,Freddy Fermin,SD,50 to 55,215,0.09,0.53,13.0,4.0,1.0,0.333,0.333,0.75,1.083,0.467,0.244,0.231,0.289,0.6,89.4
666023,Freddy Fermin,SD,55 to 60,107,0.045,0.505,11.0,1.0,0.0,0.091,0.091,0.091,0.182,0.145,0.138,0.273,0.125,0.143,83.3
666023,Freddy Fermin,SD,60 to 65,33,0.014,0.576,,,,,,,,,,,,,
672356,Gabriel Arias,CHC,-5 to 0,18,0.008,0.5,,,,,,,,,,,,,
672356,Gabriel Arias,CHC,10 to 15,53,0.023,0.528,,,,,,,,,,,,,
672356,Gabriel Arias,CHC,15 to 20,79,0.034,0.684,,,,,,,,,,,,,
672356,Gabriel Arias,CHC,20 to 25,144,0.061,0.528,10.0,4.0,0.0,0.444,0.5,0.444,0.944,0.43,0.396,0.2,0.4,0.429,91.1
672356,Gabriel Arias,CHC,25 to 30,279,0.118,0.53,15.0,5.0,1.0,0.333,0.333,0.533,0.867,0.373,0.316,0.6,0.531,0.5,96.1
672356,Gabriel Arias,CHC,30 to 35,329,0.14,0.559,21.0,3.0,0.0,0.158,0.238,0.158,0.396,0.195,0.192,0.571,0.7,0.429,79.8
672356,Gabriel Arias,CHC,35 to 40,368,0.156,0.584,25.0,6.0,1.0,0.25,0.28,0.417,0.697,0.302,0.343,0.36,0.372,0.438,95.6
672356,Gabriel Arias,CHC,40 to 45,371,0.158,0.544,16.0,3.0,1.0,0.188,0.188,0.375,0.562,0.238,0.149,0.438,0.457,0.222,82.0
672356,Gabriel Arias,CHC,45 to 50,335,0.142,0.573,15.0,4.0,1.0,0.267,0.267,0.533,0.8,0.337,0.399,0.267,0.293,0.727,95.5
672356,Gabriel Arias,CHC,5 to 10,31,0.013,0.581,,,,,,,,,,,,,
672356,Gabriel Arias,CHC,50 to 55,184,0.078,0.576,14.0,3.0,1.0,0.214,0.214,0.429,0.643,0.271,0.283,0.5,0.565,0.429,92.4
672356,Gabriel Arias,CHC,55 to 60,55,0.023,0.509,,,,,,,,,,,,,
672356,Gabriel Arias,CHC,60 to 65,24,0.01,0.5,,,,,,,,,,,,,
672515,Gabriel Moreno,AZ,10 to 15,99,0.027,0.434,13.0,4.0,0.0,0.333,0.308,0.417,0.724,0.304,0.335,0.154,0.083,0.417,90.7
672515,Gabriel Moreno,AZ,15 to 20,130,0.035,0.477,15.0,6.0,1.0,0.4,0.4,0.6,1.0,0.433,0.454,0.067,0.111,0.714,98.0
672515,Gabriel Moreno,AZ,20 to 25,251,0.069,0.418,42.0,12.0,2.0,0.324,0.381,0.622,1.003,0.418,0.393,0.167,0.143,0.323,85.9
672515,Gabriel Moreno,AZ,25 to 30,290,0.079,0.41,42.0,11.0,0.0,0.297,0.381,0.378,0.759,0.344,0.301,0.143,0.118,0.29,88.6
672515,Gabriel Moreno,AZ,30 to 35,519,0.142,0.376,71.0,19.0,1.0,0.306,0.394,0.419,0.814,0.365,0.351,0.211,0.201,0.426,89.1
672515,Gabriel Moreno,AZ,35 to 40,625,0.171,0.421,94.0,23.0,3.0,0.295,0.404,0.474,0.879,0.395,0.375,0.16,0.149,0.469,89.5
672515,Gabriel Moreno,AZ,40 to 45,641,0.175,0.423,101.0,26.0,3.0,0.306,0.386,0.506,0.892,0.386,0.362,0.139,0.14,0.397,90.2
672515,Gabriel Moreno,AZ,45 to 50,450,0.123,0.427,76.0,25.0,4.0,0.373,0.421,0.657,1.078,0.463,0.407,0.105,0.126,0.492,89.4
672515,Gabriel Moreno,AZ,5 to 10,26,0.007,0.577,,,,,,,,,,,,,
672515,Gabriel Moreno,AZ,50 to 55,264,0.072,0.405,24.0,3.0,0.0,0.167,0.333,0.167,0.5,0.258,0.323,0.167,0.085,0.2,87.9
672515,Gabriel Moreno,AZ,55 to 60,172,0.047,0.488,27.0,6.0,0.0,0.273,0.37,0.318,0.689,0.35,0.339,0.111,0.133,0.35,84.7
672515,Gabriel Moreno,AZ,60 to 65,64,0.017,0.469,10.0,2.0,0.0,0.2,0.2,0.3,0.5,0.215,0.24,0.0,0.0,0.3,83.9
672515,Gabriel Moreno,AZ,65 to 70,32,0.009,0.406,,,,,,,,,,,,,
687282,Gabriel Rincones,PHI,20 to 25,20,0.058,0.8,,,,,,,,,,,,,
687282,Gabriel Rincones,PHI,25 to 30,51,0.148,0.549,12.0,2.0,0.0,0.182,0.25,0.182,0.432,0.208,0.15,0.417,0.214,0.5,94.7
687282,Gabriel Rincones,PHI,30 to 35,63,0.183,0.635,19.0,4.0,0.0,0.211,0.211,0.263,0.474,0.208,0.141,0.263,0.275,0.071,79.1
687282,Gabriel Rincones,PHI,35 to 40,55,0.16,0.582,16.0,2.0,0.0,0.125,0.125,0.125,0.25,0.112,0.107,0.562,0.281,0.429,95.5
687282,Gabriel Rincones,PHI,40 to 45,68,0.198,0.515,16.0,2.0,1.0,0.143,0.25,0.429,0.679,0.291,0.293,0.312,0.314,0.556,93.4
687282,Gabriel Rincones,PHI,45 to 50,20,0.058,0.7,,,,,,,,,,,,,
687282,Gabriel Rincones,PHI,50 to 55,25,0.073,0.52,,,,,,,,,,,,,
669398,Gage Workman,SD,25 to 30,23,0.114,0.565,,,,,,,,,,,,,
669398,Gage Workman,SD,30 to 35,35,0.173,0.629,,,,,,,,,,,,,
669398,Gage Workman,SD,35 to 40,49,0.243,0.612,,,,,,,,,,,,,
669398,Gage Workman,SD,40 to 45,22,0.109,0.545,,,,,,,,,,,,,
669398,Gage Workman,SD,45 to 50,15,0.074,0.533,,,,,,,,,,,,,
669398,Gage Workman,SD,60 to 65,17,0.084,0.647,,,,,,,,,,,,,
669003,Garrett Mitchell,MIL,10 to 15,35,0.015,0.343,,,,,,,,,,,,,
669003,Garrett Mitchell,MIL,15 to 20,91,0.038,0.44,21.0,4.0,0.0,0.235,0.381,0.235,0.616,0.32,0.384,0.286,0.265,0.8,96.1
669003,Garrett Mitchell,MIL,20 to 25,195,0.082,0.441,49.0,16.0,2.0,0.41,0.531,0.667,1.197,0.521,0.533,0.204,0.299,0.571,96.7
669003,Garrett Mitchell,MIL,25 to 30,240,0.101,0.442,64.0,15.0,4.0,0.254,0.312,0.542,0.855,0.362,0.414,0.219,0.258,0.489,91.9
669003,Garrett Mitchell,MIL,30 to 35,312,0.131,0.439,69.0,16.0,1.0,0.271,0.368,0.424,0.791,0.354,0.356,0.304,0.322,0.462,90.7
669003,Garrett Mitchell,MIL,35 to 40,406,0.171,0.424,78.0,18.0,1.0,0.277,0.39,0.446,0.836,0.399,0.33,0.372,0.404,0.611,96.4
669003,Garrett Mitchell,MIL,40 to 45,398,0.167,0.447,79.0,20.0,0.0,0.278,0.329,0.389,0.718,0.328,0.293,0.392,0.377,0.524,94.0
669003,Garrett Mitchell,MIL,45 to 50,317,0.133,0.448,68.0,8.0,0.0,0.133,0.235,0.183,0.419,0.204,0.244,0.353,0.361,0.417,88.9
669003,Garrett Mitchell,MIL,50 to 55,192,0.081,0.443,41.0,13.0,2.0,0.333,0.366,0.564,0.93,0.399,0.391,0.39,0.296,0.696,96.0
669003,Garrett Mitchell,MIL,55 to 60,83,0.035,0.398,13.0,4.0,1.0,0.308,0.308,0.615,0.923,0.388,0.436,0.077,0.179,0.417,89.9
669003,Garrett Mitchell,MIL,60 to 65,18,0.008,0.5,,,,,,,,,,,,,
596117,Garrett Stubbs,PHI,25 to 30,20,0.086,0.55,,,,,,,,,,,,,
596117,Garrett Stubbs,PHI,30 to 35,51,0.22,0.647,12.0,1.0,0.0,0.083,0.083,0.083,0.167,0.15,0.182,0.167,0.091,0.2,74.7
596117,Garrett Stubbs,PHI,35 to 40,59,0.254,0.441,12.0,2.0,0.0,0.2,0.333,0.2,0.533,0.267,0.251,0.167,0.125,0.375,89.5
596117,Garrett Stubbs,PHI,40 to 45,32,0.138,0.5,12.0,2.0,0.0,0.2,0.333,0.2,0.533,0.267,0.285,0.25,0.25,0.143,80.7
596117,Garrett Stubbs,PHI,45 to 50,25,0.108,0.64,,,,,,,,,,,,,
596117,Garrett Stubbs,PHI,50 to 55,17,0.073,0.353,,,,,,,,,,,,,
596142,Gary Sánchez,MIL,10 to 15,41,0.027,0.244,,,,,,,,,,,,,
596142,Gary Sánchez,MIL,15 to 20,41,0.027,0.293,10.0,1.0,1.0,0.111,0.2,0.444,0.644,0.27,0.256,0.3,0.222,0.167,82.7
596142,Gary Sánchez,MIL,20 to 25,52,0.034,0.442,12.0,4.0,1.0,0.364,0.417,0.636,1.053,0.45,0.42,0.083,0.167,0.4,86.4
596142,Gary Sánchez,MIL,25 to 30,118,0.077,0.364,16.0,1.0,1.0,0.071,0.188,0.286,0.473,0.212,0.309,0.125,0.267,0.167,83.0
596142,Gary Sánchez,MIL,30 to 35,227,0.149,0.414,39.0,5.0,0.0,0.152,0.282,0.182,0.464,0.232,0.255,0.282,0.277,0.273,85.3
596142,Gary Sánchez,MIL,35 to 40,267,0.175,0.419,48.0,12.0,2.0,0.308,0.438,0.564,1.002,0.431,0.406,0.146,0.222,0.469,92.3
596142,Gary Sánchez,MIL,40 to 45,279,0.183,0.348,45.0,7.0,1.0,0.189,0.333,0.405,0.739,0.328,0.346,0.222,0.301,0.37,89.4
596142,Gary Sánchez,MIL,45 to 50,170,0.112,0.365,38.0,8.0,5.0,0.296,0.5,0.889,1.389,0.546,0.501,0.211,0.279,0.526,89.9
596142,Gary Sánchez,MIL,50 to 55,162,0.106,0.37,22.0,7.0,0.0,0.333,0.364,0.381,0.745,0.35,0.213,0.091,0.22,0.176,82.9
596142,Gary Sánchez,MIL,55 to 60,64,0.042,0.312,11.0,0.0,0.0,0.0,0.182,0.0,0.182,0.127,0.134,0.545,0.455,0.0,82.8
596142,Gary Sánchez,MIL,60 to 65,26,0.017,0.346,,,,,,,,,,,,,
657757,Gavin Sheets,SD,10 to 15,102,0.025,0.451,,,,,,,,,,,,,
657757,Gavin Sheets,SD,15 to 20,172,0.042,0.442,25.0,3.0,0.0,0.143,0.28,0.143,0.423,0.22,0.254,0.28,0.194,0.357,86.2
657757,Gavin Sheets,SD,20 to 25,328,0.081,0.409,35.0,3.0,0.0,0.097,0.2,0.129,0.329,0.167,0.235,0.229,0.182,0.348,84.7
657757,Gavin Sheets,SD,25 to 30,457,0.113,0.414,56.0,6.0,2.0,0.133,0.286,0.289,0.575,0.267,0.356,0.125,0.185,0.359,83.1
657757,Gavin Sheets,SD,30 to 35,619,0.153,0.443,61.0,15.0,3.0,0.283,0.377,0.491,0.868,0.379,0.409,0.197,0.2,0.488,91.1
657757,Gavin Sheets,SD,35 to 40,662,0.163,0.447,66.0,14.0,4.0,0.246,0.348,0.526,0.875,0.374,0.352,0.197,0.177,0.409,90.1
657757,Gavin Sheets,SD,40 to 45,647,0.159,0.436,50.0,6.0,3.0,0.136,0.24,0.364,0.604,0.276,0.272,0.28,0.215,0.393,87.0
657757,Gavin Sheets,SD,45 to 50,436,0.107,0.445,55.0,12.0,3.0,0.25,0.345,0.458,0.804,0.352,0.313,0.127,0.181,0.293,86.3
657757,Gavin Sheets,SD,5 to 10,51,0.013,0.431,,,,,,,,,,,,,
657757,Gavin Sheets,SD,50 to 55,210,0.052,0.419,14.0,4.0,0.0,0.308,0.357,0.462,0.819,0.357,0.333,0.214,0.219,0.5,87.0
657757,Gavin Sheets,SD,55 to 60,145,0.036,0.524,14.0,4.0,1.0,0.286,0.286,0.643,0.929,0.386,0.226,0.214,0.185,0.455,87.7
657757,Gavin Sheets,SD,60 to 65,63,0.016,0.397,,,,,,,,,,,,,
657757,Gavin Sheets,SD,65 to 70,40,0.01,0.425,,,,,,,,,,,,,
806146,George Lombard,NYY,10 to 15,19,0.03,0.526,,,,,,,,,,,,,
806146,George Lombard,NYY,20 to 25,28,0.045,0.464,10.0,5.0,0.0,0.556,0.6,0.556,1.156,0.52,0.482,0.1,0.077,0.25,89.0
806146,George Lombard,NYY,25 to 30,53,0.085,0.509,14.0,5.0,1.0,0.357,0.357,0.643,1.0,0.425,0.278,0.429,0.37,0.375,91.9
806146,George Lombard,NYY,30 to 35,75,0.12,0.493,18.0,6.0,0.0,0.375,0.353,0.5,0.853,0.371,0.25,0.278,0.216,0.5,85.3
806146,George Lombard,NYY,35 to 40,88,0.141,0.466,26.0,3.0,1.0,0.12,0.154,0.24,0.394,0.173,0.284,0.231,0.195,0.368,86.2
806146,George Lombard,NYY,40 to 45,101,0.162,0.396,25.0,4.0,1.0,0.174,0.2,0.304,0.504,0.216,0.26,0.12,0.125,0.19,78.3
806146,George Lombard,NYY,45 to 50,81,0.13,0.469,20.0,4.0,2.0,0.211,0.25,0.526,0.776,0.325,0.31,0.2,0.158,0.467,87.1
806146,George Lombard,NYY,50 to 55,72,0.115,0.431,20.0,2.0,0.0,0.125,0.3,0.188,0.488,0.248,0.259,0.35,0.258,0.333,86.2
806146,George Lombard,NYY,55 to 60,39,0.062,0.308,,,,,,,,,,,,,
543807,George Springer,TOR,-5 to 0,16,0.004,0.375,,,,,,,,,,,,,
543807,George Springer,TOR,0 to 5,25,0.006,0.52,,,,,,,,,,,,,
543807,George Springer,TOR,10 to 15,104,0.024,0.385,11.0,2.0,0.0,0.222,0.364,0.333,0.697,0.323,0.269,0.091,0.13,0.25,85.1
543807,George Springer,TOR,15 to 20,162,0.037,0.414,19.0,5.0,1.0,0.278,0.316,0.444,0.76,0.332,0.274,0.053,0.1,0.294,86.9
543807,George Springer,TOR,20 to 25,282,0.065,0.461,35.0,6.0,3.0,0.2,0.314,0.5,0.814,0.349,0.285,0.314,0.275,0.368,86.9
543807,George Springer,TOR,25 to 30,446,0.103,0.448,53.0,14.0,0.0,0.286,0.321,0.347,0.668,0.314,0.313,0.151,0.202,0.381,86.6
543807,George Springer,TOR,30 to 35,554,0.128,0.44,42.0,10.0,1.0,0.256,0.31,0.385,0.694,0.329,0.243,0.333,0.27,0.28,88.8
543807,George Springer,TOR,35 to 40,679,0.157,0.517,100.0,21.0,3.0,0.221,0.26,0.358,0.618,0.28,0.308,0.17,0.209,0.487,91.3
543807,George Springer,TOR,40 to 45,705,0.163,0.491,80.0,12.0,1.0,0.167,0.25,0.236,0.486,0.236,0.275,0.175,0.231,0.298,86.1
543807,George Springer,TOR,45 to 50,575,0.133,0.457,66.0,15.0,1.0,0.263,0.364,0.421,0.785,0.397,0.317,0.167,0.189,0.386,89.8
543807,George Springer,TOR,5 to 10,47,0.011,0.468,,,,,,,,,,,,,
543807,George Springer,TOR,50 to 55,394,0.091,0.495,48.0,13.0,2.0,0.31,0.396,0.524,0.92,0.399,0.319,0.167,0.179,0.471,91.2
543807,George Springer,TOR,55 to 60,179,0.041,0.508,22.0,4.0,0.0,0.222,0.364,0.278,0.641,0.307,0.259,0.182,0.184,0.286,85.3
543807,George Springer,TOR,60 to 65,53,0.012,0.434,,,,,,,,,,,,,
543807,George Springer,TOR,65 to 70,18,0.004,0.278,,,,,,,,,,,,,
671655,George Valera,CLE,20 to 25,17,0.053,0.529,,,,,,,,,,,,,
671655,George Valera,CLE,25 to 30,35,0.108,0.543,,,,,,,,,,,,,
671655,George Valera,CLE,30 to 35,65,0.201,0.477,,,,,,,,,,,,,
671655,George Valera,CLE,35 to 40,52,0.161,0.442,,,,,,,,,,,,,
671655,George Valera,CLE,40 to 45,50,0.155,0.46,10.0,4.0,0.0,0.4,0.4,0.5,0.9,0.395,0.198,0.2,0.077,0.375,91.4
671655,George Valera,CLE,45 to 50,38,0.118,0.447,,,,,,,,,,,,,
671655,George Valera,CLE,50 to 55,31,0.096,0.355,,,,,,,,,,,,,
671655,George Valera,CLE,55 to 60,18,0.056,0.556,,,,,,,,,,,,,
672695,Geraldo Perdomo,AZ,0 to 5,15,0.003,0.333,,,,,,,,,,,,,
672695,Geraldo Perdomo,AZ,10 to 15,131,0.023,0.328,14.0,6.0,0.0,0.5,0.571,0.833,1.405,0.586,0.379,0.071,0.0,0.545,92.3
672695,Geraldo Perdomo,AZ,15 to 20,209,0.036,0.388,21.0,7.0,0.0,0.368,0.4,0.474,0.874,0.395,0.359,0.19,0.158,0.438,86.5
672695,Geraldo Perdomo,AZ,20 to 25,357,0.061,0.353,27.0,7.0,0.0,0.333,0.462,0.429,0.89,0.412,0.332,0.111,0.093,0.4,79.0
672695,Geraldo Perdomo,AZ,25 to 30,512,0.088,0.406,63.0,13.0,0.0,0.25,0.365,0.308,0.673,0.328,0.3,0.159,0.131,0.209,85.3
672695,Geraldo Perdomo,AZ,30 to 35,773,0.133,0.37,102.0,22.0,3.0,0.278,0.41,0.43,0.84,0.378,0.359,0.108,0.093,0.333,88.1
672695,Geraldo Perdomo,AZ,35 to 40,1009,0.173,0.392,116.0,26.0,2.0,0.257,0.336,0.376,0.712,0.317,0.323,0.121,0.124,0.303,86.6
672695,Geraldo Perdomo,AZ,40 to 45,986,0.17,0.39,115.0,28.0,1.0,0.292,0.381,0.375,0.756,0.377,0.33,0.104,0.082,0.398,86.0
672695,Geraldo Perdomo,AZ,45 to 50,713,0.123,0.397,84.0,16.0,2.0,0.225,0.325,0.366,0.691,0.323,0.313,0.143,0.127,0.262,82.5
672695,Geraldo Perdomo,AZ,5 to 10,51,0.009,0.353,,,,,,,,,,,,,
672695,Geraldo Perdomo,AZ,50 to 55,484,0.083,0.388,54.0,8.0,1.0,0.2,0.396,0.325,0.721,0.345,0.38,0.13,0.092,0.265,84.0
672695,Geraldo Perdomo,AZ,55 to 60,307,0.053,0.388,26.0,4.0,0.0,0.182,0.28,0.182,0.462,0.272,0.278,0.0,0.098,0.125,80.0
672695,Geraldo Perdomo,AZ,60 to 65,110,0.019,0.418,,,,,,,,,,,,,
672695,Geraldo Perdomo,AZ,65 to 70,44,0.008,0.455,,,,,,,,,,,,,
519317,Giancarlo Stanton,NYY,10 to 15,19,0.012,0.368,,,,,,,,,,,,,
519317,Giancarlo Stanton,NYY,15 to 20,54,0.034,0.481,,,,,,,,,,,,,
519317,Giancarlo Stanton,NYY,20 to 25,108,0.067,0.472,,,,,,,,,,,,,
519317,Giancarlo Stanton,NYY,25 to 30,151,0.094,0.397,,,,,,,,,,,,,
519317,Giancarlo Stanton,NYY,30 to 35,217,0.135,0.424,,,,,,,,,,,,,
519317,Giancarlo Stanton,NYY,35 to 40,332,0.207,0.395,19.0,1.0,1.0,0.056,0.105,0.222,0.327,0.189,0.204,0.526,0.424,0.5,94.8
519317,Giancarlo Stanton,NYY,40 to 45,294,0.183,0.408,13.0,5.0,0.0,0.455,0.538,0.727,1.266,0.535,0.518,0.231,0.478,0.5,97.2
519317,Giancarlo Stanton,NYY,45 to 50,196,0.122,0.418,20.0,5.0,0.0,0.278,0.35,0.333,0.683,0.312,0.283,0.25,0.276,0.385,94.4
519317,Giancarlo Stanton,NYY,5 to 10,15,0.009,0.4,,,,,,,,,,,,,
519317,Giancarlo Stanton,NYY,50 to 55,127,0.079,0.472,13.0,2.0,0.0,0.154,0.154,0.154,0.308,0.138,0.167,0.231,0.36,0.1,83.0
519317,Giancarlo Stanton,NYY,55 to 60,48,0.03,0.458,,,,,,,,,,,,,
519317,Giancarlo Stanton,NYY,60 to 65,17,0.011,0.471,,,,,,,,,,,,,
650402,Gleyber Torres,DET,0 to 5,17,0.004,0.294,,,,,,,,,,,,,
650402,Gleyber Torres,DET,10 to 15,93,0.021,0.419,10.0,3.0,0.0,0.333,0.3,0.333,0.633,0.27,0.325,0.0,0.087,0.2,83.5
650402,Gleyber Torres,DET,15 to 20,171,0.039,0.433,14.0,1.0,0.0,0.083,0.214,0.083,0.298,0.293,0.242,0.214,0.241,0.333,88.3
650402,Gleyber Torres,DET,20 to 25,261,0.059,0.41,26.0,5.0,1.0,0.25,0.423,0.4,0.823,0.377,0.281,0.115,0.149,0.235,84.9
650402,Gleyber Torres,DET,25 to 30,451,0.102,0.43,51.0,15.0,2.0,0.341,0.431,0.5,0.931,0.411,0.323,0.255,0.25,0.29,87.5
650402,Gleyber Torres,DET,30 to 35,618,0.139,0.411,50.0,10.0,2.0,0.244,0.38,0.39,0.77,0.35,0.358,0.2,0.247,0.323,83.5
650402,Gleyber Torres,DET,35 to 40,707,0.159,0.396,54.0,17.0,1.0,0.327,0.352,0.442,0.794,0.349,0.311,0.259,0.242,0.289,85.0
650402,Gleyber Torres,DET,40 to 45,699,0.157,0.411,66.0,12.0,1.0,0.214,0.318,0.304,0.622,0.286,0.354,0.167,0.16,0.348,85.1
650402,Gleyber Torres,DET,45 to 50,595,0.134,0.417,58.0,12.0,0.0,0.255,0.397,0.298,0.694,0.331,0.325,0.207,0.261,0.314,84.9
650402,Gleyber Torres,DET,5 to 10,26,0.006,0.462,,,,,,,,,,,,,
650402,Gleyber Torres,DET,50 to 55,423,0.095,0.428,35.0,9.0,0.0,0.273,0.314,0.364,0.678,0.301,0.343,0.114,0.135,0.483,93.8
650402,Gleyber Torres,DET,55 to 60,223,0.05,0.39,17.0,2.0,0.0,0.182,0.471,0.182,0.652,0.353,0.436,0.059,0.129,0.3,85.4
650402,Gleyber Torres,DET,60 to 65,80,0.018,0.438,15.0,2.0,0.0,0.154,0.267,0.154,0.421,0.213,0.236,0.333,0.2,0.25,88.3
688363,Graham Pauley,MIA,10 to 15,24,0.019,0.375,,,,,,,,,,,,,
688363,Graham Pauley,MIA,15 to 20,58,0.045,0.534,,,,,,,,,,,,,
688363,Graham Pauley,MIA,20 to 25,77,0.06,0.455,14.0,1.0,0.0,0.071,0.071,0.071,0.143,0.129,0.157,0.429,0.19,0.25,87.0
688363,Graham Pauley,MIA,25 to 30,114,0.088,0.57,19.0,4.0,1.0,0.25,0.316,0.5,0.816,0.339,0.312,0.316,0.25,0.455,86.4
688363,Graham Pauley,MIA,30 to 35,180,0.139,0.461,18.0,2.0,0.0,0.111,0.111,0.222,0.333,0.139,0.101,0.278,0.231,0.154,88.0
688363,Graham Pauley,MIA,35 to 40,217,0.168,0.415,24.0,5.0,0.0,0.238,0.333,0.286,0.619,0.29,0.239,0.208,0.182,0.188,81.6
688363,Graham Pauley,MIA,40 to 45,236,0.183,0.475,25.0,4.0,0.0,0.174,0.24,0.304,0.544,0.242,0.25,0.24,0.244,0.294,84.8
688363,Graham Pauley,MIA,45 to 50,149,0.115,0.51,13.0,2.0,0.0,0.182,0.25,0.182,0.432,0.225,0.242,0.077,0.08,0.0,73.4
688363,Graham Pauley,MIA,50 to 55,108,0.084,0.435,,,,,,,,,,,,,
688363,Graham Pauley,MIA,55 to 60,48,0.037,0.542,,,,,,,,,,,,,
688363,Graham Pauley,MIA,60 to 65,28,0.022,0.571,,,,,,,,,,,,,
687529,Grant Mccray,SF,10 to 15,27,0.055,0.667,,,,,,,,,,,,,
687529,Grant Mccray,SF,20 to 25,20,0.041,0.4,,,,,,,,,,,,,
687529,Grant Mccray,SF,25 to 30,49,0.101,0.388,,,,,,,,,,,,,
687529,Grant Mccray,SF,30 to 35,65,0.133,0.415,11.0,0.0,0.0,0.0,0.091,0.0,0.091,0.064,0.166,0.273,0.348,0.143,82.6
687529,Grant Mccray,SF,35 to 40,75,0.154,0.427,17.0,3.0,1.0,0.214,0.267,0.5,0.767,0.375,0.343,0.235,0.346,0.455,80.6
687529,Grant Mccray,SF,40 to 45,57,0.117,0.579,11.0,2.0,0.0,0.2,0.2,0.3,0.5,0.235,0.363,0.364,0.545,0.286,81.7
687529,Grant Mccray,SF,45 to 50,58,0.119,0.466,11.0,0.0,0.0,0.0,0.273,0.0,0.273,0.191,0.437,0.273,0.368,0.8,99.1
687529,Grant Mccray,SF,50 to 55,47,0.097,0.404,11.0,2.0,0.0,0.2,0.273,0.4,0.673,0.291,0.168,0.455,0.533,0.4,86.4
687529,Grant Mccray,SF,55 to 60,32,0.066,0.344,,,,,,,,,,,,,
675659,Greg Jones,MIL,30 to 35,28,0.311,0.464,,,,,,,,,,,,,
675659,Greg Jones,MIL,35 to 40,16,0.178,0.438,,,,,,,,,,,,,
665052,Griffin Conine,MIA,10 to 15,30,0.02,0.467,,,,,,,,,,,,,
665052,Griffin Conine,MIA,15 to 20,91,0.06,0.549,20.0,2.0,0.0,0.111,0.2,0.111,0.311,0.16,0.278,0.3,0.368,0.5,88.5
665052,Griffin Conine,MIA,20 to 25,141,0.093,0.525,25.0,6.0,4.0,0.3,0.44,0.9,1.34,0.532,0.453,0.2,0.31,0.4,90.2
665052,Griffin Conine,MIA,25 to 30,171,0.112,0.48,36.0,9.0,3.0,0.265,0.306,0.559,0.864,0.365,0.401,0.389,0.309,0.75,99.0
665052,Griffin Conine,MIA,30 to 35,204,0.134,0.475,40.0,8.0,1.0,0.222,0.3,0.333,0.633,0.286,0.28,0.4,0.385,0.35,86.2
665052,Griffin Conine,MIA,35 to 40,268,0.176,0.463,57.0,15.0,2.0,0.312,0.421,0.5,0.921,0.42,0.388,0.246,0.37,0.588,91.3
665052,Griffin Conine,MIA,40 to 45,213,0.14,0.484,31.0,8.0,2.0,0.296,0.387,0.593,0.98,0.416,0.445,0.323,0.388,0.471,93.7
665052,Griffin Conine,MIA,45 to 50,160,0.105,0.45,35.0,3.0,1.0,0.097,0.2,0.194,0.394,0.189,0.266,0.343,0.356,0.421,89.7
665052,Griffin Conine,MIA,5 to 10,21,0.014,0.381,,,,,,,,,,,,,
665052,Griffin Conine,MIA,50 to 55,88,0.058,0.5,23.0,4.0,1.0,0.211,0.348,0.368,0.716,0.326,0.374,0.261,0.308,0.308,85.6
665052,Griffin Conine,MIA,55 to 60,56,0.037,0.393,14.0,6.0,1.0,0.5,0.571,0.833,1.405,0.589,0.454,0.143,0.273,0.4,90.5
665052,Griffin Conine,MIA,60 to 65,18,0.012,0.667,,,,,,,,,,,,,
683002,Gunnar Henderson,BAL,-65 to -60,19,0.004,0.684,,,,,,,,,,,,,
683002,Gunnar Henderson,BAL,0 to 5,20,0.004,0.5,,,,,,,,,,,,,
683002,Gunnar Henderson,BAL,10 to 15,94,0.018,0.426,,,,,,,,,,,,,
683002,Gunnar Henderson,BAL,15 to 20,178,0.034,0.483,30.0,4.0,0.0,0.148,0.233,0.185,0.419,0.202,0.236,0.267,0.34,0.316,84.7
683002,Gunnar Henderson,BAL,20 to 25,290,0.055,0.445,38.0,8.0,2.0,0.276,0.447,0.655,1.103,0.459,0.37,0.158,0.224,0.391,89.6
683002,Gunnar Henderson,BAL,25 to 30,584,0.11,0.486,75.0,10.0,1.0,0.152,0.253,0.288,0.541,0.274,0.272,0.307,0.259,0.381,87.5
683002,Gunnar Henderson,BAL,30 to 35,824,0.155,0.466,103.0,31.0,1.0,0.326,0.379,0.453,0.831,0.384,0.312,0.204,0.159,0.432,88.7
683002,Gunnar Henderson,BAL,35 to 40,941,0.177,0.493,132.0,30.0,10.0,0.261,0.341,0.548,0.889,0.389,0.413,0.159,0.191,0.558,92.6
683002,Gunnar Henderson,BAL,40 to 45,822,0.155,0.485,110.0,22.0,2.0,0.21,0.245,0.333,0.579,0.262,0.251,0.236,0.202,0.367,86.5
683002,Gunnar Henderson,BAL,45 to 50,645,0.122,0.443,81.0,15.0,6.0,0.211,0.309,0.549,0.858,0.372,0.318,0.284,0.23,0.417,89.9
683002,Gunnar Henderson,BAL,5 to 10,36,0.007,0.389,,,,,,,,,,,,,
683002,Gunnar Henderson,BAL,50 to 55,386,0.073,0.459,41.0,8.0,1.0,0.229,0.341,0.314,0.656,0.305,0.35,0.146,0.191,0.414,90.3
683002,Gunnar Henderson,BAL,55 to 60,197,0.037,0.487,25.0,3.0,1.0,0.125,0.16,0.333,0.493,0.208,0.301,0.16,0.163,0.5,91.8
683002,Gunnar Henderson,BAL,60 to 65,53,0.01,0.547,,,,,,,,,,,,,
683002,Gunnar Henderson,BAL,65 to 70,26,0.005,0.577,,,,,,,,,,,,,
672569,Gustavo Campero,LAA,15 to 20,17,0.052,0.529,,,,,,,,,,,,,
672569,Gustavo Campero,LAA,20 to 25,33,0.102,0.545,,,,,,,,,,,,,
672569,Gustavo Campero,LAA,25 to 30,51,0.157,0.451,,,,,,,,,,,,,
672569,Gustavo Campero,LAA,30 to 35,47,0.145,0.532,,,,,,,,,,,,,
672569,Gustavo Campero,LAA,35 to 40,57,0.176,0.439,,,,,,,,,,,,,
672569,Gustavo Campero,LAA,40 to 45,57,0.176,0.456,,,,,,,,,,,,,
672569,Gustavo Campero,LAA,45 to 50,23,0.071,0.348,,,,,,,,,,,,,
672569,Gustavo Campero,LAA,50 to 55,16,0.049,0.625,,,,,,,,,,,,,
673490,Ha-Seong Kim,ATL,10 to 15,20,0.014,0.55,,,,,,,,,,,,,
673490,Ha-Seong Kim,ATL,15 to 20,61,0.044,0.426,,,,,,,,,,,,,
673490,Ha-Seong Kim,ATL,20 to 25,130,0.094,0.346,12.0,3.0,0.0,0.3,0.417,0.3,0.717,0.342,0.243,0.417,0.174,0.6,93.9
673490,Ha-Seong Kim,ATL,25 to 30,138,0.1,0.464,17.0,0.0,0.0,0.0,0.0,0.0,0.0,0.0,0.108,0.412,0.189,0.3,84.1
673490,Ha-Seong Kim,ATL,30 to 35,186,0.134,0.414,16.0,2.0,0.0,0.133,0.188,0.133,0.321,0.156,0.267,0.188,0.175,0.154,83.8
673490,Ha-Seong Kim,ATL,35 to 40,218,0.158,0.413,24.0,2.0,0.0,0.087,0.125,0.13,0.255,0.119,0.168,0.292,0.205,0.235,84.0
673490,Ha-Seong Kim,ATL,40 to 45,242,0.175,0.434,23.0,3.0,0.0,0.15,0.261,0.15,0.411,0.209,0.224,0.304,0.216,0.154,83.9
673490,Ha-Seong Kim,ATL,45 to 50,182,0.132,0.385,13.0,0.0,0.0,0.0,0.308,0.0,0.308,0.215,0.3,0.154,0.227,0.286,85.3
673490,Ha-Seong Kim,ATL,50 to 55,98,0.071,0.327,12.0,1.0,0.0,0.1,0.25,0.1,0.35,0.192,0.236,0.167,0.071,0.25,83.2
673490,Ha-Seong Kim,ATL,55 to 60,31,0.022,0.323,,,,,,,,,,,,,
673490,Ha-Seong Kim,ATL,60 to 65,17,0.012,0.647,,,,,,,,,,,,,
701678,Hao-Yu Lee,DET,10 to 15,31,0.023,0.548,,,,,,,,,,,,,
701678,Hao-Yu Lee,DET,15 to 20,39,0.029,0.538,13.0,0.0,0.0,0.0,0.154,0.0,0.154,0.108,0.253,0.154,0.286,0.222,89.2
701678,Hao-Yu Lee,DET,20 to 25,93,0.07,0.462,18.0,5.0,0.0,0.333,0.444,0.533,0.978,0.425,0.346,0.278,0.302,0.4,89.8
701678,Hao-Yu Lee,DET,25 to 30,137,0.103,0.416,38.0,14.0,3.0,0.389,0.421,0.639,1.06,0.455,0.299,0.263,0.263,0.385,85.8
701678,Hao-Yu Lee,DET,30 to 35,130,0.098,0.485,34.0,13.0,1.0,0.433,0.5,0.633,1.133,0.49,0.355,0.235,0.19,0.409,93.6
701678,Hao-Yu Lee,DET,35 to 40,191,0.144,0.471,55.0,11.0,1.0,0.22,0.273,0.32,0.593,0.28,0.302,0.327,0.378,0.455,89.2
701678,Hao-Yu Lee,DET,40 to 45,242,0.182,0.45,65.0,11.0,0.0,0.183,0.246,0.25,0.496,0.228,0.28,0.185,0.248,0.468,90.5
701678,Hao-Yu Lee,DET,45 to 50,175,0.132,0.457,40.0,11.0,0.0,0.289,0.325,0.342,0.667,0.3,0.295,0.175,0.2,0.419,90.8
701678,Hao-Yu Lee,DET,50 to 55,124,0.093,0.5,37.0,8.0,2.0,0.235,0.27,0.588,0.859,0.373,0.332,0.216,0.21,0.481,89.5
701678,Hao-Yu Lee,DET,55 to 60,75,0.056,0.48,18.0,4.0,1.0,0.235,0.278,0.412,0.69,0.3,0.244,0.222,0.194,0.231,86.0
701678,Hao-Yu Lee,DET,60 to 65,38,0.029,0.553,10.0,2.0,0.0,0.222,0.3,0.222,0.522,0.25,0.195,0.4,0.19,0.8,96.9
664056,Harrison Bader,SF,10 to 15,64,0.027,0.453,,,,,,,,,,,,,
664056,Harrison Bader,SF,15 to 20,91,0.039,0.495,,,,,,,,,,,,,
664056,Harrison Bader,SF,20 to 25,143,0.061,0.476,12.0,2.0,0.0,0.167,0.167,0.167,0.333,0.15,0.205,0.167,0.364,0.4,89.2
664056,Harrison Bader,SF,25 to 30,188,0.08,0.495,,,,,,,,,,,,,
664056,Harrison Bader,SF,30 to 35,291,0.123,0.478,12.0,2.0,0.0,0.182,0.25,0.273,0.523,0.238,0.305,0.333,0.429,0.143,83.2
664056,Harrison Bader,SF,35 to 40,355,0.15,0.482,15.0,2.0,1.0,0.133,0.133,0.4,0.533,0.217,0.3,0.267,0.333,0.545,91.8
664056,Harrison Bader,SF,40 to 45,426,0.18,0.488,26.0,6.0,2.0,0.24,0.231,0.52,0.751,0.34,0.297,0.385,0.259,0.438,91.2
664056,Harrison Bader,SF,45 to 50,307,0.13,0.466,15.0,0.0,0.0,0.0,0.067,0.0,0.067,0.047,0.123,0.4,0.24,0.25,89.5
664056,Harrison Bader,SF,5 to 10,17,0.007,0.412,,,,,,,,,,,,,
664056,Harrison Bader,SF,50 to 55,240,0.102,0.537,14.0,5.0,2.0,0.357,0.357,0.857,1.214,0.504,0.421,0.286,0.24,0.6,90.4
664056,Harrison Bader,SF,55 to 60,102,0.043,0.588,,,,,,,,,,,,,
664056,Harrison Bader,SF,60 to 65,50,0.021,0.36,,,,,,,,,,,,,
664056,Harrison Bader,SF,65 to 70,34,0.014,0.412,,,,,,,,,,,,,
695670,Harry Ford,WSH,15 to 20,19,0.035,0.368,,,,,,,,,,,,,
695670,Harry Ford,WSH,20 to 25,27,0.05,0.593,,,,,,,,,,,,,
695670,Harry Ford,WSH,25 to 30,46,0.085,0.435,,,,,,,,,,,,,
695670,Harry Ford,WSH,30 to 35,74,0.137,0.446,17.0,4.0,0.0,0.25,0.294,0.375,0.669,0.294,0.414,0.176,0.242,0.385,87.3
695670,Harry Ford,WSH,35 to 40,83,0.153,0.422,18.0,5.0,2.0,0.385,0.556,0.923,1.479,0.586,0.386,0.167,0.097,0.4,89.8
695670,Harry Ford,WSH,40 to 45,81,0.149,0.42,14.0,3.0,0.0,0.25,0.357,0.333,0.69,0.382,0.3,0.0,0.188,0.333,81.9
695670,Harry Ford,WSH,45 to 50,79,0.146,0.43,19.0,2.0,0.0,0.111,0.158,0.111,0.269,0.179,0.158,0.421,0.25,0.3,84.9
695670,Harry Ford,WSH,50 to 55,49,0.09,0.469,10.0,0.0,0.0,0.0,0.1,0.0,0.1,0.07,0.141,0.5,0.368,0.5,83.8
695670,Harry Ford,WSH,55 to 60,32,0.059,0.438,,,,,,,,,,,,,
663584,Hayden Senger,NYM,25 to 30,39,0.127,0.487,,,,,,,,,,,,,
663584,Hayden Senger,NYM,30 to 35,47,0.153,0.638,,,,,,,,,,,,,
663584,Hayden Senger,NYM,35 to 40,48,0.156,0.479,,,,,,,,,,,,,
663584,Hayden Senger,NYM,40 to 45,70,0.227,0.571,,,,,,,,,,,,,
663584,Hayden Senger,NYM,45 to 50,48,0.156,0.562,,,,,,,,,,,,,
663584,Hayden Senger,NYM,50 to 55,23,0.075,0.565,,,,,,,,,,,,,
671218,Heliot Ramos,NYY,0 to 5,21,0.005,0.429,,,,,,,,,,,,,
671218,Heliot Ramos,NYY,10 to 15,69,0.016,0.551,,,,,,,,,,,,,
671218,Heliot Ramos,NYY,15 to 20,138,0.032,0.362,,,,,,,,,,,,,
671218,Heliot Ramos,NYY,20 to 25,214,0.049,0.467,24.0,1.0,0.0,0.045,0.125,0.045,0.17,0.096,0.143,0.292,0.235,0.188,81.9
671218,Heliot Ramos,NYY,25 to 30,418,0.096,0.5,32.0,6.0,0.0,0.2,0.25,0.233,0.483,0.223,0.311,0.344,0.23,0.526,95.3
671218,Heliot Ramos,NYY,30 to 35,598,0.137,0.508,53.0,9.0,0.0,0.196,0.302,0.261,0.563,0.265,0.316,0.208,0.281,0.4,90.5
671218,Heliot Ramos,NYY,35 to 40,610,0.14,0.495,66.0,19.0,2.0,0.302,0.333,0.429,0.762,0.348,0.346,0.197,0.212,0.48,92.0
671218,Heliot Ramos,NYY,40 to 45,809,0.185,0.48,90.0,19.0,4.0,0.235,0.311,0.494,0.805,0.354,0.37,0.311,0.313,0.615,93.8
671218,Heliot Ramos,NYY,45 to 50,583,0.133,0.489,56.0,12.0,3.0,0.231,0.286,0.462,0.747,0.337,0.31,0.321,0.298,0.371,91.9
671218,Heliot Ramos,NYY,5 to 10,35,0.008,0.486,,,,,,,,,,,,,
671218,Heliot Ramos,NYY,50 to 55,406,0.093,0.5,34.0,11.0,2.0,0.355,0.412,0.742,1.154,0.479,0.449,0.294,0.28,0.571,95.3
671218,Heliot Ramos,NYY,55 to 60,227,0.052,0.489,14.0,1.0,0.0,0.071,0.071,0.143,0.214,0.154,0.136,0.429,0.242,0.625,93.4
671218,Heliot Ramos,NYY,60 to 65,84,0.019,0.56,,,,,,,,,,,,,
671218,Heliot Ramos,NYY,65 to 70,30,0.007,0.533,,,,,,,,,,,,,
703607,Henry Bolte,ATH,10 to 15,22,0.013,0.545,,,,,,,,,,,,,
703607,Henry Bolte,ATH,15 to 20,57,0.033,0.456,11.0,1.0,0.0,0.091,0.091,0.091,0.182,0.082,0.185,0.182,0.192,0.222,79.1
703607,Henry Bolte,ATH,20 to 25,98,0.057,0.51,32.0,11.0,1.0,0.393,0.438,0.536,0.973,0.42,0.366,0.219,0.24,0.545,92.9
703607,Henry Bolte,ATH,25 to 30,166,0.097,0.488,45.0,13.0,2.0,0.333,0.409,0.513,0.922,0.449,0.357,0.244,0.346,0.448,89.2
703607,Henry Bolte,ATH,30 to 35,217,0.127,0.521,56.0,11.0,0.0,0.216,0.286,0.216,0.501,0.271,0.283,0.286,0.265,0.361,84.6
703607,Henry Bolte,ATH,35 to 40,285,0.167,0.502,78.0,12.0,1.0,0.171,0.256,0.271,0.528,0.242,0.262,0.333,0.336,0.5,91.8
703607,Henry Bolte,ATH,40 to 45,306,0.179,0.539,78.0,18.0,0.0,0.261,0.346,0.29,0.636,0.301,0.278,0.295,0.345,0.467,89.5
703607,Henry Bolte,ATH,45 to 50,250,0.146,0.436,61.0,14.0,1.0,0.292,0.426,0.396,0.822,0.385,0.395,0.262,0.358,0.656,96.8
703607,Henry Bolte,ATH,50 to 55,164,0.096,0.488,40.0,13.0,2.0,0.361,0.425,0.556,0.981,0.426,0.332,0.3,0.225,0.417,89.9
703607,Henry Bolte,ATH,55 to 60,62,0.036,0.484,19.0,7.0,2.0,0.438,0.526,1.125,1.651,0.65,0.49,0.211,0.2,0.667,96.3
680779,Henry Davis,PIT,10 to 15,23,0.011,0.522,,,,,,,,,,,,,
680779,Henry Davis,PIT,15 to 20,61,0.028,0.459,,,,,,,,,,,,,
680779,Henry Davis,PIT,20 to 25,171,0.079,0.538,22.0,9.0,4.0,0.45,0.5,1.1,1.6,0.648,0.484,0.045,0.13,0.684,93.8
680779,Henry Davis,PIT,25 to 30,228,0.105,0.583,37.0,7.0,0.0,0.233,0.343,0.233,0.576,0.291,0.293,0.243,0.317,0.304,80.3
680779,Henry Davis,PIT,30 to 35,263,0.122,0.479,34.0,4.0,1.0,0.148,0.324,0.259,0.583,0.303,0.328,0.118,0.179,0.227,82.1
680779,Henry Davis,PIT,35 to 40,295,0.136,0.559,45.0,7.0,1.0,0.167,0.2,0.286,0.486,0.211,0.203,0.222,0.198,0.333,86.3
680779,Henry Davis,PIT,40 to 45,358,0.166,0.508,47.0,4.0,0.0,0.098,0.213,0.098,0.31,0.204,0.272,0.213,0.235,0.355,89.4
680779,Henry Davis,PIT,45 to 50,294,0.136,0.544,40.0,2.0,2.0,0.069,0.282,0.276,0.558,0.269,0.309,0.2,0.257,0.304,86.3
680779,Henry Davis,PIT,50 to 55,223,0.103,0.556,29.0,3.0,0.0,0.111,0.172,0.185,0.358,0.197,0.2,0.276,0.379,0.632,94.4
680779,Henry Davis,PIT,55 to 60,120,0.055,0.5,,,,,,,,,,,,,
680779,Henry Davis,PIT,60 to 65,53,0.025,0.434,,,,,,,,,,,,,
680779,Henry Davis,PIT,65 to 70,19,0.009,0.684,,,,,,,,,,,,,
681715,Heriberto Hernandez,MIA,10 to 15,76,0.025,0.368,11.0,3.0,2.0,0.375,0.455,1.25,1.705,0.605,0.724,0.182,0.238,0.714,98.9
681715,Heriberto Hernandez,MIA,15 to 20,118,0.038,0.475,23.0,3.0,1.0,0.167,0.348,0.333,0.681,0.317,0.409,0.261,0.324,0.417,92.6
681715,Heriberto Hernandez,MIA,20 to 25,251,0.081,0.442,40.0,10.0,3.0,0.286,0.375,0.6,0.975,0.435,0.325,0.375,0.312,0.5,94.8
681715,Heriberto Hernandez,MIA,25 to 30,297,0.096,0.444,54.0,9.0,4.0,0.188,0.278,0.479,0.757,0.339,0.373,0.222,0.321,0.472,88.4
681715,Heriberto Hernandez,MIA,30 to 35,425,0.137,0.442,49.0,8.0,1.0,0.182,0.265,0.318,0.583,0.281,0.268,0.367,0.267,0.407,89.8
681715,Heriberto Hernandez,MIA,35 to 40,473,0.153,0.459,77.0,17.0,4.0,0.25,0.338,0.456,0.794,0.37,0.383,0.169,0.267,0.455,90.1
681715,Heriberto Hernandez,MIA,40 to 45,476,0.154,0.426,77.0,14.0,4.0,0.2,0.273,0.4,0.673,0.294,0.329,0.26,0.311,0.38,90.5
681715,Heriberto Hernandez,MIA,45 to 50,412,0.133,0.481,64.0,16.0,1.0,0.281,0.359,0.386,0.745,0.363,0.379,0.25,0.313,0.561,90.9
681715,Heriberto Hernandez,MIA,5 to 10,17,0.005,0.529,,,,,,,,,,,,,
681715,Heriberto Hernandez,MIA,50 to 55,238,0.077,0.445,42.0,8.0,2.0,0.2,0.238,0.4,0.638,0.295,0.264,0.333,0.354,0.423,90.9
681715,Heriberto Hernandez,MIA,55 to 60,173,0.056,0.462,22.0,5.0,0.0,0.263,0.364,0.316,0.679,0.316,0.253,0.273,0.288,0.538,93.6
681715,Heriberto Hernandez,MIA,60 to 65,45,0.015,0.489,,,,,,,,,,,,,
681715,Heriberto Hernandez,MIA,65 to 70,22,0.007,0.545,,,,,,,,,,,,,
677008,Heston Kjerstad,BAL,15 to 20,23,0.033,0.478,,,,,,,,,,,,,
677008,Heston Kjerstad,BAL,20 to 25,43,0.063,0.605,,,,,,,,,,,,,
677008,Heston Kjerstad,BAL,25 to 30,75,0.109,0.64,,,,,,,,,,,,,
677008,Heston Kjerstad,BAL,30 to 35,113,0.164,0.504,,,,,,,,,,,,,
677008,Heston Kjerstad,BAL,35 to 40,108,0.157,0.611,,,,,,,,,,,,,
677008,Heston Kjerstad,BAL,40 to 45,108,0.157,0.519,,,,,,,,,,,,,
677008,Heston Kjerstad,BAL,45 to 50,96,0.14,0.542,,,,,,,,,,,,,
677008,Heston Kjerstad,BAL,50 to 55,58,0.084,0.517,,,,,,,,,,,,,
677008,Heston Kjerstad,BAL,55 to 60,30,0.044,0.633,,,,,,,,,,,,,
676439,Hunter Feduccia,LAD,10 to 15,27,0.018,0.444,,,,,,,,,,,,,
676439,Hunter Feduccia,LAD,15 to 20,53,0.036,0.453,11.0,2.0,0.0,0.25,0.4,0.375,0.775,0.375,0.466,0.091,0.214,0.375,85.6
676439,Hunter Feduccia,LAD,20 to 25,101,0.069,0.297,16.0,3.0,0.0,0.214,0.267,0.214,0.481,0.24,0.3,0.25,0.15,0.091,77.4
676439,Hunter Feduccia,LAD,25 to 30,163,0.112,0.417,31.0,10.0,2.0,0.4,0.516,0.64,1.156,0.526,0.446,0.194,0.171,0.611,94.2
676439,Hunter Feduccia,LAD,30 to 35,254,0.174,0.382,36.0,5.0,0.0,0.156,0.229,0.219,0.447,0.214,0.22,0.333,0.209,0.381,84.9
676439,Hunter Feduccia,LAD,35 to 40,292,0.2,0.442,40.0,9.0,1.0,0.281,0.4,0.469,0.869,0.401,0.427,0.15,0.173,0.481,92.2
676439,Hunter Feduccia,LAD,40 to 45,191,0.131,0.476,36.0,5.0,0.0,0.156,0.25,0.188,0.438,0.213,0.239,0.278,0.214,0.318,86.6
676439,Hunter Feduccia,LAD,45 to 50,157,0.107,0.478,32.0,7.0,0.0,0.233,0.281,0.3,0.581,0.262,0.326,0.344,0.327,0.368,84.3
676439,Hunter Feduccia,LAD,50 to 55,106,0.073,0.368,17.0,2.0,0.0,0.133,0.235,0.133,0.369,0.188,0.246,0.353,0.31,0.556,92.1
676439,Hunter Feduccia,LAD,55 to 60,58,0.04,0.448,,,,,,,,,,,,,
676439,Hunter Feduccia,LAD,60 to 65,25,0.017,0.52,,,,,,,,,,,,,
696100,Hunter Goodman,COL,10 to 15,54,0.013,0.574,,,,,,,,,,,,,
696100,Hunter Goodman,COL,15 to 20,129,0.03,0.543,16.0,2.0,1.0,0.133,0.188,0.333,0.521,0.225,0.293,0.125,0.242,0.308,88.2
696100,Hunter Goodman,COL,20 to 25,301,0.071,0.538,37.0,7.0,3.0,0.206,0.27,0.5,0.77,0.326,0.179,0.486,0.357,0.312,86.6
696100,Hunter Goodman,COL,25 to 30,426,0.1,0.566,68.0,14.0,3.0,0.226,0.279,0.371,0.65,0.299,0.249,0.309,0.39,0.31,84.4
696100,Hunter Goodman,COL,30 to 35,653,0.154,0.548,77.0,15.0,7.0,0.211,0.273,0.563,0.836,0.371,0.344,0.338,0.303,0.356,89.3
696100,Hunter Goodman,COL,35 to 40,715,0.168,0.541,100.0,26.0,9.0,0.289,0.36,0.644,1.004,0.42,0.41,0.24,0.28,0.478,90.5
696100,Hunter Goodman,COL,40 to 45,692,0.163,0.552,94.0,28.0,8.0,0.318,0.362,0.636,0.998,0.431,0.378,0.287,0.318,0.607,92.9
696100,Hunter Goodman,COL,45 to 50,550,0.129,0.54,66.0,13.0,3.0,0.22,0.303,0.492,0.795,0.352,0.324,0.348,0.323,0.472,90.9
696100,Hunter Goodman,COL,5 to 10,39,0.009,0.564,,,,,,,,,,,,,
696100,Hunter Goodman,COL,50 to 55,340,0.08,0.524,34.0,5.0,1.0,0.167,0.235,0.3,0.535,0.244,0.179,0.294,0.311,0.45,88.6
696100,Hunter Goodman,COL,55 to 60,169,0.04,0.527,18.0,2.0,0.0,0.133,0.222,0.133,0.356,0.178,0.31,0.389,0.406,0.7,97.7
696100,Hunter Goodman,COL,60 to 65,56,0.013,0.536,,,,,,,,,,,,,
696100,Hunter Goodman,COL,65 to 70,29,0.007,0.517,,,,,,,,,,,,,
808975,Hyeseong Kim,LAD,15 to 20,31,0.026,0.581,,,,,,,,,,,,,
808975,Hyeseong Kim,LAD,20 to 25,93,0.079,0.484,,,,,,,,,,,,,
808975,Hyeseong Kim,LAD,25 to 30,121,0.103,0.496,13.0,6.0,0.0,0.5,0.538,0.583,1.122,0.496,0.385,0.385,0.333,0.429,90.4
808975,Hyeseong Kim,LAD,30 to 35,230,0.196,0.5,23.0,4.0,0.0,0.19,0.261,0.19,0.451,0.217,0.215,0.217,0.157,0.125,84.0
808975,Hyeseong Kim,LAD,35 to 40,213,0.181,0.507,29.0,6.0,1.0,0.261,0.345,0.391,0.736,0.321,0.387,0.103,0.213,0.318,86.6
808975,Hyeseong Kim,LAD,40 to 45,205,0.174,0.449,22.0,6.0,0.0,0.3,0.364,0.4,0.764,0.373,0.306,0.318,0.2,0.333,89.0
808975,Hyeseong Kim,LAD,45 to 50,134,0.114,0.478,20.0,2.0,0.0,0.105,0.15,0.105,0.255,0.125,0.222,0.25,0.364,0.143,80.7
808975,Hyeseong Kim,LAD,50 to 55,73,0.062,0.452,,,,,,,,,,,,,
808975,Hyeseong Kim,LAD,55 to 60,25,0.021,0.52,,,,,,,,,,,,,
808975,Hyeseong Kim,LAD,60 to 65,19,0.016,0.474,,,,,,,,,,,,,
699302,Héctor Rodríguez,CIN,15 to 20,23,0.046,0.435,,,,,,,,,,,,,
699302,Héctor Rodríguez,CIN,20 to 25,35,0.07,0.514,,,,,,,,,,,,,
699302,Héctor Rodríguez,CIN,25 to 30,64,0.128,0.438,18.0,2.0,0.0,0.133,0.278,0.133,0.411,0.217,0.212,0.333,0.25,0.333,82.4
699302,Héctor Rodríguez,CIN,30 to 35,70,0.14,0.6,19.0,9.0,2.0,0.474,0.474,0.895,1.368,0.579,0.338,0.263,0.262,0.5,93.0
699302,Héctor Rodríguez,CIN,35 to 40,81,0.162,0.556,23.0,2.0,1.0,0.087,0.087,0.261,0.348,0.172,0.239,0.304,0.289,0.5,91.0
699302,Héctor Rodríguez,CIN,40 to 45,78,0.156,0.654,19.0,3.0,1.0,0.167,0.211,0.333,0.544,0.237,0.217,0.316,0.314,0.167,85.5
699302,Héctor Rodríguez,CIN,45 to 50,41,0.082,0.512,11.0,0.0,0.0,0.0,0.091,0.0,0.091,0.064,0.127,0.0,0.19,0.2,82.7
699302,Héctor Rodríguez,CIN,50 to 55,52,0.104,0.596,13.0,2.0,0.0,0.154,0.154,0.154,0.308,0.138,0.15,0.308,0.29,0.111,77.0
699302,Héctor Rodríguez,CIN,55 to 60,21,0.042,0.524,,,,,,,,,,,,,
664023,Ian Happ,CHC,0 to 5,15,0.003,0.4,,,,,,,,,,,,,
664023,Ian Happ,CHC,10 to 15,112,0.021,0.438,17.0,3.0,0.0,0.214,0.353,0.214,0.567,0.3,0.447,0.0,0.231,0.538,89.8
664023,Ian Happ,CHC,15 to 20,198,0.037,0.444,18.0,6.0,2.0,0.333,0.333,0.722,1.056,0.442,0.417,0.278,0.256,0.385,90.3
664023,Ian Happ,CHC,20 to 25,345,0.064,0.461,47.0,10.0,3.0,0.238,0.319,0.5,0.819,0.351,0.367,0.277,0.261,0.379,87.9
664023,Ian Happ,CHC,25 to 30,669,0.125,0.42,90.0,17.0,5.0,0.23,0.356,0.5,0.856,0.367,0.287,0.333,0.289,0.467,88.5
664023,Ian Happ,CHC,30 to 35,787,0.147,0.393,98.0,18.0,4.0,0.22,0.347,0.378,0.725,0.328,0.332,0.337,0.279,0.367,89.7
664023,Ian Happ,CHC,35 to 40,899,0.167,0.442,111.0,18.0,2.0,0.184,0.279,0.296,0.575,0.301,0.286,0.252,0.265,0.368,88.8
664023,Ian Happ,CHC,40 to 45,823,0.153,0.435,87.0,15.0,3.0,0.203,0.314,0.419,0.733,0.334,0.299,0.322,0.307,0.426,88.6
664023,Ian Happ,CHC,45 to 50,655,0.122,0.45,58.0,10.0,0.0,0.196,0.293,0.235,0.528,0.252,0.235,0.397,0.312,0.464,90.3
664023,Ian Happ,CHC,5 to 10,49,0.009,0.531,,,,,,,,,,,,,
664023,Ian Happ,CHC,50 to 55,366,0.068,0.454,42.0,11.0,4.0,0.314,0.429,0.771,1.2,0.49,0.414,0.262,0.27,0.5,90.5
664023,Ian Happ,CHC,55 to 60,195,0.036,0.441,17.0,1.0,0.0,0.062,0.118,0.125,0.243,0.115,0.199,0.294,0.212,0.364,92.4
664023,Ian Happ,CHC,60 to 65,94,0.017,0.426,,,,,,,,,,,,,
664023,Ian Happ,CHC,65 to 70,22,0.004,0.455,,,,,,,,,,,,,
545121,Ildemaro Vargas,AZ,0 to 5,16,0.007,0.625,,,,,,,,,,,,,
545121,Ildemaro Vargas,AZ,10 to 15,48,0.022,0.5,11.0,3.0,0.0,0.3,0.364,0.3,0.664,0.309,0.403,0.0,0.0,0.6,91.2
545121,Ildemaro Vargas,AZ,15 to 20,81,0.038,0.531,13.0,2.0,1.0,0.167,0.154,0.417,0.571,0.223,0.303,0.154,0.107,0.273,86.8
545121,Ildemaro Vargas,AZ,20 to 25,165,0.077,0.558,44.0,10.0,1.0,0.233,0.25,0.395,0.645,0.339,0.259,0.114,0.155,0.395,85.6
545121,Ildemaro Vargas,AZ,25 to 30,204,0.096,0.48,55.0,16.0,2.0,0.314,0.345,0.471,0.816,0.369,0.284,0.145,0.179,0.341,86.0
545121,Ildemaro Vargas,AZ,30 to 35,353,0.165,0.501,68.0,14.0,2.0,0.222,0.279,0.365,0.644,0.285,0.305,0.074,0.115,0.397,88.7
545121,Ildemaro Vargas,AZ,35 to 40,370,0.173,0.441,77.0,20.0,0.0,0.29,0.355,0.333,0.689,0.327,0.316,0.078,0.107,0.317,86.3
545121,Ildemaro Vargas,AZ,40 to 45,331,0.155,0.535,91.0,15.0,1.0,0.17,0.198,0.261,0.459,0.213,0.263,0.099,0.144,0.304,87.5
545121,Ildemaro Vargas,AZ,45 to 50,225,0.105,0.48,53.0,15.0,1.0,0.3,0.34,0.48,0.82,0.355,0.367,0.075,0.111,0.348,86.2
545121,Ildemaro Vargas,AZ,5 to 10,28,0.013,0.607,,,,,,,,,,,,,
545121,Ildemaro Vargas,AZ,50 to 55,126,0.059,0.476,20.0,8.0,0.0,0.421,0.45,0.474,0.924,0.412,0.389,0.0,0.147,0.474,89.0
545121,Ildemaro Vargas,AZ,55 to 60,77,0.036,0.494,15.0,3.0,0.0,0.214,0.267,0.214,0.481,0.227,0.216,0.133,0.167,0.167,80.1
545121,Ildemaro Vargas,AZ,60 to 65,18,0.008,0.611,,,,,,,,,,,,,
686555,Isaac Collins,KC,10 to 15,83,0.022,0.422,11.0,2.0,0.0,0.2,0.273,0.2,0.473,0.227,0.348,0.091,0.067,0.556,84.4
686555,Isaac Collins,KC,15 to 20,128,0.034,0.406,23.0,6.0,0.0,0.316,0.391,0.474,0.865,0.43,0.384,0.087,0.107,0.529,88.9
686555,Isaac Collins,KC,20 to 25,202,0.053,0.371,25.0,5.0,0.0,0.278,0.48,0.333,0.813,0.39,0.343,0.16,0.2,0.357,87.4
686555,Isaac Collins,KC,25 to 30,410,0.107,0.412,46.0,13.0,2.0,0.351,0.455,0.649,1.103,0.476,0.435,0.13,0.13,0.667,92.0
686555,Isaac Collins,KC,30 to 35,547,0.143,0.41,78.0,20.0,2.0,0.29,0.359,0.435,0.794,0.349,0.261,0.218,0.171,0.226,85.4
686555,Isaac Collins,KC,35 to 40,637,0.167,0.433,88.0,12.0,0.0,0.156,0.253,0.221,0.474,0.235,0.262,0.193,0.176,0.377,86.9
686555,Isaac Collins,KC,40 to 45,609,0.159,0.402,84.0,21.0,1.0,0.288,0.381,0.466,0.847,0.376,0.333,0.202,0.225,0.327,85.7
686555,Isaac Collins,KC,45 to 50,470,0.123,0.409,61.0,6.0,1.0,0.12,0.262,0.2,0.462,0.227,0.277,0.295,0.185,0.485,87.3
686555,Isaac Collins,KC,5 to 10,35,0.009,0.429,,,,,,,,,,,,,
686555,Isaac Collins,KC,50 to 55,320,0.084,0.425,37.0,1.0,0.0,0.032,0.189,0.032,0.221,0.162,0.225,0.378,0.3,0.294,86.7
686555,Isaac Collins,KC,55 to 60,162,0.042,0.364,20.0,3.0,0.0,0.158,0.2,0.158,0.358,0.17,0.183,0.5,0.387,0.444,86.6
686555,Isaac Collins,KC,60 to 65,79,0.021,0.494,10.0,1.0,0.0,0.111,0.2,0.111,0.311,0.16,0.2,0.2,0.211,0.286,89.0
686555,Isaac Collins,KC,65 to 70,33,0.009,0.333,,,,,,,,,,,,,
686555,Isaac Collins,KC,70 to 75,21,0.005,0.429,,,,,,,,,,,,,
670623,Isaac Paredes,HOU,-5 to 0,18,0.004,0.333,,,,,,,,,,,,,
670623,Isaac Paredes,HOU,0 to 5,15,0.003,0.4,,,,,,,,,,,,,
670623,Isaac Paredes,HOU,10 to 15,97,0.02,0.433,14.0,2.0,0.0,0.222,0.5,0.444,0.944,0.493,0.302,0.214,0.208,0.333,90.9
670623,Isaac Paredes,HOU,15 to 20,158,0.033,0.456,15.0,4.0,1.0,0.308,0.333,0.615,0.949,0.383,0.348,0.067,0.119,0.385,82.9
670623,Isaac Paredes,HOU,20 to 25,282,0.059,0.479,33.0,8.0,0.0,0.276,0.333,0.345,0.678,0.303,0.273,0.182,0.135,0.25,84.4
670623,Isaac Paredes,HOU,25 to 30,462,0.097,0.37,60.0,10.0,3.0,0.222,0.417,0.467,0.883,0.392,0.372,0.067,0.079,0.317,86.3
670623,Isaac Paredes,HOU,30 to 35,700,0.146,0.433,97.0,27.0,9.0,0.31,0.381,0.644,1.025,0.451,0.364,0.103,0.099,0.286,84.6
670623,Isaac Paredes,HOU,35 to 40,852,0.178,0.408,104.0,27.0,3.0,0.31,0.423,0.494,0.917,0.425,0.353,0.096,0.164,0.263,85.3
670623,Isaac Paredes,HOU,40 to 45,768,0.161,0.43,112.0,30.0,5.0,0.306,0.393,0.49,0.883,0.391,0.323,0.143,0.174,0.305,86.3
670623,Isaac Paredes,HOU,45 to 50,613,0.128,0.437,84.0,13.0,0.0,0.183,0.286,0.254,0.539,0.252,0.304,0.143,0.118,0.311,88.6
670623,Isaac Paredes,HOU,5 to 10,33,0.007,0.606,,,,,,,,,,,,,
670623,Isaac Paredes,HOU,50 to 55,352,0.074,0.409,55.0,10.0,1.0,0.2,0.255,0.3,0.555,0.264,0.237,0.236,0.225,0.184,83.8
670623,Isaac Paredes,HOU,55 to 60,165,0.034,0.442,21.0,3.0,0.0,0.167,0.286,0.222,0.508,0.245,0.279,0.19,0.175,0.5,89.9
670623,Isaac Paredes,HOU,60 to 65,102,0.021,0.373,,,,,,,,,,,,,
670623,Isaac Paredes,HOU,65 to 70,53,0.011,0.566,,,,,,,,,,,,,
643396,Isiah Kiner-Falefa,BOS,0 to 5,19,0.008,0.263,,,,,,,,,,,,,
643396,Isiah Kiner-Falefa,BOS,10 to 15,40,0.018,0.425,,,,,,,,,,,,,
643396,Isiah Kiner-Falefa,BOS,15 to 20,53,0.024,0.396,,,,,,,,,,,,,
643396,Isiah Kiner-Falefa,BOS,20 to 25,115,0.051,0.461,,,,,,,,,,,,,
643396,Isiah Kiner-Falefa,BOS,25 to 30,242,0.108,0.421,19.0,3.0,0.0,0.176,0.263,0.176,0.44,0.216,0.277,0.211,0.179,0.231,85.3
643396,Isiah Kiner-Falefa,BOS,30 to 35,331,0.147,0.529,26.0,4.0,0.0,0.167,0.167,0.167,0.333,0.204,0.195,0.115,0.159,0.125,73.4
643396,Isiah Kiner-Falefa,BOS,35 to 40,360,0.16,0.497,29.0,10.0,0.0,0.4,0.464,0.48,0.944,0.429,0.352,0.138,0.154,0.273,77.7
643396,Isiah Kiner-Falefa,BOS,40 to 45,378,0.168,0.495,28.0,6.0,0.0,0.231,0.286,0.269,0.555,0.255,0.317,0.036,0.111,0.36,83.6
643396,Isiah Kiner-Falefa,BOS,45 to 50,308,0.137,0.513,21.0,7.0,1.0,0.368,0.429,0.579,1.008,0.436,0.344,0.19,0.135,0.267,81.1
643396,Isiah Kiner-Falefa,BOS,50 to 55,201,0.089,0.478,16.0,2.0,0.0,0.167,0.375,0.25,0.625,0.309,0.318,0.25,0.25,0.333,89.6
643396,Isiah Kiner-Falefa,BOS,55 to 60,82,0.036,0.512,,,,,,,,,,,,,
643396,Isiah Kiner-Falefa,BOS,60 to 65,55,0.024,0.491,,,,,,,,,,,,,
643396,Isiah Kiner-Falefa,BOS,65 to 70,19,0.008,0.474,,,,,,,,,,,,,
671056,Iván Herrera,STL,10 to 15,66,0.014,0.47,11.0,1.0,0.0,0.111,0.273,0.111,0.384,0.209,0.281,0.091,0.087,0.125,88.1
671056,Iván Herrera,STL,15 to 20,152,0.033,0.546,31.0,4.0,0.0,0.16,0.29,0.24,0.53,0.281,0.334,0.097,0.145,0.261,83.9
671056,Iván Herrera,STL,20 to 25,372,0.08,0.433,50.0,8.0,2.0,0.2,0.36,0.4,0.76,0.378,0.348,0.16,0.129,0.364,87.8
671056,Iván Herrera,STL,25 to 30,543,0.117,0.427,81.0,16.0,3.0,0.239,0.37,0.418,0.788,0.364,0.325,0.21,0.163,0.431,89.5
671056,Iván Herrera,STL,30 to 35,652,0.141,0.439,97.0,22.0,1.0,0.25,0.309,0.307,0.616,0.28,0.283,0.258,0.217,0.547,91.3
671056,Iván Herrera,STL,35 to 40,773,0.167,0.451,126.0,29.0,2.0,0.276,0.381,0.371,0.752,0.348,0.331,0.151,0.188,0.382,87.9
671056,Iván Herrera,STL,40 to 45,724,0.156,0.436,108.0,22.0,4.0,0.242,0.352,0.418,0.769,0.366,0.338,0.185,0.244,0.384,89.8
671056,Iván Herrera,STL,45 to 50,502,0.108,0.48,70.0,14.0,2.0,0.215,0.271,0.338,0.61,0.284,0.292,0.229,0.194,0.449,91.0
671056,Iván Herrera,STL,5 to 10,26,0.006,0.462,,,,,,,,,,,,,
671056,Iván Herrera,STL,50 to 55,381,0.082,0.43,44.0,13.0,1.0,0.342,0.432,0.526,0.958,0.439,0.345,0.182,0.228,0.333,90.9
671056,Iván Herrera,STL,55 to 60,220,0.047,0.373,30.0,5.0,1.0,0.238,0.467,0.429,0.895,0.408,0.438,0.2,0.216,0.333,91.5
671056,Iván Herrera,STL,60 to 65,69,0.015,0.493,,,,,,,,,,,,,
671056,Iván Herrera,STL,65 to 70,23,0.005,0.478,,,,,,,,,,,,,
641555,J. C. Escarra,NYY,10 to 15,17,0.023,0.471,,,,,,,,,,,,,
641555,J. C. Escarra,NYY,15 to 20,28,0.037,0.5,,,,,,,,,,,,,
641555,J. C. Escarra,NYY,20 to 25,44,0.059,0.409,,,,,,,,,,,,,
641555,J. C. Escarra,NYY,25 to 30,69,0.092,0.449,,,,,,,,,,,,,
641555,J. C. Escarra,NYY,30 to 35,112,0.15,0.411,13.0,4.0,0.0,0.364,0.462,0.364,0.825,0.385,0.307,0.231,0.423,0.5,81.9
641555,J. C. Escarra,NYY,35 to 40,130,0.174,0.5,24.0,1.0,0.0,0.043,0.042,0.087,0.129,0.09,0.165,0.25,0.289,0.278,87.9
641555,J. C. Escarra,NYY,40 to 45,66,0.088,0.424,11.0,1.0,0.0,0.1,0.182,0.1,0.282,0.145,0.239,0.0,0.125,0.2,90.4
641555,J. C. Escarra,NYY,45 to 50,100,0.134,0.46,14.0,5.0,0.0,0.357,0.357,0.643,1.0,0.421,0.238,0.143,0.2,0.25,85.5
641555,J. C. Escarra,NYY,50 to 55,74,0.099,0.473,,,,,,,,,,,,,
641555,J. C. Escarra,NYY,55 to 60,54,0.072,0.296,,,,,,,,,,,,,
641555,J. C. Escarra,NYY,60 to 65,15,0.02,0.4,,,,,,,,,,,,,
641487,J. P. Crawford,SEA,-5 to 0,16,0.003,0.438,,,,,,,,,,,,,
641487,J. P. Crawford,SEA,10 to 15,75,0.016,0.32,,,,,,,,,,,,,
641487,J. P. Crawford,SEA,15 to 20,154,0.032,0.396,18.0,1.0,0.0,0.071,0.278,0.071,0.349,0.206,0.282,0.222,0.087,0.545,88.1
641487,J. P. Crawford,SEA,20 to 25,278,0.058,0.475,24.0,6.0,0.0,0.353,0.542,0.353,0.895,0.429,0.469,0.083,0.154,0.533,92.0
641487,J. P. Crawford,SEA,25 to 30,506,0.106,0.419,38.0,9.0,1.0,0.265,0.342,0.412,0.754,0.334,0.272,0.158,0.125,0.321,85.3
641487,J. P. Crawford,SEA,30 to 35,708,0.149,0.403,76.0,18.0,4.0,0.269,0.355,0.463,0.818,0.359,0.327,0.197,0.145,0.346,87.3
641487,J. P. Crawford,SEA,35 to 40,824,0.173,0.407,84.0,16.0,0.0,0.222,0.321,0.264,0.585,0.276,0.283,0.19,0.156,0.31,87.5
641487,J. P. Crawford,SEA,40 to 45,858,0.18,0.434,97.0,17.0,4.0,0.207,0.32,0.378,0.698,0.311,0.316,0.237,0.123,0.383,87.1
641487,J. P. Crawford,SEA,45 to 50,553,0.116,0.423,61.0,9.0,1.0,0.18,0.3,0.3,0.6,0.294,0.306,0.213,0.156,0.231,84.2
641487,J. P. Crawford,SEA,5 to 10,18,0.004,0.167,,,,,,,,,,,,,
641487,J. P. Crawford,SEA,50 to 55,331,0.069,0.408,26.0,5.0,1.0,0.238,0.385,0.429,0.813,0.363,0.402,0.154,0.122,0.412,92.2
641487,J. P. Crawford,SEA,55 to 60,242,0.051,0.479,23.0,3.0,1.0,0.158,0.304,0.316,0.62,0.287,0.392,0.261,0.275,0.308,86.9
641487,J. P. Crawford,SEA,60 to 65,63,0.013,0.349,,,,,,,,,,,,,
641487,J. P. Crawford,SEA,65 to 70,17,0.004,0.235,,,,,,,,,,,,,
592663,J. T. Realmuto,PHI,10 to 15,94,0.023,0.468,11.0,0.0,0.0,0.0,0.273,0.0,0.273,0.191,0.289,0.182,0.278,0.167,89.7
592663,J. T. Realmuto,PHI,15 to 20,134,0.033,0.537,12.0,2.0,0.0,0.2,0.333,0.2,0.533,0.267,0.397,0.167,0.1,0.375,92.8
592663,J. T. Realmuto,PHI,20 to 25,201,0.05,0.433,18.0,2.0,0.0,0.133,0.278,0.2,0.478,0.236,0.244,0.278,0.171,0.3,82.1
592663,J. T. Realmuto,PHI,25 to 30,375,0.094,0.483,34.0,5.0,0.0,0.156,0.176,0.156,0.333,0.153,0.216,0.294,0.174,0.167,83.9
592663,J. T. Realmuto,PHI,30 to 35,508,0.127,0.502,72.0,18.0,2.0,0.281,0.347,0.453,0.8,0.36,0.373,0.194,0.181,0.471,91.9
592663,J. T. Realmuto,PHI,35 to 40,668,0.167,0.454,75.0,15.0,1.0,0.221,0.267,0.294,0.561,0.254,0.326,0.12,0.156,0.383,89.2
592663,J. T. Realmuto,PHI,40 to 45,726,0.181,0.472,81.0,14.0,4.0,0.197,0.296,0.423,0.719,0.314,0.34,0.222,0.257,0.426,90.8
592663,J. T. Realmuto,PHI,45 to 50,544,0.136,0.496,62.0,11.0,1.0,0.212,0.306,0.308,0.614,0.294,0.287,0.177,0.239,0.395,88.1
592663,J. T. Realmuto,PHI,5 to 10,38,0.009,0.342,,,,,,,,,,,,,
592663,J. T. Realmuto,PHI,50 to 55,358,0.089,0.48,46.0,12.0,2.0,0.286,0.348,0.476,0.824,0.378,0.37,0.326,0.278,0.593,90.6
592663,J. T. Realmuto,PHI,55 to 60,160,0.04,0.406,13.0,3.0,0.0,0.273,0.385,0.455,0.839,0.369,0.333,0.077,0.233,0.4,87.7
592663,J. T. Realmuto,PHI,60 to 65,64,0.016,0.453,,,,,,,,,,,,,
592663,J. T. Realmuto,PHI,65 to 70,26,0.006,0.692,,,,,,,,,,,,,
695506,Jac Caglianone,KC,10 to 15,85,0.031,0.576,19.0,3.0,1.0,0.176,0.211,0.412,0.622,0.255,0.268,0.263,0.222,0.462,85.9
695506,Jac Caglianone,KC,15 to 20,112,0.04,0.536,21.0,5.0,0.0,0.25,0.286,0.3,0.586,0.264,0.269,0.238,0.19,0.333,85.2
695506,Jac Caglianone,KC,20 to 25,149,0.054,0.497,38.0,14.0,1.0,0.4,0.447,0.571,1.019,0.467,0.393,0.263,0.25,0.52,91.1
695506,Jac Caglianone,KC,25 to 30,288,0.103,0.486,52.0,12.0,1.0,0.245,0.288,0.388,0.676,0.313,0.292,0.269,0.294,0.543,88.9
695506,Jac Caglianone,KC,30 to 35,376,0.135,0.524,74.0,16.0,4.0,0.235,0.297,0.456,0.753,0.325,0.38,0.23,0.237,0.549,95.0
695506,Jac Caglianone,KC,35 to 40,477,0.171,0.558,104.0,27.0,6.0,0.276,0.317,0.531,0.848,0.37,0.35,0.26,0.24,0.507,92.9
695506,Jac Caglianone,KC,40 to 45,441,0.158,0.553,85.0,20.0,5.0,0.263,0.341,0.513,0.854,0.378,0.403,0.282,0.326,0.654,97.7
695506,Jac Caglianone,KC,45 to 50,373,0.134,0.544,62.0,17.0,3.0,0.288,0.323,0.542,0.865,0.368,0.321,0.323,0.351,0.59,94.7
695506,Jac Caglianone,KC,5 to 10,30,0.011,0.367,,,,,,,,,,,,,
695506,Jac Caglianone,KC,50 to 55,188,0.068,0.537,35.0,11.0,1.0,0.333,0.371,0.455,0.826,0.364,0.36,0.257,0.323,0.458,90.4
695506,Jac Caglianone,KC,55 to 60,91,0.033,0.505,13.0,6.0,0.0,0.462,0.462,0.538,1.0,0.442,0.587,0.231,0.207,0.7,98.3
695506,Jac Caglianone,KC,60 to 65,81,0.029,0.605,13.0,5.0,1.0,0.385,0.385,0.692,1.077,0.458,0.353,0.308,0.226,0.444,95.4
695506,Jac Caglianone,KC,65 to 70,19,0.007,0.526,,,,,,,,,,,,,
690291,Jace Jung,DET,20 to 25,20,0.077,0.4,,,,,,,,,,,,,
690291,Jace Jung,DET,25 to 30,28,0.107,0.143,,,,,,,,,,,,,
690291,Jace Jung,DET,30 to 35,41,0.157,0.537,,,,,,,,,,,,,
690291,Jace Jung,DET,35 to 40,33,0.126,0.455,,,,,,,,,,,,,
690291,Jace Jung,DET,40 to 45,45,0.172,0.533,,,,,,,,,,,,,
690291,Jace Jung,DET,45 to 50,45,0.172,0.511,,,,,,,,,,,,,
690291,Jace Jung,DET,50 to 55,22,0.084,0.364,,,,,,,,,,,,,
694192,Jackson Chourio,MIL,10 to 15,85,0.02,0.553,,,,,,,,,,,,,
694192,Jackson Chourio,MIL,15 to 20,127,0.03,0.457,15.0,5.0,2.0,0.455,0.6,1.091,1.691,0.657,0.624,0.133,0.179,0.556,94.7
694192,Jackson Chourio,MIL,20 to 25,305,0.071,0.489,53.0,8.0,2.0,0.174,0.283,0.37,0.653,0.29,0.273,0.302,0.351,0.4,88.3
694192,Jackson Chourio,MIL,25 to 30,482,0.113,0.521,74.0,17.0,1.0,0.254,0.297,0.388,0.685,0.309,0.269,0.27,0.238,0.408,92.3
694192,Jackson Chourio,MIL,30 to 35,537,0.126,0.518,64.0,16.0,1.0,0.258,0.281,0.339,0.62,0.275,0.301,0.25,0.208,0.435,89.2
694192,Jackson Chourio,MIL,35 to 40,676,0.158,0.496,78.0,23.0,9.0,0.319,0.372,0.722,1.094,0.455,0.421,0.205,0.186,0.5,92.9
694192,Jackson Chourio,MIL,40 to 45,767,0.179,0.489,114.0,29.0,5.0,0.271,0.316,0.449,0.764,0.343,0.347,0.237,0.239,0.43,92.3
694192,Jackson Chourio,MIL,45 to 50,556,0.13,0.486,61.0,19.0,1.0,0.345,0.41,0.509,0.919,0.402,0.403,0.213,0.238,0.619,94.5
694192,Jackson Chourio,MIL,5 to 10,24,0.006,0.5,,,,,,,,,,,,,
694192,Jackson Chourio,MIL,50 to 55,332,0.078,0.536,36.0,9.0,0.0,0.281,0.361,0.375,0.736,0.357,0.286,0.278,0.25,0.429,90.8
694192,Jackson Chourio,MIL,55 to 60,172,0.04,0.5,20.0,4.0,1.0,0.211,0.25,0.368,0.618,0.27,0.282,0.25,0.226,0.5,92.1
694192,Jackson Chourio,MIL,60 to 65,70,0.016,0.5,,,,,,,,,,,,,
694192,Jackson Chourio,MIL,65 to 70,25,0.006,0.56,,,,,,,,,,,,,
702616,Jackson Holliday,BAL,0 to 5,17,0.004,0.471,,,,,,,,,,,,,
702616,Jackson Holliday,BAL,10 to 15,62,0.016,0.484,,,,,,,,,,,,,
702616,Jackson Holliday,BAL,15 to 20,130,0.034,0.492,13.0,3.0,1.0,0.273,0.385,0.545,0.93,0.4,0.368,0.154,0.2,0.222,77.6
702616,Jackson Holliday,BAL,20 to 25,202,0.053,0.411,19.0,3.0,0.0,0.188,0.316,0.312,0.628,0.289,0.252,0.368,0.308,0.333,88.8
702616,Jackson Holliday,BAL,25 to 30,447,0.118,0.438,39.0,12.0,2.0,0.324,0.359,0.568,0.927,0.396,0.335,0.154,0.177,0.29,87.5
702616,Jackson Holliday,BAL,30 to 35,630,0.166,0.47,46.0,6.0,1.0,0.154,0.261,0.231,0.492,0.233,0.353,0.196,0.185,0.433,91.2
702616,Jackson Holliday,BAL,35 to 40,667,0.175,0.487,69.0,14.0,2.0,0.226,0.29,0.403,0.693,0.301,0.279,0.261,0.216,0.311,87.3
702616,Jackson Holliday,BAL,40 to 45,585,0.154,0.462,58.0,9.0,0.0,0.167,0.19,0.185,0.375,0.189,0.229,0.259,0.272,0.375,88.2
702616,Jackson Holliday,BAL,45 to 50,449,0.118,0.459,42.0,9.0,0.0,0.231,0.286,0.231,0.516,0.243,0.247,0.286,0.262,0.296,82.4
702616,Jackson Holliday,BAL,5 to 10,30,0.008,0.333,,,,,,,,,,,,,
702616,Jackson Holliday,BAL,50 to 55,268,0.07,0.418,28.0,5.0,0.0,0.217,0.357,0.217,0.575,0.286,0.327,0.179,0.233,0.278,86.8
702616,Jackson Holliday,BAL,55 to 60,151,0.04,0.424,,,,,,,,,,,,,
702616,Jackson Holliday,BAL,60 to 65,49,0.013,0.571,,,,,,,,,,,,,
702616,Jackson Holliday,BAL,65 to 70,23,0.006,0.391,,,,,,,,,,,,,
701538,Jackson Merrill,SD,10 to 15,125,0.03,0.568,18.0,5.0,0.0,0.312,0.353,0.375,0.728,0.338,0.317,0.222,0.122,0.385,83.7
701538,Jackson Merrill,SD,15 to 20,218,0.052,0.564,34.0,8.0,2.0,0.25,0.294,0.5,0.794,0.365,0.32,0.294,0.243,0.545,93.2
701538,Jackson Merrill,SD,20 to 25,310,0.073,0.59,53.0,15.0,3.0,0.3,0.34,0.5,0.84,0.363,0.39,0.226,0.27,0.579,94.5
701538,Jackson Merrill,SD,25 to 30,427,0.101,0.567,65.0,15.0,3.0,0.246,0.277,0.459,0.736,0.34,0.36,0.108,0.195,0.455,90.8
701538,Jackson Merrill,SD,30 to 35,577,0.137,0.56,88.0,17.0,3.0,0.205,0.241,0.361,0.603,0.264,0.29,0.33,0.266,0.5,91.1
701538,Jackson Merrill,SD,35 to 40,681,0.161,0.565,108.0,26.0,4.0,0.263,0.324,0.424,0.748,0.337,0.378,0.241,0.241,0.521,90.9
701538,Jackson Merrill,SD,40 to 45,627,0.148,0.553,99.0,22.0,3.0,0.242,0.286,0.44,0.725,0.316,0.367,0.253,0.298,0.537,90.4
701538,Jackson Merrill,SD,45 to 50,546,0.129,0.579,83.0,20.0,3.0,0.26,0.313,0.455,0.768,0.365,0.322,0.229,0.267,0.431,90.3
701538,Jackson Merrill,SD,5 to 10,75,0.018,0.56,,,,,,,,,,,,,
701538,Jackson Merrill,SD,50 to 55,259,0.061,0.587,43.0,7.0,4.0,0.175,0.19,0.475,0.665,0.276,0.322,0.256,0.289,0.484,88.0
701538,Jackson Merrill,SD,55 to 60,142,0.034,0.535,14.0,7.0,1.0,0.538,0.571,1.077,1.648,0.679,0.515,0.143,0.176,0.455,90.8
701538,Jackson Merrill,SD,60 to 65,62,0.015,0.532,,,,,,,,,,,,,
701538,Jackson Merrill,SD,65 to 70,31,0.007,0.742,,,,,,,,,,,,,
694378,Jacob Gonzalez,PIT,10 to 15,21,0.024,0.619,,,,,,,,,,,,,
694378,Jacob Gonzalez,PIT,15 to 20,32,0.037,0.438,,,,,,,,,,,,,
694378,Jacob Gonzalez,PIT,20 to 25,59,0.068,0.508,18.0,5.0,0.0,0.357,0.5,0.429,0.929,0.425,0.374,0.278,0.233,0.444,84.7
694378,Jacob Gonzalez,PIT,25 to 30,65,0.075,0.492,16.0,2.0,0.0,0.167,0.267,0.167,0.433,0.227,0.307,0.188,0.125,0.273,83.2
694378,Jacob Gonzalez,PIT,30 to 35,108,0.125,0.593,27.0,6.0,2.0,0.222,0.222,0.519,0.741,0.307,0.314,0.296,0.156,0.526,90.8
694378,Jacob Gonzalez,PIT,35 to 40,185,0.215,0.535,51.0,5.0,1.0,0.102,0.137,0.184,0.321,0.144,0.214,0.255,0.263,0.361,85.1
694378,Jacob Gonzalez,PIT,40 to 45,140,0.162,0.536,28.0,9.0,1.0,0.346,0.393,0.5,0.893,0.391,0.324,0.071,0.16,0.292,86.0
694378,Jacob Gonzalez,PIT,45 to 50,104,0.121,0.654,31.0,3.0,1.0,0.097,0.097,0.226,0.323,0.134,0.251,0.226,0.176,0.375,89.3
694378,Jacob Gonzalez,PIT,50 to 55,87,0.101,0.598,20.0,4.0,0.0,0.211,0.25,0.211,0.461,0.215,0.333,0.05,0.173,0.389,90.2
694378,Jacob Gonzalez,PIT,55 to 60,24,0.028,0.5,,,,,,,,,,,,,
805779,Jacob Wilson,ATH,-5 to 0,15,0.005,0.333,,,,,,,,,,,,,
805779,Jacob Wilson,ATH,10 to 15,67,0.023,0.522,,,,,,,,,,,,,
805779,Jacob Wilson,ATH,15 to 20,103,0.036,0.515,11.0,2.0,0.0,0.182,0.182,0.182,0.364,0.164,0.142,0.182,0.278,0.333,86.9
805779,Jacob Wilson,ATH,20 to 25,202,0.07,0.5,26.0,6.0,0.0,0.24,0.269,0.28,0.549,0.283,0.273,0.192,0.182,0.15,85.3
805779,Jacob Wilson,ATH,25 to 30,322,0.112,0.534,35.0,7.0,0.0,0.206,0.206,0.324,0.529,0.259,0.254,0.086,0.132,0.375,85.6
805779,Jacob Wilson,ATH,30 to 35,395,0.137,0.557,45.0,12.0,1.0,0.279,0.311,0.419,0.73,0.339,0.271,0.156,0.156,0.333,81.8
805779,Jacob Wilson,ATH,35 to 40,498,0.173,0.528,67.0,18.0,3.0,0.295,0.358,0.492,0.85,0.396,0.31,0.104,0.15,0.315,84.8
805779,Jacob Wilson,ATH,40 to 45,469,0.163,0.493,49.0,13.0,0.0,0.289,0.347,0.356,0.702,0.317,0.329,0.082,0.085,0.286,85.1
805779,Jacob Wilson,ATH,45 to 50,362,0.126,0.525,44.0,12.0,0.0,0.273,0.273,0.295,0.568,0.253,0.271,0.136,0.098,0.154,76.5
805779,Jacob Wilson,ATH,5 to 10,22,0.008,0.591,,,,,,,,,,,,,
805779,Jacob Wilson,ATH,50 to 55,226,0.079,0.456,20.0,4.0,2.0,0.235,0.3,0.588,0.888,0.36,0.311,0.05,0.053,0.222,83.7
805779,Jacob Wilson,ATH,55 to 60,106,0.037,0.604,10.0,3.0,0.0,0.3,0.3,0.4,0.7,0.305,0.19,0.1,0.115,0.333,84.3
805779,Jacob Wilson,ATH,60 to 65,32,0.011,0.375,,,,,,,,,,,,,
696285,Jacob Young,WSH,0 to 5,16,0.005,0.5,,,,,,,,,,,,,
696285,Jacob Young,WSH,10 to 15,63,0.02,0.46,,,,,,,,,,,,,
696285,Jacob Young,WSH,15 to 20,111,0.036,0.432,12.0,5.0,0.0,0.455,0.5,0.545,1.045,0.463,0.297,0.333,0.2,0.286,89.2
696285,Jacob Young,WSH,20 to 25,217,0.071,0.424,44.0,9.0,2.0,0.225,0.295,0.45,0.745,0.358,0.297,0.25,0.222,0.379,89.2
696285,Jacob Young,WSH,25 to 30,312,0.101,0.391,39.0,9.0,0.0,0.25,0.282,0.361,0.643,0.279,0.293,0.231,0.246,0.25,84.2
696285,Jacob Young,WSH,30 to 35,432,0.14,0.458,69.0,16.0,0.0,0.246,0.29,0.308,0.598,0.283,0.261,0.13,0.189,0.298,88.5
696285,Jacob Young,WSH,35 to 40,537,0.174,0.464,77.0,17.0,2.0,0.254,0.338,0.433,0.77,0.336,0.31,0.247,0.188,0.396,86.6
696285,Jacob Young,WSH,40 to 45,515,0.167,0.417,87.0,17.0,1.0,0.215,0.262,0.291,0.553,0.278,0.312,0.103,0.204,0.26,82.9
696285,Jacob Young,WSH,45 to 50,310,0.101,0.371,41.0,14.0,4.0,0.368,0.415,0.763,1.178,0.491,0.405,0.073,0.102,0.4,89.9
696285,Jacob Young,WSH,5 to 10,36,0.012,0.361,,,,,,,,,,,,,
696285,Jacob Young,WSH,50 to 55,232,0.075,0.474,34.0,6.0,0.0,0.194,0.265,0.226,0.491,0.278,0.304,0.176,0.269,0.292,87.8
696285,Jacob Young,WSH,55 to 60,131,0.043,0.374,18.0,2.0,1.0,0.125,0.222,0.312,0.535,0.253,0.332,0.111,0.16,0.308,89.8
696285,Jacob Young,WSH,60 to 65,55,0.018,0.327,,,,,,,,,,,,,
696285,Jacob Young,WSH,65 to 70,22,0.007,0.545,,,,,,,,,,,,,
663330,Jahmai Jones,BOS,10 to 15,29,0.023,0.586,,,,,,,,,,,,,
663330,Jahmai Jones,BOS,15 to 20,40,0.032,0.55,,,,,,,,,,,,,
663330,Jahmai Jones,BOS,20 to 25,50,0.04,0.46,,,,,,,,,,,,,
663330,Jahmai Jones,BOS,25 to 30,136,0.108,0.449,15.0,4.0,1.0,0.4,0.6,0.9,1.5,0.593,0.597,0.067,0.276,0.4,91.1
663330,Jahmai Jones,BOS,30 to 35,149,0.118,0.45,23.0,0.0,0.0,0.0,0.043,0.0,0.043,0.03,0.177,0.435,0.275,0.333,87.6
663330,Jahmai Jones,BOS,35 to 40,208,0.165,0.447,29.0,5.0,1.0,0.185,0.241,0.296,0.538,0.241,0.282,0.31,0.315,0.444,92.0
663330,Jahmai Jones,BOS,40 to 45,212,0.168,0.467,30.0,6.0,1.0,0.231,0.333,0.346,0.679,0.34,0.316,0.433,0.443,0.308,88.6
663330,Jahmai Jones,BOS,45 to 50,179,0.142,0.536,25.0,5.0,0.0,0.227,0.32,0.318,0.638,0.328,0.326,0.32,0.386,0.5,91.2
663330,Jahmai Jones,BOS,50 to 55,135,0.107,0.474,16.0,4.0,0.0,0.25,0.25,0.438,0.688,0.291,0.351,0.312,0.241,0.636,96.2
663330,Jahmai Jones,BOS,55 to 60,51,0.04,0.431,,,,,,,,,,,,,
641343,Jake Bauers,MIL,10 to 15,63,0.019,0.381,13.0,3.0,0.0,0.25,0.308,0.25,0.558,0.262,0.255,0.308,0.118,0.375,94.6
641343,Jake Bauers,MIL,15 to 20,126,0.039,0.357,19.0,3.0,2.0,0.158,0.158,0.526,0.684,0.276,0.301,0.421,0.25,0.636,92.1
641343,Jake Bauers,MIL,20 to 25,253,0.078,0.372,40.0,7.0,2.0,0.233,0.425,0.467,0.892,0.396,0.38,0.3,0.313,0.389,85.1
641343,Jake Bauers,MIL,25 to 30,365,0.112,0.414,56.0,16.0,5.0,0.356,0.482,0.733,1.215,0.505,0.441,0.25,0.217,0.677,97.1
641343,Jake Bauers,MIL,30 to 35,449,0.138,0.401,71.0,11.0,3.0,0.2,0.38,0.4,0.78,0.354,0.331,0.338,0.393,0.548,90.0
641343,Jake Bauers,MIL,35 to 40,539,0.166,0.421,89.0,20.0,4.0,0.27,0.382,0.541,0.923,0.393,0.38,0.225,0.226,0.527,91.9
641343,Jake Bauers,MIL,40 to 45,580,0.179,0.429,113.0,25.0,6.0,0.278,0.425,0.511,0.936,0.409,0.423,0.239,0.278,0.516,93.7
641343,Jake Bauers,MIL,45 to 50,360,0.111,0.431,61.0,12.0,1.0,0.222,0.311,0.315,0.626,0.287,0.336,0.279,0.3,0.421,89.9
641343,Jake Bauers,MIL,50 to 55,243,0.075,0.391,39.0,8.0,0.0,0.235,0.308,0.235,0.543,0.256,0.281,0.231,0.232,0.593,93.8
641343,Jake Bauers,MIL,55 to 60,103,0.032,0.408,21.0,9.0,3.0,0.474,0.524,1.0,1.524,0.669,0.533,0.286,0.323,0.5,93.3
641343,Jake Bauers,MIL,60 to 65,34,0.01,0.294,,,,,,,,,,,,,
641343,Jake Bauers,MIL,65 to 70,15,0.005,0.4,,,,,,,,,,,,,
641343,Jake Bauers,MIL,70 to 75,15,0.005,0.8,,,,,,,,,,,,,
669394,Jake Burger,TEX,0 to 5,19,0.005,0.579,,,,,,,,,,,,,
669394,Jake Burger,TEX,10 to 15,67,0.019,0.403,13.0,1.0,0.0,0.1,0.308,0.1,0.408,0.3,0.269,0.462,0.421,0.0,85.0
669394,Jake Burger,TEX,15 to 20,124,0.035,0.468,28.0,7.0,2.0,0.269,0.286,0.538,0.824,0.341,0.34,0.357,0.451,0.471,85.3
669394,Jake Burger,TEX,20 to 25,212,0.059,0.5,31.0,5.0,1.0,0.185,0.29,0.296,0.587,0.271,0.356,0.226,0.25,0.524,91.9
669394,Jake Burger,TEX,25 to 30,356,0.099,0.511,58.0,11.0,0.0,0.212,0.293,0.288,0.582,0.279,0.311,0.276,0.393,0.514,93.8
669394,Jake Burger,TEX,30 to 35,485,0.135,0.54,84.0,22.0,6.0,0.275,0.298,0.55,0.848,0.367,0.315,0.262,0.301,0.525,92.0
669394,Jake Burger,TEX,35 to 40,593,0.165,0.543,89.0,21.0,4.0,0.253,0.303,0.446,0.749,0.335,0.312,0.247,0.317,0.623,93.0
669394,Jake Burger,TEX,40 to 45,682,0.19,0.525,115.0,21.0,6.0,0.216,0.339,0.443,0.782,0.343,0.344,0.261,0.313,0.403,88.2
669394,Jake Burger,TEX,45 to 50,447,0.124,0.501,73.0,15.0,5.0,0.231,0.301,0.477,0.778,0.332,0.349,0.288,0.35,0.5,91.4
669394,Jake Burger,TEX,5 to 10,34,0.009,0.471,,,,,,,,,,,,,
669394,Jake Burger,TEX,50 to 55,314,0.087,0.503,57.0,12.0,2.0,0.226,0.281,0.377,0.658,0.289,0.25,0.281,0.32,0.297,85.8
669394,Jake Burger,TEX,55 to 60,128,0.036,0.461,18.0,3.0,0.0,0.214,0.389,0.357,0.746,0.344,0.404,0.222,0.278,0.3,88.5
669394,Jake Burger,TEX,60 to 65,42,0.012,0.476,,,,,,,,,,,,,
630105,Jake Cronenworth,SD,10 to 15,110,0.028,0.427,,,,,,,,,,,,,
630105,Jake Cronenworth,SD,15 to 20,152,0.039,0.454,16.0,2.0,0.0,0.143,0.25,0.143,0.393,0.256,0.274,0.25,0.222,0.2,76.2
630105,Jake Cronenworth,SD,20 to 25,305,0.079,0.462,32.0,6.0,0.0,0.194,0.219,0.29,0.509,0.223,0.288,0.219,0.203,0.583,95.1
630105,Jake Cronenworth,SD,25 to 30,416,0.108,0.425,52.0,11.0,1.0,0.239,0.327,0.326,0.653,0.316,0.267,0.25,0.193,0.424,88.0
630105,Jake Cronenworth,SD,30 to 35,479,0.124,0.407,40.0,8.0,0.0,0.229,0.325,0.257,0.582,0.276,0.271,0.325,0.286,0.227,86.2
630105,Jake Cronenworth,SD,35 to 40,623,0.161,0.425,68.0,17.0,2.0,0.279,0.333,0.443,0.776,0.345,0.241,0.235,0.195,0.277,85.9
630105,Jake Cronenworth,SD,40 to 45,602,0.156,0.45,67.0,15.0,1.0,0.254,0.343,0.305,0.648,0.306,0.29,0.254,0.208,0.22,83.2
630105,Jake Cronenworth,SD,45 to 50,493,0.128,0.452,59.0,12.0,1.0,0.226,0.305,0.34,0.645,0.301,0.275,0.136,0.204,0.286,83.2
630105,Jake Cronenworth,SD,5 to 10,65,0.017,0.385,,,,,,,,,,,,,
630105,Jake Cronenworth,SD,50 to 55,241,0.062,0.407,19.0,2.0,0.0,0.118,0.211,0.118,0.328,0.168,0.225,0.105,0.079,0.2,76.8
630105,Jake Cronenworth,SD,55 to 60,135,0.035,0.422,,,,,,,,,,,,,
630105,Jake Cronenworth,SD,60 to 65,63,0.016,0.476,,,,,,,,,,,,,
630105,Jake Cronenworth,SD,65 to 70,29,0.008,0.345,,,,,,,,,,,,,
641584,Jake Fraley,TB,-5 to 0,16,0.013,0.25,,,,,,,,,,,,,
641584,Jake Fraley,TB,10 to 15,30,0.024,0.5,,,,,,,,,,,,,
641584,Jake Fraley,TB,15 to 20,29,0.023,0.483,,,,,,,,,,,,,
641584,Jake Fraley,TB,20 to 25,61,0.049,0.426,,,,,,,,,,,,,
641584,Jake Fraley,TB,25 to 30,147,0.118,0.449,17.0,5.0,0.0,0.333,0.412,0.533,0.945,0.409,0.277,0.235,0.147,0.273,84.0
641584,Jake Fraley,TB,30 to 35,202,0.162,0.446,17.0,3.0,0.0,0.188,0.235,0.312,0.548,0.241,0.185,0.294,0.267,0.091,84.6
641584,Jake Fraley,TB,35 to 40,196,0.157,0.541,14.0,5.0,1.0,0.385,0.429,0.692,1.121,0.475,0.414,0.286,0.161,0.333,84.8
641584,Jake Fraley,TB,40 to 45,171,0.137,0.48,14.0,2.0,1.0,0.143,0.143,0.357,0.5,0.207,0.304,0.214,0.05,0.273,84.9
641584,Jake Fraley,TB,45 to 50,162,0.13,0.457,10.0,0.0,0.0,0.0,0.2,0.0,0.2,0.14,0.234,0.3,0.211,0.2,74.9
641584,Jake Fraley,TB,50 to 55,113,0.09,0.425,,,,,,,,,,,,,
641584,Jake Fraley,TB,55 to 60,46,0.037,0.457,,,,,,,,,,,,,
641584,Jake Fraley,TB,60 to 65,15,0.012,0.267,,,,,,,,,,,,,
663968,Jake Mangum,PIT,-10 to -5,16,0.005,0.5,,,,,,,,,,,,,
663968,Jake Mangum,PIT,-5 to 0,23,0.007,0.522,,,,,,,,,,,,,
663968,Jake Mangum,PIT,10 to 15,56,0.018,0.536,,,,,,,,,,,,,
663968,Jake Mangum,PIT,15 to 20,121,0.039,0.521,16.0,5.0,1.0,0.385,0.5,0.769,1.269,0.56,0.464,0.062,0.097,0.273,88.6
663968,Jake Mangum,PIT,20 to 25,222,0.071,0.559,32.0,9.0,0.0,0.333,0.419,0.444,0.864,0.444,0.321,0.125,0.111,0.333,86.9
663968,Jake Mangum,PIT,25 to 30,319,0.102,0.621,49.0,13.0,0.0,0.295,0.354,0.341,0.695,0.335,0.253,0.204,0.178,0.257,83.0
663968,Jake Mangum,PIT,30 to 35,492,0.157,0.583,67.0,18.0,0.0,0.281,0.299,0.344,0.642,0.284,0.245,0.209,0.186,0.373,85.3
663968,Jake Mangum,PIT,35 to 40,553,0.176,0.573,73.0,12.0,2.0,0.176,0.222,0.279,0.502,0.265,0.23,0.247,0.177,0.25,81.5
663968,Jake Mangum,PIT,40 to 45,504,0.16,0.597,78.0,20.0,0.0,0.29,0.372,0.319,0.691,0.332,0.37,0.103,0.172,0.262,84.6
663968,Jake Mangum,PIT,45 to 50,346,0.11,0.607,54.0,15.0,1.0,0.306,0.34,0.429,0.768,0.339,0.286,0.259,0.248,0.237,80.9
663968,Jake Mangum,PIT,5 to 10,24,0.008,0.875,,,,,,,,,,,,,
663968,Jake Mangum,PIT,50 to 55,244,0.078,0.615,39.0,12.0,1.0,0.333,0.385,0.472,0.857,0.377,0.28,0.256,0.188,0.222,79.8
663968,Jake Mangum,PIT,55 to 60,90,0.029,0.7,12.0,2.0,0.0,0.182,0.25,0.182,0.432,0.208,0.258,0.167,0.269,0.222,85.3
663968,Jake Mangum,PIT,60 to 65,32,0.01,0.719,,,,,,,,,,,,,
663968,Jake Mangum,PIT,65 to 70,16,0.005,0.562,,,,,,,,,,,,,
664983,Jake Mccarthy,COL,10 to 15,39,0.014,0.641,13.0,3.0,1.0,0.231,0.231,0.538,0.769,0.319,0.247,0.154,0.143,0.273,85.9
664983,Jake Mccarthy,COL,15 to 20,95,0.035,0.484,21.0,7.0,2.0,0.333,0.333,0.714,1.048,0.481,0.457,0.095,0.176,0.316,83.8
664983,Jake Mccarthy,COL,20 to 25,220,0.08,0.545,46.0,15.0,3.0,0.349,0.37,0.605,0.974,0.411,0.329,0.13,0.121,0.263,82.3
664983,Jake Mccarthy,COL,25 to 30,288,0.105,0.51,60.0,16.0,3.0,0.286,0.333,0.625,0.958,0.4,0.315,0.183,0.162,0.311,80.8
664983,Jake Mccarthy,COL,30 to 35,352,0.128,0.545,77.0,18.0,0.0,0.24,0.26,0.307,0.566,0.272,0.268,0.208,0.221,0.224,81.4
664983,Jake Mccarthy,COL,35 to 40,441,0.16,0.551,88.0,29.0,1.0,0.367,0.42,0.468,0.889,0.393,0.386,0.114,0.181,0.31,84.4
664983,Jake Mccarthy,COL,40 to 45,491,0.178,0.487,110.0,32.0,2.0,0.344,0.417,0.591,1.008,0.43,0.373,0.164,0.192,0.362,85.1
664983,Jake Mccarthy,COL,45 to 50,354,0.129,0.54,76.0,18.0,1.0,0.247,0.276,0.37,0.646,0.295,0.308,0.158,0.21,0.213,82.5
664983,Jake Mccarthy,COL,5 to 10,16,0.006,0.688,,,,,,,,,,,,,
664983,Jake Mccarthy,COL,50 to 55,181,0.066,0.525,29.0,8.0,1.0,0.32,0.379,0.6,0.979,0.407,0.265,0.276,0.281,0.333,84.9
664983,Jake Mccarthy,COL,55 to 60,111,0.04,0.55,22.0,6.0,0.0,0.273,0.273,0.409,0.682,0.293,0.253,0.136,0.2,0.316,85.2
664983,Jake Mccarthy,COL,60 to 65,39,0.014,0.615,,,,,,,,,,,,,
664983,Jake Mccarthy,COL,65 to 70,19,0.007,0.579,,,,,,,,,,,,,
676694,Jake Meyers,HOU,10 to 15,33,0.017,0.485,,,,,,,,,,,,,
676694,Jake Meyers,HOU,15 to 20,53,0.028,0.472,,,,,,,,,,,,,
676694,Jake Meyers,HOU,20 to 25,119,0.063,0.496,13.0,3.0,0.0,0.231,0.231,0.385,0.615,0.262,0.256,0.308,0.211,0.333,87.2
676694,Jake Meyers,HOU,25 to 30,211,0.112,0.464,15.0,2.0,1.0,0.143,0.2,0.357,0.557,0.24,0.323,0.267,0.156,0.3,85.4
676694,Jake Meyers,HOU,30 to 35,269,0.143,0.494,17.0,4.0,0.0,0.267,0.353,0.333,0.686,0.368,0.248,0.235,0.222,0.273,88.8
676694,Jake Meyers,HOU,35 to 40,322,0.171,0.5,29.0,12.0,1.0,0.429,0.448,0.607,1.055,0.459,0.336,0.069,0.214,0.385,86.6
676694,Jake Meyers,HOU,40 to 45,329,0.174,0.511,28.0,3.0,0.0,0.115,0.179,0.115,0.294,0.179,0.216,0.179,0.236,0.238,83.4
676694,Jake Meyers,HOU,45 to 50,237,0.126,0.435,19.0,3.0,0.0,0.176,0.211,0.294,0.505,0.263,0.233,0.211,0.182,0.214,82.7
676694,Jake Meyers,HOU,50 to 55,158,0.084,0.475,13.0,2.0,0.0,0.167,0.231,0.167,0.397,0.262,0.174,0.308,0.176,0.25,85.9
676694,Jake Meyers,HOU,55 to 60,68,0.036,0.397,,,,,,,,,,,,,
676694,Jake Meyers,HOU,60 to 65,36,0.019,0.583,,,,,,,,,,,,,
676694,Jake Meyers,HOU,65 to 70,19,0.01,0.263,,,,,,,,,,,,,
668670,Jake Rogers,CWS,10 to 15,26,0.021,0.538,,,,,,,,,,,,,
668670,Jake Rogers,CWS,15 to 20,48,0.038,0.396,,,,,,,,,,,,,
668670,Jake Rogers,CWS,20 to 25,66,0.052,0.409,10.0,2.0,0.0,0.222,0.3,0.222,0.522,0.25,0.323,0.2,0.125,0.429,93.6
668670,Jake Rogers,CWS,25 to 30,107,0.085,0.43,11.0,0.0,0.0,0.0,0.182,0.0,0.182,0.127,0.198,0.364,0.24,0.4,90.5
668670,Jake Rogers,CWS,30 to 35,191,0.152,0.429,27.0,3.0,1.0,0.13,0.259,0.304,0.564,0.257,0.223,0.37,0.386,0.308,81.2
668670,Jake Rogers,CWS,35 to 40,230,0.183,0.439,26.0,2.0,0.0,0.087,0.192,0.13,0.323,0.163,0.226,0.308,0.288,0.2,83.1
668670,Jake Rogers,CWS,40 to 45,197,0.157,0.396,29.0,1.0,0.0,0.042,0.207,0.042,0.249,0.157,0.282,0.345,0.302,0.231,82.8
668670,Jake Rogers,CWS,45 to 50,186,0.148,0.468,27.0,6.0,0.0,0.273,0.308,0.318,0.626,0.283,0.221,0.148,0.149,0.333,85.5
668670,Jake Rogers,CWS,50 to 55,108,0.086,0.38,11.0,3.0,3.0,0.273,0.273,1.091,1.364,0.545,0.36,0.455,0.15,0.667,95.8
668670,Jake Rogers,CWS,55 to 60,53,0.042,0.453,15.0,3.0,0.0,0.25,0.4,0.417,0.817,0.367,0.326,0.267,0.188,0.5,92.3
668670,Jake Rogers,CWS,60 to 65,18,0.014,0.5,,,,,,,,,,,,,
805300,Jakob Marsee,MIA,10 to 15,58,0.018,0.397,10.0,1.0,0.0,0.111,0.2,0.111,0.311,0.16,0.195,0.4,0.308,0.6,86.4
805300,Jakob Marsee,MIA,15 to 20,123,0.038,0.407,29.0,7.0,0.0,0.292,0.414,0.292,0.705,0.338,0.319,0.172,0.135,0.474,88.0
805300,Jakob Marsee,MIA,20 to 25,209,0.065,0.455,49.0,11.0,2.0,0.289,0.438,0.553,0.99,0.45,0.417,0.102,0.074,0.406,86.4
805300,Jakob Marsee,MIA,25 to 30,324,0.101,0.438,62.0,10.0,2.0,0.175,0.23,0.316,0.545,0.259,0.273,0.161,0.138,0.408,86.7
805300,Jakob Marsee,MIA,30 to 35,404,0.126,0.431,76.0,19.0,3.0,0.288,0.373,0.439,0.813,0.368,0.311,0.211,0.173,0.3,84.8
805300,Jakob Marsee,MIA,35 to 40,529,0.164,0.427,89.0,17.0,2.0,0.218,0.307,0.359,0.666,0.314,0.288,0.225,0.181,0.424,88.4
805300,Jakob Marsee,MIA,40 to 45,576,0.179,0.377,105.0,19.0,1.0,0.213,0.333,0.303,0.637,0.297,0.3,0.2,0.154,0.338,85.0
805300,Jakob Marsee,MIA,45 to 50,393,0.122,0.379,67.0,13.0,1.0,0.241,0.388,0.352,0.74,0.353,0.323,0.239,0.127,0.179,81.7
805300,Jakob Marsee,MIA,5 to 10,35,0.011,0.429,,,,,,,,,,,,,
805300,Jakob Marsee,MIA,50 to 55,241,0.075,0.386,49.0,9.0,0.0,0.214,0.327,0.357,0.684,0.327,0.334,0.265,0.224,0.276,85.1
805300,Jakob Marsee,MIA,55 to 60,149,0.046,0.389,26.0,6.0,0.0,0.286,0.423,0.381,0.804,0.369,0.327,0.192,0.111,0.312,84.8
805300,Jakob Marsee,MIA,60 to 65,62,0.019,0.387,,,,,,,,,,,,,
805300,Jakob Marsee,MIA,65 to 70,34,0.011,0.471,,,,,,,,,,,,,
543510,James Mccann,AZ,15 to 20,29,0.027,0.448,,,,,,,,,,,,,
543510,James Mccann,AZ,20 to 25,68,0.063,0.485,,,,,,,,,,,,,
543510,James Mccann,AZ,25 to 30,84,0.078,0.512,10.0,4.0,0.0,0.4,0.4,0.5,0.9,0.395,0.445,0.3,0.312,0.571,95.8
543510,James Mccann,AZ,30 to 35,145,0.135,0.545,22.0,8.0,0.0,0.381,0.381,0.524,0.905,0.402,0.321,0.091,0.25,0.4,84.7
543510,James Mccann,AZ,35 to 40,164,0.153,0.433,21.0,5.0,2.0,0.238,0.238,0.571,0.81,0.336,0.263,0.333,0.302,0.643,94.0
543510,James Mccann,AZ,40 to 45,175,0.163,0.543,32.0,6.0,0.0,0.194,0.219,0.194,0.412,0.191,0.208,0.281,0.322,0.318,86.4
543510,James Mccann,AZ,45 to 50,166,0.155,0.518,27.0,6.0,1.0,0.25,0.296,0.417,0.713,0.339,0.31,0.296,0.318,0.529,89.5
543510,James Mccann,AZ,50 to 55,98,0.091,0.51,11.0,3.0,1.0,0.333,0.455,0.667,1.121,0.473,0.284,0.273,0.318,0.167,80.6
543510,James Mccann,AZ,55 to 60,50,0.047,0.44,,,,,,,,,,,,,
681546,James Outman,DET,10 to 15,24,0.019,0.625,,,,,,,,,,,,,
681546,James Outman,DET,15 to 20,53,0.041,0.434,,,,,,,,,,,,,
681546,James Outman,DET,20 to 25,102,0.079,0.49,20.0,4.0,0.0,0.211,0.25,0.263,0.513,0.232,0.226,0.4,0.405,0.455,90.7
681546,James Outman,DET,25 to 30,178,0.137,0.466,20.0,4.0,0.0,0.211,0.25,0.316,0.566,0.263,0.16,0.55,0.4,0.143,83.6
681546,James Outman,DET,30 to 35,185,0.143,0.519,20.0,1.0,0.0,0.056,0.15,0.056,0.206,0.115,0.149,0.4,0.447,0.4,88.2
681546,James Outman,DET,35 to 40,226,0.174,0.473,28.0,5.0,0.0,0.192,0.25,0.269,0.519,0.244,0.202,0.393,0.404,0.357,85.3
681546,James Outman,DET,40 to 45,218,0.168,0.491,29.0,5.0,1.0,0.185,0.241,0.407,0.649,0.278,0.257,0.414,0.377,0.267,87.2
681546,James Outman,DET,45 to 50,140,0.108,0.5,20.0,2.0,1.0,0.118,0.25,0.294,0.544,0.263,0.318,0.4,0.368,0.25,84.4
681546,James Outman,DET,50 to 55,81,0.062,0.494,,,,,,,,,,,,,
681546,James Outman,DET,55 to 60,49,0.038,0.531,,,,,,,,,,,,,
695578,James Wood,WSH,10 to 15,103,0.019,0.379,12.0,4.0,0.0,0.444,0.583,0.444,1.028,0.475,0.404,0.25,0.45,0.833,95.5
695578,James Wood,WSH,15 to 20,193,0.035,0.342,22.0,4.0,0.0,0.222,0.364,0.278,0.641,0.307,0.373,0.273,0.231,0.5,97.0
695578,James Wood,WSH,20 to 25,368,0.067,0.359,36.0,7.0,4.0,0.259,0.444,0.704,1.148,0.472,0.493,0.25,0.306,0.556,93.7
695578,James Wood,WSH,25 to 30,584,0.106,0.411,72.0,16.0,2.0,0.271,0.389,0.458,0.847,0.377,0.383,0.292,0.287,0.605,97.0
695578,James Wood,WSH,30 to 35,712,0.129,0.399,78.0,22.0,1.0,0.31,0.372,0.465,0.837,0.383,0.383,0.256,0.26,0.58,94.4
695578,James Wood,WSH,35 to 40,981,0.178,0.399,100.0,18.0,4.0,0.234,0.4,0.455,0.855,0.378,0.404,0.29,0.344,0.612,94.7
695578,James Wood,WSH,40 to 45,968,0.176,0.394,106.0,19.0,7.0,0.218,0.358,0.483,0.841,0.375,0.391,0.292,0.263,0.5,93.4
695578,James Wood,WSH,45 to 50,648,0.118,0.383,72.0,15.0,4.0,0.234,0.319,0.438,0.757,0.331,0.374,0.361,0.273,0.605,94.6
695578,James Wood,WSH,5 to 10,53,0.01,0.396,,,,,,,,,,,,,
695578,James Wood,WSH,50 to 55,406,0.074,0.369,36.0,10.0,5.0,0.323,0.389,0.935,1.324,0.519,0.576,0.306,0.213,0.727,101.3
695578,James Wood,WSH,55 to 60,197,0.036,0.406,19.0,7.0,1.0,0.412,0.421,0.765,1.186,0.482,0.34,0.263,0.333,0.538,95.4
695578,James Wood,WSH,60 to 65,78,0.014,0.385,13.0,1.0,0.0,0.083,0.154,0.083,0.237,0.123,0.235,0.538,0.267,0.6,89.0
695578,James Wood,WSH,65 to 70,28,0.005,0.429,,,,,,,,,,,,,
669707,Jared Triolo,PIT,-5 to 0,16,0.006,0.375,,,,,,,,,,,,,
669707,Jared Triolo,PIT,0 to 5,18,0.006,0.333,,,,,,,,,,,,,
669707,Jared Triolo,PIT,10 to 15,37,0.013,0.486,,,,,,,,,,,,,
669707,Jared Triolo,PIT,15 to 20,95,0.034,0.463,12.0,2.0,1.0,0.222,0.273,0.556,0.828,0.345,0.314,0.167,0.174,0.333,83.7
669707,Jared Triolo,PIT,20 to 25,195,0.07,0.395,32.0,7.0,0.0,0.25,0.344,0.25,0.594,0.284,0.244,0.25,0.25,0.25,78.5
669707,Jared Triolo,PIT,25 to 30,264,0.095,0.443,38.0,5.0,0.0,0.147,0.237,0.235,0.472,0.22,0.271,0.237,0.211,0.24,83.3
669707,Jared Triolo,PIT,30 to 35,361,0.13,0.443,40.0,4.0,1.0,0.111,0.2,0.194,0.394,0.232,0.215,0.175,0.136,0.241,84.5
669707,Jared Triolo,PIT,35 to 40,424,0.152,0.472,53.0,12.0,0.0,0.255,0.34,0.277,0.616,0.29,0.264,0.302,0.25,0.29,83.2
669707,Jared Triolo,PIT,40 to 45,431,0.155,0.483,60.0,11.0,1.0,0.196,0.25,0.268,0.518,0.277,0.292,0.167,0.186,0.311,82.6
669707,Jared Triolo,PIT,45 to 50,394,0.141,0.421,44.0,16.0,0.0,0.421,0.5,0.526,1.026,0.47,0.34,0.136,0.143,0.387,88.4
669707,Jared Triolo,PIT,5 to 10,37,0.013,0.351,,,,,,,,,,,,,
669707,Jared Triolo,PIT,50 to 55,248,0.089,0.476,26.0,5.0,0.0,0.192,0.192,0.231,0.423,0.221,0.312,0.154,0.192,0.565,90.3
669707,Jared Triolo,PIT,55 to 60,121,0.043,0.504,14.0,6.0,0.0,0.429,0.429,0.5,0.929,0.411,0.354,0.214,0.227,0.455,90.5
669707,Jared Triolo,PIT,60 to 65,60,0.022,0.567,,,,,,,,,,,,,
669707,Jared Triolo,PIT,65 to 70,27,0.01,0.37,,,,,,,,,,,,,
676724,Jared Young,NYM,10 to 15,20,0.013,0.35,,,,,,,,,,,,,
676724,Jared Young,NYM,15 to 20,61,0.04,0.443,16.0,9.0,1.0,0.6,0.562,0.867,1.429,0.597,0.514,0.125,0.174,0.643,92.6
676724,Jared Young,NYM,20 to 25,168,0.11,0.512,37.0,10.0,2.0,0.294,0.351,0.529,0.881,0.378,0.325,0.135,0.2,0.517,92.5
676724,Jared Young,NYM,25 to 30,160,0.105,0.463,36.0,9.0,1.0,0.29,0.389,0.419,0.808,0.388,0.332,0.111,0.219,0.333,84.3
676724,Jared Young,NYM,30 to 35,224,0.147,0.509,49.0,10.0,1.0,0.217,0.245,0.37,0.614,0.282,0.254,0.143,0.224,0.35,85.2
676724,Jared Young,NYM,35 to 40,272,0.179,0.445,54.0,15.0,2.0,0.3,0.352,0.48,0.832,0.369,0.315,0.259,0.146,0.629,94.4
676724,Jared Young,NYM,40 to 45,238,0.156,0.5,54.0,7.0,0.0,0.143,0.222,0.265,0.488,0.22,0.241,0.333,0.284,0.387,88.0
676724,Jared Young,NYM,45 to 50,146,0.096,0.486,39.0,10.0,0.0,0.294,0.359,0.412,0.771,0.338,0.307,0.103,0.164,0.484,89.7
676724,Jared Young,NYM,5 to 10,17,0.011,0.471,,,,,,,,,,,,,
676724,Jared Young,NYM,50 to 55,87,0.057,0.414,16.0,0.0,0.0,0.0,0.125,0.0,0.125,0.144,0.289,0.25,0.25,0.5,92.0
676724,Jared Young,NYM,55 to 60,55,0.036,0.509,16.0,8.0,1.0,0.5,0.5,0.75,1.25,0.541,0.374,0.125,0.192,0.462,93.2
676724,Jared Young,NYM,60 to 65,29,0.019,0.379,,,,,,,,,,,,,
672284,Jarred Kelenic,TEX,10 to 15,25,0.043,0.52,,,,,,,,,,,,,
672284,Jarred Kelenic,TEX,20 to 25,35,0.06,0.457,,,,,,,,,,,,,
672284,Jarred Kelenic,TEX,25 to 30,43,0.074,0.395,,,,,,,,,,,,,
672284,Jarred Kelenic,TEX,30 to 35,106,0.182,0.415,16.0,2.0,0.0,0.154,0.312,0.154,0.466,0.244,0.471,0.312,0.333,0.375,89.4
672284,Jarred Kelenic,TEX,35 to 40,87,0.149,0.575,17.0,3.0,0.0,0.214,0.353,0.357,0.71,0.324,0.411,0.353,0.429,0.875,101.0
672284,Jarred Kelenic,TEX,40 to 45,81,0.139,0.481,12.0,3.0,0.0,0.25,0.25,0.25,0.5,0.225,0.219,0.417,0.32,0.429,83.7
672284,Jarred Kelenic,TEX,45 to 50,88,0.151,0.557,15.0,2.0,0.0,0.143,0.2,0.143,0.343,0.167,0.116,0.6,0.56,0.4,86.3
672284,Jarred Kelenic,TEX,5 to 10,17,0.029,0.529,,,,,,,,,,,,,
672284,Jarred Kelenic,TEX,50 to 55,34,0.058,0.353,,,,,,,,,,,,,
672284,Jarred Kelenic,TEX,55 to 60,21,0.036,0.333,,,,,,,,,,,,,
680776,Jarren Duran,BOS,-5 to 0,20,0.004,0.45,,,,,,,,,,,,,
680776,Jarren Duran,BOS,0 to 5,15,0.003,0.533,,,,,,,,,,,,,
680776,Jarren Duran,BOS,10 to 15,81,0.017,0.432,11.0,2.0,0.0,0.182,0.182,0.182,0.364,0.18,0.274,0.455,0.5,0.667,98.3
680776,Jarren Duran,BOS,15 to 20,121,0.025,0.488,16.0,5.0,1.0,0.357,0.438,0.643,1.08,0.49,0.51,0.312,0.231,0.5,91.2
680776,Jarren Duran,BOS,20 to 25,293,0.061,0.454,25.0,4.0,0.0,0.182,0.28,0.182,0.462,0.228,0.299,0.2,0.323,0.412,89.4
680776,Jarren Duran,BOS,25 to 30,423,0.087,0.48,57.0,14.0,4.0,0.269,0.333,0.558,0.891,0.378,0.362,0.246,0.277,0.474,90.1
680776,Jarren Duran,BOS,30 to 35,630,0.13,0.527,91.0,21.0,3.0,0.256,0.319,0.402,0.721,0.317,0.31,0.242,0.327,0.279,85.0
680776,Jarren Duran,BOS,35 to 40,857,0.177,0.494,103.0,14.0,3.0,0.149,0.198,0.277,0.475,0.241,0.221,0.369,0.367,0.404,88.1
680776,Jarren Duran,BOS,40 to 45,880,0.182,0.501,109.0,18.0,4.0,0.189,0.257,0.358,0.615,0.274,0.316,0.248,0.294,0.403,89.4
680776,Jarren Duran,BOS,45 to 50,592,0.122,0.468,75.0,15.0,3.0,0.217,0.267,0.406,0.672,0.293,0.301,0.28,0.276,0.408,90.4
680776,Jarren Duran,BOS,5 to 10,45,0.009,0.422,,,,,,,,,,,,,
680776,Jarren Duran,BOS,50 to 55,442,0.091,0.486,42.0,10.0,1.0,0.244,0.262,0.439,0.701,0.299,0.363,0.214,0.312,0.455,90.4
680776,Jarren Duran,BOS,55 to 60,227,0.047,0.458,23.0,2.0,0.0,0.095,0.174,0.19,0.364,0.209,0.214,0.348,0.263,0.538,89.5
680776,Jarren Duran,BOS,60 to 65,74,0.015,0.486,10.0,1.0,1.0,0.1,0.1,0.4,0.5,0.2,0.214,0.2,0.25,0.25,86.8
680776,Jarren Duran,BOS,65 to 70,39,0.008,0.487,,,,,,,,,,,,,
687749,Jase Bowen,SD,10 to 15,26,0.075,0.462,,,,,,,,,,,,,
687749,Jase Bowen,SD,15 to 20,23,0.066,0.261,,,,,,,,,,,,,
687749,Jase Bowen,SD,20 to 25,34,0.098,0.588,11.0,1.0,0.0,0.111,0.2,0.111,0.311,0.18,0.222,0.364,0.4,0.333,68.3
687749,Jase Bowen,SD,25 to 30,19,0.055,0.474,,,,,,,,,,,,,
687749,Jase Bowen,SD,30 to 35,36,0.104,0.5,10.0,2.0,1.0,0.2,0.2,0.5,0.7,0.29,0.16,0.5,0.389,0.2,79.5
687749,Jase Bowen,SD,35 to 40,33,0.095,0.485,10.0,0.0,0.0,0.0,0.0,0.0,0.0,0.0,0.106,0.6,0.375,0.5,93.0
687749,Jase Bowen,SD,40 to 45,77,0.223,0.61,27.0,2.0,0.0,0.077,0.111,0.077,0.188,0.093,0.303,0.333,0.362,0.353,85.4
687749,Jase Bowen,SD,45 to 50,47,0.136,0.447,13.0,5.0,1.0,0.417,0.462,0.75,1.212,0.512,0.427,0.308,0.429,0.625,91.5
687749,Jase Bowen,SD,50 to 55,24,0.069,0.458,,,,,,,,,,,,,
691176,Jasson Domínguez,NYY,10 to 15,50,0.02,0.56,,,,,,,,,,,,,
691176,Jasson Domínguez,NYY,15 to 20,48,0.019,0.542,,,,,,,,,,,,,
691176,Jasson Domínguez,NYY,20 to 25,147,0.058,0.51,,,,,,,,,,,,,
691176,Jasson Domínguez,NYY,25 to 30,244,0.097,0.512,25.0,6.0,0.0,0.25,0.28,0.292,0.572,0.269,0.203,0.24,0.154,0.412,92.0
691176,Jasson Domínguez,NYY,30 to 35,365,0.144,0.507,31.0,7.0,1.0,0.241,0.29,0.448,0.739,0.347,0.297,0.097,0.183,0.308,87.5
691176,Jasson Domínguez,NYY,35 to 40,542,0.215,0.526,56.0,9.0,1.0,0.17,0.214,0.283,0.497,0.225,0.286,0.214,0.25,0.4,89.4
691176,Jasson Domínguez,NYY,40 to 45,403,0.16,0.533,37.0,10.0,3.0,0.278,0.297,0.583,0.881,0.37,0.315,0.162,0.211,0.367,87.0
691176,Jasson Domínguez,NYY,45 to 50,291,0.115,0.495,28.0,6.0,1.0,0.222,0.25,0.407,0.657,0.282,0.321,0.321,0.283,0.278,81.2
691176,Jasson Domínguez,NYY,5 to 10,23,0.009,0.304,,,,,,,,,,,,,
691176,Jasson Domínguez,NYY,50 to 55,196,0.078,0.454,12.0,3.0,0.0,0.25,0.25,0.333,0.583,0.312,0.252,0.25,0.16,0.625,90.4
691176,Jasson Domínguez,NYY,55 to 60,112,0.044,0.446,,,,,,,,,,,,,
691176,Jasson Domínguez,NYY,60 to 65,39,0.015,0.487,,,,,,,,,,,,,
595879,Javier Báez,DET,10 to 15,44,0.02,0.432,,,,,,,,,,,,,
595879,Javier Báez,DET,15 to 20,99,0.045,0.545,,,,,,,,,,,,,
595879,Javier Báez,DET,20 to 25,123,0.055,0.48,15.0,3.0,0.0,0.214,0.267,0.286,0.552,0.31,0.203,0.133,0.16,0.25,86.8
595879,Javier Báez,DET,25 to 30,235,0.106,0.511,24.0,9.0,0.0,0.391,0.417,0.478,0.895,0.396,0.396,0.083,0.267,0.476,85.5
595879,Javier Báez,DET,30 to 35,327,0.147,0.554,30.0,4.0,0.0,0.138,0.133,0.207,0.34,0.143,0.168,0.2,0.279,0.292,85.1
595879,Javier Báez,DET,35 to 40,362,0.163,0.586,26.0,6.0,1.0,0.231,0.231,0.423,0.654,0.277,0.332,0.269,0.358,0.4,87.7
595879,Javier Báez,DET,40 to 45,381,0.172,0.541,30.0,6.0,1.0,0.222,0.3,0.444,0.744,0.322,0.299,0.2,0.207,0.238,85.0
595879,Javier Báez,DET,45 to 50,265,0.119,0.6,20.0,2.0,0.0,0.111,0.2,0.167,0.367,0.178,0.244,0.2,0.25,0.214,76.4
595879,Javier Báez,DET,5 to 10,24,0.011,0.708,,,,,,,,,,,,,
595879,Javier Báez,DET,50 to 55,192,0.086,0.547,17.0,3.0,1.0,0.176,0.176,0.412,0.588,0.244,0.223,0.294,0.344,0.417,85.4
595879,Javier Báez,DET,55 to 60,106,0.048,0.538,,,,,,,,,,,,,
595879,Javier Báez,DET,60 to 65,17,0.008,0.412,,,,,,,,,,,,,
691594,Javier Sanoja,MIA,10 to 15,67,0.024,0.507,14.0,4.0,1.0,0.308,0.308,0.615,0.923,0.404,0.393,0.0,0.042,0.214,80.4
691594,Javier Sanoja,MIA,15 to 20,113,0.04,0.389,14.0,7.0,0.0,0.5,0.5,0.571,1.071,0.539,0.375,0.0,0.032,0.286,88.5
691594,Javier Sanoja,MIA,20 to 25,206,0.072,0.5,53.0,7.0,1.0,0.149,0.245,0.255,0.501,0.237,0.269,0.094,0.127,0.244,80.5
691594,Javier Sanoja,MIA,25 to 30,243,0.085,0.465,40.0,10.0,1.0,0.263,0.3,0.421,0.721,0.331,0.307,0.175,0.154,0.333,90.5
691594,Javier Sanoja,MIA,30 to 35,378,0.133,0.503,53.0,17.0,1.0,0.321,0.321,0.509,0.83,0.373,0.296,0.057,0.094,0.32,86.4
691594,Javier Sanoja,MIA,35 to 40,444,0.156,0.514,87.0,25.0,3.0,0.305,0.333,0.512,0.846,0.382,0.256,0.046,0.084,0.316,85.6
691594,Javier Sanoja,MIA,40 to 45,414,0.145,0.5,68.0,16.0,0.0,0.258,0.324,0.323,0.646,0.321,0.286,0.059,0.119,0.207,84.6
691594,Javier Sanoja,MIA,45 to 50,388,0.136,0.466,55.0,15.0,1.0,0.288,0.327,0.442,0.77,0.352,0.299,0.073,0.126,0.469,88.7
691594,Javier Sanoja,MIA,5 to 10,17,0.006,0.412,,,,,,,,,,,,,
691594,Javier Sanoja,MIA,50 to 55,269,0.094,0.539,37.0,13.0,1.0,0.371,0.405,0.6,1.005,0.443,0.336,0.135,0.104,0.483,91.9
691594,Javier Sanoja,MIA,55 to 60,125,0.044,0.44,19.0,6.0,0.0,0.333,0.368,0.444,0.813,0.405,0.298,0.053,0.033,0.353,87.0
691594,Javier Sanoja,MIA,60 to 65,59,0.021,0.525,,,,,,,,,,,,,
691594,Javier Sanoja,MIA,65 to 70,35,0.012,0.543,,,,,,,,,,,,,
665862,Jazz Chisholm,NYY,0 to 5,16,0.004,0.562,,,,,,,,,,,,,
665862,Jazz Chisholm,NYY,10 to 15,81,0.019,0.407,,,,,,,,,,,,,
665862,Jazz Chisholm,NYY,15 to 20,116,0.027,0.526,17.0,4.0,0.0,0.235,0.235,0.235,0.471,0.212,0.27,0.353,0.12,0.455,89.0
665862,Jazz Chisholm,NYY,20 to 25,243,0.056,0.523,20.0,5.0,1.0,0.278,0.35,0.5,0.85,0.368,0.325,0.1,0.178,0.25,84.5
665862,Jazz Chisholm,NYY,25 to 30,407,0.094,0.435,43.0,14.0,6.0,0.359,0.419,0.821,1.239,0.524,0.479,0.233,0.311,0.607,93.1
665862,Jazz Chisholm,NYY,30 to 35,611,0.142,0.462,64.0,9.0,2.0,0.158,0.25,0.298,0.548,0.248,0.233,0.312,0.358,0.306,88.9
665862,Jazz Chisholm,NYY,35 to 40,855,0.198,0.454,115.0,21.0,4.0,0.214,0.322,0.418,0.74,0.335,0.309,0.304,0.278,0.508,89.9
665862,Jazz Chisholm,NYY,40 to 45,646,0.15,0.446,78.0,16.0,2.0,0.225,0.282,0.352,0.634,0.28,0.298,0.333,0.302,0.426,89.4
665862,Jazz Chisholm,NYY,45 to 50,504,0.117,0.442,60.0,12.0,3.0,0.24,0.367,0.48,0.847,0.369,0.313,0.217,0.217,0.395,87.0
665862,Jazz Chisholm,NYY,5 to 10,42,0.01,0.429,,,,,,,,,,,,,
665862,Jazz Chisholm,NYY,50 to 55,393,0.091,0.466,51.0,8.0,0.0,0.174,0.235,0.174,0.409,0.196,0.224,0.333,0.319,0.467,90.5
665862,Jazz Chisholm,NYY,55 to 60,186,0.043,0.484,22.0,5.0,1.0,0.238,0.273,0.476,0.749,0.318,0.175,0.318,0.279,0.357,88.4
665862,Jazz Chisholm,NYY,60 to 65,82,0.019,0.427,15.0,4.0,0.0,0.308,0.4,0.308,0.708,0.333,0.225,0.2,0.35,0.1,81.5
665862,Jazz Chisholm,NYY,65 to 70,20,0.005,0.6,,,,,,,,,,,,,
643446,Jeff Mcneil,ATH,10 to 15,64,0.018,0.5,,,,,,,,,,,,,
643446,Jeff Mcneil,ATH,15 to 20,131,0.038,0.634,17.0,4.0,2.0,0.267,0.353,0.667,1.02,0.476,0.39,0.0,0.146,0.267,81.2
643446,Jeff Mcneil,ATH,20 to 25,177,0.051,0.616,27.0,8.0,1.0,0.296,0.296,0.444,0.741,0.32,0.327,0.037,0.08,0.346,89.2
643446,Jeff Mcneil,ATH,25 to 30,322,0.092,0.581,48.0,9.0,0.0,0.214,0.292,0.286,0.577,0.264,0.324,0.146,0.178,0.222,88.0
643446,Jeff Mcneil,ATH,30 to 35,501,0.144,0.597,87.0,21.0,0.0,0.259,0.279,0.309,0.588,0.263,0.264,0.138,0.114,0.278,85.2
643446,Jeff Mcneil,ATH,35 to 40,649,0.186,0.532,96.0,22.0,1.0,0.247,0.302,0.371,0.673,0.307,0.298,0.125,0.118,0.364,86.4
643446,Jeff Mcneil,ATH,40 to 45,567,0.162,0.554,76.0,22.0,2.0,0.31,0.342,0.408,0.751,0.364,0.338,0.105,0.15,0.333,85.5
643446,Jeff Mcneil,ATH,45 to 50,433,0.124,0.527,60.0,12.0,0.0,0.218,0.283,0.236,0.52,0.244,0.258,0.117,0.132,0.25,87.6
643446,Jeff Mcneil,ATH,5 to 10,33,0.009,0.697,,,,,,,,,,,,,
643446,Jeff Mcneil,ATH,50 to 55,279,0.08,0.559,41.0,9.0,1.0,0.237,0.293,0.342,0.635,0.284,0.253,0.146,0.167,0.219,80.7
643446,Jeff Mcneil,ATH,55 to 60,148,0.042,0.52,21.0,7.0,0.0,0.368,0.429,0.421,0.85,0.383,0.312,0.095,0.156,0.294,86.8
643446,Jeff Mcneil,ATH,60 to 65,30,0.009,0.467,,,,,,,,,,,,,
643446,Jeff Mcneil,ATH,65 to 70,16,0.005,0.688,,,,,,,,,,,,,
600869,Jeimer Candelario,LAA,10 to 15,16,0.035,0.5,,,,,,,,,,,,,
600869,Jeimer Candelario,LAA,15 to 20,30,0.066,0.4,,,,,,,,,,,,,
600869,Jeimer Candelario,LAA,20 to 25,39,0.085,0.564,,,,,,,,,,,,,
600869,Jeimer Candelario,LAA,25 to 30,60,0.131,0.65,,,,,,,,,,,,,
600869,Jeimer Candelario,LAA,30 to 35,67,0.146,0.522,,,,,,,,,,,,,
600869,Jeimer Candelario,LAA,35 to 40,46,0.1,0.435,,,,,,,,,,,,,
600869,Jeimer Candelario,LAA,40 to 45,75,0.164,0.52,,,,,,,,,,,,,
600869,Jeimer Candelario,LAA,45 to 50,52,0.114,0.442,,,,,,,,,,,,,
600869,Jeimer Candelario,LAA,50 to 55,35,0.076,0.514,,,,,,,,,,,,,
666464,Jerar Encarnacion,SF,15 to 20,23,0.067,0.261,,,,,,,,,,,,,
666464,Jerar Encarnacion,SF,20 to 25,23,0.067,0.652,,,,,,,,,,,,,
666464,Jerar Encarnacion,SF,25 to 30,41,0.119,0.439,,,,,,,,,,,,,
666464,Jerar Encarnacion,SF,30 to 35,48,0.14,0.583,,,,,,,,,,,,,
666464,Jerar Encarnacion,SF,35 to 40,41,0.119,0.561,,,,,,,,,,,,,
666464,Jerar Encarnacion,SF,40 to 45,52,0.151,0.538,,,,,,,,,,,,,
666464,Jerar Encarnacion,SF,45 to 50,45,0.131,0.489,,,,,,,,,,,,,
666464,Jerar Encarnacion,SF,50 to 55,31,0.09,0.452,,,,,,,,,,,,,
666464,Jerar Encarnacion,SF,55 to 60,16,0.047,0.625,,,,,,,,,,,,,
669236,Jeremiah Jackson,BAL,10 to 15,37,0.021,0.649,,,,,,,,,,,,,
669236,Jeremiah Jackson,BAL,15 to 20,77,0.045,0.468,13.0,4.0,1.0,0.333,0.385,0.583,0.968,0.415,0.477,0.231,0.24,0.667,92.5
669236,Jeremiah Jackson,BAL,20 to 25,102,0.059,0.559,12.0,5.0,1.0,0.417,0.417,0.833,1.25,0.525,0.426,0.167,0.156,0.4,86.7
669236,Jeremiah Jackson,BAL,25 to 30,182,0.105,0.571,32.0,4.0,0.0,0.129,0.156,0.226,0.382,0.223,0.204,0.219,0.234,0.333,88.8
669236,Jeremiah Jackson,BAL,30 to 35,266,0.154,0.605,45.0,9.0,0.0,0.205,0.205,0.227,0.432,0.217,0.205,0.267,0.28,0.176,84.1
669236,Jeremiah Jackson,BAL,35 to 40,277,0.16,0.574,41.0,6.0,1.0,0.15,0.146,0.225,0.371,0.159,0.248,0.195,0.231,0.364,85.8
669236,Jeremiah Jackson,BAL,40 to 45,292,0.169,0.551,59.0,10.0,1.0,0.179,0.22,0.232,0.452,0.222,0.251,0.271,0.352,0.35,92.2
669236,Jeremiah Jackson,BAL,45 to 50,214,0.124,0.481,31.0,10.0,3.0,0.345,0.355,0.793,1.148,0.48,0.414,0.194,0.235,0.565,92.2
669236,Jeremiah Jackson,BAL,50 to 55,118,0.068,0.517,11.0,4.0,1.0,0.4,0.364,0.8,1.164,0.459,0.292,0.091,0.261,0.3,85.7
669236,Jeremiah Jackson,BAL,55 to 60,55,0.032,0.564,11.0,3.0,0.0,0.273,0.273,0.273,0.545,0.245,0.316,0.091,0.105,0.7,95.9
669236,Jeremiah Jackson,BAL,60 to 65,20,0.012,0.5,,,,,,,,,,,,,
669236,Jeremiah Jackson,BAL,65 to 70,15,0.009,0.6,,,,,,,,,,,,,
665161,Jeremy Peña,HOU,10 to 15,68,0.02,0.515,,,,,,,,,,,,,
665161,Jeremy Peña,HOU,15 to 20,120,0.034,0.492,13.0,3.0,0.0,0.231,0.231,0.231,0.462,0.277,0.343,0.231,0.292,0.3,90.2
665161,Jeremy Peña,HOU,20 to 25,220,0.063,0.541,22.0,6.0,1.0,0.286,0.318,0.476,0.794,0.343,0.283,0.364,0.373,0.308,86.2
665161,Jeremy Peña,HOU,25 to 30,346,0.099,0.54,38.0,11.0,2.0,0.324,0.395,0.529,0.924,0.401,0.41,0.105,0.253,0.4,90.0
665161,Jeremy Peña,HOU,30 to 35,506,0.145,0.502,76.0,15.0,3.0,0.221,0.303,0.412,0.714,0.313,0.294,0.25,0.298,0.347,86.3
665161,Jeremy Peña,HOU,35 to 40,681,0.195,0.518,84.0,20.0,3.0,0.253,0.298,0.481,0.779,0.369,0.293,0.286,0.31,0.389,86.9
665161,Jeremy Peña,HOU,40 to 45,624,0.179,0.55,90.0,26.0,3.0,0.306,0.333,0.447,0.78,0.349,0.308,0.267,0.309,0.387,89.4
665161,Jeremy Peña,HOU,45 to 50,406,0.116,0.552,64.0,12.0,3.0,0.203,0.266,0.407,0.672,0.291,0.344,0.203,0.325,0.457,89.7
665161,Jeremy Peña,HOU,5 to 10,39,0.011,0.487,,,,,,,,,,,,,
665161,Jeremy Peña,HOU,50 to 55,225,0.065,0.511,34.0,10.0,3.0,0.312,0.353,0.625,0.978,0.413,0.362,0.118,0.196,0.393,89.0
665161,Jeremy Peña,HOU,55 to 60,91,0.026,0.56,10.0,7.0,0.0,0.778,0.8,0.778,1.578,0.7,0.575,0.0,0.062,0.444,92.5
665161,Jeremy Peña,HOU,60 to 65,53,0.015,0.509,,,,,,,,,,,,,
665161,Jeremy Peña,HOU,65 to 70,23,0.007,0.609,,,,,,,,,,,,,
683679,Jesus Rodriguez,SF,25 to 30,15,0.072,0.6,,,,,,,,,,,,,
683679,Jesus Rodriguez,SF,30 to 35,41,0.196,0.439,11.0,2.0,1.0,0.222,0.364,0.667,1.03,0.423,0.516,0.091,0.167,0.625,89.8
683679,Jesus Rodriguez,SF,35 to 40,29,0.139,0.586,,,,,,,,,,,,,
683679,Jesus Rodriguez,SF,40 to 45,23,0.11,0.478,,,,,,,,,,,,,
683679,Jesus Rodriguez,SF,45 to 50,21,0.1,0.619,,,,,,,,,,,,,
683679,Jesus Rodriguez,SF,50 to 55,22,0.105,0.591,,,,,,,,,,,,,
660821,Jesús Sánchez,AZ,10 to 15,54,0.017,0.5,,,,,,,,,,,,,
660821,Jesús Sánchez,AZ,15 to 20,109,0.035,0.459,11.0,5.0,1.0,0.455,0.455,1.0,1.455,0.605,0.452,0.273,0.263,0.625,96.8
660821,Jesús Sánchez,AZ,20 to 25,200,0.064,0.5,18.0,7.0,1.0,0.538,0.611,0.923,1.534,0.606,0.576,0.0,0.275,0.643,94.7
660821,Jesús Sánchez,AZ,25 to 30,330,0.105,0.473,30.0,6.0,0.0,0.222,0.267,0.259,0.526,0.238,0.321,0.133,0.177,0.375,87.5
660821,Jesús Sánchez,AZ,30 to 35,381,0.122,0.517,38.0,8.0,2.0,0.242,0.316,0.485,0.801,0.339,0.394,0.237,0.282,0.56,93.6
660821,Jesús Sánchez,AZ,35 to 40,483,0.154,0.542,62.0,13.0,0.0,0.224,0.274,0.293,0.567,0.256,0.237,0.258,0.241,0.372,88.0
660821,Jesús Sánchez,AZ,40 to 45,512,0.164,0.502,49.0,9.0,1.0,0.2,0.245,0.311,0.556,0.245,0.326,0.245,0.253,0.412,90.5
660821,Jesús Sánchez,AZ,45 to 50,473,0.151,0.535,45.0,10.0,2.0,0.244,0.311,0.463,0.775,0.334,0.289,0.267,0.244,0.448,91.3
660821,Jesús Sánchez,AZ,5 to 10,34,0.011,0.529,,,,,,,,,,,,,
660821,Jesús Sánchez,AZ,50 to 55,274,0.088,0.478,24.0,8.0,1.0,0.364,0.417,0.545,0.962,0.419,0.307,0.333,0.244,0.571,93.0
660821,Jesús Sánchez,AZ,55 to 60,159,0.051,0.447,15.0,3.0,0.0,0.231,0.267,0.231,0.497,0.227,0.224,0.4,0.267,0.25,88.2
660821,Jesús Sánchez,AZ,60 to 65,46,0.015,0.543,,,,,,,,,,,,,
660821,Jesús Sánchez,AZ,65 to 70,15,0.005,0.467,,,,,,,,,,,,,
640902,Jhonny Pereda,SEA,20 to 25,43,0.06,0.512,,,,,,,,,,,,,
640902,Jhonny Pereda,SEA,25 to 30,71,0.098,0.338,,,,,,,,,,,,,
640902,Jhonny Pereda,SEA,30 to 35,95,0.132,0.368,17.0,3.0,0.0,0.188,0.235,0.188,0.423,0.212,0.304,0.235,0.238,0.545,92.3
640902,Jhonny Pereda,SEA,35 to 40,118,0.163,0.475,14.0,0.0,0.0,0.0,0.143,0.0,0.143,0.1,0.227,0.286,0.231,0.375,87.0
640902,Jhonny Pereda,SEA,40 to 45,127,0.176,0.496,13.0,5.0,0.0,0.417,0.462,0.417,0.878,0.4,0.336,0.154,0.143,0.6,94.0
640902,Jhonny Pereda,SEA,45 to 50,122,0.169,0.467,20.0,6.0,1.0,0.333,0.4,0.5,0.9,0.395,0.338,0.2,0.132,0.5,91.2
640902,Jhonny Pereda,SEA,50 to 55,67,0.093,0.478,,,,,,,,,,,,,
640902,Jhonny Pereda,SEA,55 to 60,34,0.047,0.412,,,,,,,,,,,,,
691373,Jhostynxon Garcia,PIT,25 to 30,23,0.105,0.435,,,,,,,,,,,,,
691373,Jhostynxon Garcia,PIT,30 to 35,25,0.114,0.6,,,,,,,,,,,,,
691373,Jhostynxon Garcia,PIT,35 to 40,22,0.1,0.591,,,,,,,,,,,,,
691373,Jhostynxon Garcia,PIT,40 to 45,42,0.192,0.595,12.0,2.0,0.0,0.167,0.167,0.167,0.333,0.15,0.251,0.25,0.263,0.222,83.8
691373,Jhostynxon Garcia,PIT,45 to 50,41,0.187,0.512,,,,,,,,,,,,,
691373,Jhostynxon Garcia,PIT,50 to 55,15,0.068,0.6,,,,,,,,,,,,,
678225,Jihwan Bae,MIL,30 to 35,23,0.2,0.478,,,,,,,,,,,,,
678225,Jihwan Bae,MIL,35 to 40,24,0.209,0.417,,,,,,,,,,,,,
678225,Jihwan Bae,MIL,40 to 45,20,0.174,0.5,,,,,,,,,,,,,
678225,Jihwan Bae,MIL,45 to 50,25,0.217,0.56,,,,,,,,,,,,,
805347,Jim Jarvis,ATL,15 to 20,17,0.037,0.471,,,,,,,,,,,,,
805347,Jim Jarvis,ATL,20 to 25,35,0.077,0.543,,,,,,,,,,,,,
805347,Jim Jarvis,ATL,25 to 30,88,0.193,0.443,23.0,2.0,0.0,0.091,0.13,0.136,0.267,0.124,0.242,0.13,0.179,0.368,91.3
805347,Jim Jarvis,ATL,30 to 35,69,0.151,0.449,20.0,4.0,0.0,0.222,0.222,0.278,0.5,0.292,0.213,0.15,0.097,0.353,82.5
805347,Jim Jarvis,ATL,35 to 40,73,0.16,0.438,26.0,6.0,0.0,0.25,0.25,0.333,0.583,0.308,0.187,0.269,0.25,0.474,82.6
805347,Jim Jarvis,ATL,40 to 45,75,0.164,0.44,13.0,4.0,1.0,0.333,0.385,0.583,0.968,0.485,0.445,0.0,0.091,0.417,87.7
805347,Jim Jarvis,ATL,45 to 50,43,0.094,0.442,13.0,1.0,0.0,0.091,0.231,0.273,0.503,0.231,0.19,0.308,0.158,0.143,86.3
805347,Jim Jarvis,ATL,50 to 55,27,0.059,0.259,,,,,,,,,,,,,
699625,Jimmy Crooks,STL,10 to 15,22,0.029,0.455,,,,,,,,,,,,,
699625,Jimmy Crooks,STL,15 to 20,33,0.043,0.364,,,,,,,,,,,,,
699625,Jimmy Crooks,STL,20 to 25,85,0.111,0.494,18.0,0.0,0.0,0.0,0.111,0.0,0.111,0.078,0.26,0.222,0.25,0.833,96.7
699625,Jimmy Crooks,STL,25 to 30,104,0.136,0.49,15.0,3.0,0.0,0.25,0.4,0.333,0.733,0.343,0.298,0.333,0.286,0.375,89.5
699625,Jimmy Crooks,STL,30 to 35,79,0.103,0.456,21.0,5.0,1.0,0.263,0.333,0.474,0.807,0.35,0.324,0.381,0.375,0.636,95.0
699625,Jimmy Crooks,STL,35 to 40,102,0.134,0.569,25.0,7.0,2.0,0.292,0.32,0.625,0.945,0.396,0.32,0.4,0.362,0.5,90.8
699625,Jimmy Crooks,STL,40 to 45,126,0.165,0.516,15.0,0.0,0.0,0.0,0.133,0.0,0.133,0.093,0.267,0.133,0.348,0.182,84.7
699625,Jimmy Crooks,STL,45 to 50,73,0.096,0.466,13.0,3.0,0.0,0.25,0.308,0.333,0.641,0.288,0.141,0.615,0.5,0.5,91.7
699625,Jimmy Crooks,STL,50 to 55,51,0.067,0.412,10.0,1.0,0.0,0.111,0.2,0.111,0.311,0.16,0.227,0.5,0.25,0.75,97.9
699625,Jimmy Crooks,STL,55 to 60,42,0.055,0.548,,,,,,,,,,,,,
668709,Jj Bleday,CIN,10 to 15,67,0.02,0.537,16.0,3.0,0.0,0.188,0.188,0.25,0.438,0.191,0.168,0.5,0.37,0.0,82.5
668709,Jj Bleday,CIN,15 to 20,140,0.041,0.486,23.0,3.0,1.0,0.15,0.261,0.3,0.561,0.257,0.39,0.087,0.108,0.368,89.8
668709,Jj Bleday,CIN,20 to 25,226,0.066,0.434,37.0,6.0,2.0,0.194,0.324,0.452,0.776,0.357,0.428,0.135,0.132,0.423,87.2
668709,Jj Bleday,CIN,25 to 30,405,0.118,0.452,61.0,11.0,1.0,0.224,0.377,0.408,0.785,0.367,0.292,0.328,0.269,0.414,86.4
668709,Jj Bleday,CIN,30 to 35,496,0.145,0.468,81.0,14.0,3.0,0.206,0.296,0.368,0.664,0.291,0.363,0.198,0.248,0.4,89.1
668709,Jj Bleday,CIN,35 to 40,598,0.175,0.438,80.0,18.0,5.0,0.281,0.425,0.531,0.956,0.427,0.374,0.188,0.287,0.286,89.7
668709,Jj Bleday,CIN,40 to 45,541,0.158,0.431,95.0,14.0,4.0,0.167,0.263,0.357,0.62,0.275,0.329,0.211,0.226,0.476,86.3
668709,Jj Bleday,CIN,45 to 50,372,0.109,0.492,43.0,7.0,3.0,0.184,0.279,0.447,0.726,0.334,0.276,0.163,0.25,0.387,85.8
668709,Jj Bleday,CIN,5 to 10,32,0.009,0.469,,,,,,,,,,,,,
668709,Jj Bleday,CIN,50 to 55,241,0.07,0.444,39.0,12.0,2.0,0.333,0.385,0.528,0.912,0.396,0.336,0.282,0.32,0.346,89.5
668709,Jj Bleday,CIN,55 to 60,105,0.031,0.438,16.0,3.0,0.0,0.214,0.312,0.214,0.527,0.256,0.181,0.25,0.143,0.1,82.7
668709,Jj Bleday,CIN,60 to 65,56,0.016,0.375,,,,,,,,,,,,,
668709,Jj Bleday,CIN,65 to 70,25,0.007,0.56,,,,,,,,,,,,,
668709,Jj Bleday,CIN,70 to 75,17,0.005,0.588,,,,,,,,,,,,,
802139,Jj Wetherholt,STL,10 to 15,37,0.015,0.432,,,,,,,,,,,,,
802139,Jj Wetherholt,STL,15 to 20,70,0.029,0.429,18.0,1.0,0.0,0.062,0.167,0.062,0.229,0.128,0.267,0.278,0.333,0.364,89.8
802139,Jj Wetherholt,STL,20 to 25,200,0.082,0.46,52.0,10.0,2.0,0.233,0.365,0.395,0.761,0.361,0.34,0.212,0.185,0.424,88.0
802139,Jj Wetherholt,STL,25 to 30,299,0.123,0.331,65.0,21.0,2.0,0.375,0.462,0.518,0.979,0.432,0.404,0.154,0.141,0.522,90.5
802139,Jj Wetherholt,STL,30 to 35,385,0.159,0.434,103.0,20.0,1.0,0.233,0.35,0.314,0.663,0.311,0.369,0.097,0.156,0.461,90.5
802139,Jj Wetherholt,STL,35 to 40,478,0.197,0.429,114.0,24.0,3.0,0.238,0.325,0.366,0.691,0.326,0.33,0.184,0.176,0.407,89.8
802139,Jj Wetherholt,STL,40 to 45,324,0.133,0.435,85.0,14.0,1.0,0.194,0.306,0.236,0.542,0.281,0.295,0.2,0.227,0.421,88.7
802139,Jj Wetherholt,STL,45 to 50,218,0.09,0.408,54.0,8.0,1.0,0.17,0.278,0.234,0.512,0.244,0.325,0.222,0.213,0.457,89.4
802139,Jj Wetherholt,STL,5 to 10,24,0.01,0.375,,,,,,,,,,,,,
802139,Jj Wetherholt,STL,50 to 55,180,0.074,0.439,49.0,14.0,4.0,0.292,0.306,0.542,0.848,0.38,0.371,0.204,0.152,0.474,91.0
802139,Jj Wetherholt,STL,55 to 60,73,0.03,0.37,17.0,5.0,0.0,0.357,0.471,0.571,1.042,0.45,0.46,0.118,0.185,0.5,94.3
802139,Jj Wetherholt,STL,60 to 65,23,0.009,0.435,,,,,,,,,,,,,
666176,Jo Adell,CLE,0 to 5,17,0.004,0.412,,,,,,,,,,,,,
666176,Jo Adell,CLE,10 to 15,85,0.018,0.588,16.0,6.0,1.0,0.4,0.438,0.733,1.171,0.527,0.545,0.312,0.2,0.444,92.1
666176,Jo Adell,CLE,15 to 20,173,0.037,0.561,14.0,3.0,0.0,0.231,0.286,0.308,0.593,0.268,0.311,0.0,0.196,0.308,83.5
666176,Jo Adell,CLE,20 to 25,321,0.068,0.492,43.0,9.0,1.0,0.225,0.279,0.4,0.679,0.316,0.275,0.233,0.299,0.29,87.2
666176,Jo Adell,CLE,25 to 30,464,0.098,0.547,58.0,12.0,2.0,0.235,0.31,0.353,0.663,0.297,0.336,0.241,0.303,0.421,92.0
666176,Jo Adell,CLE,30 to 35,674,0.142,0.524,83.0,18.0,1.0,0.234,0.289,0.325,0.614,0.287,0.302,0.265,0.243,0.455,89.8
666176,Jo Adell,CLE,35 to 40,849,0.179,0.538,120.0,23.0,3.0,0.207,0.258,0.333,0.592,0.269,0.271,0.292,0.327,0.333,89.1
666176,Jo Adell,CLE,40 to 45,861,0.182,0.53,122.0,28.0,6.0,0.25,0.303,0.429,0.732,0.321,0.308,0.262,0.25,0.415,89.5
666176,Jo Adell,CLE,45 to 50,548,0.116,0.515,69.0,21.0,6.0,0.318,0.348,0.667,1.014,0.425,0.441,0.188,0.187,0.566,92.3
666176,Jo Adell,CLE,5 to 10,20,0.004,0.55,,,,,,,,,,,,,
666176,Jo Adell,CLE,50 to 55,356,0.075,0.559,50.0,11.0,1.0,0.244,0.3,0.378,0.678,0.297,0.31,0.18,0.222,0.622,93.3
666176,Jo Adell,CLE,55 to 60,166,0.035,0.536,25.0,5.0,1.0,0.2,0.2,0.36,0.56,0.274,0.364,0.24,0.235,0.421,90.4
666176,Jo Adell,CLE,60 to 65,51,0.011,0.549,,,,,,,,,,,,,
666176,Jo Adell,CLE,65 to 70,35,0.007,0.543,,,,,,,,,,,,,
592626,Joc Pederson,TEX,10 to 15,46,0.015,0.326,,,,,,,,,,,,,
592626,Joc Pederson,TEX,15 to 20,115,0.039,0.409,13.0,3.0,2.0,0.25,0.308,0.833,1.141,0.512,0.466,0.154,0.273,0.556,98.6
592626,Joc Pederson,TEX,20 to 25,236,0.079,0.449,43.0,6.0,1.0,0.176,0.326,0.294,0.62,0.29,0.366,0.233,0.289,0.48,89.3
592626,Joc Pederson,TEX,25 to 30,373,0.126,0.432,49.0,6.0,0.0,0.158,0.306,0.237,0.543,0.266,0.333,0.163,0.239,0.452,90.2
592626,Joc Pederson,TEX,30 to 35,457,0.154,0.479,61.0,17.0,5.0,0.309,0.377,0.636,1.013,0.442,0.332,0.246,0.311,0.55,93.9
592626,Joc Pederson,TEX,35 to 40,475,0.16,0.478,68.0,18.0,7.0,0.29,0.353,0.661,1.014,0.424,0.379,0.221,0.205,0.553,92.7
592626,Joc Pederson,TEX,40 to 45,445,0.15,0.474,76.0,19.0,2.0,0.279,0.355,0.456,0.811,0.355,0.313,0.237,0.239,0.5,92.6
592626,Joc Pederson,TEX,45 to 50,349,0.118,0.441,49.0,8.0,1.0,0.195,0.327,0.268,0.595,0.284,0.33,0.265,0.363,0.464,89.0
592626,Joc Pederson,TEX,5 to 10,18,0.006,0.5,,,,,,,,,,,,,
592626,Joc Pederson,TEX,50 to 55,243,0.082,0.444,39.0,6.0,5.0,0.176,0.282,0.618,0.9,0.369,0.366,0.282,0.312,0.522,91.9
592626,Joc Pederson,TEX,55 to 60,120,0.04,0.5,14.0,2.0,2.0,0.154,0.214,0.615,0.83,0.336,0.432,0.143,0.136,0.545,91.2
592626,Joc Pederson,TEX,60 to 65,31,0.01,0.419,,,,,,,,,,,,,
691788,Joe Mack,MIA,10 to 15,40,0.031,0.55,,,,,,,,,,,,,
691788,Joe Mack,MIA,15 to 20,72,0.057,0.403,19.0,4.0,1.0,0.235,0.278,0.471,0.748,0.331,0.319,0.263,0.276,0.462,85.2
691788,Joe Mack,MIA,20 to 25,113,0.089,0.478,25.0,6.0,1.0,0.25,0.28,0.417,0.697,0.302,0.193,0.32,0.222,0.375,86.5
691788,Joe Mack,MIA,25 to 30,138,0.108,0.471,35.0,5.0,1.0,0.152,0.2,0.242,0.442,0.2,0.241,0.314,0.262,0.227,85.5
691788,Joe Mack,MIA,30 to 35,156,0.123,0.506,40.0,9.0,2.0,0.237,0.25,0.395,0.645,0.298,0.29,0.2,0.215,0.419,86.0
691788,Joe Mack,MIA,35 to 40,174,0.137,0.466,51.0,10.0,1.0,0.222,0.3,0.311,0.611,0.283,0.292,0.275,0.284,0.406,86.9
691788,Joe Mack,MIA,40 to 45,209,0.164,0.469,57.0,14.0,6.0,0.269,0.321,0.673,0.995,0.423,0.342,0.316,0.224,0.529,90.4
691788,Joe Mack,MIA,45 to 50,143,0.112,0.469,38.0,8.0,0.0,0.242,0.324,0.303,0.627,0.295,0.318,0.105,0.284,0.3,86.7
691788,Joe Mack,MIA,50 to 55,89,0.07,0.494,17.0,6.0,1.0,0.353,0.353,0.588,0.941,0.403,0.395,0.176,0.114,0.286,91.4
691788,Joe Mack,MIA,55 to 60,58,0.046,0.466,19.0,4.0,0.0,0.211,0.211,0.211,0.421,0.189,0.134,0.263,0.185,0.357,89.4
691788,Joe Mack,MIA,60 to 65,19,0.015,0.474,,,,,,,,,,,,,
663698,Joey Bart,CWS,10 to 15,60,0.033,0.45,,,,,,,,,,,,,
663698,Joey Bart,CWS,15 to 20,65,0.035,0.462,,,,,,,,,,,,,
663698,Joey Bart,CWS,20 to 25,116,0.063,0.397,,,,,,,,,,,,,
663698,Joey Bart,CWS,25 to 30,166,0.09,0.434,11.0,4.0,1.0,0.4,0.455,0.9,1.355,0.636,0.413,0.273,0.238,0.429,81.0
663698,Joey Bart,CWS,30 to 35,201,0.109,0.433,11.0,2.0,0.0,0.2,0.273,0.2,0.473,0.227,0.299,0.182,0.263,0.25,78.1
663698,Joey Bart,CWS,35 to 40,267,0.145,0.446,16.0,2.0,0.0,0.133,0.188,0.2,0.388,0.178,0.186,0.438,0.27,0.25,89.3
663698,Joey Bart,CWS,40 to 45,316,0.172,0.449,31.0,2.0,0.0,0.069,0.129,0.069,0.198,0.103,0.223,0.387,0.327,0.471,90.5
663698,Joey Bart,CWS,45 to 50,278,0.151,0.417,18.0,3.0,1.0,0.2,0.333,0.4,0.733,0.328,0.236,0.389,0.378,0.375,85.5
663698,Joey Bart,CWS,5 to 10,24,0.013,0.458,,,,,,,,,,,,,
663698,Joey Bart,CWS,50 to 55,166,0.09,0.361,10.0,5.0,1.0,0.556,0.6,0.889,1.489,0.72,0.473,0.1,0.2,0.375,83.6
663698,Joey Bart,CWS,55 to 60,100,0.054,0.33,,,,,,,,,,,,,
663698,Joey Bart,CWS,60 to 65,21,0.011,0.381,,,,,,,,,,,,,
694388,Joey Loperfido,HOU,10 to 15,26,0.03,0.538,,,,,,,,,,,,,
694388,Joey Loperfido,HOU,15 to 20,34,0.04,0.588,,,,,,,,,,,,,
694388,Joey Loperfido,HOU,20 to 25,73,0.085,0.479,,,,,,,,,,,,,
694388,Joey Loperfido,HOU,25 to 30,69,0.08,0.478,10.0,2.0,0.0,0.25,0.4,0.375,0.775,0.355,0.347,0.4,0.333,0.5,92.3
694388,Joey Loperfido,HOU,30 to 35,65,0.076,0.492,,,,,,,,,,,,,
694388,Joey Loperfido,HOU,35 to 40,155,0.181,0.49,32.0,5.0,0.0,0.156,0.156,0.281,0.438,0.184,0.248,0.25,0.212,0.417,88.3
694388,Joey Loperfido,HOU,40 to 45,177,0.206,0.503,26.0,5.0,0.0,0.227,0.346,0.273,0.619,0.294,0.272,0.346,0.356,0.385,91.5
694388,Joey Loperfido,HOU,45 to 50,118,0.138,0.483,15.0,2.0,0.0,0.143,0.2,0.143,0.343,0.167,0.23,0.2,0.226,0.364,91.6
694388,Joey Loperfido,HOU,50 to 55,62,0.072,0.532,,,,,,,,,,,,,
694388,Joey Loperfido,HOU,55 to 60,28,0.033,0.429,,,,,,,,,,,,,
694388,Joey Loperfido,HOU,60 to 65,15,0.017,0.667,,,,,,,,,,,,,
608841,Joey Meneses,ATH,35 to 40,20,0.263,0.45,,,,,,,,,,,,,
608841,Joey Meneses,ATH,40 to 45,26,0.342,0.462,,,,,,,,,,,,,
687401,Joey Ortiz,MIL,10 to 15,88,0.025,0.375,11.0,1.0,0.0,0.111,0.2,0.111,0.311,0.18,0.258,0.273,0.111,0.143,76.6
687401,Joey Ortiz,MIL,15 to 20,120,0.035,0.4,17.0,3.0,0.0,0.2,0.25,0.333,0.583,0.269,0.295,0.176,0.1,0.385,85.3
687401,Joey Ortiz,MIL,20 to 25,185,0.054,0.443,27.0,7.0,1.0,0.269,0.296,0.577,0.873,0.391,0.341,0.222,0.132,0.3,85.6
687401,Joey Ortiz,MIL,25 to 30,350,0.101,0.471,43.0,17.0,1.0,0.447,0.465,0.632,1.097,0.463,0.359,0.116,0.177,0.486,89.6
687401,Joey Ortiz,MIL,30 to 35,447,0.13,0.441,51.0,13.0,2.0,0.302,0.412,0.488,0.9,0.414,0.27,0.196,0.165,0.303,88.5
687401,Joey Ortiz,MIL,35 to 40,464,0.134,0.453,64.0,10.0,2.0,0.172,0.238,0.31,0.548,0.248,0.284,0.219,0.202,0.356,88.4
687401,Joey Ortiz,MIL,40 to 45,590,0.171,0.459,69.0,20.0,1.0,0.323,0.362,0.419,0.782,0.356,0.322,0.116,0.157,0.393,86.9
687401,Joey Ortiz,MIL,45 to 50,514,0.149,0.424,51.0,9.0,0.0,0.196,0.255,0.217,0.472,0.221,0.239,0.235,0.207,0.314,89.5
687401,Joey Ortiz,MIL,5 to 10,37,0.011,0.378,,,,,,,,,,,,,
687401,Joey Ortiz,MIL,50 to 55,321,0.093,0.48,29.0,4.0,0.0,0.154,0.241,0.192,0.434,0.209,0.268,0.31,0.2,0.529,92.8
687401,Joey Ortiz,MIL,55 to 60,158,0.046,0.5,23.0,7.0,2.0,0.318,0.348,0.636,0.984,0.415,0.296,0.174,0.222,0.333,84.8
687401,Joey Ortiz,MIL,60 to 65,59,0.017,0.525,,,,,,,,,,,,,
687401,Joey Ortiz,MIL,65 to 70,31,0.009,0.613,,,,,,,,,,,,,
686894,Joey Wiemer,WSH,15 to 20,19,0.034,0.526,,,,,,,,,,,,,
686894,Joey Wiemer,WSH,20 to 25,29,0.052,0.31,,,,,,,,,,,,,
686894,Joey Wiemer,WSH,25 to 30,78,0.14,0.474,11.0,3.0,1.0,0.375,0.545,0.875,1.42,0.568,0.442,0.091,0.238,0.429,93.2
686894,Joey Wiemer,WSH,30 to 35,78,0.14,0.577,11.0,1.0,0.0,0.091,0.091,0.091,0.182,0.164,0.067,0.636,0.421,0.0,80.7
686894,Joey Wiemer,WSH,35 to 40,57,0.102,0.456,,,,,,,,,,,,,
686894,Joey Wiemer,WSH,40 to 45,76,0.136,0.434,13.0,5.0,0.0,0.455,0.538,0.545,1.084,0.481,0.327,0.231,0.105,0.25,76.2
686894,Joey Wiemer,WSH,45 to 50,84,0.151,0.548,10.0,2.0,1.0,0.222,0.3,0.556,0.856,0.36,0.341,0.3,0.261,0.5,91.5
686894,Joey Wiemer,WSH,50 to 55,64,0.115,0.453,,,,,,,,,,,,,
686894,Joey Wiemer,WSH,55 to 60,22,0.039,0.364,,,,,,,,,,,,,
686894,Joey Wiemer,WSH,60 to 65,21,0.038,0.381,,,,,,,,,,,,,
807726,John Peck,DET,25 to 30,20,0.076,0.45,,,,,,,,,,,,,
807726,John Peck,DET,30 to 35,25,0.095,0.52,,,,,,,,,,,,,
807726,John Peck,DET,35 to 40,70,0.266,0.557,18.0,6.0,0.0,0.375,0.444,0.375,0.819,0.428,0.42,0.111,0.128,0.429,90.1
807726,John Peck,DET,40 to 45,75,0.285,0.52,19.0,1.0,0.0,0.056,0.105,0.056,0.161,0.084,0.141,0.474,0.333,0.333,89.2
807726,John Peck,DET,45 to 50,25,0.095,0.6,,,,,,,,,,,,,
807726,John Peck,DET,50 to 55,18,0.068,0.5,,,,,,,,,,,,,
670231,John Rave,KC,10 to 15,31,0.023,0.548,,,,,,,,,,,,,
670231,John Rave,KC,15 to 20,54,0.04,0.463,,,,,,,,,,,,,
670231,John Rave,KC,20 to 25,79,0.059,0.367,10.0,1.0,0.0,0.111,0.2,0.111,0.311,0.16,0.102,0.2,0.214,0.143,83.4
670231,John Rave,KC,25 to 30,166,0.124,0.458,19.0,6.0,1.0,0.375,0.444,0.688,1.132,0.489,0.244,0.316,0.216,0.25,76.1
670231,John Rave,KC,30 to 35,170,0.126,0.365,20.0,5.0,1.0,0.263,0.3,0.474,0.774,0.397,0.289,0.25,0.207,0.385,79.1
670231,John Rave,KC,35 to 40,212,0.158,0.429,19.0,2.0,0.0,0.105,0.105,0.211,0.316,0.132,0.192,0.368,0.233,0.25,88.9
670231,John Rave,KC,40 to 45,223,0.166,0.417,27.0,6.0,1.0,0.261,0.37,0.478,0.849,0.37,0.36,0.222,0.237,0.412,87.0
670231,John Rave,KC,45 to 50,189,0.141,0.434,14.0,4.0,1.0,0.333,0.429,0.583,1.012,0.436,0.393,0.214,0.172,0.444,78.9
670231,John Rave,KC,50 to 55,98,0.073,0.408,11.0,0.0,0.0,0.0,0.273,0.0,0.273,0.191,0.294,0.364,0.429,0.5,97.2
670231,John Rave,KC,55 to 60,45,0.033,0.289,,,,,,,,,,,,,
670231,John Rave,KC,60 to 65,26,0.019,0.5,,,,,,,,,,,,,
671286,Johnathan Rodríguez,BAL,15 to 20,23,0.059,0.435,,,,,,,,,,,,,
671286,Johnathan Rodríguez,BAL,20 to 25,26,0.067,0.385,,,,,,,,,,,,,
671286,Johnathan Rodríguez,BAL,25 to 30,36,0.093,0.361,,,,,,,,,,,,,
671286,Johnathan Rodríguez,BAL,30 to 35,38,0.098,0.474,,,,,,,,,,,,,
671286,Johnathan Rodríguez,BAL,35 to 40,41,0.105,0.512,,,,,,,,,,,,,
671286,Johnathan Rodríguez,BAL,40 to 45,85,0.219,0.459,,,,,,,,,,,,,
671286,Johnathan Rodríguez,BAL,45 to 50,76,0.195,0.461,,,,,,,,,,,,,
671286,Johnathan Rodríguez,BAL,50 to 55,35,0.09,0.429,,,,,,,,,,,,,
671286,Johnathan Rodríguez,BAL,55 to 60,15,0.039,0.467,,,,,,,,,,,,,
681146,Jonah Bride,TEX,15 to 20,23,0.039,0.304,,,,,,,,,,,,,
681146,Jonah Bride,TEX,20 to 25,29,0.05,0.31,,,,,,,,,,,,,
681146,Jonah Bride,TEX,25 to 30,35,0.06,0.343,,,,,,,,,,,,,
681146,Jonah Bride,TEX,30 to 35,65,0.111,0.231,,,,,,,,,,,,,
681146,Jonah Bride,TEX,35 to 40,114,0.195,0.36,,,,,,,,,,,,,
681146,Jonah Bride,TEX,40 to 45,99,0.169,0.394,,,,,,,,,,,,,
681146,Jonah Bride,TEX,45 to 50,69,0.118,0.246,,,,,,,,,,,,,
681146,Jonah Bride,TEX,50 to 55,72,0.123,0.375,,,,,,,,,,,,,
681146,Jonah Bride,TEX,55 to 60,23,0.039,0.13,,,,,,,,,,,,,
681146,Jonah Bride,TEX,60 to 65,17,0.029,0.412,,,,,,,,,,,,,
813841,Jonah Cox,SF,10 to 15,18,0.03,0.556,,,,,,,,,,,,,
813841,Jonah Cox,SF,15 to 20,15,0.025,0.533,,,,,,,,,,,,,
813841,Jonah Cox,SF,20 to 25,43,0.073,0.372,,,,,,,,,,,,,
813841,Jonah Cox,SF,25 to 30,69,0.117,0.42,18.0,4.0,1.0,0.235,0.278,0.412,0.69,0.35,0.225,0.444,0.31,0.222,73.4
813841,Jonah Cox,SF,30 to 35,68,0.115,0.603,19.0,7.0,1.0,0.389,0.389,0.611,1.0,0.442,0.335,0.526,0.439,0.778,84.9
813841,Jonah Cox,SF,35 to 40,61,0.103,0.541,20.0,4.0,0.0,0.222,0.3,0.278,0.578,0.268,0.233,0.25,0.364,0.231,81.9
813841,Jonah Cox,SF,40 to 45,74,0.125,0.486,13.0,1.0,0.0,0.091,0.091,0.091,0.182,0.182,0.106,0.538,0.389,0.167,66.7
813841,Jonah Cox,SF,45 to 50,78,0.132,0.551,28.0,7.0,0.0,0.28,0.357,0.28,0.637,0.3,0.226,0.357,0.326,0.267,79.5
813841,Jonah Cox,SF,50 to 55,76,0.129,0.474,20.0,4.0,0.0,0.25,0.25,0.312,0.562,0.341,0.192,0.45,0.361,0.273,67.6
813841,Jonah Cox,SF,55 to 60,54,0.091,0.593,13.0,5.0,1.0,0.455,0.538,0.909,1.448,0.646,0.464,0.231,0.344,0.714,91.3
813841,Jonah Cox,SF,60 to 65,15,0.025,0.4,,,,,,,,,,,,,
641680,Jonah Heim,ATH,10 to 15,51,0.016,0.627,,,,,,,,,,,,,
641680,Jonah Heim,ATH,15 to 20,106,0.034,0.462,,,,,,,,,,,,,
641680,Jonah Heim,ATH,20 to 25,204,0.065,0.495,25.0,8.0,2.0,0.348,0.4,0.652,1.052,0.446,0.395,0.16,0.116,0.421,92.1
641680,Jonah Heim,ATH,25 to 30,340,0.109,0.518,38.0,8.0,1.0,0.216,0.237,0.378,0.615,0.288,0.278,0.211,0.257,0.357,89.2
641680,Jonah Heim,ATH,30 to 35,452,0.145,0.5,60.0,7.0,2.0,0.125,0.183,0.268,0.451,0.215,0.235,0.183,0.253,0.356,88.1
641680,Jonah Heim,ATH,35 to 40,522,0.167,0.471,62.0,15.0,4.0,0.268,0.323,0.554,0.876,0.368,0.34,0.242,0.228,0.349,88.7
641680,Jonah Heim,ATH,40 to 45,544,0.174,0.494,73.0,5.0,0.0,0.079,0.192,0.079,0.271,0.148,0.254,0.137,0.141,0.222,84.0
641680,Jonah Heim,ATH,45 to 50,385,0.123,0.514,51.0,15.0,1.0,0.306,0.314,0.469,0.783,0.334,0.259,0.157,0.212,0.262,85.2
641680,Jonah Heim,ATH,5 to 10,26,0.008,0.423,,,,,,,,,,,,,
641680,Jonah Heim,ATH,50 to 55,246,0.079,0.492,21.0,2.0,1.0,0.1,0.143,0.3,0.443,0.188,0.137,0.19,0.182,0.188,86.3
641680,Jonah Heim,ATH,55 to 60,128,0.041,0.531,,,,,,,,,,,,,
641680,Jonah Heim,ATH,60 to 65,37,0.012,0.405,,,,,,,,,,,,,
682729,Jonatan Clase,TOR,10 to 15,18,0.033,0.667,,,,,,,,,,,,,
682729,Jonatan Clase,TOR,15 to 20,15,0.027,0.333,,,,,,,,,,,,,
682729,Jonatan Clase,TOR,20 to 25,40,0.072,0.45,,,,,,,,,,,,,
682729,Jonatan Clase,TOR,25 to 30,58,0.105,0.431,,,,,,,,,,,,,
682729,Jonatan Clase,TOR,30 to 35,82,0.148,0.463,,,,,,,,,,,,,
682729,Jonatan Clase,TOR,35 to 40,84,0.152,0.369,,,,,,,,,,,,,
682729,Jonatan Clase,TOR,40 to 45,94,0.17,0.457,,,,,,,,,,,,,
682729,Jonatan Clase,TOR,45 to 50,74,0.134,0.405,,,,,,,,,,,,,
682729,Jonatan Clase,TOR,50 to 55,47,0.085,0.468,,,,,,,,,,,,,
682729,Jonatan Clase,TOR,55 to 60,25,0.045,0.44,,,,,,,,,,,,,
666018,Jonathan Aranda,TB,10 to 15,67,0.015,0.358,10.0,2.0,0.0,0.25,0.4,0.375,0.775,0.355,0.355,0.3,0.188,0.6,95.2
666018,Jonathan Aranda,TB,15 to 20,128,0.029,0.516,24.0,7.0,0.0,0.333,0.417,0.333,0.75,0.365,0.411,0.25,0.19,0.5,87.7
666018,Jonathan Aranda,TB,20 to 25,246,0.056,0.488,33.0,8.0,2.0,0.267,0.303,0.5,0.803,0.338,0.343,0.182,0.169,0.56,90.8
666018,Jonathan Aranda,TB,25 to 30,441,0.101,0.476,49.0,15.0,2.0,0.333,0.388,0.556,0.943,0.406,0.36,0.184,0.17,0.429,91.6
666018,Jonathan Aranda,TB,30 to 35,689,0.158,0.475,112.0,28.0,1.0,0.295,0.393,0.337,0.73,0.354,0.345,0.205,0.182,0.384,92.0
666018,Jonathan Aranda,TB,35 to 40,770,0.177,0.481,125.0,35.0,6.0,0.324,0.408,0.556,0.964,0.414,0.359,0.216,0.214,0.5,90.9
666018,Jonathan Aranda,TB,40 to 45,697,0.16,0.486,101.0,15.0,2.0,0.163,0.228,0.272,0.499,0.225,0.267,0.317,0.225,0.443,89.8
666018,Jonathan Aranda,TB,45 to 50,561,0.129,0.472,87.0,24.0,6.0,0.329,0.414,0.616,1.03,0.433,0.385,0.218,0.19,0.464,91.2
666018,Jonathan Aranda,TB,5 to 10,36,0.008,0.528,,,,,,,,,,,,,
666018,Jonathan Aranda,TB,50 to 55,355,0.082,0.431,54.0,8.0,1.0,0.186,0.315,0.279,0.594,0.277,0.342,0.259,0.232,0.419,90.4
666018,Jonathan Aranda,TB,55 to 60,126,0.029,0.421,17.0,6.0,1.0,0.353,0.353,0.588,0.941,0.456,0.399,0.294,0.182,0.667,96.6
666018,Jonathan Aranda,TB,60 to 65,40,0.009,0.55,,,,,,,,,,,,,
666018,Jonathan Aranda,TB,65 to 70,20,0.005,0.5,,,,,,,,,,,,,
663697,Jonathan India,KC,10 to 15,47,0.018,0.426,,,,,,,,,,,,,
663697,Jonathan India,KC,15 to 20,79,0.03,0.405,,,,,,,,,,,,,
663697,Jonathan India,KC,20 to 25,120,0.046,0.417,,,,,,,,,,,,,
663697,Jonathan India,KC,25 to 30,223,0.086,0.435,,,,,,,,,,,,,
663697,Jonathan India,KC,30 to 35,401,0.154,0.382,13.0,1.0,0.0,0.111,0.385,0.111,0.496,0.285,0.325,0.308,0.316,0.4,86.9
663697,Jonathan India,KC,35 to 40,433,0.167,0.37,,,,,,,,,,,,,
663697,Jonathan India,KC,40 to 45,434,0.167,0.412,,,,,,,,,,,,,
663697,Jonathan India,KC,45 to 50,371,0.143,0.415,,,,,,,,,,,,,
663697,Jonathan India,KC,5 to 10,20,0.008,0.2,,,,,,,,,,,,,
663697,Jonathan India,KC,50 to 55,248,0.095,0.391,,,,,,,,,,,,,
663697,Jonathan India,KC,55 to 60,125,0.048,0.392,,,,,,,,,,,,,
663697,Jonathan India,KC,60 to 65,51,0.02,0.49,,,,,,,,,,,,,
663697,Jonathan India,KC,65 to 70,18,0.007,0.278,,,,,,,,,,,,,
680716,Jonathan Ornelas,MIL,25 to 30,23,0.177,0.435,,,,,,,,,,,,,
680716,Jonathan Ornelas,MIL,30 to 35,20,0.154,0.5,,,,,,,,,,,,,
680716,Jonathan Ornelas,MIL,35 to 40,20,0.154,0.75,,,,,,,,,,,,,
680716,Jonathan Ornelas,MIL,40 to 45,19,0.146,0.579,,,,,,,,,,,,,
680716,Jonathan Ornelas,MIL,45 to 50,21,0.162,0.524,,,,,,,,,,,,,
680716,Jonathan Ornelas,MIL,50 to 55,15,0.115,0.733,,,,,,,,,,,,,
676356,Jonny Deluca,TB,10 to 15,35,0.023,0.543,11.0,2.0,0.0,0.182,0.182,0.182,0.364,0.164,0.189,0.091,0.053,0.3,77.5
676356,Jonny Deluca,TB,15 to 20,44,0.029,0.705,12.0,3.0,0.0,0.273,0.273,0.364,0.636,0.377,0.217,0.333,0.375,0.375,84.6
676356,Jonny Deluca,TB,20 to 25,79,0.053,0.532,23.0,6.0,0.0,0.273,0.304,0.364,0.668,0.296,0.202,0.261,0.308,0.312,84.3
676356,Jonny Deluca,TB,25 to 30,85,0.057,0.6,18.0,6.0,1.0,0.333,0.333,0.667,1.0,0.419,0.27,0.167,0.231,0.333,86.2
676356,Jonny Deluca,TB,30 to 35,183,0.122,0.508,47.0,13.0,1.0,0.295,0.34,0.455,0.795,0.366,0.3,0.106,0.157,0.289,82.9
676356,Jonny Deluca,TB,35 to 40,245,0.164,0.506,56.0,14.0,3.0,0.259,0.286,0.519,0.804,0.356,0.275,0.214,0.19,0.19,83.2
676356,Jonny Deluca,TB,40 to 45,311,0.208,0.531,73.0,15.0,1.0,0.208,0.219,0.278,0.497,0.232,0.216,0.315,0.269,0.347,86.2
676356,Jonny Deluca,TB,45 to 50,225,0.151,0.48,49.0,15.0,2.0,0.341,0.396,0.568,0.964,0.438,0.279,0.163,0.138,0.324,85.6
676356,Jonny Deluca,TB,50 to 55,148,0.099,0.527,34.0,7.0,1.0,0.219,0.265,0.344,0.608,0.277,0.346,0.088,0.224,0.321,84.3
676356,Jonny Deluca,TB,55 to 60,65,0.044,0.446,15.0,2.0,0.0,0.143,0.2,0.214,0.414,0.19,0.208,0.333,0.476,0.333,90.5
676356,Jonny Deluca,TB,60 to 65,17,0.011,0.471,,,,,,,,,,,,,
678391,Jorbit Vivas,WSH,10 to 15,33,0.021,0.636,,,,,,,,,,,,,
678391,Jorbit Vivas,WSH,15 to 20,52,0.034,0.519,12.0,2.0,0.0,0.182,0.182,0.364,0.545,0.245,0.271,0.167,0.227,0.4,80.5
678391,Jorbit Vivas,WSH,20 to 25,96,0.062,0.594,29.0,7.0,1.0,0.259,0.31,0.444,0.755,0.359,0.282,0.069,0.156,0.32,82.6
678391,Jorbit Vivas,WSH,25 to 30,181,0.117,0.525,46.0,8.0,1.0,0.195,0.283,0.268,0.551,0.257,0.277,0.174,0.157,0.152,80.2
678391,Jorbit Vivas,WSH,30 to 35,209,0.135,0.507,56.0,12.0,0.0,0.279,0.418,0.349,0.767,0.375,0.309,0.143,0.191,0.189,80.9
678391,Jorbit Vivas,WSH,35 to 40,289,0.187,0.491,65.0,20.0,0.0,0.333,0.385,0.383,0.768,0.352,0.299,0.169,0.223,0.146,81.9
678391,Jorbit Vivas,WSH,40 to 45,259,0.168,0.452,53.0,9.0,1.0,0.205,0.302,0.318,0.62,0.313,0.279,0.075,0.082,0.167,85.9
678391,Jorbit Vivas,WSH,45 to 50,165,0.107,0.455,37.0,6.0,0.0,0.207,0.378,0.276,0.654,0.316,0.347,0.135,0.145,0.261,84.6
678391,Jorbit Vivas,WSH,5 to 10,20,0.013,0.5,,,,,,,,,,,,,
678391,Jorbit Vivas,WSH,50 to 55,109,0.071,0.44,21.0,5.0,0.0,0.25,0.286,0.4,0.686,0.331,0.259,0.19,0.222,0.267,84.7
678391,Jorbit Vivas,WSH,55 to 60,61,0.04,0.443,16.0,1.0,0.0,0.077,0.2,0.077,0.277,0.213,0.181,0.312,0.261,0.111,65.1
678391,Jorbit Vivas,WSH,60 to 65,17,0.011,0.588,,,,,,,,,,,,,
687597,Jordan Beck,COL,10 to 15,56,0.019,0.536,,,,,,,,,,,,,
687597,Jordan Beck,COL,15 to 20,114,0.038,0.526,,,,,,,,,,,,,
687597,Jordan Beck,COL,20 to 25,194,0.065,0.536,13.0,0.0,0.0,0.0,0.0,0.0,0.0,0.0,0.12,0.385,0.312,0.25,91.1
687597,Jordan Beck,COL,25 to 30,278,0.093,0.471,13.0,1.0,0.0,0.091,0.231,0.091,0.322,0.177,0.207,0.385,0.333,0.0,70.3
687597,Jordan Beck,COL,30 to 35,426,0.142,0.484,23.0,6.0,1.0,0.273,0.304,0.5,0.804,0.343,0.263,0.261,0.19,0.375,82.0
687597,Jordan Beck,COL,35 to 40,518,0.173,0.504,38.0,8.0,0.0,0.235,0.316,0.412,0.728,0.342,0.308,0.211,0.253,0.308,86.4
687597,Jordan Beck,COL,40 to 45,507,0.169,0.477,30.0,4.0,0.0,0.148,0.2,0.185,0.385,0.178,0.259,0.4,0.382,0.467,86.2
687597,Jordan Beck,COL,45 to 50,381,0.127,0.441,10.0,5.0,0.0,0.5,0.5,0.5,1.0,0.45,0.339,0.2,0.269,0.375,86.0
687597,Jordan Beck,COL,5 to 10,30,0.01,0.5,,,,,,,,,,,,,
687597,Jordan Beck,COL,50 to 55,232,0.077,0.478,11.0,2.0,0.0,0.2,0.273,0.2,0.473,0.227,0.174,0.364,0.3,0.143,84.5
687597,Jordan Beck,COL,55 to 60,158,0.053,0.418,,,,,,,,,,,,,
687597,Jordan Beck,COL,60 to 65,42,0.014,0.5,,,,,,,,,,,,,
687597,Jordan Beck,COL,65 to 70,19,0.006,0.474,,,,,,,,,,,,,
691783,Jordan Lawlar,AZ,10 to 15,20,0.025,0.4,,,,,,,,,,,,,
691783,Jordan Lawlar,AZ,15 to 20,25,0.032,0.48,,,,,,,,,,,,,
691783,Jordan Lawlar,AZ,20 to 25,32,0.04,0.438,,,,,,,,,,,,,
691783,Jordan Lawlar,AZ,25 to 30,85,0.107,0.4,11.0,1.0,0.0,0.091,0.091,0.091,0.182,0.082,0.176,0.364,0.053,0.286,87.5
691783,Jordan Lawlar,AZ,30 to 35,125,0.158,0.472,18.0,5.0,2.0,0.312,0.389,0.688,1.076,0.45,0.288,0.333,0.244,0.4,90.5
691783,Jordan Lawlar,AZ,35 to 40,132,0.167,0.379,24.0,9.0,1.0,0.409,0.458,0.682,1.14,0.485,0.374,0.208,0.219,0.294,85.6
691783,Jordan Lawlar,AZ,40 to 45,143,0.181,0.524,28.0,5.0,0.0,0.2,0.286,0.28,0.566,0.261,0.271,0.286,0.288,0.118,82.2
691783,Jordan Lawlar,AZ,45 to 50,94,0.119,0.404,17.0,3.0,0.0,0.214,0.312,0.286,0.598,0.347,0.358,0.353,0.261,0.222,68.7
691783,Jordan Lawlar,AZ,50 to 55,64,0.081,0.484,,,,,,,,,,,,,
691783,Jordan Lawlar,AZ,55 to 60,38,0.048,0.421,,,,,,,,,,,,,
691023,Jordan Walker,STL,-5 to 0,16,0.004,0.438,,,,,,,,,,,,,
691023,Jordan Walker,STL,0 to 5,19,0.005,0.474,,,,,,,,,,,,,
691023,Jordan Walker,STL,10 to 15,80,0.021,0.388,,,,,,,,,,,,,
691023,Jordan Walker,STL,15 to 20,144,0.037,0.521,29.0,6.0,2.0,0.222,0.276,0.481,0.757,0.322,0.372,0.379,0.264,0.688,99.1
691023,Jordan Walker,STL,20 to 25,362,0.093,0.464,52.0,13.0,2.0,0.265,0.308,0.429,0.736,0.356,0.325,0.212,0.299,0.526,93.1
691023,Jordan Walker,STL,25 to 30,415,0.107,0.518,77.0,22.0,6.0,0.31,0.351,0.634,0.984,0.434,0.416,0.195,0.206,0.526,94.2
691023,Jordan Walker,STL,30 to 35,557,0.143,0.512,93.0,24.0,3.0,0.282,0.333,0.471,0.804,0.366,0.336,0.226,0.276,0.4,91.9
691023,Jordan Walker,STL,35 to 40,576,0.148,0.523,115.0,22.0,2.0,0.214,0.287,0.311,0.598,0.278,0.309,0.304,0.315,0.507,93.6
691023,Jordan Walker,STL,40 to 45,634,0.163,0.494,100.0,31.0,4.0,0.356,0.44,0.609,1.049,0.449,0.383,0.23,0.341,0.5,90.4
691023,Jordan Walker,STL,45 to 50,380,0.098,0.534,53.0,13.0,1.0,0.255,0.283,0.333,0.616,0.305,0.264,0.264,0.294,0.324,89.0
691023,Jordan Walker,STL,5 to 10,45,0.012,0.511,,,,,,,,,,,,,
691023,Jordan Walker,STL,50 to 55,291,0.075,0.54,55.0,13.0,3.0,0.255,0.309,0.451,0.76,0.33,0.342,0.327,0.333,0.576,95.2
691023,Jordan Walker,STL,55 to 60,169,0.043,0.538,21.0,6.0,2.0,0.3,0.333,0.7,1.033,0.471,0.373,0.143,0.279,0.765,96.2
691023,Jordan Walker,STL,60 to 65,69,0.018,0.464,,,,,,,,,,,,,
691023,Jordan Walker,STL,65 to 70,43,0.011,0.674,,,,,,,,,,,,,
678489,Jorge Barrosa,HOU,10 to 15,30,0.029,0.367,,,,,,,,,,,,,
678489,Jorge Barrosa,HOU,15 to 20,35,0.033,0.4,,,,,,,,,,,,,
678489,Jorge Barrosa,HOU,20 to 25,71,0.068,0.408,12.0,1.0,0.0,0.091,0.167,0.182,0.348,0.162,0.178,0.25,0.182,0.125,86.3
678489,Jorge Barrosa,HOU,25 to 30,115,0.11,0.417,17.0,2.0,0.0,0.167,0.375,0.167,0.542,0.356,0.331,0.235,0.25,0.222,78.2
678489,Jorge Barrosa,HOU,30 to 35,158,0.151,0.481,24.0,3.0,0.0,0.13,0.13,0.217,0.348,0.157,0.16,0.333,0.298,0.125,77.0
678489,Jorge Barrosa,HOU,35 to 40,160,0.153,0.419,25.0,4.0,0.0,0.211,0.333,0.211,0.544,0.304,0.289,0.24,0.286,0.2,75.4
678489,Jorge Barrosa,HOU,40 to 45,171,0.163,0.433,28.0,6.0,1.0,0.24,0.296,0.44,0.736,0.338,0.188,0.321,0.22,0.312,84.0
678489,Jorge Barrosa,HOU,45 to 50,138,0.132,0.449,22.0,4.0,0.0,0.25,0.4,0.562,0.962,0.472,0.324,0.182,0.184,0.286,66.4
678489,Jorge Barrosa,HOU,50 to 55,70,0.067,0.5,11.0,5.0,1.0,0.455,0.455,0.818,1.273,0.541,0.32,0.182,0.316,0.444,81.2
678489,Jorge Barrosa,HOU,55 to 60,33,0.032,0.394,,,,,,,,,,,,,
678489,Jorge Barrosa,HOU,60 to 65,21,0.02,0.429,,,,,,,,,,,,,
622761,Jorge Mateo,TB,10 to 15,21,0.018,0.476,,,,,,,,,,,,,
622761,Jorge Mateo,TB,15 to 20,42,0.036,0.524,10.0,1.0,0.0,0.1,0.1,0.1,0.2,0.09,0.172,0.3,0.238,0.143,87.5
622761,Jorge Mateo,TB,20 to 25,87,0.075,0.552,16.0,5.0,1.0,0.312,0.312,0.562,0.875,0.428,0.397,0.062,0.25,0.533,88.3
622761,Jorge Mateo,TB,25 to 30,93,0.08,0.484,16.0,3.0,0.0,0.2,0.25,0.2,0.45,0.213,0.296,0.312,0.321,0.5,90.6
622761,Jorge Mateo,TB,30 to 35,154,0.133,0.519,29.0,5.0,0.0,0.185,0.241,0.222,0.464,0.216,0.218,0.379,0.462,0.312,83.0
622761,Jorge Mateo,TB,35 to 40,206,0.178,0.529,40.0,5.0,1.0,0.139,0.179,0.25,0.429,0.194,0.281,0.375,0.25,0.391,86.9
622761,Jorge Mateo,TB,40 to 45,196,0.169,0.536,33.0,4.0,0.0,0.129,0.182,0.129,0.311,0.152,0.205,0.303,0.361,0.286,82.9
622761,Jorge Mateo,TB,45 to 50,183,0.158,0.557,35.0,7.0,1.0,0.226,0.314,0.387,0.701,0.311,0.29,0.286,0.247,0.238,84.1
622761,Jorge Mateo,TB,50 to 55,76,0.066,0.526,10.0,1.0,0.0,0.111,0.2,0.111,0.311,0.16,0.199,0.5,0.348,0.25,76.9
622761,Jorge Mateo,TB,55 to 60,31,0.027,0.548,,,,,,,,,,,,,
622761,Jorge Mateo,TB,60 to 65,23,0.02,0.522,,,,,,,,,,,,,
593871,Jorge Polanco,NYM,10 to 15,50,0.019,0.46,,,,,,,,,,,,,
593871,Jorge Polanco,NYM,15 to 20,102,0.039,0.471,,,,,,,,,,,,,
593871,Jorge Polanco,NYM,20 to 25,166,0.064,0.416,11.0,1.0,0.0,0.111,0.273,0.111,0.384,0.209,0.263,0.273,0.167,0.333,81.2
593871,Jorge Polanco,NYM,25 to 30,292,0.112,0.438,17.0,4.0,0.0,0.25,0.294,0.312,0.607,0.274,0.335,0.176,0.115,0.385,88.7
593871,Jorge Polanco,NYM,30 to 35,415,0.16,0.429,18.0,3.0,0.0,0.188,0.278,0.25,0.528,0.247,0.301,0.167,0.143,0.538,89.9
593871,Jorge Polanco,NYM,35 to 40,430,0.166,0.495,23.0,2.0,1.0,0.087,0.087,0.261,0.348,0.141,0.083,0.304,0.288,0.312,83.2
593871,Jorge Polanco,NYM,40 to 45,396,0.153,0.457,19.0,4.0,0.0,0.222,0.263,0.278,0.541,0.245,0.35,0.158,0.167,0.2,88.6
593871,Jorge Polanco,NYM,45 to 50,296,0.114,0.459,23.0,3.0,1.0,0.143,0.217,0.286,0.503,0.226,0.247,0.217,0.343,0.2,80.7
593871,Jorge Polanco,NYM,5 to 10,18,0.007,0.278,,,,,,,,,,,,,
593871,Jorge Polanco,NYM,50 to 55,199,0.077,0.528,,,,,,,,,,,,,
593871,Jorge Polanco,NYM,55 to 60,92,0.035,0.467,,,,,,,,,,,,,
593871,Jorge Polanco,NYM,60 to 65,37,0.014,0.459,,,,,,,,,,,,,
624585,Jorge Soler,LAA,10 to 15,59,0.021,0.525,12.0,2.0,0.0,0.222,0.417,0.222,0.639,0.325,0.34,0.25,0.333,0.333,78.8
624585,Jorge Soler,LAA,15 to 20,97,0.035,0.412,,,,,,,,,,,,,
624585,Jorge Soler,LAA,20 to 25,189,0.069,0.444,21.0,8.0,0.0,0.421,0.476,0.579,1.055,0.46,0.335,0.19,0.39,0.333,83.5
624585,Jorge Soler,LAA,25 to 30,268,0.098,0.425,33.0,5.0,2.0,0.208,0.424,0.5,0.924,0.432,0.418,0.212,0.367,0.294,85.6
624585,Jorge Soler,LAA,30 to 35,394,0.143,0.429,55.0,12.0,3.0,0.286,0.436,0.571,1.008,0.445,0.369,0.255,0.303,0.483,90.2
624585,Jorge Soler,LAA,35 to 40,485,0.177,0.522,68.0,9.0,1.0,0.138,0.162,0.262,0.423,0.198,0.213,0.397,0.387,0.447,88.3
624585,Jorge Soler,LAA,40 to 45,490,0.178,0.455,66.0,6.0,1.0,0.102,0.182,0.186,0.368,0.186,0.234,0.364,0.344,0.361,85.6
624585,Jorge Soler,LAA,45 to 50,358,0.13,0.45,38.0,5.0,1.0,0.139,0.184,0.25,0.434,0.193,0.208,0.5,0.365,0.471,92.3
624585,Jorge Soler,LAA,5 to 10,20,0.007,0.55,,,,,,,,,,,,,
624585,Jorge Soler,LAA,50 to 55,224,0.082,0.455,33.0,6.0,3.0,0.188,0.212,0.5,0.712,0.295,0.31,0.455,0.327,0.529,95.8
624585,Jorge Soler,LAA,55 to 60,72,0.026,0.431,,,,,,,,,,,,,
624585,Jorge Soler,LAA,60 to 65,28,0.01,0.571,,,,,,,,,,,,,
699912,Jose Fernandez,AZ,10 to 15,17,0.02,0.294,,,,,,,,,,,,,
699912,Jose Fernandez,AZ,15 to 20,32,0.038,0.438,10.0,3.0,0.0,0.333,0.333,0.444,0.778,0.361,0.398,0.3,0.286,0.429,80.4
699912,Jose Fernandez,AZ,20 to 25,83,0.098,0.47,18.0,2.0,0.0,0.118,0.118,0.118,0.235,0.125,0.171,0.278,0.256,0.417,80.0
699912,Jose Fernandez,AZ,25 to 30,96,0.113,0.375,24.0,6.0,0.0,0.316,0.458,0.421,0.879,0.4,0.367,0.167,0.278,0.467,90.8
699912,Jose Fernandez,AZ,30 to 35,139,0.164,0.432,39.0,8.0,0.0,0.216,0.237,0.297,0.534,0.312,0.244,0.179,0.183,0.29,86.0
699912,Jose Fernandez,AZ,35 to 40,118,0.139,0.449,31.0,4.0,0.0,0.148,0.233,0.148,0.381,0.227,0.268,0.29,0.283,0.421,82.7
699912,Jose Fernandez,AZ,40 to 45,146,0.172,0.5,37.0,10.0,1.0,0.286,0.306,0.4,0.706,0.34,0.264,0.216,0.233,0.393,84.5
699912,Jose Fernandez,AZ,45 to 50,100,0.118,0.5,29.0,9.0,0.0,0.321,0.345,0.357,0.702,0.316,0.273,0.276,0.18,0.4,79.5
699912,Jose Fernandez,AZ,50 to 55,40,0.047,0.4,,,,,,,,,,,,,
699912,Jose Fernandez,AZ,55 to 60,16,0.019,0.625,,,,,,,,,,,,,
624431,Jose Trevino,CIN,10 to 15,31,0.019,0.677,,,,,,,,,,,,,
624431,Jose Trevino,CIN,15 to 20,51,0.032,0.412,,,,,,,,,,,,,
624431,Jose Trevino,CIN,20 to 25,103,0.065,0.379,,,,,,,,,,,,,
624431,Jose Trevino,CIN,25 to 30,169,0.106,0.45,18.0,5.0,0.0,0.278,0.278,0.278,0.556,0.3,0.308,0.111,0.167,0.312,88.4
624431,Jose Trevino,CIN,30 to 35,213,0.134,0.465,18.0,2.0,1.0,0.111,0.111,0.278,0.389,0.161,0.189,0.111,0.225,0.412,85.8
624431,Jose Trevino,CIN,35 to 40,253,0.159,0.455,26.0,10.0,3.0,0.385,0.385,0.808,1.192,0.5,0.273,0.269,0.243,0.389,90.7
624431,Jose Trevino,CIN,40 to 45,277,0.174,0.542,27.0,5.0,0.0,0.185,0.185,0.222,0.407,0.18,0.228,0.185,0.214,0.227,81.4
624431,Jose Trevino,CIN,45 to 50,214,0.134,0.458,16.0,4.0,1.0,0.286,0.312,0.5,0.812,0.338,0.281,0.125,0.129,0.143,78.7
624431,Jose Trevino,CIN,5 to 10,21,0.013,0.667,,,,,,,,,,,,,
624431,Jose Trevino,CIN,50 to 55,121,0.076,0.471,10.0,1.0,0.0,0.111,0.111,0.111,0.222,0.122,0.115,0.4,0.412,0.0,66.5
624431,Jose Trevino,CIN,55 to 60,75,0.047,0.507,,,,,,,,,,,,,
624431,Jose Trevino,CIN,60 to 65,32,0.02,0.594,,,,,,,,,,,,,
605137,Josh Bell,MIN,10 to 15,100,0.022,0.41,13.0,4.0,1.0,0.308,0.308,0.538,0.846,0.362,0.412,0.154,0.167,0.364,90.0
605137,Josh Bell,MIN,15 to 20,142,0.031,0.423,15.0,4.0,0.0,0.308,0.333,0.462,0.795,0.333,0.342,0.133,0.182,0.333,91.8
605137,Josh Bell,MIN,20 to 25,357,0.078,0.493,47.0,11.0,4.0,0.256,0.319,0.535,0.854,0.372,0.399,0.17,0.193,0.471,92.3
605137,Josh Bell,MIN,25 to 30,350,0.077,0.523,37.0,10.0,2.0,0.303,0.378,0.515,0.894,0.388,0.387,0.216,0.165,0.36,90.4
605137,Josh Bell,MIN,30 to 35,708,0.155,0.501,97.0,24.0,1.0,0.267,0.309,0.367,0.676,0.308,0.31,0.227,0.213,0.449,90.9
605137,Josh Bell,MIN,35 to 40,848,0.186,0.483,127.0,29.0,4.0,0.246,0.291,0.407,0.698,0.316,0.333,0.189,0.183,0.447,89.8
605137,Josh Bell,MIN,40 to 45,795,0.174,0.473,121.0,30.0,3.0,0.275,0.347,0.44,0.787,0.353,0.318,0.165,0.227,0.404,87.6
605137,Josh Bell,MIN,45 to 50,544,0.119,0.461,62.0,13.0,1.0,0.228,0.274,0.333,0.608,0.269,0.299,0.29,0.199,0.425,90.3
605137,Josh Bell,MIN,5 to 10,41,0.009,0.488,,,,,,,,,,,,,
605137,Josh Bell,MIN,50 to 55,313,0.069,0.482,45.0,7.0,1.0,0.194,0.356,0.333,0.689,0.32,0.376,0.133,0.186,0.367,88.4
605137,Josh Bell,MIN,55 to 60,146,0.032,0.479,15.0,3.0,2.0,0.214,0.2,0.643,0.843,0.327,0.261,0.4,0.29,0.444,92.1
605137,Josh Bell,MIN,60 to 65,57,0.012,0.456,10.0,1.0,0.0,0.1,0.1,0.1,0.2,0.09,0.112,0.3,0.267,0.286,90.1
605137,Josh Bell,MIN,65 to 70,35,0.008,0.371,,,,,,,,,,,,,
673962,Josh Jung,TEX,10 to 15,59,0.017,0.559,,,,,,,,,,,,,
673962,Josh Jung,TEX,15 to 20,133,0.038,0.398,14.0,5.0,0.0,0.357,0.357,0.5,0.857,0.371,0.356,0.071,0.087,0.692,95.3
673962,Josh Jung,TEX,20 to 25,236,0.067,0.466,40.0,9.0,1.0,0.231,0.25,0.333,0.583,0.256,0.232,0.2,0.14,0.29,87.8
673962,Josh Jung,TEX,25 to 30,373,0.106,0.453,46.0,15.0,1.0,0.366,0.435,0.512,0.947,0.416,0.347,0.217,0.167,0.4,88.5
673962,Josh Jung,TEX,30 to 35,530,0.15,0.526,59.0,17.0,3.0,0.315,0.356,0.519,0.874,0.39,0.422,0.169,0.175,0.489,90.7
673962,Josh Jung,TEX,35 to 40,617,0.175,0.514,81.0,21.0,3.0,0.3,0.383,0.529,0.911,0.391,0.359,0.173,0.161,0.526,90.6
673962,Josh Jung,TEX,40 to 45,533,0.151,0.492,63.0,17.0,1.0,0.288,0.333,0.475,0.808,0.363,0.328,0.159,0.195,0.551,92.3
673962,Josh Jung,TEX,45 to 50,428,0.121,0.474,48.0,15.0,0.0,0.349,0.417,0.372,0.789,0.361,0.312,0.188,0.189,0.353,86.5
673962,Josh Jung,TEX,5 to 10,38,0.011,0.553,,,,,,,,,,,,,
673962,Josh Jung,TEX,50 to 55,314,0.089,0.51,44.0,9.0,2.0,0.237,0.318,0.421,0.739,0.322,0.321,0.273,0.275,0.481,91.6
673962,Josh Jung,TEX,55 to 60,131,0.037,0.557,18.0,4.0,0.0,0.25,0.333,0.375,0.708,0.317,0.478,0.111,0.077,0.857,97.7
673962,Josh Jung,TEX,60 to 65,63,0.018,0.492,,,,,,,,,,,,,
673962,Josh Jung,TEX,65 to 70,17,0.005,0.529,,,,,,,,,,,,,
666139,Josh Lowe,LAA,10 to 15,50,0.015,0.56,,,,,,,,,,,,,
666139,Josh Lowe,LAA,15 to 20,111,0.034,0.532,10.0,1.0,0.0,0.125,0.3,0.25,0.55,0.265,0.287,0.3,0.259,0.8,92.2
666139,Josh Lowe,LAA,20 to 25,235,0.072,0.545,23.0,4.0,0.0,0.2,0.304,0.25,0.554,0.263,0.25,0.304,0.393,0.154,82.8
666139,Josh Lowe,LAA,25 to 30,362,0.111,0.547,31.0,4.0,0.0,0.167,0.355,0.208,0.563,0.285,0.26,0.355,0.262,0.077,84.7
666139,Josh Lowe,LAA,30 to 35,526,0.161,0.515,52.0,7.0,3.0,0.146,0.192,0.354,0.546,0.232,0.272,0.404,0.328,0.357,88.0
666139,Josh Lowe,LAA,35 to 40,588,0.18,0.558,56.0,11.0,1.0,0.216,0.273,0.294,0.567,0.261,0.311,0.286,0.317,0.444,87.0
666139,Josh Lowe,LAA,40 to 45,524,0.161,0.567,60.0,13.0,3.0,0.232,0.283,0.446,0.73,0.314,0.312,0.333,0.263,0.528,91.5
666139,Josh Lowe,LAA,45 to 50,344,0.106,0.567,46.0,12.0,2.0,0.273,0.289,0.409,0.698,0.329,0.31,0.217,0.25,0.343,86.8
666139,Josh Lowe,LAA,50 to 55,236,0.072,0.53,16.0,7.0,3.0,0.438,0.438,1.0,1.438,0.6,0.387,0.25,0.326,0.417,87.6
666139,Josh Lowe,LAA,55 to 60,109,0.033,0.523,,,,,,,,,,,,,
666139,Josh Lowe,LAA,60 to 65,49,0.015,0.449,,,,,,,,,,,,,
666139,Josh Lowe,LAA,65 to 70,17,0.005,0.529,,,,,,,,,,,,,
647304,Josh Naylor,SEA,0 to 5,15,0.004,0.467,,,,,,,,,,,,,
647304,Josh Naylor,SEA,10 to 15,74,0.018,0.473,,,,,,,,,,,,,
647304,Josh Naylor,SEA,15 to 20,145,0.035,0.517,22.0,7.0,0.0,0.318,0.318,0.364,0.682,0.302,0.251,0.045,0.171,0.238,85.3
647304,Josh Naylor,SEA,20 to 25,279,0.067,0.52,39.0,12.0,0.0,0.333,0.385,0.361,0.746,0.358,0.311,0.103,0.187,0.375,87.6
647304,Josh Naylor,SEA,25 to 30,375,0.091,0.488,62.0,19.0,3.0,0.345,0.403,0.527,0.93,0.409,0.38,0.129,0.135,0.468,89.8
647304,Josh Naylor,SEA,30 to 35,612,0.148,0.551,88.0,20.0,2.0,0.25,0.318,0.35,0.668,0.315,0.307,0.102,0.172,0.357,87.5
647304,Josh Naylor,SEA,35 to 40,701,0.169,0.516,100.0,23.0,2.0,0.242,0.28,0.337,0.617,0.274,0.298,0.15,0.146,0.296,87.1
647304,Josh Naylor,SEA,40 to 45,694,0.168,0.519,116.0,29.0,0.0,0.261,0.293,0.297,0.59,0.275,0.342,0.147,0.153,0.383,88.3
647304,Josh Naylor,SEA,45 to 50,434,0.105,0.558,73.0,13.0,0.0,0.194,0.26,0.209,0.469,0.235,0.274,0.137,0.212,0.333,83.6
647304,Josh Naylor,SEA,5 to 10,35,0.008,0.514,,,,,,,,,,,,,
647304,Josh Naylor,SEA,50 to 55,358,0.086,0.581,52.0,14.0,1.0,0.304,0.365,0.435,0.8,0.351,0.334,0.115,0.096,0.415,86.4
647304,Josh Naylor,SEA,55 to 60,208,0.05,0.476,32.0,7.0,2.0,0.25,0.344,0.536,0.879,0.403,0.359,0.125,0.214,0.333,84.3
647304,Josh Naylor,SEA,60 to 65,61,0.015,0.459,,,,,,,,,,,,,
647304,Josh Naylor,SEA,65 to 70,18,0.004,0.611,,,,,,,,,,,,,
668942,Josh Rojas,KC,10 to 15,31,0.026,0.452,,,,,,,,,,,,,
668942,Josh Rojas,KC,15 to 20,83,0.07,0.422,,,,,,,,,,,,,
668942,Josh Rojas,KC,20 to 25,73,0.061,0.452,14.0,2.0,0.0,0.167,0.231,0.167,0.397,0.208,0.225,0.143,0.167,0.273,71.7
668942,Josh Rojas,KC,25 to 30,133,0.111,0.534,14.0,1.0,1.0,0.091,0.231,0.364,0.594,0.277,0.154,0.0,0.053,0.0,80.7
668942,Josh Rojas,KC,30 to 35,154,0.129,0.468,10.0,3.0,0.0,0.3,0.3,0.3,0.6,0.27,0.156,0.1,0.167,0.222,82.5
668942,Josh Rojas,KC,35 to 40,208,0.174,0.49,23.0,5.0,0.0,0.217,0.217,0.261,0.478,0.25,0.192,0.13,0.13,0.2,86.6
668942,Josh Rojas,KC,40 to 45,195,0.163,0.477,18.0,6.0,0.0,0.333,0.333,0.389,0.722,0.369,0.28,0.167,0.171,0.4,88.7
668942,Josh Rojas,KC,45 to 50,104,0.087,0.51,,,,,,,,,,,,,
668942,Josh Rojas,KC,5 to 10,15,0.013,0.467,,,,,,,,,,,,,
668942,Josh Rojas,KC,50 to 55,79,0.066,0.443,,,,,,,,,,,,,
668942,Josh Rojas,KC,55 to 60,55,0.046,0.4,,,,,,,,,,,,,
668942,Josh Rojas,KC,60 to 65,21,0.018,0.381,,,,,,,,,,,,,
669701,Josh Smith,TOR,0 to 5,15,0.005,0.2,,,,,,,,,,,,,
669701,Josh Smith,TOR,10 to 15,85,0.026,0.482,,,,,,,,,,,,,
669701,Josh Smith,TOR,15 to 20,140,0.043,0.543,14.0,1.0,1.0,0.083,0.214,0.333,0.548,0.243,0.196,0.286,0.286,0.5,92.2
669701,Josh Smith,TOR,20 to 25,226,0.07,0.465,18.0,4.0,0.0,0.235,0.278,0.235,0.513,0.239,0.249,0.222,0.239,0.308,89.6
669701,Josh Smith,TOR,25 to 30,338,0.104,0.464,25.0,2.0,0.0,0.095,0.208,0.095,0.304,0.171,0.307,0.16,0.3,0.444,84.4
669701,Josh Smith,TOR,30 to 35,495,0.153,0.422,32.0,5.0,1.0,0.179,0.258,0.286,0.544,0.284,0.29,0.125,0.18,0.4,81.8
669701,Josh Smith,TOR,35 to 40,535,0.165,0.421,39.0,10.0,1.0,0.333,0.436,0.467,0.903,0.404,0.366,0.154,0.134,0.24,83.5
669701,Josh Smith,TOR,40 to 45,493,0.152,0.456,43.0,10.0,1.0,0.256,0.326,0.462,0.787,0.362,0.287,0.256,0.173,0.321,84.1
669701,Josh Smith,TOR,45 to 50,340,0.105,0.471,14.0,2.0,2.0,0.143,0.143,0.571,0.714,0.286,0.312,0.429,0.25,0.375,87.9
669701,Josh Smith,TOR,5 to 10,28,0.009,0.536,,,,,,,,,,,,,
669701,Josh Smith,TOR,50 to 55,267,0.082,0.472,18.0,6.0,0.0,0.375,0.444,0.375,0.819,0.378,0.212,0.167,0.256,0.0,80.0
669701,Josh Smith,TOR,55 to 60,130,0.04,0.5,,,,,,,,,,,,,
669701,Josh Smith,TOR,60 to 65,48,0.015,0.417,,,,,,,,,,,,,
695491,Joshua Báez,STL,20 to 25,57,0.149,0.491,14.0,5.0,2.0,0.385,0.429,0.923,1.352,0.554,0.484,0.286,0.393,0.667,97.7
695491,Joshua Báez,STL,25 to 30,53,0.139,0.604,19.0,2.0,2.0,0.125,0.263,0.5,0.763,0.368,0.448,0.105,0.219,0.429,91.2
695491,Joshua Báez,STL,30 to 35,53,0.139,0.472,,,,,,,,,,,,,
695491,Joshua Báez,STL,35 to 40,45,0.118,0.556,18.0,5.0,1.0,0.312,0.333,0.688,1.021,0.408,0.373,0.278,0.48,0.333,91.4
695491,Joshua Báez,STL,40 to 45,54,0.141,0.63,15.0,3.0,1.0,0.214,0.267,0.429,0.695,0.3,0.222,0.4,0.412,0.375,90.5
695491,Joshua Báez,STL,45 to 50,44,0.115,0.545,10.0,2.0,0.0,0.222,0.3,0.444,0.744,0.32,0.27,0.3,0.208,0.833,96.4
695491,Joshua Báez,STL,50 to 55,32,0.084,0.5,11.0,1.0,0.0,0.091,0.091,0.091,0.182,0.082,0.165,0.273,0.188,0.5,92.8
811965,Joshua Kuroda-Grauer,ATH,25 to 30,15,0.064,0.533,,,,,,,,,,,,,
811965,Joshua Kuroda-Grauer,ATH,30 to 35,48,0.205,0.583,15.0,6.0,1.0,0.4,0.4,0.6,1.0,0.433,0.414,0.133,0.143,0.692,95.0
811965,Joshua Kuroda-Grauer,ATH,35 to 40,39,0.167,0.436,,,,,,,,,,,,,
811965,Joshua Kuroda-Grauer,ATH,40 to 45,55,0.235,0.545,16.0,6.0,0.0,0.375,0.375,0.5,0.875,0.381,0.249,0.25,0.2,0.25,85.6
811965,Joshua Kuroda-Grauer,ATH,45 to 50,18,0.077,0.778,,,,,,,,,,,,,
514888,José Altuve,HOU,-5 to 0,15,0.003,0.467,,,,,,,,,,,,,
514888,José Altuve,HOU,0 to 5,24,0.006,0.458,,,,,,,,,,,,,
514888,José Altuve,HOU,10 to 15,87,0.02,0.517,,,,,,,,,,,,,
514888,José Altuve,HOU,15 to 20,149,0.035,0.49,23.0,4.0,3.0,0.2,0.304,0.65,0.954,0.391,0.263,0.348,0.257,0.583,88.7
514888,José Altuve,HOU,20 to 25,254,0.059,0.48,26.0,3.0,0.0,0.13,0.192,0.174,0.366,0.178,0.192,0.231,0.17,0.235,77.5
514888,José Altuve,HOU,25 to 30,381,0.088,0.472,44.0,14.0,1.0,0.341,0.386,0.537,0.923,0.399,0.3,0.182,0.158,0.364,86.7
514888,José Altuve,HOU,30 to 35,596,0.138,0.497,86.0,21.0,4.0,0.262,0.302,0.462,0.765,0.338,0.263,0.163,0.165,0.304,86.8
514888,José Altuve,HOU,35 to 40,832,0.193,0.5,103.0,16.0,0.0,0.165,0.214,0.196,0.409,0.217,0.263,0.194,0.232,0.26,85.0
514888,José Altuve,HOU,40 to 45,768,0.178,0.477,89.0,20.0,3.0,0.26,0.341,0.455,0.795,0.358,0.316,0.18,0.23,0.333,83.1
514888,José Altuve,HOU,45 to 50,523,0.121,0.488,72.0,23.0,4.0,0.338,0.375,0.603,0.978,0.417,0.283,0.208,0.227,0.415,87.1
514888,José Altuve,HOU,5 to 10,51,0.012,0.451,,,,,,,,,,,,,
514888,José Altuve,HOU,50 to 55,299,0.069,0.465,36.0,10.0,0.0,0.323,0.417,0.387,0.804,0.367,0.33,0.139,0.185,0.259,79.3
514888,José Altuve,HOU,55 to 60,141,0.033,0.468,20.0,2.0,0.0,0.111,0.2,0.111,0.311,0.16,0.244,0.35,0.152,0.455,89.4
514888,José Altuve,HOU,60 to 65,59,0.014,0.525,,,,,,,,,,,,,
514888,José Altuve,HOU,65 to 70,19,0.004,0.526,,,,,,,,,,,,,
640492,José Azócar,ATL,25 to 30,19,0.14,0.632,,,,,,,,,,,,,
640492,José Azócar,ATL,30 to 35,21,0.154,0.667,,,,,,,,,,,,,
640492,José Azócar,ATL,35 to 40,24,0.176,0.625,,,,,,,,,,,,,
640492,José Azócar,ATL,40 to 45,39,0.287,0.436,,,,,,,,,,,,,
676480,José Barrero,BAL,25 to 30,27,0.2,0.667,,,,,,,,,,,,,
676480,José Barrero,BAL,35 to 40,17,0.126,0.353,,,,,,,,,,,,,
676480,José Barrero,BAL,45 to 50,23,0.17,0.696,,,,,,,,,,,,,
676609,José Caballero,NYY,-5 to 0,20,0.006,0.4,,,,,,,,,,,,,
676609,José Caballero,NYY,10 to 15,39,0.012,0.513,10.0,0.0,0.0,0.0,0.2,0.0,0.2,0.14,0.2,0.5,0.312,0.333,72.2
676609,José Caballero,NYY,15 to 20,104,0.031,0.433,15.0,4.0,0.0,0.364,0.429,0.455,0.883,0.396,0.411,0.267,0.185,0.556,83.7
676609,José Caballero,NYY,20 to 25,166,0.05,0.367,18.0,3.0,0.0,0.2,0.333,0.2,0.533,0.267,0.276,0.222,0.314,0.182,79.4
676609,José Caballero,NYY,25 to 30,289,0.087,0.429,43.0,10.0,4.0,0.256,0.31,0.59,0.899,0.382,0.328,0.163,0.233,0.333,82.2
676609,José Caballero,NYY,30 to 35,404,0.121,0.49,51.0,6.0,0.0,0.13,0.216,0.152,0.368,0.199,0.261,0.275,0.298,0.125,81.3
676609,José Caballero,NYY,35 to 40,603,0.181,0.471,86.0,18.0,2.0,0.237,0.294,0.368,0.663,0.293,0.286,0.186,0.232,0.238,78.0
676609,José Caballero,NYY,40 to 45,537,0.161,0.467,63.0,13.0,1.0,0.22,0.254,0.271,0.525,0.237,0.215,0.286,0.273,0.233,77.4
676609,José Caballero,NYY,45 to 50,429,0.129,0.52,60.0,14.0,3.0,0.25,0.288,0.446,0.735,0.336,0.28,0.217,0.193,0.318,86.6
676609,José Caballero,NYY,5 to 10,26,0.008,0.308,,,,,,,,,,,,,
676609,José Caballero,NYY,50 to 55,359,0.108,0.487,47.0,12.0,1.0,0.279,0.34,0.349,0.689,0.332,0.282,0.234,0.218,0.219,77.0
676609,José Caballero,NYY,55 to 60,140,0.042,0.471,18.0,8.0,2.0,0.444,0.444,0.778,1.222,0.522,0.396,0.222,0.225,0.286,82.2
676609,José Caballero,NYY,60 to 65,68,0.02,0.456,11.0,4.0,0.0,0.364,0.364,0.636,1.0,0.423,0.25,0.455,0.304,0.5,92.3
676609,José Caballero,NYY,65 to 70,22,0.007,0.273,,,,,,,,,,,,,
665877,José Fermín,STL,10 to 15,43,0.024,0.558,12.0,5.0,0.0,0.417,0.417,0.417,0.833,0.45,0.27,0.25,0.174,0.0,89.1
665877,José Fermín,STL,15 to 20,49,0.028,0.265,,,,,,,,,,,,,
665877,José Fermín,STL,20 to 25,130,0.073,0.415,23.0,1.0,0.0,0.043,0.043,0.087,0.13,0.154,0.189,0.087,0.14,0.316,80.4
665877,José Fermín,STL,25 to 30,219,0.124,0.406,43.0,12.0,1.0,0.316,0.395,0.474,0.869,0.383,0.328,0.093,0.079,0.353,85.5
665877,José Fermín,STL,30 to 35,261,0.148,0.406,58.0,14.0,3.0,0.259,0.293,0.5,0.793,0.334,0.314,0.172,0.156,0.489,90.0
665877,José Fermín,STL,35 to 40,299,0.169,0.418,64.0,14.0,2.0,0.275,0.381,0.431,0.812,0.389,0.359,0.078,0.077,0.347,83.3
665877,José Fermín,STL,40 to 45,288,0.163,0.358,57.0,12.0,0.0,0.245,0.333,0.306,0.639,0.294,0.283,0.105,0.106,0.182,85.3
665877,José Fermín,STL,45 to 50,179,0.101,0.425,36.0,4.0,0.0,0.121,0.171,0.182,0.353,0.169,0.24,0.111,0.164,0.233,83.1
665877,José Fermín,STL,50 to 55,132,0.075,0.379,25.0,4.0,0.0,0.19,0.24,0.238,0.478,0.214,0.224,0.24,0.05,0.412,87.4
665877,José Fermín,STL,55 to 60,64,0.036,0.375,15.0,5.0,0.0,0.333,0.333,0.4,0.733,0.383,0.254,0.2,0.0,0.333,90.4
665877,José Fermín,STL,60 to 65,24,0.014,0.333,,,,,,,,,,,,,
608070,José Ramírez,CLE,10 to 15,103,0.021,0.476,11.0,5.0,0.0,0.455,0.455,0.545,1.0,0.441,0.364,0.091,0.04,0.6,97.2
608070,José Ramírez,CLE,15 to 20,137,0.028,0.46,16.0,1.0,0.0,0.071,0.188,0.143,0.33,0.166,0.232,0.062,0.056,0.154,82.9
608070,José Ramírez,CLE,20 to 25,318,0.065,0.425,34.0,7.0,2.0,0.269,0.441,0.615,1.057,0.446,0.429,0.088,0.115,0.435,90.5
608070,José Ramírez,CLE,25 to 30,495,0.1,0.436,35.0,10.0,1.0,0.323,0.371,0.452,0.823,0.359,0.386,0.086,0.203,0.31,83.9
608070,José Ramírez,CLE,30 to 35,733,0.149,0.486,79.0,15.0,4.0,0.205,0.241,0.438,0.679,0.304,0.314,0.177,0.123,0.45,89.8
608070,José Ramírez,CLE,35 to 40,771,0.157,0.46,69.0,20.0,1.0,0.328,0.406,0.459,0.865,0.409,0.335,0.159,0.113,0.42,90.4
608070,José Ramírez,CLE,40 to 45,829,0.168,0.472,91.0,16.0,2.0,0.208,0.308,0.325,0.632,0.286,0.312,0.143,0.176,0.333,88.1
608070,José Ramírez,CLE,45 to 50,606,0.123,0.455,77.0,15.0,2.0,0.224,0.325,0.343,0.668,0.316,0.362,0.13,0.125,0.404,89.4
608070,José Ramírez,CLE,5 to 10,28,0.006,0.357,,,,,,,,,,,,,
608070,José Ramírez,CLE,50 to 55,390,0.079,0.474,48.0,6.0,0.0,0.133,0.167,0.178,0.344,0.194,0.264,0.146,0.132,0.359,88.1
608070,José Ramírez,CLE,55 to 60,151,0.031,0.483,19.0,3.0,0.0,0.2,0.368,0.333,0.702,0.326,0.326,0.105,0.2,0.308,87.9
608070,José Ramírez,CLE,60 to 65,59,0.012,0.356,,,,,,,,,,,,,
608070,José Ramírez,CLE,65 to 70,26,0.005,0.462,,,,,,,,,,,,,
642350,José Siri,LAA,10 to 15,15,0.014,0.333,,,,,,,,,,,,,
642350,José Siri,LAA,15 to 20,29,0.026,0.517,,,,,,,,,,,,,
642350,José Siri,LAA,20 to 25,55,0.05,0.545,14.0,3.0,1.0,0.231,0.286,0.462,0.747,0.321,0.264,0.5,0.321,0.5,92.6
642350,José Siri,LAA,25 to 30,110,0.099,0.509,18.0,6.0,3.0,0.353,0.389,0.882,1.271,0.522,0.436,0.389,0.4,0.5,94.6
642350,José Siri,LAA,30 to 35,137,0.123,0.518,32.0,3.0,1.0,0.115,0.258,0.231,0.489,0.242,0.349,0.25,0.364,0.526,89.8
642350,José Siri,LAA,35 to 40,157,0.141,0.42,26.0,4.0,0.0,0.19,0.32,0.19,0.51,0.3,0.257,0.269,0.4,0.267,80.8
642350,José Siri,LAA,40 to 45,212,0.191,0.557,52.0,17.0,3.0,0.347,0.353,0.612,0.965,0.41,0.338,0.288,0.375,0.389,87.0
642350,José Siri,LAA,45 to 50,151,0.136,0.642,40.0,9.0,1.0,0.231,0.25,0.385,0.635,0.274,0.268,0.425,0.337,0.591,90.9
642350,José Siri,LAA,5 to 10,15,0.014,0.4,,,,,,,,,,,,,
642350,José Siri,LAA,50 to 55,106,0.095,0.566,29.0,4.0,0.0,0.148,0.207,0.222,0.429,0.252,0.285,0.276,0.347,0.368,86.1
642350,José Siri,LAA,55 to 60,41,0.037,0.463,,,,,,,,,,,,,
642350,José Siri,LAA,60 to 65,15,0.014,0.333,,,,,,,,,,,,,
677588,José Tena,WSH,10 to 15,35,0.019,0.486,,,,,,,,,,,,,
677588,José Tena,WSH,15 to 20,72,0.039,0.444,15.0,3.0,0.0,0.231,0.333,0.308,0.641,0.297,0.368,0.267,0.273,0.556,93.7
677588,José Tena,WSH,20 to 25,168,0.091,0.387,21.0,1.0,0.0,0.053,0.143,0.053,0.195,0.11,0.176,0.381,0.333,0.273,84.2
677588,José Tena,WSH,25 to 30,218,0.118,0.537,45.0,10.0,3.0,0.238,0.289,0.5,0.789,0.356,0.349,0.333,0.295,0.556,91.3
677588,José Tena,WSH,30 to 35,284,0.154,0.465,38.0,7.0,1.0,0.2,0.263,0.371,0.635,0.301,0.285,0.237,0.259,0.5,90.1
677588,José Tena,WSH,35 to 40,337,0.183,0.478,43.0,5.0,1.0,0.135,0.256,0.243,0.499,0.236,0.257,0.326,0.404,0.391,88.6
677588,José Tena,WSH,40 to 45,285,0.154,0.491,45.0,15.0,1.0,0.366,0.422,0.537,0.959,0.418,0.376,0.333,0.347,0.462,94.0
677588,José Tena,WSH,45 to 50,216,0.117,0.454,33.0,4.0,0.0,0.143,0.273,0.179,0.451,0.226,0.215,0.333,0.302,0.353,88.9
677588,José Tena,WSH,50 to 55,111,0.06,0.441,22.0,7.0,1.0,0.368,0.409,0.684,1.093,0.448,0.301,0.136,0.114,0.529,91.8
677588,José Tena,WSH,55 to 60,59,0.032,0.407,,,,,,,,,,,,,
677588,José Tena,WSH,60 to 65,26,0.014,0.385,,,,,,,,,,,,,
682877,Juan Brito,CIN,10 to 15,15,0.035,0.6,,,,,,,,,,,,,
682877,Juan Brito,CIN,15 to 20,21,0.05,0.476,,,,,,,,,,,,,
682877,Juan Brito,CIN,20 to 25,23,0.054,0.522,,,,,,,,,,,,,
682877,Juan Brito,CIN,25 to 30,35,0.083,0.6,,,,,,,,,,,,,
682877,Juan Brito,CIN,30 to 35,60,0.142,0.5,19.0,3.0,0.0,0.176,0.263,0.294,0.557,0.253,0.318,0.105,0.1,0.267,83.4
682877,Juan Brito,CIN,35 to 40,62,0.147,0.532,16.0,4.0,0.0,0.267,0.312,0.333,0.646,0.291,0.257,0.188,0.182,0.417,86.8
682877,Juan Brito,CIN,40 to 45,43,0.102,0.535,10.0,2.0,0.0,0.25,0.3,0.375,0.675,0.285,0.163,0.4,0.304,0.0,78.5
682877,Juan Brito,CIN,45 to 50,59,0.139,0.61,19.0,3.0,1.0,0.167,0.211,0.333,0.544,0.237,0.168,0.316,0.333,0.417,87.8
682877,Juan Brito,CIN,50 to 55,43,0.102,0.372,,,,,,,,,,,,,
682877,Juan Brito,CIN,55 to 60,24,0.057,0.417,,,,,,,,,,,,,
665742,Juan Soto,NYM,0 to 5,16,0.003,0.562,,,,,,,,,,,,,
665742,Juan Soto,NYM,10 to 15,98,0.02,0.388,11.0,2.0,0.0,0.222,0.364,0.222,0.586,0.373,0.441,0.0,0.067,0.444,83.9
665742,Juan Soto,NYM,15 to 20,207,0.043,0.338,13.0,4.0,2.0,0.4,0.538,1.0,1.538,0.608,0.438,0.077,0.3,0.556,95.4
665742,Juan Soto,NYM,20 to 25,379,0.078,0.361,38.0,8.0,1.0,0.267,0.421,0.4,0.821,0.375,0.363,0.211,0.185,0.455,89.0
665742,Juan Soto,NYM,25 to 30,477,0.098,0.369,47.0,15.0,5.0,0.366,0.447,0.78,1.227,0.509,0.519,0.128,0.202,0.583,95.0
665742,Juan Soto,NYM,30 to 35,603,0.124,0.362,59.0,8.0,2.0,0.163,0.288,0.327,0.615,0.278,0.384,0.186,0.26,0.513,92.2
665742,Juan Soto,NYM,35 to 40,802,0.165,0.364,78.0,23.0,5.0,0.329,0.397,0.543,0.94,0.408,0.414,0.141,0.14,0.475,92.5
665742,Juan Soto,NYM,40 to 45,847,0.174,0.394,77.0,17.0,4.0,0.239,0.299,0.465,0.763,0.338,0.431,0.169,0.2,0.561,95.2
665742,Juan Soto,NYM,45 to 50,599,0.123,0.374,58.0,13.0,3.0,0.289,0.431,0.511,0.942,0.409,0.411,0.121,0.22,0.4,89.5
665742,Juan Soto,NYM,5 to 10,48,0.01,0.354,,,,,,,,,,,,,
665742,Juan Soto,NYM,50 to 55,319,0.066,0.342,18.0,1.0,1.0,0.059,0.111,0.235,0.346,0.15,0.085,0.167,0.103,0.143,87.8
665742,Juan Soto,NYM,55 to 60,188,0.039,0.431,16.0,4.0,2.0,0.333,0.5,0.833,1.333,0.538,0.531,0.125,0.172,0.5,92.7
665742,Juan Soto,NYM,60 to 65,78,0.016,0.372,,,,,,,,,,,,,
665742,Juan Soto,NYM,65 to 70,29,0.006,0.448,,,,,,,,,,,,,
677594,Julio Rodríguez,SEA,10 to 15,75,0.015,0.493,,,,,,,,,,,,,
677594,Julio Rodríguez,SEA,15 to 20,161,0.033,0.559,22.0,4.0,0.0,0.2,0.273,0.2,0.473,0.268,0.24,0.182,0.222,0.235,87.1
677594,Julio Rodríguez,SEA,20 to 25,330,0.067,0.521,40.0,8.0,2.0,0.216,0.275,0.405,0.68,0.296,0.406,0.1,0.158,0.515,91.6
677594,Julio Rodríguez,SEA,25 to 30,508,0.103,0.522,58.0,13.0,3.0,0.26,0.362,0.54,0.902,0.385,0.403,0.19,0.313,0.615,96.8
677594,Julio Rodríguez,SEA,30 to 35,672,0.137,0.478,85.0,19.0,1.0,0.241,0.294,0.354,0.649,0.32,0.301,0.247,0.233,0.466,89.8
677594,Julio Rodríguez,SEA,35 to 40,797,0.162,0.566,116.0,24.0,2.0,0.218,0.25,0.3,0.55,0.252,0.275,0.25,0.295,0.402,89.2
677594,Julio Rodríguez,SEA,40 to 45,817,0.166,0.562,115.0,30.0,6.0,0.286,0.339,0.495,0.834,0.359,0.355,0.217,0.21,0.37,86.9
677594,Julio Rodríguez,SEA,45 to 50,661,0.134,0.531,77.0,15.0,3.0,0.217,0.273,0.362,0.635,0.281,0.346,0.273,0.265,0.449,91.4
677594,Julio Rodríguez,SEA,5 to 10,16,0.003,0.562,,,,,,,,,,,,,
677594,Julio Rodríguez,SEA,50 to 55,412,0.084,0.556,58.0,12.0,0.0,0.226,0.293,0.302,0.595,0.271,0.295,0.328,0.359,0.559,92.6
677594,Julio Rodríguez,SEA,55 to 60,203,0.041,0.552,27.0,11.0,3.0,0.44,0.481,0.84,1.321,0.554,0.481,0.111,0.137,0.455,91.8
677594,Julio Rodríguez,SEA,60 to 65,65,0.013,0.569,,,,,,,,,,,,,
677594,Julio Rodríguez,SEA,65 to 70,31,0.006,0.419,,,,,,,,,,,,,
808982,Jung Hoo Lee,SF,10 to 15,69,0.015,0.435,,,,,,,,,,,,,
808982,Jung Hoo Lee,SF,15 to 20,132,0.029,0.439,17.0,2.0,1.0,0.133,0.235,0.4,0.635,0.274,0.272,0.0,0.148,0.267,81.1
808982,Jung Hoo Lee,SF,20 to 25,304,0.068,0.444,40.0,7.0,0.0,0.194,0.275,0.278,0.553,0.254,0.368,0.1,0.095,0.438,89.6
808982,Jung Hoo Lee,SF,25 to 30,398,0.089,0.462,50.0,11.0,0.0,0.25,0.32,0.386,0.706,0.31,0.353,0.16,0.128,0.486,90.7
808982,Jung Hoo Lee,SF,30 to 35,626,0.14,0.454,82.0,22.0,1.0,0.297,0.354,0.459,0.813,0.353,0.294,0.061,0.079,0.314,87.2
808982,Jung Hoo Lee,SF,35 to 40,694,0.155,0.464,80.0,20.0,1.0,0.263,0.288,0.316,0.603,0.281,0.294,0.138,0.146,0.209,85.2
808982,Jung Hoo Lee,SF,40 to 45,853,0.19,0.462,121.0,40.0,4.0,0.354,0.388,0.549,0.937,0.418,0.352,0.058,0.073,0.318,88.3
808982,Jung Hoo Lee,SF,45 to 50,572,0.128,0.444,65.0,12.0,0.0,0.194,0.231,0.274,0.505,0.225,0.281,0.138,0.119,0.283,86.7
808982,Jung Hoo Lee,SF,5 to 10,35,0.008,0.457,,,,,,,,,,,,,
808982,Jung Hoo Lee,SF,50 to 55,405,0.09,0.469,55.0,17.0,2.0,0.315,0.327,0.463,0.79,0.344,0.34,0.073,0.112,0.38,87.7
808982,Jung Hoo Lee,SF,55 to 60,190,0.042,0.516,24.0,6.0,1.0,0.25,0.25,0.417,0.667,0.298,0.279,0.125,0.186,0.3,87.1
808982,Jung Hoo Lee,SF,60 to 65,76,0.017,0.487,10.0,2.0,0.0,0.222,0.3,0.222,0.522,0.25,0.207,0.1,0.077,0.25,87.4
808982,Jung Hoo Lee,SF,65 to 70,22,0.005,0.455,,,,,,,,,,,,,
808982,Jung Hoo Lee,SF,70 to 75,15,0.003,0.667,,,,,,,,,,,,,
691406,Junior Caminero,TB,0 to 5,15,0.003,0.6,,,,,,,,,,,,,
691406,Junior Caminero,TB,10 to 15,99,0.019,0.495,17.0,3.0,0.0,0.176,0.176,0.176,0.353,0.159,0.149,0.412,0.231,0.2,86.5
691406,Junior Caminero,TB,15 to 20,160,0.031,0.438,26.0,6.0,0.0,0.333,0.462,0.389,0.85,0.434,0.331,0.154,0.211,0.467,93.3
691406,Junior Caminero,TB,20 to 25,360,0.069,0.486,45.0,10.0,2.0,0.244,0.289,0.39,0.679,0.296,0.363,0.111,0.122,0.432,90.3
691406,Junior Caminero,TB,25 to 30,494,0.095,0.453,58.0,17.0,5.0,0.321,0.379,0.698,1.077,0.465,0.39,0.207,0.275,0.537,93.9
691406,Junior Caminero,TB,30 to 35,726,0.14,0.504,89.0,21.0,7.0,0.262,0.337,0.525,0.862,0.37,0.33,0.18,0.23,0.531,94.5
691406,Junior Caminero,TB,35 to 40,909,0.175,0.455,122.0,32.0,5.0,0.294,0.369,0.459,0.828,0.364,0.371,0.156,0.214,0.533,93.5
691406,Junior Caminero,TB,40 to 45,893,0.172,0.461,106.0,25.0,8.0,0.272,0.368,0.587,0.955,0.408,0.393,0.189,0.199,0.457,91.1
691406,Junior Caminero,TB,45 to 50,681,0.131,0.492,105.0,25.0,8.0,0.258,0.314,0.567,0.881,0.38,0.37,0.19,0.206,0.506,93.7
691406,Junior Caminero,TB,5 to 10,55,0.011,0.509,,,,,,,,,,,,,
691406,Junior Caminero,TB,50 to 55,394,0.076,0.477,55.0,12.0,5.0,0.235,0.291,0.588,0.879,0.39,0.386,0.218,0.223,0.579,93.0
691406,Junior Caminero,TB,55 to 60,173,0.033,0.468,17.0,4.0,0.0,0.286,0.412,0.286,0.697,0.335,0.293,0.176,0.281,0.273,90.8
691406,Junior Caminero,TB,60 to 65,61,0.012,0.475,,,,,,,,,,,,,
691406,Junior Caminero,TB,65 to 70,17,0.003,0.471,,,,,,,,,,,,,
678577,Junior Perez,CWS,25 to 30,16,0.115,0.438,,,,,,,,,,,,,
678577,Junior Perez,CWS,30 to 35,16,0.115,0.562,,,,,,,,,,,,,
678577,Junior Perez,CWS,35 to 40,22,0.158,0.5,,,,,,,,,,,,,
678577,Junior Perez,CWS,40 to 45,33,0.237,0.606,12.0,3.0,2.0,0.25,0.25,0.75,1.0,0.408,0.379,0.333,0.3,0.625,95.1
678577,Junior Perez,CWS,45 to 50,21,0.151,0.429,,,,,,,,,,,,,
678577,Junior Perez,CWS,50 to 55,16,0.115,0.5,,,,,,,,,,,,,
702222,Justin Crawford,PHI,10 to 15,28,0.017,0.429,,,,,,,,,,,,,
702222,Justin Crawford,PHI,15 to 20,67,0.041,0.507,23.0,7.0,0.0,0.333,0.391,0.429,0.82,0.404,0.334,0.13,0.118,0.333,79.8
702222,Justin Crawford,PHI,20 to 25,96,0.059,0.469,20.0,4.0,0.0,0.235,0.3,0.235,0.535,0.25,0.342,0.15,0.111,0.533,88.6
702222,Justin Crawford,PHI,25 to 30,186,0.114,0.532,46.0,12.0,0.0,0.286,0.333,0.381,0.714,0.382,0.237,0.196,0.192,0.471,86.9
702222,Justin Crawford,PHI,30 to 35,240,0.147,0.583,71.0,18.0,0.0,0.286,0.352,0.286,0.638,0.297,0.288,0.155,0.157,0.327,84.7
702222,Justin Crawford,PHI,35 to 40,267,0.163,0.554,69.0,16.0,0.0,0.242,0.275,0.333,0.609,0.27,0.263,0.116,0.101,0.31,87.7
702222,Justin Crawford,PHI,40 to 45,273,0.167,0.509,74.0,18.0,1.0,0.261,0.301,0.42,0.722,0.316,0.292,0.135,0.122,0.417,88.8
702222,Justin Crawford,PHI,45 to 50,201,0.123,0.478,63.0,17.0,1.0,0.293,0.328,0.448,0.776,0.344,0.287,0.286,0.219,0.31,83.5
702222,Justin Crawford,PHI,50 to 55,108,0.066,0.574,35.0,4.0,0.0,0.133,0.182,0.2,0.382,0.185,0.256,0.229,0.129,0.36,80.4
702222,Justin Crawford,PHI,55 to 60,37,0.023,0.514,10.0,2.0,0.0,0.2,0.2,0.2,0.4,0.18,0.219,0.1,0.105,0.0,70.8
702222,Justin Crawford,PHI,60 to 65,25,0.015,0.64,,,,,,,,,,,,,
681909,Justin Dean,CHC,35 to 40,15,0.312,0.533,,,,,,,,,,,,,
679822,Justin Foscue,TEX,10 to 15,34,0.033,0.441,11.0,2.0,1.0,0.182,0.182,0.455,0.636,0.264,0.295,0.182,0.067,0.444,91.4
679822,Justin Foscue,TEX,15 to 20,51,0.05,0.412,,,,,,,,,,,,,
679822,Justin Foscue,TEX,20 to 25,74,0.073,0.5,22.0,10.0,2.0,0.455,0.455,0.818,1.273,0.567,0.374,0.182,0.185,0.294,87.0
679822,Justin Foscue,TEX,25 to 30,105,0.103,0.476,24.0,7.0,0.0,0.304,0.333,0.348,0.681,0.306,0.172,0.333,0.286,0.4,89.7
679822,Justin Foscue,TEX,30 to 35,92,0.09,0.446,22.0,9.0,2.0,0.429,0.455,0.762,1.216,0.516,0.393,0.273,0.231,0.4,88.9
679822,Justin Foscue,TEX,35 to 40,136,0.134,0.507,37.0,9.0,2.0,0.265,0.324,0.529,0.854,0.364,0.397,0.297,0.217,0.435,91.7
679822,Justin Foscue,TEX,40 to 45,222,0.218,0.446,53.0,12.0,3.0,0.279,0.396,0.535,0.931,0.398,0.365,0.226,0.177,0.5,89.9
679822,Justin Foscue,TEX,45 to 50,142,0.14,0.472,31.0,5.0,1.0,0.172,0.226,0.448,0.674,0.282,0.305,0.226,0.138,0.409,89.0
679822,Justin Foscue,TEX,50 to 55,89,0.088,0.449,18.0,3.0,0.0,0.2,0.333,0.267,0.6,0.336,0.364,0.222,0.154,0.455,91.0
679822,Justin Foscue,TEX,55 to 60,37,0.036,0.459,,,,,,,,,,,,,
701785,Kaelen Culpepper,MIN,10 to 15,17,0.036,0.529,,,,,,,,,,,,,
701785,Kaelen Culpepper,MIN,15 to 20,15,0.032,0.467,,,,,,,,,,,,,
701785,Kaelen Culpepper,MIN,20 to 25,47,0.101,0.489,12.0,3.0,0.0,0.375,0.5,0.375,0.875,0.4,0.329,0.0,0.13,0.222,86.6
701785,Kaelen Culpepper,MIN,25 to 30,41,0.088,0.488,,,,,,,,,,,,,
701785,Kaelen Culpepper,MIN,30 to 35,52,0.111,0.423,12.0,2.0,0.0,0.2,0.333,0.4,0.733,0.325,0.241,0.167,0.182,0.125,88.3
701785,Kaelen Culpepper,MIN,35 to 40,81,0.173,0.556,22.0,7.0,0.0,0.318,0.318,0.409,0.727,0.318,0.276,0.318,0.2,0.467,91.9
701785,Kaelen Culpepper,MIN,40 to 45,93,0.199,0.581,28.0,6.0,2.0,0.24,0.321,0.48,0.801,0.346,0.38,0.214,0.278,0.3,84.5
701785,Kaelen Culpepper,MIN,45 to 50,55,0.118,0.6,16.0,3.0,0.0,0.188,0.188,0.188,0.375,0.169,0.206,0.25,0.273,0.25,86.7
701785,Kaelen Culpepper,MIN,50 to 55,20,0.043,0.6,,,,,,,,,,,,,
696135,Kahlil Watson,CLE,15 to 20,19,0.056,0.474,,,,,,,,,,,,,
696135,Kahlil Watson,CLE,20 to 25,23,0.068,0.696,,,,,,,,,,,,,
696135,Kahlil Watson,CLE,25 to 30,46,0.136,0.522,15.0,2.0,0.0,0.133,0.133,0.2,0.333,0.143,0.202,0.4,0.417,0.333,90.6
696135,Kahlil Watson,CLE,30 to 35,56,0.165,0.554,15.0,2.0,0.0,0.143,0.2,0.143,0.343,0.167,0.213,0.4,0.419,0.0,83.9
696135,Kahlil Watson,CLE,35 to 40,64,0.189,0.531,16.0,2.0,1.0,0.133,0.188,0.333,0.521,0.269,0.262,0.25,0.206,0.182,82.2
696135,Kahlil Watson,CLE,40 to 45,36,0.106,0.472,11.0,4.0,0.0,0.4,0.455,0.5,0.955,0.423,0.33,0.273,0.235,0.429,85.2
696135,Kahlil Watson,CLE,45 to 50,26,0.077,0.615,,,,,,,,,,,,,
696135,Kahlil Watson,CLE,50 to 55,21,0.062,0.571,,,,,,,,,,,,,
696135,Kahlil Watson,CLE,55 to 60,20,0.059,0.35,,,,,,,,,,,,,
670224,Kameron Misner,KC,15 to 20,36,0.033,0.611,,,,,,,,,,,,,
670224,Kameron Misner,KC,20 to 25,62,0.056,0.468,,,,,,,,,,,,,
670224,Kameron Misner,KC,25 to 30,110,0.1,0.473,,,,,,,,,,,,,
670224,Kameron Misner,KC,30 to 35,196,0.178,0.546,,,,,,,,,,,,,
670224,Kameron Misner,KC,35 to 40,203,0.184,0.498,13.0,3.0,0.0,0.231,0.231,0.231,0.462,0.208,0.194,0.385,0.217,0.375,81.4
670224,Kameron Misner,KC,40 to 45,200,0.181,0.425,14.0,2.0,0.0,0.154,0.214,0.154,0.368,0.179,0.187,0.429,0.375,0.143,87.9
670224,Kameron Misner,KC,45 to 50,144,0.131,0.403,,,,,,,,,,,,,
670224,Kameron Misner,KC,50 to 55,58,0.053,0.466,,,,,,,,,,,,,
670224,Kameron Misner,KC,55 to 60,27,0.025,0.407,,,,,,,,,,,,,
672960,Kazuma Okamoto,TOR,-5 to 0,25,0.01,0.52,,,,,,,,,,,,,
672960,Kazuma Okamoto,TOR,10 to 15,66,0.025,0.53,17.0,3.0,3.0,0.188,0.235,0.75,0.985,0.447,0.419,0.471,0.371,0.5,87.3
672960,Kazuma Okamoto,TOR,15 to 20,89,0.034,0.539,26.0,3.0,1.0,0.12,0.154,0.24,0.394,0.173,0.186,0.423,0.312,0.357,89.7
672960,Kazuma Okamoto,TOR,20 to 25,165,0.063,0.521,37.0,18.0,6.0,0.529,0.568,1.147,1.715,0.701,0.563,0.108,0.209,0.533,93.2
672960,Kazuma Okamoto,TOR,25 to 30,270,0.103,0.437,64.0,9.0,3.0,0.161,0.266,0.357,0.623,0.277,0.279,0.328,0.364,0.543,93.0
672960,Kazuma Okamoto,TOR,30 to 35,303,0.116,0.432,69.0,15.0,2.0,0.238,0.304,0.397,0.701,0.309,0.313,0.319,0.397,0.488,89.2
672960,Kazuma Okamoto,TOR,35 to 40,446,0.17,0.448,108.0,24.0,4.0,0.253,0.343,0.442,0.785,0.353,0.36,0.278,0.27,0.415,89.2
672960,Kazuma Okamoto,TOR,40 to 45,457,0.174,0.488,108.0,19.0,3.0,0.194,0.269,0.316,0.585,0.263,0.278,0.269,0.287,0.406,90.7
672960,Kazuma Okamoto,TOR,45 to 50,332,0.127,0.488,77.0,10.0,2.0,0.145,0.221,0.261,0.482,0.242,0.265,0.351,0.333,0.372,90.5
672960,Kazuma Okamoto,TOR,5 to 10,33,0.013,0.515,,,,,,,,,,,,,
672960,Kazuma Okamoto,TOR,50 to 55,218,0.083,0.459,49.0,12.0,1.0,0.293,0.408,0.439,0.847,0.379,0.306,0.286,0.25,0.481,92.7
672960,Kazuma Okamoto,TOR,55 to 60,101,0.039,0.446,28.0,9.0,6.0,0.36,0.393,1.08,1.473,0.575,0.488,0.179,0.244,0.524,94.1
672960,Kazuma Okamoto,TOR,60 to 65,18,0.007,0.778,,,,,,,,,,,,,
663647,Ke'Bryan Hayes,CIN,-10 to -5,18,0.006,0.333,,,,,,,,,,,,,
663647,Ke'Bryan Hayes,CIN,0 to 5,18,0.006,0.5,,,,,,,,,,,,,
663647,Ke'Bryan Hayes,CIN,10 to 15,41,0.014,0.463,,,,,,,,,,,,,
663647,Ke'Bryan Hayes,CIN,15 to 20,54,0.018,0.426,,,,,,,,,,,,,
663647,Ke'Bryan Hayes,CIN,20 to 25,161,0.053,0.484,22.0,2.0,0.0,0.091,0.091,0.091,0.182,0.082,0.209,0.227,0.176,0.333,91.3
663647,Ke'Bryan Hayes,CIN,25 to 30,321,0.107,0.43,23.0,4.0,0.0,0.211,0.348,0.263,0.611,0.293,0.354,0.217,0.275,0.615,95.6
663647,Ke'Bryan Hayes,CIN,30 to 35,374,0.124,0.43,29.0,7.0,2.0,0.25,0.276,0.464,0.74,0.317,0.322,0.241,0.264,0.381,89.1
663647,Ke'Bryan Hayes,CIN,35 to 40,467,0.155,0.465,35.0,7.0,3.0,0.212,0.257,0.485,0.742,0.314,0.306,0.171,0.138,0.448,91.3
663647,Ke'Bryan Hayes,CIN,40 to 45,513,0.17,0.435,42.0,8.0,0.0,0.2,0.238,0.25,0.488,0.243,0.35,0.167,0.188,0.343,89.7
663647,Ke'Bryan Hayes,CIN,45 to 50,422,0.14,0.455,23.0,2.0,0.0,0.095,0.174,0.143,0.317,0.233,0.329,0.217,0.27,0.625,95.2
663647,Ke'Bryan Hayes,CIN,5 to 10,19,0.006,0.421,,,,,,,,,,,,,
663647,Ke'Bryan Hayes,CIN,50 to 55,298,0.099,0.433,23.0,0.0,0.0,0.0,0.087,0.0,0.087,0.1,0.186,0.174,0.206,0.059,82.2
663647,Ke'Bryan Hayes,CIN,55 to 60,133,0.044,0.451,,,,,,,,,,,,,
663647,Ke'Bryan Hayes,CIN,60 to 65,54,0.018,0.407,,,,,,,,,,,,,
663647,Ke'Bryan Hayes,CIN,65 to 70,28,0.009,0.536,,,,,,,,,,,,,
660688,Keibert Ruiz,WSH,10 to 15,39,0.02,0.538,,,,,,,,,,,,,
660688,Keibert Ruiz,WSH,15 to 20,89,0.045,0.539,12.0,3.0,1.0,0.273,0.333,0.545,0.879,0.375,0.278,0.083,0.143,0.5,93.8
660688,Keibert Ruiz,WSH,20 to 25,165,0.083,0.521,33.0,12.0,1.0,0.375,0.394,0.5,0.894,0.392,0.329,0.091,0.128,0.414,91.2
660688,Keibert Ruiz,WSH,25 to 30,211,0.106,0.474,34.0,4.0,0.0,0.138,0.206,0.172,0.378,0.183,0.232,0.176,0.122,0.25,86.3
660688,Keibert Ruiz,WSH,30 to 35,295,0.148,0.566,48.0,13.0,1.0,0.289,0.333,0.444,0.778,0.358,0.322,0.062,0.13,0.381,88.8
660688,Keibert Ruiz,WSH,35 to 40,349,0.175,0.55,65.0,15.0,1.0,0.242,0.277,0.387,0.664,0.289,0.275,0.092,0.156,0.357,87.3
660688,Keibert Ruiz,WSH,40 to 45,330,0.166,0.512,57.0,20.0,2.0,0.364,0.386,0.582,0.968,0.432,0.361,0.053,0.08,0.385,85.7
660688,Keibert Ruiz,WSH,45 to 50,212,0.106,0.514,39.0,5.0,0.0,0.135,0.179,0.216,0.396,0.183,0.201,0.128,0.14,0.29,86.2
660688,Keibert Ruiz,WSH,50 to 55,116,0.058,0.552,21.0,8.0,1.0,0.4,0.381,0.65,1.031,0.429,0.3,0.095,0.162,0.368,90.8
660688,Keibert Ruiz,WSH,55 to 60,79,0.04,0.43,,,,,,,,,,,,,
660688,Keibert Ruiz,WSH,60 to 65,22,0.011,0.636,,,,,,,,,,,,,
660688,Keibert Ruiz,WSH,65 to 70,16,0.008,0.625,,,,,,,,,,,,,
700652,Kenny Piper,TB,20 to 25,19,0.388,0.579,,,,,,,,,,,,,
681481,Kerry Carpenter,DET,10 to 15,54,0.02,0.537,,,,,,,,,,,,,
681481,Kerry Carpenter,DET,15 to 20,136,0.049,0.566,15.0,1.0,1.0,0.067,0.067,0.267,0.333,0.133,0.261,0.267,0.133,0.545,94.9
681481,Kerry Carpenter,DET,20 to 25,247,0.09,0.478,28.0,7.0,2.0,0.269,0.321,0.5,0.821,0.354,0.257,0.321,0.266,0.529,90.3
681481,Kerry Carpenter,DET,25 to 30,345,0.125,0.487,29.0,6.0,1.0,0.24,0.31,0.4,0.71,0.333,0.366,0.172,0.246,0.45,90.8
681481,Kerry Carpenter,DET,30 to 35,372,0.135,0.505,37.0,9.0,3.0,0.273,0.351,0.606,0.957,0.427,0.386,0.27,0.345,0.565,93.4
681481,Kerry Carpenter,DET,35 to 40,416,0.151,0.51,31.0,5.0,0.0,0.167,0.194,0.233,0.427,0.19,0.21,0.226,0.36,0.333,85.2
681481,Kerry Carpenter,DET,40 to 45,415,0.151,0.554,36.0,7.0,4.0,0.233,0.333,0.7,1.033,0.414,0.404,0.333,0.278,0.579,93.9
681481,Kerry Carpenter,DET,45 to 50,344,0.125,0.555,36.0,4.0,1.0,0.125,0.222,0.281,0.503,0.253,0.234,0.444,0.262,0.294,87.4
681481,Kerry Carpenter,DET,5 to 10,17,0.006,0.471,,,,,,,,,,,,,
681481,Kerry Carpenter,DET,50 to 55,232,0.084,0.517,14.0,3.0,0.0,0.231,0.286,0.231,0.516,0.293,0.181,0.286,0.222,0.125,78.6
681481,Kerry Carpenter,DET,55 to 60,116,0.042,0.534,13.0,3.0,1.0,0.25,0.231,0.5,0.731,0.292,0.13,0.385,0.16,0.375,90.6
681481,Kerry Carpenter,DET,60 to 65,39,0.014,0.538,,,,,,,,,,,,,
606466,Ketel Marte,AZ,0 to 5,15,0.003,0.4,,,,,,,,,,,,,
606466,Ketel Marte,AZ,10 to 15,82,0.019,0.537,,,,,,,,,,,,,
606466,Ketel Marte,AZ,15 to 20,160,0.037,0.575,26.0,3.0,0.0,0.125,0.192,0.208,0.401,0.219,0.25,0.192,0.189,0.2,83.7
606466,Ketel Marte,AZ,20 to 25,254,0.059,0.453,20.0,3.0,0.0,0.158,0.2,0.158,0.358,0.17,0.226,0.25,0.2,0.286,87.2
606466,Ketel Marte,AZ,25 to 30,406,0.094,0.49,63.0,17.0,1.0,0.279,0.302,0.426,0.728,0.316,0.263,0.159,0.184,0.373,87.1
606466,Ketel Marte,AZ,30 to 35,569,0.132,0.448,78.0,20.0,1.0,0.308,0.41,0.4,0.81,0.366,0.396,0.077,0.145,0.484,89.9
606466,Ketel Marte,AZ,35 to 40,705,0.163,0.45,106.0,20.0,3.0,0.208,0.283,0.333,0.616,0.28,0.332,0.198,0.23,0.392,89.0
606466,Ketel Marte,AZ,40 to 45,797,0.184,0.467,108.0,32.0,10.0,0.32,0.352,0.74,1.092,0.455,0.438,0.111,0.164,0.522,94.3
606466,Ketel Marte,AZ,45 to 50,525,0.121,0.482,80.0,18.0,4.0,0.243,0.3,0.446,0.746,0.323,0.343,0.125,0.135,0.469,92.0
606466,Ketel Marte,AZ,5 to 10,30,0.007,0.533,,,,,,,,,,,,,
606466,Ketel Marte,AZ,50 to 55,330,0.076,0.458,52.0,8.0,0.0,0.178,0.269,0.289,0.558,0.253,0.297,0.231,0.19,0.412,89.6
606466,Ketel Marte,AZ,55 to 60,227,0.052,0.498,21.0,5.0,1.0,0.263,0.333,0.421,0.754,0.333,0.315,0.095,0.26,0.294,86.5
606466,Ketel Marte,AZ,60 to 65,58,0.013,0.414,,,,,,,,,,,,,
606466,Ketel Marte,AZ,65 to 70,19,0.004,0.316,,,,,,,,,,,,,
682634,Kevin Alcántara,CHC,30 to 35,26,0.159,0.346,,,,,,,,,,,,,
682634,Kevin Alcántara,CHC,35 to 40,17,0.104,0.471,,,,,,,,,,,,,
682634,Kevin Alcántara,CHC,40 to 45,29,0.177,0.448,,,,,,,,,,,,,
682634,Kevin Alcántara,CHC,45 to 50,37,0.226,0.568,,,,,,,,,,,,,
682634,Kevin Alcántara,CHC,50 to 55,19,0.116,0.368,,,,,,,,,,,,,
805808,Kevin Mcgonigle,DET,10 to 15,64,0.023,0.359,14.0,4.0,1.0,0.333,0.429,0.583,1.012,0.436,0.446,0.071,0.13,0.636,93.4
805808,Kevin Mcgonigle,DET,15 to 20,115,0.041,0.487,30.0,4.0,2.0,0.167,0.333,0.417,0.75,0.376,0.344,0.133,0.268,0.316,84.1
805808,Kevin Mcgonigle,DET,20 to 25,161,0.058,0.453,46.0,17.0,5.0,0.425,0.5,0.825,1.325,0.551,0.535,0.13,0.123,0.588,93.0
805808,Kevin Mcgonigle,DET,25 to 30,274,0.098,0.474,78.0,23.0,1.0,0.311,0.333,0.378,0.712,0.315,0.27,0.179,0.115,0.213,85.5
805808,Kevin Mcgonigle,DET,30 to 35,335,0.12,0.427,91.0,23.0,2.0,0.291,0.385,0.468,0.853,0.385,0.359,0.132,0.175,0.403,90.7
805808,Kevin Mcgonigle,DET,35 to 40,464,0.167,0.405,103.0,23.0,2.0,0.261,0.359,0.432,0.791,0.367,0.346,0.117,0.122,0.368,86.3
805808,Kevin Mcgonigle,DET,40 to 45,478,0.172,0.402,112.0,21.0,1.0,0.239,0.393,0.341,0.734,0.352,0.375,0.143,0.109,0.431,87.8
805808,Kevin Mcgonigle,DET,45 to 50,357,0.128,0.406,87.0,16.0,3.0,0.216,0.333,0.378,0.712,0.33,0.356,0.138,0.145,0.387,87.7
805808,Kevin Mcgonigle,DET,5 to 10,24,0.009,0.542,,,,,,,,,,,,,
805808,Kevin Mcgonigle,DET,50 to 55,218,0.078,0.45,48.0,11.0,0.0,0.268,0.375,0.39,0.765,0.345,0.347,0.125,0.143,0.343,88.2
805808,Kevin Mcgonigle,DET,55 to 60,137,0.049,0.489,38.0,13.0,0.0,0.382,0.447,0.441,0.889,0.4,0.378,0.105,0.104,0.267,87.1
805808,Kevin Mcgonigle,DET,60 to 65,50,0.018,0.34,10.0,0.0,0.0,0.0,0.2,0.0,0.2,0.14,0.215,0.3,0.235,0.0,84.4
805808,Kevin Mcgonigle,DET,65 to 70,20,0.007,0.45,,,,,,,,,,,,,
665019,Kody Clemens,MIN,10 to 15,78,0.021,0.372,,,,,,,,,,,,,
665019,Kody Clemens,MIN,15 to 20,124,0.033,0.476,21.0,4.0,2.0,0.222,0.25,0.611,0.861,0.353,0.341,0.333,0.2,0.429,87.0
665019,Kody Clemens,MIN,20 to 25,206,0.055,0.476,26.0,5.0,3.0,0.208,0.24,0.625,0.865,0.39,0.362,0.154,0.2,0.381,85.8
665019,Kody Clemens,MIN,25 to 30,382,0.102,0.492,44.0,10.0,2.0,0.244,0.295,0.415,0.71,0.351,0.313,0.273,0.24,0.379,90.1
665019,Kody Clemens,MIN,30 to 35,571,0.153,0.517,93.0,21.0,7.0,0.244,0.293,0.535,0.828,0.352,0.384,0.194,0.229,0.522,91.7
665019,Kody Clemens,MIN,35 to 40,655,0.175,0.47,97.0,25.0,4.0,0.291,0.351,0.57,0.92,0.402,0.39,0.165,0.184,0.486,93.1
665019,Kody Clemens,MIN,40 to 45,592,0.158,0.52,115.0,30.0,6.0,0.286,0.348,0.552,0.9,0.383,0.332,0.209,0.255,0.469,93.6
665019,Kody Clemens,MIN,45 to 50,413,0.11,0.492,68.0,8.0,1.0,0.127,0.191,0.222,0.413,0.202,0.248,0.279,0.2,0.455,89.5
665019,Kody Clemens,MIN,5 to 10,25,0.007,0.48,,,,,,,,,,,,,
665019,Kody Clemens,MIN,50 to 55,335,0.09,0.475,39.0,9.0,1.0,0.25,0.308,0.361,0.669,0.322,0.277,0.282,0.212,0.4,91.7
665019,Kody Clemens,MIN,55 to 60,158,0.042,0.475,17.0,3.0,0.0,0.188,0.235,0.25,0.485,0.221,0.25,0.118,0.206,0.286,87.3
665019,Kody Clemens,MIN,60 to 65,53,0.014,0.453,10.0,0.0,0.0,0.0,0.3,0.0,0.3,0.21,0.438,0.3,0.267,0.5,95.3
665019,Kody Clemens,MIN,65 to 70,19,0.005,0.579,,,,,,,,,,,,,
804606,Konnor Griffin,PIT,15 to 20,34,0.027,0.559,,,,,,,,,,,,,
804606,Konnor Griffin,PIT,20 to 25,75,0.059,0.533,20.0,7.0,0.0,0.35,0.35,0.4,0.75,0.332,0.372,0.05,0.2,0.263,83.5
804606,Konnor Griffin,PIT,25 to 30,121,0.096,0.554,34.0,13.0,1.0,0.382,0.382,0.529,0.912,0.436,0.348,0.176,0.209,0.464,88.9
804606,Konnor Griffin,PIT,30 to 35,207,0.164,0.541,48.0,9.0,0.0,0.22,0.333,0.366,0.699,0.333,0.326,0.292,0.295,0.444,88.9
804606,Konnor Griffin,PIT,35 to 40,202,0.16,0.564,52.0,10.0,0.0,0.204,0.231,0.265,0.496,0.22,0.218,0.308,0.316,0.2,83.5
804606,Konnor Griffin,PIT,40 to 45,225,0.178,0.471,55.0,8.0,1.0,0.154,0.2,0.269,0.469,0.208,0.21,0.418,0.34,0.31,85.3
804606,Konnor Griffin,PIT,45 to 50,177,0.14,0.463,45.0,12.0,1.0,0.324,0.444,0.486,0.931,0.412,0.395,0.222,0.293,0.593,93.0
804606,Konnor Griffin,PIT,50 to 55,117,0.093,0.496,25.0,7.0,1.0,0.304,0.32,0.522,0.842,0.388,0.263,0.28,0.293,0.444,89.8
804606,Konnor Griffin,PIT,55 to 60,43,0.034,0.535,10.0,3.0,1.0,0.333,0.4,0.667,1.067,0.45,0.52,0.1,0.13,0.125,86.6
804606,Konnor Griffin,PIT,60 to 65,18,0.014,0.556,10.0,3.0,0.0,0.333,0.4,0.444,0.844,0.375,0.357,0.0,0.1,0.556,92.2
571657,Kyle Farmer,ATL,10 to 15,17,0.015,0.588,,,,,,,,,,,,,
571657,Kyle Farmer,ATL,15 to 20,39,0.034,0.436,,,,,,,,,,,,,
571657,Kyle Farmer,ATL,20 to 25,83,0.072,0.47,,,,,,,,,,,,,
571657,Kyle Farmer,ATL,25 to 30,112,0.097,0.491,,,,,,,,,,,,,
571657,Kyle Farmer,ATL,30 to 35,162,0.14,0.5,,,,,,,,,,,,,
571657,Kyle Farmer,ATL,35 to 40,208,0.18,0.471,,,,,,,,,,,,,
571657,Kyle Farmer,ATL,40 to 45,186,0.161,0.462,,,,,,,,,,,,,
571657,Kyle Farmer,ATL,45 to 50,124,0.107,0.508,,,,,,,,,,,,,
571657,Kyle Farmer,ATL,50 to 55,90,0.078,0.522,,,,,,,,,,,,,
571657,Kyle Farmer,ATL,55 to 60,63,0.055,0.556,,,,,,,,,,,,,
571657,Kyle Farmer,ATL,60 to 65,30,0.026,0.533,,,,,,,,,,,,,
571657,Kyle Farmer,ATL,65 to 70,15,0.013,0.533,,,,,,,,,,,,,
543309,Kyle Higashioka,TEX,10 to 15,36,0.018,0.528,,,,,,,,,,,,,
543309,Kyle Higashioka,TEX,15 to 20,80,0.039,0.475,,,,,,,,,,,,,
543309,Kyle Higashioka,TEX,20 to 25,152,0.074,0.408,13.0,1.0,0.0,0.083,0.154,0.083,0.237,0.123,0.147,0.385,0.261,0.143,83.4
543309,Kyle Higashioka,TEX,25 to 30,231,0.113,0.385,23.0,5.0,1.0,0.278,0.435,0.444,0.879,0.396,0.374,0.217,0.139,0.615,95.4
543309,Kyle Higashioka,TEX,30 to 35,324,0.158,0.451,30.0,8.0,2.0,0.296,0.367,0.556,0.922,0.395,0.33,0.267,0.31,0.526,88.4
543309,Kyle Higashioka,TEX,35 to 40,323,0.158,0.495,27.0,6.0,2.0,0.231,0.259,0.462,0.721,0.341,0.26,0.259,0.302,0.368,81.3
543309,Kyle Higashioka,TEX,40 to 45,321,0.157,0.424,37.0,7.0,2.0,0.212,0.297,0.424,0.722,0.315,0.356,0.189,0.148,0.385,86.6
543309,Kyle Higashioka,TEX,45 to 50,248,0.121,0.46,25.0,2.0,0.0,0.087,0.16,0.13,0.29,0.178,0.188,0.24,0.289,0.235,86.6
543309,Kyle Higashioka,TEX,50 to 55,168,0.082,0.44,10.0,4.0,0.0,0.444,0.5,0.556,1.056,0.465,0.357,0.3,0.348,0.167,86.9
543309,Kyle Higashioka,TEX,55 to 60,80,0.039,0.475,,,,,,,,,,,,,
543309,Kyle Higashioka,TEX,60 to 65,26,0.013,0.423,,,,,,,,,,,,,
664728,Kyle Isbel,KC,10 to 15,60,0.023,0.55,,,,,,,,,,,,,
664728,Kyle Isbel,KC,15 to 20,81,0.031,0.432,15.0,1.0,0.0,0.071,0.133,0.143,0.276,0.19,0.174,0.4,0.208,0.5,92.3
664728,Kyle Isbel,KC,20 to 25,181,0.07,0.403,25.0,4.0,0.0,0.174,0.24,0.174,0.414,0.2,0.269,0.24,0.216,0.176,73.0
664728,Kyle Isbel,KC,25 to 30,273,0.106,0.48,38.0,9.0,0.0,0.257,0.297,0.257,0.554,0.262,0.229,0.263,0.185,0.346,80.2
664728,Kyle Isbel,KC,30 to 35,376,0.145,0.431,48.0,6.0,0.0,0.146,0.222,0.195,0.417,0.227,0.25,0.167,0.158,0.222,81.4
664728,Kyle Isbel,KC,35 to 40,421,0.163,0.458,50.0,12.0,0.0,0.267,0.312,0.333,0.646,0.299,0.298,0.2,0.133,0.378,82.6
664728,Kyle Isbel,KC,40 to 45,423,0.164,0.496,46.0,4.0,1.0,0.095,0.136,0.19,0.327,0.156,0.19,0.13,0.105,0.237,79.3
664728,Kyle Isbel,KC,45 to 50,338,0.131,0.47,38.0,12.0,2.0,0.333,0.342,0.583,0.925,0.412,0.312,0.184,0.122,0.433,91.7
664728,Kyle Isbel,KC,5 to 10,23,0.009,0.261,,,,,,,,,,,,,
664728,Kyle Isbel,KC,50 to 55,205,0.079,0.4,18.0,4.0,1.0,0.25,0.333,0.438,0.771,0.339,0.247,0.5,0.259,0.429,95.3
664728,Kyle Isbel,KC,55 to 60,131,0.051,0.45,17.0,4.0,1.0,0.235,0.235,0.471,0.706,0.316,0.18,0.294,0.185,0.364,85.6
664728,Kyle Isbel,KC,60 to 65,39,0.015,0.513,,,,,,,,,,,,,
691720,Kyle Karros,COL,10 to 15,44,0.018,0.364,,,,,,,,,,,,,
691720,Kyle Karros,COL,15 to 20,101,0.041,0.406,17.0,1.0,0.0,0.062,0.118,0.062,0.18,0.1,0.23,0.353,0.27,0.333,89.2
691720,Kyle Karros,COL,20 to 25,162,0.065,0.463,29.0,6.0,0.0,0.231,0.31,0.269,0.58,0.271,0.291,0.241,0.345,0.526,90.7
691720,Kyle Karros,COL,25 to 30,250,0.101,0.4,45.0,9.0,1.0,0.231,0.311,0.333,0.644,0.29,0.308,0.244,0.211,0.414,87.5
691720,Kyle Karros,COL,30 to 35,403,0.162,0.454,72.0,16.0,2.0,0.262,0.361,0.459,0.82,0.357,0.326,0.208,0.225,0.362,91.0
691720,Kyle Karros,COL,35 to 40,375,0.151,0.491,86.0,19.0,2.0,0.25,0.326,0.408,0.733,0.343,0.296,0.198,0.214,0.35,86.6
691720,Kyle Karros,COL,40 to 45,446,0.18,0.444,82.0,20.0,2.0,0.286,0.39,0.443,0.833,0.375,0.365,0.159,0.23,0.429,89.4
691720,Kyle Karros,COL,45 to 50,316,0.127,0.427,56.0,15.0,5.0,0.3,0.375,0.7,1.075,0.478,0.45,0.161,0.22,0.439,90.5
691720,Kyle Karros,COL,5 to 10,28,0.011,0.5,,,,,,,,,,,,,
691720,Kyle Karros,COL,50 to 55,160,0.064,0.45,26.0,9.0,0.0,0.391,0.462,0.522,0.983,0.433,0.354,0.192,0.178,0.421,93.3
691720,Kyle Karros,COL,55 to 60,85,0.034,0.459,13.0,4.0,0.0,0.4,0.538,0.4,0.938,0.438,0.391,0.154,0.16,0.625,94.4
691720,Kyle Karros,COL,60 to 65,29,0.012,0.483,,,,,,,,,,,,,
700932,Kyle Manzardo,CLE,10 to 15,79,0.023,0.519,,,,,,,,,,,,,
700932,Kyle Manzardo,CLE,15 to 20,112,0.032,0.446,11.0,3.0,0.0,0.333,0.455,0.333,0.788,0.373,0.363,0.182,0.217,0.286,86.7
700932,Kyle Manzardo,CLE,20 to 25,262,0.075,0.496,26.0,6.0,2.0,0.24,0.269,0.48,0.749,0.319,0.275,0.346,0.25,0.438,90.0
700932,Kyle Manzardo,CLE,25 to 30,431,0.124,0.517,33.0,7.0,1.0,0.219,0.242,0.406,0.649,0.305,0.309,0.273,0.256,0.435,90.2
700932,Kyle Manzardo,CLE,30 to 35,584,0.168,0.495,66.0,10.0,0.0,0.172,0.273,0.224,0.497,0.237,0.298,0.288,0.288,0.487,92.1
700932,Kyle Manzardo,CLE,35 to 40,551,0.158,0.465,55.0,18.0,4.0,0.346,0.382,0.615,0.997,0.425,0.339,0.382,0.307,0.5,92.9
700932,Kyle Manzardo,CLE,40 to 45,516,0.148,0.444,51.0,7.0,1.0,0.171,0.314,0.317,0.631,0.307,0.304,0.255,0.315,0.414,86.3
700932,Kyle Manzardo,CLE,45 to 50,403,0.116,0.479,46.0,6.0,1.0,0.15,0.261,0.225,0.486,0.233,0.247,0.413,0.333,0.238,89.1
700932,Kyle Manzardo,CLE,5 to 10,36,0.01,0.528,,,,,,,,,,,,,
700932,Kyle Manzardo,CLE,50 to 55,246,0.071,0.443,22.0,3.0,1.0,0.176,0.318,0.353,0.671,0.3,0.32,0.364,0.256,0.2,84.6
700932,Kyle Manzardo,CLE,55 to 60,122,0.035,0.467,12.0,0.0,0.0,0.0,0.083,0.0,0.083,0.058,0.156,0.417,0.35,0.167,83.5
700932,Kyle Manzardo,CLE,60 to 65,29,0.008,0.517,,,,,,,,,,,,,
656941,Kyle Schwarber,PHI,0 to 5,21,0.003,0.571,,,,,,,,,,,,,
656941,Kyle Schwarber,PHI,10 to 15,168,0.028,0.387,22.0,6.0,2.0,0.3,0.364,0.6,0.964,0.409,0.331,0.318,0.279,0.462,86.2
656941,Kyle Schwarber,PHI,15 to 20,197,0.033,0.421,20.0,5.0,1.0,0.294,0.4,0.529,0.929,0.438,0.411,0.3,0.314,0.364,91.9
656941,Kyle Schwarber,PHI,20 to 25,342,0.057,0.439,41.0,6.0,2.0,0.188,0.366,0.375,0.741,0.348,0.369,0.293,0.213,0.474,88.9
656941,Kyle Schwarber,PHI,25 to 30,550,0.091,0.427,72.0,10.0,6.0,0.169,0.292,0.525,0.817,0.338,0.343,0.389,0.32,0.455,91.1
656941,Kyle Schwarber,PHI,30 to 35,794,0.132,0.407,74.0,15.0,4.0,0.214,0.257,0.429,0.685,0.294,0.291,0.405,0.392,0.475,91.5
656941,Kyle Schwarber,PHI,35 to 40,1108,0.184,0.44,144.0,33.0,14.0,0.282,0.41,0.684,1.093,0.452,0.428,0.285,0.305,0.571,93.5
656941,Kyle Schwarber,PHI,40 to 45,1043,0.173,0.434,111.0,22.0,7.0,0.244,0.378,0.5,0.878,0.388,0.411,0.252,0.285,0.397,92.6
656941,Kyle Schwarber,PHI,45 to 50,764,0.127,0.418,87.0,18.0,3.0,0.243,0.356,0.432,0.789,0.349,0.349,0.368,0.277,0.476,93.9
656941,Kyle Schwarber,PHI,5 to 10,100,0.017,0.44,,,,,,,,,,,,,
656941,Kyle Schwarber,PHI,50 to 55,440,0.073,0.445,48.0,5.0,2.0,0.125,0.25,0.275,0.525,0.242,0.238,0.333,0.258,0.48,88.4
656941,Kyle Schwarber,PHI,55 to 60,243,0.04,0.44,21.0,4.0,1.0,0.235,0.333,0.412,0.745,0.324,0.338,0.333,0.308,0.636,96.8
656941,Kyle Schwarber,PHI,60 to 65,83,0.014,0.506,,,,,,,,,,,,,
656941,Kyle Schwarber,PHI,65 to 70,23,0.004,0.348,,,,,,,,,,,,,
669065,Kyle Stowers,MIA,10 to 15,79,0.022,0.532,,,,,,,,,,,,,
669065,Kyle Stowers,MIA,15 to 20,166,0.045,0.596,20.0,1.0,1.0,0.053,0.1,0.211,0.311,0.135,0.124,0.45,0.286,0.5,87.8
669065,Kyle Stowers,MIA,20 to 25,236,0.064,0.542,39.0,11.0,3.0,0.333,0.385,0.697,1.082,0.437,0.411,0.282,0.338,0.542,95.8
669065,Kyle Stowers,MIA,25 to 30,348,0.095,0.511,55.0,6.0,0.0,0.125,0.236,0.188,0.424,0.206,0.212,0.418,0.377,0.44,89.1
669065,Kyle Stowers,MIA,30 to 35,465,0.127,0.529,61.0,11.0,1.0,0.208,0.3,0.283,0.583,0.274,0.305,0.344,0.366,0.667,92.0
669065,Kyle Stowers,MIA,35 to 40,547,0.149,0.537,87.0,18.0,3.0,0.234,0.322,0.455,0.776,0.337,0.331,0.287,0.314,0.577,94.1
669065,Kyle Stowers,MIA,40 to 45,607,0.166,0.554,82.0,14.0,2.0,0.194,0.293,0.347,0.64,0.298,0.314,0.317,0.323,0.63,94.6
669065,Kyle Stowers,MIA,45 to 50,478,0.13,0.533,68.0,20.0,4.0,0.339,0.426,0.644,1.071,0.453,0.387,0.309,0.333,0.658,92.8
669065,Kyle Stowers,MIA,5 to 10,42,0.011,0.31,,,,,,,,,,,,,
669065,Kyle Stowers,MIA,50 to 55,321,0.088,0.514,32.0,8.0,2.0,0.267,0.312,0.633,0.946,0.392,0.421,0.281,0.337,0.429,91.3
669065,Kyle Stowers,MIA,55 to 60,171,0.047,0.526,23.0,7.0,2.0,0.35,0.435,0.65,1.085,0.461,0.38,0.174,0.196,0.312,84.4
669065,Kyle Stowers,MIA,60 to 65,57,0.016,0.579,11.0,5.0,1.0,0.455,0.455,0.818,1.273,0.541,0.458,0.364,0.438,0.714,93.0
691019,Kyle Teel,CWS,10 to 15,30,0.017,0.433,,,,,,,,,,,,,
691019,Kyle Teel,CWS,15 to 20,66,0.037,0.439,,,,,,,,,,,,,
691019,Kyle Teel,CWS,20 to 25,67,0.037,0.403,,,,,,,,,,,,,
691019,Kyle Teel,CWS,25 to 30,206,0.115,0.451,18.0,3.0,0.0,0.188,0.278,0.25,0.528,0.247,0.268,0.389,0.5,0.444,86.4
691019,Kyle Teel,CWS,30 to 35,235,0.131,0.472,19.0,2.0,1.0,0.133,0.316,0.4,0.716,0.318,0.378,0.316,0.233,0.667,88.1
691019,Kyle Teel,CWS,35 to 40,354,0.198,0.46,36.0,6.0,0.0,0.188,0.278,0.219,0.497,0.262,0.211,0.472,0.268,0.467,80.3
691019,Kyle Teel,CWS,40 to 45,337,0.188,0.442,22.0,5.0,1.0,0.263,0.364,0.421,0.785,0.391,0.3,0.409,0.388,0.4,86.7
691019,Kyle Teel,CWS,45 to 50,192,0.107,0.432,,,,,,,,,,,,,
691019,Kyle Teel,CWS,50 to 55,136,0.076,0.463,,,,,,,,,,,,,
691019,Kyle Teel,CWS,55 to 60,79,0.044,0.468,,,,,,,,,,,,,
691019,Kyle Teel,CWS,60 to 65,18,0.01,0.389,,,,,,,,,,,,,
663656,Kyle Tucker,LAD,-5 to 0,15,0.003,0.467,,,,,,,,,,,,,
663656,Kyle Tucker,LAD,0 to 5,25,0.005,0.6,,,,,,,,,,,,,
663656,Kyle Tucker,LAD,10 to 15,123,0.026,0.39,15.0,2.0,1.0,0.154,0.267,0.462,0.728,0.37,0.352,0.0,0.133,0.308,85.3
663656,Kyle Tucker,LAD,15 to 20,177,0.037,0.48,21.0,2.0,0.0,0.125,0.333,0.125,0.458,0.252,0.365,0.19,0.149,0.5,91.4
663656,Kyle Tucker,LAD,20 to 25,388,0.082,0.454,59.0,11.0,1.0,0.216,0.322,0.353,0.675,0.305,0.332,0.169,0.17,0.293,85.6
663656,Kyle Tucker,LAD,25 to 30,459,0.097,0.455,57.0,18.0,1.0,0.383,0.456,0.532,0.988,0.426,0.369,0.228,0.203,0.389,91.3
663656,Kyle Tucker,LAD,30 to 35,685,0.145,0.447,93.0,18.0,4.0,0.225,0.333,0.45,0.783,0.355,0.332,0.161,0.188,0.359,87.8
663656,Kyle Tucker,LAD,35 to 40,778,0.165,0.452,97.0,16.0,2.0,0.188,0.289,0.294,0.583,0.269,0.287,0.165,0.169,0.371,87.4
663656,Kyle Tucker,LAD,40 to 45,829,0.176,0.483,121.0,27.0,2.0,0.265,0.364,0.412,0.775,0.358,0.357,0.165,0.199,0.405,91.0
663656,Kyle Tucker,LAD,45 to 50,580,0.123,0.484,65.0,13.0,2.0,0.232,0.308,0.411,0.718,0.311,0.324,0.185,0.221,0.37,89.4
663656,Kyle Tucker,LAD,5 to 10,27,0.006,0.593,,,,,,,,,,,,,
663656,Kyle Tucker,LAD,50 to 55,282,0.06,0.486,34.0,9.0,2.0,0.3,0.382,0.5,0.882,0.406,0.314,0.088,0.108,0.37,87.7
663656,Kyle Tucker,LAD,55 to 60,165,0.035,0.497,15.0,3.0,0.0,0.231,0.333,0.231,0.564,0.273,0.42,0.133,0.265,0.364,90.3
663656,Kyle Tucker,LAD,60 to 65,62,0.013,0.452,,,,,,,,,,,,,
693459,Kyler Fedko,MIN,30 to 35,18,0.231,0.667,,,,,,,,,,,,,
693459,Kyler Fedko,MIN,40 to 45,17,0.218,0.353,,,,,,,,,,,,,
677347,Kyren Paris,LAA,15 to 20,18,0.029,0.444,,,,,,,,,,,,,
677347,Kyren Paris,LAA,20 to 25,54,0.086,0.556,,,,,,,,,,,,,
677347,Kyren Paris,LAA,25 to 30,63,0.1,0.492,,,,,,,,,,,,,
677347,Kyren Paris,LAA,30 to 35,82,0.13,0.488,,,,,,,,,,,,,
677347,Kyren Paris,LAA,35 to 40,95,0.151,0.432,,,,,,,,,,,,,
677347,Kyren Paris,LAA,40 to 45,93,0.147,0.484,,,,,,,,,,,,,
677347,Kyren Paris,LAA,45 to 50,98,0.155,0.541,,,,,,,,,,,,,
677347,Kyren Paris,LAA,50 to 55,58,0.092,0.5,,,,,,,,,,,,,
677347,Kyren Paris,LAA,55 to 60,39,0.062,0.333,,,,,,,,,,,,,
664774,Lamonte Wade,HOU,10 to 15,33,0.019,0.394,,,,,,,,,,,,,
664774,Lamonte Wade,HOU,15 to 20,49,0.029,0.306,,,,,,,,,,,,,
664774,Lamonte Wade,HOU,20 to 25,138,0.081,0.42,10.0,0.0,0.0,0.0,0.3,0.0,0.3,0.3,0.383,0.2,0.381,0.6,94.9
664774,Lamonte Wade,HOU,25 to 30,174,0.102,0.391,12.0,4.0,2.0,0.444,0.583,1.222,1.806,0.688,0.301,0.167,0.25,0.286,80.8
664774,Lamonte Wade,HOU,30 to 35,254,0.149,0.394,19.0,2.0,0.0,0.133,0.316,0.2,0.516,0.261,0.24,0.316,0.261,0.444,90.7
664774,Lamonte Wade,HOU,35 to 40,304,0.178,0.401,35.0,8.0,0.0,0.25,0.314,0.375,0.689,0.306,0.299,0.229,0.091,0.5,91.5
664774,Lamonte Wade,HOU,40 to 45,341,0.2,0.384,36.0,6.0,1.0,0.182,0.25,0.273,0.523,0.239,0.211,0.278,0.266,0.13,77.4
664774,Lamonte Wade,HOU,45 to 50,199,0.117,0.372,12.0,1.0,0.0,0.1,0.25,0.1,0.35,0.192,0.211,0.167,0.05,0.0,75.8
664774,Lamonte Wade,HOU,50 to 55,77,0.045,0.571,,,,,,,,,,,,,
664774,Lamonte Wade,HOU,55 to 60,51,0.03,0.431,,,,,,,,,,,,,
664774,Lamonte Wade,HOU,60 to 65,22,0.013,0.409,,,,,,,,,,,,,
657041,Lane Thomas,ATL,10 to 15,44,0.021,0.341,,,,,,,,,,,,,
657041,Lane Thomas,ATL,15 to 20,80,0.038,0.525,16.0,2.0,1.0,0.133,0.188,0.333,0.521,0.225,0.327,0.062,0.032,0.357,88.0
657041,Lane Thomas,ATL,20 to 25,97,0.046,0.402,21.0,1.0,0.0,0.056,0.19,0.111,0.302,0.16,0.19,0.286,0.31,0.167,85.4
657041,Lane Thomas,ATL,25 to 30,221,0.106,0.421,34.0,7.0,1.0,0.241,0.353,0.379,0.732,0.331,0.324,0.206,0.138,0.545,90.0
657041,Lane Thomas,ATL,30 to 35,267,0.128,0.442,54.0,17.0,3.0,0.354,0.426,0.604,1.03,0.475,0.377,0.204,0.143,0.595,92.8
657041,Lane Thomas,ATL,35 to 40,327,0.157,0.434,55.0,8.0,0.0,0.174,0.273,0.196,0.468,0.243,0.322,0.273,0.219,0.364,89.6
657041,Lane Thomas,ATL,40 to 45,363,0.174,0.416,73.0,19.0,3.0,0.292,0.37,0.508,0.878,0.38,0.313,0.192,0.222,0.255,85.6
657041,Lane Thomas,ATL,45 to 50,304,0.146,0.382,40.0,8.0,2.0,0.222,0.3,0.5,0.8,0.34,0.383,0.25,0.213,0.5,90.5
657041,Lane Thomas,ATL,5 to 10,22,0.011,0.136,,,,,,,,,,,,,
657041,Lane Thomas,ATL,50 to 55,165,0.079,0.4,27.0,3.0,1.0,0.136,0.296,0.364,0.66,0.296,0.27,0.333,0.174,0.231,86.5
657041,Lane Thomas,ATL,55 to 60,93,0.045,0.43,18.0,4.0,0.0,0.235,0.278,0.353,0.631,0.278,0.182,0.389,0.3,0.4,91.8
657041,Lane Thomas,ATL,60 to 65,30,0.014,0.433,,,,,,,,,,,,,
663457,Lars Nootbaar,AZ,10 to 15,61,0.017,0.426,,,,,,,,,,,,,
663457,Lars Nootbaar,AZ,15 to 20,116,0.031,0.397,,,,,,,,,,,,,
663457,Lars Nootbaar,AZ,20 to 25,303,0.082,0.409,28.0,2.0,0.0,0.083,0.179,0.083,0.262,0.139,0.251,0.179,0.139,0.4,90.6
663457,Lars Nootbaar,AZ,25 to 30,410,0.111,0.373,29.0,7.0,0.0,0.25,0.276,0.357,0.633,0.278,0.267,0.138,0.067,0.44,90.0
663457,Lars Nootbaar,AZ,30 to 35,518,0.14,0.373,37.0,8.0,2.0,0.235,0.297,0.5,0.797,0.339,0.399,0.135,0.109,0.483,91.4
663457,Lars Nootbaar,AZ,35 to 40,663,0.179,0.404,65.0,12.0,0.0,0.226,0.369,0.283,0.652,0.325,0.35,0.215,0.192,0.564,93.8
663457,Lars Nootbaar,AZ,40 to 45,592,0.16,0.385,41.0,6.0,1.0,0.176,0.3,0.353,0.653,0.299,0.335,0.268,0.222,0.5,92.2
663457,Lars Nootbaar,AZ,45 to 50,429,0.116,0.373,52.0,10.0,0.0,0.222,0.327,0.289,0.616,0.288,0.287,0.231,0.181,0.424,89.0
663457,Lars Nootbaar,AZ,5 to 10,31,0.008,0.258,,,,,,,,,,,,,
663457,Lars Nootbaar,AZ,50 to 55,278,0.075,0.406,23.0,6.0,1.0,0.286,0.304,0.429,0.733,0.313,0.332,0.348,0.226,0.714,94.7
663457,Lars Nootbaar,AZ,55 to 60,118,0.032,0.381,,,,,,,,,,,,,
663457,Lars Nootbaar,AZ,60 to 65,52,0.014,0.25,,,,,,,,,,,,,
663457,Lars Nootbaar,AZ,65 to 70,20,0.005,0.6,,,,,,,,,,,,,
671732,Lawrence Butler,ATH,-10 to -5,26,0.006,0.462,,,,,,,,,,,,,
671732,Lawrence Butler,ATH,-5 to 0,22,0.005,0.318,,,,,,,,,,,,,
671732,Lawrence Butler,ATH,10 to 15,75,0.016,0.493,,,,,,,,,,,,,
671732,Lawrence Butler,ATH,15 to 20,154,0.033,0.494,17.0,4.0,0.0,0.267,0.294,0.333,0.627,0.347,0.262,0.353,0.324,0.333,83.8
671732,Lawrence Butler,ATH,20 to 25,329,0.07,0.45,32.0,1.0,0.0,0.034,0.125,0.034,0.159,0.094,0.206,0.312,0.24,0.526,93.4
671732,Lawrence Butler,ATH,25 to 30,525,0.111,0.476,51.0,8.0,4.0,0.2,0.373,0.575,0.948,0.417,0.432,0.216,0.221,0.517,91.4
671732,Lawrence Butler,ATH,30 to 35,742,0.157,0.469,86.0,22.0,3.0,0.297,0.376,0.459,0.836,0.369,0.342,0.267,0.264,0.472,88.7
671732,Lawrence Butler,ATH,35 to 40,792,0.168,0.458,86.0,13.0,0.0,0.171,0.259,0.237,0.496,0.238,0.27,0.244,0.229,0.304,86.3
671732,Lawrence Butler,ATH,40 to 45,762,0.162,0.471,87.0,15.0,2.0,0.192,0.276,0.321,0.596,0.279,0.289,0.333,0.24,0.49,91.6
671732,Lawrence Butler,ATH,45 to 50,582,0.124,0.45,66.0,17.0,1.0,0.315,0.439,0.389,0.828,0.381,0.378,0.167,0.258,0.432,88.8
671732,Lawrence Butler,ATH,5 to 10,42,0.009,0.548,,,,,,,,,,,,,
671732,Lawrence Butler,ATH,50 to 55,352,0.075,0.42,41.0,12.0,5.0,0.308,0.341,0.692,1.034,0.432,0.362,0.415,0.206,0.545,91.3
671732,Lawrence Butler,ATH,55 to 60,146,0.031,0.466,13.0,5.0,0.0,0.385,0.385,0.462,0.846,0.373,0.379,0.154,0.1,0.727,93.1
671732,Lawrence Butler,ATH,60 to 65,76,0.016,0.513,,,,,,,,,,,,,
672820,Lenyn Sosa,TOR,10 to 15,44,0.018,0.636,,,,,,,,,,,,,
672820,Lenyn Sosa,TOR,15 to 20,68,0.027,0.529,,,,,,,,,,,,,
672820,Lenyn Sosa,TOR,20 to 25,115,0.046,0.461,,,,,,,,,,,,,
672820,Lenyn Sosa,TOR,25 to 30,243,0.097,0.461,12.0,3.0,0.0,0.273,0.273,0.273,0.545,0.264,0.255,0.083,0.143,0.364,83.1
672820,Lenyn Sosa,TOR,30 to 35,344,0.138,0.491,18.0,2.0,0.0,0.118,0.167,0.176,0.343,0.158,0.158,0.111,0.08,0.2,84.8
672820,Lenyn Sosa,TOR,35 to 40,416,0.167,0.577,21.0,7.0,1.0,0.333,0.333,0.619,0.952,0.402,0.375,0.095,0.13,0.421,90.5
672820,Lenyn Sosa,TOR,40 to 45,398,0.16,0.515,26.0,3.0,0.0,0.12,0.154,0.16,0.314,0.179,0.155,0.308,0.255,0.235,86.5
672820,Lenyn Sosa,TOR,45 to 50,320,0.128,0.541,19.0,7.0,0.0,0.368,0.368,0.474,0.842,0.368,0.307,0.368,0.342,0.583,90.8
672820,Lenyn Sosa,TOR,50 to 55,255,0.102,0.518,,,,,,,,,,,,,
672820,Lenyn Sosa,TOR,55 to 60,154,0.062,0.494,,,,,,,,,,,,,
672820,Lenyn Sosa,TOR,60 to 65,65,0.026,0.508,,,,,,,,,,,,,
672820,Lenyn Sosa,TOR,65 to 70,25,0.01,0.64,,,,,,,,,,,,,
677870,Leo Jimenez,MIA,10 to 15,28,0.03,0.464,,,,,,,,,,,,,
677870,Leo Jimenez,MIA,15 to 20,22,0.024,0.545,,,,,,,,,,,,,
677870,Leo Jimenez,MIA,20 to 25,63,0.069,0.381,15.0,1.0,0.0,0.1,0.357,0.1,0.457,0.279,0.376,0.067,0.091,0.3,83.8
677870,Leo Jimenez,MIA,25 to 30,62,0.067,0.435,12.0,2.0,0.0,0.222,0.417,0.222,0.639,0.325,0.354,0.25,0.28,0.333,89.3
677870,Leo Jimenez,MIA,30 to 35,120,0.131,0.408,28.0,8.0,0.0,0.333,0.429,0.417,0.845,0.382,0.252,0.25,0.286,0.353,88.3
677870,Leo Jimenez,MIA,35 to 40,115,0.125,0.4,30.0,3.0,0.0,0.115,0.233,0.154,0.387,0.195,0.265,0.333,0.256,0.353,86.3
677870,Leo Jimenez,MIA,40 to 45,190,0.207,0.416,43.0,11.0,2.0,0.275,0.326,0.425,0.751,0.346,0.362,0.163,0.186,0.419,90.1
677870,Leo Jimenez,MIA,45 to 50,161,0.175,0.453,24.0,2.0,0.0,0.111,0.333,0.167,0.5,0.265,0.334,0.167,0.192,0.286,88.7
677870,Leo Jimenez,MIA,5 to 10,17,0.018,0.471,,,,,,,,,,,,,
677870,Leo Jimenez,MIA,50 to 55,71,0.077,0.465,18.0,2.0,0.0,0.125,0.167,0.125,0.292,0.139,0.295,0.167,0.333,0.5,93.2
677870,Leo Jimenez,MIA,55 to 60,32,0.035,0.156,,,,,,,,,,,,,
677870,Leo Jimenez,MIA,60 to 65,16,0.017,0.5,,,,,,,,,,,,,
660844,Leo Rivas,SEA,10 to 15,24,0.021,0.333,,,,,,,,,,,,,
660844,Leo Rivas,SEA,15 to 20,32,0.028,0.375,,,,,,,,,,,,,
660844,Leo Rivas,SEA,20 to 25,58,0.051,0.379,,,,,,,,,,,,,
660844,Leo Rivas,SEA,25 to 30,111,0.098,0.297,,,,,,,,,,,,,
660844,Leo Rivas,SEA,30 to 35,181,0.16,0.376,19.0,3.0,0.0,0.188,0.278,0.188,0.465,0.239,0.271,0.263,0.294,0.083,78.8
660844,Leo Rivas,SEA,35 to 40,202,0.179,0.337,30.0,5.0,0.0,0.217,0.4,0.261,0.661,0.325,0.357,0.133,0.132,0.105,85.8
660844,Leo Rivas,SEA,40 to 45,200,0.177,0.305,25.0,2.0,0.0,0.091,0.2,0.136,0.336,0.17,0.213,0.44,0.359,0.182,85.5
660844,Leo Rivas,SEA,45 to 50,126,0.112,0.341,20.0,2.0,0.0,0.118,0.158,0.118,0.276,0.142,0.205,0.25,0.1,0.357,83.4
660844,Leo Rivas,SEA,50 to 55,92,0.082,0.38,14.0,2.0,0.0,0.222,0.5,0.333,0.833,0.404,0.355,0.071,0.048,0.25,90.5
660844,Leo Rivas,SEA,55 to 60,49,0.043,0.388,,,,,,,,,,,,,
660844,Leo Rivas,SEA,60 to 65,26,0.023,0.423,,,,,,,,,,,,,
665750,Leody Taveras,BAL,10 to 15,64,0.025,0.453,10.0,0.0,0.0,0.0,0.1,0.0,0.1,0.07,0.181,0.4,0.167,0.0,81.3
665750,Leody Taveras,BAL,15 to 20,107,0.042,0.364,18.0,2.0,0.0,0.143,0.294,0.214,0.508,0.262,0.313,0.278,0.179,0.2,81.8
665750,Leody Taveras,BAL,20 to 25,134,0.052,0.47,23.0,2.0,0.0,0.1,0.182,0.15,0.332,0.211,0.239,0.261,0.175,0.267,84.4
665750,Leody Taveras,BAL,25 to 30,242,0.095,0.5,47.0,15.0,2.0,0.366,0.447,0.61,1.057,0.453,0.394,0.213,0.218,0.516,90.0
665750,Leody Taveras,BAL,30 to 35,394,0.154,0.518,77.0,15.0,1.0,0.203,0.234,0.378,0.612,0.281,0.238,0.26,0.268,0.278,80.0
665750,Leody Taveras,BAL,35 to 40,482,0.188,0.488,90.0,17.0,1.0,0.207,0.244,0.305,0.549,0.274,0.242,0.233,0.19,0.242,79.8
665750,Leody Taveras,BAL,40 to 45,443,0.173,0.474,78.0,16.0,2.0,0.235,0.312,0.368,0.679,0.305,0.305,0.218,0.203,0.453,89.5
665750,Leody Taveras,BAL,45 to 50,277,0.108,0.48,52.0,14.0,2.0,0.304,0.385,0.457,0.841,0.372,0.26,0.308,0.289,0.367,88.7
665750,Leody Taveras,BAL,5 to 10,20,0.008,0.4,,,,,,,,,,,,,
665750,Leody Taveras,BAL,50 to 55,180,0.07,0.467,33.0,3.0,0.0,0.1,0.182,0.167,0.348,0.194,0.185,0.424,0.263,0.375,84.6
665750,Leody Taveras,BAL,55 to 60,96,0.038,0.49,11.0,3.0,0.0,0.333,0.455,0.444,0.899,0.405,0.295,0.364,0.25,0.0,67.0
665750,Leody Taveras,BAL,60 to 65,39,0.015,0.359,10.0,1.0,0.0,0.125,0.222,0.125,0.347,0.2,0.231,0.2,0.182,0.143,75.5
665750,Leody Taveras,BAL,65 to 70,24,0.009,0.417,,,,,,,,,,,,,
689414,Liam Hicks,TB,0 to 5,15,0.004,0.4,,,,,,,,,,,,,
689414,Liam Hicks,TB,10 to 15,56,0.016,0.375,,,,,,,,,,,,,
689414,Liam Hicks,TB,15 to 20,155,0.044,0.355,21.0,4.0,0.0,0.211,0.286,0.211,0.496,0.238,0.27,0.095,0.027,0.176,80.3
689414,Liam Hicks,TB,20 to 25,272,0.077,0.404,47.0,13.0,1.0,0.317,0.404,0.415,0.819,0.369,0.309,0.085,0.083,0.243,82.0
689414,Liam Hicks,TB,25 to 30,346,0.098,0.39,57.0,23.0,0.0,0.479,0.561,0.521,1.082,0.486,0.389,0.07,0.152,0.364,88.1
689414,Liam Hicks,TB,30 to 35,465,0.132,0.376,70.0,16.0,6.0,0.258,0.343,0.581,0.924,0.39,0.33,0.1,0.11,0.164,81.8
689414,Liam Hicks,TB,35 to 40,583,0.166,0.403,96.0,25.0,6.0,0.305,0.385,0.585,0.971,0.418,0.353,0.125,0.118,0.389,86.9
689414,Liam Hicks,TB,40 to 45,583,0.166,0.429,96.0,18.0,2.0,0.212,0.26,0.282,0.543,0.28,0.259,0.135,0.143,0.182,81.8
689414,Liam Hicks,TB,45 to 50,440,0.125,0.405,62.0,12.0,2.0,0.218,0.295,0.4,0.695,0.308,0.274,0.113,0.085,0.32,83.0
689414,Liam Hicks,TB,5 to 10,45,0.013,0.356,,,,,,,,,,,,,
689414,Liam Hicks,TB,50 to 55,255,0.072,0.412,34.0,7.0,1.0,0.25,0.382,0.393,0.775,0.351,0.396,0.059,0.073,0.269,88.1
689414,Liam Hicks,TB,55 to 60,146,0.041,0.336,12.0,6.0,0.0,0.6,0.667,0.7,1.367,0.596,0.43,0.0,0.056,0.4,87.1
689414,Liam Hicks,TB,60 to 65,52,0.015,0.365,,,,,,,,,,,,,
689414,Liam Hicks,TB,65 to 70,20,0.006,0.35,,,,,,,,,,,,,
681351,Logan O'Hoppe,TEX,-5 to 0,19,0.007,0.474,,,,,,,,,,,,,
681351,Logan O'Hoppe,TEX,10 to 15,64,0.023,0.469,,,,,,,,,,,,,
681351,Logan O'Hoppe,TEX,15 to 20,107,0.039,0.533,,,,,,,,,,,,,
681351,Logan O'Hoppe,TEX,20 to 25,181,0.066,0.525,18.0,2.0,0.0,0.118,0.167,0.118,0.284,0.139,0.21,0.333,0.324,0.273,88.6
681351,Logan O'Hoppe,TEX,25 to 30,280,0.102,0.468,16.0,4.0,0.0,0.286,0.333,0.357,0.69,0.323,0.249,0.188,0.179,0.417,84.9
681351,Logan O'Hoppe,TEX,30 to 35,368,0.134,0.516,30.0,7.0,0.0,0.259,0.3,0.296,0.596,0.268,0.234,0.267,0.213,0.35,81.2
681351,Logan O'Hoppe,TEX,35 to 40,449,0.163,0.535,45.0,14.0,2.0,0.318,0.333,0.523,0.856,0.368,0.323,0.2,0.302,0.4,87.8
681351,Logan O'Hoppe,TEX,40 to 45,445,0.162,0.499,58.0,11.0,0.0,0.204,0.241,0.222,0.464,0.213,0.197,0.328,0.337,0.333,84.0
681351,Logan O'Hoppe,TEX,45 to 50,316,0.115,0.585,33.0,4.0,1.0,0.138,0.242,0.241,0.484,0.227,0.286,0.273,0.293,0.25,87.3
681351,Logan O'Hoppe,TEX,5 to 10,28,0.01,0.357,,,,,,,,,,,,,
681351,Logan O'Hoppe,TEX,50 to 55,250,0.091,0.528,25.0,7.0,0.0,0.292,0.32,0.333,0.653,0.294,0.313,0.28,0.191,0.471,87.5
681351,Logan O'Hoppe,TEX,55 to 60,105,0.038,0.438,12.0,1.0,0.0,0.1,0.25,0.2,0.45,0.221,0.36,0.167,0.316,0.25,92.3
681351,Logan O'Hoppe,TEX,60 to 65,51,0.019,0.51,,,,,,,,,,,,,
681351,Logan O'Hoppe,TEX,65 to 70,25,0.009,0.48,,,,,,,,,,,,,
682515,Logan Porter,LAA,35 to 40,16,0.258,0.375,,,,,,,,,,,,,
682515,Logan Porter,LAA,40 to 45,21,0.339,0.333,,,,,,,,,,,,,
666971,Lourdes Gurriel,AZ,10 to 15,50,0.018,0.52,,,,,,,,,,,,,
666971,Lourdes Gurriel,AZ,15 to 20,90,0.033,0.522,,,,,,,,,,,,,
666971,Lourdes Gurriel,AZ,20 to 25,189,0.069,0.487,15.0,7.0,1.0,0.5,0.533,0.714,1.248,0.54,0.457,0.267,0.16,0.6,94.8
666971,Lourdes Gurriel,AZ,25 to 30,244,0.09,0.533,22.0,6.0,0.0,0.3,0.318,0.3,0.618,0.318,0.304,0.091,0.184,0.444,86.7
666971,Lourdes Gurriel,AZ,30 to 35,352,0.129,0.557,28.0,5.0,0.0,0.192,0.214,0.269,0.484,0.211,0.277,0.25,0.194,0.4,88.4
666971,Lourdes Gurriel,AZ,35 to 40,451,0.166,0.517,36.0,4.0,1.0,0.121,0.167,0.242,0.409,0.204,0.221,0.222,0.25,0.269,81.8
666971,Lourdes Gurriel,AZ,40 to 45,494,0.181,0.526,40.0,7.0,0.0,0.184,0.225,0.237,0.462,0.21,0.278,0.175,0.214,0.323,89.6
666971,Lourdes Gurriel,AZ,45 to 50,331,0.121,0.465,22.0,3.0,0.0,0.143,0.182,0.143,0.325,0.155,0.239,0.091,0.098,0.211,85.2
666971,Lourdes Gurriel,AZ,5 to 10,18,0.007,0.556,,,,,,,,,,,,,
666971,Lourdes Gurriel,AZ,50 to 55,217,0.08,0.567,10.0,2.0,0.0,0.25,0.4,0.5,0.9,0.39,0.312,0.2,0.25,0.333,93.0
666971,Lourdes Gurriel,AZ,55 to 60,147,0.054,0.517,11.0,3.0,0.0,0.3,0.364,0.4,0.764,0.341,0.31,0.091,0.25,0.222,87.9
666971,Lourdes Gurriel,AZ,60 to 65,53,0.019,0.566,,,,,,,,,,,,,
666971,Lourdes Gurriel,AZ,65 to 70,28,0.01,0.607,,,,,,,,,,,,,
828599,Lucas Spence,HOU,30 to 35,24,0.14,0.542,,,,,,,,,,,,,
828599,Lucas Spence,HOU,35 to 40,25,0.146,0.68,,,,,,,,,,,,,
828599,Lucas Spence,HOU,40 to 45,33,0.193,0.364,,,,,,,,,,,,,
828599,Lucas Spence,HOU,45 to 50,26,0.152,0.385,,,,,,,,,,,,,
650333,Luis Arráez,PHI,-10 to -5,20,0.004,0.55,,,,,,,,,,,,,
650333,Luis Arráez,PHI,10 to 15,114,0.023,0.439,15.0,5.0,0.0,0.333,0.333,0.4,0.733,0.383,0.208,0.067,0.045,0.286,83.5
650333,Luis Arráez,PHI,15 to 20,204,0.041,0.495,27.0,9.0,0.0,0.474,0.5,0.579,1.079,0.454,0.377,0.0,0.043,0.217,86.8
650333,Luis Arráez,PHI,20 to 25,356,0.072,0.447,39.0,14.0,2.0,0.389,0.41,0.611,1.021,0.433,0.327,0.051,0.056,0.257,84.1
650333,Luis Arráez,PHI,25 to 30,468,0.095,0.466,54.0,13.0,1.0,0.245,0.259,0.396,0.655,0.282,0.271,0.074,0.081,0.184,85.0
650333,Luis Arráez,PHI,30 to 35,710,0.144,0.532,96.0,28.0,1.0,0.311,0.337,0.422,0.759,0.344,0.305,0.062,0.077,0.163,87.0
650333,Luis Arráez,PHI,35 to 40,830,0.169,0.478,109.0,34.0,1.0,0.351,0.389,0.474,0.863,0.376,0.361,0.037,0.042,0.144,85.3
650333,Luis Arráez,PHI,40 to 45,744,0.151,0.448,106.0,30.0,0.0,0.312,0.358,0.417,0.775,0.341,0.312,0.028,0.064,0.232,87.8
650333,Luis Arráez,PHI,45 to 50,618,0.126,0.494,87.0,19.0,1.0,0.235,0.267,0.333,0.601,0.277,0.28,0.023,0.056,0.222,84.5
650333,Luis Arráez,PHI,5 to 10,49,0.01,0.449,,,,,,,,,,,,,
650333,Luis Arráez,PHI,50 to 55,393,0.08,0.527,57.0,15.0,0.0,0.283,0.304,0.377,0.681,0.319,0.261,0.105,0.078,0.188,84.2
650333,Luis Arráez,PHI,55 to 60,183,0.037,0.448,11.0,2.0,0.0,0.2,0.273,0.2,0.473,0.227,0.268,0.0,0.1,0.0,85.1
650333,Luis Arráez,PHI,60 to 65,67,0.014,0.627,12.0,2.0,0.0,0.182,0.167,0.182,0.348,0.15,0.203,0.0,0.042,0.167,79.1
650333,Luis Arráez,PHI,65 to 70,36,0.007,0.528,,,,,,,,,,,,,
669134,Luis Campusano,SD,10 to 15,19,0.017,0.474,,,,,,,,,,,,,
669134,Luis Campusano,SD,15 to 20,40,0.036,0.375,,,,,,,,,,,,,
669134,Luis Campusano,SD,20 to 25,80,0.072,0.487,28.0,5.0,1.0,0.217,0.357,0.435,0.792,0.382,0.298,0.143,0.205,0.474,88.5
669134,Luis Campusano,SD,25 to 30,133,0.12,0.436,23.0,5.0,2.0,0.263,0.391,0.579,0.97,0.413,0.328,0.13,0.224,0.375,88.1
669134,Luis Campusano,SD,30 to 35,123,0.111,0.439,20.0,2.0,0.0,0.118,0.25,0.118,0.368,0.195,0.27,0.2,0.265,0.385,84.5
669134,Luis Campusano,SD,35 to 40,158,0.142,0.494,41.0,11.0,0.0,0.289,0.341,0.342,0.684,0.31,0.32,0.268,0.274,0.333,87.4
669134,Luis Campusano,SD,40 to 45,197,0.178,0.437,37.0,9.0,1.0,0.3,0.432,0.5,0.932,0.409,0.387,0.297,0.303,0.368,89.4
669134,Luis Campusano,SD,45 to 50,192,0.173,0.422,39.0,11.0,3.0,0.324,0.41,0.647,1.057,0.446,0.377,0.205,0.149,0.444,90.5
669134,Luis Campusano,SD,5 to 10,15,0.014,0.6,,,,,,,,,,,,,
669134,Luis Campusano,SD,50 to 55,65,0.059,0.523,17.0,4.0,0.0,0.235,0.235,0.235,0.471,0.212,0.221,0.176,0.188,0.214,81.1
669134,Luis Campusano,SD,55 to 60,35,0.032,0.429,,,,,,,,,,,,,
671277,Luis García,NYY,0 to 5,20,0.005,0.65,,,,,,,,,,,,,
671277,Luis García,NYY,10 to 15,44,0.012,0.409,,,,,,,,,,,,,
671277,Luis García,NYY,15 to 20,117,0.031,0.504,16.0,5.0,2.0,0.333,0.375,0.733,1.108,0.462,0.519,0.188,0.25,0.5,92.5
671277,Luis García,NYY,20 to 25,273,0.072,0.498,25.0,7.0,1.0,0.318,0.4,0.591,0.991,0.422,0.283,0.16,0.114,0.5,93.9
671277,Luis García,NYY,25 to 30,391,0.103,0.514,59.0,12.0,2.0,0.214,0.237,0.357,0.594,0.256,0.266,0.22,0.151,0.477,90.8
671277,Luis García,NYY,30 to 35,510,0.134,0.524,68.0,17.0,1.0,0.262,0.294,0.4,0.694,0.303,0.359,0.132,0.161,0.474,92.1
671277,Luis García,NYY,35 to 40,666,0.175,0.559,101.0,30.0,5.0,0.306,0.327,0.561,0.888,0.386,0.38,0.158,0.149,0.482,92.9
671277,Luis García,NYY,40 to 45,623,0.163,0.543,86.0,21.0,6.0,0.247,0.256,0.506,0.762,0.331,0.321,0.233,0.213,0.492,90.9
671277,Luis García,NYY,45 to 50,470,0.123,0.509,65.0,17.0,5.0,0.274,0.308,0.597,0.904,0.379,0.353,0.215,0.223,0.438,89.5
671277,Luis García,NYY,5 to 10,29,0.008,0.414,,,,,,,,,,,,,
671277,Luis García,NYY,50 to 55,329,0.086,0.55,47.0,11.0,1.0,0.256,0.319,0.349,0.668,0.301,0.342,0.106,0.138,0.447,92.2
671277,Luis García,NYY,55 to 60,183,0.048,0.563,24.0,8.0,1.0,0.381,0.417,0.667,1.083,0.485,0.261,0.167,0.143,0.333,83.9
671277,Luis García,NYY,60 to 65,37,0.01,0.432,,,,,,,,,,,,,
671277,Luis García,NYY,65 to 70,17,0.004,0.647,,,,,,,,,,,,,
800325,Luis Lara,MIL,10 to 15,22,0.026,0.409,,,,,,,,,,,,,
800325,Luis Lara,MIL,15 to 20,26,0.031,0.308,11.0,2.0,0.0,0.2,0.273,0.2,0.473,0.227,0.219,0.364,0.0,0.167,74.1
800325,Luis Lara,MIL,20 to 25,67,0.08,0.493,11.0,0.0,0.0,0.0,0.0,0.0,0.0,0.0,0.12,0.455,0.212,0.333,91.4
800325,Luis Lara,MIL,25 to 30,66,0.079,0.394,15.0,3.0,0.0,0.231,0.333,0.231,0.564,0.273,0.321,0.2,0.115,0.5,91.1
800325,Luis Lara,MIL,30 to 35,106,0.126,0.302,28.0,4.0,0.0,0.174,0.321,0.261,0.582,0.279,0.356,0.25,0.156,0.562,92.1
800325,Luis Lara,MIL,35 to 40,111,0.132,0.387,27.0,6.0,0.0,0.24,0.296,0.28,0.576,0.265,0.237,0.185,0.186,0.45,84.5
800325,Luis Lara,MIL,40 to 45,191,0.228,0.414,39.0,10.0,0.0,0.294,0.359,0.324,0.683,0.312,0.335,0.179,0.152,0.357,87.4
800325,Luis Lara,MIL,45 to 50,112,0.133,0.464,31.0,6.0,0.0,0.214,0.258,0.286,0.544,0.271,0.282,0.258,0.135,0.286,86.5
800325,Luis Lara,MIL,50 to 55,52,0.062,0.558,12.0,3.0,0.0,0.25,0.25,0.25,0.5,0.245,0.199,0.25,0.276,0.5,83.5
800325,Luis Lara,MIL,55 to 60,17,0.02,0.588,,,,,,,,,,,,,
682641,Luis Matos,MIL,10 to 15,23,0.03,0.565,,,,,,,,,,,,,
682641,Luis Matos,MIL,15 to 20,38,0.05,0.368,,,,,,,,,,,,,
682641,Luis Matos,MIL,20 to 25,55,0.072,0.473,,,,,,,,,,,,,
682641,Luis Matos,MIL,25 to 30,87,0.114,0.529,,,,,,,,,,,,,
682641,Luis Matos,MIL,30 to 35,98,0.129,0.582,,,,,,,,,,,,,
682641,Luis Matos,MIL,35 to 40,135,0.178,0.563,,,,,,,,,,,,,
682641,Luis Matos,MIL,40 to 45,106,0.139,0.509,,,,,,,,,,,,,
682641,Luis Matos,MIL,45 to 50,77,0.101,0.455,,,,,,,,,,,,,
682641,Luis Matos,MIL,50 to 55,60,0.079,0.583,,,,,,,,,,,,,
682641,Luis Matos,MIL,55 to 60,32,0.042,0.5,,,,,,,,,,,,,
682641,Luis Matos,MIL,60 to 65,19,0.025,0.632,,,,,,,,,,,,,
650859,Luis Rengifo,SD,10 to 15,59,0.017,0.492,,,,,,,,,,,,,
650859,Luis Rengifo,SD,15 to 20,93,0.028,0.538,,,,,,,,,,,,,
650859,Luis Rengifo,SD,20 to 25,241,0.071,0.531,27.0,9.0,2.0,0.346,0.37,0.577,0.947,0.407,0.296,0.111,0.14,0.391,88.9
650859,Luis Rengifo,SD,25 to 30,378,0.112,0.471,44.0,8.0,1.0,0.222,0.364,0.361,0.725,0.332,0.369,0.091,0.111,0.406,89.9
650859,Luis Rengifo,SD,30 to 35,507,0.15,0.533,45.0,7.0,0.0,0.167,0.222,0.19,0.413,0.194,0.29,0.178,0.209,0.529,88.6
650859,Luis Rengifo,SD,35 to 40,542,0.16,0.526,55.0,15.0,0.0,0.294,0.296,0.392,0.688,0.299,0.257,0.145,0.162,0.174,81.6
650859,Luis Rengifo,SD,40 to 45,589,0.174,0.501,71.0,12.0,0.0,0.207,0.343,0.241,0.584,0.326,0.34,0.127,0.197,0.34,87.0
650859,Luis Rengifo,SD,45 to 50,412,0.122,0.466,39.0,8.0,0.0,0.222,0.282,0.222,0.504,0.262,0.238,0.154,0.219,0.167,82.7
650859,Luis Rengifo,SD,5 to 10,19,0.006,0.526,,,,,,,,,,,,,
650859,Luis Rengifo,SD,50 to 55,258,0.076,0.469,26.0,6.0,1.0,0.273,0.385,0.5,0.885,0.419,0.361,0.192,0.13,0.444,87.9
650859,Luis Rengifo,SD,55 to 60,133,0.039,0.549,12.0,4.0,0.0,0.333,0.333,0.333,0.667,0.3,0.237,0.25,0.357,0.333,85.4
650859,Luis Rengifo,SD,60 to 65,55,0.016,0.473,,,,,,,,,,,,,
673357,Luis Robert,BAL,0 to 5,16,0.007,0.312,,,,,,,,,,,,,
673357,Luis Robert,BAL,10 to 15,47,0.019,0.447,,,,,,,,,,,,,
673357,Luis Robert,BAL,15 to 20,71,0.029,0.479,,,,,,,,,,,,,
673357,Luis Robert,BAL,20 to 25,153,0.063,0.425,15.0,6.0,1.0,0.462,0.533,0.769,1.303,0.55,0.458,0.067,0.111,0.417,90.2
673357,Luis Robert,BAL,25 to 30,224,0.092,0.531,22.0,5.0,1.0,0.25,0.318,0.4,0.718,0.359,0.303,0.136,0.234,0.471,83.9
673357,Luis Robert,BAL,30 to 35,353,0.146,0.547,42.0,6.0,1.0,0.158,0.238,0.263,0.501,0.23,0.273,0.286,0.238,0.462,91.8
673357,Luis Robert,BAL,35 to 40,361,0.149,0.548,25.0,5.0,2.0,0.208,0.24,0.5,0.74,0.346,0.355,0.28,0.308,0.471,94.8
673357,Luis Robert,BAL,40 to 45,439,0.181,0.501,42.0,7.0,1.0,0.189,0.262,0.27,0.532,0.243,0.33,0.19,0.326,0.2,86.1
673357,Luis Robert,BAL,45 to 50,310,0.128,0.552,36.0,11.0,4.0,0.344,0.389,0.781,1.17,0.5,0.428,0.167,0.246,0.556,92.7
673357,Luis Robert,BAL,50 to 55,218,0.09,0.569,15.0,1.0,0.0,0.071,0.133,0.071,0.205,0.107,0.119,0.267,0.206,0.3,86.3
673357,Luis Robert,BAL,55 to 60,117,0.048,0.487,12.0,1.0,0.0,0.111,0.333,0.111,0.444,0.25,0.288,0.417,0.231,0.75,97.9
673357,Luis Robert,BAL,60 to 65,48,0.02,0.521,,,,,,,,,,,,,
620443,Luis Torrens,NYM,10 to 15,68,0.032,0.441,,,,,,,,,,,,,
620443,Luis Torrens,NYM,15 to 20,85,0.04,0.494,12.0,4.0,0.0,0.364,0.417,0.455,0.871,0.388,0.218,0.25,0.294,0.5,92.2
620443,Luis Torrens,NYM,20 to 25,135,0.063,0.474,14.0,4.0,0.0,0.308,0.357,0.308,0.665,0.307,0.376,0.071,0.167,0.462,91.8
620443,Luis Torrens,NYM,25 to 30,189,0.089,0.455,24.0,5.0,2.0,0.227,0.292,0.591,0.883,0.367,0.349,0.208,0.333,0.471,89.9
620443,Luis Torrens,NYM,30 to 35,315,0.148,0.495,40.0,8.0,1.0,0.229,0.325,0.371,0.696,0.312,0.288,0.2,0.127,0.407,87.4
620443,Luis Torrens,NYM,35 to 40,330,0.155,0.491,41.0,8.0,3.0,0.211,0.25,0.447,0.697,0.302,0.325,0.195,0.174,0.452,85.8
620443,Luis Torrens,NYM,40 to 45,356,0.167,0.492,51.0,13.0,1.0,0.271,0.294,0.417,0.711,0.306,0.275,0.176,0.121,0.366,88.7
620443,Luis Torrens,NYM,45 to 50,222,0.104,0.486,29.0,8.0,1.0,0.286,0.286,0.429,0.714,0.316,0.273,0.241,0.157,0.455,88.0
620443,Luis Torrens,NYM,5 to 10,43,0.02,0.419,,,,,,,,,,,,,
620443,Luis Torrens,NYM,50 to 55,172,0.081,0.5,28.0,5.0,0.0,0.192,0.25,0.269,0.519,0.236,0.271,0.286,0.22,0.5,89.0
620443,Luis Torrens,NYM,55 to 60,115,0.054,0.452,,,,,,,,,,,,,
620443,Luis Torrens,NYM,60 to 65,38,0.018,0.579,,,,,,,,,,,,,
620443,Luis Torrens,NYM,65 to 70,17,0.008,0.588,,,,,,,,,,,,,
649966,Luis Urías,TOR,10 to 15,32,0.021,0.406,,,,,,,,,,,,,
649966,Luis Urías,TOR,15 to 20,51,0.033,0.471,,,,,,,,,,,,,
649966,Luis Urías,TOR,20 to 25,120,0.078,0.383,,,,,,,,,,,,,
649966,Luis Urías,TOR,25 to 30,181,0.118,0.414,,,,,,,,,,,,,
649966,Luis Urías,TOR,30 to 35,265,0.173,0.43,10.0,4.0,2.0,0.444,0.4,1.111,1.511,0.58,0.447,0.1,0.105,0.333,91.3
649966,Luis Urías,TOR,35 to 40,224,0.146,0.446,,,,,,,,,,,,,
649966,Luis Urías,TOR,40 to 45,225,0.147,0.467,,,,,,,,,,,,,
649966,Luis Urías,TOR,45 to 50,186,0.121,0.452,,,,,,,,,,,,,
649966,Luis Urías,TOR,50 to 55,102,0.067,0.441,,,,,,,,,,,,,
649966,Luis Urías,TOR,55 to 60,66,0.043,0.379,,,,,,,,,,,,,
649966,Luis Urías,TOR,60 to 65,28,0.018,0.429,,,,,,,,,,,,,
682668,Luisangel Acuña,CWS,10 to 15,34,0.023,0.353,,,,,,,,,,,,,
682668,Luisangel Acuña,CWS,15 to 20,48,0.033,0.458,,,,,,,,,,,,,
682668,Luisangel Acuña,CWS,20 to 25,75,0.052,0.507,,,,,,,,,,,,,
682668,Luisangel Acuña,CWS,25 to 30,126,0.087,0.54,20.0,6.0,0.0,0.3,0.3,0.3,0.6,0.27,0.288,0.15,0.31,0.5,84.6
682668,Luisangel Acuña,CWS,30 to 35,190,0.131,0.484,28.0,12.0,0.0,0.444,0.464,0.481,0.946,0.439,0.277,0.179,0.163,0.476,89.5
682668,Luisangel Acuña,CWS,35 to 40,237,0.163,0.456,38.0,4.0,0.0,0.114,0.162,0.114,0.276,0.144,0.183,0.237,0.262,0.231,84.5
682668,Luisangel Acuña,CWS,40 to 45,270,0.186,0.515,51.0,7.0,0.0,0.149,0.216,0.213,0.428,0.199,0.27,0.196,0.25,0.378,88.7
682668,Luisangel Acuña,CWS,45 to 50,204,0.141,0.485,31.0,7.0,1.0,0.241,0.29,0.345,0.635,0.313,0.333,0.065,0.176,0.259,86.8
682668,Luisangel Acuña,CWS,50 to 55,139,0.096,0.568,21.0,6.0,0.0,0.3,0.286,0.3,0.586,0.257,0.312,0.286,0.302,0.533,91.8
682668,Luisangel Acuña,CWS,55 to 60,59,0.041,0.356,,,,,,,,,,,,,
682668,Luisangel Acuña,CWS,60 to 65,20,0.014,0.6,,,,,,,,,,,,,
694410,Lujames Groover,AZ,30 to 35,27,0.13,0.556,,,,,,,,,,,,,
694410,Lujames Groover,AZ,40 to 45,49,0.236,0.408,14.0,1.0,0.0,0.083,0.214,0.083,0.298,0.164,0.315,0.071,0.15,0.455,91.6
694410,Lujames Groover,AZ,45 to 50,41,0.197,0.366,,,,,,,,,,,,,
694410,Lujames Groover,AZ,50 to 55,22,0.106,0.409,,,,,,,,,,,,,
807712,Luke Keaschall,MIN,0 to 5,19,0.006,0.368,,,,,,,,,,,,,
807712,Luke Keaschall,MIN,10 to 15,67,0.022,0.493,14.0,4.0,0.0,0.364,0.429,0.364,0.792,0.421,0.285,0.214,0.182,0.0,81.3
807712,Luke Keaschall,MIN,15 to 20,106,0.035,0.377,18.0,4.0,0.0,0.25,0.333,0.312,0.646,0.297,0.31,0.111,0.167,0.429,83.6
807712,Luke Keaschall,MIN,20 to 25,177,0.058,0.379,35.0,9.0,0.0,0.375,0.543,0.458,1.001,0.477,0.384,0.143,0.161,0.3,86.1
807712,Luke Keaschall,MIN,25 to 30,272,0.089,0.397,52.0,14.0,0.0,0.326,0.442,0.372,0.814,0.377,0.309,0.154,0.184,0.143,80.3
807712,Luke Keaschall,MIN,30 to 35,421,0.138,0.451,78.0,10.0,1.0,0.145,0.218,0.232,0.45,0.208,0.256,0.205,0.206,0.296,85.5
807712,Luke Keaschall,MIN,35 to 40,546,0.179,0.441,110.0,30.0,1.0,0.319,0.418,0.394,0.812,0.37,0.322,0.155,0.177,0.299,84.7
807712,Luke Keaschall,MIN,40 to 45,569,0.187,0.406,122.0,28.0,3.0,0.272,0.372,0.427,0.799,0.386,0.315,0.131,0.13,0.213,83.3
807712,Luke Keaschall,MIN,45 to 50,343,0.113,0.452,66.0,19.0,3.0,0.322,0.379,0.559,0.938,0.399,0.33,0.136,0.149,0.353,85.8
807712,Luke Keaschall,MIN,5 to 10,50,0.016,0.48,10.0,0.0,0.0,0.0,0.1,0.0,0.1,0.07,0.266,0.1,0.125,0.375,92.3
807712,Luke Keaschall,MIN,50 to 55,214,0.07,0.453,45.0,10.0,0.0,0.25,0.295,0.325,0.62,0.301,0.35,0.089,0.109,0.421,89.2
807712,Luke Keaschall,MIN,55 to 60,87,0.029,0.425,17.0,4.0,0.0,0.25,0.294,0.25,0.544,0.253,0.229,0.059,0.038,0.267,78.1
807712,Luke Keaschall,MIN,60 to 65,50,0.016,0.38,14.0,3.0,0.0,0.231,0.286,0.385,0.67,0.293,0.363,0.071,0.167,0.333,87.4
807712,Luke Keaschall,MIN,65 to 70,20,0.007,0.3,,,,,,,,,,,,,
571912,Luke Maile,KC,15 to 20,15,0.04,0.533,,,,,,,,,,,,,
571912,Luke Maile,KC,20 to 25,37,0.098,0.27,,,,,,,,,,,,,
571912,Luke Maile,KC,25 to 30,52,0.137,0.462,,,,,,,,,,,,,
571912,Luke Maile,KC,30 to 35,51,0.135,0.451,,,,,,,,,,,,,
571912,Luke Maile,KC,35 to 40,47,0.124,0.404,,,,,,,,,,,,,
571912,Luke Maile,KC,40 to 45,67,0.177,0.463,10.0,2.0,0.0,0.222,0.3,0.333,0.633,0.285,0.222,0.1,0.167,0.375,84.4
571912,Luke Maile,KC,45 to 50,51,0.135,0.412,,,,,,,,,,,,,
571912,Luke Maile,KC,50 to 55,35,0.092,0.457,,,,,,,,,,,,,
571912,Luke Maile,KC,55 to 60,15,0.04,0.4,,,,,,,,,,,,,
670042,Luke Raley,SEA,10 to 15,33,0.017,0.576,,,,,,,,,,,,,
670042,Luke Raley,SEA,15 to 20,65,0.033,0.508,,,,,,,,,,,,,
670042,Luke Raley,SEA,20 to 25,113,0.058,0.558,26.0,8.0,2.0,0.333,0.385,0.625,1.01,0.429,0.448,0.115,0.163,0.524,85.8
670042,Luke Raley,SEA,25 to 30,205,0.106,0.493,23.0,9.0,3.0,0.429,0.478,0.952,1.431,0.587,0.506,0.304,0.442,0.429,88.5
670042,Luke Raley,SEA,30 to 35,302,0.156,0.536,50.0,10.0,1.0,0.217,0.28,0.348,0.628,0.279,0.336,0.36,0.35,0.464,86.9
670042,Luke Raley,SEA,35 to 40,400,0.206,0.545,65.0,15.0,3.0,0.25,0.308,0.45,0.758,0.342,0.347,0.262,0.378,0.442,90.7
670042,Luke Raley,SEA,40 to 45,304,0.157,0.539,44.0,8.0,2.0,0.19,0.227,0.333,0.561,0.245,0.229,0.409,0.444,0.458,88.8
670042,Luke Raley,SEA,45 to 50,231,0.119,0.571,27.0,3.0,2.0,0.136,0.231,0.409,0.64,0.277,0.27,0.444,0.5,0.333,89.1
670042,Luke Raley,SEA,5 to 10,16,0.008,0.5,,,,,,,,,,,,,
670042,Luke Raley,SEA,50 to 55,130,0.067,0.554,18.0,2.0,1.0,0.133,0.278,0.333,0.611,0.328,0.337,0.333,0.389,0.667,91.8
670042,Luke Raley,SEA,55 to 60,71,0.037,0.493,10.0,1.0,0.0,0.1,0.1,0.1,0.2,0.09,0.215,0.6,0.5,0.75,93.1
670042,Luke Raley,SEA,60 to 65,32,0.016,0.438,,,,,,,,,,,,,
663897,Luke Williams,ATL,30 to 35,20,0.172,0.65,,,,,,,,,,,,,
663897,Luke Williams,ATL,40 to 45,15,0.129,0.533,,,,,,,,,,,,,
663609,Luken Baker,AZ,30 to 35,33,0.17,0.545,,,,,,,,,,,,,
663609,Luken Baker,AZ,35 to 40,26,0.134,0.308,,,,,,,,,,,,,
663609,Luken Baker,AZ,40 to 45,31,0.16,0.419,,,,,,,,,,,,,
663609,Luken Baker,AZ,45 to 50,23,0.119,0.522,,,,,,,,,,,,,
663609,Luken Baker,AZ,50 to 55,18,0.093,0.389,,,,,,,,,,,,,
672580,Maikel García,KC,10 to 15,68,0.018,0.309,,,,,,,,,,,,,
672580,Maikel García,KC,15 to 20,131,0.035,0.397,16.0,3.0,0.0,0.2,0.25,0.2,0.45,0.213,0.246,0.188,0.185,0.417,89.8
672580,Maikel García,KC,20 to 25,223,0.059,0.43,26.0,7.0,0.0,0.333,0.423,0.476,0.899,0.39,0.371,0.038,0.026,0.19,85.5
672580,Maikel García,KC,25 to 30,393,0.104,0.392,42.0,5.0,0.0,0.132,0.214,0.158,0.372,0.182,0.225,0.31,0.177,0.4,88.8
672580,Maikel García,KC,30 to 35,539,0.142,0.354,37.0,6.0,0.0,0.167,0.189,0.25,0.439,0.193,0.306,0.108,0.191,0.387,87.5
672580,Maikel García,KC,35 to 40,565,0.149,0.421,46.0,12.0,1.0,0.279,0.326,0.465,0.791,0.342,0.399,0.087,0.109,0.513,92.7
672580,Maikel García,KC,40 to 45,636,0.168,0.384,56.0,10.0,2.0,0.2,0.286,0.36,0.646,0.288,0.276,0.161,0.104,0.268,85.2
672580,Maikel García,KC,45 to 50,556,0.146,0.437,49.0,18.0,0.0,0.375,0.388,0.542,0.929,0.402,0.292,0.143,0.111,0.463,90.6
672580,Maikel García,KC,5 to 10,54,0.014,0.241,,,,,,,,,,,,,
672580,Maikel García,KC,50 to 55,322,0.085,0.416,27.0,10.0,0.0,0.4,0.444,0.48,0.924,0.411,0.413,0.148,0.179,0.476,92.0
672580,Maikel García,KC,55 to 60,155,0.041,0.452,13.0,3.0,0.0,0.25,0.308,0.25,0.558,0.262,0.26,0.0,0.13,0.417,90.0
672580,Maikel García,KC,60 to 65,69,0.018,0.362,,,,,,,,,,,,,
672580,Maikel García,KC,65 to 70,25,0.007,0.4,,,,,,,,,,,,,
592518,Manny Machado,SD,10 to 15,130,0.025,0.477,18.0,3.0,1.0,0.214,0.333,0.5,0.833,0.347,0.302,0.333,0.276,0.556,91.9
592518,Manny Machado,SD,15 to 20,232,0.044,0.522,38.0,8.0,3.0,0.242,0.316,0.515,0.831,0.35,0.33,0.237,0.281,0.4,89.5
592518,Manny Machado,SD,20 to 25,431,0.081,0.476,45.0,8.0,2.0,0.2,0.289,0.4,0.689,0.322,0.395,0.222,0.309,0.667,95.8
592518,Manny Machado,SD,25 to 30,541,0.102,0.475,73.0,14.0,2.0,0.226,0.342,0.387,0.73,0.337,0.324,0.151,0.243,0.308,85.0
592518,Manny Machado,SD,30 to 35,764,0.144,0.491,93.0,18.0,2.0,0.217,0.301,0.313,0.614,0.29,0.311,0.204,0.218,0.413,89.2
592518,Manny Machado,SD,35 to 40,818,0.155,0.493,104.0,19.0,3.0,0.204,0.272,0.344,0.616,0.275,0.331,0.144,0.195,0.481,90.9
592518,Manny Machado,SD,40 to 45,811,0.153,0.499,104.0,20.0,7.0,0.222,0.327,0.522,0.849,0.4,0.337,0.24,0.228,0.422,90.0
592518,Manny Machado,SD,45 to 50,616,0.116,0.494,71.0,15.0,3.0,0.246,0.324,0.426,0.75,0.325,0.332,0.239,0.169,0.37,88.5
592518,Manny Machado,SD,5 to 10,58,0.011,0.431,,,,,,,,,,,,,
592518,Manny Machado,SD,50 to 55,382,0.072,0.461,45.0,7.0,3.0,0.171,0.2,0.39,0.59,0.244,0.283,0.311,0.216,0.379,89.5
592518,Manny Machado,SD,55 to 60,200,0.038,0.455,17.0,2.0,0.0,0.182,0.412,0.273,0.684,0.332,0.372,0.235,0.345,0.5,84.6
592518,Manny Machado,SD,60 to 65,101,0.019,0.436,10.0,1.0,0.0,0.125,0.3,0.125,0.425,0.32,0.273,0.1,0.312,0.143,84.4
592518,Manny Machado,SD,65 to 70,40,0.008,0.475,,,,,,,,,,,,,
542303,Marcell Ozuna,PIT,0 to 5,16,0.004,0.562,,,,,,,,,,,,,
542303,Marcell Ozuna,PIT,10 to 15,71,0.018,0.451,,,,,,,,,,,,,
542303,Marcell Ozuna,PIT,15 to 20,144,0.037,0.403,,,,,,,,,,,,,
542303,Marcell Ozuna,PIT,20 to 25,300,0.077,0.447,14.0,7.0,1.0,0.583,0.643,1.0,1.643,0.679,0.518,0.143,0.143,0.417,89.3
542303,Marcell Ozuna,PIT,25 to 30,364,0.094,0.44,25.0,4.0,1.0,0.174,0.24,0.348,0.588,0.258,0.287,0.32,0.3,0.533,90.1
542303,Marcell Ozuna,PIT,30 to 35,523,0.135,0.384,36.0,4.0,0.0,0.121,0.194,0.121,0.316,0.158,0.249,0.417,0.333,0.333,89.6
542303,Marcell Ozuna,PIT,35 to 40,552,0.142,0.397,42.0,9.0,1.0,0.225,0.262,0.35,0.612,0.269,0.252,0.286,0.268,0.393,90.0
542303,Marcell Ozuna,PIT,40 to 45,644,0.166,0.401,52.0,8.0,1.0,0.174,0.269,0.261,0.53,0.264,0.3,0.231,0.283,0.412,88.4
542303,Marcell Ozuna,PIT,45 to 50,549,0.141,0.393,39.0,8.0,2.0,0.258,0.41,0.484,0.894,0.394,0.407,0.282,0.286,0.35,89.4
542303,Marcell Ozuna,PIT,50 to 55,335,0.086,0.382,27.0,4.0,1.0,0.16,0.222,0.28,0.502,0.259,0.263,0.333,0.314,0.25,87.7
542303,Marcell Ozuna,PIT,55 to 60,177,0.046,0.373,11.0,1.0,0.0,0.091,0.091,0.091,0.182,0.082,0.208,0.364,0.273,0.429,93.2
542303,Marcell Ozuna,PIT,60 to 65,76,0.02,0.355,,,,,,,,,,,,,
542303,Marcell Ozuna,PIT,65 to 70,32,0.008,0.344,,,,,,,,,,,,,
542303,Marcell Ozuna,PIT,70 to 75,20,0.005,0.55,,,,,,,,,,,,,
691785,Marcelo Mayer,SF,10 to 15,34,0.024,0.441,,,,,,,,,,,,,
691785,Marcelo Mayer,SF,15 to 20,34,0.024,0.441,,,,,,,,,,,,,
691785,Marcelo Mayer,SF,20 to 25,66,0.047,0.515,,,,,,,,,,,,,
691785,Marcelo Mayer,SF,25 to 30,118,0.085,0.551,20.0,5.0,0.0,0.278,0.35,0.389,0.739,0.33,0.278,0.3,0.333,0.417,86.0
691785,Marcelo Mayer,SF,30 to 35,155,0.111,0.535,26.0,4.0,0.0,0.167,0.192,0.167,0.359,0.192,0.296,0.115,0.22,0.429,88.6
691785,Marcelo Mayer,SF,35 to 40,281,0.202,0.473,50.0,10.0,0.0,0.222,0.26,0.267,0.527,0.254,0.232,0.24,0.298,0.257,83.0
691785,Marcelo Mayer,SF,40 to 45,241,0.173,0.548,47.0,7.0,1.0,0.159,0.213,0.25,0.463,0.21,0.198,0.277,0.34,0.323,85.5
691785,Marcelo Mayer,SF,45 to 50,198,0.142,0.46,33.0,6.0,2.0,0.2,0.273,0.433,0.706,0.332,0.298,0.152,0.141,0.48,88.1
691785,Marcelo Mayer,SF,5 to 10,17,0.012,0.471,,,,,,,,,,,,,
691785,Marcelo Mayer,SF,50 to 55,114,0.082,0.482,20.0,4.0,0.0,0.308,0.55,0.308,0.858,0.425,0.377,0.1,0.233,0.273,83.6
691785,Marcelo Mayer,SF,55 to 60,60,0.043,0.467,,,,,,,,,,,,,
691785,Marcelo Mayer,SF,60 to 65,20,0.014,0.4,,,,,,,,,,,,,
543760,Marcus Semien,NYM,10 to 15,116,0.028,0.483,18.0,7.0,2.0,0.412,0.444,0.765,1.209,0.575,0.577,0.111,0.182,0.385,83.7
543760,Marcus Semien,NYM,15 to 20,186,0.045,0.505,23.0,3.0,0.0,0.13,0.13,0.13,0.261,0.117,0.233,0.087,0.087,0.238,84.2
543760,Marcus Semien,NYM,20 to 25,312,0.076,0.462,33.0,8.0,1.0,0.276,0.364,0.448,0.812,0.358,0.302,0.182,0.194,0.478,91.0
543760,Marcus Semien,NYM,25 to 30,396,0.097,0.465,49.0,12.0,2.0,0.255,0.286,0.468,0.754,0.322,0.318,0.224,0.241,0.361,87.9
543760,Marcus Semien,NYM,30 to 35,581,0.142,0.496,71.0,14.0,2.0,0.219,0.282,0.344,0.625,0.29,0.306,0.225,0.246,0.327,85.9
543760,Marcus Semien,NYM,35 to 40,610,0.149,0.493,79.0,18.0,1.0,0.25,0.316,0.319,0.636,0.324,0.315,0.089,0.163,0.333,85.4
543760,Marcus Semien,NYM,40 to 45,686,0.168,0.483,106.0,21.0,5.0,0.228,0.311,0.413,0.724,0.333,0.313,0.208,0.24,0.347,87.1
543760,Marcus Semien,NYM,45 to 50,491,0.12,0.489,55.0,9.0,1.0,0.188,0.259,0.271,0.53,0.262,0.284,0.2,0.202,0.333,85.0
543760,Marcus Semien,NYM,5 to 10,41,0.01,0.488,,,,,,,,,,,,,
543760,Marcus Semien,NYM,50 to 55,367,0.09,0.523,53.0,5.0,0.0,0.109,0.208,0.174,0.381,0.201,0.276,0.151,0.18,0.333,87.7
543760,Marcus Semien,NYM,55 to 60,162,0.04,0.568,20.0,1.0,0.0,0.056,0.15,0.056,0.206,0.115,0.208,0.3,0.275,0.25,81.2
543760,Marcus Semien,NYM,60 to 65,49,0.012,0.347,,,,,,,,,,,,,
543760,Marcus Semien,NYM,65 to 70,22,0.005,0.409,,,,,,,,,,,,,
668901,Mark Vientos,NYM,10 to 15,87,0.031,0.483,14.0,4.0,2.0,0.308,0.286,0.769,1.055,0.414,0.455,0.143,0.129,0.333,89.1
668901,Mark Vientos,NYM,15 to 20,117,0.042,0.479,,,,,,,,,,,,,
668901,Mark Vientos,NYM,20 to 25,174,0.062,0.523,23.0,6.0,0.0,0.261,0.261,0.304,0.565,0.25,0.218,0.261,0.286,0.529,89.0
668901,Mark Vientos,NYM,25 to 30,271,0.097,0.568,23.0,6.0,1.0,0.261,0.261,0.391,0.652,0.283,0.208,0.304,0.326,0.312,91.3
668901,Mark Vientos,NYM,30 to 35,362,0.129,0.514,25.0,3.0,1.0,0.12,0.12,0.28,0.4,0.166,0.258,0.24,0.25,0.474,91.0
668901,Mark Vientos,NYM,35 to 40,419,0.149,0.494,37.0,8.0,3.0,0.242,0.324,0.606,0.93,0.388,0.421,0.378,0.442,0.579,94.4
668901,Mark Vientos,NYM,40 to 45,515,0.184,0.536,74.0,16.0,3.0,0.239,0.311,0.433,0.744,0.324,0.355,0.149,0.22,0.429,87.7
668901,Mark Vientos,NYM,45 to 50,386,0.138,0.503,27.0,5.0,1.0,0.217,0.296,0.348,0.644,0.285,0.277,0.333,0.263,0.267,83.1
668901,Mark Vientos,NYM,5 to 10,25,0.009,0.56,,,,,,,,,,,,,
668901,Mark Vientos,NYM,50 to 55,237,0.084,0.553,27.0,3.0,1.0,0.125,0.222,0.25,0.472,0.219,0.291,0.111,0.298,0.476,91.5
668901,Mark Vientos,NYM,55 to 60,98,0.035,0.571,,,,,,,,,,,,,
668901,Mark Vientos,NYM,60 to 65,41,0.015,0.659,,,,,,,,,,,,,
668901,Mark Vientos,NYM,65 to 70,25,0.009,0.56,,,,,,,,,,,,,
807799,Masataka Yoshida,BOS,15 to 20,30,0.017,0.467,,,,,,,,,,,,,
807799,Masataka Yoshida,BOS,20 to 25,93,0.052,0.333,13.0,5.0,0.0,0.455,0.538,0.636,1.175,0.508,0.452,0.0,0.167,0.636,93.2
807799,Masataka Yoshida,BOS,25 to 30,137,0.076,0.401,21.0,3.0,0.0,0.167,0.286,0.222,0.508,0.245,0.248,0.286,0.172,0.167,91.2
807799,Masataka Yoshida,BOS,30 to 35,244,0.136,0.459,37.0,15.0,2.0,0.469,0.541,0.781,1.322,0.581,0.449,0.054,0.108,0.533,91.6
807799,Masataka Yoshida,BOS,35 to 40,319,0.178,0.458,58.0,13.0,1.0,0.232,0.259,0.339,0.598,0.278,0.296,0.121,0.083,0.408,87.2
807799,Masataka Yoshida,BOS,40 to 45,338,0.189,0.467,64.0,16.0,1.0,0.281,0.344,0.404,0.747,0.344,0.284,0.109,0.183,0.373,87.2
807799,Masataka Yoshida,BOS,45 to 50,221,0.123,0.425,26.0,5.0,0.0,0.227,0.308,0.364,0.671,0.294,0.272,0.0,0.137,0.304,89.9
807799,Masataka Yoshida,BOS,5 to 10,15,0.008,0.4,,,,,,,,,,,,,
807799,Masataka Yoshida,BOS,50 to 55,184,0.103,0.418,36.0,3.0,0.0,0.097,0.194,0.097,0.291,0.153,0.295,0.167,0.182,0.423,87.0
807799,Masataka Yoshida,BOS,55 to 60,83,0.046,0.434,,,,,,,,,,,,,
807799,Masataka Yoshida,BOS,60 to 65,49,0.027,0.469,,,,,,,,,,,,,
691026,Masyn Winn,STL,10 to 15,77,0.018,0.442,10.0,3.0,0.0,0.3,0.3,0.3,0.6,0.36,0.192,0.5,0.333,0.6,89.0
691026,Masyn Winn,STL,15 to 20,122,0.028,0.418,13.0,2.0,0.0,0.154,0.154,0.231,0.385,0.235,0.219,0.462,0.321,0.429,91.2
691026,Masyn Winn,STL,20 to 25,367,0.084,0.471,43.0,6.0,0.0,0.15,0.209,0.175,0.384,0.183,0.231,0.279,0.221,0.429,90.8
691026,Masyn Winn,STL,25 to 30,453,0.104,0.413,46.0,7.0,0.0,0.167,0.239,0.167,0.406,0.198,0.317,0.13,0.176,0.361,85.7
691026,Masyn Winn,STL,30 to 35,652,0.15,0.416,92.0,16.0,1.0,0.213,0.348,0.293,0.641,0.302,0.333,0.207,0.23,0.263,86.4
691026,Masyn Winn,STL,35 to 40,689,0.158,0.433,92.0,19.0,2.0,0.229,0.283,0.373,0.656,0.296,0.286,0.196,0.19,0.418,89.3
691026,Masyn Winn,STL,40 to 45,693,0.159,0.443,75.0,20.0,1.0,0.294,0.36,0.426,0.786,0.372,0.319,0.2,0.222,0.352,88.4
691026,Masyn Winn,STL,45 to 50,456,0.105,0.43,49.0,9.0,0.0,0.214,0.286,0.238,0.524,0.244,0.289,0.143,0.212,0.243,86.0
691026,Masyn Winn,STL,5 to 10,36,0.008,0.472,,,,,,,,,,,,,
691026,Masyn Winn,STL,50 to 55,379,0.087,0.417,52.0,11.0,1.0,0.244,0.308,0.333,0.641,0.286,0.322,0.154,0.209,0.263,86.9
691026,Masyn Winn,STL,55 to 60,186,0.043,0.387,14.0,4.0,0.0,0.4,0.571,0.6,1.171,0.507,0.448,0.143,0.08,0.375,89.8
691026,Masyn Winn,STL,60 to 65,92,0.021,0.478,,,,,,,,,,,,,
691026,Masyn Winn,STL,65 to 70,30,0.007,0.433,,,,,,,,,,,,,
691026,Masyn Winn,STL,70 to 75,16,0.004,0.438,,,,,,,,,,,,,
656305,Matt Chapman,SF,10 to 15,68,0.019,0.471,,,,,,,,,,,,,
656305,Matt Chapman,SF,15 to 20,133,0.037,0.414,,,,,,,,,,,,,
656305,Matt Chapman,SF,20 to 25,231,0.064,0.502,29.0,9.0,0.0,0.31,0.31,0.379,0.69,0.334,0.264,0.138,0.113,0.36,88.9
656305,Matt Chapman,SF,25 to 30,352,0.097,0.429,31.0,6.0,1.0,0.222,0.29,0.407,0.698,0.3,0.293,0.194,0.218,0.364,89.2
656305,Matt Chapman,SF,30 to 35,503,0.138,0.449,56.0,16.0,3.0,0.308,0.357,0.577,0.934,0.397,0.307,0.196,0.211,0.39,90.3
656305,Matt Chapman,SF,35 to 40,528,0.145,0.426,50.0,12.0,2.0,0.293,0.38,0.463,0.843,0.401,0.317,0.22,0.232,0.353,86.9
656305,Matt Chapman,SF,40 to 45,658,0.181,0.426,53.0,5.0,0.0,0.114,0.264,0.159,0.423,0.234,0.248,0.283,0.255,0.31,88.2
656305,Matt Chapman,SF,45 to 50,494,0.136,0.415,52.0,9.0,1.0,0.214,0.365,0.381,0.746,0.338,0.37,0.25,0.253,0.448,88.3
656305,Matt Chapman,SF,5 to 10,21,0.006,0.333,,,,,,,,,,,,,
656305,Matt Chapman,SF,50 to 55,296,0.081,0.416,27.0,7.0,0.0,0.318,0.444,0.409,0.854,0.389,0.314,0.259,0.178,0.4,88.4
656305,Matt Chapman,SF,55 to 60,174,0.048,0.471,13.0,0.0,0.0,0.0,0.077,0.0,0.077,0.054,0.13,0.385,0.192,0.286,83.3
656305,Matt Chapman,SF,60 to 65,76,0.021,0.368,,,,,,,,,,,,,
656305,Matt Chapman,SF,65 to 70,20,0.005,0.45,,,,,,,,,,,,,
680574,Matt Mclain,CIN,0 to 5,16,0.004,0.312,,,,,,,,,,,,,
680574,Matt Mclain,CIN,10 to 15,72,0.017,0.486,,,,,,,,,,,,,
680574,Matt Mclain,CIN,15 to 20,134,0.031,0.418,10.0,1.0,0.0,0.111,0.111,0.111,0.222,0.122,0.204,0.3,0.36,0.125,71.1
680574,Matt Mclain,CIN,20 to 25,264,0.061,0.424,41.0,3.0,1.0,0.088,0.2,0.206,0.406,0.196,0.213,0.439,0.338,0.444,85.4
680574,Matt Mclain,CIN,25 to 30,484,0.112,0.426,56.0,7.0,2.0,0.135,0.196,0.269,0.466,0.208,0.249,0.339,0.287,0.412,86.2
680574,Matt Mclain,CIN,30 to 35,683,0.158,0.442,79.0,12.0,3.0,0.167,0.241,0.333,0.574,0.254,0.253,0.329,0.232,0.326,86.5
680574,Matt Mclain,CIN,35 to 40,662,0.153,0.411,62.0,15.0,4.0,0.273,0.339,0.545,0.884,0.373,0.328,0.242,0.217,0.333,86.0
680574,Matt Mclain,CIN,40 to 45,710,0.164,0.452,84.0,13.0,2.0,0.176,0.274,0.27,0.544,0.264,0.303,0.226,0.242,0.345,86.8
680574,Matt Mclain,CIN,45 to 50,542,0.125,0.458,57.0,12.0,1.0,0.25,0.368,0.396,0.764,0.35,0.362,0.246,0.283,0.333,86.1
680574,Matt Mclain,CIN,5 to 10,39,0.009,0.359,,,,,,,,,,,,,
680574,Matt Mclain,CIN,50 to 55,390,0.09,0.418,47.0,7.0,1.0,0.163,0.234,0.326,0.56,0.247,0.358,0.255,0.194,0.516,93.1
680574,Matt Mclain,CIN,55 to 60,179,0.041,0.441,16.0,2.0,1.0,0.154,0.312,0.385,0.697,0.369,0.237,0.188,0.24,0.2,87.2
680574,Matt Mclain,CIN,60 to 65,75,0.017,0.373,,,,,,,,,,,,,
680574,Matt Mclain,CIN,65 to 70,27,0.006,0.37,,,,,,,,,,,,,
621566,Matt Olson,ATL,0 to 5,29,0.005,0.379,,,,,,,,,,,,,
621566,Matt Olson,ATL,10 to 15,126,0.021,0.444,16.0,3.0,1.0,0.2,0.25,0.467,0.717,0.303,0.34,0.375,0.143,0.556,91.7
621566,Matt Olson,ATL,15 to 20,247,0.041,0.486,31.0,5.0,2.0,0.172,0.226,0.379,0.605,0.29,0.244,0.258,0.203,0.381,91.9
621566,Matt Olson,ATL,20 to 25,506,0.084,0.443,53.0,5.0,2.0,0.119,0.302,0.286,0.588,0.278,0.346,0.151,0.198,0.324,85.8
621566,Matt Olson,ATL,25 to 30,711,0.117,0.459,81.0,18.0,4.0,0.247,0.296,0.466,0.762,0.323,0.334,0.272,0.177,0.453,90.3
621566,Matt Olson,ATL,30 to 35,819,0.135,0.508,82.0,20.0,7.0,0.263,0.317,0.592,0.909,0.382,0.34,0.183,0.244,0.443,89.6
621566,Matt Olson,ATL,35 to 40,920,0.152,0.433,107.0,27.0,5.0,0.278,0.346,0.505,0.851,0.392,0.373,0.271,0.224,0.574,92.8
621566,Matt Olson,ATL,40 to 45,965,0.159,0.456,111.0,27.0,7.0,0.276,0.36,0.541,0.901,0.386,0.364,0.261,0.268,0.629,95.9
621566,Matt Olson,ATL,45 to 50,823,0.136,0.456,82.0,22.0,6.0,0.301,0.366,0.575,0.941,0.399,0.428,0.232,0.217,0.6,96.4
621566,Matt Olson,ATL,5 to 10,28,0.005,0.464,,,,,,,,,,,,,
621566,Matt Olson,ATL,50 to 55,428,0.071,0.439,52.0,14.0,2.0,0.286,0.308,0.571,0.879,0.365,0.311,0.269,0.167,0.583,94.8
621566,Matt Olson,ATL,55 to 60,192,0.032,0.427,26.0,5.0,1.0,0.192,0.192,0.346,0.538,0.229,0.333,0.308,0.25,0.444,92.9
621566,Matt Olson,ATL,60 to 65,75,0.012,0.547,,,,,,,,,,,,,
621566,Matt Olson,ATL,65 to 70,39,0.006,0.436,,,,,,,,,,,,,
807713,Matt Shaw,CHC,10 to 15,72,0.029,0.528,,,,,,,,,,,,,
807713,Matt Shaw,CHC,15 to 20,95,0.039,0.463,10.0,2.0,0.0,0.222,0.3,0.444,0.744,0.32,0.375,0.0,0.133,0.444,86.1
807713,Matt Shaw,CHC,20 to 25,139,0.057,0.453,,,,,,,,,,,,,
807713,Matt Shaw,CHC,25 to 30,281,0.114,0.438,16.0,3.0,0.0,0.273,0.467,0.455,0.921,0.427,0.288,0.25,0.312,0.375,73.7
807713,Matt Shaw,CHC,30 to 35,343,0.14,0.478,37.0,6.0,0.0,0.188,0.278,0.281,0.559,0.262,0.276,0.135,0.169,0.321,84.1
807713,Matt Shaw,CHC,35 to 40,365,0.148,0.466,30.0,5.0,1.0,0.192,0.3,0.423,0.723,0.315,0.369,0.2,0.203,0.55,92.2
807713,Matt Shaw,CHC,40 to 45,368,0.15,0.448,28.0,9.0,2.0,0.375,0.444,0.667,1.111,0.48,0.258,0.214,0.114,0.211,76.1
807713,Matt Shaw,CHC,45 to 50,297,0.121,0.488,22.0,8.0,0.0,0.381,0.409,0.476,0.885,0.432,0.288,0.182,0.159,0.412,88.0
807713,Matt Shaw,CHC,5 to 10,26,0.011,0.462,,,,,,,,,,,,,
807713,Matt Shaw,CHC,50 to 55,259,0.105,0.521,15.0,0.0,0.0,0.0,0.133,0.0,0.133,0.093,0.172,0.267,0.258,0.0,88.2
807713,Matt Shaw,CHC,55 to 60,112,0.046,0.455,11.0,1.0,1.0,0.1,0.182,0.4,0.582,0.245,0.285,0.273,0.118,0.286,80.1
807713,Matt Shaw,CHC,60 to 65,40,0.016,0.425,,,,,,,,,,,,,
663837,Matt Vierling,DET,15 to 20,37,0.024,0.514,,,,,,,,,,,,,
663837,Matt Vierling,DET,20 to 25,97,0.063,0.454,18.0,3.0,1.0,0.176,0.222,0.412,0.634,0.269,0.366,0.167,0.158,0.5,89.8
663837,Matt Vierling,DET,25 to 30,153,0.1,0.516,26.0,6.0,0.0,0.25,0.269,0.292,0.561,0.283,0.215,0.154,0.109,0.19,87.8
663837,Matt Vierling,DET,30 to 35,204,0.133,0.446,39.0,7.0,0.0,0.189,0.231,0.297,0.528,0.256,0.298,0.077,0.101,0.324,86.2
663837,Matt Vierling,DET,35 to 40,275,0.179,0.487,52.0,10.0,2.0,0.208,0.255,0.375,0.63,0.278,0.352,0.173,0.193,0.45,87.0
663837,Matt Vierling,DET,40 to 45,257,0.168,0.455,46.0,7.0,1.0,0.175,0.283,0.325,0.608,0.281,0.264,0.261,0.207,0.481,88.2
663837,Matt Vierling,DET,45 to 50,198,0.129,0.46,35.0,9.0,0.0,0.273,0.286,0.303,0.589,0.261,0.359,0.114,0.145,0.3,86.4
663837,Matt Vierling,DET,50 to 55,166,0.108,0.482,34.0,7.0,1.0,0.233,0.265,0.433,0.698,0.29,0.344,0.176,0.164,0.481,91.4
663837,Matt Vierling,DET,55 to 60,74,0.048,0.405,14.0,1.0,0.0,0.091,0.214,0.091,0.305,0.164,0.26,0.143,0.15,0.3,86.1
663837,Matt Vierling,DET,60 to 65,25,0.016,0.56,,,,,,,,,,,,,
670242,Matt Wallner,MIN,10 to 15,24,0.011,0.708,,,,,,,,,,,,,
670242,Matt Wallner,MIN,15 to 20,65,0.031,0.431,,,,,,,,,,,,,
670242,Matt Wallner,MIN,20 to 25,134,0.063,0.552,,,,,,,,,,,,,
670242,Matt Wallner,MIN,25 to 30,222,0.105,0.527,20.0,4.0,1.0,0.211,0.25,0.368,0.618,0.27,0.198,0.5,0.469,0.333,85.2
670242,Matt Wallner,MIN,30 to 35,337,0.159,0.484,17.0,4.0,2.0,0.267,0.353,0.667,1.02,0.424,0.457,0.353,0.375,0.556,97.1
670242,Matt Wallner,MIN,35 to 40,321,0.152,0.505,18.0,3.0,0.0,0.176,0.222,0.176,0.399,0.189,0.299,0.333,0.463,0.455,91.7
670242,Matt Wallner,MIN,40 to 45,323,0.153,0.511,22.0,5.0,0.0,0.238,0.273,0.333,0.606,0.268,0.198,0.409,0.365,0.333,84.8
670242,Matt Wallner,MIN,45 to 50,263,0.124,0.544,17.0,1.0,0.0,0.062,0.118,0.062,0.18,0.094,0.13,0.588,0.429,0.5,78.1
670242,Matt Wallner,MIN,50 to 55,209,0.099,0.445,,,,,,,,,,,,,
670242,Matt Wallner,MIN,55 to 60,115,0.054,0.513,,,,,,,,,,,,,
670242,Matt Wallner,MIN,60 to 65,35,0.017,0.6,,,,,,,,,,,,,
670242,Matt Wallner,MIN,65 to 70,20,0.009,0.65,,,,,,,,,,,,,
683090,Matthew Lugo,KC,15 to 20,15,0.05,0.467,,,,,,,,,,,,,
683090,Matthew Lugo,KC,20 to 25,22,0.074,0.5,,,,,,,,,,,,,
683090,Matthew Lugo,KC,25 to 30,40,0.134,0.5,,,,,,,,,,,,,
683090,Matthew Lugo,KC,30 to 35,28,0.094,0.571,,,,,,,,,,,,,
683090,Matthew Lugo,KC,35 to 40,44,0.148,0.591,,,,,,,,,,,,,
683090,Matthew Lugo,KC,40 to 45,50,0.168,0.46,,,,,,,,,,,,,
683090,Matthew Lugo,KC,45 to 50,40,0.134,0.5,,,,,,,,,,,,,
683090,Matthew Lugo,KC,50 to 55,20,0.067,0.5,,,,,,,,,,,,,
643289,Mauricio Dubón,ATL,0 to 5,15,0.004,0.6,,,,,,,,,,,,,
643289,Mauricio Dubón,ATL,10 to 15,91,0.025,0.56,15.0,5.0,1.0,0.385,0.467,0.692,1.159,0.49,0.355,0.067,0.088,0.583,89.3
643289,Mauricio Dubón,ATL,15 to 20,103,0.029,0.563,16.0,2.0,0.0,0.125,0.125,0.25,0.375,0.156,0.252,0.0,0.081,0.25,87.8
643289,Mauricio Dubón,ATL,20 to 25,274,0.076,0.507,42.0,14.0,0.0,0.359,0.381,0.513,0.894,0.383,0.342,0.238,0.219,0.226,85.3
643289,Mauricio Dubón,ATL,25 to 30,363,0.101,0.612,83.0,21.0,3.0,0.262,0.28,0.412,0.693,0.325,0.301,0.084,0.113,0.297,84.5
643289,Mauricio Dubón,ATL,30 to 35,486,0.136,0.498,79.0,16.0,1.0,0.219,0.278,0.315,0.594,0.299,0.281,0.101,0.118,0.266,84.0
643289,Mauricio Dubón,ATL,35 to 40,601,0.168,0.527,103.0,30.0,2.0,0.316,0.359,0.453,0.812,0.377,0.353,0.078,0.137,0.302,87.4
643289,Mauricio Dubón,ATL,40 to 45,663,0.185,0.525,105.0,22.0,1.0,0.232,0.305,0.316,0.621,0.282,0.3,0.143,0.146,0.375,87.7
643289,Mauricio Dubón,ATL,45 to 50,432,0.121,0.537,69.0,16.0,2.0,0.25,0.304,0.375,0.679,0.314,0.299,0.188,0.152,0.294,87.5
643289,Mauricio Dubón,ATL,50 to 55,256,0.071,0.594,35.0,9.0,1.0,0.265,0.286,0.382,0.668,0.319,0.24,0.257,0.16,0.24,87.1
643289,Mauricio Dubón,ATL,55 to 60,130,0.036,0.469,23.0,11.0,0.0,0.55,0.565,0.65,1.215,0.522,0.35,0.087,0.143,0.263,87.3
643289,Mauricio Dubón,ATL,60 to 65,55,0.015,0.473,,,,,,,,,,,,,
668974,Maverick Handley,BAL,25 to 30,22,0.118,0.409,,,,,,,,,,,,,
668974,Maverick Handley,BAL,30 to 35,31,0.166,0.484,,,,,,,,,,,,,
668974,Maverick Handley,BAL,35 to 40,22,0.118,0.545,,,,,,,,,,,,,
668974,Maverick Handley,BAL,40 to 45,23,0.123,0.522,,,,,,,,,,,,,
668974,Maverick Handley,BAL,45 to 50,46,0.246,0.587,,,,,,,,,,,,,
668974,Maverick Handley,BAL,50 to 55,18,0.096,0.389,,,,,,,,,,,,,
703601,Max Clark,DET,15 to 20,38,0.054,0.447,12.0,2.0,0.0,0.182,0.25,0.182,0.432,0.208,0.256,0.167,0.176,0.222,77.7
703601,Max Clark,DET,20 to 25,56,0.08,0.429,18.0,6.0,1.0,0.375,0.444,0.688,1.132,0.478,0.304,0.167,0.125,0.231,83.8
703601,Max Clark,DET,25 to 30,59,0.085,0.508,15.0,6.0,1.0,0.462,0.533,0.846,1.379,0.573,0.427,0.267,0.167,0.444,90.9
703601,Max Clark,DET,30 to 35,79,0.113,0.456,18.0,3.0,0.0,0.176,0.222,0.235,0.458,0.208,0.287,0.222,0.083,0.538,92.3
703601,Max Clark,DET,35 to 40,136,0.195,0.478,41.0,13.0,1.0,0.361,0.439,0.556,0.995,0.432,0.341,0.195,0.123,0.5,88.4
703601,Max Clark,DET,40 to 45,132,0.189,0.439,34.0,8.0,0.0,0.276,0.382,0.345,0.727,0.335,0.321,0.265,0.172,0.3,83.6
703601,Max Clark,DET,45 to 50,63,0.09,0.46,17.0,4.0,0.0,0.267,0.294,0.533,0.827,0.335,0.363,0.059,0.069,0.4,89.9
703601,Max Clark,DET,5 to 10,21,0.03,0.476,,,,,,,,,,,,,
703601,Max Clark,DET,50 to 55,44,0.063,0.386,12.0,2.0,0.0,0.167,0.167,0.25,0.417,0.179,0.252,0.333,0.118,0.375,85.7
703601,Max Clark,DET,55 to 60,25,0.036,0.68,,,,,,,,,,,,,
596146,Max Kepler,AZ,10 to 15,39,0.016,0.462,,,,,,,,,,,,,
596146,Max Kepler,AZ,15 to 20,63,0.027,0.413,,,,,,,,,,,,,
596146,Max Kepler,AZ,20 to 25,124,0.052,0.548,11.0,3.0,0.0,0.273,0.273,0.364,0.636,0.277,0.193,0.273,0.222,0.375,87.1
596146,Max Kepler,AZ,25 to 30,201,0.085,0.418,,,,,,,,,,,,,
596146,Max Kepler,AZ,30 to 35,341,0.144,0.487,18.0,4.0,1.0,0.25,0.333,0.438,0.771,0.339,0.324,0.111,0.237,0.429,86.4
596146,Max Kepler,AZ,35 to 40,412,0.174,0.522,30.0,7.0,0.0,0.25,0.3,0.357,0.657,0.292,0.225,0.267,0.217,0.35,87.8
596146,Max Kepler,AZ,40 to 45,408,0.172,0.51,21.0,3.0,0.0,0.158,0.19,0.158,0.348,0.162,0.221,0.238,0.245,0.467,92.6
596146,Max Kepler,AZ,45 to 50,289,0.122,0.512,16.0,3.0,1.0,0.188,0.188,0.375,0.562,0.238,0.286,0.375,0.344,0.4,88.6
596146,Max Kepler,AZ,5 to 10,20,0.008,0.35,,,,,,,,,,,,,
596146,Max Kepler,AZ,50 to 55,213,0.09,0.484,10.0,1.0,0.0,0.125,0.2,0.125,0.325,0.16,0.218,0.2,0.188,0.429,88.0
596146,Max Kepler,AZ,55 to 60,116,0.049,0.431,,,,,,,,,,,,,
596146,Max Kepler,AZ,60 to 65,51,0.022,0.549,,,,,,,,,,,,,
571970,Max Muncy,LAD,10 to 15,67,0.017,0.403,11.0,2.0,0.0,0.182,0.182,0.182,0.364,0.164,0.275,0.545,0.435,0.8,96.4
691777,Max Muncy,ATH,10 to 15,42,0.022,0.429,,,,,,,,,,,,,
571970,Max Muncy,LAD,15 to 20,159,0.041,0.497,20.0,5.0,1.0,0.312,0.45,0.625,1.075,0.455,0.348,0.3,0.333,0.5,91.4
691777,Max Muncy,ATH,15 to 20,52,0.027,0.423,,,,,,,,,,,,,
571970,Max Muncy,LAD,20 to 25,305,0.079,0.413,44.0,10.0,2.0,0.263,0.364,0.474,0.837,0.366,0.315,0.273,0.271,0.385,85.3
691777,Max Muncy,ATH,20 to 25,99,0.051,0.424,16.0,0.0,0.0,0.0,0.062,0.0,0.062,0.044,0.207,0.438,0.28,0.5,92.6
571970,Max Muncy,LAD,25 to 30,418,0.108,0.457,75.0,14.0,3.0,0.206,0.28,0.397,0.677,0.296,0.295,0.333,0.283,0.372,88.5
691777,Max Muncy,ATH,25 to 30,171,0.088,0.526,26.0,10.0,2.0,0.417,0.462,0.833,1.295,0.538,0.385,0.231,0.222,0.556,90.6
571970,Max Muncy,LAD,30 to 35,601,0.155,0.406,71.0,18.0,5.0,0.29,0.38,0.597,0.977,0.414,0.435,0.225,0.232,0.609,92.2
691777,Max Muncy,ATH,30 to 35,288,0.149,0.493,40.0,10.0,1.0,0.278,0.35,0.417,0.767,0.34,0.302,0.35,0.305,0.545,91.5
571970,Max Muncy,LAD,35 to 40,645,0.167,0.45,102.0,23.0,9.0,0.258,0.353,0.618,0.971,0.424,0.362,0.216,0.24,0.507,90.9
691777,Max Muncy,ATH,35 to 40,320,0.165,0.522,55.0,11.0,3.0,0.229,0.291,0.458,0.749,0.316,0.308,0.309,0.299,0.455,89.7
571970,Max Muncy,LAD,40 to 45,587,0.152,0.441,78.0,24.0,3.0,0.353,0.423,0.588,1.011,0.443,0.357,0.167,0.236,0.339,88.0
691777,Max Muncy,ATH,40 to 45,393,0.203,0.489,55.0,13.0,2.0,0.26,0.327,0.42,0.747,0.329,0.281,0.345,0.364,0.419,91.0
571970,Max Muncy,LAD,45 to 50,429,0.111,0.459,61.0,12.0,4.0,0.226,0.328,0.491,0.818,0.367,0.396,0.23,0.25,0.564,92.6
691777,Max Muncy,ATH,45 to 50,266,0.138,0.485,36.0,5.0,0.0,0.147,0.194,0.147,0.342,0.189,0.153,0.444,0.329,0.167,83.1
571970,Max Muncy,LAD,5 to 10,29,0.007,0.483,,,,,,,,,,,,,
571970,Max Muncy,LAD,50 to 55,297,0.077,0.411,36.0,4.0,0.0,0.125,0.222,0.156,0.378,0.188,0.239,0.361,0.333,0.368,89.6
691777,Max Muncy,ATH,50 to 55,181,0.094,0.569,23.0,3.0,0.0,0.15,0.261,0.2,0.461,0.234,0.202,0.348,0.385,0.364,84.4
571970,Max Muncy,LAD,55 to 60,144,0.037,0.444,14.0,5.0,1.0,0.417,0.5,0.667,1.167,0.5,0.357,0.214,0.222,0.222,86.3
691777,Max Muncy,ATH,55 to 60,46,0.024,0.522,10.0,2.0,1.0,0.2,0.2,0.5,0.7,0.29,0.452,0.2,0.154,0.375,86.6
571970,Max Muncy,LAD,60 to 65,49,0.013,0.367,,,,,,,,,,,,,
691777,Max Muncy,ATH,60 to 65,20,0.01,0.35,,,,,,,,,,,,,
571970,Max Muncy,LAD,65 to 70,15,0.004,0.2,,,,,,,,,,,,,
680474,Max Schuemann,NYY,10 to 15,34,0.028,0.5,,,,,,,,,,,,,
680474,Max Schuemann,NYY,15 to 20,56,0.047,0.375,,,,,,,,,,,,,
680474,Max Schuemann,NYY,20 to 25,77,0.064,0.494,,,,,,,,,,,,,
680474,Max Schuemann,NYY,25 to 30,107,0.089,0.477,,,,,,,,,,,,,
680474,Max Schuemann,NYY,30 to 35,200,0.167,0.39,12.0,4.0,2.0,0.444,0.583,1.222,1.806,0.688,0.544,0.25,0.474,1.0,100.6
680474,Max Schuemann,NYY,35 to 40,178,0.149,0.461,14.0,2.0,0.0,0.167,0.286,0.25,0.536,0.254,0.303,0.214,0.19,0.222,76.6
680474,Max Schuemann,NYY,40 to 45,206,0.172,0.422,16.0,2.0,0.0,0.133,0.188,0.133,0.321,0.167,0.137,0.312,0.32,0.222,82.1
680474,Max Schuemann,NYY,45 to 50,141,0.118,0.418,,,,,,,,,,,,,
680474,Max Schuemann,NYY,50 to 55,90,0.075,0.444,10.0,1.0,0.0,0.125,0.3,0.25,0.55,0.265,0.277,0.1,0.111,0.286,87.0
680474,Max Schuemann,NYY,55 to 60,49,0.041,0.449,,,,,,,,,,,,,
680474,Max Schuemann,NYY,60 to 65,15,0.013,0.4,,,,,,,,,,,,,
683737,Michael Busch,CHC,0 to 5,28,0.006,0.571,,,,,,,,,,,,,
683737,Michael Busch,CHC,10 to 15,118,0.023,0.373,20.0,7.0,1.0,0.389,0.45,0.611,1.061,0.457,0.334,0.15,0.069,0.467,88.2
683737,Michael Busch,CHC,15 to 20,189,0.037,0.444,26.0,5.0,1.0,0.263,0.462,0.579,1.04,0.444,0.456,0.192,0.333,0.571,91.7
683737,Michael Busch,CHC,20 to 25,369,0.073,0.455,49.0,14.0,3.0,0.333,0.429,0.619,1.048,0.446,0.424,0.286,0.258,0.464,90.4
683737,Michael Busch,CHC,25 to 30,565,0.112,0.439,85.0,15.0,3.0,0.208,0.329,0.389,0.718,0.342,0.331,0.247,0.236,0.423,87.5
683737,Michael Busch,CHC,30 to 35,682,0.135,0.487,107.0,20.0,4.0,0.202,0.234,0.343,0.577,0.259,0.284,0.215,0.221,0.333,86.2
683737,Michael Busch,CHC,35 to 40,829,0.164,0.457,109.0,25.0,2.0,0.272,0.385,0.402,0.787,0.358,0.335,0.239,0.278,0.369,88.1
683737,Michael Busch,CHC,40 to 45,837,0.165,0.436,108.0,21.0,3.0,0.273,0.472,0.455,0.927,0.416,0.408,0.167,0.209,0.383,89.8
683737,Michael Busch,CHC,45 to 50,576,0.114,0.424,71.0,9.0,1.0,0.148,0.254,0.23,0.483,0.241,0.248,0.211,0.217,0.426,89.2
683737,Michael Busch,CHC,5 to 10,65,0.013,0.492,11.0,2.0,0.0,0.182,0.182,0.364,0.545,0.227,0.234,0.273,0.25,0.625,91.7
683737,Michael Busch,CHC,50 to 55,394,0.078,0.444,49.0,12.0,1.0,0.279,0.367,0.395,0.763,0.361,0.295,0.327,0.247,0.407,91.0
683737,Michael Busch,CHC,55 to 60,182,0.036,0.505,23.0,4.0,1.0,0.2,0.304,0.35,0.654,0.296,0.269,0.304,0.243,0.385,84.1
683737,Michael Busch,CHC,60 to 65,83,0.016,0.289,,,,,,,,,,,,,
683737,Michael Busch,CHC,65 to 70,20,0.004,0.6,,,,,,,,,,,,,
624424,Michael Conforto,CHC,10 to 15,41,0.013,0.634,,,,,,,,,,,,,
624424,Michael Conforto,CHC,15 to 20,136,0.042,0.449,13.0,2.0,0.0,0.2,0.231,0.2,0.431,0.192,0.161,0.231,0.296,0.111,83.7
624424,Michael Conforto,CHC,20 to 25,268,0.083,0.522,22.0,4.0,0.0,0.211,0.318,0.316,0.634,0.291,0.291,0.364,0.352,0.364,90.4
624424,Michael Conforto,CHC,25 to 30,340,0.105,0.45,35.0,12.0,3.0,0.4,0.457,0.8,1.257,0.513,0.456,0.257,0.208,0.636,94.0
624424,Michael Conforto,CHC,30 to 35,490,0.151,0.463,53.0,8.0,3.0,0.178,0.302,0.4,0.702,0.31,0.343,0.189,0.176,0.286,86.9
624424,Michael Conforto,CHC,35 to 40,541,0.167,0.466,47.0,9.0,2.0,0.2,0.234,0.356,0.59,0.256,0.315,0.34,0.26,0.483,92.5
624424,Michael Conforto,CHC,40 to 45,537,0.166,0.413,41.0,10.0,3.0,0.294,0.39,0.647,1.037,0.461,0.3,0.22,0.208,0.32,89.4
624424,Michael Conforto,CHC,45 to 50,349,0.108,0.438,30.0,5.0,1.0,0.185,0.267,0.37,0.637,0.28,0.265,0.4,0.17,0.467,90.3
624424,Michael Conforto,CHC,5 to 10,29,0.009,0.448,,,,,,,,,,,,,
624424,Michael Conforto,CHC,50 to 55,235,0.073,0.426,14.0,3.0,1.0,0.231,0.286,0.538,0.824,0.442,0.39,0.286,0.286,0.667,98.0
624424,Michael Conforto,CHC,55 to 60,131,0.04,0.458,16.0,4.0,1.0,0.25,0.25,0.562,0.812,0.338,0.3,0.25,0.308,0.417,91.3
624424,Michael Conforto,CHC,60 to 65,30,0.009,0.467,,,,,,,,,,,,,
624424,Michael Conforto,CHC,65 to 70,19,0.006,0.211,,,,,,,,,,,,,
671739,Michael Harris,ATL,0 to 5,16,0.004,0.438,,,,,,,,,,,,,
671739,Michael Harris,ATL,10 to 15,111,0.026,0.468,15.0,3.0,0.0,0.231,0.333,0.231,0.564,0.357,0.293,0.2,0.368,0.222,85.4
671739,Michael Harris,ATL,15 to 20,194,0.045,0.526,27.0,8.0,0.0,0.32,0.37,0.4,0.77,0.358,0.292,0.222,0.236,0.5,93.0
671739,Michael Harris,ATL,20 to 25,343,0.079,0.534,45.0,9.0,0.0,0.209,0.244,0.256,0.5,0.232,0.299,0.289,0.316,0.31,85.9
671739,Michael Harris,ATL,25 to 30,540,0.124,0.578,82.0,25.0,4.0,0.321,0.341,0.577,0.918,0.388,0.437,0.085,0.196,0.583,93.0
671739,Michael Harris,ATL,30 to 35,598,0.138,0.572,91.0,27.0,4.0,0.3,0.308,0.456,0.763,0.344,0.351,0.187,0.153,0.534,91.8
671739,Michael Harris,ATL,35 to 40,706,0.163,0.576,98.0,31.0,5.0,0.33,0.34,0.543,0.883,0.388,0.361,0.194,0.205,0.416,88.6
671739,Michael Harris,ATL,40 to 45,647,0.149,0.575,100.0,24.0,5.0,0.255,0.283,0.479,0.762,0.325,0.292,0.19,0.208,0.429,88.6
671739,Michael Harris,ATL,45 to 50,520,0.12,0.558,70.0,22.0,2.0,0.338,0.386,0.538,0.924,0.412,0.356,0.243,0.246,0.562,91.7
671739,Michael Harris,ATL,5 to 10,29,0.007,0.517,,,,,,,,,,,,,
671739,Michael Harris,ATL,50 to 55,306,0.07,0.539,31.0,7.0,4.0,0.233,0.258,0.667,0.925,0.379,0.36,0.29,0.253,0.381,87.4
671739,Michael Harris,ATL,55 to 60,143,0.033,0.566,20.0,6.0,1.0,0.316,0.35,0.526,0.876,0.397,0.337,0.15,0.235,0.467,85.4
671739,Michael Harris,ATL,60 to 65,47,0.011,0.638,,,,,,,,,,,,,
680737,Michael Helman,TEX,20 to 25,27,0.052,0.481,,,,,,,,,,,,,
680737,Michael Helman,TEX,25 to 30,41,0.079,0.634,,,,,,,,,,,,,
680737,Michael Helman,TEX,30 to 35,89,0.172,0.573,,,,,,,,,,,,,
680737,Michael Helman,TEX,35 to 40,115,0.222,0.522,,,,,,,,,,,,,
680737,Michael Helman,TEX,40 to 45,79,0.153,0.57,,,,,,,,,,,,,
680737,Michael Helman,TEX,45 to 50,57,0.11,0.526,,,,,,,,,,,,,
680737,Michael Helman,TEX,50 to 55,40,0.077,0.55,,,,,,,,,,,,,
680737,Michael Helman,TEX,55 to 60,31,0.06,0.613,,,,,,,,,,,,,
686681,Michael Massey,KC,10 to 15,58,0.022,0.466,,,,,,,,,,,,,
686681,Michael Massey,KC,15 to 20,79,0.03,0.481,12.0,2.0,1.0,0.167,0.167,0.417,0.583,0.242,0.275,0.333,0.333,0.5,94.2
686681,Michael Massey,KC,20 to 25,174,0.067,0.471,30.0,8.0,1.0,0.276,0.3,0.448,0.748,0.323,0.261,0.2,0.151,0.261,84.9
686681,Michael Massey,KC,25 to 30,265,0.102,0.581,53.0,16.0,2.0,0.32,0.358,0.56,0.918,0.392,0.335,0.151,0.168,0.405,88.6
686681,Michael Massey,KC,30 to 35,361,0.138,0.526,62.0,14.0,0.0,0.233,0.242,0.25,0.492,0.22,0.239,0.129,0.158,0.358,87.0
686681,Michael Massey,KC,35 to 40,463,0.178,0.544,77.0,20.0,4.0,0.286,0.338,0.543,0.881,0.373,0.308,0.182,0.145,0.421,89.5
686681,Michael Massey,KC,40 to 45,425,0.163,0.504,64.0,17.0,3.0,0.279,0.286,0.492,0.778,0.332,0.369,0.125,0.211,0.491,90.2
686681,Michael Massey,KC,45 to 50,341,0.131,0.525,52.0,12.0,0.0,0.273,0.346,0.341,0.687,0.326,0.341,0.154,0.204,0.395,88.8
686681,Michael Massey,KC,5 to 10,26,0.01,0.577,,,,,,,,,,,,,
686681,Michael Massey,KC,50 to 55,206,0.079,0.519,33.0,13.0,1.0,0.394,0.394,0.576,0.97,0.42,0.331,0.091,0.164,0.267,86.5
686681,Michael Massey,KC,55 to 60,94,0.036,0.606,20.0,4.0,0.0,0.2,0.2,0.25,0.45,0.197,0.234,0.2,0.158,0.438,88.2
686681,Michael Massey,KC,60 to 65,35,0.013,0.6,,,,,,,,,,,,,
672279,Michael Siani,BAL,40 to 45,17,0.233,0.647,,,,,,,,,,,,,
683021,Michael Stefanic,ATH,25 to 30,24,0.112,0.333,,,,,,,,,,,,,
683021,Michael Stefanic,ATH,30 to 35,31,0.144,0.419,,,,,,,,,,,,,
683021,Michael Stefanic,ATH,35 to 40,40,0.186,0.25,,,,,,,,,,,,,
683021,Michael Stefanic,ATH,40 to 45,43,0.2,0.558,,,,,,,,,,,,,
683021,Michael Stefanic,ATH,45 to 50,38,0.177,0.474,,,,,,,,,,,,,
683021,Michael Stefanic,ATH,50 to 55,22,0.102,0.455,,,,,,,,,,,,,
669911,Michael Toglia,CIN,10 to 15,35,0.024,0.371,,,,,,,,,,,,,
669911,Michael Toglia,CIN,15 to 20,60,0.041,0.417,,,,,,,,,,,,,
669911,Michael Toglia,CIN,20 to 25,90,0.061,0.489,,,,,,,,,,,,,
669911,Michael Toglia,CIN,25 to 30,142,0.097,0.514,,,,,,,,,,,,,
669911,Michael Toglia,CIN,30 to 35,194,0.132,0.474,,,,,,,,,,,,,
669911,Michael Toglia,CIN,35 to 40,220,0.15,0.495,,,,,,,,,,,,,
669911,Michael Toglia,CIN,40 to 45,215,0.146,0.498,,,,,,,,,,,,,
669911,Michael Toglia,CIN,45 to 50,169,0.115,0.456,,,,,,,,,,,,,
669911,Michael Toglia,CIN,5 to 10,21,0.014,0.429,,,,,,,,,,,,,
669911,Michael Toglia,CIN,50 to 55,137,0.093,0.526,,,,,,,,,,,,,
669911,Michael Toglia,CIN,55 to 60,96,0.065,0.448,,,,,,,,,,,,,
669911,Michael Toglia,CIN,60 to 65,30,0.02,0.567,,,,,,,,,,,,,
681508,Mickey Gasper,BOS,15 to 20,34,0.027,0.294,,,,,,,,,,,,,
681508,Mickey Gasper,BOS,20 to 25,69,0.054,0.304,16.0,3.0,1.0,0.214,0.312,0.429,0.741,0.325,0.393,0.375,0.294,0.625,92.4
681508,Mickey Gasper,BOS,25 to 30,140,0.11,0.443,23.0,2.0,1.0,0.1,0.217,0.25,0.467,0.217,0.295,0.13,0.061,0.412,88.4
681508,Mickey Gasper,BOS,30 to 35,220,0.173,0.391,24.0,10.0,5.0,0.526,0.625,1.368,1.993,0.765,0.715,0.083,0.156,0.471,91.5
681508,Mickey Gasper,BOS,35 to 40,244,0.192,0.381,47.0,8.0,2.0,0.2,0.319,0.4,0.719,0.319,0.315,0.191,0.246,0.387,90.0
681508,Mickey Gasper,BOS,40 to 45,211,0.166,0.384,34.0,8.0,1.0,0.258,0.294,0.516,0.81,0.363,0.254,0.147,0.161,0.407,86.6
681508,Mickey Gasper,BOS,45 to 50,156,0.123,0.385,28.0,6.0,0.0,0.273,0.407,0.273,0.68,0.337,0.403,0.143,0.125,0.211,83.5
681508,Mickey Gasper,BOS,50 to 55,89,0.07,0.438,17.0,5.0,0.0,0.357,0.471,0.5,0.971,0.429,0.348,0.059,0.08,0.462,87.5
681508,Mickey Gasper,BOS,55 to 60,42,0.033,0.381,,,,,,,,,,,,,
681508,Mickey Gasper,BOS,60 to 65,16,0.013,0.438,,,,,,,,,,,,,
666160,Mickey Moniak,COL,10 to 15,46,0.015,0.652,,,,,,,,,,,,,
666160,Mickey Moniak,COL,15 to 20,121,0.039,0.562,21.0,3.0,0.0,0.167,0.238,0.222,0.46,0.212,0.165,0.19,0.229,0.133,81.3
666160,Mickey Moniak,COL,20 to 25,269,0.087,0.595,44.0,6.0,0.0,0.14,0.159,0.209,0.368,0.183,0.192,0.341,0.273,0.357,88.4
666160,Mickey Moniak,COL,25 to 30,329,0.106,0.538,42.0,13.0,3.0,0.361,0.429,0.694,1.123,0.465,0.316,0.19,0.244,0.586,92.7
666160,Mickey Moniak,COL,30 to 35,418,0.135,0.55,59.0,12.0,3.0,0.218,0.271,0.418,0.689,0.314,0.243,0.288,0.27,0.421,88.5
666160,Mickey Moniak,COL,35 to 40,528,0.17,0.602,73.0,13.0,2.0,0.197,0.233,0.333,0.566,0.243,0.256,0.288,0.289,0.312,88.4
666160,Mickey Moniak,COL,40 to 45,501,0.162,0.585,69.0,15.0,4.0,0.231,0.261,0.538,0.799,0.33,0.314,0.304,0.294,0.444,89.9
666160,Mickey Moniak,COL,45 to 50,345,0.111,0.574,50.0,14.0,5.0,0.298,0.34,0.681,1.021,0.425,0.354,0.24,0.32,0.486,91.2
666160,Mickey Moniak,COL,5 to 10,31,0.01,0.548,,,,,,,,,,,,,
666160,Mickey Moniak,COL,50 to 55,264,0.085,0.519,25.0,4.0,1.0,0.174,0.2,0.348,0.548,0.23,0.312,0.28,0.23,0.412,93.7
666160,Mickey Moniak,COL,55 to 60,109,0.035,0.651,15.0,5.0,2.0,0.357,0.4,0.857,1.257,0.517,0.318,0.267,0.2,0.3,88.5
666160,Mickey Moniak,COL,60 to 65,45,0.015,0.622,,,,,,,,,,,,,
666160,Mickey Moniak,COL,65 to 70,23,0.007,0.609,,,,,,,,,,,,,
665804,Miguel Amaya,CHC,10 to 15,25,0.018,0.6,,,,,,,,,,,,,
665804,Miguel Amaya,CHC,15 to 20,38,0.028,0.474,,,,,,,,,,,,,
665804,Miguel Amaya,CHC,20 to 25,85,0.062,0.506,17.0,3.0,1.0,0.231,0.412,0.462,0.873,0.441,0.421,0.118,0.167,0.455,90.0
665804,Miguel Amaya,CHC,25 to 30,156,0.114,0.494,27.0,4.0,0.0,0.154,0.185,0.154,0.339,0.159,0.237,0.37,0.277,0.125,86.9
665804,Miguel Amaya,CHC,30 to 35,227,0.166,0.502,42.0,9.0,1.0,0.273,0.429,0.394,0.823,0.377,0.289,0.31,0.282,0.25,85.1
665804,Miguel Amaya,CHC,35 to 40,244,0.179,0.434,35.0,6.0,2.0,0.194,0.286,0.387,0.673,0.297,0.238,0.257,0.222,0.409,89.5
665804,Miguel Amaya,CHC,40 to 45,226,0.166,0.535,42.0,7.0,0.0,0.189,0.225,0.297,0.522,0.278,0.243,0.31,0.28,0.385,82.6
665804,Miguel Amaya,CHC,45 to 50,143,0.105,0.469,26.0,9.0,1.0,0.409,0.5,0.636,1.136,0.488,0.384,0.192,0.239,0.412,89.8
665804,Miguel Amaya,CHC,50 to 55,104,0.076,0.471,17.0,3.0,1.0,0.273,0.5,0.727,1.227,0.512,0.415,0.176,0.312,0.444,86.1
665804,Miguel Amaya,CHC,55 to 60,39,0.029,0.436,11.0,2.0,0.0,0.182,0.182,0.273,0.455,0.277,0.18,0.091,0.0,0.3,84.1
609280,Miguel Andújar,SD,-5 to 0,15,0.007,0.333,,,,,,,,,,,,,
609280,Miguel Andújar,SD,10 to 15,40,0.019,0.55,,,,,,,,,,,,,
609280,Miguel Andújar,SD,15 to 20,97,0.045,0.526,16.0,4.0,0.0,0.267,0.312,0.267,0.579,0.269,0.362,0.188,0.182,0.417,91.4
609280,Miguel Andújar,SD,20 to 25,157,0.073,0.643,24.0,6.0,0.0,0.25,0.25,0.417,0.667,0.283,0.247,0.167,0.192,0.35,85.5
609280,Miguel Andújar,SD,25 to 30,252,0.117,0.575,35.0,6.0,0.0,0.182,0.229,0.242,0.471,0.214,0.252,0.257,0.25,0.375,86.9
609280,Miguel Andújar,SD,30 to 35,300,0.139,0.51,30.0,4.0,1.0,0.138,0.167,0.276,0.443,0.192,0.274,0.233,0.242,0.364,85.9
609280,Miguel Andújar,SD,35 to 40,333,0.155,0.52,28.0,11.0,2.0,0.407,0.429,0.741,1.169,0.495,0.424,0.071,0.122,0.4,88.3
609280,Miguel Andújar,SD,40 to 45,401,0.186,0.544,47.0,12.0,2.0,0.279,0.34,0.535,0.875,0.393,0.277,0.106,0.138,0.351,89.4
609280,Miguel Andújar,SD,45 to 50,267,0.124,0.513,30.0,9.0,0.0,0.321,0.367,0.464,0.831,0.363,0.28,0.133,0.197,0.292,87.0
609280,Miguel Andújar,SD,5 to 10,25,0.012,0.48,,,,,,,,,,,,,
609280,Miguel Andújar,SD,50 to 55,145,0.067,0.51,16.0,4.0,0.0,0.267,0.312,0.333,0.646,0.291,0.289,0.062,0.062,0.286,91.2
609280,Miguel Andújar,SD,55 to 60,62,0.029,0.532,,,,,,,,,,,,,
609280,Miguel Andújar,SD,60 to 65,20,0.009,0.7,,,,,,,,,,,,,
500743,Miguel Rojas,LAD,10 to 15,75,0.038,0.52,17.0,2.0,0.0,0.133,0.176,0.2,0.376,0.221,0.267,0.0,0.042,0.25,84.1
500743,Miguel Rojas,LAD,15 to 20,80,0.04,0.525,13.0,2.0,0.0,0.167,0.231,0.167,0.397,0.192,0.387,0.0,0.15,0.25,75.4
500743,Miguel Rojas,LAD,20 to 25,118,0.059,0.542,23.0,5.0,0.0,0.25,0.227,0.3,0.527,0.302,0.304,0.087,0.128,0.381,85.7
500743,Miguel Rojas,LAD,25 to 30,213,0.107,0.408,29.0,8.0,0.0,0.333,0.448,0.417,0.865,0.393,0.308,0.172,0.239,0.368,87.2
500743,Miguel Rojas,LAD,30 to 35,257,0.129,0.506,23.0,8.0,1.0,0.381,0.435,0.571,1.006,0.437,0.309,0.174,0.184,0.412,90.3
500743,Miguel Rojas,LAD,35 to 40,301,0.151,0.452,32.0,10.0,0.0,0.345,0.375,0.517,0.892,0.408,0.323,0.094,0.172,0.37,88.8
500743,Miguel Rojas,LAD,40 to 45,364,0.183,0.431,53.0,14.0,2.0,0.269,0.264,0.481,0.745,0.312,0.284,0.094,0.146,0.417,86.9
500743,Miguel Rojas,LAD,45 to 50,255,0.128,0.424,27.0,4.0,1.0,0.182,0.269,0.318,0.587,0.296,0.324,0.074,0.109,0.227,80.2
500743,Miguel Rojas,LAD,5 to 10,25,0.013,0.6,,,,,,,,,,,,,
500743,Miguel Rojas,LAD,50 to 55,171,0.086,0.456,13.0,3.0,0.0,0.231,0.231,0.231,0.462,0.208,0.274,0.231,0.217,0.3,85.1
500743,Miguel Rojas,LAD,55 to 60,66,0.033,0.455,,,,,,,,,,,,,
500743,Miguel Rojas,LAD,60 to 65,25,0.013,0.44,,,,,,,,,,,,,
678246,Miguel Vargas,CWS,10 to 15,69,0.014,0.435,11.0,2.0,1.0,0.182,0.182,0.455,0.636,0.264,0.231,0.273,0.211,0.125,81.8
678246,Miguel Vargas,CWS,15 to 20,134,0.026,0.5,16.0,3.0,2.0,0.231,0.375,0.769,1.144,0.459,0.548,0.188,0.12,0.4,95.3
678246,Miguel Vargas,CWS,20 to 25,260,0.051,0.462,29.0,6.0,1.0,0.24,0.31,0.44,0.75,0.321,0.418,0.138,0.161,0.455,93.8
678246,Miguel Vargas,CWS,25 to 30,459,0.091,0.471,64.0,15.0,3.0,0.273,0.375,0.473,0.848,0.383,0.422,0.188,0.174,0.372,91.3
678246,Miguel Vargas,CWS,30 to 35,715,0.141,0.435,92.0,18.0,2.0,0.231,0.348,0.385,0.732,0.329,0.331,0.174,0.151,0.435,90.1
678246,Miguel Vargas,CWS,35 to 40,871,0.172,0.457,110.0,28.0,8.0,0.286,0.345,0.592,0.937,0.406,0.399,0.173,0.193,0.512,91.2
678246,Miguel Vargas,CWS,40 to 45,903,0.178,0.446,143.0,27.0,6.0,0.231,0.357,0.419,0.775,0.343,0.367,0.182,0.181,0.398,88.1
678246,Miguel Vargas,CWS,45 to 50,705,0.139,0.406,89.0,16.0,2.0,0.216,0.348,0.378,0.727,0.338,0.365,0.225,0.195,0.5,92.2
678246,Miguel Vargas,CWS,5 to 10,33,0.007,0.485,,,,,,,,,,,,,
678246,Miguel Vargas,CWS,50 to 55,446,0.088,0.484,66.0,19.0,5.0,0.333,0.409,0.667,1.076,0.462,0.418,0.121,0.13,0.54,90.7
678246,Miguel Vargas,CWS,55 to 60,221,0.044,0.502,22.0,3.0,2.0,0.167,0.318,0.5,0.818,0.35,0.366,0.273,0.228,0.417,91.0
678246,Miguel Vargas,CWS,60 to 65,79,0.016,0.443,,,,,,,,,,,,,
678246,Miguel Vargas,CWS,65 to 70,38,0.007,0.316,,,,,,,,,,,,,
545361,Mike Trout,LAA,10 to 15,80,0.015,0.463,,,,,,,,,,,,,
545361,Mike Trout,LAA,15 to 20,153,0.029,0.425,21.0,6.0,3.0,0.353,0.476,0.941,1.417,0.564,0.533,0.143,0.147,0.643,92.7
545361,Mike Trout,LAA,20 to 25,351,0.068,0.387,37.0,10.0,1.0,0.333,0.459,0.533,0.993,0.434,0.541,0.243,0.343,0.476,93.0
545361,Mike Trout,LAA,25 to 30,498,0.096,0.382,47.0,5.0,0.0,0.132,0.298,0.132,0.429,0.249,0.34,0.255,0.232,0.423,84.6
545361,Mike Trout,LAA,30 to 35,715,0.138,0.359,82.0,15.0,6.0,0.208,0.305,0.5,0.805,0.367,0.376,0.329,0.208,0.488,90.0
545361,Mike Trout,LAA,35 to 40,891,0.171,0.396,96.0,16.0,3.0,0.193,0.302,0.361,0.664,0.301,0.316,0.292,0.222,0.407,88.8
545361,Mike Trout,LAA,40 to 45,886,0.17,0.42,116.0,27.0,2.0,0.276,0.388,0.367,0.755,0.354,0.322,0.267,0.216,0.433,90.1
545361,Mike Trout,LAA,45 to 50,675,0.13,0.387,91.0,15.0,0.0,0.217,0.396,0.29,0.685,0.339,0.361,0.209,0.252,0.373,89.8
545361,Mike Trout,LAA,5 to 10,25,0.005,0.28,,,,,,,,,,,,,
545361,Mike Trout,LAA,50 to 55,404,0.078,0.436,49.0,12.0,3.0,0.308,0.449,0.59,1.039,0.445,0.496,0.306,0.276,0.75,97.2
545361,Mike Trout,LAA,55 to 60,204,0.039,0.358,25.0,4.0,1.0,0.2,0.36,0.35,0.71,0.364,0.402,0.16,0.128,0.375,86.4
545361,Mike Trout,LAA,60 to 65,91,0.018,0.352,11.0,3.0,0.0,0.375,0.545,0.375,0.92,0.436,0.365,0.455,0.333,0.0,75.7
545361,Mike Trout,LAA,65 to 70,30,0.006,0.367,,,,,,,,,,,,,
573262,Mike Yastrzemski,ATL,-5 to 0,19,0.005,0.526,,,,,,,,,,,,,
573262,Mike Yastrzemski,ATL,10 to 15,56,0.014,0.411,,,,,,,,,,,,,
573262,Mike Yastrzemski,ATL,15 to 20,120,0.03,0.458,12.0,2.0,0.0,0.182,0.25,0.182,0.432,0.208,0.296,0.167,0.129,0.444,85.0
573262,Mike Yastrzemski,ATL,20 to 25,265,0.066,0.408,22.0,4.0,0.0,0.222,0.364,0.278,0.641,0.307,0.313,0.227,0.14,0.385,86.3
573262,Mike Yastrzemski,ATL,25 to 30,479,0.12,0.399,48.0,11.0,3.0,0.262,0.354,0.524,0.878,0.377,0.395,0.146,0.195,0.571,91.7
573262,Mike Yastrzemski,ATL,30 to 35,559,0.14,0.415,66.0,14.0,3.0,0.241,0.333,0.5,0.833,0.371,0.342,0.242,0.175,0.452,89.6
573262,Mike Yastrzemski,ATL,35 to 40,687,0.172,0.405,68.0,17.0,4.0,0.293,0.382,0.552,0.934,0.411,0.344,0.191,0.227,0.565,91.2
573262,Mike Yastrzemski,ATL,40 to 45,683,0.171,0.448,61.0,9.0,0.0,0.161,0.213,0.214,0.427,0.196,0.216,0.279,0.213,0.275,88.4
573262,Mike Yastrzemski,ATL,45 to 50,517,0.13,0.414,50.0,9.0,1.0,0.196,0.26,0.326,0.586,0.279,0.326,0.32,0.276,0.4,89.8
573262,Mike Yastrzemski,ATL,5 to 10,32,0.008,0.344,,,,,,,,,,,,,
573262,Mike Yastrzemski,ATL,50 to 55,290,0.073,0.434,28.0,8.0,1.0,0.296,0.321,0.407,0.729,0.321,0.266,0.286,0.191,0.421,93.4
573262,Mike Yastrzemski,ATL,55 to 60,135,0.034,0.407,16.0,2.0,0.0,0.167,0.375,0.25,0.625,0.309,0.319,0.25,0.158,0.25,91.6
573262,Mike Yastrzemski,ATL,60 to 65,57,0.014,0.351,,,,,,,,,,,,,
670156,Miles Mastrobuoni,SEA,10 to 15,20,0.026,0.35,,,,,,,,,,,,,
670156,Miles Mastrobuoni,SEA,15 to 20,38,0.049,0.368,,,,,,,,,,,,,
670156,Miles Mastrobuoni,SEA,20 to 25,78,0.101,0.321,,,,,,,,,,,,,
670156,Miles Mastrobuoni,SEA,25 to 30,101,0.13,0.396,,,,,,,,,,,,,
670156,Miles Mastrobuoni,SEA,30 to 35,110,0.142,0.436,,,,,,,,,,,,,
670156,Miles Mastrobuoni,SEA,35 to 40,123,0.159,0.447,,,,,,,,,,,,,
670156,Miles Mastrobuoni,SEA,40 to 45,123,0.159,0.398,10.0,2.0,0.0,0.25,0.3,0.25,0.55,0.25,0.214,0.2,0.143,0.286,89.9
670156,Miles Mastrobuoni,SEA,45 to 50,83,0.107,0.337,,,,,,,,,,,,,
670156,Miles Mastrobuoni,SEA,50 to 55,43,0.055,0.442,,,,,,,,,,,,,
670156,Miles Mastrobuoni,SEA,55 to 60,22,0.028,0.409,,,,,,,,,,,,,
641598,Mitch Garver,SEA,10 to 15,37,0.021,0.243,,,,,,,,,,,,,
641598,Mitch Garver,SEA,15 to 20,75,0.042,0.347,,,,,,,,,,,,,
641598,Mitch Garver,SEA,20 to 25,112,0.062,0.464,,,,,,,,,,,,,
641598,Mitch Garver,SEA,25 to 30,184,0.102,0.386,13.0,4.0,0.0,0.364,0.462,0.364,0.825,0.454,0.391,0.154,0.188,0.444,90.5
641598,Mitch Garver,SEA,30 to 35,250,0.139,0.432,19.0,2.0,0.0,0.143,0.368,0.143,0.511,0.279,0.293,0.474,0.421,0.4,82.4
641598,Mitch Garver,SEA,35 to 40,298,0.165,0.416,31.0,3.0,1.0,0.115,0.258,0.269,0.527,0.276,0.272,0.355,0.273,0.467,89.4
641598,Mitch Garver,SEA,40 to 45,318,0.176,0.403,34.0,6.0,0.0,0.214,0.353,0.25,0.603,0.319,0.302,0.324,0.426,0.471,90.4
641598,Mitch Garver,SEA,45 to 50,230,0.128,0.422,16.0,2.0,0.0,0.154,0.312,0.231,0.543,0.266,0.333,0.188,0.312,0.6,94.5
641598,Mitch Garver,SEA,50 to 55,125,0.069,0.448,11.0,2.0,1.0,0.182,0.182,0.455,0.636,0.264,0.231,0.545,0.263,0.6,97.6
641598,Mitch Garver,SEA,55 to 60,87,0.048,0.414,,,,,,,,,,,,,
641598,Mitch Garver,SEA,60 to 65,28,0.016,0.321,,,,,,,,,,,,,
669004,Mj Melendez,NYM,10 to 15,18,0.021,0.556,,,,,,,,,,,,,
669004,Mj Melendez,NYM,15 to 20,33,0.038,0.424,,,,,,,,,,,,,
669004,Mj Melendez,NYM,20 to 25,73,0.084,0.438,11.0,0.0,0.0,0.0,0.091,0.0,0.091,0.064,0.346,0.455,0.32,0.6,95.4
669004,Mj Melendez,NYM,25 to 30,69,0.079,0.406,14.0,2.0,0.0,0.154,0.214,0.231,0.445,0.204,0.208,0.357,0.381,0.75,100.0
669004,Mj Melendez,NYM,30 to 35,126,0.145,0.5,24.0,4.0,0.0,0.25,0.5,0.375,0.875,0.413,0.402,0.292,0.279,0.667,94.4
669004,Mj Melendez,NYM,35 to 40,121,0.139,0.438,14.0,1.0,0.0,0.091,0.286,0.273,0.558,0.264,0.295,0.143,0.31,0.556,92.2
669004,Mj Melendez,NYM,40 to 45,152,0.175,0.493,24.0,6.0,0.0,0.273,0.333,0.273,0.606,0.283,0.168,0.5,0.389,0.6,90.6
669004,Mj Melendez,NYM,45 to 50,136,0.156,0.412,24.0,6.0,2.0,0.333,0.5,0.778,1.278,0.521,0.387,0.292,0.326,0.636,95.2
669004,Mj Melendez,NYM,5 to 10,17,0.02,0.412,,,,,,,,,,,,,
669004,Mj Melendez,NYM,50 to 55,84,0.097,0.571,14.0,1.0,1.0,0.083,0.143,0.333,0.476,0.208,0.206,0.214,0.265,0.333,92.8
669004,Mj Melendez,NYM,55 to 60,32,0.037,0.562,,,,,,,,,,,,,
694208,Moisés Ballesteros,LAA,10 to 15,29,0.019,0.448,,,,,,,,,,,,,
694208,Moisés Ballesteros,LAA,15 to 20,70,0.045,0.4,,,,,,,,,,,,,
694208,Moisés Ballesteros,LAA,20 to 25,139,0.09,0.482,30.0,4.0,0.0,0.16,0.3,0.16,0.46,0.237,0.271,0.2,0.283,0.316,87.7
694208,Moisés Ballesteros,LAA,25 to 30,154,0.099,0.578,33.0,6.0,2.0,0.2,0.273,0.433,0.706,0.305,0.353,0.273,0.3,0.429,92.4
694208,Moisés Ballesteros,LAA,30 to 35,206,0.133,0.519,45.0,11.0,1.0,0.282,0.356,0.385,0.74,0.33,0.358,0.222,0.291,0.533,91.3
694208,Moisés Ballesteros,LAA,35 to 40,286,0.185,0.493,57.0,15.0,3.0,0.278,0.316,0.444,0.76,0.332,0.276,0.298,0.299,0.5,90.0
694208,Moisés Ballesteros,LAA,40 to 45,272,0.176,0.507,65.0,10.0,0.0,0.164,0.2,0.197,0.397,0.195,0.228,0.185,0.22,0.48,89.2
694208,Moisés Ballesteros,LAA,45 to 50,170,0.11,0.482,39.0,9.0,2.0,0.265,0.333,0.471,0.804,0.354,0.391,0.205,0.208,0.5,93.1
694208,Moisés Ballesteros,LAA,50 to 55,120,0.078,0.525,38.0,6.0,1.0,0.176,0.263,0.324,0.587,0.263,0.228,0.158,0.136,0.429,89.1
694208,Moisés Ballesteros,LAA,55 to 60,38,0.025,0.5,,,,,,,,,,,,,
694208,Moisés Ballesteros,LAA,60 to 65,23,0.015,0.304,,,,,,,,,,,,,
605141,Mookie Betts,LAD,10 to 15,101,0.023,0.386,13.0,2.0,0.0,0.167,0.231,0.25,0.481,0.219,0.346,0.0,0.0,0.5,91.0
605141,Mookie Betts,LAD,15 to 20,176,0.04,0.449,23.0,5.0,1.0,0.227,0.261,0.364,0.625,0.313,0.296,0.261,0.184,0.438,91.4
605141,Mookie Betts,LAD,20 to 25,333,0.076,0.426,41.0,5.0,1.0,0.139,0.244,0.278,0.522,0.239,0.265,0.146,0.147,0.3,88.8
605141,Mookie Betts,LAD,25 to 30,511,0.117,0.415,61.0,16.0,2.0,0.302,0.393,0.453,0.846,0.375,0.349,0.098,0.102,0.319,88.3
605141,Mookie Betts,LAD,30 to 35,581,0.133,0.417,68.0,17.0,2.0,0.288,0.382,0.424,0.806,0.374,0.365,0.103,0.096,0.385,90.3
605141,Mookie Betts,LAD,35 to 40,692,0.159,0.447,87.0,20.0,2.0,0.238,0.264,0.369,0.633,0.287,0.296,0.138,0.122,0.347,90.4
605141,Mookie Betts,LAD,40 to 45,697,0.16,0.405,87.0,21.0,6.0,0.262,0.322,0.525,0.847,0.372,0.36,0.092,0.115,0.389,90.6
605141,Mookie Betts,LAD,45 to 50,595,0.136,0.371,58.0,15.0,3.0,0.294,0.379,0.588,0.968,0.41,0.386,0.017,0.094,0.4,91.0
605141,Mookie Betts,LAD,5 to 10,23,0.005,0.435,,,,,,,,,,,,,
605141,Mookie Betts,LAD,50 to 55,335,0.077,0.412,29.0,8.0,2.0,0.286,0.31,0.571,0.882,0.372,0.378,0.103,0.077,0.52,93.6
605141,Mookie Betts,LAD,55 to 60,152,0.035,0.355,12.0,4.0,2.0,0.333,0.333,0.917,1.25,0.513,0.226,0.25,0.2,0.333,93.8
605141,Mookie Betts,LAD,60 to 65,27,0.006,0.37,,,,,,,,,,,,,
605141,Mookie Betts,LAD,65 to 70,19,0.004,0.368,,,,,,,,,,,,,
808959,Munetaka Murakami,CWS,-5 to 0,17,0.007,0.588,,,,,,,,,,,,,
808959,Munetaka Murakami,CWS,10 to 15,49,0.021,0.51,10.0,1.0,0.0,0.1,0.1,0.1,0.2,0.09,0.177,0.4,0.32,0.333,76.7
808959,Munetaka Murakami,CWS,15 to 20,60,0.025,0.4,15.0,1.0,0.0,0.083,0.267,0.083,0.35,0.2,0.229,0.133,0.292,0.4,91.1
808959,Munetaka Murakami,CWS,20 to 25,111,0.047,0.387,24.0,6.0,2.0,0.333,0.5,0.722,1.222,0.506,0.464,0.292,0.326,0.818,99.7
808959,Munetaka Murakami,CWS,25 to 30,233,0.098,0.408,47.0,9.0,3.0,0.243,0.404,0.514,0.918,0.399,0.418,0.34,0.421,0.524,95.6
808959,Munetaka Murakami,CWS,30 to 35,338,0.142,0.373,74.0,9.0,3.0,0.153,0.324,0.305,0.629,0.296,0.365,0.365,0.365,0.469,92.3
808959,Munetaka Murakami,CWS,35 to 40,441,0.185,0.392,93.0,18.0,7.0,0.237,0.376,0.592,0.968,0.408,0.323,0.355,0.405,0.558,94.2
808959,Munetaka Murakami,CWS,40 to 45,455,0.191,0.393,105.0,13.0,4.0,0.144,0.257,0.311,0.568,0.257,0.252,0.4,0.408,0.48,89.3
808959,Munetaka Murakami,CWS,45 to 50,298,0.125,0.43,69.0,13.0,6.0,0.236,0.391,0.6,0.991,0.417,0.431,0.348,0.422,0.71,99.0
808959,Munetaka Murakami,CWS,50 to 55,161,0.068,0.404,39.0,9.0,3.0,0.257,0.333,0.543,0.876,0.373,0.328,0.359,0.369,0.545,95.6
808959,Munetaka Murakami,CWS,55 to 60,57,0.024,0.351,15.0,2.0,1.0,0.167,0.333,0.417,0.75,0.333,0.369,0.467,0.5,0.6,95.6
808959,Munetaka Murakami,CWS,60 to 65,34,0.014,0.471,,,,,,,,,,,,,
664702,Myles Straw,TOR,-5 to 0,16,0.007,0.5,,,,,,,,,,,,,
664702,Myles Straw,TOR,10 to 15,27,0.011,0.481,,,,,,,,,,,,,
664702,Myles Straw,TOR,15 to 20,46,0.02,0.457,,,,,,,,,,,,,
664702,Myles Straw,TOR,20 to 25,125,0.053,0.464,29.0,2.0,0.0,0.074,0.138,0.074,0.212,0.11,0.254,0.138,0.222,0.261,90.2
664702,Myles Straw,TOR,25 to 30,251,0.107,0.39,31.0,7.0,1.0,0.233,0.258,0.4,0.658,0.284,0.294,0.129,0.14,0.269,82.6
664702,Myles Straw,TOR,30 to 35,314,0.133,0.424,43.0,8.0,0.0,0.222,0.349,0.278,0.627,0.298,0.318,0.07,0.065,0.182,83.6
664702,Myles Straw,TOR,35 to 40,409,0.174,0.43,52.0,11.0,1.0,0.239,0.308,0.37,0.677,0.312,0.285,0.25,0.184,0.294,81.0
664702,Myles Straw,TOR,40 to 45,393,0.167,0.44,57.0,13.0,1.0,0.26,0.315,0.36,0.675,0.33,0.333,0.07,0.057,0.265,83.8
664702,Myles Straw,TOR,45 to 50,306,0.13,0.438,34.0,10.0,0.0,0.323,0.353,0.516,0.869,0.394,0.327,0.088,0.113,0.241,84.4
664702,Myles Straw,TOR,5 to 10,16,0.007,0.438,,,,,,,,,,,,,
664702,Myles Straw,TOR,50 to 55,233,0.099,0.412,25.0,4.0,0.0,0.182,0.28,0.227,0.507,0.242,0.215,0.16,0.057,0.111,84.0
664702,Myles Straw,TOR,55 to 60,105,0.045,0.438,14.0,3.0,0.0,0.273,0.429,0.455,0.883,0.393,0.315,0.143,0.118,0.333,89.2
664702,Myles Straw,TOR,60 to 65,36,0.015,0.389,,,,,,,,,,,,,
664702,Myles Straw,TOR,65 to 70,15,0.006,0.4,,,,,,,,,,,,,
683083,Nasim Nuñez,WSH,10 to 15,55,0.023,0.527,,,,,,,,,,,,,
683083,Nasim Nuñez,WSH,15 to 20,88,0.037,0.557,20.0,3.0,0.0,0.158,0.2,0.158,0.358,0.17,0.253,0.25,0.3,0.214,83.9
683083,Nasim Nuñez,WSH,20 to 25,220,0.093,0.486,47.0,6.0,1.0,0.146,0.239,0.22,0.459,0.222,0.302,0.213,0.266,0.273,83.7
683083,Nasim Nuñez,WSH,25 to 30,293,0.124,0.447,45.0,6.0,0.0,0.15,0.227,0.15,0.377,0.211,0.244,0.178,0.157,0.176,83.6
683083,Nasim Nuñez,WSH,30 to 35,334,0.141,0.446,68.0,15.0,0.0,0.246,0.313,0.262,0.576,0.277,0.247,0.265,0.195,0.209,85.9
683083,Nasim Nuñez,WSH,35 to 40,375,0.159,0.437,81.0,16.0,0.0,0.239,0.354,0.239,0.593,0.305,0.286,0.173,0.15,0.182,77.3
683083,Nasim Nuñez,WSH,40 to 45,332,0.141,0.449,64.0,13.0,0.0,0.232,0.317,0.268,0.585,0.306,0.312,0.141,0.143,0.188,79.6
683083,Nasim Nuñez,WSH,45 to 50,229,0.097,0.472,58.0,9.0,0.0,0.176,0.232,0.176,0.409,0.214,0.219,0.224,0.206,0.186,80.1
683083,Nasim Nuñez,WSH,5 to 10,33,0.014,0.333,,,,,,,,,,,,,
683083,Nasim Nuñez,WSH,50 to 55,171,0.072,0.444,35.0,8.0,0.0,0.25,0.314,0.469,0.783,0.336,0.269,0.257,0.217,0.25,83.3
683083,Nasim Nuñez,WSH,55 to 60,98,0.042,0.439,18.0,2.0,0.0,0.133,0.278,0.133,0.411,0.217,0.272,0.222,0.281,0.455,91.5
683083,Nasim Nuñez,WSH,60 to 65,38,0.016,0.368,,,,,,,,,,,,,
683083,Nasim Nuñez,WSH,65 to 70,17,0.007,0.706,,,,,,,,,,,,,
681987,Nate Eaton,BOS,20 to 25,46,0.078,0.457,,,,,,,,,,,,,
681987,Nate Eaton,BOS,25 to 30,60,0.102,0.4,,,,,,,,,,,,,
681987,Nate Eaton,BOS,30 to 35,63,0.108,0.508,,,,,,,,,,,,,
681987,Nate Eaton,BOS,35 to 40,104,0.177,0.519,13.0,2.0,0.0,0.154,0.154,0.231,0.385,0.165,0.102,0.308,0.16,0.111,82.9
681987,Nate Eaton,BOS,40 to 45,103,0.176,0.456,,,,,,,,,,,,,
681987,Nate Eaton,BOS,45 to 50,71,0.121,0.465,,,,,,,,,,,,,
681987,Nate Eaton,BOS,50 to 55,47,0.08,0.468,,,,,,,,,,,,,
681987,Nate Eaton,BOS,55 to 60,37,0.063,0.459,,,,,,,,,,,,,
681987,Nate Eaton,BOS,60 to 65,16,0.027,0.438,,,,,,,,,,,,,
801501,Nate Furman,SF,25 to 30,28,0.19,0.429,,,,,,,,,,,,,
801501,Nate Furman,SF,30 to 35,26,0.177,0.577,,,,,,,,,,,,,
801501,Nate Furman,SF,35 to 40,17,0.116,0.353,,,,,,,,,,,,,
801501,Nate Furman,SF,40 to 45,26,0.177,0.423,,,,,,,,,,,,,
801501,Nate Furman,SF,45 to 50,25,0.17,0.48,,,,,,,,,,,,,
701675,Nathan Church,STL,10 to 15,34,0.017,0.529,11.0,3.0,1.0,0.333,0.4,0.778,1.178,0.505,0.399,0.364,0.375,0.286,79.8
701675,Nathan Church,STL,15 to 20,88,0.044,0.591,21.0,3.0,0.0,0.143,0.143,0.19,0.333,0.188,0.149,0.286,0.271,0.2,76.4
701675,Nathan Church,STL,20 to 25,166,0.083,0.506,43.0,8.0,1.0,0.205,0.279,0.308,0.587,0.266,0.304,0.163,0.141,0.219,81.2
701675,Nathan Church,STL,25 to 30,207,0.104,0.493,46.0,8.0,0.0,0.19,0.239,0.31,0.549,0.24,0.236,0.152,0.128,0.25,79.7
701675,Nathan Church,STL,30 to 35,305,0.153,0.548,58.0,17.0,1.0,0.309,0.345,0.455,0.799,0.349,0.331,0.172,0.207,0.422,89.2
701675,Nathan Church,STL,35 to 40,343,0.172,0.551,81.0,17.0,1.0,0.224,0.259,0.276,0.536,0.252,0.286,0.16,0.176,0.359,86.8
701675,Nathan Church,STL,40 to 45,295,0.148,0.586,66.0,18.0,1.0,0.295,0.318,0.361,0.679,0.313,0.279,0.106,0.176,0.268,83.9
701675,Nathan Church,STL,45 to 50,210,0.105,0.562,51.0,10.0,4.0,0.217,0.275,0.522,0.796,0.349,0.309,0.216,0.228,0.361,86.9
701675,Nathan Church,STL,5 to 10,29,0.015,0.517,,,,,,,,,,,,,
701675,Nathan Church,STL,50 to 55,136,0.068,0.559,32.0,10.0,0.0,0.345,0.406,0.448,0.855,0.38,0.247,0.25,0.2,0.19,83.0
701675,Nathan Church,STL,55 to 60,70,0.035,0.471,15.0,3.0,0.0,0.214,0.267,0.214,0.481,0.243,0.245,0.0,0.138,0.077,73.2
701675,Nathan Church,STL,60 to 65,18,0.009,0.5,,,,,,,,,,,,,
701675,Nathan Church,STL,65 to 70,15,0.008,0.533,,,,,,,,,,,,,
664770,Nathan Lukes,TOR,0 to 5,29,0.009,0.552,,,,,,,,,,,,,
664770,Nathan Lukes,TOR,10 to 15,65,0.019,0.492,,,,,,,,,,,,,
664770,Nathan Lukes,TOR,15 to 20,140,0.041,0.521,19.0,4.0,1.0,0.222,0.263,0.389,0.652,0.332,0.322,0.105,0.071,0.688,93.4
664770,Nathan Lukes,TOR,20 to 25,268,0.079,0.522,35.0,8.0,1.0,0.25,0.294,0.344,0.638,0.318,0.339,0.057,0.103,0.161,83.8
664770,Nathan Lukes,TOR,25 to 30,314,0.092,0.484,42.0,11.0,0.0,0.275,0.31,0.325,0.635,0.286,0.256,0.19,0.119,0.25,83.8
664770,Nathan Lukes,TOR,30 to 35,405,0.119,0.474,53.0,11.0,0.0,0.216,0.226,0.216,0.442,0.217,0.282,0.151,0.129,0.25,86.7
664770,Nathan Lukes,TOR,35 to 40,575,0.169,0.492,67.0,24.0,3.0,0.387,0.424,0.581,1.005,0.449,0.298,0.134,0.142,0.333,85.6
664770,Nathan Lukes,TOR,40 to 45,542,0.159,0.498,80.0,15.0,3.0,0.224,0.316,0.418,0.734,0.342,0.29,0.175,0.181,0.281,83.5
664770,Nathan Lukes,TOR,45 to 50,370,0.109,0.47,37.0,7.0,0.0,0.212,0.297,0.273,0.57,0.265,0.293,0.081,0.188,0.4,83.8
664770,Nathan Lukes,TOR,5 to 10,57,0.017,0.439,14.0,3.0,1.0,0.231,0.286,0.462,0.747,0.321,0.229,0.071,0.095,0.083,75.7
664770,Nathan Lukes,TOR,50 to 55,321,0.094,0.505,40.0,11.0,1.0,0.306,0.333,0.417,0.75,0.332,0.267,0.175,0.186,0.29,88.4
664770,Nathan Lukes,TOR,55 to 60,123,0.036,0.504,15.0,4.0,0.0,0.286,0.333,0.429,0.762,0.333,0.308,0.267,0.097,0.1,85.8
664770,Nathan Lukes,TOR,60 to 65,42,0.012,0.524,,,,,,,,,,,,,
664770,Nathan Lukes,TOR,65 to 70,21,0.006,0.619,,,,,,,,,,,,,
663993,Nathaniel Lowe,CLE,-5 to 0,18,0.004,0.389,,,,,,,,,,,,,
663993,Nathaniel Lowe,CLE,10 to 15,99,0.023,0.333,,,,,,,,,,,,,
663993,Nathaniel Lowe,CLE,15 to 20,168,0.039,0.429,18.0,1.0,0.0,0.059,0.111,0.059,0.17,0.094,0.228,0.278,0.212,0.273,83.8
663993,Nathaniel Lowe,CLE,20 to 25,347,0.08,0.476,32.0,6.0,1.0,0.222,0.312,0.407,0.72,0.312,0.289,0.188,0.219,0.304,86.9
663993,Nathaniel Lowe,CLE,25 to 30,458,0.105,0.487,48.0,18.0,2.0,0.439,0.5,0.78,1.28,0.529,0.408,0.208,0.165,0.471,93.4
663993,Nathaniel Lowe,CLE,30 to 35,597,0.137,0.462,56.0,10.0,1.0,0.213,0.321,0.34,0.662,0.321,0.292,0.25,0.18,0.303,86.1
663993,Nathaniel Lowe,CLE,35 to 40,756,0.174,0.426,70.0,24.0,5.0,0.358,0.386,0.642,1.028,0.437,0.393,0.229,0.192,0.51,91.5
663993,Nathaniel Lowe,CLE,40 to 45,781,0.179,0.466,78.0,13.0,2.0,0.191,0.282,0.279,0.561,0.282,0.298,0.218,0.2,0.333,86.1
663993,Nathaniel Lowe,CLE,45 to 50,474,0.109,0.489,38.0,8.0,4.0,0.216,0.211,0.568,0.778,0.338,0.371,0.316,0.173,0.615,94.2
663993,Nathaniel Lowe,CLE,5 to 10,35,0.008,0.429,,,,,,,,,,,,,
663993,Nathaniel Lowe,CLE,50 to 55,302,0.069,0.391,22.0,3.0,0.0,0.143,0.136,0.143,0.279,0.123,0.234,0.273,0.186,0.438,90.6
663993,Nathaniel Lowe,CLE,55 to 60,144,0.033,0.354,14.0,4.0,0.0,0.364,0.5,0.455,0.955,0.432,0.381,0.143,0.278,0.3,88.0
663993,Nathaniel Lowe,CLE,60 to 65,53,0.012,0.491,,,,,,,,,,,,,
663993,Nathaniel Lowe,CLE,65 to 70,15,0.003,0.267,,,,,,,,,,,,,
676369,Nelson Velázquez,HOU,20 to 25,30,0.067,0.433,,,,,,,,,,,,,
676369,Nelson Velázquez,HOU,25 to 30,66,0.148,0.47,18.0,4.0,1.0,0.222,0.222,0.389,0.611,0.261,0.283,0.333,0.387,0.667,93.1
676369,Nelson Velázquez,HOU,30 to 35,47,0.105,0.489,10.0,0.0,0.0,0.0,0.1,0.0,0.1,0.07,0.224,0.3,0.391,0.5,94.8
676369,Nelson Velázquez,HOU,35 to 40,72,0.161,0.542,26.0,4.0,2.0,0.211,0.346,0.579,0.925,0.371,0.432,0.231,0.231,0.8,99.5
676369,Nelson Velázquez,HOU,40 to 45,82,0.184,0.451,15.0,4.0,2.0,0.286,0.333,0.786,1.119,0.457,0.51,0.333,0.486,0.667,99.2
676369,Nelson Velázquez,HOU,45 to 50,66,0.148,0.47,13.0,3.0,0.0,0.25,0.308,0.417,0.724,0.315,0.254,0.385,0.452,0.429,89.7
676369,Nelson Velázquez,HOU,50 to 55,27,0.061,0.481,,,,,,,,,,,,,
676369,Nelson Velázquez,HOU,55 to 60,16,0.036,0.438,,,,,,,,,,,,,
669397,Nick Allen,HOU,10 to 15,36,0.017,0.472,,,,,,,,,,,,,
669397,Nick Allen,HOU,15 to 20,80,0.037,0.475,,,,,,,,,,,,,
669397,Nick Allen,HOU,20 to 25,161,0.075,0.472,10.0,2.0,0.0,0.222,0.3,0.222,0.522,0.25,0.28,0.1,0.158,0.125,82.3
669397,Nick Allen,HOU,25 to 30,253,0.117,0.494,17.0,3.0,0.0,0.2,0.294,0.2,0.494,0.294,0.202,0.353,0.333,0.444,80.9
669397,Nick Allen,HOU,30 to 35,314,0.146,0.468,16.0,3.0,1.0,0.2,0.188,0.4,0.588,0.294,0.186,0.125,0.219,0.357,87.9
669397,Nick Allen,HOU,35 to 40,371,0.172,0.458,41.0,10.0,1.0,0.278,0.325,0.361,0.686,0.31,0.253,0.146,0.2,0.219,79.0
669397,Nick Allen,HOU,40 to 45,314,0.146,0.462,23.0,7.0,0.0,0.368,0.455,0.474,0.928,0.423,0.289,0.217,0.189,0.133,79.3
669397,Nick Allen,HOU,45 to 50,274,0.127,0.474,22.0,2.0,0.0,0.1,0.095,0.1,0.195,0.095,0.16,0.318,0.258,0.267,85.1
669397,Nick Allen,HOU,50 to 55,182,0.084,0.478,,,,,,,,,,,,,
669397,Nick Allen,HOU,55 to 60,72,0.033,0.5,,,,,,,,,,,,,
669397,Nick Allen,HOU,60 to 65,21,0.01,0.476,,,,,,,,,,,,,
669397,Nick Allen,HOU,65 to 70,18,0.008,0.444,,,,,,,,,,,,,
592206,Nick Castellanos,SD,10 to 15,44,0.017,0.705,,,,,,,,,,,,,
592206,Nick Castellanos,SD,15 to 20,96,0.036,0.583,,,,,,,,,,,,,
592206,Nick Castellanos,SD,20 to 25,196,0.074,0.582,,,,,,,,,,,,,
592206,Nick Castellanos,SD,25 to 30,279,0.105,0.584,12.0,2.0,0.0,0.182,0.25,0.182,0.432,0.208,0.349,0.333,0.333,0.286,83.4
592206,Nick Castellanos,SD,30 to 35,352,0.133,0.605,28.0,3.0,1.0,0.111,0.143,0.222,0.365,0.161,0.194,0.321,0.368,0.222,86.5
592206,Nick Castellanos,SD,35 to 40,441,0.166,0.594,20.0,2.0,0.0,0.105,0.1,0.105,0.205,0.135,0.2,0.25,0.404,0.333,81.7
592206,Nick Castellanos,SD,40 to 45,470,0.177,0.551,21.0,5.0,2.0,0.263,0.333,0.632,0.965,0.402,0.398,0.286,0.244,0.615,94.9
592206,Nick Castellanos,SD,45 to 50,323,0.122,0.588,,,,,,,,,,,,,
592206,Nick Castellanos,SD,5 to 10,36,0.014,0.611,,,,,,,,,,,,,
592206,Nick Castellanos,SD,50 to 55,188,0.071,0.59,,,,,,,,,,,,,
592206,Nick Castellanos,SD,55 to 60,108,0.041,0.537,,,,,,,,,,,,,
592206,Nick Castellanos,SD,60 to 65,66,0.025,0.621,,,,,,,,,,,,,
592206,Nick Castellanos,SD,65 to 70,23,0.009,0.522,,,,,,,,,,,,,
663743,Nick Fortes,TB,10 to 15,40,0.02,0.5,,,,,,,,,,,,,
663743,Nick Fortes,TB,15 to 20,84,0.042,0.476,16.0,4.0,1.0,0.267,0.312,0.533,0.846,0.359,0.343,0.0,0.038,0.4,86.9
663743,Nick Fortes,TB,20 to 25,117,0.058,0.462,19.0,6.0,0.0,0.375,0.474,0.562,1.036,0.45,0.411,0.105,0.133,0.429,81.1
663743,Nick Fortes,TB,25 to 30,175,0.087,0.457,22.0,7.0,0.0,0.318,0.318,0.455,0.773,0.334,0.256,0.091,0.116,0.25,80.7
663743,Nick Fortes,TB,30 to 35,244,0.122,0.492,35.0,8.0,0.0,0.25,0.294,0.25,0.544,0.259,0.286,0.057,0.063,0.452,85.2
663743,Nick Fortes,TB,35 to 40,309,0.154,0.502,67.0,13.0,0.0,0.217,0.288,0.283,0.571,0.279,0.273,0.164,0.18,0.32,83.4
663743,Nick Fortes,TB,40 to 45,317,0.158,0.511,56.0,15.0,2.0,0.283,0.321,0.415,0.737,0.33,0.279,0.161,0.167,0.395,85.6
663743,Nick Fortes,TB,45 to 50,316,0.158,0.503,40.0,8.0,1.0,0.229,0.263,0.4,0.663,0.293,0.217,0.2,0.305,0.387,87.0
663743,Nick Fortes,TB,50 to 55,181,0.09,0.552,24.0,5.0,0.0,0.217,0.25,0.217,0.467,0.217,0.188,0.208,0.189,0.222,78.8
663743,Nick Fortes,TB,55 to 60,80,0.04,0.388,10.0,5.0,1.0,0.5,0.5,0.9,1.4,0.595,0.333,0.0,0.059,0.4,81.7
663743,Nick Fortes,TB,60 to 65,44,0.022,0.568,,,,,,,,,,,,,
693304,Nick Gonzales,PIT,0 to 5,18,0.005,0.667,,,,,,,,,,,,,
693304,Nick Gonzales,PIT,10 to 15,55,0.015,0.527,,,,,,,,,,,,,
693304,Nick Gonzales,PIT,15 to 20,128,0.036,0.531,18.0,3.0,0.0,0.2,0.333,0.2,0.533,0.267,0.309,0.167,0.154,0.154,87.8
693304,Nick Gonzales,PIT,20 to 25,229,0.064,0.498,43.0,13.0,0.0,0.333,0.395,0.385,0.78,0.353,0.346,0.14,0.183,0.303,82.4
693304,Nick Gonzales,PIT,25 to 30,329,0.092,0.553,59.0,20.0,0.0,0.364,0.407,0.455,0.861,0.397,0.34,0.136,0.271,0.319,83.8
693304,Nick Gonzales,PIT,30 to 35,509,0.142,0.587,87.0,21.0,0.0,0.262,0.31,0.262,0.573,0.266,0.308,0.149,0.158,0.353,86.2
693304,Nick Gonzales,PIT,35 to 40,570,0.159,0.551,107.0,31.0,2.0,0.333,0.421,0.419,0.84,0.388,0.359,0.14,0.172,0.405,88.8
693304,Nick Gonzales,PIT,40 to 45,600,0.167,0.557,105.0,38.0,2.0,0.376,0.4,0.505,0.905,0.409,0.312,0.162,0.244,0.373,86.3
693304,Nick Gonzales,PIT,45 to 50,490,0.137,0.514,61.0,13.0,1.0,0.25,0.361,0.365,0.726,0.33,0.324,0.213,0.228,0.41,90.1
693304,Nick Gonzales,PIT,5 to 10,28,0.008,0.536,,,,,,,,,,,,,
693304,Nick Gonzales,PIT,50 to 55,335,0.093,0.531,46.0,6.0,0.0,0.146,0.239,0.22,0.459,0.216,0.259,0.261,0.235,0.241,83.1
693304,Nick Gonzales,PIT,55 to 60,151,0.042,0.55,22.0,2.0,0.0,0.111,0.273,0.167,0.439,0.225,0.305,0.136,0.174,0.2,77.4
693304,Nick Gonzales,PIT,60 to 65,38,0.011,0.447,,,,,,,,,,,,,
693304,Nick Gonzales,PIT,65 to 70,18,0.005,0.389,,,,,,,,,,,,,
693304,Nick Gonzales,PIT,70 to 75,16,0.004,0.562,,,,,,,,,,,,,
701762,Nick Kurtz,ATH,10 to 15,69,0.018,0.449,,,,,,,,,,,,,
701762,Nick Kurtz,ATH,15 to 20,133,0.035,0.346,11.0,2.0,0.0,0.25,0.455,0.375,0.83,0.386,0.339,0.364,0.312,1.0,99.9
701762,Nick Kurtz,ATH,20 to 25,248,0.064,0.452,23.0,10.0,1.0,0.476,0.522,0.667,1.188,0.515,0.456,0.174,0.268,0.588,91.7
701762,Nick Kurtz,ATH,25 to 30,397,0.103,0.428,44.0,9.0,3.0,0.231,0.318,0.462,0.78,0.339,0.373,0.341,0.338,0.583,94.5
701762,Nick Kurtz,ATH,30 to 35,587,0.153,0.416,63.0,15.0,5.0,0.312,0.476,0.646,1.122,0.481,0.442,0.27,0.313,0.567,93.3
701762,Nick Kurtz,ATH,35 to 40,720,0.187,0.408,84.0,16.0,3.0,0.232,0.369,0.391,0.76,0.355,0.311,0.417,0.423,0.588,93.5
701762,Nick Kurtz,ATH,40 to 45,643,0.167,0.482,79.0,15.0,4.0,0.217,0.316,0.449,0.766,0.356,0.338,0.367,0.36,0.45,88.4
701762,Nick Kurtz,ATH,45 to 50,457,0.119,0.42,52.0,6.0,1.0,0.154,0.365,0.333,0.699,0.327,0.397,0.308,0.277,0.696,98.1
701762,Nick Kurtz,ATH,5 to 10,33,0.009,0.455,,,,,,,,,,,,,
701762,Nick Kurtz,ATH,50 to 55,285,0.074,0.432,34.0,11.0,2.0,0.407,0.529,0.741,1.27,0.574,0.474,0.147,0.211,0.619,96.8
701762,Nick Kurtz,ATH,55 to 60,110,0.029,0.464,10.0,4.0,1.0,0.444,0.5,0.778,1.278,0.54,0.512,0.2,0.13,0.571,91.7
701762,Nick Kurtz,ATH,60 to 65,32,0.008,0.281,,,,,,,,,,,,,
701762,Nick Kurtz,ATH,65 to 70,15,0.004,0.267,,,,,,,,,,,,,
679845,Nick Loftin,KC,10 to 15,53,0.023,0.434,,,,,,,,,,,,,
679845,Nick Loftin,KC,15 to 20,94,0.041,0.436,15.0,4.0,0.0,0.333,0.467,0.417,0.883,0.432,0.376,0.067,0.125,0.3,82.8
679845,Nick Loftin,KC,20 to 25,134,0.059,0.343,28.0,4.0,1.0,0.174,0.321,0.304,0.626,0.293,0.314,0.179,0.121,0.389,83.2
679845,Nick Loftin,KC,25 to 30,213,0.094,0.418,40.0,7.0,1.0,0.2,0.275,0.343,0.618,0.272,0.278,0.2,0.206,0.25,82.6
679845,Nick Loftin,KC,30 to 35,300,0.132,0.427,50.0,9.0,1.0,0.2,0.28,0.378,0.658,0.307,0.289,0.24,0.216,0.303,88.8
679845,Nick Loftin,KC,35 to 40,393,0.173,0.433,77.0,14.0,1.0,0.215,0.32,0.354,0.674,0.314,0.269,0.156,0.204,0.259,82.7
679845,Nick Loftin,KC,40 to 45,376,0.165,0.444,78.0,20.0,1.0,0.267,0.295,0.4,0.695,0.315,0.306,0.154,0.091,0.286,85.6
679845,Nick Loftin,KC,45 to 50,325,0.143,0.44,58.0,8.0,1.0,0.163,0.268,0.286,0.554,0.274,0.265,0.155,0.118,0.381,85.9
679845,Nick Loftin,KC,50 to 55,170,0.075,0.406,32.0,10.0,0.0,0.385,0.469,0.5,0.969,0.423,0.323,0.156,0.267,0.273,86.7
679845,Nick Loftin,KC,55 to 60,85,0.037,0.447,14.0,2.0,0.0,0.154,0.214,0.231,0.445,0.204,0.256,0.071,0.167,0.167,89.0
679845,Nick Loftin,KC,60 to 65,36,0.016,0.25,,,,,,,,,,,,,
663611,Nick Madrigal,TB,20 to 25,18,0.075,0.278,,,,,,,,,,,,,
663611,Nick Madrigal,TB,30 to 35,35,0.146,0.514,,,,,,,,,,,,,
663611,Nick Madrigal,TB,35 to 40,27,0.113,0.481,,,,,,,,,,,,,
663611,Nick Madrigal,TB,40 to 45,48,0.201,0.438,14.0,3.0,0.0,0.25,0.357,0.333,0.69,0.318,0.262,0.0,0.0,0.25,85.1
663611,Nick Madrigal,TB,45 to 50,39,0.163,0.538,13.0,7.0,0.0,0.538,0.538,0.615,1.154,0.512,0.313,0.0,0.048,0.385,91.6
663611,Nick Madrigal,TB,50 to 55,19,0.079,0.684,,,,,,,,,,,,,
703492,Nick Morabito,NYM,10 to 15,16,0.099,0.438,,,,,,,,,,,,,
703492,Nick Morabito,NYM,25 to 30,15,0.093,0.467,,,,,,,,,,,,,
703492,Nick Morabito,NYM,30 to 35,18,0.112,0.333,,,,,,,,,,,,,
703492,Nick Morabito,NYM,35 to 40,21,0.13,0.429,,,,,,,,,,,,,
703492,Nick Morabito,NYM,40 to 45,16,0.099,0.438,,,,,,,,,,,,,
703492,Nick Morabito,NYM,45 to 50,17,0.106,0.353,,,,,,,,,,,,,
686765,Nick Sogard,BOS,10 to 15,25,0.017,0.48,,,,,,,,,,,,,
686765,Nick Sogard,BOS,15 to 20,43,0.029,0.349,,,,,,,,,,,,,
686765,Nick Sogard,BOS,20 to 25,92,0.063,0.348,13.0,1.0,0.0,0.1,0.25,0.1,0.35,0.208,0.267,0.231,0.217,0.125,76.3
686765,Nick Sogard,BOS,25 to 30,124,0.084,0.395,24.0,7.0,1.0,0.304,0.333,0.565,0.899,0.381,0.306,0.292,0.188,0.25,87.9
686765,Nick Sogard,BOS,30 to 35,210,0.143,0.419,33.0,6.0,1.0,0.2,0.25,0.367,0.617,0.284,0.267,0.273,0.191,0.333,83.1
686765,Nick Sogard,BOS,35 to 40,296,0.201,0.439,59.0,14.0,1.0,0.275,0.362,0.412,0.774,0.37,0.324,0.169,0.219,0.268,82.5
686765,Nick Sogard,BOS,40 to 45,243,0.165,0.407,39.0,8.0,0.0,0.25,0.359,0.344,0.703,0.342,0.294,0.179,0.167,0.192,84.5
686765,Nick Sogard,BOS,45 to 50,203,0.138,0.374,37.0,7.0,1.0,0.226,0.333,0.387,0.72,0.337,0.276,0.216,0.173,0.304,81.7
686765,Nick Sogard,BOS,5 to 10,18,0.012,0.333,,,,,,,,,,,,,
686765,Nick Sogard,BOS,50 to 55,100,0.068,0.39,15.0,3.0,0.0,0.231,0.333,0.231,0.564,0.273,0.385,0.133,0.12,0.545,91.7
686765,Nick Sogard,BOS,55 to 60,41,0.028,0.439,,,,,,,,,,,,,
686765,Nick Sogard,BOS,60 to 65,18,0.012,0.333,,,,,,,,,,,,,
694377,Nick Yorke,PIT,10 to 15,16,0.021,0.625,,,,,,,,,,,,,
694377,Nick Yorke,PIT,15 to 20,25,0.033,0.44,,,,,,,,,,,,,
694377,Nick Yorke,PIT,20 to 25,19,0.025,0.368,,,,,,,,,,,,,
694377,Nick Yorke,PIT,25 to 30,57,0.076,0.526,15.0,6.0,0.0,0.429,0.467,0.5,0.967,0.43,0.274,0.133,0.174,0.417,90.5
694377,Nick Yorke,PIT,30 to 35,78,0.104,0.526,10.0,0.0,0.0,0.0,0.1,0.0,0.1,0.07,0.328,0.1,0.182,0.625,93.6
694377,Nick Yorke,PIT,35 to 40,110,0.147,0.418,19.0,4.0,0.0,0.235,0.316,0.235,0.551,0.263,0.362,0.158,0.111,0.571,88.9
694377,Nick Yorke,PIT,40 to 45,159,0.213,0.503,29.0,5.0,1.0,0.179,0.207,0.321,0.528,0.26,0.271,0.276,0.204,0.45,86.8
694377,Nick Yorke,PIT,45 to 50,119,0.159,0.546,19.0,2.0,0.0,0.118,0.158,0.118,0.276,0.132,0.17,0.316,0.286,0.333,88.1
694377,Nick Yorke,PIT,50 to 55,77,0.103,0.468,,,,,,,,,,,,,
694377,Nick Yorke,PIT,55 to 60,35,0.047,0.629,,,,,,,,,,,,,
694377,Nick Yorke,PIT,60 to 65,19,0.025,0.474,,,,,,,,,,,,,
670032,Nicky Lopez,TEX,10 to 15,21,0.02,0.524,,,,,,,,,,,,,
670032,Nicky Lopez,TEX,15 to 20,51,0.048,0.549,11.0,2.0,0.0,0.2,0.2,0.2,0.4,0.2,0.146,0.364,0.269,0.143,78.3
670032,Nicky Lopez,TEX,20 to 25,55,0.051,0.473,17.0,3.0,0.0,0.25,0.357,0.417,0.774,0.386,0.297,0.176,0.174,0.333,75.4
670032,Nicky Lopez,TEX,25 to 30,87,0.081,0.483,16.0,3.0,1.0,0.188,0.188,0.375,0.562,0.238,0.189,0.25,0.237,0.167,80.4
670032,Nicky Lopez,TEX,30 to 35,144,0.135,0.569,43.0,9.0,0.0,0.231,0.268,0.231,0.499,0.27,0.27,0.116,0.156,0.229,81.4
670032,Nicky Lopez,TEX,35 to 40,166,0.155,0.536,43.0,13.0,0.0,0.325,0.341,0.325,0.666,0.312,0.258,0.14,0.167,0.194,79.3
670032,Nicky Lopez,TEX,40 to 45,190,0.178,0.4,39.0,9.0,0.0,0.281,0.378,0.281,0.66,0.343,0.242,0.179,0.197,0.185,77.6
670032,Nicky Lopez,TEX,45 to 50,149,0.139,0.564,38.0,8.0,0.0,0.229,0.27,0.343,0.613,0.276,0.313,0.132,0.083,0.312,86.7
670032,Nicky Lopez,TEX,50 to 55,98,0.092,0.51,21.0,6.0,0.0,0.316,0.35,0.316,0.666,0.332,0.27,0.143,0.152,0.125,75.1
670032,Nicky Lopez,TEX,55 to 60,34,0.032,0.471,14.0,4.0,0.0,0.333,0.429,0.333,0.762,0.357,0.298,0.286,0.25,0.25,82.1
663538,Nico Hoerner,CHC,0 to 5,31,0.007,0.484,,,,,,,,,,,,,
663538,Nico Hoerner,CHC,10 to 15,107,0.023,0.495,20.0,4.0,1.0,0.222,0.3,0.5,0.8,0.34,0.396,0.05,0.1,0.412,89.6
663538,Nico Hoerner,CHC,15 to 20,211,0.045,0.474,21.0,5.0,0.0,0.278,0.333,0.333,0.667,0.298,0.326,0.143,0.171,0.529,89.6
663538,Nico Hoerner,CHC,20 to 25,332,0.071,0.455,44.0,10.0,0.0,0.244,0.273,0.366,0.639,0.297,0.275,0.114,0.164,0.243,86.3
663538,Nico Hoerner,CHC,25 to 30,579,0.123,0.485,97.0,21.0,1.0,0.236,0.268,0.281,0.549,0.255,0.277,0.062,0.079,0.233,82.9
663538,Nico Hoerner,CHC,30 to 35,631,0.134,0.452,96.0,21.0,2.0,0.244,0.323,0.384,0.707,0.324,0.33,0.135,0.139,0.311,86.3
663538,Nico Hoerner,CHC,35 to 40,706,0.15,0.466,88.0,20.0,1.0,0.26,0.33,0.312,0.641,0.313,0.329,0.091,0.143,0.183,84.0
663538,Nico Hoerner,CHC,40 to 45,850,0.181,0.513,125.0,32.0,1.0,0.281,0.344,0.342,0.686,0.329,0.342,0.072,0.101,0.317,86.4
663538,Nico Hoerner,CHC,45 to 50,530,0.113,0.481,73.0,17.0,2.0,0.243,0.26,0.429,0.689,0.317,0.302,0.068,0.073,0.288,86.1
663538,Nico Hoerner,CHC,5 to 10,54,0.011,0.407,,,,,,,,,,,,,
663538,Nico Hoerner,CHC,50 to 55,361,0.077,0.518,55.0,16.0,0.0,0.308,0.345,0.327,0.672,0.306,0.346,0.055,0.055,0.3,88.6
663538,Nico Hoerner,CHC,55 to 60,166,0.035,0.488,17.0,7.0,0.0,0.412,0.412,0.412,0.824,0.424,0.313,0.0,0.065,0.529,90.2
663538,Nico Hoerner,CHC,60 to 65,45,0.01,0.222,,,,,,,,,,,,,
663538,Nico Hoerner,CHC,65 to 70,24,0.005,0.5,,,,,,,,,,,,,
682622,Noelvi Marte,CIN,10 to 15,25,0.012,0.32,,,,,,,,,,,,,
682622,Noelvi Marte,CIN,15 to 20,47,0.023,0.511,,,,,,,,,,,,,
682622,Noelvi Marte,CIN,20 to 25,135,0.067,0.452,15.0,3.0,0.0,0.2,0.2,0.267,0.467,0.203,0.127,0.267,0.167,0.385,87.4
682622,Noelvi Marte,CIN,25 to 30,236,0.116,0.508,26.0,4.0,0.0,0.174,0.269,0.174,0.443,0.219,0.206,0.346,0.298,0.143,90.0
682622,Noelvi Marte,CIN,30 to 35,319,0.157,0.511,36.0,4.0,0.0,0.114,0.139,0.171,0.31,0.139,0.117,0.389,0.294,0.19,87.9
682622,Noelvi Marte,CIN,35 to 40,345,0.17,0.519,26.0,6.0,1.0,0.25,0.269,0.375,0.644,0.277,0.299,0.192,0.24,0.4,90.7
682622,Noelvi Marte,CIN,40 to 45,294,0.145,0.548,24.0,3.0,2.0,0.136,0.208,0.409,0.617,0.262,0.397,0.208,0.265,0.294,87.4
682622,Noelvi Marte,CIN,45 to 50,259,0.128,0.552,21.0,6.0,0.0,0.3,0.333,0.35,0.683,0.307,0.231,0.143,0.246,0.353,88.0
682622,Noelvi Marte,CIN,50 to 55,151,0.074,0.55,19.0,2.0,1.0,0.111,0.158,0.278,0.436,0.189,0.291,0.211,0.179,0.2,80.4
682622,Noelvi Marte,CIN,55 to 60,107,0.053,0.477,,,,,,,,,,,,,
682622,Noelvi Marte,CIN,60 to 65,39,0.019,0.59,,,,,,,,,,,,,
571448,Nolan Arenado,AZ,10 to 15,87,0.022,0.46,13.0,2.0,0.0,0.182,0.231,0.182,0.413,0.192,0.203,0.231,0.267,0.222,84.5
571448,Nolan Arenado,AZ,15 to 20,128,0.033,0.469,18.0,4.0,0.0,0.25,0.333,0.312,0.646,0.297,0.257,0.111,0.143,0.143,85.7
571448,Nolan Arenado,AZ,20 to 25,248,0.063,0.411,29.0,7.0,0.0,0.28,0.379,0.32,0.699,0.326,0.25,0.276,0.241,0.353,85.5
571448,Nolan Arenado,AZ,25 to 30,379,0.096,0.43,58.0,17.0,2.0,0.327,0.397,0.519,0.916,0.41,0.317,0.241,0.208,0.351,86.9
571448,Nolan Arenado,AZ,30 to 35,563,0.143,0.496,82.0,14.0,3.0,0.192,0.28,0.356,0.637,0.284,0.269,0.305,0.322,0.292,84.0
571448,Nolan Arenado,AZ,35 to 40,642,0.163,0.506,94.0,21.0,5.0,0.253,0.33,0.506,0.836,0.356,0.32,0.181,0.212,0.269,86.0
571448,Nolan Arenado,AZ,40 to 45,727,0.185,0.453,106.0,24.0,7.0,0.253,0.33,0.537,0.867,0.369,0.32,0.189,0.192,0.453,87.2
571448,Nolan Arenado,AZ,45 to 50,463,0.118,0.477,74.0,17.0,4.0,0.254,0.311,0.463,0.773,0.345,0.314,0.108,0.159,0.267,84.1
571448,Nolan Arenado,AZ,5 to 10,44,0.011,0.455,,,,,,,,,,,,,
571448,Nolan Arenado,AZ,50 to 55,272,0.069,0.544,36.0,9.0,3.0,0.265,0.306,0.588,0.894,0.4,0.306,0.194,0.233,0.259,84.6
571448,Nolan Arenado,AZ,55 to 60,165,0.042,0.497,26.0,3.0,1.0,0.12,0.154,0.24,0.394,0.173,0.212,0.192,0.178,0.3,82.8
571448,Nolan Arenado,AZ,60 to 65,51,0.013,0.451,,,,,,,,,,,,,
571448,Nolan Arenado,AZ,65 to 70,19,0.005,0.421,,,,,,,,,,,,,
669357,Nolan Gorman,STL,10 to 15,35,0.012,0.457,,,,,,,,,,,,,
669357,Nolan Gorman,STL,15 to 20,97,0.034,0.495,11.0,2.0,1.0,0.222,0.364,0.556,0.919,0.391,0.407,0.364,0.25,0.6,86.3
669357,Nolan Gorman,STL,20 to 25,226,0.078,0.478,21.0,2.0,0.0,0.125,0.286,0.125,0.411,0.219,0.279,0.286,0.318,0.364,86.7
669357,Nolan Gorman,STL,25 to 30,339,0.117,0.469,31.0,7.0,0.0,0.233,0.258,0.233,0.491,0.233,0.268,0.226,0.355,0.364,87.6
669357,Nolan Gorman,STL,30 to 35,392,0.136,0.446,42.0,8.0,1.0,0.229,0.357,0.343,0.7,0.323,0.303,0.31,0.346,0.5,90.1
669357,Nolan Gorman,STL,35 to 40,548,0.19,0.493,67.0,11.0,1.0,0.183,0.239,0.3,0.539,0.237,0.265,0.343,0.393,0.41,89.4
669357,Nolan Gorman,STL,40 to 45,479,0.166,0.495,49.0,11.0,4.0,0.244,0.306,0.533,0.839,0.356,0.331,0.265,0.261,0.531,95.8
669357,Nolan Gorman,STL,45 to 50,293,0.101,0.495,20.0,2.0,0.0,0.118,0.25,0.118,0.368,0.195,0.183,0.35,0.391,0.1,86.6
669357,Nolan Gorman,STL,5 to 10,27,0.009,0.519,,,,,,,,,,,,,
669357,Nolan Gorman,STL,50 to 55,232,0.08,0.474,17.0,0.0,0.0,0.0,0.059,0.0,0.059,0.041,0.185,0.412,0.457,0.444,86.2
669357,Nolan Gorman,STL,55 to 60,90,0.031,0.533,,,,,,,,,,,,,
669357,Nolan Gorman,STL,60 to 65,39,0.013,0.462,,,,,,,,,,,,,
669357,Nolan Gorman,STL,65 to 70,21,0.007,0.286,,,,,,,,,,,,,
694384,Nolan Schanuel,LAA,-5 to 0,15,0.004,0.467,,,,,,,,,,,,,
694384,Nolan Schanuel,LAA,10 to 15,79,0.021,0.367,,,,,,,,,,,,,
694384,Nolan Schanuel,LAA,15 to 20,143,0.037,0.434,18.0,4.0,1.0,0.267,0.353,0.467,0.82,0.371,0.381,0.111,0.087,0.357,82.2
694384,Nolan Schanuel,LAA,20 to 25,260,0.068,0.415,30.0,7.0,0.0,0.28,0.4,0.36,0.76,0.35,0.313,0.033,0.111,0.375,84.2
694384,Nolan Schanuel,LAA,25 to 30,338,0.088,0.408,27.0,5.0,0.0,0.227,0.296,0.227,0.524,0.244,0.351,0.185,0.14,0.368,85.1
694384,Nolan Schanuel,LAA,30 to 35,593,0.154,0.482,68.0,17.0,0.0,0.266,0.309,0.328,0.637,0.287,0.299,0.118,0.11,0.357,88.1
694384,Nolan Schanuel,LAA,35 to 40,711,0.185,0.456,84.0,22.0,3.0,0.314,0.429,0.5,0.929,0.408,0.411,0.131,0.146,0.407,88.5
694384,Nolan Schanuel,LAA,40 to 45,656,0.171,0.444,73.0,21.0,1.0,0.309,0.356,0.412,0.768,0.341,0.341,0.137,0.124,0.333,89.0
694384,Nolan Schanuel,LAA,45 to 50,450,0.117,0.436,60.0,9.0,1.0,0.18,0.3,0.28,0.58,0.285,0.306,0.1,0.112,0.133,84.1
694384,Nolan Schanuel,LAA,5 to 10,25,0.007,0.44,,,,,,,,,,,,,
694384,Nolan Schanuel,LAA,50 to 55,296,0.077,0.486,31.0,10.0,1.0,0.345,0.355,0.552,0.907,0.382,0.302,0.226,0.149,0.391,87.5
694384,Nolan Schanuel,LAA,55 to 60,126,0.033,0.468,19.0,8.0,0.0,0.444,0.421,0.5,0.921,0.397,0.301,0.211,0.241,0.333,86.8
694384,Nolan Schanuel,LAA,60 to 65,54,0.014,0.315,,,,,,,,,,,,,
694384,Nolan Schanuel,LAA,65 to 70,15,0.004,0.4,,,,,,,,,,,,,
686554,Oliver Dunn,TB,25 to 30,27,0.138,0.444,,,,,,,,,,,,,
686554,Oliver Dunn,TB,30 to 35,27,0.138,0.296,,,,,,,,,,,,,
686554,Oliver Dunn,TB,35 to 40,35,0.179,0.486,,,,,,,,,,,,,
686554,Oliver Dunn,TB,40 to 45,43,0.219,0.488,,,,,,,,,,,,,
686554,Oliver Dunn,TB,45 to 50,26,0.133,0.5,,,,,,,,,,,,,
686554,Oliver Dunn,TB,50 to 55,16,0.082,0.312,,,,,,,,,,,,,
665833,Oneil Cruz,PIT,10 to 15,82,0.021,0.341,,,,,,,,,,,,,
665833,Oneil Cruz,PIT,15 to 20,163,0.041,0.38,16.0,5.0,0.0,0.357,0.438,0.429,0.866,0.391,0.39,0.375,0.5,0.5,92.0
665833,Oneil Cruz,PIT,20 to 25,245,0.062,0.424,26.0,9.0,1.0,0.429,0.538,0.667,1.205,0.55,0.433,0.192,0.318,0.5,95.7
665833,Oneil Cruz,PIT,25 to 30,408,0.103,0.426,48.0,14.0,1.0,0.333,0.417,0.452,0.869,0.396,0.371,0.312,0.375,0.577,95.7
665833,Oneil Cruz,PIT,30 to 35,550,0.139,0.436,55.0,11.0,3.0,0.22,0.291,0.4,0.691,0.32,0.291,0.436,0.333,0.519,93.5
665833,Oneil Cruz,PIT,35 to 40,562,0.142,0.395,57.0,15.0,1.0,0.306,0.404,0.408,0.812,0.382,0.438,0.228,0.291,0.583,95.5
665833,Oneil Cruz,PIT,40 to 45,651,0.164,0.416,79.0,13.0,6.0,0.194,0.316,0.493,0.809,0.37,0.332,0.367,0.343,0.447,91.7
665833,Oneil Cruz,PIT,45 to 50,555,0.14,0.438,47.0,12.0,2.0,0.286,0.362,0.476,0.838,0.385,0.327,0.34,0.347,0.615,95.5
665833,Oneil Cruz,PIT,5 to 10,19,0.005,0.474,,,,,,,,,,,,,
665833,Oneil Cruz,PIT,50 to 55,385,0.097,0.447,48.0,14.0,6.0,0.311,0.354,0.778,1.132,0.466,0.418,0.354,0.351,0.571,93.7
665833,Oneil Cruz,PIT,55 to 60,169,0.043,0.385,16.0,3.0,0.0,0.188,0.188,0.188,0.375,0.169,0.184,0.438,0.357,0.556,92.8
665833,Oneil Cruz,PIT,60 to 65,77,0.019,0.377,,,,,,,,,,,,,
665833,Oneil Cruz,PIT,65 to 70,18,0.005,0.389,,,,,,,,,,,,,
606115,Orlando Arcia,MIN,10 to 15,16,0.017,0.562,,,,,,,,,,,,,
606115,Orlando Arcia,MIN,15 to 20,27,0.028,0.63,,,,,,,,,,,,,
606115,Orlando Arcia,MIN,20 to 25,65,0.068,0.508,,,,,,,,,,,,,
606115,Orlando Arcia,MIN,25 to 30,73,0.077,0.603,,,,,,,,,,,,,
606115,Orlando Arcia,MIN,30 to 35,132,0.139,0.5,,,,,,,,,,,,,
606115,Orlando Arcia,MIN,35 to 40,152,0.16,0.592,14.0,5.0,0.0,0.385,0.429,0.385,0.813,0.371,0.264,0.143,0.182,0.182,84.7
606115,Orlando Arcia,MIN,40 to 45,150,0.158,0.487,,,,,,,,,,,,,
606115,Orlando Arcia,MIN,45 to 50,114,0.12,0.535,,,,,,,,,,,,,
606115,Orlando Arcia,MIN,50 to 55,92,0.097,0.554,,,,,,,,,,,,,
606115,Orlando Arcia,MIN,55 to 60,58,0.061,0.552,,,,,,,,,,,,,
606115,Orlando Arcia,MIN,60 to 65,31,0.033,0.323,,,,,,,,,,,,,
678545,Osleivis Basabe,SF,10 to 15,15,0.027,0.533,,,,,,,,,,,,,
678545,Osleivis Basabe,SF,20 to 25,28,0.051,0.214,,,,,,,,,,,,,
678545,Osleivis Basabe,SF,25 to 30,44,0.08,0.5,14.0,2.0,0.0,0.154,0.214,0.154,0.368,0.179,0.266,0.143,0.045,0.455,90.4
678545,Osleivis Basabe,SF,30 to 35,57,0.103,0.456,15.0,2.0,0.0,0.143,0.2,0.143,0.343,0.167,0.268,0.2,0.115,0.167,81.5
678545,Osleivis Basabe,SF,35 to 40,87,0.158,0.471,24.0,6.0,1.0,0.261,0.292,0.391,0.683,0.337,0.191,0.208,0.195,0.333,87.6
678545,Osleivis Basabe,SF,40 to 45,107,0.194,0.486,25.0,5.0,2.0,0.227,0.32,0.545,0.865,0.366,0.435,0.16,0.25,0.667,94.9
678545,Osleivis Basabe,SF,45 to 50,105,0.19,0.39,25.0,3.0,0.0,0.136,0.2,0.136,0.336,0.164,0.227,0.24,0.195,0.176,85.4
678545,Osleivis Basabe,SF,50 to 55,54,0.098,0.5,13.0,3.0,1.0,0.25,0.308,0.583,0.891,0.373,0.273,0.077,0.148,0.273,83.5
678545,Osleivis Basabe,SF,55 to 60,21,0.038,0.619,,,,,,,,,,,,,
672724,Oswald Peraza,LAA,10 to 15,43,0.018,0.535,,,,,,,,,,,,,
672724,Oswald Peraza,LAA,15 to 20,53,0.022,0.547,,,,,,,,,,,,,
672724,Oswald Peraza,LAA,20 to 25,132,0.055,0.53,18.0,5.0,0.0,0.278,0.278,0.278,0.556,0.3,0.248,0.278,0.273,0.385,85.2
672724,Oswald Peraza,LAA,25 to 30,215,0.09,0.563,29.0,8.0,0.0,0.333,0.429,0.417,0.845,0.389,0.305,0.241,0.298,0.389,83.4
672724,Oswald Peraza,LAA,30 to 35,330,0.137,0.518,54.0,15.0,2.0,0.306,0.37,0.449,0.819,0.379,0.364,0.222,0.265,0.333,85.3
672724,Oswald Peraza,LAA,35 to 40,435,0.181,0.54,70.0,11.0,1.0,0.169,0.229,0.262,0.49,0.248,0.245,0.314,0.292,0.326,84.3
672724,Oswald Peraza,LAA,40 to 45,452,0.188,0.549,76.0,15.0,1.0,0.205,0.237,0.301,0.538,0.262,0.241,0.355,0.244,0.435,90.4
672724,Oswald Peraza,LAA,45 to 50,296,0.123,0.493,46.0,7.0,2.0,0.167,0.239,0.381,0.62,0.268,0.261,0.283,0.282,0.414,88.9
672724,Oswald Peraza,LAA,5 to 10,19,0.008,0.474,,,,,,,,,,,,,
672724,Oswald Peraza,LAA,50 to 55,207,0.086,0.551,26.0,8.0,0.0,0.364,0.462,0.455,0.916,0.412,0.349,0.192,0.283,0.412,87.1
672724,Oswald Peraza,LAA,55 to 60,110,0.046,0.527,13.0,3.0,1.0,0.231,0.231,0.462,0.692,0.292,0.215,0.385,0.29,0.25,91.9
672724,Oswald Peraza,LAA,60 to 65,48,0.02,0.562,,,,,,,,,,,,,
672724,Oswald Peraza,LAA,65 to 70,16,0.007,0.625,,,,,,,,,,,,,
665828,Oswaldo Cabrera,CIN,20 to 25,31,0.06,0.581,,,,,,,,,,,,,
665828,Oswaldo Cabrera,CIN,25 to 30,29,0.056,0.552,,,,,,,,,,,,,
665828,Oswaldo Cabrera,CIN,30 to 35,68,0.132,0.544,,,,,,,,,,,,,
665828,Oswaldo Cabrera,CIN,35 to 40,108,0.21,0.472,,,,,,,,,,,,,
665828,Oswaldo Cabrera,CIN,40 to 45,92,0.179,0.402,,,,,,,,,,,,,
665828,Oswaldo Cabrera,CIN,45 to 50,60,0.117,0.55,,,,,,,,,,,,,
665828,Oswaldo Cabrera,CIN,50 to 55,53,0.103,0.453,,,,,,,,,,,,,
665828,Oswaldo Cabrera,CIN,55 to 60,20,0.039,0.5,,,,,,,,,,,,,
805249,Otto Kemp,PHI,10 to 15,26,0.028,0.538,,,,,,,,,,,,,
805249,Otto Kemp,PHI,15 to 20,36,0.038,0.472,,,,,,,,,,,,,
805249,Otto Kemp,PHI,20 to 25,58,0.062,0.483,,,,,,,,,,,,,
805249,Otto Kemp,PHI,25 to 30,100,0.106,0.46,,,,,,,,,,,,,
805249,Otto Kemp,PHI,30 to 35,108,0.115,0.528,,,,,,,,,,,,,
805249,Otto Kemp,PHI,35 to 40,166,0.177,0.518,,,,,,,,,,,,,
805249,Otto Kemp,PHI,40 to 45,182,0.194,0.522,,,,,,,,,,,,,
805249,Otto Kemp,PHI,45 to 50,124,0.132,0.524,,,,,,,,,,,,,
805249,Otto Kemp,PHI,50 to 55,78,0.083,0.615,,,,,,,,,,,,,
805249,Otto Kemp,PHI,55 to 60,19,0.02,0.474,,,,,,,,,,,,,
805249,Otto Kemp,PHI,60 to 65,23,0.024,0.391,,,,,,,,,,,,,
672640,Otto Lopez,MIA,10 to 15,104,0.023,0.481,20.0,7.0,1.0,0.368,0.35,0.526,0.876,0.37,0.395,0.1,0.107,0.444,91.5
672640,Otto Lopez,MIA,15 to 20,208,0.045,0.457,20.0,5.0,0.0,0.294,0.4,0.294,0.694,0.33,0.438,0.05,0.143,0.375,84.6
672640,Otto Lopez,MIA,20 to 25,348,0.075,0.408,61.0,12.0,0.0,0.218,0.295,0.291,0.586,0.273,0.342,0.098,0.111,0.375,87.6
672640,Otto Lopez,MIA,25 to 30,489,0.106,0.479,76.0,21.0,1.0,0.292,0.303,0.389,0.692,0.324,0.251,0.105,0.137,0.418,86.6
672640,Otto Lopez,MIA,30 to 35,601,0.13,0.448,69.0,21.0,0.0,0.328,0.377,0.469,0.846,0.383,0.318,0.13,0.185,0.333,87.4
672640,Otto Lopez,MIA,35 to 40,698,0.151,0.477,128.0,44.0,4.0,0.373,0.406,0.568,0.974,0.439,0.354,0.102,0.149,0.406,88.0
672640,Otto Lopez,MIA,40 to 45,729,0.158,0.469,92.0,23.0,2.0,0.277,0.348,0.506,0.854,0.406,0.333,0.174,0.201,0.478,91.4
672640,Otto Lopez,MIA,45 to 50,584,0.127,0.483,94.0,21.0,1.0,0.239,0.255,0.307,0.562,0.256,0.282,0.16,0.175,0.395,88.3
672640,Otto Lopez,MIA,5 to 10,43,0.009,0.442,,,,,,,,,,,,,
672640,Otto Lopez,MIA,50 to 55,351,0.076,0.481,48.0,19.0,1.0,0.422,0.438,0.511,0.949,0.424,0.33,0.188,0.253,0.389,89.5
672640,Otto Lopez,MIA,55 to 60,236,0.051,0.424,32.0,7.0,1.0,0.269,0.375,0.5,0.875,0.373,0.4,0.156,0.133,0.5,93.5
672640,Otto Lopez,MIA,60 to 65,80,0.017,0.35,,,,,,,,,,,,,
672640,Otto Lopez,MIA,65 to 70,29,0.006,0.552,,,,,,,,,,,,,
683357,Owen Caissie,MIA,10 to 15,32,0.022,0.375,,,,,,,,,,,,,
683357,Owen Caissie,MIA,15 to 20,88,0.06,0.534,18.0,4.0,0.0,0.235,0.278,0.235,0.513,0.289,0.25,0.333,0.333,0.455,78.9
683357,Owen Caissie,MIA,20 to 25,159,0.108,0.396,35.0,6.0,1.0,0.2,0.314,0.433,0.748,0.335,0.282,0.371,0.333,0.375,91.0
683357,Owen Caissie,MIA,25 to 30,183,0.125,0.437,35.0,7.0,1.0,0.219,0.229,0.375,0.604,0.251,0.295,0.457,0.282,0.444,93.1
683357,Owen Caissie,MIA,30 to 35,188,0.128,0.537,51.0,14.0,3.0,0.311,0.373,0.533,0.906,0.405,0.279,0.373,0.333,0.407,88.7
683357,Owen Caissie,MIA,35 to 40,223,0.152,0.48,44.0,13.0,3.0,0.325,0.364,0.6,0.964,0.425,0.383,0.25,0.263,0.467,90.8
683357,Owen Caissie,MIA,40 to 45,219,0.149,0.489,55.0,7.0,1.0,0.156,0.236,0.267,0.503,0.228,0.284,0.382,0.354,0.444,90.7
683357,Owen Caissie,MIA,45 to 50,156,0.106,0.494,33.0,4.0,2.0,0.133,0.212,0.367,0.579,0.25,0.302,0.333,0.311,0.474,91.6
683357,Owen Caissie,MIA,5 to 10,26,0.018,0.115,,,,,,,,,,,,,
683357,Owen Caissie,MIA,50 to 55,78,0.053,0.487,22.0,4.0,1.0,0.211,0.318,0.421,0.739,0.325,0.335,0.409,0.429,0.3,85.6
683357,Owen Caissie,MIA,55 to 60,51,0.035,0.412,,,,,,,,,,,,,
683357,Owen Caissie,MIA,60 to 65,26,0.018,0.577,,,,,,,,,,,,,
645277,Ozzie Albies,ATL,10 to 15,80,0.016,0.55,12.0,4.0,1.0,0.364,0.417,0.909,1.326,0.538,0.406,0.0,0.083,0.333,85.7
645277,Ozzie Albies,ATL,15 to 20,194,0.04,0.546,34.0,6.0,0.0,0.188,0.206,0.219,0.425,0.19,0.216,0.235,0.23,0.24,86.6
645277,Ozzie Albies,ATL,20 to 25,351,0.072,0.575,44.0,4.0,1.0,0.103,0.182,0.205,0.387,0.199,0.215,0.114,0.155,0.222,87.6
645277,Ozzie Albies,ATL,25 to 30,525,0.107,0.602,73.0,18.0,1.0,0.257,0.274,0.357,0.631,0.288,0.271,0.137,0.17,0.197,87.6
645277,Ozzie Albies,ATL,30 to 35,760,0.155,0.534,101.0,26.0,6.0,0.289,0.347,0.567,0.913,0.401,0.313,0.139,0.166,0.304,87.8
645277,Ozzie Albies,ATL,35 to 40,834,0.17,0.553,105.0,15.0,1.0,0.169,0.257,0.236,0.493,0.229,0.257,0.238,0.26,0.319,87.9
645277,Ozzie Albies,ATL,40 to 45,808,0.165,0.548,106.0,24.0,3.0,0.242,0.283,0.364,0.647,0.284,0.259,0.132,0.219,0.267,86.5
645277,Ozzie Albies,ATL,45 to 50,581,0.119,0.53,90.0,21.0,6.0,0.256,0.289,0.512,0.801,0.338,0.265,0.111,0.161,0.257,86.4
645277,Ozzie Albies,ATL,5 to 10,52,0.011,0.5,,,,,,,,,,,,,
645277,Ozzie Albies,ATL,50 to 55,319,0.065,0.564,44.0,11.0,2.0,0.297,0.386,0.486,0.873,0.378,0.339,0.159,0.233,0.29,86.8
645277,Ozzie Albies,ATL,55 to 60,174,0.036,0.5,17.0,5.0,1.0,0.312,0.353,0.562,0.915,0.391,0.337,0.059,0.2,0.4,87.4
645277,Ozzie Albies,ATL,60 to 65,74,0.015,0.568,10.0,4.0,0.0,0.444,0.5,0.556,1.056,0.465,0.484,0.1,0.25,0.5,89.8
645277,Ozzie Albies,ATL,65 to 70,21,0.004,0.667,,,,,,,,,,,,,
664731,P. J. Higgins,CIN,20 to 25,16,0.125,0.375,,,,,,,,,,,,,
664731,P. J. Higgins,CIN,40 to 45,15,0.117,0.467,,,,,,,,,,,,,
664731,P. J. Higgins,CIN,45 to 50,26,0.203,0.5,,,,,,,,,,,,,
678009,Parker Meadows,DET,10 to 15,23,0.023,0.304,,,,,,,,,,,,,
678009,Parker Meadows,DET,15 to 20,27,0.026,0.63,,,,,,,,,,,,,
678009,Parker Meadows,DET,20 to 25,84,0.082,0.321,,,,,,,,,,,,,
678009,Parker Meadows,DET,25 to 30,143,0.14,0.427,,,,,,,,,,,,,
678009,Parker Meadows,DET,30 to 35,143,0.14,0.427,,,,,,,,,,,,,
678009,Parker Meadows,DET,35 to 40,164,0.16,0.488,,,,,,,,,,,,,
678009,Parker Meadows,DET,40 to 45,136,0.133,0.456,,,,,,,,,,,,,
678009,Parker Meadows,DET,45 to 50,133,0.13,0.436,,,,,,,,,,,,,
678009,Parker Meadows,DET,50 to 55,91,0.089,0.473,,,,,,,,,,,,,
678009,Parker Meadows,DET,55 to 60,53,0.052,0.509,,,,,,,,,,,,,
672275,Patrick Bailey,CLE,10 to 15,45,0.015,0.578,,,,,,,,,,,,,
672275,Patrick Bailey,CLE,15 to 20,120,0.039,0.425,13.0,2.0,0.0,0.2,0.385,0.3,0.685,0.327,0.385,0.0,0.138,0.273,93.1
672275,Patrick Bailey,CLE,20 to 25,233,0.077,0.489,22.0,4.0,0.0,0.2,0.273,0.2,0.473,0.227,0.308,0.273,0.163,0.286,91.8
672275,Patrick Bailey,CLE,25 to 30,303,0.1,0.485,38.0,9.0,2.0,0.273,0.368,0.485,0.853,0.372,0.365,0.395,0.349,0.667,94.2
672275,Patrick Bailey,CLE,30 to 35,388,0.128,0.534,46.0,13.0,4.0,0.295,0.295,0.591,0.886,0.403,0.34,0.174,0.224,0.447,85.1
672275,Patrick Bailey,CLE,35 to 40,430,0.141,0.472,43.0,7.0,0.0,0.184,0.256,0.211,0.466,0.22,0.235,0.302,0.281,0.269,88.4
672275,Patrick Bailey,CLE,40 to 45,540,0.178,0.507,59.0,11.0,0.0,0.204,0.254,0.315,0.569,0.266,0.323,0.22,0.264,0.5,92.4
672275,Patrick Bailey,CLE,45 to 50,374,0.123,0.479,44.0,6.0,0.0,0.15,0.209,0.15,0.359,0.179,0.21,0.295,0.222,0.393,85.4
672275,Patrick Bailey,CLE,5 to 10,18,0.006,0.389,,,,,,,,,,,,,
672275,Patrick Bailey,CLE,50 to 55,251,0.083,0.434,19.0,3.0,0.0,0.176,0.263,0.176,0.44,0.216,0.294,0.316,0.244,0.455,90.8
672275,Patrick Bailey,CLE,55 to 60,167,0.055,0.473,14.0,4.0,2.0,0.286,0.286,0.714,1.0,0.414,0.419,0.429,0.259,0.222,86.5
672275,Patrick Bailey,CLE,60 to 65,72,0.024,0.528,,,,,,,,,,,,,
672275,Patrick Bailey,CLE,65 to 70,25,0.008,0.4,,,,,,,,,,,,,
621550,Patrick Wisdom,SEA,25 to 30,16,0.084,0.625,,,,,,,,,,,,,
621550,Patrick Wisdom,SEA,30 to 35,23,0.121,0.652,,,,,,,,,,,,,
621550,Patrick Wisdom,SEA,35 to 40,23,0.121,0.391,,,,,,,,,,,,,
621550,Patrick Wisdom,SEA,40 to 45,43,0.226,0.605,10.0,2.0,1.0,0.222,0.3,0.667,0.967,0.395,0.428,0.3,0.308,0.667,94.4
621550,Patrick Wisdom,SEA,45 to 50,39,0.205,0.615,10.0,0.0,0.0,0.0,0.0,0.0,0.0,0.0,0.223,0.5,0.333,0.4,91.4
621550,Patrick Wisdom,SEA,50 to 55,18,0.095,0.5,,,,,,,,,,,,,
502671,Paul Goldschmidt,NYY,10 to 15,68,0.019,0.485,,,,,,,,,,,,,
502671,Paul Goldschmidt,NYY,15 to 20,119,0.033,0.546,11.0,5.0,0.0,0.5,0.545,0.7,1.245,0.536,0.485,0.182,0.179,0.5,85.9
502671,Paul Goldschmidt,NYY,20 to 25,153,0.043,0.503,17.0,4.0,2.0,0.25,0.294,0.625,0.919,0.382,0.396,0.353,0.25,0.4,85.4
502671,Paul Goldschmidt,NYY,25 to 30,271,0.076,0.472,21.0,3.0,1.0,0.143,0.143,0.333,0.476,0.198,0.194,0.143,0.317,0.278,85.9
502671,Paul Goldschmidt,NYY,30 to 35,464,0.13,0.485,39.0,12.0,5.0,0.343,0.41,0.771,1.182,0.49,0.358,0.308,0.216,0.522,87.1
502671,Paul Goldschmidt,NYY,35 to 40,678,0.189,0.463,75.0,15.0,1.0,0.227,0.32,0.333,0.653,0.309,0.331,0.147,0.205,0.302,87.7
502671,Paul Goldschmidt,NYY,40 to 45,688,0.192,0.475,70.0,15.0,2.0,0.224,0.257,0.313,0.571,0.254,0.264,0.271,0.269,0.333,84.1
502671,Paul Goldschmidt,NYY,45 to 50,449,0.125,0.497,56.0,15.0,4.0,0.278,0.304,0.574,0.878,0.386,0.277,0.286,0.226,0.342,88.5
502671,Paul Goldschmidt,NYY,5 to 10,30,0.008,0.533,,,,,,,,,,,,,
502671,Paul Goldschmidt,NYY,50 to 55,322,0.09,0.497,34.0,7.0,3.0,0.233,0.294,0.567,0.861,0.354,0.345,0.176,0.25,0.44,88.9
502671,Paul Goldschmidt,NYY,55 to 60,147,0.041,0.422,,,,,,,,,,,,,
502671,Paul Goldschmidt,NYY,60 to 65,51,0.014,0.431,,,,,,,,,,,,,
502671,Paul Goldschmidt,NYY,65 to 70,32,0.009,0.5,,,,,,,,,,,,,
656976,Pavin Smith,AZ,10 to 15,31,0.018,0.387,,,,,,,,,,,,,
656976,Pavin Smith,AZ,15 to 20,68,0.04,0.294,,,,,,,,,,,,,
656976,Pavin Smith,AZ,20 to 25,140,0.083,0.443,,,,,,,,,,,,,
656976,Pavin Smith,AZ,25 to 30,171,0.101,0.439,13.0,1.0,0.0,0.1,0.308,0.1,0.408,0.231,0.27,0.385,0.273,0.4,89.2
656976,Pavin Smith,AZ,30 to 35,252,0.149,0.44,17.0,2.0,0.0,0.133,0.235,0.2,0.435,0.209,0.266,0.235,0.2,0.364,85.7
656976,Pavin Smith,AZ,35 to 40,271,0.16,0.376,16.0,4.0,2.0,0.267,0.312,0.667,0.979,0.406,0.368,0.25,0.258,0.455,93.7
656976,Pavin Smith,AZ,40 to 45,286,0.169,0.416,19.0,2.0,1.0,0.125,0.263,0.312,0.576,0.263,0.26,0.053,0.038,0.267,85.7
656976,Pavin Smith,AZ,45 to 50,174,0.103,0.46,,,,,,,,,,,,,
656976,Pavin Smith,AZ,50 to 55,132,0.078,0.424,,,,,,,,,,,,,
656976,Pavin Smith,AZ,55 to 60,98,0.058,0.378,,,,,,,,,,,,,
656976,Pavin Smith,AZ,60 to 65,28,0.017,0.429,,,,,,,,,,,,,
686780,Pedro Pagés,STL,0 to 5,21,0.009,0.476,,,,,,,,,,,,,
686780,Pedro Pagés,STL,10 to 15,37,0.016,0.459,,,,,,,,,,,,,
686780,Pedro Pagés,STL,15 to 20,67,0.029,0.537,,,,,,,,,,,,,
686780,Pedro Pagés,STL,20 to 25,175,0.074,0.509,14.0,3.0,0.0,0.231,0.286,0.231,0.516,0.243,0.243,0.286,0.345,0.111,76.6
686780,Pedro Pagés,STL,25 to 30,251,0.107,0.462,25.0,6.0,1.0,0.273,0.32,0.409,0.729,0.316,0.345,0.36,0.282,0.5,89.3
686780,Pedro Pagés,STL,30 to 35,393,0.167,0.522,40.0,7.0,0.0,0.194,0.231,0.222,0.453,0.212,0.176,0.4,0.31,0.409,87.0
686780,Pedro Pagés,STL,35 to 40,416,0.177,0.512,50.0,9.0,2.0,0.2,0.265,0.356,0.621,0.279,0.29,0.24,0.284,0.324,83.7
686780,Pedro Pagés,STL,40 to 45,332,0.141,0.509,21.0,4.0,0.0,0.211,0.25,0.211,0.461,0.25,0.256,0.143,0.231,0.312,80.5
686780,Pedro Pagés,STL,45 to 50,258,0.11,0.519,19.0,3.0,0.0,0.2,0.333,0.333,0.667,0.317,0.341,0.105,0.175,0.357,86.7
686780,Pedro Pagés,STL,5 to 10,18,0.008,0.611,,,,,,,,,,,,,
686780,Pedro Pagés,STL,50 to 55,183,0.078,0.481,15.0,2.0,0.0,0.133,0.133,0.267,0.4,0.167,0.279,0.133,0.083,0.538,91.3
686780,Pedro Pagés,STL,55 to 60,89,0.038,0.517,,,,,,,,,,,,,
686780,Pedro Pagés,STL,60 to 65,41,0.017,0.537,,,,,,,,,,,,,
686780,Pedro Pagés,STL,65 to 70,26,0.011,0.462,,,,,,,,,,,,,
699393,Pedro Ramírez,CHC,10 to 15,24,0.025,0.542,,,,,,,,,,,,,
699393,Pedro Ramírez,CHC,15 to 20,40,0.042,0.575,11.0,4.0,0.0,0.364,0.364,0.455,0.818,0.359,0.346,0.182,0.174,0.333,87.6
699393,Pedro Ramírez,CHC,20 to 25,60,0.063,0.417,14.0,2.0,0.0,0.182,0.231,0.182,0.413,0.208,0.251,0.143,0.2,0.273,85.6
699393,Pedro Ramírez,CHC,25 to 30,153,0.162,0.497,45.0,12.0,5.0,0.3,0.356,0.775,1.131,0.456,0.352,0.133,0.276,0.457,90.7
699393,Pedro Ramírez,CHC,30 to 35,148,0.156,0.514,39.0,12.0,1.0,0.308,0.308,0.487,0.795,0.341,0.258,0.282,0.145,0.5,92.5
699393,Pedro Ramírez,CHC,35 to 40,125,0.132,0.472,30.0,7.0,0.0,0.292,0.433,0.375,0.808,0.373,0.359,0.1,0.153,0.286,89.3
699393,Pedro Ramírez,CHC,40 to 45,127,0.134,0.504,37.0,6.0,0.0,0.171,0.216,0.229,0.445,0.251,0.254,0.189,0.156,0.286,86.6
699393,Pedro Ramírez,CHC,45 to 50,73,0.077,0.466,19.0,3.0,0.0,0.167,0.211,0.278,0.488,0.216,0.156,0.368,0.265,0.273,86.1
699393,Pedro Ramírez,CHC,5 to 10,18,0.019,0.667,,,,,,,,,,,,,
699393,Pedro Ramírez,CHC,50 to 55,59,0.062,0.508,19.0,5.0,0.0,0.312,0.421,0.312,0.734,0.347,0.395,0.053,0.1,0.467,86.1
699393,Pedro Ramírez,CHC,55 to 60,35,0.037,0.543,,,,,,,,,,,,,
624413,Pete Alonso,BAL,10 to 15,116,0.02,0.448,15.0,0.0,0.0,0.0,0.2,0.0,0.2,0.14,0.336,0.2,0.219,0.778,98.8
624413,Pete Alonso,BAL,15 to 20,202,0.036,0.391,20.0,7.0,1.0,0.438,0.55,0.688,1.238,0.572,0.521,0.05,0.037,0.467,90.8
624413,Pete Alonso,BAL,20 to 25,342,0.06,0.447,45.0,5.0,1.0,0.128,0.244,0.205,0.45,0.218,0.291,0.4,0.293,0.476,89.5
624413,Pete Alonso,BAL,25 to 30,583,0.103,0.473,78.0,18.0,6.0,0.273,0.359,0.576,0.935,0.391,0.433,0.244,0.278,0.469,90.7
624413,Pete Alonso,BAL,30 to 35,770,0.136,0.439,86.0,20.0,7.0,0.256,0.326,0.564,0.89,0.376,0.342,0.291,0.277,0.528,93.6
624413,Pete Alonso,BAL,35 to 40,1006,0.177,0.467,128.0,36.0,9.0,0.327,0.422,0.618,1.04,0.443,0.453,0.188,0.226,0.57,94.9
624413,Pete Alonso,BAL,40 to 45,913,0.161,0.448,101.0,29.0,4.0,0.319,0.366,0.538,0.905,0.389,0.421,0.208,0.245,0.479,92.9
624413,Pete Alonso,BAL,45 to 50,678,0.119,0.493,83.0,14.0,6.0,0.197,0.313,0.493,0.806,0.356,0.409,0.277,0.242,0.708,97.4
624413,Pete Alonso,BAL,5 to 10,53,0.009,0.528,10.0,3.0,1.0,0.375,0.4,0.75,1.15,0.45,0.316,0.2,0.25,0.571,95.1
624413,Pete Alonso,BAL,50 to 55,426,0.075,0.423,49.0,12.0,1.0,0.293,0.408,0.415,0.823,0.371,0.393,0.306,0.293,0.654,95.7
624413,Pete Alonso,BAL,55 to 60,250,0.044,0.48,27.0,6.0,2.0,0.25,0.333,0.5,0.833,0.359,0.369,0.222,0.214,0.611,93.2
624413,Pete Alonso,BAL,60 to 65,95,0.017,0.442,,,,,,,,,,,,,
624413,Pete Alonso,BAL,65 to 70,43,0.008,0.326,,,,,,,,,,,,,
691718,Pete Crow-Armstrong,CHC,0 to 5,16,0.003,0.812,,,,,,,,,,,,,
691718,Pete Crow-Armstrong,CHC,10 to 15,132,0.026,0.455,11.0,2.0,1.0,0.182,0.182,0.455,0.636,0.264,0.154,0.455,0.2,0.5,96.1
691718,Pete Crow-Armstrong,CHC,15 to 20,226,0.044,0.54,30.0,9.0,1.0,0.36,0.467,0.56,1.027,0.447,0.424,0.167,0.145,0.6,90.5
691718,Pete Crow-Armstrong,CHC,20 to 25,367,0.072,0.523,51.0,10.0,2.0,0.238,0.373,0.452,0.825,0.364,0.393,0.196,0.183,0.406,85.7
691718,Pete Crow-Armstrong,CHC,25 to 30,541,0.105,0.553,87.0,19.0,4.0,0.25,0.345,0.487,0.832,0.36,0.311,0.207,0.292,0.373,87.3
691718,Pete Crow-Armstrong,CHC,30 to 35,710,0.138,0.556,93.0,23.0,11.0,0.261,0.301,0.705,1.006,0.413,0.363,0.258,0.248,0.562,91.0
691718,Pete Crow-Armstrong,CHC,35 to 40,909,0.177,0.543,127.0,35.0,10.0,0.321,0.405,0.679,1.084,0.453,0.433,0.205,0.239,0.529,91.4
691718,Pete Crow-Armstrong,CHC,40 to 45,742,0.145,0.52,93.0,20.0,3.0,0.27,0.398,0.486,0.884,0.391,0.365,0.323,0.272,0.5,89.2
691718,Pete Crow-Armstrong,CHC,45 to 50,608,0.119,0.528,86.0,25.0,3.0,0.347,0.453,0.556,1.009,0.449,0.428,0.221,0.211,0.472,90.2
691718,Pete Crow-Armstrong,CHC,5 to 10,79,0.015,0.544,19.0,4.0,1.0,0.235,0.316,0.412,0.728,0.321,0.229,0.316,0.3,0.182,78.7
691718,Pete Crow-Armstrong,CHC,50 to 55,388,0.076,0.593,51.0,13.0,5.0,0.265,0.294,0.633,0.927,0.385,0.313,0.431,0.33,0.37,88.4
691718,Pete Crow-Armstrong,CHC,55 to 60,198,0.039,0.52,18.0,6.0,3.0,0.375,0.444,1.125,1.569,0.619,0.602,0.278,0.22,0.818,98.8
691718,Pete Crow-Armstrong,CHC,60 to 65,73,0.014,0.644,14.0,3.0,0.0,0.231,0.286,0.385,0.67,0.293,0.242,0.5,0.316,1.0,102.0
691718,Pete Crow-Armstrong,CHC,65 to 70,25,0.005,0.24,,,,,,,,,,,,,
690984,Petey Halpin,CLE,15 to 20,20,0.03,0.6,,,,,,,,,,,,,
690984,Petey Halpin,CLE,20 to 25,63,0.093,0.619,17.0,6.0,3.0,0.353,0.353,0.941,1.294,0.532,0.401,0.118,0.158,0.267,78.6
690984,Petey Halpin,CLE,25 to 30,94,0.139,0.596,24.0,6.0,0.0,0.286,0.304,0.381,0.685,0.304,0.372,0.167,0.22,0.421,84.8
690984,Petey Halpin,CLE,30 to 35,93,0.138,0.591,24.0,5.0,0.0,0.217,0.25,0.261,0.511,0.231,0.199,0.25,0.235,0.176,78.4
690984,Petey Halpin,CLE,35 to 40,79,0.117,0.532,22.0,0.0,0.0,0.0,0.095,0.0,0.095,0.076,0.192,0.227,0.275,0.133,76.9
690984,Petey Halpin,CLE,40 to 45,96,0.142,0.521,30.0,9.0,0.0,0.333,0.357,0.333,0.69,0.329,0.404,0.0,0.125,0.276,81.3
690984,Petey Halpin,CLE,45 to 50,63,0.093,0.635,18.0,5.0,1.0,0.312,0.353,0.562,0.915,0.444,0.341,0.111,0.125,0.333,84.7
690984,Petey Halpin,CLE,50 to 55,47,0.07,0.723,11.0,0.0,0.0,0.0,0.0,0.0,0.0,0.0,0.052,0.455,0.382,0.167,76.9
690984,Petey Halpin,CLE,55 to 60,33,0.049,0.515,,,,,,,,,,,,,
646240,Rafael Devers,SF,0 to 5,16,0.003,0.5,,,,,,,,,,,,,
646240,Rafael Devers,SF,10 to 15,89,0.016,0.506,16.0,5.0,0.0,0.312,0.312,0.312,0.625,0.281,0.24,0.062,0.129,0.133,85.0
646240,Rafael Devers,SF,15 to 20,152,0.027,0.408,18.0,7.0,5.0,0.438,0.5,1.5,2.0,0.772,0.654,0.167,0.2,0.615,95.8
646240,Rafael Devers,SF,20 to 25,358,0.063,0.464,34.0,6.0,1.0,0.207,0.294,0.414,0.708,0.304,0.362,0.353,0.318,0.556,92.3
646240,Rafael Devers,SF,25 to 30,542,0.095,0.476,60.0,16.0,4.0,0.281,0.317,0.596,0.913,0.383,0.347,0.217,0.231,0.5,92.6
646240,Rafael Devers,SF,30 to 35,778,0.136,0.485,85.0,20.0,1.0,0.26,0.318,0.416,0.733,0.319,0.262,0.318,0.295,0.529,90.5
646240,Rafael Devers,SF,35 to 40,967,0.169,0.453,106.0,24.0,3.0,0.264,0.368,0.44,0.807,0.357,0.342,0.255,0.293,0.484,93.7
646240,Rafael Devers,SF,40 to 45,1054,0.184,0.484,107.0,27.0,9.0,0.284,0.355,0.642,0.997,0.414,0.339,0.206,0.244,0.581,94.1
646240,Rafael Devers,SF,45 to 50,751,0.131,0.473,87.0,16.0,6.0,0.205,0.287,0.462,0.749,0.322,0.366,0.276,0.31,0.582,94.1
646240,Rafael Devers,SF,5 to 10,51,0.009,0.451,,,,,,,,,,,,,
646240,Rafael Devers,SF,50 to 55,441,0.077,0.44,56.0,13.0,6.0,0.277,0.375,0.66,1.035,0.427,0.382,0.25,0.286,0.5,93.5
646240,Rafael Devers,SF,55 to 60,225,0.039,0.524,22.0,5.0,1.0,0.238,0.273,0.429,0.701,0.302,0.252,0.318,0.2,0.429,92.2
646240,Rafael Devers,SF,60 to 65,76,0.013,0.513,,,,,,,,,,,,,
646240,Rafael Devers,SF,65 to 70,16,0.003,0.562,,,,,,,,,,,,,
646240,Rafael Devers,SF,70 to 75,15,0.003,0.4,,,,,,,,,,,,,
804668,Rafael Flores,PIT,15 to 20,38,0.055,0.395,,,,,,,,,,,,,
804668,Rafael Flores,PIT,20 to 25,42,0.06,0.5,,,,,,,,,,,,,
804668,Rafael Flores,PIT,25 to 30,72,0.104,0.389,14.0,6.0,0.0,0.5,0.571,0.5,1.071,0.486,0.31,0.286,0.364,0.125,86.3
804668,Rafael Flores,PIT,30 to 35,79,0.114,0.506,19.0,5.0,2.0,0.278,0.316,0.611,0.927,0.389,0.424,0.158,0.216,0.467,93.7
804668,Rafael Flores,PIT,35 to 40,85,0.122,0.482,22.0,7.0,4.0,0.333,0.364,0.952,1.316,0.534,0.457,0.273,0.278,0.467,87.9
804668,Rafael Flores,PIT,40 to 45,99,0.142,0.444,27.0,5.0,0.0,0.2,0.259,0.24,0.499,0.291,0.255,0.296,0.333,0.471,90.7
804668,Rafael Flores,PIT,45 to 50,99,0.142,0.465,21.0,2.0,1.0,0.1,0.143,0.25,0.393,0.171,0.253,0.286,0.341,0.571,93.0
804668,Rafael Flores,PIT,50 to 55,77,0.111,0.532,18.0,7.0,1.0,0.438,0.5,0.75,1.25,0.528,0.468,0.222,0.154,0.5,88.6
804668,Rafael Flores,PIT,55 to 60,34,0.049,0.294,,,,,,,,,,,,,
665561,Rafael Marchán,PHI,10 to 15,20,0.024,0.55,,,,,,,,,,,,,
665561,Rafael Marchán,PHI,15 to 20,27,0.033,0.407,,,,,,,,,,,,,
665561,Rafael Marchán,PHI,20 to 25,59,0.071,0.542,,,,,,,,,,,,,
665561,Rafael Marchán,PHI,25 to 30,75,0.09,0.52,11.0,3.0,0.0,0.273,0.273,0.273,0.545,0.245,0.342,0.091,0.192,0.2,80.8
665561,Rafael Marchán,PHI,30 to 35,119,0.144,0.361,,,,,,,,,,,,,
665561,Rafael Marchán,PHI,35 to 40,138,0.166,0.514,14.0,1.0,0.0,0.071,0.071,0.071,0.143,0.064,0.065,0.214,0.179,0.0,80.3
665561,Rafael Marchán,PHI,40 to 45,141,0.17,0.404,19.0,1.0,1.0,0.059,0.158,0.235,0.393,0.179,0.222,0.158,0.088,0.429,90.5
665561,Rafael Marchán,PHI,45 to 50,112,0.135,0.562,18.0,2.0,0.0,0.111,0.111,0.111,0.222,0.1,0.17,0.167,0.083,0.133,83.3
665561,Rafael Marchán,PHI,50 to 55,67,0.081,0.493,,,,,,,,,,,,,
665561,Rafael Marchán,PHI,55 to 60,30,0.036,0.4,,,,,,,,,,,,,
665561,Rafael Marchán,PHI,60 to 65,18,0.022,0.444,,,,,,,,,,,,,
657656,Ramón Laureano,SD,-10 to -5,17,0.006,0.588,,,,,,,,,,,,,
657656,Ramón Laureano,SD,-5 to 0,17,0.006,0.529,,,,,,,,,,,,,
657656,Ramón Laureano,SD,10 to 15,59,0.021,0.475,,,,,,,,,,,,,
657656,Ramón Laureano,SD,15 to 20,110,0.039,0.473,15.0,1.0,0.0,0.083,0.2,0.083,0.283,0.153,0.261,0.2,0.259,0.3,84.7
657656,Ramón Laureano,SD,20 to 25,167,0.059,0.479,13.0,2.0,0.0,0.167,0.231,0.333,0.564,0.246,0.349,0.308,0.4,0.5,81.3
657656,Ramón Laureano,SD,25 to 30,271,0.095,0.483,20.0,4.0,0.0,0.235,0.35,0.235,0.585,0.285,0.344,0.3,0.279,0.273,84.9
657656,Ramón Laureano,SD,30 to 35,409,0.143,0.479,26.0,4.0,0.0,0.16,0.192,0.2,0.392,0.179,0.181,0.423,0.35,0.5,88.2
657656,Ramón Laureano,SD,35 to 40,412,0.145,0.459,32.0,9.0,3.0,0.29,0.312,0.645,0.958,0.4,0.43,0.312,0.284,0.714,94.5
657656,Ramón Laureano,SD,40 to 45,491,0.172,0.462,33.0,5.0,0.0,0.179,0.303,0.286,0.589,0.274,0.265,0.333,0.329,0.294,84.3
657656,Ramón Laureano,SD,45 to 50,356,0.125,0.497,21.0,4.0,3.0,0.211,0.286,0.737,1.023,0.412,0.303,0.238,0.174,0.286,86.9
657656,Ramón Laureano,SD,5 to 10,35,0.012,0.543,,,,,,,,,,,,,
657656,Ramón Laureano,SD,50 to 55,256,0.09,0.5,13.0,3.0,1.0,0.25,0.308,0.5,0.808,0.346,0.382,0.308,0.36,0.375,94.7
657656,Ramón Laureano,SD,55 to 60,136,0.048,0.537,,,,,,,,,,,,,
657656,Ramón Laureano,SD,60 to 65,39,0.014,0.564,,,,,,,,,,,,,
602104,Ramón Urías,STL,10 to 15,32,0.017,0.438,,,,,,,,,,,,,
602104,Ramón Urías,STL,15 to 20,71,0.038,0.338,,,,,,,,,,,,,
602104,Ramón Urías,STL,20 to 25,109,0.058,0.468,,,,,,,,,,,,,
602104,Ramón Urías,STL,25 to 30,190,0.101,0.5,,,,,,,,,,,,,
602104,Ramón Urías,STL,30 to 35,265,0.141,0.46,20.0,3.0,1.0,0.158,0.2,0.368,0.568,0.243,0.366,0.05,0.281,0.444,90.2
602104,Ramón Urías,STL,35 to 40,314,0.168,0.43,13.0,1.0,0.0,0.1,0.308,0.2,0.508,0.258,0.327,0.077,0.182,0.556,92.2
602104,Ramón Urías,STL,40 to 45,331,0.177,0.559,21.0,6.0,1.0,0.333,0.429,0.556,0.984,0.426,0.357,0.286,0.188,0.417,90.8
602104,Ramón Urías,STL,45 to 50,249,0.133,0.566,,,,,,,,,,,,,
602104,Ramón Urías,STL,50 to 55,164,0.088,0.476,,,,,,,,,,,,,
602104,Ramón Urías,STL,55 to 60,75,0.04,0.48,,,,,,,,,,,,,
602104,Ramón Urías,STL,60 to 65,17,0.009,0.412,,,,,,,,,,,,,
545341,Randal Grichuk,CWS,10 to 15,55,0.027,0.473,,,,,,,,,,,,,
545341,Randal Grichuk,CWS,15 to 20,57,0.028,0.544,,,,,,,,,,,,,
545341,Randal Grichuk,CWS,20 to 25,71,0.035,0.437,10.0,0.0,0.0,0.0,0.0,0.0,0.0,0.0,0.098,0.3,0.333,0.286,90.5
545341,Randal Grichuk,CWS,25 to 30,181,0.088,0.547,24.0,6.0,1.0,0.261,0.292,0.565,0.857,0.358,0.425,0.208,0.163,0.5,94.5
545341,Randal Grichuk,CWS,30 to 35,261,0.127,0.494,35.0,12.0,5.0,0.387,0.4,0.935,1.335,0.526,0.342,0.086,0.215,0.516,88.3
545341,Randal Grichuk,CWS,35 to 40,336,0.163,0.485,37.0,15.0,4.0,0.417,0.432,0.917,1.349,0.559,0.458,0.162,0.182,0.567,92.9
545341,Randal Grichuk,CWS,40 to 45,369,0.179,0.526,56.0,15.0,3.0,0.273,0.286,0.527,0.813,0.36,0.346,0.179,0.15,0.578,94.3
545341,Randal Grichuk,CWS,45 to 50,304,0.148,0.523,45.0,10.0,0.0,0.238,0.267,0.286,0.552,0.247,0.324,0.311,0.225,0.483,90.4
545341,Randal Grichuk,CWS,5 to 10,31,0.015,0.516,,,,,,,,,,,,,
545341,Randal Grichuk,CWS,50 to 55,185,0.09,0.481,19.0,6.0,0.0,0.353,0.421,0.647,1.068,0.45,0.3,0.316,0.278,0.545,95.7
545341,Randal Grichuk,CWS,55 to 60,74,0.036,0.541,,,,,,,,,,,,,
545341,Randal Grichuk,CWS,60 to 65,55,0.027,0.509,,,,,,,,,,,,,
545341,Randal Grichuk,CWS,65 to 70,21,0.01,0.571,,,,,,,,,,,,,
668227,Randy Arozarena,SEA,-5 to 0,19,0.003,0.684,,,,,,,,,,,,,
668227,Randy Arozarena,SEA,0 to 5,18,0.003,0.389,,,,,,,,,,,,,
668227,Randy Arozarena,SEA,10 to 15,94,0.017,0.372,10.0,1.0,0.0,0.125,0.3,0.125,0.425,0.23,0.188,0.5,0.526,0.333,87.5
668227,Randy Arozarena,SEA,15 to 20,150,0.027,0.427,21.0,2.0,0.0,0.105,0.19,0.105,0.296,0.152,0.22,0.095,0.167,0.176,85.7
668227,Randy Arozarena,SEA,20 to 25,388,0.07,0.459,46.0,10.0,1.0,0.278,0.435,0.528,0.963,0.427,0.362,0.261,0.294,0.333,91.3
668227,Randy Arozarena,SEA,25 to 30,530,0.095,0.428,57.0,12.0,3.0,0.255,0.368,0.511,0.879,0.404,0.345,0.281,0.224,0.438,93.3
668227,Randy Arozarena,SEA,30 to 35,740,0.133,0.441,78.0,23.0,5.0,0.315,0.359,0.575,0.934,0.399,0.332,0.218,0.244,0.446,91.2
668227,Randy Arozarena,SEA,35 to 40,946,0.17,0.451,114.0,25.0,4.0,0.266,0.395,0.426,0.82,0.384,0.352,0.175,0.221,0.446,90.7
668227,Randy Arozarena,SEA,40 to 45,889,0.16,0.478,122.0,39.0,9.0,0.379,0.459,0.689,1.148,0.481,0.415,0.139,0.231,0.477,91.0
668227,Randy Arozarena,SEA,45 to 50,732,0.132,0.429,75.0,15.0,0.0,0.238,0.36,0.349,0.709,0.325,0.31,0.28,0.273,0.429,90.6
668227,Randy Arozarena,SEA,5 to 10,19,0.003,0.421,,,,,,,,,,,,,
668227,Randy Arozarena,SEA,50 to 55,527,0.095,0.429,68.0,17.0,2.0,0.293,0.382,0.466,0.848,0.384,0.376,0.206,0.18,0.422,91.3
668227,Randy Arozarena,SEA,55 to 60,270,0.049,0.47,26.0,4.0,1.0,0.174,0.269,0.304,0.574,0.331,0.42,0.231,0.245,0.471,92.2
668227,Randy Arozarena,SEA,60 to 65,82,0.015,0.463,,,,,,,,,,,,,
668227,Randy Arozarena,SEA,65 to 70,30,0.005,0.433,,,,,,,,,,,,,
669384,Raynel Delgado,HOU,35 to 40,24,0.182,0.375,,,,,,,,,,,,,
669384,Raynel Delgado,HOU,40 to 45,35,0.265,0.571,14.0,4.0,0.0,0.308,0.357,0.308,0.665,0.307,0.335,0.0,0.1,0.333,83.6
677956,Rece Hinds,BAL,10 to 15,24,0.055,0.5,,,,,,,,,,,,,
677956,Rece Hinds,BAL,20 to 25,22,0.05,0.455,,,,,,,,,,,,,
677956,Rece Hinds,BAL,25 to 30,62,0.141,0.5,11.0,1.0,0.0,0.1,0.182,0.2,0.382,0.177,0.194,0.455,0.44,0.6,89.3
677956,Rece Hinds,BAL,30 to 35,62,0.141,0.565,,,,,,,,,,,,,
677956,Rece Hinds,BAL,35 to 40,89,0.202,0.584,,,,,,,,,,,,,
677956,Rece Hinds,BAL,40 to 45,78,0.177,0.577,13.0,2.0,0.0,0.167,0.154,0.25,0.404,0.165,0.114,0.462,0.469,0.429,84.3
677956,Rece Hinds,BAL,45 to 50,41,0.093,0.317,,,,,,,,,,,,,
677956,Rece Hinds,BAL,50 to 55,20,0.045,0.65,,,,,,,,,,,,,
624512,Reese Mcguire,CWS,15 to 20,20,0.033,0.6,,,,,,,,,,,,,
624512,Reese Mcguire,CWS,20 to 25,37,0.06,0.432,,,,,,,,,,,,,
624512,Reese Mcguire,CWS,25 to 30,83,0.135,0.663,,,,,,,,,,,,,
624512,Reese Mcguire,CWS,30 to 35,104,0.169,0.49,,,,,,,,,,,,,
624512,Reese Mcguire,CWS,35 to 40,87,0.141,0.621,,,,,,,,,,,,,
624512,Reese Mcguire,CWS,40 to 45,104,0.169,0.5,,,,,,,,,,,,,
624512,Reese Mcguire,CWS,45 to 50,66,0.107,0.47,,,,,,,,,,,,,
624512,Reese Mcguire,CWS,50 to 55,64,0.104,0.531,,,,,,,,,,,,,
624512,Reese Mcguire,CWS,55 to 60,27,0.044,0.407,,,,,,,,,,,,,
656555,Rhys Hoskins,CLE,10 to 15,67,0.024,0.478,,,,,,,,,,,,,
656555,Rhys Hoskins,CLE,15 to 20,82,0.03,0.354,13.0,2.0,1.0,0.182,0.308,0.455,0.762,0.331,0.3,0.385,0.214,0.5,91.6
656555,Rhys Hoskins,CLE,20 to 25,145,0.052,0.414,15.0,3.0,1.0,0.231,0.333,0.538,0.872,0.37,0.309,0.4,0.333,0.429,89.6
656555,Rhys Hoskins,CLE,25 to 30,216,0.078,0.366,25.0,6.0,3.0,0.3,0.44,0.8,1.24,0.502,0.45,0.24,0.282,0.5,95.5
656555,Rhys Hoskins,CLE,30 to 35,382,0.138,0.411,47.0,6.0,1.0,0.158,0.319,0.289,0.609,0.293,0.259,0.319,0.3,0.409,84.2
656555,Rhys Hoskins,CLE,35 to 40,460,0.166,0.391,50.0,7.0,3.0,0.163,0.28,0.419,0.699,0.31,0.275,0.36,0.447,0.25,86.9
656555,Rhys Hoskins,CLE,40 to 45,525,0.189,0.446,67.0,8.0,1.0,0.14,0.239,0.211,0.449,0.213,0.265,0.284,0.269,0.475,88.8
656555,Rhys Hoskins,CLE,45 to 50,419,0.151,0.406,42.0,6.0,1.0,0.207,0.452,0.414,0.866,0.418,0.426,0.262,0.27,0.5,94.3
656555,Rhys Hoskins,CLE,5 to 10,32,0.012,0.375,,,,,,,,,,,,,
656555,Rhys Hoskins,CLE,50 to 55,227,0.082,0.405,20.0,3.0,0.0,0.15,0.15,0.25,0.4,0.17,0.074,0.45,0.262,0.182,82.9
656555,Rhys Hoskins,CLE,55 to 60,120,0.043,0.442,17.0,3.0,0.0,0.2,0.294,0.267,0.561,0.262,0.261,0.176,0.1,0.333,90.5
656555,Rhys Hoskins,CLE,60 to 65,34,0.012,0.5,,,,,,,,,,,,,
656555,Rhys Hoskins,CLE,65 to 70,19,0.007,0.474,,,,,,,,,,,,,
680700,Richie Palacios,TB,10 to 15,38,0.023,0.553,12.0,5.0,2.0,0.417,0.417,0.917,1.333,0.558,0.259,0.167,0.0,0.4,89.0
680700,Richie Palacios,TB,15 to 20,41,0.024,0.488,,,,,,,,,,,,,
680700,Richie Palacios,TB,20 to 25,73,0.043,0.493,16.0,4.0,0.0,0.25,0.25,0.25,0.5,0.281,0.247,0.188,0.1,0.154,77.0
680700,Richie Palacios,TB,25 to 30,188,0.111,0.452,36.0,10.0,1.0,0.333,0.417,0.5,0.917,0.397,0.299,0.083,0.176,0.357,87.2
680700,Richie Palacios,TB,30 to 35,240,0.142,0.425,53.0,7.0,0.0,0.167,0.34,0.214,0.554,0.277,0.357,0.094,0.132,0.263,87.0
680700,Richie Palacios,TB,35 to 40,311,0.184,0.502,83.0,20.0,4.0,0.267,0.337,0.453,0.791,0.346,0.319,0.205,0.21,0.407,86.8
680700,Richie Palacios,TB,40 to 45,249,0.148,0.434,58.0,8.0,2.0,0.151,0.193,0.321,0.514,0.224,0.238,0.172,0.204,0.244,85.8
680700,Richie Palacios,TB,45 to 50,228,0.135,0.482,56.0,13.0,1.0,0.295,0.436,0.523,0.959,0.421,0.372,0.125,0.202,0.184,79.4
680700,Richie Palacios,TB,5 to 10,23,0.014,0.304,,,,,,,,,,,,,
680700,Richie Palacios,TB,50 to 55,154,0.091,0.377,32.0,6.0,0.0,0.261,0.469,0.304,0.773,0.377,0.415,0.219,0.151,0.353,89.6
680700,Richie Palacios,TB,55 to 60,61,0.036,0.393,10.0,1.0,0.0,0.1,0.1,0.1,0.2,0.09,0.211,0.2,0.238,0.25,85.7
807747,Rikuu Nishida,CWS,40 to 45,19,0.196,0.579,,,,,,,,,,,,,
682985,Riley Greene,DET,10 to 15,108,0.021,0.398,11.0,1.0,0.0,0.125,0.364,0.125,0.489,0.3,0.284,0.364,0.556,0.667,96.5
682985,Riley Greene,DET,15 to 20,196,0.038,0.526,25.0,3.0,0.0,0.143,0.28,0.143,0.423,0.22,0.219,0.36,0.32,0.5,88.5
682985,Riley Greene,DET,20 to 25,348,0.068,0.494,46.0,11.0,1.0,0.275,0.326,0.375,0.701,0.308,0.375,0.196,0.193,0.424,91.3
682985,Riley Greene,DET,25 to 30,600,0.117,0.47,68.0,18.0,2.0,0.305,0.382,0.508,0.891,0.397,0.344,0.324,0.315,0.5,90.4
682985,Riley Greene,DET,30 to 35,742,0.144,0.52,85.0,26.0,2.0,0.325,0.365,0.462,0.827,0.374,0.342,0.235,0.255,0.517,90.9
682985,Riley Greene,DET,35 to 40,864,0.168,0.501,96.0,26.0,3.0,0.31,0.385,0.512,0.897,0.388,0.397,0.271,0.333,0.508,91.9
682985,Riley Greene,DET,40 to 45,823,0.16,0.482,88.0,27.0,7.0,0.329,0.375,0.659,1.034,0.435,0.394,0.25,0.249,0.383,87.8
682985,Riley Greene,DET,45 to 50,613,0.119,0.512,58.0,9.0,0.0,0.205,0.397,0.227,0.624,0.315,0.321,0.293,0.263,0.259,81.3
682985,Riley Greene,DET,5 to 10,52,0.01,0.442,,,,,,,,,,,,,
682985,Riley Greene,DET,50 to 55,386,0.075,0.513,43.0,6.0,1.0,0.167,0.279,0.306,0.585,0.265,0.462,0.279,0.317,0.6,95.5
682985,Riley Greene,DET,55 to 60,200,0.039,0.525,21.0,8.0,3.0,0.444,0.524,1.167,1.69,0.71,0.607,0.143,0.091,0.667,97.5
682985,Riley Greene,DET,60 to 65,57,0.011,0.404,,,,,,,,,,,,,
682985,Riley Greene,DET,65 to 70,27,0.005,0.481,,,,,,,,,,,,,
608701,Rob Refsnyder,SEA,10 to 15,26,0.018,0.538,,,,,,,,,,,,,
608701,Rob Refsnyder,SEA,15 to 20,57,0.04,0.439,,,,,,,,,,,,,
608701,Rob Refsnyder,SEA,20 to 25,81,0.057,0.321,,,,,,,,,,,,,
608701,Rob Refsnyder,SEA,25 to 30,125,0.088,0.448,10.0,3.0,1.0,0.429,0.6,0.857,1.457,0.59,0.57,0.1,0.222,0.286,83.6
608701,Rob Refsnyder,SEA,30 to 35,171,0.121,0.456,16.0,1.0,0.0,0.067,0.125,0.067,0.192,0.1,0.132,0.25,0.156,0.364,84.5
608701,Rob Refsnyder,SEA,35 to 40,195,0.138,0.426,20.0,0.0,0.0,0.0,0.053,0.0,0.053,0.047,0.188,0.2,0.225,0.267,78.8
608701,Rob Refsnyder,SEA,40 to 45,234,0.165,0.44,21.0,5.0,2.0,0.278,0.381,0.611,0.992,0.419,0.371,0.238,0.231,0.231,84.4
608701,Rob Refsnyder,SEA,45 to 50,185,0.131,0.389,16.0,0.0,0.0,0.0,0.0,0.0,0.0,0.0,0.15,0.438,0.458,0.444,90.9
608701,Rob Refsnyder,SEA,5 to 10,29,0.02,0.379,,,,,,,,,,,,,
608701,Rob Refsnyder,SEA,50 to 55,156,0.11,0.436,11.0,1.0,0.0,0.111,0.273,0.111,0.384,0.209,0.251,0.273,0.238,0.167,91.3
608701,Rob Refsnyder,SEA,55 to 60,71,0.05,0.394,,,,,,,,,,,,,
608701,Rob Refsnyder,SEA,60 to 65,21,0.015,0.381,,,,,,,,,,,,,
660710,Rodolfo Durán,SD,15 to 20,16,0.045,0.5,,,,,,,,,,,,,
660710,Rodolfo Durán,SD,20 to 25,22,0.062,0.318,,,,,,,,,,,,,
660710,Rodolfo Durán,SD,25 to 30,75,0.212,0.453,21.0,4.0,0.0,0.25,0.4,0.375,0.775,0.365,0.273,0.333,0.294,0.3,83.5
660710,Rodolfo Durán,SD,30 to 35,48,0.136,0.396,,,,,,,,,,,,,
660710,Rodolfo Durán,SD,35 to 40,59,0.167,0.559,17.0,2.0,0.0,0.125,0.176,0.125,0.301,0.147,0.2,0.235,0.273,0.167,82.8
660710,Rodolfo Durán,SD,40 to 45,41,0.116,0.463,12.0,1.0,1.0,0.083,0.083,0.333,0.417,0.167,0.23,0.333,0.316,0.5,91.5
660710,Rodolfo Durán,SD,45 to 50,47,0.133,0.447,13.0,1.0,1.0,0.1,0.308,0.4,0.708,0.315,0.481,0.154,0.238,0.375,91.8
660710,Rodolfo Durán,SD,50 to 55,18,0.051,0.389,,,,,,,,,,,,,
701350,Roman Anthony,BOS,10 to 15,39,0.018,0.359,,,,,,,,,,,,,
701350,Roman Anthony,BOS,15 to 20,95,0.043,0.389,11.0,2.0,0.0,0.25,0.455,0.25,0.705,0.355,0.306,0.364,0.412,0.5,87.7
701350,Roman Anthony,BOS,20 to 25,146,0.067,0.329,12.0,3.0,1.0,0.3,0.417,0.6,1.017,0.433,0.446,0.333,0.286,0.833,102.8
701350,Roman Anthony,BOS,25 to 30,231,0.105,0.381,26.0,5.0,0.0,0.192,0.192,0.308,0.5,0.213,0.298,0.269,0.267,0.368,89.4
701350,Roman Anthony,BOS,30 to 35,281,0.128,0.363,34.0,8.0,0.0,0.242,0.265,0.424,0.689,0.294,0.305,0.294,0.241,0.478,90.0
701350,Roman Anthony,BOS,35 to 40,365,0.166,0.405,48.0,15.0,3.0,0.341,0.396,0.614,1.009,0.449,0.434,0.25,0.217,0.656,96.0
701350,Roman Anthony,BOS,40 to 45,351,0.16,0.387,35.0,5.0,0.0,0.179,0.343,0.214,0.557,0.287,0.306,0.257,0.237,0.444,92.1
701350,Roman Anthony,BOS,45 to 50,266,0.121,0.383,22.0,3.0,1.0,0.15,0.227,0.3,0.527,0.236,0.292,0.318,0.297,0.385,91.0
701350,Roman Anthony,BOS,5 to 10,17,0.008,0.412,,,,,,,,,,,,,
701350,Roman Anthony,BOS,50 to 55,187,0.085,0.374,19.0,5.0,0.0,0.333,0.474,0.333,0.807,0.384,0.347,0.211,0.103,0.364,91.6
701350,Roman Anthony,BOS,55 to 60,105,0.048,0.39,,,,,,,,,,,,,
701350,Roman Anthony,BOS,60 to 65,57,0.026,0.439,,,,,,,,,,,,,
663853,Romy Gonzalez,BOS,10 to 15,27,0.018,0.556,,,,,,,,,,,,,
663853,Romy Gonzalez,BOS,15 to 20,36,0.024,0.528,,,,,,,,,,,,,
663853,Romy Gonzalez,BOS,20 to 25,65,0.042,0.431,,,,,,,,,,,,,
663853,Romy Gonzalez,BOS,25 to 30,150,0.098,0.553,,,,,,,,,,,,,
663853,Romy Gonzalez,BOS,30 to 35,190,0.124,0.579,,,,,,,,,,,,,
663853,Romy Gonzalez,BOS,35 to 40,242,0.158,0.545,18.0,3.0,0.0,0.2,0.294,0.4,0.694,0.315,0.266,0.333,0.353,0.6,85.2
663853,Romy Gonzalez,BOS,40 to 45,247,0.161,0.551,12.0,3.0,0.0,0.25,0.25,0.25,0.5,0.225,0.349,0.25,0.296,0.333,87.7
663853,Romy Gonzalez,BOS,45 to 50,236,0.154,0.53,,,,,,,,,,,,,
663853,Romy Gonzalez,BOS,50 to 55,131,0.086,0.542,,,,,,,,,,,,,
663853,Romy Gonzalez,BOS,55 to 60,91,0.059,0.473,,,,,,,,,,,,,
663853,Romy Gonzalez,BOS,60 to 65,35,0.023,0.486,,,,,,,,,,,,,
660670,Ronald Acuña,ATL,10 to 15,54,0.015,0.389,,,,,,,,,,,,,
660670,Ronald Acuña,ATL,15 to 20,119,0.033,0.546,16.0,4.0,0.0,0.333,0.438,0.417,0.854,0.434,0.275,0.25,0.135,0.222,88.6
660670,Ronald Acuña,ATL,20 to 25,301,0.084,0.478,39.0,13.0,2.0,0.394,0.487,0.667,1.154,0.491,0.472,0.179,0.232,0.538,93.1
660670,Ronald Acuña,ATL,25 to 30,376,0.105,0.471,46.0,8.0,3.0,0.2,0.304,0.45,0.754,0.327,0.395,0.261,0.375,0.429,90.8
660670,Ronald Acuña,ATL,30 to 35,424,0.118,0.495,47.0,10.0,2.0,0.233,0.277,0.442,0.718,0.305,0.351,0.298,0.281,0.567,94.3
660670,Ronald Acuña,ATL,35 to 40,521,0.145,0.507,58.0,14.0,2.0,0.275,0.345,0.471,0.815,0.352,0.32,0.241,0.311,0.316,86.9
660670,Ronald Acuña,ATL,40 to 45,675,0.188,0.479,98.0,21.0,2.0,0.241,0.327,0.379,0.706,0.328,0.363,0.194,0.204,0.448,86.5
660670,Ronald Acuña,ATL,45 to 50,499,0.139,0.435,67.0,17.0,6.0,0.304,0.418,0.643,1.061,0.447,0.425,0.194,0.21,0.372,89.1
660670,Ronald Acuña,ATL,5 to 10,17,0.005,0.412,,,,,,,,,,,,,
660670,Ronald Acuña,ATL,50 to 55,326,0.091,0.445,35.0,8.0,1.0,0.25,0.314,0.375,0.689,0.307,0.259,0.286,0.329,0.545,89.8
660670,Ronald Acuña,ATL,55 to 60,121,0.034,0.554,19.0,3.0,0.0,0.167,0.211,0.167,0.377,0.179,0.289,0.211,0.27,0.571,96.8
660670,Ronald Acuña,ATL,60 to 65,34,0.009,0.441,,,,,,,,,,,,,
677595,Ronny Mauricio,NYM,10 to 15,29,0.033,0.621,,,,,,,,,,,,,
677595,Ronny Mauricio,NYM,15 to 20,45,0.051,0.533,,,,,,,,,,,,,
677595,Ronny Mauricio,NYM,20 to 25,68,0.077,0.676,10.0,2.0,0.0,0.2,0.2,0.3,0.5,0.215,0.24,0.4,0.25,0.5,86.9
677595,Ronny Mauricio,NYM,25 to 30,68,0.077,0.5,,,,,,,,,,,,,
677595,Ronny Mauricio,NYM,30 to 35,93,0.105,0.505,,,,,,,,,,,,,
677595,Ronny Mauricio,NYM,35 to 40,150,0.169,0.513,,,,,,,,,,,,,
677595,Ronny Mauricio,NYM,40 to 45,154,0.173,0.558,13.0,2.0,1.0,0.167,0.231,0.417,0.647,0.277,0.294,0.462,0.435,0.5,96.1
677595,Ronny Mauricio,NYM,45 to 50,102,0.115,0.588,,,,,,,,,,,,,
677595,Ronny Mauricio,NYM,5 to 10,17,0.019,0.588,,,,,,,,,,,,,
677595,Ronny Mauricio,NYM,50 to 55,81,0.091,0.494,,,,,,,,,,,,,
677595,Ronny Mauricio,NYM,55 to 60,34,0.038,0.441,,,,,,,,,,,,,
677595,Ronny Mauricio,NYM,60 to 65,22,0.025,0.591,,,,,,,,,,,,,
682927,Ronny Simon,PIT,10 to 15,20,0.035,0.45,,,,,,,,,,,,,
682927,Ronny Simon,PIT,15 to 20,21,0.037,0.619,,,,,,,,,,,,,
682927,Ronny Simon,PIT,20 to 25,31,0.055,0.419,,,,,,,,,,,,,
682927,Ronny Simon,PIT,25 to 30,70,0.124,0.457,,,,,,,,,,,,,
682927,Ronny Simon,PIT,30 to 35,129,0.229,0.465,11.0,1.0,0.0,0.111,0.273,0.111,0.384,0.209,0.471,0.273,0.231,0.5,95.2
682927,Ronny Simon,PIT,35 to 40,54,0.096,0.444,,,,,,,,,,,,,
682927,Ronny Simon,PIT,40 to 45,68,0.121,0.485,,,,,,,,,,,,,
682927,Ronny Simon,PIT,45 to 50,54,0.096,0.481,,,,,,,,,,,,,
682927,Ronny Simon,PIT,50 to 55,49,0.087,0.49,11.0,2.0,0.0,0.182,0.182,0.182,0.364,0.164,0.241,0.091,0.067,0.2,79.9
682927,Ronny Simon,PIT,55 to 60,19,0.034,0.526,,,,,,,,,,,,,
682927,Ronny Simon,PIT,60 to 65,17,0.03,0.588,,,,,,,,,,,,,
642133,Rowdy Tellez,ATL,10 to 15,25,0.019,0.52,,,,,,,,,,,,,
642133,Rowdy Tellez,ATL,15 to 20,51,0.038,0.392,,,,,,,,,,,,,
642133,Rowdy Tellez,ATL,20 to 25,84,0.063,0.417,,,,,,,,,,,,,
642133,Rowdy Tellez,ATL,25 to 30,172,0.128,0.488,,,,,,,,,,,,,
642133,Rowdy Tellez,ATL,30 to 35,232,0.173,0.427,,,,,,,,,,,,,
642133,Rowdy Tellez,ATL,35 to 40,232,0.173,0.453,,,,,,,,,,,,,
642133,Rowdy Tellez,ATL,40 to 45,191,0.143,0.45,,,,,,,,,,,,,
642133,Rowdy Tellez,ATL,45 to 50,124,0.093,0.452,,,,,,,,,,,,,
642133,Rowdy Tellez,ATL,50 to 55,121,0.09,0.479,,,,,,,,,,,,,
642133,Rowdy Tellez,ATL,55 to 60,60,0.045,0.4,,,,,,,,,,,,,
668904,Royce Lewis,MIN,0 to 5,38,0.011,0.447,,,,,,,,,,,,,
668904,Royce Lewis,MIN,10 to 15,51,0.015,0.471,,,,,,,,,,,,,
668904,Royce Lewis,MIN,15 to 20,110,0.032,0.473,16.0,6.0,1.0,0.4,0.438,0.667,1.104,0.472,0.436,0.312,0.286,0.4,91.8
668904,Royce Lewis,MIN,20 to 25,198,0.057,0.54,29.0,7.0,0.0,0.269,0.345,0.346,0.691,0.314,0.273,0.276,0.304,0.389,89.1
668904,Royce Lewis,MIN,25 to 30,350,0.101,0.523,42.0,7.0,2.0,0.194,0.286,0.417,0.702,0.324,0.323,0.286,0.342,0.375,90.0
668904,Royce Lewis,MIN,30 to 35,501,0.145,0.533,58.0,10.0,2.0,0.179,0.19,0.304,0.493,0.211,0.216,0.31,0.281,0.333,86.8
668904,Royce Lewis,MIN,35 to 40,590,0.17,0.497,93.0,17.0,1.0,0.191,0.215,0.27,0.485,0.214,0.282,0.269,0.328,0.415,90.6
668904,Royce Lewis,MIN,40 to 45,608,0.175,0.459,103.0,21.0,3.0,0.236,0.33,0.416,0.746,0.354,0.355,0.175,0.24,0.347,87.7
668904,Royce Lewis,MIN,45 to 50,411,0.119,0.516,60.0,12.0,2.0,0.222,0.283,0.352,0.635,0.296,0.259,0.317,0.356,0.472,91.6
668904,Royce Lewis,MIN,5 to 10,28,0.008,0.5,,,,,,,,,,,,,
668904,Royce Lewis,MIN,50 to 55,302,0.087,0.513,41.0,8.0,2.0,0.216,0.293,0.432,0.725,0.337,0.32,0.122,0.282,0.375,85.9
668904,Royce Lewis,MIN,55 to 60,117,0.034,0.556,14.0,4.0,0.0,0.308,0.357,0.462,0.819,0.357,0.292,0.214,0.265,0.3,87.7
668904,Royce Lewis,MIN,60 to 65,48,0.014,0.667,,,,,,,,,,,,,
668904,Royce Lewis,MIN,65 to 70,18,0.005,0.5,,,,,,,,,,,,,
669208,Ryan Bliss,SEA,20 to 25,25,0.128,0.48,,,,,,,,,,,,,
669208,Ryan Bliss,SEA,30 to 35,29,0.148,0.517,,,,,,,,,,,,,
669208,Ryan Bliss,SEA,35 to 40,33,0.168,0.485,,,,,,,,,,,,,
669208,Ryan Bliss,SEA,40 to 45,33,0.168,0.303,,,,,,,,,,,,,
669208,Ryan Bliss,SEA,45 to 50,39,0.199,0.436,,,,,,,,,,,,,
669208,Ryan Bliss,SEA,50 to 55,15,0.077,0.467,,,,,,,,,,,,,
680777,Ryan Jeffers,MIN,-5 to 0,18,0.005,0.444,,,,,,,,,,,,,
680777,Ryan Jeffers,MIN,0 to 5,18,0.005,0.333,,,,,,,,,,,,,
680777,Ryan Jeffers,MIN,10 to 15,47,0.014,0.362,,,,,,,,,,,,,
680777,Ryan Jeffers,MIN,15 to 20,98,0.029,0.49,19.0,5.0,0.0,0.312,0.421,0.312,0.734,0.347,0.403,0.053,0.036,0.533,88.3
680777,Ryan Jeffers,MIN,20 to 25,223,0.066,0.341,23.0,4.0,0.0,0.211,0.348,0.263,0.611,0.333,0.28,0.13,0.111,0.375,89.7
680777,Ryan Jeffers,MIN,25 to 30,299,0.088,0.348,24.0,9.0,3.0,0.409,0.458,0.909,1.367,0.6,0.493,0.167,0.139,0.389,93.4
680777,Ryan Jeffers,MIN,30 to 35,475,0.14,0.394,44.0,9.0,3.0,0.225,0.295,0.5,0.795,0.339,0.4,0.136,0.141,0.5,91.3
680777,Ryan Jeffers,MIN,35 to 40,593,0.175,0.408,68.0,13.0,3.0,0.232,0.338,0.482,0.82,0.349,0.317,0.191,0.183,0.4,88.0
680777,Ryan Jeffers,MIN,40 to 45,598,0.176,0.38,81.0,15.0,2.0,0.221,0.346,0.382,0.728,0.35,0.359,0.148,0.121,0.357,85.6
680777,Ryan Jeffers,MIN,45 to 50,370,0.109,0.462,30.0,10.0,1.0,0.37,0.433,0.63,1.063,0.483,0.312,0.133,0.145,0.348,87.3
680777,Ryan Jeffers,MIN,5 to 10,42,0.012,0.262,,,,,,,,,,,,,
680777,Ryan Jeffers,MIN,50 to 55,292,0.086,0.425,22.0,3.0,1.0,0.15,0.227,0.3,0.527,0.236,0.274,0.318,0.231,0.538,96.4
680777,Ryan Jeffers,MIN,55 to 60,155,0.046,0.361,11.0,1.0,0.0,0.125,0.364,0.375,0.739,0.336,0.266,0.545,0.308,0.5,99.0
680777,Ryan Jeffers,MIN,60 to 65,54,0.016,0.389,,,,,,,,,,,,,
680777,Ryan Jeffers,MIN,65 to 70,17,0.005,0.412,,,,,,,,,,,,,
668952,Ryan Kreidler,MIN,10 to 15,27,0.023,0.481,,,,,,,,,,,,,
668952,Ryan Kreidler,MIN,15 to 20,60,0.052,0.45,11.0,0.0,0.0,0.0,0.182,0.0,0.182,0.127,0.219,0.273,0.273,0.333,83.2
668952,Ryan Kreidler,MIN,20 to 25,65,0.056,0.538,20.0,2.0,0.0,0.111,0.2,0.111,0.311,0.16,0.253,0.2,0.29,0.286,82.2
668952,Ryan Kreidler,MIN,25 to 30,101,0.087,0.535,24.0,6.0,0.0,0.273,0.333,0.409,0.742,0.327,0.271,0.25,0.304,0.375,87.9
668952,Ryan Kreidler,MIN,30 to 35,136,0.117,0.529,30.0,6.0,1.0,0.207,0.233,0.345,0.578,0.252,0.302,0.233,0.375,0.364,89.4
668952,Ryan Kreidler,MIN,35 to 40,177,0.152,0.514,45.0,8.0,2.0,0.205,0.295,0.359,0.654,0.314,0.338,0.2,0.222,0.29,83.9
668952,Ryan Kreidler,MIN,40 to 45,208,0.179,0.49,42.0,9.0,2.0,0.231,0.286,0.462,0.747,0.342,0.337,0.286,0.325,0.444,89.0
668952,Ryan Kreidler,MIN,45 to 50,166,0.142,0.518,36.0,10.0,2.0,0.294,0.333,0.618,0.951,0.399,0.334,0.167,0.246,0.357,89.6
668952,Ryan Kreidler,MIN,50 to 55,126,0.108,0.556,26.0,5.0,1.0,0.208,0.269,0.375,0.644,0.352,0.213,0.192,0.271,0.368,88.5
668952,Ryan Kreidler,MIN,55 to 60,40,0.034,0.4,,,,,,,,,,,,,
641857,Ryan Mcmahon,NYY,-5 to 0,15,0.004,0.6,,,,,,,,,,,,,
641857,Ryan Mcmahon,NYY,-65 to -60,18,0.005,0.5,,,,,,,,,,,,,
641857,Ryan Mcmahon,NYY,0 to 5,16,0.004,0.438,,,,,,,,,,,,,
641857,Ryan Mcmahon,NYY,10 to 15,55,0.014,0.564,,,,,,,,,,,,,
641857,Ryan Mcmahon,NYY,15 to 20,93,0.023,0.538,,,,,,,,,,,,,
641857,Ryan Mcmahon,NYY,20 to 25,258,0.065,0.426,17.0,3.0,1.0,0.188,0.235,0.5,0.735,0.306,0.262,0.353,0.25,0.4,88.4
641857,Ryan Mcmahon,NYY,25 to 30,353,0.089,0.442,28.0,7.0,1.0,0.28,0.357,0.44,0.797,0.352,0.317,0.321,0.231,0.5,89.8
641857,Ryan Mcmahon,NYY,30 to 35,523,0.132,0.453,38.0,8.0,1.0,0.229,0.289,0.314,0.604,0.274,0.297,0.237,0.287,0.52,90.0
641857,Ryan Mcmahon,NYY,35 to 40,722,0.182,0.427,75.0,13.0,4.0,0.191,0.267,0.397,0.664,0.293,0.302,0.28,0.331,0.457,90.4
641857,Ryan Mcmahon,NYY,40 to 45,633,0.16,0.485,69.0,10.0,1.0,0.159,0.217,0.254,0.471,0.238,0.267,0.348,0.24,0.45,90.0
641857,Ryan Mcmahon,NYY,45 to 50,515,0.13,0.464,48.0,10.0,1.0,0.227,0.292,0.386,0.678,0.298,0.298,0.292,0.333,0.4,88.0
641857,Ryan Mcmahon,NYY,5 to 10,27,0.007,0.333,,,,,,,,,,,,,
641857,Ryan Mcmahon,NYY,50 to 55,346,0.087,0.46,23.0,6.0,1.0,0.3,0.391,0.45,0.841,0.374,0.343,0.217,0.25,0.267,85.4
641857,Ryan Mcmahon,NYY,55 to 60,200,0.05,0.39,14.0,2.0,0.0,0.143,0.143,0.214,0.357,0.154,0.269,0.214,0.174,0.273,85.0
641857,Ryan Mcmahon,NYY,60 to 65,74,0.019,0.486,,,,,,,,,,,,,
641857,Ryan Mcmahon,NYY,65 to 70,38,0.01,0.289,,,,,,,,,,,,,
663624,Ryan Mountcastle,BAL,10 to 15,20,0.014,0.6,,,,,,,,,,,,,
663624,Ryan Mountcastle,BAL,15 to 20,38,0.027,0.474,,,,,,,,,,,,,
663624,Ryan Mountcastle,BAL,20 to 25,93,0.066,0.548,,,,,,,,,,,,,
663624,Ryan Mountcastle,BAL,25 to 30,133,0.094,0.617,,,,,,,,,,,,,
663624,Ryan Mountcastle,BAL,30 to 35,211,0.15,0.621,,,,,,,,,,,,,
663624,Ryan Mountcastle,BAL,35 to 40,236,0.167,0.568,,,,,,,,,,,,,
663624,Ryan Mountcastle,BAL,40 to 45,238,0.169,0.55,,,,,,,,,,,,,
663624,Ryan Mountcastle,BAL,45 to 50,201,0.143,0.577,,,,,,,,,,,,,
663624,Ryan Mountcastle,BAL,50 to 55,135,0.096,0.563,,,,,,,,,,,,,
663624,Ryan Mountcastle,BAL,55 to 60,65,0.046,0.615,,,,,,,,,,,,,
663624,Ryan Mountcastle,BAL,60 to 65,15,0.011,0.667,,,,,,,,,,,,,
656811,Ryan O'Hearn,PIT,10 to 15,91,0.024,0.473,,,,,,,,,,,,,
656811,Ryan O'Hearn,PIT,15 to 20,134,0.035,0.455,19.0,5.0,0.0,0.312,0.421,0.312,0.734,0.347,0.344,0.211,0.139,0.417,90.5
656811,Ryan O'Hearn,PIT,20 to 25,269,0.07,0.487,35.0,11.0,2.0,0.355,0.429,0.645,1.074,0.456,0.373,0.114,0.194,0.407,91.6
656811,Ryan O'Hearn,PIT,25 to 30,385,0.1,0.468,50.0,13.0,2.0,0.289,0.34,0.489,0.829,0.355,0.326,0.14,0.2,0.385,89.2
656811,Ryan O'Hearn,PIT,30 to 35,539,0.139,0.449,55.0,13.0,3.0,0.26,0.327,0.46,0.787,0.343,0.274,0.291,0.233,0.5,90.5
656811,Ryan O'Hearn,PIT,35 to 40,642,0.166,0.46,65.0,16.0,0.0,0.262,0.292,0.311,0.604,0.27,0.371,0.262,0.278,0.444,90.2
656811,Ryan O'Hearn,PIT,40 to 45,655,0.169,0.498,79.0,25.0,7.0,0.352,0.418,0.662,1.08,0.463,0.371,0.177,0.143,0.482,89.1
656811,Ryan O'Hearn,PIT,45 to 50,456,0.118,0.471,47.0,7.0,2.0,0.159,0.213,0.295,0.508,0.245,0.296,0.17,0.173,0.389,86.4
656811,Ryan O'Hearn,PIT,5 to 10,27,0.007,0.37,,,,,,,,,,,,,
656811,Ryan O'Hearn,PIT,50 to 55,292,0.075,0.466,42.0,8.0,1.0,0.216,0.286,0.324,0.61,0.294,0.257,0.286,0.167,0.308,88.9
656811,Ryan O'Hearn,PIT,55 to 60,152,0.039,0.421,,,,,,,,,,,,,
656811,Ryan O'Hearn,PIT,60 to 65,80,0.021,0.487,,,,,,,,,,,,,
656811,Ryan O'Hearn,PIT,65 to 70,25,0.006,0.64,,,,,,,,,,,,,
690022,Ryan Ritter,COL,15 to 20,32,0.038,0.469,,,,,,,,,,,,,
690022,Ryan Ritter,COL,20 to 25,72,0.085,0.542,,,,,,,,,,,,,
690022,Ryan Ritter,COL,25 to 30,56,0.066,0.625,,,,,,,,,,,,,
690022,Ryan Ritter,COL,30 to 35,120,0.141,0.533,,,,,,,,,,,,,
690022,Ryan Ritter,COL,35 to 40,134,0.158,0.5,,,,,,,,,,,,,
690022,Ryan Ritter,COL,40 to 45,116,0.137,0.483,,,,,,,,,,,,,
690022,Ryan Ritter,COL,45 to 50,108,0.127,0.537,,,,,,,,,,,,,
690022,Ryan Ritter,COL,50 to 55,93,0.11,0.548,,,,,,,,,,,,,
690022,Ryan Ritter,COL,55 to 60,52,0.061,0.577,,,,,,,,,,,,,
690022,Ryan Ritter,COL,65 to 70,15,0.018,0.4,,,,,,,,,,,,,
668723,Ryan Vilade,TB,10 to 15,23,0.021,0.522,,,,,,,,,,,,,
668723,Ryan Vilade,TB,15 to 20,46,0.041,0.413,15.0,6.0,0.0,0.6,0.6,0.9,1.5,0.57,0.529,0.133,0.105,0.4,94.6
668723,Ryan Vilade,TB,20 to 25,54,0.048,0.463,,,,,,,,,,,,,
668723,Ryan Vilade,TB,25 to 30,90,0.081,0.578,23.0,7.0,1.0,0.318,0.304,0.455,0.759,0.322,0.2,0.304,0.22,0.375,87.9
668723,Ryan Vilade,TB,30 to 35,164,0.147,0.591,37.0,7.0,2.0,0.206,0.27,0.412,0.682,0.32,0.352,0.135,0.191,0.414,87.3
668723,Ryan Vilade,TB,35 to 40,184,0.165,0.446,41.0,11.0,2.0,0.297,0.366,0.486,0.852,0.372,0.352,0.244,0.203,0.296,84.4
668723,Ryan Vilade,TB,40 to 45,215,0.192,0.488,54.0,8.0,2.0,0.167,0.259,0.292,0.551,0.269,0.26,0.315,0.223,0.355,88.3
668723,Ryan Vilade,TB,45 to 50,136,0.122,0.426,25.0,2.0,0.0,0.1,0.28,0.1,0.38,0.248,0.355,0.32,0.214,0.462,92.0
668723,Ryan Vilade,TB,50 to 55,98,0.088,0.48,28.0,9.0,2.0,0.391,0.5,0.739,1.239,0.518,0.428,0.179,0.186,0.5,89.1
668723,Ryan Vilade,TB,55 to 60,34,0.03,0.471,,,,,,,,,,,,,
814439,Ryan Waldschmidt,AZ,10 to 15,38,0.034,0.5,11.0,0.0,0.0,0.0,0.091,0.0,0.091,0.064,0.192,0.091,0.158,0.111,82.4
814439,Ryan Waldschmidt,AZ,15 to 20,31,0.028,0.484,,,,,,,,,,,,,
814439,Ryan Waldschmidt,AZ,20 to 25,74,0.067,0.338,13.0,5.0,1.0,0.556,0.692,1.0,1.692,0.673,0.589,0.0,0.24,0.333,85.0
814439,Ryan Waldschmidt,AZ,25 to 30,129,0.117,0.465,36.0,4.0,0.0,0.121,0.167,0.182,0.348,0.183,0.258,0.306,0.333,0.304,88.1
814439,Ryan Waldschmidt,AZ,30 to 35,141,0.128,0.447,41.0,10.0,0.0,0.278,0.325,0.389,0.714,0.335,0.246,0.366,0.333,0.261,81.1
814439,Ryan Waldschmidt,AZ,35 to 40,189,0.171,0.46,56.0,17.0,1.0,0.34,0.411,0.46,0.871,0.403,0.361,0.286,0.23,0.429,88.4
814439,Ryan Waldschmidt,AZ,40 to 45,199,0.18,0.367,40.0,10.0,0.0,0.303,0.41,0.333,0.744,0.353,0.315,0.275,0.274,0.174,80.0
814439,Ryan Waldschmidt,AZ,45 to 50,144,0.13,0.431,38.0,7.0,0.0,0.2,0.263,0.257,0.52,0.258,0.196,0.342,0.339,0.286,89.4
814439,Ryan Waldschmidt,AZ,5 to 10,15,0.014,0.533,,,,,,,,,,,,,
814439,Ryan Waldschmidt,AZ,50 to 55,77,0.07,0.442,16.0,3.0,1.0,0.2,0.2,0.4,0.6,0.267,0.23,0.438,0.294,0.222,78.6
814439,Ryan Waldschmidt,AZ,55 to 60,24,0.022,0.458,,,,,,,,,,,,,
669899,Ryan Ward,LAD,20 to 25,36,0.143,0.611,,,,,,,,,,,,,
669899,Ryan Ward,LAD,25 to 30,19,0.075,0.474,,,,,,,,,,,,,
669899,Ryan Ward,LAD,30 to 35,34,0.135,0.647,,,,,,,,,,,,,
669899,Ryan Ward,LAD,35 to 40,45,0.179,0.489,12.0,3.0,1.0,0.25,0.25,0.583,0.833,0.346,0.26,0.333,0.182,0.25,93.0
669899,Ryan Ward,LAD,40 to 45,34,0.135,0.471,,,,,,,,,,,,,
669899,Ryan Ward,LAD,45 to 50,25,0.099,0.4,,,,,,,,,,,,,
669899,Ryan Ward,LAD,50 to 55,20,0.079,0.65,,,,,,,,,,,,,
669899,Ryan Ward,LAD,55 to 60,19,0.075,0.579,,,,,,,,,,,,,
686217,Sal Frelick,MIL,0 to 5,16,0.004,0.688,,,,,,,,,,,,,
686217,Sal Frelick,MIL,10 to 15,72,0.019,0.458,11.0,4.0,1.0,0.4,0.455,0.8,1.255,0.523,0.5,0.182,0.182,0.375,77.5
686217,Sal Frelick,MIL,15 to 20,123,0.033,0.358,10.0,2.0,0.0,0.222,0.3,0.222,0.522,0.25,0.258,0.1,0.176,0.125,86.7
686217,Sal Frelick,MIL,20 to 25,278,0.074,0.417,39.0,6.0,0.0,0.176,0.282,0.206,0.488,0.26,0.235,0.077,0.073,0.161,81.4
686217,Sal Frelick,MIL,25 to 30,419,0.112,0.453,45.0,6.0,0.0,0.14,0.159,0.186,0.345,0.159,0.267,0.156,0.034,0.421,85.3
686217,Sal Frelick,MIL,30 to 35,499,0.134,0.441,48.0,14.0,3.0,0.311,0.354,0.556,0.91,0.433,0.328,0.062,0.081,0.205,86.6
686217,Sal Frelick,MIL,35 to 40,634,0.17,0.42,60.0,12.0,0.0,0.231,0.3,0.269,0.569,0.288,0.277,0.1,0.046,0.391,87.1
686217,Sal Frelick,MIL,40 to 45,603,0.162,0.425,55.0,12.0,0.0,0.25,0.345,0.312,0.658,0.317,0.295,0.0,0.07,0.234,82.8
686217,Sal Frelick,MIL,45 to 50,435,0.117,0.446,39.0,8.0,0.0,0.235,0.263,0.353,0.616,0.287,0.261,0.128,0.117,0.219,81.5
686217,Sal Frelick,MIL,5 to 10,35,0.009,0.457,,,,,,,,,,,,,
686217,Sal Frelick,MIL,50 to 55,307,0.082,0.469,34.0,5.0,0.0,0.152,0.176,0.182,0.358,0.184,0.214,0.206,0.179,0.36,87.7
686217,Sal Frelick,MIL,55 to 60,149,0.04,0.403,11.0,6.0,0.0,0.545,0.545,0.545,1.091,0.491,0.232,0.182,0.158,0.333,88.9
686217,Sal Frelick,MIL,60 to 65,67,0.018,0.373,,,,,,,,,,,,,
686217,Sal Frelick,MIL,65 to 70,39,0.01,0.308,,,,,,,,,,,,,
701398,Sal Stewart,CIN,0 to 5,17,0.006,0.294,,,,,,,,,,,,,
701398,Sal Stewart,CIN,10 to 15,44,0.015,0.364,12.0,1.0,0.0,0.091,0.083,0.091,0.174,0.075,0.171,0.25,0.062,0.222,83.9
701398,Sal Stewart,CIN,15 to 20,123,0.042,0.431,25.0,9.0,0.0,0.375,0.4,0.417,0.817,0.366,0.201,0.4,0.3,0.357,88.7
701398,Sal Stewart,CIN,20 to 25,226,0.078,0.54,57.0,14.0,2.0,0.259,0.281,0.426,0.707,0.318,0.354,0.14,0.193,0.429,88.8
701398,Sal Stewart,CIN,25 to 30,344,0.118,0.465,77.0,16.0,2.0,0.235,0.312,0.382,0.694,0.318,0.327,0.247,0.231,0.365,89.2
701398,Sal Stewart,CIN,30 to 35,435,0.149,0.543,103.0,27.0,5.0,0.3,0.369,0.511,0.88,0.386,0.387,0.204,0.276,0.577,92.9
701398,Sal Stewart,CIN,35 to 40,408,0.14,0.495,96.0,25.0,3.0,0.287,0.344,0.437,0.781,0.351,0.319,0.25,0.24,0.313,87.3
701398,Sal Stewart,CIN,40 to 45,457,0.157,0.503,106.0,19.0,5.0,0.198,0.255,0.375,0.63,0.284,0.339,0.189,0.245,0.354,90.3
701398,Sal Stewart,CIN,45 to 50,346,0.119,0.512,80.0,25.0,9.0,0.352,0.412,0.789,1.201,0.493,0.413,0.238,0.253,0.463,92.0
701398,Sal Stewart,CIN,5 to 10,21,0.007,0.476,,,,,,,,,,,,,
701398,Sal Stewart,CIN,50 to 55,179,0.061,0.564,48.0,13.0,3.0,0.289,0.333,0.511,0.844,0.364,0.357,0.229,0.162,0.471,93.0
701398,Sal Stewart,CIN,55 to 60,108,0.037,0.435,23.0,5.0,0.0,0.312,0.522,0.375,0.897,0.424,0.41,0.217,0.317,0.5,97.8
701398,Sal Stewart,CIN,60 to 65,48,0.016,0.417,,,,,,,,,,,,,
701398,Sal Stewart,CIN,65 to 70,19,0.007,0.263,,,,,,,,,,,,,
521692,Salvador Pérez,KC,10 to 15,83,0.018,0.542,13.0,1.0,0.0,0.091,0.231,0.182,0.413,0.204,0.298,0.308,0.28,0.286,86.0
521692,Salvador Pérez,KC,15 to 20,161,0.035,0.559,25.0,6.0,0.0,0.25,0.28,0.292,0.572,0.258,0.354,0.2,0.17,0.526,92.0
521692,Salvador Pérez,KC,20 to 25,252,0.055,0.504,42.0,9.0,2.0,0.257,0.357,0.486,0.843,0.383,0.435,0.119,0.205,0.548,91.3
521692,Salvador Pérez,KC,25 to 30,491,0.107,0.534,71.0,15.0,3.0,0.234,0.31,0.406,0.716,0.328,0.312,0.268,0.301,0.422,89.0
521692,Salvador Pérez,KC,30 to 35,682,0.149,0.584,86.0,15.0,3.0,0.179,0.198,0.345,0.543,0.232,0.251,0.174,0.254,0.406,90.2
521692,Salvador Pérez,KC,35 to 40,759,0.166,0.551,96.0,17.0,6.0,0.185,0.219,0.413,0.632,0.285,0.259,0.146,0.177,0.299,85.6
521692,Salvador Pérez,KC,40 to 45,740,0.162,0.588,103.0,26.0,2.0,0.257,0.272,0.356,0.628,0.287,0.35,0.175,0.202,0.5,90.8
521692,Salvador Pérez,KC,45 to 50,569,0.124,0.58,71.0,7.0,0.0,0.113,0.211,0.129,0.34,0.198,0.299,0.239,0.264,0.477,88.9
521692,Salvador Pérez,KC,5 to 10,26,0.006,0.654,,,,,,,,,,,,,
521692,Salvador Pérez,KC,50 to 55,392,0.086,0.584,43.0,8.0,1.0,0.205,0.209,0.308,0.517,0.238,0.267,0.279,0.364,0.367,86.6
521692,Salvador Pérez,KC,55 to 60,183,0.04,0.628,19.0,5.0,1.0,0.294,0.263,0.529,0.793,0.313,0.247,0.211,0.255,0.4,91.1
521692,Salvador Pérez,KC,60 to 65,74,0.016,0.554,,,,,,,,,,,,,
521692,Salvador Pérez,KC,65 to 70,35,0.008,0.514,,,,,,,,,,,,,
803011,Sam Antonacci,CWS,10 to 15,36,0.017,0.472,,,,,,,,,,,,,
803011,Sam Antonacci,CWS,15 to 20,58,0.027,0.414,17.0,10.0,0.0,0.667,0.706,0.8,1.506,0.706,0.439,0.118,0.25,0.538,93.2
803011,Sam Antonacci,CWS,20 to 25,120,0.057,0.417,30.0,13.0,0.0,0.542,0.633,0.75,1.383,0.618,0.432,0.1,0.12,0.571,91.9
803011,Sam Antonacci,CWS,25 to 30,216,0.102,0.44,59.0,10.0,0.0,0.208,0.345,0.271,0.616,0.313,0.362,0.153,0.126,0.225,81.9
803011,Sam Antonacci,CWS,30 to 35,319,0.151,0.426,79.0,18.0,0.0,0.254,0.329,0.394,0.723,0.32,0.361,0.139,0.11,0.417,89.3
803011,Sam Antonacci,CWS,35 to 40,436,0.206,0.388,105.0,19.0,4.0,0.221,0.352,0.407,0.759,0.355,0.341,0.171,0.118,0.357,87.9
803011,Sam Antonacci,CWS,40 to 45,363,0.172,0.441,95.0,27.0,0.0,0.318,0.376,0.388,0.765,0.352,0.304,0.168,0.144,0.271,86.1
803011,Sam Antonacci,CWS,45 to 50,271,0.128,0.435,68.0,7.0,1.0,0.117,0.221,0.167,0.387,0.221,0.286,0.132,0.161,0.22,83.9
803011,Sam Antonacci,CWS,5 to 10,19,0.009,0.421,,,,,,,,,,,,,
803011,Sam Antonacci,CWS,50 to 55,135,0.064,0.444,33.0,8.0,0.0,0.286,0.364,0.286,0.649,0.33,0.376,0.061,0.033,0.222,84.7
803011,Sam Antonacci,CWS,55 to 60,44,0.021,0.364,13.0,2.0,0.0,0.182,0.308,0.182,0.49,0.246,0.235,0.308,0.25,0.429,89.6
803011,Sam Antonacci,CWS,60 to 65,20,0.009,0.6,,,,,,,,,,,,,
664059,Sam Haggerty,TEX,10 to 15,18,0.022,0.444,,,,,,,,,,,,,
664059,Sam Haggerty,TEX,15 to 20,27,0.033,0.667,,,,,,,,,,,,,
664059,Sam Haggerty,TEX,20 to 25,40,0.049,0.6,,,,,,,,,,,,,
664059,Sam Haggerty,TEX,25 to 30,80,0.098,0.487,,,,,,,,,,,,,
664059,Sam Haggerty,TEX,30 to 35,143,0.176,0.51,10.0,0.0,0.0,0.0,0.1,0.0,0.1,0.07,0.174,0.4,0.292,0.2,89.3
664059,Sam Haggerty,TEX,35 to 40,130,0.16,0.477,10.0,4.0,0.0,0.4,0.4,0.5,0.9,0.395,0.267,0.3,0.176,0.143,74.3
664059,Sam Haggerty,TEX,40 to 45,138,0.17,0.543,,,,,,,,,,,,,
664059,Sam Haggerty,TEX,45 to 50,104,0.128,0.385,,,,,,,,,,,,,
664059,Sam Haggerty,TEX,50 to 55,82,0.101,0.524,,,,,,,,,,,,,
664059,Sam Haggerty,TEX,55 to 60,26,0.032,0.423,,,,,,,,,,,,,
669087,Sam Huff,BAL,25 to 30,23,0.065,0.609,,,,,,,,,,,,,
669087,Sam Huff,BAL,30 to 35,60,0.169,0.6,,,,,,,,,,,,,
669087,Sam Huff,BAL,35 to 40,50,0.14,0.5,,,,,,,,,,,,,
669087,Sam Huff,BAL,40 to 45,68,0.191,0.456,,,,,,,,,,,,,
669087,Sam Huff,BAL,45 to 50,63,0.177,0.413,,,,,,,,,,,,,
669087,Sam Huff,BAL,50 to 55,29,0.081,0.621,,,,,,,,,,,,,
669087,Sam Huff,BAL,55 to 60,16,0.045,0.312,,,,,,,,,,,,,
669392,Samad Taylor,SD,10 to 15,18,0.027,0.5,,,,,,,,,,,,,
669392,Samad Taylor,SD,15 to 20,24,0.036,0.333,,,,,,,,,,,,,
669392,Samad Taylor,SD,20 to 25,56,0.083,0.375,15.0,6.0,0.0,0.462,0.533,0.462,0.995,0.453,0.346,0.267,0.25,0.333,66.7
669392,Samad Taylor,SD,25 to 30,74,0.109,0.419,25.0,8.0,0.0,0.364,0.375,0.364,0.739,0.367,0.327,0.28,0.194,0.294,85.1
669392,Samad Taylor,SD,30 to 35,98,0.145,0.439,19.0,9.0,2.0,0.529,0.579,0.941,1.52,0.634,0.426,0.211,0.275,0.308,81.5
669392,Samad Taylor,SD,35 to 40,99,0.146,0.444,27.0,6.0,0.0,0.25,0.28,0.25,0.53,0.288,0.232,0.259,0.31,0.211,74.3
669392,Samad Taylor,SD,40 to 45,86,0.127,0.36,22.0,7.0,0.0,0.35,0.409,0.35,0.759,0.35,0.296,0.318,0.226,0.154,69.1
669392,Samad Taylor,SD,45 to 50,80,0.118,0.4,16.0,3.0,0.0,0.25,0.438,0.333,0.771,0.366,0.268,0.25,0.156,0.125,67.2
669392,Samad Taylor,SD,50 to 55,60,0.089,0.417,12.0,3.0,0.0,0.273,0.333,0.455,0.788,0.342,0.416,0.083,0.048,0.1,86.0
669392,Samad Taylor,SD,55 to 60,24,0.036,0.375,,,,,,,,,,,,,
694212,Samuel Basallo,BAL,10 to 15,31,0.016,0.581,,,,,,,,,,,,,
694212,Samuel Basallo,BAL,15 to 20,51,0.027,0.431,,,,,,,,,,,,,
694212,Samuel Basallo,BAL,20 to 25,137,0.072,0.474,15.0,4.0,2.0,0.308,0.4,0.769,1.169,0.48,0.549,0.333,0.289,0.75,99.3
694212,Samuel Basallo,BAL,25 to 30,256,0.134,0.535,65.0,11.0,2.0,0.186,0.262,0.339,0.601,0.267,0.288,0.215,0.228,0.289,88.6
694212,Samuel Basallo,BAL,30 to 35,296,0.155,0.5,74.0,17.0,3.0,0.262,0.351,0.462,0.813,0.368,0.351,0.243,0.254,0.447,91.8
694212,Samuel Basallo,BAL,35 to 40,338,0.177,0.544,70.0,17.0,7.0,0.274,0.329,0.645,0.974,0.399,0.373,0.257,0.327,0.5,92.4
694212,Samuel Basallo,BAL,40 to 45,280,0.147,0.568,50.0,14.0,2.0,0.298,0.34,0.447,0.787,0.363,0.313,0.24,0.284,0.429,89.5
694212,Samuel Basallo,BAL,45 to 50,191,0.1,0.471,36.0,8.0,0.0,0.235,0.278,0.265,0.542,0.249,0.315,0.278,0.215,0.542,92.3
694212,Samuel Basallo,BAL,50 to 55,151,0.079,0.623,35.0,6.0,0.0,0.176,0.171,0.206,0.377,0.164,0.233,0.286,0.297,0.4,88.1
694212,Samuel Basallo,BAL,55 to 60,71,0.037,0.606,14.0,2.0,1.0,0.154,0.214,0.385,0.599,0.321,0.303,0.357,0.3,0.25,83.6
694212,Samuel Basallo,BAL,60 to 65,31,0.016,0.613,,,,,,,,,,,,,
694212,Samuel Basallo,BAL,65 to 70,25,0.013,0.44,,,,,,,,,,,,,
506702,Sandy León,ATL,20 to 25,33,0.15,0.545,,,,,,,,,,,,,
506702,Sandy León,ATL,25 to 30,28,0.127,0.607,,,,,,,,,,,,,
506702,Sandy León,ATL,30 to 35,23,0.105,0.565,,,,,,,,,,,,,
506702,Sandy León,ATL,35 to 40,23,0.105,0.391,,,,,,,,,,,,,
506702,Sandy León,ATL,40 to 45,51,0.232,0.608,13.0,2.0,0.0,0.154,0.154,0.154,0.308,0.138,0.149,0.308,0.185,0.333,85.2
506702,Sandy León,ATL,45 to 50,22,0.1,0.545,,,,,,,,,,,,,
669289,Santiago Espinal,LAD,10 to 15,29,0.019,0.655,,,,,,,,,,,,,
669289,Santiago Espinal,LAD,15 to 20,40,0.026,0.6,,,,,,,,,,,,,
669289,Santiago Espinal,LAD,20 to 25,74,0.048,0.392,,,,,,,,,,,,,
669289,Santiago Espinal,LAD,25 to 30,162,0.106,0.42,,,,,,,,,,,,,
669289,Santiago Espinal,LAD,30 to 35,211,0.138,0.517,,,,,,,,,,,,,
669289,Santiago Espinal,LAD,35 to 40,247,0.162,0.478,,,,,,,,,,,,,
669289,Santiago Espinal,LAD,40 to 45,252,0.165,0.452,18.0,4.0,0.0,0.25,0.25,0.375,0.625,0.294,0.295,0.056,0.071,0.353,82.0
669289,Santiago Espinal,LAD,45 to 50,197,0.129,0.431,,,,,,,,,,,,,
669289,Santiago Espinal,LAD,5 to 10,24,0.016,0.417,,,,,,,,,,,,,
669289,Santiago Espinal,LAD,50 to 55,138,0.09,0.413,,,,,,,,,,,,,
669289,Santiago Espinal,LAD,55 to 60,78,0.051,0.41,,,,,,,,,,,,,
669289,Santiago Espinal,LAD,60 to 65,24,0.016,0.375,,,,,,,,,,,,,
669289,Santiago Espinal,LAD,65 to 70,18,0.012,0.278,,,,,,,,,,,,,
664068,Scott Kingery,CHC,35 to 40,15,0.126,0.667,,,,,,,,,,,,,
664068,Scott Kingery,CHC,40 to 45,18,0.151,0.611,,,,,,,,,,,,,
664068,Scott Kingery,CHC,45 to 50,21,0.176,0.571,,,,,,,,,,,,,
664068,Scott Kingery,CHC,50 to 55,20,0.168,0.55,,,,,,,,,,,,,
815873,Sean Keys,TOR,15 to 20,19,0.072,0.579,,,,,,,,,,,,,
815873,Sean Keys,TOR,20 to 25,29,0.11,0.517,,,,,,,,,,,,,
815873,Sean Keys,TOR,25 to 30,26,0.098,0.615,,,,,,,,,,,,,
815873,Sean Keys,TOR,30 to 35,31,0.117,0.581,,,,,,,,,,,,,
815873,Sean Keys,TOR,35 to 40,40,0.152,0.525,10.0,1.0,0.0,0.111,0.1,0.111,0.211,0.09,0.283,0.4,0.381,0.667,95.7
815873,Sean Keys,TOR,40 to 45,45,0.17,0.356,10.0,1.0,0.0,0.111,0.2,0.222,0.422,0.195,0.22,0.3,0.312,0.667,87.8
815873,Sean Keys,TOR,45 to 50,27,0.102,0.593,,,,,,,,,,,,,
669221,Sean Murphy,ATL,10 to 15,27,0.015,0.444,,,,,,,,,,,,,
669221,Sean Murphy,ATL,15 to 20,48,0.027,0.458,,,,,,,,,,,,,
669221,Sean Murphy,ATL,20 to 25,109,0.061,0.44,,,,,,,,,,,,,
669221,Sean Murphy,ATL,25 to 30,184,0.104,0.451,10.0,1.0,1.0,0.1,0.1,0.4,0.5,0.2,0.315,0.6,0.632,0.75,90.6
669221,Sean Murphy,ATL,30 to 35,231,0.13,0.459,11.0,1.0,0.0,0.143,0.455,0.286,0.74,0.368,0.367,0.273,0.3,0.25,73.8
669221,Sean Murphy,ATL,35 to 40,300,0.169,0.507,20.0,4.0,1.0,0.2,0.2,0.35,0.55,0.28,0.223,0.3,0.303,0.429,92.1
669221,Sean Murphy,ATL,40 to 45,274,0.154,0.5,17.0,4.0,1.0,0.25,0.294,0.5,0.794,0.391,0.269,0.176,0.189,0.538,89.1
669221,Sean Murphy,ATL,45 to 50,236,0.133,0.496,14.0,1.0,0.0,0.083,0.214,0.167,0.381,0.254,0.199,0.286,0.261,0.375,91.4
669221,Sean Murphy,ATL,50 to 55,175,0.099,0.514,,,,,,,,,,,,,
669221,Sean Murphy,ATL,55 to 60,81,0.046,0.469,,,,,,,,,,,,,
669221,Sean Murphy,ATL,60 to 65,32,0.018,0.531,,,,,,,,,,,,,
665861,Sebastián Rivero,LAA,15 to 20,15,0.042,0.733,,,,,,,,,,,,,
665861,Sebastián Rivero,LAA,20 to 25,21,0.058,0.571,,,,,,,,,,,,,
665861,Sebastián Rivero,LAA,30 to 35,58,0.161,0.621,11.0,3.0,0.0,0.273,0.273,0.273,0.545,0.245,0.24,0.273,0.2,0.25,85.9
665861,Sebastián Rivero,LAA,35 to 40,62,0.172,0.516,14.0,4.0,0.0,0.308,0.308,0.385,0.692,0.319,0.251,0.286,0.148,0.1,79.6
665861,Sebastián Rivero,LAA,40 to 45,60,0.167,0.65,10.0,2.0,0.0,0.222,0.3,0.333,0.633,0.285,0.313,0.1,0.318,0.125,80.0
665861,Sebastián Rivero,LAA,45 to 50,34,0.094,0.529,,,,,,,,,,,,,
665861,Sebastián Rivero,LAA,50 to 55,32,0.089,0.656,,,,,,,,,,,,,
665861,Sebastián Rivero,LAA,55 to 60,24,0.067,0.583,,,,,,,,,,,,,
665861,Sebastián Rivero,LAA,60 to 65,20,0.056,0.55,,,,,,,,,,,,,
673548,Seiya Suzuki,CHC,-5 to 0,18,0.003,0.333,,,,,,,,,,,,,
673548,Seiya Suzuki,CHC,0 to 5,22,0.004,0.455,,,,,,,,,,,,,
673548,Seiya Suzuki,CHC,10 to 15,115,0.021,0.409,12.0,6.0,0.0,0.545,0.583,0.636,1.22,0.612,0.509,0.083,0.111,0.6,91.4
673548,Seiya Suzuki,CHC,15 to 20,238,0.044,0.34,16.0,4.0,0.0,0.333,0.5,0.417,0.917,0.478,0.343,0.125,0.214,0.2,80.8
673548,Seiya Suzuki,CHC,20 to 25,328,0.061,0.409,45.0,9.0,2.0,0.209,0.244,0.395,0.64,0.276,0.271,0.267,0.23,0.226,85.6
673548,Seiya Suzuki,CHC,25 to 30,585,0.109,0.388,72.0,18.0,2.0,0.305,0.431,0.525,0.956,0.428,0.357,0.208,0.136,0.295,87.7
673548,Seiya Suzuki,CHC,30 to 35,712,0.132,0.385,82.0,18.0,6.0,0.265,0.39,0.574,0.964,0.421,0.427,0.207,0.175,0.451,89.6
673548,Seiya Suzuki,CHC,35 to 40,780,0.145,0.426,99.0,22.0,4.0,0.256,0.343,0.442,0.785,0.343,0.319,0.293,0.277,0.483,90.7
673548,Seiya Suzuki,CHC,40 to 45,884,0.164,0.419,92.0,26.0,4.0,0.31,0.37,0.536,0.905,0.399,0.334,0.239,0.203,0.435,91.4
673548,Seiya Suzuki,CHC,45 to 50,700,0.13,0.43,70.0,13.0,5.0,0.22,0.314,0.492,0.806,0.341,0.338,0.271,0.248,0.476,87.9
673548,Seiya Suzuki,CHC,5 to 10,68,0.013,0.397,10.0,1.0,0.0,0.1,0.1,0.2,0.3,0.215,0.056,0.7,0.263,0.333,88.6
673548,Seiya Suzuki,CHC,50 to 55,459,0.085,0.388,57.0,9.0,0.0,0.176,0.263,0.255,0.518,0.256,0.222,0.298,0.278,0.294,85.4
673548,Seiya Suzuki,CHC,55 to 60,224,0.042,0.388,21.0,4.0,1.0,0.235,0.381,0.412,0.793,0.357,0.391,0.238,0.19,0.5,93.8
673548,Seiya Suzuki,CHC,60 to 65,92,0.017,0.348,10.0,2.0,1.0,0.286,0.5,0.714,1.214,0.5,0.488,0.0,0.0,0.286,89.2
673548,Seiya Suzuki,CHC,65 to 70,24,0.004,0.292,,,,,,,,,,,,,
694376,Shay Whitcomb,SF,15 to 20,28,0.049,0.464,,,,,,,,,,,,,
694376,Shay Whitcomb,SF,20 to 25,56,0.099,0.518,10.0,1.0,1.0,0.1,0.1,0.4,0.5,0.29,0.374,0.1,0.211,0.444,90.7
694376,Shay Whitcomb,SF,25 to 30,69,0.122,0.58,14.0,3.0,0.0,0.25,0.25,0.25,0.5,0.258,0.108,0.429,0.296,0.125,62.9
694376,Shay Whitcomb,SF,30 to 35,76,0.134,0.421,11.0,2.0,1.0,0.182,0.182,0.545,0.727,0.295,0.325,0.091,0.115,0.2,86.1
694376,Shay Whitcomb,SF,35 to 40,79,0.14,0.544,18.0,4.0,1.0,0.235,0.278,0.471,0.748,0.319,0.284,0.333,0.258,0.455,88.4
694376,Shay Whitcomb,SF,40 to 45,62,0.11,0.435,15.0,1.0,0.0,0.071,0.133,0.071,0.205,0.179,0.192,0.133,0.263,0.091,79.8
694376,Shay Whitcomb,SF,45 to 50,59,0.104,0.475,15.0,1.0,0.0,0.071,0.133,0.071,0.205,0.107,0.132,0.533,0.417,0.333,87.0
694376,Shay Whitcomb,SF,50 to 55,55,0.097,0.564,10.0,2.0,0.0,0.2,0.2,0.2,0.4,0.18,0.284,0.2,0.259,0.25,84.0
694376,Shay Whitcomb,SF,55 to 60,44,0.078,0.455,10.0,2.0,1.0,0.222,0.3,0.556,0.856,0.36,0.42,0.2,0.214,0.571,96.7
669127,Shea Langeliers,ATH,10 to 15,72,0.02,0.569,,,,,,,,,,,,,
669127,Shea Langeliers,ATH,15 to 20,129,0.035,0.543,18.0,3.0,2.0,0.188,0.278,0.562,0.84,0.4,0.397,0.167,0.241,0.462,89.5
669127,Shea Langeliers,ATH,20 to 25,270,0.074,0.53,25.0,6.0,1.0,0.273,0.36,0.455,0.815,0.358,0.39,0.12,0.273,0.316,83.8
669127,Shea Langeliers,ATH,25 to 30,354,0.097,0.508,40.0,12.0,2.0,0.308,0.325,0.487,0.812,0.351,0.336,0.25,0.268,0.448,92.8
669127,Shea Langeliers,ATH,30 to 35,514,0.141,0.512,72.0,8.0,2.0,0.114,0.139,0.214,0.353,0.155,0.254,0.319,0.248,0.426,91.4
669127,Shea Langeliers,ATH,35 to 40,630,0.173,0.5,86.0,25.0,8.0,0.352,0.453,0.761,1.214,0.498,0.485,0.186,0.234,0.446,93.8
669127,Shea Langeliers,ATH,40 to 45,629,0.173,0.521,71.0,15.0,1.0,0.227,0.282,0.318,0.6,0.286,0.278,0.225,0.319,0.347,89.2
669127,Shea Langeliers,ATH,45 to 50,457,0.125,0.523,60.0,16.0,3.0,0.302,0.383,0.491,0.874,0.383,0.407,0.183,0.228,0.476,91.2
669127,Shea Langeliers,ATH,5 to 10,33,0.009,0.545,,,,,,,,,,,,,
669127,Shea Langeliers,ATH,50 to 55,307,0.084,0.528,30.0,12.0,0.0,0.414,0.433,0.517,0.951,0.418,0.312,0.233,0.286,0.455,90.8
669127,Shea Langeliers,ATH,55 to 60,104,0.029,0.462,14.0,2.0,1.0,0.143,0.143,0.357,0.5,0.207,0.433,0.286,0.192,0.6,97.2
669127,Shea Langeliers,ATH,60 to 65,46,0.013,0.457,,,,,,,,,,,,,
669127,Shea Langeliers,ATH,65 to 70,16,0.004,0.375,,,,,,,,,,,,,
660271,Shohei Ohtani,LAD,10 to 15,97,0.018,0.515,14.0,4.0,1.0,0.286,0.286,0.571,0.857,0.442,0.329,0.357,0.259,0.571,92.4
660271,Shohei Ohtani,LAD,15 to 20,192,0.037,0.365,15.0,5.0,0.0,0.385,0.467,0.385,0.851,0.393,0.284,0.2,0.265,0.3,82.9
660271,Shohei Ohtani,LAD,20 to 25,403,0.077,0.449,49.0,11.0,2.0,0.262,0.367,0.429,0.796,0.368,0.393,0.204,0.295,0.581,94.4
660271,Shohei Ohtani,LAD,25 to 30,488,0.093,0.441,66.0,16.0,4.0,0.267,0.333,0.533,0.867,0.383,0.419,0.288,0.362,0.595,95.6
660271,Shohei Ohtani,LAD,30 to 35,814,0.155,0.475,94.0,27.0,8.0,0.318,0.383,0.671,1.054,0.441,0.447,0.234,0.315,0.603,95.9
660271,Shohei Ohtani,LAD,35 to 40,816,0.155,0.445,97.0,22.0,5.0,0.282,0.402,0.551,0.953,0.405,0.44,0.206,0.217,0.55,93.5
660271,Shohei Ohtani,LAD,40 to 45,888,0.169,0.463,105.0,26.0,2.0,0.31,0.448,0.464,0.912,0.424,0.411,0.248,0.288,0.431,91.9
660271,Shohei Ohtani,LAD,45 to 50,681,0.129,0.435,62.0,12.0,3.0,0.207,0.258,0.431,0.689,0.295,0.31,0.258,0.266,0.452,92.1
660271,Shohei Ohtani,LAD,5 to 10,43,0.008,0.558,,,,,,,,,,,,,
660271,Shohei Ohtani,LAD,50 to 55,365,0.069,0.485,37.0,6.0,3.0,0.194,0.243,0.516,0.759,0.326,0.349,0.378,0.318,0.429,92.2
660271,Shohei Ohtani,LAD,55 to 60,177,0.034,0.514,15.0,1.0,0.0,0.071,0.133,0.143,0.276,0.13,0.231,0.2,0.303,0.273,86.0
660271,Shohei Ohtani,LAD,60 to 65,54,0.01,0.352,,,,,,,,,,,,,
660271,Shohei Ohtani,LAD,65 to 70,20,0.004,0.4,,,,,,,,,,,,,
687462,Spencer Horwitz,PIT,-5 to 0,15,0.004,0.333,,,,,,,,,,,,,
687462,Spencer Horwitz,PIT,10 to 15,39,0.011,0.513,,,,,,,,,,,,,
687462,Spencer Horwitz,PIT,15 to 20,109,0.032,0.376,15.0,1.0,0.0,0.091,0.333,0.091,0.424,0.307,0.285,0.2,0.167,0.25,88.6
687462,Spencer Horwitz,PIT,20 to 25,214,0.062,0.477,30.0,5.0,0.0,0.179,0.233,0.179,0.412,0.197,0.214,0.2,0.167,0.227,84.6
687462,Spencer Horwitz,PIT,25 to 30,377,0.109,0.427,41.0,8.0,0.0,0.258,0.415,0.323,0.737,0.346,0.332,0.171,0.063,0.16,84.0
687462,Spencer Horwitz,PIT,30 to 35,507,0.147,0.44,69.0,14.0,2.0,0.212,0.246,0.333,0.58,0.255,0.258,0.101,0.157,0.271,88.5
687462,Spencer Horwitz,PIT,35 to 40,521,0.151,0.386,66.0,11.0,0.0,0.196,0.303,0.196,0.499,0.259,0.292,0.197,0.155,0.372,85.9
687462,Spencer Horwitz,PIT,40 to 45,559,0.162,0.436,80.0,24.0,4.0,0.369,0.475,0.631,1.106,0.469,0.402,0.088,0.13,0.407,87.9
687462,Spencer Horwitz,PIT,45 to 50,459,0.133,0.425,53.0,11.0,1.0,0.25,0.358,0.364,0.722,0.326,0.319,0.151,0.175,0.243,84.8
687462,Spencer Horwitz,PIT,5 to 10,29,0.008,0.379,,,,,,,,,,,,,
687462,Spencer Horwitz,PIT,50 to 55,353,0.102,0.479,39.0,11.0,2.0,0.306,0.359,0.556,0.915,0.391,0.325,0.282,0.225,0.36,90.5
687462,Spencer Horwitz,PIT,55 to 60,148,0.043,0.507,18.0,3.0,1.0,0.188,0.278,0.375,0.653,0.289,0.349,0.222,0.192,0.333,83.1
687462,Spencer Horwitz,PIT,60 to 65,62,0.018,0.419,,,,,,,,,,,,,
687462,Spencer Horwitz,PIT,65 to 70,17,0.005,0.412,,,,,,,,,,,,,
682987,Spencer Jones,NYY,10 to 15,17,0.014,0.588,,,,,,,,,,,,,
682987,Spencer Jones,NYY,15 to 20,23,0.019,0.522,,,,,,,,,,,,,
682987,Spencer Jones,NYY,20 to 25,52,0.043,0.481,14.0,2.0,0.0,0.154,0.214,0.154,0.368,0.179,0.196,0.357,0.28,0.286,86.5
682987,Spencer Jones,NYY,25 to 30,123,0.102,0.512,22.0,4.0,0.0,0.211,0.318,0.211,0.529,0.259,0.234,0.227,0.429,0.286,85.8
682987,Spencer Jones,NYY,30 to 35,152,0.126,0.5,27.0,6.0,1.0,0.25,0.333,0.417,0.75,0.365,0.273,0.333,0.395,0.467,94.8
682987,Spencer Jones,NYY,35 to 40,243,0.201,0.564,68.0,17.0,6.0,0.288,0.368,0.627,0.995,0.428,0.406,0.382,0.387,0.676,96.9
682987,Spencer Jones,NYY,40 to 45,193,0.16,0.503,40.0,8.0,0.0,0.211,0.25,0.316,0.566,0.274,0.365,0.325,0.309,0.739,99.0
682987,Spencer Jones,NYY,45 to 50,160,0.132,0.544,34.0,5.0,1.0,0.152,0.176,0.273,0.449,0.196,0.18,0.529,0.402,0.467,91.6
682987,Spencer Jones,NYY,50 to 55,112,0.093,0.545,34.0,5.0,0.0,0.161,0.235,0.226,0.461,0.215,0.259,0.382,0.459,0.389,90.9
682987,Spencer Jones,NYY,55 to 60,34,0.028,0.5,,,,,,,,,,,,,
682987,Spencer Jones,NYY,60 to 65,28,0.023,0.5,,,,,,,,,,,,,
682987,Spencer Jones,NYY,65 to 70,19,0.016,0.421,,,,,,,,,,,,,
668715,Spencer Steer,CIN,0 to 5,18,0.005,0.389,,,,,,,,,,,,,
668715,Spencer Steer,CIN,10 to 15,82,0.021,0.476,10.0,2.0,0.0,0.2,0.2,0.3,0.5,0.215,0.241,0.1,0.185,0.333,90.2
668715,Spencer Steer,CIN,15 to 20,127,0.033,0.433,20.0,5.0,1.0,0.278,0.35,0.5,0.85,0.368,0.311,0.25,0.167,0.385,86.0
668715,Spencer Steer,CIN,20 to 25,271,0.071,0.45,30.0,6.0,0.0,0.222,0.3,0.259,0.559,0.262,0.273,0.167,0.19,0.391,88.9
668715,Spencer Steer,CIN,25 to 30,408,0.106,0.475,37.0,11.0,2.0,0.333,0.405,0.545,0.951,0.412,0.343,0.378,0.341,0.409,94.0
668715,Spencer Steer,CIN,30 to 35,522,0.136,0.433,52.0,7.0,1.0,0.156,0.25,0.244,0.494,0.243,0.277,0.212,0.222,0.25,87.1
668715,Spencer Steer,CIN,35 to 40,602,0.157,0.495,65.0,13.0,4.0,0.22,0.292,0.475,0.767,0.328,0.329,0.262,0.207,0.488,91.6
668715,Spencer Steer,CIN,40 to 45,657,0.171,0.438,63.0,19.0,3.0,0.358,0.444,0.585,1.029,0.455,0.468,0.175,0.183,0.447,90.4
668715,Spencer Steer,CIN,45 to 50,483,0.126,0.468,35.0,5.0,2.0,0.172,0.314,0.379,0.694,0.311,0.296,0.314,0.29,0.444,89.8
668715,Spencer Steer,CIN,5 to 10,43,0.011,0.558,,,,,,,,,,,,,
668715,Spencer Steer,CIN,50 to 55,296,0.077,0.537,31.0,4.0,2.0,0.138,0.194,0.379,0.573,0.244,0.299,0.194,0.196,0.346,88.4
668715,Spencer Steer,CIN,55 to 60,184,0.048,0.495,17.0,4.0,0.0,0.286,0.412,0.357,0.769,0.409,0.479,0.118,0.111,0.333,84.3
668715,Spencer Steer,CIN,60 to 65,71,0.019,0.408,,,,,,,,,,,,,
668715,Spencer Steer,CIN,65 to 70,33,0.009,0.364,,,,,,,,,,,,,
679529,Spencer Torkelson,DET,-5 to 0,22,0.004,0.318,,,,,,,,,,,,,
679529,Spencer Torkelson,DET,0 to 5,19,0.004,0.211,,,,,,,,,,,,,
679529,Spencer Torkelson,DET,10 to 15,83,0.016,0.53,11.0,4.0,0.0,0.364,0.364,0.455,0.818,0.359,0.242,0.545,0.471,0.8,101.7
679529,Spencer Torkelson,DET,15 to 20,205,0.039,0.395,24.0,5.0,1.0,0.25,0.375,0.45,0.825,0.365,0.309,0.333,0.406,0.417,92.8
679529,Spencer Torkelson,DET,20 to 25,334,0.064,0.455,47.0,8.0,3.0,0.182,0.234,0.432,0.666,0.283,0.321,0.277,0.294,0.375,89.8
679529,Spencer Torkelson,DET,25 to 30,549,0.105,0.448,72.0,6.0,0.0,0.1,0.25,0.1,0.35,0.192,0.257,0.333,0.336,0.528,90.5
679529,Spencer Torkelson,DET,30 to 35,729,0.14,0.447,82.0,23.0,2.0,0.319,0.402,0.486,0.889,0.39,0.328,0.317,0.283,0.37,86.1
679529,Spencer Torkelson,DET,35 to 40,921,0.177,0.448,105.0,15.0,4.0,0.158,0.229,0.326,0.555,0.25,0.283,0.333,0.367,0.367,88.7
679529,Spencer Torkelson,DET,40 to 45,866,0.166,0.43,92.0,21.0,5.0,0.273,0.391,0.532,0.924,0.398,0.374,0.272,0.251,0.365,90.6
679529,Spencer Torkelson,DET,45 to 50,629,0.121,0.401,61.0,10.0,4.0,0.204,0.328,0.49,0.818,0.346,0.285,0.393,0.259,0.481,91.6
679529,Spencer Torkelson,DET,5 to 10,50,0.01,0.52,,,,,,,,,,,,,
679529,Spencer Torkelson,DET,50 to 55,417,0.08,0.451,42.0,14.0,3.0,0.378,0.452,0.757,1.209,0.504,0.415,0.214,0.272,0.607,92.0
679529,Spencer Torkelson,DET,55 to 60,202,0.039,0.376,26.0,5.0,2.0,0.278,0.5,0.611,1.111,0.473,0.398,0.269,0.233,0.273,88.0
679529,Spencer Torkelson,DET,60 to 65,68,0.013,0.426,,,,,,,,,,,,,
516782,Starling Marte,KC,10 to 15,44,0.023,0.523,,,,,,,,,,,,,
516782,Starling Marte,KC,15 to 20,53,0.028,0.434,,,,,,,,,,,,,
516782,Starling Marte,KC,20 to 25,77,0.04,0.532,10.0,0.0,0.0,0.0,0.1,0.0,0.1,0.07,0.287,0.2,0.238,0.429,98.1
516782,Starling Marte,KC,25 to 30,167,0.088,0.485,16.0,4.0,1.0,0.267,0.312,0.533,0.846,0.359,0.342,0.312,0.321,0.4,90.8
516782,Starling Marte,KC,30 to 35,283,0.149,0.544,21.0,5.0,0.0,0.278,0.381,0.333,0.714,0.331,0.314,0.19,0.289,0.429,84.7
516782,Starling Marte,KC,35 to 40,286,0.15,0.517,16.0,4.0,0.0,0.267,0.25,0.333,0.583,0.247,0.233,0.312,0.212,0.25,84.9
516782,Starling Marte,KC,40 to 45,392,0.206,0.523,39.0,9.0,0.0,0.265,0.333,0.294,0.627,0.288,0.308,0.256,0.253,0.44,89.5
516782,Starling Marte,KC,45 to 50,259,0.136,0.483,27.0,5.0,0.0,0.2,0.259,0.2,0.459,0.219,0.293,0.259,0.267,0.333,82.6
516782,Starling Marte,KC,5 to 10,16,0.008,0.5,,,,,,,,,,,,,
516782,Starling Marte,KC,50 to 55,159,0.084,0.516,13.0,4.0,0.0,0.333,0.385,0.417,0.801,0.358,0.212,0.154,0.188,0.1,78.6
516782,Starling Marte,KC,55 to 60,90,0.047,0.433,,,,,,,,,,,,,
516782,Starling Marte,KC,60 to 65,32,0.017,0.406,,,,,,,,,,,,,
694514,Sterlin Thompson,COL,20 to 25,20,0.064,0.55,,,,,,,,,,,,,
694514,Sterlin Thompson,COL,25 to 30,30,0.096,0.4,,,,,,,,,,,,,
694514,Sterlin Thompson,COL,30 to 35,54,0.173,0.463,13.0,1.0,0.0,0.083,0.154,0.083,0.237,0.123,0.19,0.154,0.28,0.111,77.1
694514,Sterlin Thompson,COL,35 to 40,67,0.215,0.448,11.0,4.0,0.0,0.4,0.455,0.4,0.855,0.391,0.315,0.273,0.4,0.429,90.2
694514,Sterlin Thompson,COL,40 to 45,49,0.157,0.612,16.0,3.0,0.0,0.231,0.375,0.385,0.76,0.344,0.404,0.188,0.233,0.7,94.3
694514,Sterlin Thompson,COL,45 to 50,39,0.125,0.564,10.0,2.0,1.0,0.222,0.3,0.556,0.856,0.36,0.299,0.4,0.318,0.4,85.2
694514,Sterlin Thompson,COL,50 to 55,16,0.051,0.438,,,,,,,,,,,,,
680757,Steven Kwan,CLE,0 to 5,19,0.004,0.368,,,,,,,,,,,,,
680757,Steven Kwan,CLE,10 to 15,108,0.02,0.463,15.0,1.0,0.0,0.077,0.2,0.077,0.277,0.213,0.309,0.2,0.0,0.2,86.2
680757,Steven Kwan,CLE,15 to 20,169,0.032,0.45,21.0,6.0,0.0,0.316,0.381,0.316,0.697,0.324,0.387,0.095,0.083,0.118,83.9
680757,Steven Kwan,CLE,20 to 25,410,0.077,0.38,52.0,13.0,1.0,0.289,0.365,0.4,0.765,0.347,0.32,0.115,0.06,0.103,82.9
680757,Steven Kwan,CLE,25 to 30,558,0.104,0.36,53.0,13.0,0.0,0.295,0.404,0.341,0.745,0.367,0.328,0.132,0.123,0.184,79.5
680757,Steven Kwan,CLE,30 to 35,846,0.158,0.414,91.0,21.0,0.0,0.266,0.363,0.316,0.679,0.337,0.327,0.077,0.082,0.1,83.4
680757,Steven Kwan,CLE,35 to 40,910,0.17,0.413,102.0,32.0,0.0,0.372,0.465,0.465,0.93,0.441,0.349,0.049,0.024,0.049,80.6
680757,Steven Kwan,CLE,40 to 45,874,0.163,0.381,107.0,20.0,0.0,0.22,0.33,0.275,0.605,0.304,0.3,0.14,0.071,0.104,81.5
680757,Steven Kwan,CLE,45 to 50,629,0.118,0.353,69.0,18.0,1.0,0.316,0.42,0.404,0.824,0.372,0.331,0.072,0.031,0.151,84.0
680757,Steven Kwan,CLE,5 to 10,45,0.008,0.311,,,,,,,,,,,,,
680757,Steven Kwan,CLE,50 to 55,357,0.067,0.373,43.0,7.0,0.0,0.179,0.256,0.231,0.487,0.228,0.268,0.116,0.075,0.057,81.9
680757,Steven Kwan,CLE,55 to 60,175,0.033,0.371,23.0,8.0,1.0,0.4,0.455,0.55,1.005,0.45,0.445,0.087,0.062,0.158,85.6
680757,Steven Kwan,CLE,60 to 65,72,0.013,0.361,10.0,1.0,0.0,0.125,0.3,0.125,0.425,0.23,0.327,0.0,0.0,0.0,75.6
680757,Steven Kwan,CLE,65 to 70,27,0.005,0.296,,,,,,,,,,,,,
656413,Stuart Fairchild,CLE,15 to 20,20,0.065,0.25,,,,,,,,,,,,,
656413,Stuart Fairchild,CLE,20 to 25,21,0.069,0.333,,,,,,,,,,,,,
656413,Stuart Fairchild,CLE,25 to 30,32,0.105,0.469,,,,,,,,,,,,,
656413,Stuart Fairchild,CLE,30 to 35,50,0.163,0.34,,,,,,,,,,,,,
656413,Stuart Fairchild,CLE,35 to 40,50,0.163,0.54,,,,,,,,,,,,,
656413,Stuart Fairchild,CLE,40 to 45,34,0.111,0.559,,,,,,,,,,,,,
656413,Stuart Fairchild,CLE,45 to 50,32,0.105,0.562,,,,,,,,,,,,,
656413,Stuart Fairchild,CLE,50 to 55,22,0.072,0.5,,,,,,,,,,,,,
656413,Stuart Fairchild,CLE,55 to 60,24,0.078,0.375,,,,,,,,,,,,,
823550,Sung Mun Song,SD,15 to 20,33,0.055,0.273,,,,,,,,,,,,,
823550,Sung Mun Song,SD,20 to 25,57,0.095,0.491,16.0,3.0,0.0,0.2,0.25,0.267,0.517,0.234,0.184,0.125,0.107,0.231,79.7
823550,Sung Mun Song,SD,25 to 30,88,0.147,0.42,26.0,8.0,1.0,0.364,0.44,0.545,0.985,0.438,0.316,0.192,0.189,0.389,80.8
823550,Sung Mun Song,SD,30 to 35,93,0.155,0.43,20.0,3.0,0.0,0.176,0.263,0.176,0.44,0.226,0.268,0.1,0.15,0.188,83.0
823550,Sung Mun Song,SD,35 to 40,108,0.18,0.417,33.0,3.0,0.0,0.12,0.303,0.16,0.463,0.241,0.246,0.273,0.222,0.235,85.9
823550,Sung Mun Song,SD,40 to 45,90,0.15,0.411,18.0,2.0,0.0,0.125,0.176,0.125,0.301,0.2,0.21,0.167,0.216,0.286,87.2
823550,Sung Mun Song,SD,45 to 50,51,0.085,0.451,11.0,1.0,0.0,0.091,0.091,0.091,0.182,0.082,0.137,0.364,0.348,0.0,80.6
823550,Sung Mun Song,SD,50 to 55,25,0.042,0.32,,,,,,,,,,,,,
695020,Tanner Murray,CWS,35 to 40,17,0.162,0.471,,,,,,,,,,,,,
695020,Tanner Murray,CWS,40 to 45,23,0.219,0.522,,,,,,,,,,,,,
695020,Tanner Murray,CWS,45 to 50,18,0.171,0.5,,,,,,,,,,,,,
666211,Taylor Trammell,HOU,10 to 15,35,0.021,0.486,,,,,,,,,,,,,
666211,Taylor Trammell,HOU,15 to 20,50,0.03,0.42,,,,,,,,,,,,,
666211,Taylor Trammell,HOU,20 to 25,127,0.077,0.409,17.0,3.0,0.0,0.214,0.353,0.357,0.71,0.376,0.292,0.235,0.387,0.4,88.5
666211,Taylor Trammell,HOU,25 to 30,181,0.11,0.442,31.0,4.0,1.0,0.143,0.2,0.25,0.45,0.233,0.243,0.323,0.362,0.474,86.7
666211,Taylor Trammell,HOU,30 to 35,229,0.139,0.489,42.0,8.0,0.0,0.222,0.333,0.278,0.611,0.288,0.261,0.238,0.338,0.346,87.4
666211,Taylor Trammell,HOU,35 to 40,296,0.18,0.517,62.0,12.0,1.0,0.207,0.258,0.31,0.568,0.254,0.271,0.339,0.284,0.351,86.7
666211,Taylor Trammell,HOU,40 to 45,271,0.165,0.494,44.0,11.0,5.0,0.297,0.409,0.811,1.22,0.493,0.47,0.364,0.489,0.476,91.6
666211,Taylor Trammell,HOU,45 to 50,190,0.116,0.447,30.0,4.0,0.0,0.138,0.167,0.241,0.408,0.178,0.158,0.367,0.439,0.556,92.4
666211,Taylor Trammell,HOU,5 to 10,26,0.016,0.423,,,,,,,,,,,,,
666211,Taylor Trammell,HOU,50 to 55,93,0.057,0.441,13.0,2.0,0.0,0.2,0.385,0.2,0.585,0.3,0.418,0.231,0.261,0.143,79.2
666211,Taylor Trammell,HOU,55 to 60,49,0.03,0.367,,,,,,,,,,,,,
666211,Taylor Trammell,HOU,65 to 70,17,0.01,0.471,,,,,,,,,,,,,
670764,Taylor Walls,TB,-10 to -5,17,0.006,0.353,,,,,,,,,,,,,
670764,Taylor Walls,TB,10 to 15,51,0.017,0.353,,,,,,,,,,,,,
670764,Taylor Walls,TB,15 to 20,116,0.039,0.474,17.0,3.0,0.0,0.2,0.294,0.2,0.494,0.241,0.256,0.059,0.129,0.2,87.4
670764,Taylor Walls,TB,20 to 25,158,0.054,0.449,29.0,3.0,0.0,0.115,0.172,0.154,0.326,0.153,0.252,0.172,0.195,0.182,81.9
670764,Taylor Walls,TB,25 to 30,266,0.09,0.41,33.0,7.0,0.0,0.233,0.25,0.267,0.517,0.236,0.202,0.273,0.179,0.174,75.9
670764,Taylor Walls,TB,30 to 35,475,0.162,0.444,55.0,12.0,0.0,0.279,0.353,0.372,0.725,0.382,0.293,0.127,0.137,0.19,77.5
670764,Taylor Walls,TB,35 to 40,536,0.182,0.448,77.0,16.0,0.0,0.246,0.355,0.292,0.648,0.316,0.286,0.286,0.268,0.364,84.7
670764,Taylor Walls,TB,40 to 45,506,0.172,0.399,72.0,11.0,0.0,0.177,0.292,0.194,0.485,0.243,0.236,0.292,0.246,0.15,78.6
670764,Taylor Walls,TB,45 to 50,338,0.115,0.432,60.0,14.0,2.0,0.264,0.35,0.453,0.803,0.382,0.247,0.233,0.187,0.282,78.3
670764,Taylor Walls,TB,5 to 10,30,0.01,0.4,,,,,,,,,,,,,
670764,Taylor Walls,TB,50 to 55,237,0.081,0.435,38.0,8.0,0.0,0.25,0.333,0.375,0.708,0.328,0.229,0.289,0.188,0.208,79.6
670764,Taylor Walls,TB,55 to 60,86,0.029,0.419,11.0,2.0,0.0,0.25,0.333,0.375,0.708,0.361,0.232,0.364,0.308,0.0,67.4
670764,Taylor Walls,TB,60 to 65,29,0.01,0.414,,,,,,,,,,,,,
621493,Taylor Ward,SEA,0 to 5,23,0.004,0.348,,,,,,,,,,,,,
621493,Taylor Ward,SEA,10 to 15,104,0.02,0.356,20.0,4.0,0.0,0.25,0.35,0.312,0.662,0.302,0.271,0.2,0.174,0.385,85.0
621493,Taylor Ward,SEA,15 to 20,206,0.039,0.34,24.0,7.0,0.0,0.333,0.417,0.381,0.798,0.365,0.258,0.333,0.282,0.429,93.4
621493,Taylor Ward,SEA,20 to 25,373,0.07,0.383,37.0,4.0,0.0,0.143,0.351,0.179,0.53,0.277,0.356,0.189,0.183,0.286,89.2
621493,Taylor Ward,SEA,25 to 30,600,0.113,0.405,72.0,11.0,1.0,0.186,0.333,0.271,0.605,0.289,0.302,0.194,0.174,0.283,89.8
621493,Taylor Ward,SEA,30 to 35,799,0.15,0.334,82.0,17.0,2.0,0.266,0.427,0.422,0.849,0.389,0.404,0.134,0.185,0.462,89.5
621493,Taylor Ward,SEA,35 to 40,923,0.174,0.359,102.0,15.0,0.0,0.176,0.304,0.212,0.516,0.261,0.312,0.225,0.149,0.381,88.9
621493,Taylor Ward,SEA,40 to 45,918,0.173,0.356,113.0,22.0,1.0,0.229,0.336,0.312,0.649,0.315,0.367,0.23,0.179,0.352,87.7
621493,Taylor Ward,SEA,45 to 50,610,0.115,0.364,61.0,15.0,2.0,0.294,0.41,0.451,0.861,0.398,0.332,0.131,0.114,0.372,86.7
621493,Taylor Ward,SEA,5 to 10,50,0.009,0.3,,,,,,,,,,,,,
621493,Taylor Ward,SEA,50 to 55,332,0.062,0.328,38.0,6.0,0.0,0.194,0.342,0.258,0.6,0.313,0.309,0.368,0.188,0.529,90.0
621493,Taylor Ward,SEA,55 to 60,169,0.032,0.414,16.0,2.0,1.0,0.143,0.25,0.357,0.607,0.269,0.299,0.375,0.25,0.375,88.4
621493,Taylor Ward,SEA,60 to 65,50,0.009,0.36,,,,,,,,,,,,,
621493,Taylor Ward,SEA,65 to 70,44,0.008,0.386,,,,,,,,,,,,,
606192,Teoscar Hernández,LAD,10 to 15,94,0.023,0.511,17.0,4.0,1.0,0.286,0.412,0.643,1.055,0.441,0.337,0.294,0.194,0.111,87.6
606192,Teoscar Hernández,LAD,15 to 20,180,0.045,0.456,14.0,5.0,1.0,0.455,0.571,0.909,1.481,0.6,0.581,0.214,0.25,0.556,93.2
606192,Teoscar Hernández,LAD,20 to 25,307,0.076,0.44,40.0,12.0,1.0,0.324,0.375,0.432,0.807,0.359,0.321,0.175,0.211,0.367,85.5
606192,Teoscar Hernández,LAD,25 to 30,430,0.107,0.451,43.0,14.0,3.0,0.35,0.395,0.65,1.045,0.443,0.327,0.279,0.337,0.429,90.4
606192,Teoscar Hernández,LAD,30 to 35,548,0.136,0.509,55.0,17.0,3.0,0.327,0.345,0.538,0.884,0.376,0.348,0.236,0.24,0.625,92.9
606192,Teoscar Hernández,LAD,35 to 40,671,0.167,0.471,91.0,20.0,1.0,0.244,0.319,0.354,0.672,0.322,0.297,0.297,0.329,0.364,88.4
606192,Teoscar Hernández,LAD,40 to 45,684,0.17,0.49,83.0,15.0,1.0,0.2,0.253,0.253,0.506,0.231,0.346,0.325,0.312,0.5,92.3
606192,Teoscar Hernández,LAD,45 to 50,497,0.124,0.521,62.0,9.0,1.0,0.161,0.242,0.25,0.492,0.227,0.264,0.323,0.306,0.417,88.0
606192,Teoscar Hernández,LAD,5 to 10,44,0.011,0.386,,,,,,,,,,,,,
606192,Teoscar Hernández,LAD,50 to 55,288,0.072,0.531,29.0,10.0,1.0,0.417,0.517,0.583,1.101,0.481,0.376,0.172,0.333,0.526,93.6
606192,Teoscar Hernández,LAD,55 to 60,118,0.029,0.559,,,,,,,,,,,,,
606192,Teoscar Hernández,LAD,60 to 65,40,0.01,0.525,,,,,,,,,,,,,
695336,Thomas Saggese,STL,10 to 15,26,0.014,0.615,,,,,,,,,,,,,
695336,Thomas Saggese,STL,15 to 20,62,0.034,0.516,,,,,,,,,,,,,
695336,Thomas Saggese,STL,20 to 25,154,0.084,0.513,16.0,4.0,0.0,0.25,0.25,0.312,0.562,0.247,0.184,0.312,0.259,0.364,90.6
695336,Thomas Saggese,STL,25 to 30,202,0.11,0.52,,,,,,,,,,,,,
695336,Thomas Saggese,STL,30 to 35,220,0.119,0.495,17.0,5.0,0.0,0.312,0.353,0.312,0.665,0.306,0.344,0.235,0.379,0.167,86.8
695336,Thomas Saggese,STL,35 to 40,295,0.16,0.471,30.0,4.0,1.0,0.174,0.3,0.348,0.648,0.285,0.372,0.133,0.237,0.333,91.3
695336,Thomas Saggese,STL,40 to 45,345,0.187,0.504,40.0,9.0,2.0,0.257,0.325,0.457,0.782,0.359,0.355,0.225,0.241,0.519,92.7
695336,Thomas Saggese,STL,45 to 50,238,0.129,0.517,16.0,3.0,0.0,0.2,0.25,0.267,0.517,0.234,0.154,0.438,0.268,0.25,81.5
695336,Thomas Saggese,STL,50 to 55,158,0.086,0.494,15.0,4.0,0.0,0.286,0.333,0.429,0.762,0.333,0.398,0.2,0.184,0.545,89.9
695336,Thomas Saggese,STL,55 to 60,65,0.035,0.462,,,,,,,,,,,,,
695336,Thomas Saggese,STL,60 to 65,28,0.015,0.464,,,,,,,,,,,,,
695336,Thomas Saggese,STL,65 to 70,16,0.009,0.812,,,,,,,,,,,,,
694374,Tim Tawa,AZ,10 to 15,71,0.032,0.493,,,,,,,,,,,,,
694374,Tim Tawa,AZ,15 to 20,87,0.039,0.356,10.0,3.0,1.0,0.375,0.5,0.875,1.375,0.555,0.484,0.3,0.286,0.8,97.7
694374,Tim Tawa,AZ,20 to 25,148,0.067,0.507,22.0,4.0,1.0,0.211,0.25,0.368,0.618,0.29,0.232,0.364,0.302,0.357,80.6
694374,Tim Tawa,AZ,25 to 30,170,0.077,0.441,25.0,4.0,1.0,0.2,0.333,0.4,0.733,0.365,0.335,0.32,0.383,0.385,84.0
694374,Tim Tawa,AZ,30 to 35,262,0.119,0.466,40.0,8.0,1.0,0.229,0.3,0.371,0.671,0.295,0.381,0.15,0.226,0.4,89.0
694374,Tim Tawa,AZ,35 to 40,327,0.148,0.532,55.0,10.0,1.0,0.204,0.25,0.306,0.556,0.308,0.231,0.218,0.233,0.3,84.5
694374,Tim Tawa,AZ,40 to 45,376,0.171,0.481,61.0,16.0,3.0,0.291,0.328,0.491,0.819,0.377,0.331,0.18,0.25,0.522,92.3
694374,Tim Tawa,AZ,45 to 50,323,0.147,0.471,50.0,10.0,1.0,0.233,0.32,0.349,0.669,0.3,0.343,0.2,0.2,0.444,91.3
694374,Tim Tawa,AZ,5 to 10,27,0.012,0.519,,,,,,,,,,,,,
694374,Tim Tawa,AZ,50 to 55,172,0.078,0.459,20.0,4.0,0.0,0.2,0.2,0.25,0.45,0.197,0.229,0.4,0.349,0.583,92.4
694374,Tim Tawa,AZ,55 to 60,89,0.04,0.461,,,,,,,,,,,,,
694374,Tim Tawa,AZ,60 to 65,30,0.014,0.533,,,,,,,,,,,,,
694374,Tim Tawa,AZ,65 to 70,18,0.008,0.444,,,,,,,,,,,,,
670770,Tj Friedl,CIN,0 to 5,24,0.007,0.458,,,,,,,,,,,,,
670770,Tj Friedl,CIN,10 to 15,84,0.023,0.31,,,,,,,,,,,,,
670770,Tj Friedl,CIN,15 to 20,121,0.033,0.405,10.0,0.0,0.0,0.0,0.2,0.0,0.2,0.14,0.287,0.2,0.125,0.333,87.0
670770,Tj Friedl,CIN,20 to 25,208,0.057,0.457,15.0,0.0,0.0,0.0,0.143,0.0,0.143,0.114,0.19,0.4,0.267,0.286,82.8
670770,Tj Friedl,CIN,25 to 30,448,0.123,0.342,29.0,4.0,0.0,0.167,0.31,0.167,0.477,0.245,0.252,0.345,0.255,0.312,83.4
670770,Tj Friedl,CIN,30 to 35,558,0.153,0.43,50.0,7.0,0.0,0.171,0.292,0.195,0.487,0.249,0.317,0.18,0.275,0.229,81.0
670770,Tj Friedl,CIN,35 to 40,587,0.161,0.394,38.0,11.0,1.0,0.306,0.342,0.528,0.87,0.372,0.319,0.105,0.127,0.294,86.6
670770,Tj Friedl,CIN,40 to 45,572,0.156,0.411,39.0,4.0,2.0,0.111,0.158,0.278,0.436,0.195,0.187,0.308,0.271,0.385,87.6
670770,Tj Friedl,CIN,45 to 50,422,0.115,0.372,31.0,5.0,0.0,0.185,0.258,0.222,0.48,0.247,0.177,0.258,0.333,0.286,79.5
670770,Tj Friedl,CIN,5 to 10,33,0.009,0.333,,,,,,,,,,,,,
670770,Tj Friedl,CIN,50 to 55,309,0.084,0.382,21.0,5.0,0.0,0.25,0.286,0.25,0.536,0.248,0.179,0.286,0.207,0.067,69.9
670770,Tj Friedl,CIN,55 to 60,156,0.043,0.41,,,,,,,,,,,,,
670770,Tj Friedl,CIN,60 to 65,72,0.02,0.375,,,,,,,,,,,,,
670770,Tj Friedl,CIN,65 to 70,17,0.005,0.529,,,,,,,,,,,,,
681198,Tj Rumfield,COL,10 to 15,42,0.018,0.524,,,,,,,,,,,,,
681198,Tj Rumfield,COL,15 to 20,81,0.034,0.407,16.0,3.0,0.0,0.231,0.375,0.308,0.683,0.322,0.346,0.312,0.242,0.25,78.9
681198,Tj Rumfield,COL,20 to 25,241,0.103,0.506,66.0,10.0,1.0,0.179,0.288,0.25,0.538,0.258,0.299,0.182,0.197,0.205,81.3
681198,Tj Rumfield,COL,25 to 30,231,0.098,0.398,53.0,13.0,2.0,0.325,0.491,0.55,1.041,0.454,0.394,0.075,0.13,0.222,80.9
681198,Tj Rumfield,COL,30 to 35,314,0.134,0.5,89.0,22.0,2.0,0.275,0.348,0.45,0.798,0.36,0.331,0.157,0.172,0.313,86.9
681198,Tj Rumfield,COL,35 to 40,435,0.185,0.487,118.0,35.0,1.0,0.343,0.424,0.451,0.875,0.404,0.342,0.093,0.156,0.326,86.3
681198,Tj Rumfield,COL,40 to 45,353,0.15,0.516,97.0,29.0,4.0,0.326,0.381,0.506,0.887,0.387,0.327,0.124,0.148,0.273,83.3
681198,Tj Rumfield,COL,45 to 50,240,0.102,0.471,60.0,20.0,2.0,0.392,0.483,0.569,1.052,0.467,0.403,0.083,0.159,0.283,83.2
681198,Tj Rumfield,COL,5 to 10,19,0.008,0.526,,,,,,,,,,,,,
681198,Tj Rumfield,COL,50 to 55,168,0.072,0.464,47.0,12.0,0.0,0.308,0.426,0.41,0.836,0.398,0.302,0.149,0.179,0.242,83.2
681198,Tj Rumfield,COL,55 to 60,89,0.038,0.528,22.0,3.0,0.0,0.15,0.227,0.15,0.377,0.186,0.22,0.182,0.277,0.25,81.0
681198,Tj Rumfield,COL,60 to 65,29,0.012,0.31,,,,,,,,,,,,,
681198,Tj Rumfield,COL,65 to 70,17,0.007,0.588,,,,,,,,,,,,,
669242,Tommy Edman,LAD,10 to 15,73,0.029,0.479,13.0,0.0,0.0,0.0,0.077,0.0,0.077,0.123,0.23,0.385,0.429,0.429,89.6
669242,Tommy Edman,LAD,15 to 20,101,0.041,0.495,16.0,6.0,0.0,0.4,0.438,0.467,0.904,0.403,0.364,0.25,0.261,0.545,93.1
669242,Tommy Edman,LAD,20 to 25,169,0.068,0.479,21.0,3.0,1.0,0.188,0.35,0.375,0.725,0.34,0.398,0.095,0.179,0.267,78.9
669242,Tommy Edman,LAD,25 to 30,261,0.105,0.444,33.0,4.0,1.0,0.148,0.303,0.259,0.562,0.27,0.253,0.182,0.208,0.19,86.0
669242,Tommy Edman,LAD,30 to 35,377,0.151,0.469,41.0,8.0,0.0,0.216,0.293,0.324,0.617,0.322,0.285,0.22,0.263,0.5,88.3
669242,Tommy Edman,LAD,35 to 40,409,0.164,0.469,52.0,15.0,2.0,0.333,0.423,0.533,0.956,0.434,0.336,0.269,0.224,0.355,89.4
669242,Tommy Edman,LAD,40 to 45,418,0.168,0.476,59.0,14.0,0.0,0.259,0.322,0.315,0.637,0.321,0.295,0.22,0.188,0.262,84.5
669242,Tommy Edman,LAD,45 to 50,264,0.106,0.511,33.0,11.0,3.0,0.393,0.469,0.714,1.183,0.534,0.364,0.121,0.143,0.32,87.4
669242,Tommy Edman,LAD,5 to 10,26,0.01,0.538,,,,,,,,,,,,,
669242,Tommy Edman,LAD,50 to 55,171,0.069,0.398,15.0,4.0,1.0,0.286,0.333,0.714,1.048,0.43,0.294,0.2,0.276,0.364,89.5
669242,Tommy Edman,LAD,55 to 60,102,0.041,0.48,13.0,1.0,0.0,0.083,0.154,0.083,0.237,0.123,0.131,0.077,0.125,0.0,80.3
669242,Tommy Edman,LAD,60 to 65,23,0.009,0.435,,,,,,,,,,,,,
502054,Tommy Pham,CWS,10 to 15,39,0.021,0.41,,,,,,,,,,,,,
502054,Tommy Pham,CWS,15 to 20,69,0.038,0.435,,,,,,,,,,,,,
502054,Tommy Pham,CWS,20 to 25,107,0.059,0.327,,,,,,,,,,,,,
502054,Tommy Pham,CWS,25 to 30,162,0.089,0.377,,,,,,,,,,,,,
502054,Tommy Pham,CWS,30 to 35,221,0.121,0.443,,,,,,,,,,,,,
502054,Tommy Pham,CWS,35 to 40,310,0.169,0.439,,,,,,,,,,,,,
502054,Tommy Pham,CWS,40 to 45,314,0.172,0.427,,,,,,,,,,,,,
502054,Tommy Pham,CWS,45 to 50,240,0.131,0.433,,,,,,,,,,,,,
502054,Tommy Pham,CWS,5 to 10,21,0.011,0.333,,,,,,,,,,,,,
502054,Tommy Pham,CWS,50 to 55,169,0.092,0.491,,,,,,,,,,,,,
502054,Tommy Pham,CWS,55 to 60,103,0.056,0.466,,,,,,,,,,,,,
502054,Tommy Pham,CWS,60 to 65,24,0.013,0.25,,,,,,,,,,,,,
502054,Tommy Pham,CWS,65 to 70,16,0.009,0.438,,,,,,,,,,,,,
694371,Tommy Troy,AZ,15 to 20,21,0.036,0.476,,,,,,,,,,,,,
694371,Tommy Troy,AZ,20 to 25,29,0.05,0.414,,,,,,,,,,,,,
694371,Tommy Troy,AZ,25 to 30,66,0.114,0.53,19.0,3.0,1.0,0.176,0.263,0.353,0.616,0.274,0.366,0.158,0.229,0.5,86.3
694371,Tommy Troy,AZ,30 to 35,80,0.139,0.4,20.0,3.0,1.0,0.176,0.3,0.353,0.653,0.385,0.323,0.35,0.219,0.3,88.4
694371,Tommy Troy,AZ,35 to 40,70,0.121,0.486,17.0,3.0,0.0,0.176,0.176,0.235,0.412,0.179,0.271,0.176,0.324,0.214,84.1
694371,Tommy Troy,AZ,40 to 45,97,0.168,0.412,24.0,6.0,1.0,0.273,0.333,0.455,0.788,0.359,0.398,0.167,0.25,0.353,83.3
694371,Tommy Troy,AZ,45 to 50,73,0.127,0.452,21.0,5.0,1.0,0.263,0.333,0.526,0.86,0.367,0.28,0.19,0.182,0.267,87.2
694371,Tommy Troy,AZ,50 to 55,54,0.094,0.389,15.0,3.0,0.0,0.25,0.357,0.25,0.607,0.307,0.265,0.2,0.286,0.1,65.0
694371,Tommy Troy,AZ,55 to 60,40,0.069,0.5,,,,,,,,,,,,,
695720,Tommy White,ATH,15 to 20,17,0.026,0.588,,,,,,,,,,,,,
695720,Tommy White,ATH,20 to 25,31,0.047,0.355,,,,,,,,,,,,,
695720,Tommy White,ATH,25 to 30,63,0.095,0.524,15.0,1.0,0.0,0.071,0.133,0.071,0.205,0.107,0.211,0.133,0.152,0.167,80.0
695720,Tommy White,ATH,30 to 35,83,0.126,0.578,25.0,7.0,0.0,0.28,0.28,0.32,0.6,0.266,0.224,0.2,0.167,0.2,84.2
695720,Tommy White,ATH,35 to 40,103,0.156,0.515,29.0,8.0,0.0,0.286,0.31,0.321,0.632,0.284,0.406,0.172,0.226,0.565,93.9
695720,Tommy White,ATH,40 to 45,127,0.192,0.535,40.0,7.0,1.0,0.189,0.225,0.297,0.522,0.235,0.285,0.175,0.309,0.367,86.0
695720,Tommy White,ATH,45 to 50,74,0.112,0.608,21.0,4.0,0.0,0.19,0.19,0.19,0.381,0.171,0.259,0.143,0.156,0.5,90.4
695720,Tommy White,ATH,50 to 55,68,0.103,0.618,19.0,7.0,2.0,0.389,0.421,0.833,1.254,0.521,0.413,0.0,0.143,0.222,83.5
695720,Tommy White,ATH,55 to 60,24,0.036,0.542,,,,,,,,,,,,,
683953,Travis Bazzana,CLE,10 to 15,49,0.024,0.449,15.0,3.0,0.0,0.231,0.333,0.231,0.564,0.273,0.207,0.4,0.455,0.286,73.9
683953,Travis Bazzana,CLE,15 to 20,75,0.037,0.44,19.0,4.0,1.0,0.25,0.316,0.5,0.816,0.339,0.299,0.211,0.364,0.462,90.0
683953,Travis Bazzana,CLE,20 to 25,161,0.08,0.453,38.0,12.0,2.0,0.333,0.368,0.556,0.924,0.397,0.311,0.053,0.11,0.333,86.8
683953,Travis Bazzana,CLE,25 to 30,205,0.102,0.424,49.0,10.0,0.0,0.256,0.408,0.359,0.767,0.355,0.334,0.163,0.195,0.355,83.2
683953,Travis Bazzana,CLE,30 to 35,325,0.162,0.462,81.0,12.0,4.0,0.176,0.296,0.382,0.679,0.309,0.28,0.222,0.233,0.353,88.7
683953,Travis Bazzana,CLE,35 to 40,343,0.171,0.423,86.0,19.0,1.0,0.264,0.36,0.375,0.735,0.34,0.309,0.186,0.159,0.328,85.3
683953,Travis Bazzana,CLE,40 to 45,289,0.144,0.426,73.0,20.0,4.0,0.294,0.342,0.574,0.916,0.388,0.359,0.151,0.163,0.474,91.8
683953,Travis Bazzana,CLE,45 to 50,167,0.083,0.521,56.0,12.0,1.0,0.245,0.321,0.347,0.668,0.3,0.239,0.304,0.287,0.273,86.7
683953,Travis Bazzana,CLE,50 to 55,143,0.071,0.413,30.0,3.0,0.0,0.115,0.233,0.115,0.349,0.183,0.232,0.167,0.237,0.381,85.2
683953,Travis Bazzana,CLE,55 to 60,69,0.034,0.551,17.0,3.0,0.0,0.214,0.353,0.214,0.567,0.282,0.343,0.235,0.368,0.2,80.7
683953,Travis Bazzana,CLE,60 to 65,29,0.014,0.31,,,,,,,,,,,,,
518595,Travis D'Arnaud,LAA,10 to 15,18,0.015,0.444,,,,,,,,,,,,,
518595,Travis D'Arnaud,LAA,15 to 20,26,0.022,0.692,,,,,,,,,,,,,
518595,Travis D'Arnaud,LAA,20 to 25,105,0.089,0.495,11.0,2.0,1.0,0.182,0.182,0.455,0.636,0.264,0.296,0.455,0.167,0.333,87.6
518595,Travis D'Arnaud,LAA,25 to 30,132,0.112,0.568,11.0,1.0,0.0,0.111,0.273,0.222,0.495,0.241,0.172,0.182,0.263,0.143,90.7
518595,Travis D'Arnaud,LAA,30 to 35,164,0.139,0.494,,,,,,,,,,,,,
518595,Travis D'Arnaud,LAA,35 to 40,224,0.19,0.576,13.0,3.0,0.0,0.273,0.385,0.273,0.657,0.315,0.264,0.154,0.24,0.444,86.5
518595,Travis D'Arnaud,LAA,40 to 45,198,0.168,0.429,11.0,1.0,0.0,0.1,0.182,0.2,0.382,0.177,0.273,0.455,0.316,0.6,90.2
518595,Travis D'Arnaud,LAA,45 to 50,148,0.126,0.588,12.0,0.0,0.0,0.0,0.25,0.0,0.25,0.25,0.257,0.25,0.4,0.167,77.0
518595,Travis D'Arnaud,LAA,50 to 55,77,0.065,0.61,,,,,,,,,,,,,
518595,Travis D'Arnaud,LAA,55 to 60,35,0.03,0.457,,,,,,,,,,,,,
518595,Travis D'Arnaud,LAA,60 to 65,17,0.014,0.471,,,,,,,,,,,,,
607208,Trea Turner,PHI,10 to 15,116,0.023,0.483,16.0,2.0,0.0,0.143,0.25,0.143,0.393,0.2,0.275,0.125,0.212,0.25,87.3
607208,Trea Turner,PHI,15 to 20,158,0.032,0.424,29.0,7.0,1.0,0.292,0.414,0.5,0.914,0.4,0.397,0.276,0.276,0.5,91.1
607208,Trea Turner,PHI,20 to 25,293,0.059,0.56,40.0,7.0,1.0,0.179,0.2,0.256,0.456,0.225,0.257,0.25,0.308,0.517,89.0
607208,Trea Turner,PHI,25 to 30,452,0.091,0.527,65.0,19.0,3.0,0.306,0.338,0.532,0.871,0.387,0.257,0.154,0.285,0.365,87.5
607208,Trea Turner,PHI,30 to 35,646,0.129,0.512,95.0,22.0,1.0,0.234,0.242,0.298,0.54,0.267,0.271,0.274,0.263,0.353,89.5
607208,Trea Turner,PHI,35 to 40,858,0.172,0.507,110.0,20.0,2.0,0.198,0.255,0.267,0.522,0.238,0.24,0.218,0.254,0.346,87.7
607208,Trea Turner,PHI,40 to 45,909,0.182,0.513,106.0,27.0,2.0,0.284,0.358,0.421,0.78,0.346,0.331,0.208,0.252,0.438,88.8
607208,Trea Turner,PHI,45 to 50,678,0.136,0.532,100.0,16.0,3.0,0.174,0.23,0.315,0.545,0.249,0.265,0.23,0.295,0.371,87.4
607208,Trea Turner,PHI,5 to 10,68,0.014,0.515,,,,,,,,,,,,,
607208,Trea Turner,PHI,50 to 55,405,0.081,0.479,48.0,9.0,1.0,0.237,0.375,0.316,0.691,0.323,0.382,0.083,0.143,0.412,89.7
607208,Trea Turner,PHI,55 to 60,177,0.035,0.492,20.0,6.0,0.0,0.3,0.3,0.45,0.75,0.323,0.184,0.35,0.243,0.154,84.8
607208,Trea Turner,PHI,60 to 65,86,0.017,0.488,16.0,8.0,3.0,0.571,0.625,1.357,1.982,0.788,0.434,0.125,0.261,0.583,86.4
607208,Trea Turner,PHI,65 to 70,29,0.006,0.414,,,,,,,,,,,,,
663757,Trent Grisham,NYY,10 to 15,69,0.016,0.406,,,,,,,,,,,,,
663757,Trent Grisham,NYY,15 to 20,136,0.031,0.353,15.0,3.0,0.0,0.214,0.267,0.357,0.624,0.273,0.227,0.2,0.136,0.182,88.0
663757,Trent Grisham,NYY,20 to 25,217,0.05,0.406,17.0,2.0,1.0,0.125,0.176,0.375,0.551,0.232,0.241,0.176,0.229,0.462,88.2
663757,Trent Grisham,NYY,25 to 30,463,0.106,0.378,49.0,8.0,3.0,0.195,0.306,0.463,0.77,0.329,0.324,0.163,0.101,0.382,88.2
663757,Trent Grisham,NYY,30 to 35,627,0.144,0.392,55.0,7.0,2.0,0.14,0.218,0.28,0.498,0.241,0.26,0.236,0.121,0.514,92.5
663757,Trent Grisham,NYY,35 to 40,853,0.196,0.386,100.0,18.0,3.0,0.2,0.28,0.356,0.636,0.292,0.349,0.21,0.185,0.552,93.0
663757,Trent Grisham,NYY,40 to 45,657,0.151,0.384,69.0,15.0,2.0,0.254,0.333,0.407,0.74,0.324,0.361,0.188,0.241,0.458,92.4
663757,Trent Grisham,NYY,45 to 50,458,0.105,0.4,56.0,9.0,4.0,0.188,0.304,0.479,0.783,0.336,0.346,0.125,0.206,0.463,91.1
663757,Trent Grisham,NYY,5 to 10,27,0.006,0.333,,,,,,,,,,,,,
663757,Trent Grisham,NYY,50 to 55,413,0.095,0.363,55.0,13.0,3.0,0.283,0.4,0.543,0.943,0.406,0.399,0.2,0.13,0.486,90.2
663757,Trent Grisham,NYY,55 to 60,208,0.048,0.409,26.0,8.0,0.0,0.381,0.5,0.429,0.929,0.425,0.456,0.077,0.128,0.263,84.3
663757,Trent Grisham,NYY,60 to 65,80,0.018,0.325,,,,,,,,,,,,,
663757,Trent Grisham,NYY,65 to 70,34,0.008,0.441,,,,,,,,,,,,,
663616,Trevor Larnach,MIN,0 to 5,20,0.005,0.4,,,,,,,,,,,,,
663616,Trevor Larnach,MIN,10 to 15,99,0.025,0.404,,,,,,,,,,,,,
663616,Trevor Larnach,MIN,15 to 20,126,0.032,0.5,17.0,5.0,0.0,0.333,0.375,0.533,0.908,0.43,0.353,0.176,0.172,0.583,91.0
663616,Trevor Larnach,MIN,20 to 25,230,0.059,0.383,21.0,6.0,0.0,0.375,0.524,0.438,0.961,0.462,0.479,0.048,0.111,0.286,83.3
663616,Trevor Larnach,MIN,25 to 30,373,0.096,0.405,36.0,10.0,1.0,0.323,0.417,0.516,0.933,0.407,0.334,0.194,0.283,0.375,85.3
663616,Trevor Larnach,MIN,30 to 35,603,0.155,0.444,59.0,14.0,3.0,0.264,0.339,0.453,0.792,0.358,0.319,0.186,0.263,0.31,88.7
663616,Trevor Larnach,MIN,35 to 40,655,0.168,0.453,84.0,24.0,4.0,0.312,0.369,0.558,0.927,0.397,0.329,0.202,0.312,0.383,88.4
663616,Trevor Larnach,MIN,40 to 45,602,0.155,0.455,76.0,18.0,2.0,0.265,0.342,0.441,0.783,0.355,0.341,0.184,0.227,0.333,87.5
663616,Trevor Larnach,MIN,45 to 50,433,0.111,0.457,51.0,8.0,1.0,0.174,0.255,0.239,0.494,0.249,0.29,0.176,0.239,0.351,86.4
663616,Trevor Larnach,MIN,5 to 10,25,0.006,0.24,,,,,,,,,,,,,
663616,Trevor Larnach,MIN,50 to 55,376,0.097,0.455,25.0,6.0,0.0,0.261,0.32,0.304,0.624,0.286,0.272,0.2,0.291,0.333,88.9
663616,Trevor Larnach,MIN,55 to 60,143,0.037,0.545,19.0,2.0,1.0,0.125,0.263,0.312,0.576,0.263,0.278,0.158,0.241,0.462,87.5
663616,Trevor Larnach,MIN,60 to 65,73,0.019,0.37,,,,,,,,,,,,,
663616,Trevor Larnach,MIN,65 to 70,22,0.006,0.455,,,,,,,,,,,,,
596115,Trevor Story,BOS,-5 to 0,16,0.005,0.312,,,,,,,,,,,,,
596115,Trevor Story,BOS,10 to 15,49,0.014,0.592,,,,,,,,,,,,,
596115,Trevor Story,BOS,15 to 20,102,0.03,0.48,,,,,,,,,,,,,
596115,Trevor Story,BOS,20 to 25,238,0.069,0.563,20.0,4.0,0.0,0.2,0.2,0.25,0.45,0.198,0.223,0.3,0.214,0.357,86.8
596115,Trevor Story,BOS,25 to 30,315,0.092,0.537,24.0,5.0,2.0,0.217,0.25,0.478,0.728,0.346,0.265,0.333,0.302,0.4,88.6
596115,Trevor Story,BOS,30 to 35,450,0.131,0.544,33.0,8.0,0.0,0.25,0.273,0.344,0.616,0.271,0.213,0.273,0.264,0.435,85.1
596115,Trevor Story,BOS,35 to 40,610,0.178,0.566,46.0,10.0,0.0,0.238,0.283,0.31,0.592,0.264,0.261,0.304,0.308,0.448,88.4
596115,Trevor Story,BOS,40 to 45,602,0.176,0.568,58.0,12.0,0.0,0.231,0.293,0.288,0.582,0.311,0.275,0.328,0.299,0.382,89.0
596115,Trevor Story,BOS,45 to 50,436,0.127,0.56,18.0,4.0,2.0,0.222,0.222,0.611,0.833,0.342,0.243,0.278,0.255,0.385,88.1
596115,Trevor Story,BOS,5 to 10,29,0.008,0.483,,,,,,,,,,,,,
596115,Trevor Story,BOS,50 to 55,284,0.083,0.528,22.0,6.0,1.0,0.273,0.273,0.5,0.773,0.368,0.226,0.364,0.277,0.357,88.4
596115,Trevor Story,BOS,55 to 60,160,0.047,0.562,11.0,5.0,0.0,0.455,0.455,0.455,0.909,0.409,0.43,0.182,0.115,0.111,78.2
596115,Trevor Story,BOS,60 to 65,68,0.02,0.338,,,,,,,,,,,,,
596115,Trevor Story,BOS,65 to 70,19,0.006,0.526,,,,,,,,,,,,,
641820,Trey Mancini,LAA,20 to 25,16,0.327,0.688,,,,,,,,,,,,,
656484,Tristan Gray,MIN,10 to 15,22,0.021,0.591,,,,,,,,,,,,,
656484,Tristan Gray,MIN,15 to 20,52,0.05,0.423,,,,,,,,,,,,,
656484,Tristan Gray,MIN,20 to 25,71,0.068,0.563,14.0,1.0,0.0,0.083,0.214,0.083,0.298,0.164,0.234,0.429,0.321,0.333,85.5
656484,Tristan Gray,MIN,25 to 30,130,0.124,0.515,21.0,8.0,1.0,0.421,0.429,0.684,1.113,0.462,0.394,0.143,0.289,0.235,85.9
656484,Tristan Gray,MIN,30 to 35,120,0.115,0.542,23.0,11.0,1.0,0.5,0.522,0.682,1.204,0.563,0.366,0.174,0.19,0.667,95.5
656484,Tristan Gray,MIN,35 to 40,159,0.152,0.56,22.0,2.0,0.0,0.095,0.095,0.143,0.238,0.118,0.112,0.5,0.415,0.3,84.2
656484,Tristan Gray,MIN,40 to 45,183,0.175,0.53,37.0,4.0,0.0,0.114,0.162,0.143,0.305,0.145,0.247,0.405,0.241,0.526,90.2
656484,Tristan Gray,MIN,45 to 50,128,0.122,0.547,28.0,6.0,2.0,0.25,0.286,0.5,0.786,0.321,0.256,0.321,0.348,0.353,83.6
656484,Tristan Gray,MIN,50 to 55,101,0.096,0.594,17.0,2.0,0.0,0.125,0.176,0.125,0.301,0.2,0.18,0.059,0.326,0.125,78.7
656484,Tristan Gray,MIN,55 to 60,37,0.035,0.649,,,,,,,,,,,,,
656484,Tristan Gray,MIN,60 to 65,16,0.015,0.5,,,,,,,,,,,,,
671976,Tristan Peters,CWS,10 to 15,31,0.017,0.516,,,,,,,,,,,,,
671976,Tristan Peters,CWS,15 to 20,46,0.026,0.457,,,,,,,,,,,,,
671976,Tristan Peters,CWS,20 to 25,93,0.052,0.602,35.0,6.0,1.0,0.214,0.371,0.393,0.764,0.346,0.327,0.257,0.231,0.368,87.9
671976,Tristan Peters,CWS,25 to 30,175,0.099,0.52,43.0,8.0,0.0,0.216,0.326,0.27,0.596,0.281,0.245,0.186,0.25,0.345,85.3
671976,Tristan Peters,CWS,30 to 35,215,0.121,0.54,54.0,15.0,1.0,0.3,0.352,0.48,0.832,0.361,0.361,0.093,0.108,0.356,86.2
671976,Tristan Peters,CWS,35 to 40,316,0.178,0.513,83.0,30.0,4.0,0.385,0.422,0.641,1.063,0.465,0.386,0.145,0.211,0.369,85.1
671976,Tristan Peters,CWS,40 to 45,289,0.163,0.519,85.0,18.0,2.0,0.25,0.357,0.431,0.788,0.351,0.303,0.165,0.199,0.3,83.5
671976,Tristan Peters,CWS,45 to 50,253,0.143,0.526,74.0,18.0,3.0,0.281,0.333,0.516,0.849,0.364,0.315,0.149,0.173,0.368,85.6
671976,Tristan Peters,CWS,5 to 10,34,0.019,0.5,,,,,,,,,,,,,
671976,Tristan Peters,CWS,50 to 55,143,0.081,0.573,36.0,4.0,0.0,0.121,0.194,0.152,0.346,0.168,0.27,0.25,0.244,0.292,81.6
671976,Tristan Peters,CWS,55 to 60,72,0.041,0.486,16.0,6.0,0.0,0.375,0.375,0.5,0.875,0.438,0.291,0.188,0.265,0.385,70.5
671976,Tristan Peters,CWS,60 to 65,20,0.011,0.55,,,,,,,,,,,,,
687859,Troy Johnston,COL,10 to 15,26,0.013,0.615,,,,,,,,,,,,,
687859,Troy Johnston,COL,15 to 20,81,0.039,0.494,20.0,4.0,0.0,0.222,0.3,0.389,0.689,0.302,0.329,0.25,0.148,0.615,94.5
687859,Troy Johnston,COL,20 to 25,159,0.077,0.491,30.0,6.0,0.0,0.25,0.367,0.333,0.7,0.32,0.328,0.2,0.238,0.263,86.6
687859,Troy Johnston,COL,25 to 30,191,0.092,0.576,49.0,11.0,0.0,0.262,0.347,0.357,0.704,0.316,0.374,0.061,0.165,0.225,87.1
687859,Troy Johnston,COL,30 to 35,267,0.129,0.513,55.0,13.0,0.0,0.26,0.296,0.34,0.636,0.285,0.304,0.145,0.206,0.356,87.7
687859,Troy Johnston,COL,35 to 40,418,0.202,0.517,76.0,24.0,1.0,0.329,0.342,0.438,0.78,0.34,0.286,0.184,0.292,0.35,88.0
687859,Troy Johnston,COL,40 to 45,374,0.181,0.529,88.0,25.0,1.0,0.325,0.398,0.455,0.852,0.376,0.365,0.239,0.197,0.414,89.6
687859,Troy Johnston,COL,45 to 50,211,0.102,0.531,49.0,11.0,0.0,0.25,0.327,0.295,0.622,0.288,0.301,0.204,0.184,0.514,94.1
687859,Troy Johnston,COL,5 to 10,17,0.008,0.529,,,,,,,,,,,,,
687859,Troy Johnston,COL,50 to 55,125,0.06,0.488,26.0,6.0,0.0,0.3,0.462,0.45,0.912,0.41,0.338,0.231,0.311,0.357,91.1
687859,Troy Johnston,COL,55 to 60,88,0.043,0.5,14.0,3.0,0.0,0.25,0.357,0.333,0.69,0.382,0.391,0.071,0.172,0.364,87.6
687859,Troy Johnston,COL,60 to 65,34,0.016,0.382,,,,,,,,,,,,,
691907,Tsung-Che Cheng,BOS,25 to 30,31,0.164,0.419,,,,,,,,,,,,,
691907,Tsung-Che Cheng,BOS,30 to 35,30,0.159,0.5,,,,,,,,,,,,,
691907,Tsung-Che Cheng,BOS,35 to 40,42,0.222,0.5,11.0,3.0,0.0,0.273,0.273,0.273,0.545,0.245,0.265,0.364,0.4,0.286,83.6
691907,Tsung-Che Cheng,BOS,40 to 45,34,0.18,0.441,,,,,,,,,,,,,
691907,Tsung-Che Cheng,BOS,45 to 50,26,0.138,0.462,,,,,,,,,,,,,
806367,Turner Hill,SF,10 to 15,17,0.036,0.118,,,,,,,,,,,,,
806367,Turner Hill,SF,20 to 25,34,0.072,0.471,11.0,2.0,0.0,0.222,0.273,0.333,0.606,0.259,0.251,0.182,0.188,0.375,86.6
806367,Turner Hill,SF,25 to 30,47,0.1,0.447,15.0,7.0,0.0,0.5,0.533,0.571,1.105,0.49,0.473,0.067,0.048,0.231,89.3
806367,Turner Hill,SF,30 to 35,49,0.104,0.347,12.0,0.0,0.0,0.0,0.333,0.0,0.333,0.233,0.441,0.167,0.0,0.5,82.6
806367,Turner Hill,SF,35 to 40,57,0.122,0.316,11.0,1.0,0.0,0.111,0.182,0.111,0.293,0.145,0.249,0.091,0.111,0.222,80.9
806367,Turner Hill,SF,40 to 45,74,0.158,0.432,20.0,4.0,1.0,0.222,0.25,0.389,0.639,0.27,0.275,0.3,0.25,0.308,89.0
806367,Turner Hill,SF,45 to 50,71,0.151,0.423,21.0,4.0,0.0,0.211,0.286,0.316,0.602,0.271,0.243,0.143,0.067,0.125,84.1
806367,Turner Hill,SF,50 to 55,53,0.113,0.358,11.0,2.0,0.0,0.222,0.364,0.333,0.697,0.323,0.373,0.182,0.158,0.714,96.3
806367,Turner Hill,SF,55 to 60,29,0.062,0.448,,,,,,,,,,,,,
664034,Ty France,SD,0 to 5,19,0.005,0.368,,,,,,,,,,,,,
664034,Ty France,SD,10 to 15,124,0.033,0.492,,,,,,,,,,,,,
664034,Ty France,SD,15 to 20,131,0.034,0.542,21.0,5.0,0.0,0.312,0.476,0.375,0.851,0.418,0.37,0.19,0.238,0.636,87.9
664034,Ty France,SD,20 to 25,266,0.07,0.496,41.0,12.0,1.0,0.333,0.39,0.611,1.001,0.451,0.312,0.195,0.212,0.429,91.0
664034,Ty France,SD,25 to 30,425,0.112,0.534,63.0,10.0,2.0,0.172,0.238,0.31,0.548,0.271,0.264,0.27,0.252,0.462,91.5
664034,Ty France,SD,30 to 35,535,0.141,0.529,69.0,22.0,2.0,0.367,0.435,0.5,0.935,0.41,0.316,0.188,0.231,0.521,90.2
664034,Ty France,SD,35 to 40,546,0.144,0.56,71.0,21.0,5.0,0.323,0.366,0.615,0.982,0.413,0.384,0.211,0.243,0.471,93.2
664034,Ty France,SD,40 to 45,551,0.145,0.506,64.0,25.0,3.0,0.431,0.453,0.707,1.16,0.485,0.356,0.203,0.255,0.468,93.3
664034,Ty France,SD,45 to 50,488,0.128,0.549,65.0,10.0,3.0,0.175,0.262,0.333,0.595,0.278,0.31,0.215,0.243,0.568,92.7
664034,Ty France,SD,5 to 10,52,0.014,0.462,,,,,,,,,,,,,
664034,Ty France,SD,50 to 55,296,0.078,0.514,28.0,9.0,2.0,0.375,0.429,0.708,1.137,0.468,0.391,0.036,0.193,0.565,93.0
664034,Ty France,SD,55 to 60,169,0.044,0.574,14.0,4.0,1.0,0.308,0.357,0.769,1.126,0.525,0.325,0.357,0.308,0.375,88.5
664034,Ty France,SD,60 to 65,74,0.019,0.608,,,,,,,,,,,,,
664034,Ty France,SD,65 to 70,30,0.008,0.467,,,,,,,,,,,,,
672012,Tyler Black,MIL,20 to 25,27,0.179,0.481,,,,,,,,,,,,,
672012,Tyler Black,MIL,25 to 30,23,0.152,0.522,,,,,,,,,,,,,
672012,Tyler Black,MIL,35 to 40,17,0.113,0.353,,,,,,,,,,,,,
672012,Tyler Black,MIL,40 to 45,19,0.126,0.579,,,,,,,,,,,,,
672012,Tyler Black,MIL,55 to 60,15,0.099,0.467,,,,,,,,,,,,,
682997,Tyler Callihan,PIT,15 to 20,15,0.034,0.6,,,,,,,,,,,,,
682997,Tyler Callihan,PIT,20 to 25,33,0.074,0.636,10.0,1.0,0.0,0.1,0.1,0.1,0.2,0.09,0.107,0.7,0.476,0.0,82.5
682997,Tyler Callihan,PIT,25 to 30,54,0.121,0.556,14.0,5.0,1.0,0.455,0.5,0.818,1.318,0.525,0.4,0.143,0.267,0.1,80.1
682997,Tyler Callihan,PIT,30 to 35,67,0.15,0.567,14.0,1.0,0.0,0.077,0.143,0.231,0.374,0.164,0.143,0.5,0.243,0.333,92.7
682997,Tyler Callihan,PIT,35 to 40,75,0.168,0.56,17.0,4.0,0.0,0.25,0.294,0.375,0.669,0.294,0.204,0.471,0.275,0.25,83.2
682997,Tyler Callihan,PIT,40 to 45,85,0.191,0.494,24.0,3.0,1.0,0.15,0.292,0.35,0.642,0.29,0.28,0.208,0.35,0.467,84.9
682997,Tyler Callihan,PIT,45 to 50,43,0.096,0.558,10.0,2.0,0.0,0.2,0.2,0.3,0.5,0.215,0.294,0.2,0.375,0.25,84.6
682997,Tyler Callihan,PIT,50 to 55,34,0.076,0.471,,,,,,,,,,,,,
671289,Tyler Freeman,COL,10 to 15,27,0.01,0.481,,,,,,,,,,,,,
671289,Tyler Freeman,COL,15 to 20,68,0.025,0.441,,,,,,,,,,,,,
671289,Tyler Freeman,COL,20 to 25,179,0.067,0.458,17.0,3.0,0.0,0.2,0.294,0.2,0.494,0.241,0.33,0.059,0.071,0.214,78.1
671289,Tyler Freeman,COL,25 to 30,273,0.102,0.509,34.0,10.0,0.0,0.333,0.394,0.433,0.827,0.402,0.315,0.147,0.189,0.423,84.8
671289,Tyler Freeman,COL,30 to 35,378,0.142,0.484,50.0,8.0,0.0,0.186,0.3,0.186,0.486,0.242,0.307,0.14,0.085,0.333,87.1
671289,Tyler Freeman,COL,35 to 40,464,0.174,0.442,52.0,11.0,0.0,0.244,0.333,0.333,0.667,0.308,0.309,0.173,0.113,0.324,86.2
671289,Tyler Freeman,COL,40 to 45,443,0.166,0.44,43.0,13.0,2.0,0.317,0.333,0.463,0.797,0.395,0.303,0.047,0.096,0.375,85.7
671289,Tyler Freeman,COL,45 to 50,376,0.141,0.431,36.0,7.0,0.0,0.212,0.257,0.212,0.469,0.226,0.282,0.111,0.154,0.29,81.3
671289,Tyler Freeman,COL,50 to 55,226,0.085,0.513,25.0,6.0,1.0,0.261,0.32,0.391,0.711,0.316,0.341,0.08,0.065,0.524,93.4
671289,Tyler Freeman,COL,55 to 60,119,0.045,0.471,,,,,,,,,,,,,
671289,Tyler Freeman,COL,60 to 65,51,0.019,0.706,,,,,,,,,,,,,
671289,Tyler Freeman,COL,65 to 70,25,0.009,0.32,,,,,,,,,,,,,
623168,Tyler Heineman,LAA,10 to 15,33,0.025,0.485,,,,,,,,,,,,,
623168,Tyler Heineman,LAA,15 to 20,45,0.035,0.667,,,,,,,,,,,,,
623168,Tyler Heineman,LAA,20 to 25,94,0.072,0.574,12.0,2.0,1.0,0.182,0.182,0.455,0.636,0.282,0.183,0.083,0.087,0.182,76.5
623168,Tyler Heineman,LAA,25 to 30,128,0.098,0.57,25.0,2.0,0.0,0.083,0.083,0.125,0.208,0.098,0.208,0.2,0.245,0.15,80.2
623168,Tyler Heineman,LAA,30 to 35,202,0.155,0.559,29.0,7.0,0.0,0.269,0.321,0.269,0.591,0.282,0.258,0.103,0.235,0.13,72.7
623168,Tyler Heineman,LAA,35 to 40,221,0.169,0.498,33.0,4.0,0.0,0.129,0.156,0.129,0.285,0.141,0.193,0.182,0.155,0.077,80.0
623168,Tyler Heineman,LAA,40 to 45,211,0.162,0.512,34.0,5.0,0.0,0.179,0.258,0.25,0.508,0.255,0.253,0.088,0.218,0.036,75.7
623168,Tyler Heineman,LAA,45 to 50,157,0.12,0.516,22.0,1.0,0.0,0.056,0.15,0.056,0.206,0.135,0.274,0.182,0.204,0.25,75.5
623168,Tyler Heineman,LAA,5 to 10,17,0.013,0.647,,,,,,,,,,,,,
623168,Tyler Heineman,LAA,50 to 55,104,0.08,0.558,13.0,0.0,0.0,0.0,0.083,0.0,0.083,0.075,0.112,0.308,0.2,0.125,74.2
623168,Tyler Heineman,LAA,55 to 60,46,0.035,0.457,,,,,,,,,,,,,
623168,Tyler Heineman,LAA,60 to 65,20,0.015,0.35,,,,,,,,,,,,,
682988,Tyler Locklear,AZ,15 to 20,26,0.04,0.538,,,,,,,,,,,,,
682988,Tyler Locklear,AZ,20 to 25,42,0.065,0.476,,,,,,,,,,,,,
682988,Tyler Locklear,AZ,25 to 30,55,0.085,0.545,,,,,,,,,,,,,
682988,Tyler Locklear,AZ,30 to 35,78,0.12,0.5,,,,,,,,,,,,,
682988,Tyler Locklear,AZ,35 to 40,101,0.156,0.505,,,,,,,,,,,,,
682988,Tyler Locklear,AZ,40 to 45,90,0.139,0.467,,,,,,,,,,,,,
682988,Tyler Locklear,AZ,45 to 50,90,0.139,0.544,,,,,,,,,,,,,
682988,Tyler Locklear,AZ,50 to 55,73,0.113,0.425,,,,,,,,,,,,,
682988,Tyler Locklear,AZ,55 to 60,45,0.069,0.533,,,,,,,,,,,,,
641933,Tyler O'Neill,BAL,10 to 15,47,0.025,0.532,10.0,2.0,0.0,0.25,0.4,0.25,0.65,0.32,0.511,0.1,0.188,0.571,94.0
641933,Tyler O'Neill,BAL,15 to 20,43,0.023,0.419,,,,,,,,,,,,,
641933,Tyler O'Neill,BAL,20 to 25,91,0.049,0.473,16.0,4.0,1.0,0.333,0.5,0.667,1.167,0.491,0.444,0.188,0.269,0.333,86.4
641933,Tyler O'Neill,BAL,25 to 30,224,0.119,0.509,30.0,12.0,1.0,0.414,0.433,0.586,1.02,0.443,0.251,0.233,0.225,0.409,88.3
641933,Tyler O'Neill,BAL,30 to 35,286,0.152,0.462,46.0,6.0,1.0,0.15,0.261,0.275,0.536,0.248,0.281,0.348,0.292,0.625,94.4
641933,Tyler O'Neill,BAL,35 to 40,356,0.19,0.466,51.0,8.0,1.0,0.17,0.235,0.234,0.469,0.235,0.22,0.294,0.333,0.281,84.4
641933,Tyler O'Neill,BAL,40 to 45,340,0.181,0.459,41.0,4.0,3.0,0.114,0.244,0.371,0.615,0.271,0.332,0.22,0.278,0.385,88.7
641933,Tyler O'Neill,BAL,45 to 50,198,0.106,0.424,18.0,5.0,1.0,0.333,0.444,0.6,1.044,0.447,0.507,0.222,0.184,0.455,91.6
641933,Tyler O'Neill,BAL,5 to 10,20,0.011,0.4,,,,,,,,,,,,,
641933,Tyler O'Neill,BAL,50 to 55,144,0.077,0.549,21.0,2.0,1.0,0.095,0.095,0.238,0.333,0.181,0.15,0.381,0.297,0.5,89.6
641933,Tyler O'Neill,BAL,55 to 60,66,0.035,0.455,13.0,3.0,1.0,0.273,0.385,0.636,1.021,0.427,0.421,0.308,0.357,0.429,97.4
641933,Tyler O'Neill,BAL,60 to 65,23,0.012,0.478,,,,,,,,,,,,,
691016,Tyler Soderstrom,ATH,-5 to 0,20,0.005,0.3,,,,,,,,,,,,,
691016,Tyler Soderstrom,ATH,10 to 15,75,0.019,0.6,,,,,,,,,,,,,
691016,Tyler Soderstrom,ATH,15 to 20,130,0.033,0.492,12.0,3.0,1.0,0.25,0.25,0.583,0.833,0.346,0.388,0.167,0.111,0.6,92.3
691016,Tyler Soderstrom,ATH,20 to 25,275,0.069,0.495,26.0,11.0,3.0,0.458,0.5,0.958,1.458,0.602,0.405,0.038,0.135,0.435,92.3
691016,Tyler Soderstrom,ATH,25 to 30,452,0.113,0.469,55.0,11.0,4.0,0.234,0.345,0.553,0.899,0.443,0.343,0.182,0.213,0.417,88.7
691016,Tyler Soderstrom,ATH,30 to 35,599,0.15,0.464,56.0,11.0,0.0,0.216,0.286,0.275,0.56,0.258,0.207,0.268,0.23,0.417,89.4
691016,Tyler Soderstrom,ATH,35 to 40,734,0.184,0.488,95.0,23.0,7.0,0.274,0.358,0.643,1.001,0.417,0.393,0.168,0.216,0.529,91.7
691016,Tyler Soderstrom,ATH,40 to 45,726,0.182,0.455,81.0,12.0,2.0,0.171,0.284,0.271,0.555,0.26,0.311,0.259,0.197,0.408,91.0
691016,Tyler Soderstrom,ATH,45 to 50,430,0.108,0.498,49.0,11.0,2.0,0.268,0.367,0.537,0.904,0.391,0.416,0.122,0.193,0.543,93.4
691016,Tyler Soderstrom,ATH,5 to 10,33,0.008,0.515,,,,,,,,,,,,,
691016,Tyler Soderstrom,ATH,50 to 55,252,0.063,0.452,25.0,9.0,0.0,0.429,0.52,0.667,1.187,0.506,0.35,0.16,0.194,0.471,93.9
691016,Tyler Soderstrom,ATH,55 to 60,111,0.028,0.459,11.0,2.0,0.0,0.222,0.364,0.222,0.586,0.291,0.214,0.364,0.273,0.5,81.0
691016,Tyler Soderstrom,ATH,60 to 65,37,0.009,0.514,,,,,,,,,,,,,
691016,Tyler Soderstrom,ATH,65 to 70,21,0.005,0.476,,,,,,,,,,,,,
663886,Tyler Stephenson,CIN,0 to 5,18,0.006,0.389,,,,,,,,,,,,,
663886,Tyler Stephenson,CIN,10 to 15,83,0.025,0.398,,,,,,,,,,,,,
663886,Tyler Stephenson,CIN,15 to 20,90,0.028,0.389,10.0,3.0,1.0,0.375,0.5,0.875,1.375,0.555,0.34,0.2,0.1,0.429,96.4
663886,Tyler Stephenson,CIN,20 to 25,183,0.056,0.443,30.0,8.0,0.0,0.32,0.4,0.32,0.72,0.333,0.347,0.2,0.2,0.25,88.1
663886,Tyler Stephenson,CIN,25 to 30,384,0.118,0.422,58.0,10.0,3.0,0.204,0.328,0.429,0.756,0.333,0.331,0.293,0.293,0.438,88.8
663886,Tyler Stephenson,CIN,30 to 35,491,0.151,0.438,82.0,17.0,2.0,0.236,0.329,0.389,0.718,0.331,0.305,0.268,0.244,0.46,90.7
663886,Tyler Stephenson,CIN,35 to 40,526,0.161,0.479,78.0,18.0,4.0,0.269,0.346,0.537,0.883,0.372,0.341,0.282,0.244,0.511,92.8
663886,Tyler Stephenson,CIN,40 to 45,541,0.166,0.451,77.0,16.0,1.0,0.239,0.338,0.328,0.666,0.306,0.373,0.26,0.276,0.562,93.1
663886,Tyler Stephenson,CIN,45 to 50,374,0.115,0.428,33.0,4.0,1.0,0.129,0.182,0.226,0.408,0.185,0.244,0.364,0.282,0.2,83.0
663886,Tyler Stephenson,CIN,5 to 10,46,0.014,0.304,,,,,,,,,,,,,
663886,Tyler Stephenson,CIN,50 to 55,234,0.072,0.513,35.0,6.0,1.0,0.176,0.2,0.265,0.465,0.212,0.25,0.314,0.257,0.273,92.6
663886,Tyler Stephenson,CIN,55 to 60,110,0.034,0.409,20.0,7.0,2.0,0.368,0.35,0.737,1.087,0.442,0.323,0.3,0.321,0.714,95.4
663886,Tyler Stephenson,CIN,60 to 65,55,0.017,0.418,,,,,,,,,,,,,
663886,Tyler Stephenson,CIN,65 to 70,29,0.009,0.483,,,,,,,,,,,,,
686475,Tyler Tolbert,KC,10 to 15,15,0.021,0.6,,,,,,,,,,,,,
686475,Tyler Tolbert,KC,15 to 20,23,0.033,0.609,,,,,,,,,,,,,
686475,Tyler Tolbert,KC,20 to 25,43,0.062,0.488,10.0,2.0,0.0,0.2,0.2,0.2,0.4,0.18,0.152,0.3,0.316,0.143,77.7
686475,Tyler Tolbert,KC,25 to 30,75,0.107,0.52,13.0,1.0,0.0,0.091,0.154,0.091,0.245,0.192,0.461,0.077,0.194,0.455,81.6
686475,Tyler Tolbert,KC,30 to 35,97,0.139,0.485,13.0,4.0,0.0,0.308,0.308,0.385,0.692,0.304,0.186,0.385,0.467,0.5,81.6
686475,Tyler Tolbert,KC,35 to 40,112,0.16,0.509,25.0,5.0,0.0,0.227,0.32,0.227,0.547,0.3,0.198,0.28,0.353,0.067,78.4
686475,Tyler Tolbert,KC,40 to 45,110,0.157,0.482,27.0,5.0,0.0,0.208,0.269,0.208,0.478,0.296,0.37,0.148,0.268,0.238,83.5
686475,Tyler Tolbert,KC,45 to 50,68,0.097,0.485,15.0,4.0,1.0,0.4,0.538,0.8,1.338,0.581,0.317,0.067,0.2,0.273,80.3
686475,Tyler Tolbert,KC,50 to 55,59,0.084,0.458,11.0,4.0,1.0,0.444,0.5,1.0,1.5,0.7,0.3,0.182,0.222,0.25,73.5
686475,Tyler Tolbert,KC,55 to 60,28,0.04,0.5,,,,,,,,,,,,,
621438,Tyrone Taylor,CHC,10 to 15,50,0.024,0.42,,,,,,,,,,,,,
621438,Tyrone Taylor,CHC,15 to 20,83,0.039,0.41,,,,,,,,,,,,,
621438,Tyrone Taylor,CHC,20 to 25,131,0.062,0.458,15.0,3.0,0.0,0.231,0.333,0.308,0.641,0.297,0.307,0.2,0.111,0.4,80.4
621438,Tyrone Taylor,CHC,25 to 30,174,0.082,0.494,22.0,9.0,3.0,0.429,0.455,0.952,1.407,0.582,0.411,0.136,0.184,0.5,90.7
621438,Tyrone Taylor,CHC,30 to 35,280,0.132,0.461,38.0,15.0,4.0,0.441,0.474,0.853,1.327,0.545,0.415,0.184,0.186,0.429,88.6
621438,Tyrone Taylor,CHC,35 to 40,321,0.152,0.492,30.0,8.0,1.0,0.276,0.3,0.483,0.783,0.335,0.295,0.133,0.155,0.28,84.8
621438,Tyrone Taylor,CHC,40 to 45,384,0.181,0.505,40.0,7.0,0.0,0.179,0.179,0.205,0.385,0.199,0.196,0.225,0.225,0.258,81.7
621438,Tyrone Taylor,CHC,45 to 50,309,0.146,0.534,30.0,4.0,2.0,0.148,0.233,0.407,0.641,0.275,0.244,0.133,0.213,0.304,87.1
621438,Tyrone Taylor,CHC,50 to 55,141,0.067,0.489,16.0,5.0,0.0,0.417,0.467,0.583,1.05,0.453,0.291,0.188,0.143,0.182,76.8
621438,Tyrone Taylor,CHC,55 to 60,94,0.044,0.521,,,,,,,,,,,,,
621438,Tyrone Taylor,CHC,60 to 65,33,0.016,0.485,,,,,,,,,,,,,
621438,Tyrone Taylor,CHC,65 to 70,17,0.008,0.706,,,,,,,,,,,,,
687093,Vaughn Grissom,LAA,10 to 15,17,0.01,0.529,,,,,,,,,,,,,
687093,Vaughn Grissom,LAA,15 to 20,45,0.026,0.444,10.0,2.0,1.0,0.2,0.2,0.5,0.7,0.29,0.213,0.3,0.15,0.429,89.6
687093,Vaughn Grissom,LAA,20 to 25,116,0.067,0.526,32.0,2.0,0.0,0.071,0.188,0.071,0.259,0.144,0.238,0.25,0.197,0.2,79.1
687093,Vaughn Grissom,LAA,25 to 30,117,0.067,0.444,29.0,5.0,1.0,0.2,0.241,0.32,0.561,0.241,0.263,0.276,0.25,0.368,92.7
687093,Vaughn Grissom,LAA,30 to 35,224,0.129,0.473,61.0,13.0,2.0,0.232,0.279,0.411,0.689,0.297,0.306,0.131,0.198,0.327,86.4
687093,Vaughn Grissom,LAA,35 to 40,292,0.168,0.493,79.0,20.0,3.0,0.294,0.38,0.471,0.85,0.406,0.386,0.114,0.167,0.517,90.8
687093,Vaughn Grissom,LAA,40 to 45,351,0.201,0.473,87.0,19.0,0.0,0.253,0.345,0.32,0.665,0.305,0.275,0.207,0.211,0.328,86.1
687093,Vaughn Grissom,LAA,45 to 50,251,0.144,0.51,71.0,15.0,3.0,0.217,0.229,0.391,0.62,0.294,0.284,0.254,0.211,0.212,83.0
687093,Vaughn Grissom,LAA,50 to 55,151,0.087,0.49,34.0,9.0,0.0,0.321,0.412,0.393,0.805,0.362,0.391,0.059,0.149,0.37,85.9
687093,Vaughn Grissom,LAA,55 to 60,83,0.048,0.482,18.0,5.0,1.0,0.312,0.389,0.625,1.014,0.428,0.377,0.222,0.25,0.667,96.7
687093,Vaughn Grissom,LAA,60 to 65,25,0.014,0.6,10.0,2.0,0.0,0.2,0.2,0.3,0.5,0.215,0.253,0.2,0.133,0.375,92.2
682674,Victor Bericoto,SF,20 to 25,17,0.043,0.471,,,,,,,,,,,,,
682674,Victor Bericoto,SF,25 to 30,29,0.072,0.724,,,,,,,,,,,,,
682674,Victor Bericoto,SF,30 to 35,47,0.117,0.596,15.0,4.0,0.0,0.267,0.267,0.4,0.667,0.287,0.158,0.4,0.321,0.444,87.7
682674,Victor Bericoto,SF,35 to 40,53,0.133,0.528,16.0,5.0,1.0,0.312,0.312,0.5,0.812,0.35,0.344,0.125,0.179,0.571,89.9
682674,Victor Bericoto,SF,40 to 45,73,0.182,0.534,22.0,4.0,1.0,0.182,0.182,0.409,0.591,0.245,0.311,0.227,0.205,0.588,94.0
682674,Victor Bericoto,SF,45 to 50,50,0.125,0.66,10.0,2.0,1.0,0.2,0.2,0.5,0.7,0.29,0.244,0.5,0.545,0.2,86.4
682674,Victor Bericoto,SF,50 to 55,54,0.135,0.574,14.0,2.0,0.0,0.154,0.214,0.154,0.368,0.179,0.187,0.357,0.258,0.625,91.0
682674,Victor Bericoto,SF,55 to 60,27,0.068,0.519,,,,,,,,,,,,,
683748,Victor Mesa,TB,10 to 15,17,0.016,0.706,,,,,,,,,,,,,
683748,Victor Mesa,TB,15 to 20,63,0.061,0.571,12.0,3.0,1.0,0.25,0.25,0.5,0.75,0.317,0.281,0.25,0.212,0.222,84.5
683748,Victor Mesa,TB,20 to 25,42,0.041,0.476,11.0,2.0,0.0,0.182,0.182,0.273,0.455,0.195,0.184,0.273,0.167,0.375,93.6
683748,Victor Mesa,TB,25 to 30,62,0.06,0.661,20.0,7.0,4.0,0.35,0.35,1.0,1.35,0.552,0.247,0.1,0.135,0.389,85.0
683748,Victor Mesa,TB,30 to 35,172,0.167,0.488,36.0,8.0,1.0,0.258,0.343,0.387,0.73,0.333,0.348,0.083,0.25,0.321,83.4
683748,Victor Mesa,TB,35 to 40,198,0.192,0.54,48.0,12.0,1.0,0.273,0.333,0.432,0.765,0.335,0.321,0.25,0.284,0.438,88.6
683748,Victor Mesa,TB,40 to 45,147,0.142,0.558,38.0,6.0,2.0,0.167,0.211,0.389,0.599,0.255,0.28,0.211,0.304,0.357,86.8
683748,Victor Mesa,TB,45 to 50,151,0.146,0.517,30.0,8.0,1.0,0.32,0.414,0.56,0.974,0.426,0.359,0.267,0.194,0.611,87.5
683748,Victor Mesa,TB,50 to 55,79,0.077,0.519,20.0,2.0,1.0,0.143,0.4,0.357,0.757,0.355,0.472,0.05,0.15,0.385,90.1
683748,Victor Mesa,TB,55 to 60,44,0.043,0.545,11.0,3.0,2.0,0.333,0.364,1.0,1.364,0.509,0.479,0.455,0.273,0.8,90.5
687363,Victor Scott,STL,10 to 15,65,0.027,0.462,,,,,,,,,,,,,
687363,Victor Scott,STL,15 to 20,99,0.041,0.434,,,,,,,,,,,,,
687363,Victor Scott,STL,20 to 25,186,0.077,0.489,13.0,1.0,0.0,0.1,0.182,0.1,0.282,0.182,0.172,0.308,0.318,0.0,56.5
687363,Victor Scott,STL,25 to 30,277,0.115,0.477,20.0,3.0,0.0,0.2,0.35,0.267,0.617,0.293,0.338,0.25,0.341,0.455,91.3
687363,Victor Scott,STL,30 to 35,343,0.142,0.42,24.0,6.0,0.0,0.316,0.435,0.316,0.751,0.365,0.326,0.167,0.211,0.062,79.1
687363,Victor Scott,STL,35 to 40,385,0.16,0.449,39.0,5.0,0.0,0.156,0.25,0.219,0.469,0.258,0.281,0.179,0.156,0.133,77.6
687363,Victor Scott,STL,40 to 45,365,0.152,0.488,26.0,5.0,1.0,0.227,0.346,0.364,0.71,0.323,0.275,0.308,0.293,0.2,83.9
687363,Victor Scott,STL,45 to 50,299,0.124,0.485,26.0,3.0,0.0,0.12,0.154,0.16,0.314,0.144,0.21,0.385,0.244,0.467,90.2
687363,Victor Scott,STL,5 to 10,29,0.012,0.586,,,,,,,,,,,,,
687363,Victor Scott,STL,50 to 55,178,0.074,0.449,14.0,0.0,0.0,0.0,0.0,0.0,0.0,0.015,0.158,0.214,0.182,0.182,68.8
687363,Victor Scott,STL,55 to 60,94,0.039,0.553,,,,,,,,,,,,,
687363,Victor Scott,STL,60 to 65,47,0.02,0.426,,,,,,,,,,,,,
687363,Victor Scott,STL,65 to 70,26,0.011,0.462,,,,,,,,,,,,,
660644,Vidal Bruján,NYM,20 to 25,24,0.062,0.583,,,,,,,,,,,,,
660644,Vidal Bruján,NYM,25 to 30,43,0.112,0.395,,,,,,,,,,,,,
660644,Vidal Bruján,NYM,30 to 35,80,0.208,0.487,,,,,,,,,,,,,
660644,Vidal Bruján,NYM,35 to 40,78,0.203,0.538,,,,,,,,,,,,,
660644,Vidal Bruján,NYM,40 to 45,48,0.125,0.521,,,,,,,,,,,,,
660644,Vidal Bruján,NYM,45 to 50,26,0.068,0.577,,,,,,,,,,,,,
660644,Vidal Bruján,NYM,50 to 55,21,0.055,0.476,,,,,,,,,,,,,
605353,Vimael Machín,COL,35 to 40,23,0.371,0.565,,,,,,,,,,,,,
686469,Vinnie Pasquantino,KC,10 to 15,80,0.018,0.388,,,,,,,,,,,,,
686469,Vinnie Pasquantino,KC,15 to 20,142,0.032,0.507,19.0,7.0,2.0,0.438,0.526,0.812,1.339,0.558,0.595,0.0,0.057,0.875,99.4
686469,Vinnie Pasquantino,KC,20 to 25,214,0.048,0.453,27.0,9.0,2.0,0.36,0.37,0.64,1.01,0.42,0.396,0.074,0.133,0.417,89.4
686469,Vinnie Pasquantino,KC,25 to 30,464,0.105,0.409,57.0,13.0,4.0,0.255,0.333,0.549,0.882,0.375,0.349,0.228,0.167,0.474,91.3
686469,Vinnie Pasquantino,KC,30 to 35,618,0.139,0.46,57.0,10.0,0.0,0.196,0.263,0.255,0.518,0.269,0.313,0.14,0.128,0.364,90.6
686469,Vinnie Pasquantino,KC,35 to 40,727,0.164,0.483,68.0,14.0,1.0,0.237,0.294,0.373,0.667,0.302,0.318,0.132,0.137,0.34,87.2
686469,Vinnie Pasquantino,KC,40 to 45,755,0.17,0.49,81.0,18.0,1.0,0.261,0.37,0.333,0.704,0.326,0.351,0.111,0.135,0.317,87.4
686469,Vinnie Pasquantino,KC,45 to 50,565,0.127,0.483,51.0,9.0,2.0,0.2,0.294,0.4,0.694,0.305,0.299,0.255,0.174,0.469,92.0
686469,Vinnie Pasquantino,KC,5 to 10,36,0.008,0.389,,,,,,,,,,,,,
686469,Vinnie Pasquantino,KC,50 to 55,437,0.098,0.478,50.0,8.0,1.0,0.186,0.3,0.349,0.649,0.316,0.277,0.2,0.145,0.375,90.1
686469,Vinnie Pasquantino,KC,55 to 60,159,0.036,0.516,18.0,2.0,0.0,0.118,0.167,0.176,0.343,0.158,0.297,0.222,0.176,0.769,95.8
686469,Vinnie Pasquantino,KC,60 to 65,103,0.023,0.456,,,,,,,,,,,,,
686469,Vinnie Pasquantino,KC,65 to 70,27,0.006,0.519,,,,,,,,,,,,,
665489,Vladimir Guerrero,TOR,0 to 5,16,0.003,0.5,,,,,,,,,,,,,
665489,Vladimir Guerrero,TOR,10 to 15,124,0.026,0.427,20.0,5.0,0.0,0.278,0.3,0.333,0.633,0.278,0.352,0.15,0.114,0.312,84.5
665489,Vladimir Guerrero,TOR,15 to 20,178,0.038,0.5,25.0,11.0,2.0,0.44,0.44,0.76,1.2,0.512,0.402,0.08,0.095,0.565,93.5
665489,Vladimir Guerrero,TOR,20 to 25,310,0.066,0.439,33.0,12.0,1.0,0.414,0.424,0.586,1.01,0.424,0.347,0.0,0.076,0.452,89.1
665489,Vladimir Guerrero,TOR,25 to 30,512,0.109,0.451,69.0,12.0,1.0,0.188,0.246,0.266,0.512,0.25,0.266,0.13,0.206,0.389,89.0
665489,Vladimir Guerrero,TOR,30 to 35,662,0.141,0.435,79.0,17.0,0.0,0.243,0.329,0.257,0.586,0.289,0.336,0.127,0.184,0.467,91.5
665489,Vladimir Guerrero,TOR,35 to 40,703,0.149,0.434,88.0,19.0,1.0,0.238,0.295,0.288,0.583,0.277,0.348,0.102,0.229,0.444,91.1
665489,Vladimir Guerrero,TOR,40 to 45,708,0.15,0.436,108.0,22.0,1.0,0.232,0.306,0.295,0.6,0.283,0.324,0.139,0.154,0.402,88.8
665489,Vladimir Guerrero,TOR,45 to 50,627,0.133,0.429,70.0,19.0,3.0,0.328,0.443,0.569,1.012,0.436,0.378,0.2,0.246,0.5,91.7
665489,Vladimir Guerrero,TOR,5 to 10,49,0.01,0.429,11.0,6.0,0.0,0.545,0.545,0.909,1.455,0.618,0.415,0.091,0.231,0.6,99.5
665489,Vladimir Guerrero,TOR,50 to 55,434,0.092,0.454,44.0,6.0,0.0,0.146,0.205,0.195,0.4,0.186,0.275,0.205,0.189,0.438,90.6
665489,Vladimir Guerrero,TOR,55 to 60,189,0.04,0.497,18.0,2.0,0.0,0.143,0.333,0.214,0.548,0.275,0.377,0.222,0.159,0.8,98.5
665489,Vladimir Guerrero,TOR,60 to 65,60,0.013,0.55,13.0,6.0,0.0,0.5,0.538,0.5,1.038,0.469,0.305,0.154,0.211,0.2,86.9
665489,Vladimir Guerrero,TOR,65 to 70,24,0.005,0.458,,,,,,,,,,,,,
605170,Víctor Caratini,MIN,10 to 15,50,0.017,0.38,,,,,,,,,,,,,
605170,Víctor Caratini,MIN,15 to 20,91,0.032,0.418,,,,,,,,,,,,,
605170,Víctor Caratini,MIN,20 to 25,176,0.061,0.455,21.0,3.0,0.0,0.2,0.333,0.267,0.6,0.279,0.346,0.095,0.154,0.333,89.9
605170,Víctor Caratini,MIN,25 to 30,275,0.096,0.44,28.0,5.0,0.0,0.217,0.286,0.217,0.503,0.236,0.289,0.179,0.214,0.368,91.4
605170,Víctor Caratini,MIN,30 to 35,417,0.146,0.489,56.0,10.0,2.0,0.204,0.286,0.367,0.653,0.288,0.332,0.232,0.22,0.514,93.3
605170,Víctor Caratini,MIN,35 to 40,524,0.183,0.427,78.0,11.0,1.0,0.167,0.295,0.227,0.522,0.256,0.298,0.205,0.236,0.286,87.6
605170,Víctor Caratini,MIN,40 to 45,521,0.182,0.449,69.0,17.0,1.0,0.27,0.319,0.349,0.668,0.299,0.296,0.217,0.211,0.327,87.5
605170,Víctor Caratini,MIN,45 to 50,336,0.117,0.423,50.0,11.0,2.0,0.256,0.34,0.465,0.805,0.365,0.35,0.18,0.197,0.429,88.8
605170,Víctor Caratini,MIN,5 to 10,24,0.008,0.417,,,,,,,,,,,,,
605170,Víctor Caratini,MIN,50 to 55,218,0.076,0.468,29.0,5.0,0.0,0.227,0.379,0.227,0.607,0.3,0.311,0.241,0.22,0.5,91.6
605170,Víctor Caratini,MIN,55 to 60,104,0.036,0.394,11.0,1.0,0.0,0.091,0.091,0.091,0.182,0.164,0.107,0.364,0.176,0.286,83.0
605170,Víctor Caratini,MIN,60 to 65,42,0.015,0.429,,,,,,,,,,,,,
605170,Víctor Caratini,MIN,65 to 70,22,0.008,0.409,,,,,,,,,,,,,
645302,Víctor Robles,SEA,15 to 20,38,0.042,0.395,,,,,,,,,,,,,
645302,Víctor Robles,SEA,20 to 25,72,0.08,0.569,,,,,,,,,,,,,
645302,Víctor Robles,SEA,25 to 30,79,0.088,0.595,11.0,2.0,0.0,0.2,0.273,0.2,0.473,0.227,0.242,0.091,0.2,0.333,84.9
645302,Víctor Robles,SEA,30 to 35,136,0.152,0.566,20.0,3.0,0.0,0.188,0.35,0.188,0.538,0.275,0.364,0.2,0.3,0.083,85.4
645302,Víctor Robles,SEA,35 to 40,138,0.154,0.529,22.0,8.0,0.0,0.4,0.4,0.5,0.9,0.46,0.259,0.227,0.231,0.353,76.0
645302,Víctor Robles,SEA,40 to 45,157,0.175,0.567,33.0,8.0,0.0,0.286,0.394,0.357,0.751,0.345,0.284,0.182,0.2,0.091,80.5
645302,Víctor Robles,SEA,45 to 50,132,0.147,0.606,21.0,2.0,0.0,0.105,0.143,0.105,0.248,0.119,0.165,0.19,0.237,0.125,84.5
645302,Víctor Robles,SEA,50 to 55,95,0.106,0.589,20.0,6.0,0.0,0.316,0.35,0.368,0.718,0.368,0.44,0.05,0.205,0.278,81.4
645302,Víctor Robles,SEA,55 to 60,27,0.03,0.37,,,,,,,,,,,,,
685133,Wade Meckler,LAA,15 to 20,47,0.041,0.489,13.0,1.0,0.0,0.077,0.077,0.154,0.231,0.096,0.131,0.385,0.217,0.25,89.5
685133,Wade Meckler,LAA,20 to 25,80,0.069,0.475,26.0,8.0,0.0,0.32,0.346,0.4,0.746,0.365,0.39,0.154,0.132,0.381,86.7
685133,Wade Meckler,LAA,25 to 30,105,0.091,0.4,33.0,6.0,1.0,0.222,0.364,0.407,0.771,0.345,0.3,0.364,0.31,0.467,89.1
685133,Wade Meckler,LAA,30 to 35,170,0.147,0.435,46.0,13.0,1.0,0.325,0.4,0.5,0.9,0.398,0.29,0.239,0.297,0.4,85.6
685133,Wade Meckler,LAA,35 to 40,191,0.165,0.471,48.0,13.0,0.0,0.289,0.319,0.333,0.652,0.298,0.308,0.062,0.133,0.279,85.3
685133,Wade Meckler,LAA,40 to 45,194,0.168,0.412,57.0,14.0,0.0,0.28,0.368,0.3,0.668,0.329,0.322,0.158,0.212,0.39,85.2
685133,Wade Meckler,LAA,45 to 50,157,0.136,0.369,36.0,13.0,0.0,0.448,0.556,0.483,1.038,0.471,0.332,0.194,0.19,0.318,81.7
685133,Wade Meckler,LAA,50 to 55,100,0.086,0.49,28.0,7.0,1.0,0.269,0.321,0.385,0.706,0.346,0.359,0.071,0.102,0.25,82.9
685133,Wade Meckler,LAA,55 to 60,34,0.029,0.559,14.0,4.0,0.0,0.308,0.357,0.308,0.665,0.307,0.271,0.143,0.105,0.25,87.3
805805,Walker Jenkins,MIN,25 to 30,20,0.065,0.4,,,,,,,,,,,,,
805805,Walker Jenkins,MIN,30 to 35,36,0.118,0.417,10.0,3.0,0.0,0.3,0.3,0.3,0.6,0.27,0.308,0.2,0.4,0.25,85.5
805805,Walker Jenkins,MIN,35 to 40,70,0.229,0.529,20.0,5.0,1.0,0.25,0.25,0.5,0.75,0.36,0.229,0.2,0.243,0.25,86.8
805805,Walker Jenkins,MIN,40 to 45,65,0.212,0.462,12.0,1.0,0.0,0.125,0.364,0.125,0.489,0.291,0.382,0.167,0.233,0.0,76.2
805805,Walker Jenkins,MIN,45 to 50,25,0.082,0.44,,,,,,,,,,,,,
805805,Walker Jenkins,MIN,50 to 55,22,0.072,0.5,,,,,,,,,,,,,
672761,Wenceel Pérez,DET,10 to 15,44,0.02,0.409,,,,,,,,,,,,,
672761,Wenceel Pérez,DET,15 to 20,101,0.046,0.515,,,,,,,,,,,,,
672761,Wenceel Pérez,DET,20 to 25,168,0.077,0.488,10.0,4.0,0.0,0.4,0.4,0.5,0.9,0.395,0.304,0.1,0.2,0.444,90.3
672761,Wenceel Pérez,DET,25 to 30,243,0.111,0.502,21.0,3.0,0.0,0.158,0.238,0.211,0.449,0.212,0.254,0.095,0.182,0.176,84.3
672761,Wenceel Pérez,DET,30 to 35,291,0.133,0.54,31.0,4.0,1.0,0.138,0.194,0.276,0.469,0.208,0.24,0.258,0.218,0.381,86.3
672761,Wenceel Pérez,DET,35 to 40,367,0.168,0.504,28.0,5.0,1.0,0.2,0.286,0.36,0.646,0.288,0.192,0.321,0.229,0.25,87.4
672761,Wenceel Pérez,DET,40 to 45,389,0.178,0.465,34.0,6.0,2.0,0.207,0.324,0.414,0.737,0.326,0.354,0.088,0.161,0.462,89.0
672761,Wenceel Pérez,DET,45 to 50,243,0.111,0.436,20.0,3.0,1.0,0.158,0.2,0.316,0.516,0.225,0.283,0.15,0.103,0.438,90.9
672761,Wenceel Pérez,DET,5 to 10,29,0.013,0.552,,,,,,,,,,,,,
672761,Wenceel Pérez,DET,50 to 55,165,0.075,0.467,10.0,0.0,0.0,0.0,0.1,0.0,0.1,0.07,0.173,0.1,0.067,0.25,81.8
672761,Wenceel Pérez,DET,55 to 60,100,0.046,0.49,,,,,,,,,,,,,
672761,Wenceel Pérez,DET,60 to 65,25,0.011,0.24,,,,,,,,,,,,,
642215,Weston Wilson,SEA,10 to 15,41,0.032,0.439,,,,,,,,,,,,,
642215,Weston Wilson,SEA,15 to 20,60,0.047,0.517,,,,,,,,,,,,,
642215,Weston Wilson,SEA,20 to 25,91,0.071,0.451,,,,,,,,,,,,,
642215,Weston Wilson,SEA,25 to 30,93,0.072,0.419,14.0,1.0,0.0,0.077,0.143,0.077,0.22,0.114,0.204,0.214,0.154,0.3,85.3
642215,Weston Wilson,SEA,30 to 35,138,0.107,0.413,21.0,2.0,0.0,0.118,0.286,0.176,0.462,0.236,0.199,0.524,0.4,0.333,82.8
642215,Weston Wilson,SEA,35 to 40,212,0.165,0.481,33.0,8.0,2.0,0.258,0.303,0.484,0.787,0.338,0.264,0.303,0.403,0.455,85.9
642215,Weston Wilson,SEA,40 to 45,221,0.172,0.502,28.0,8.0,1.0,0.308,0.357,0.5,0.857,0.419,0.308,0.214,0.237,0.316,88.6
642215,Weston Wilson,SEA,45 to 50,160,0.125,0.425,23.0,8.0,0.0,0.364,0.391,0.364,0.755,0.343,0.27,0.261,0.154,0.312,83.9
642215,Weston Wilson,SEA,50 to 55,106,0.083,0.396,14.0,2.0,1.0,0.154,0.214,0.385,0.599,0.257,0.267,0.429,0.28,0.429,82.8
642215,Weston Wilson,SEA,55 to 60,59,0.046,0.339,,,,,,,,,,,,,
642215,Weston Wilson,SEA,60 to 65,21,0.016,0.381,,,,,,,,,,,,,
677943,Will Banfield,CIN,30 to 35,20,0.202,0.7,,,,,,,,,,,,,
677943,Will Banfield,CIN,35 to 40,16,0.162,0.625,,,,,,,,,,,,,
677943,Will Banfield,CIN,45 to 50,15,0.152,0.6,,,,,,,,,,,,,
666181,Will Benson,CIN,10 to 15,21,0.015,0.571,,,,,,,,,,,,,
666181,Will Benson,CIN,15 to 20,42,0.03,0.429,,,,,,,,,,,,,
666181,Will Benson,CIN,20 to 25,76,0.054,0.461,,,,,,,,,,,,,
666181,Will Benson,CIN,25 to 30,142,0.101,0.423,13.0,3.0,0.0,0.25,0.308,0.25,0.558,0.262,0.347,0.385,0.364,0.286,81.7
666181,Will Benson,CIN,30 to 35,245,0.175,0.486,23.0,2.0,0.0,0.118,0.348,0.176,0.524,0.276,0.251,0.391,0.312,0.222,88.9
666181,Will Benson,CIN,35 to 40,222,0.158,0.523,16.0,3.0,1.0,0.2,0.25,0.533,0.783,0.325,0.314,0.5,0.429,0.714,98.5
666181,Will Benson,CIN,40 to 45,234,0.167,0.491,15.0,2.0,1.0,0.133,0.133,0.333,0.467,0.193,0.235,0.533,0.281,0.625,99.2
666181,Will Benson,CIN,45 to 50,165,0.118,0.539,13.0,3.0,0.0,0.273,0.385,0.364,0.748,0.342,0.311,0.231,0.25,0.444,88.1
666181,Will Benson,CIN,5 to 10,16,0.011,0.438,,,,,,,,,,,,,
666181,Will Benson,CIN,50 to 55,114,0.081,0.509,,,,,,,,,,,,,
666181,Will Benson,CIN,55 to 60,70,0.05,0.557,,,,,,,,,,,,,
666181,Will Benson,CIN,60 to 65,16,0.011,0.625,,,,,,,,,,,,,
686823,Will Brennan,SF,20 to 25,17,0.137,0.412,,,,,,,,,,,,,
686823,Will Brennan,SF,25 to 30,20,0.161,0.6,,,,,,,,,,,,,
686823,Will Brennan,SF,35 to 40,18,0.145,0.444,,,,,,,,,,,,,
686823,Will Brennan,SF,50 to 55,21,0.169,0.619,,,,,,,,,,,,,
669257,Will Smith,LAD,10 to 15,84,0.028,0.452,,,,,,,,,,,,,
669257,Will Smith,LAD,15 to 20,94,0.031,0.415,14.0,5.0,2.0,0.385,0.429,0.846,1.275,0.529,0.396,0.214,0.278,0.4,82.7
669257,Will Smith,LAD,20 to 25,171,0.056,0.374,10.0,4.0,1.0,0.5,0.5,1.125,1.625,0.61,0.66,0.1,0.118,0.625,92.1
669257,Will Smith,LAD,25 to 30,299,0.098,0.395,29.0,3.0,0.0,0.115,0.172,0.154,0.326,0.153,0.218,0.31,0.245,0.444,90.7
669257,Will Smith,LAD,30 to 35,419,0.138,0.365,27.0,4.0,0.0,0.19,0.37,0.19,0.561,0.289,0.304,0.185,0.184,0.25,88.3
669257,Will Smith,LAD,35 to 40,508,0.167,0.429,56.0,10.0,2.0,0.208,0.286,0.396,0.682,0.294,0.392,0.161,0.153,0.439,89.4
669257,Will Smith,LAD,40 to 45,549,0.181,0.386,52.0,13.0,3.0,0.289,0.385,0.489,0.874,0.4,0.458,0.077,0.096,0.463,90.5
669257,Will Smith,LAD,45 to 50,392,0.129,0.403,36.0,8.0,1.0,0.267,0.389,0.433,0.822,0.367,0.422,0.167,0.115,0.417,90.9
669257,Will Smith,LAD,5 to 10,19,0.006,0.421,,,,,,,,,,,,,
669257,Will Smith,LAD,50 to 55,234,0.077,0.389,13.0,2.0,1.0,0.2,0.385,0.5,0.885,0.385,0.373,0.077,0.083,0.333,88.7
669257,Will Smith,LAD,55 to 60,110,0.036,0.473,,,,,,,,,,,,,
669257,Will Smith,LAD,60 to 65,41,0.013,0.366,,,,,,,,,,,,,
669257,Will Smith,LAD,65 to 70,31,0.01,0.387,,,,,,,,,,,,,
669257,Will Smith,LAD,70 to 75,19,0.006,0.474,,,,,,,,,,,,,
695238,Will Wagner,SD,10 to 15,24,0.03,0.458,,,,,,,,,,,,,
695238,Will Wagner,SD,15 to 20,42,0.052,0.524,,,,,,,,,,,,,
695238,Will Wagner,SD,20 to 25,78,0.096,0.462,,,,,,,,,,,,,
695238,Will Wagner,SD,25 to 30,66,0.081,0.439,,,,,,,,,,,,,
695238,Will Wagner,SD,30 to 35,89,0.11,0.506,,,,,,,,,,,,,
695238,Will Wagner,SD,35 to 40,146,0.18,0.486,11.0,1.0,0.0,0.091,0.091,0.091,0.182,0.082,0.227,0.091,0.15,0.182,81.0
695238,Will Wagner,SD,40 to 45,122,0.15,0.492,,,,,,,,,,,,,
695238,Will Wagner,SD,45 to 50,116,0.143,0.474,,,,,,,,,,,,,
695238,Will Wagner,SD,50 to 55,69,0.085,0.406,,,,,,,,,,,,,
695238,Will Wagner,SD,55 to 60,30,0.037,0.267,,,,,,,,,,,,,
669717,Will Wilson,SEA,15 to 20,24,0.061,0.375,,,,,,,,,,,,,
669717,Will Wilson,SEA,20 to 25,43,0.109,0.628,,,,,,,,,,,,,
669717,Will Wilson,SEA,25 to 30,35,0.089,0.486,,,,,,,,,,,,,
669717,Will Wilson,SEA,30 to 35,53,0.135,0.604,,,,,,,,,,,,,
669717,Will Wilson,SEA,35 to 40,39,0.099,0.564,,,,,,,,,,,,,
669717,Will Wilson,SEA,40 to 45,50,0.127,0.56,,,,,,,,,,,,,
669717,Will Wilson,SEA,45 to 50,54,0.137,0.574,,,,,,,,,,,,,
669717,Will Wilson,SEA,50 to 55,39,0.099,0.59,,,,,,,,,,,,,
669717,Will Wilson,SEA,55 to 60,29,0.074,0.448,,,,,,,,,,,,,
669717,Will Wilson,SEA,60 to 65,17,0.043,0.471,,,,,,,,,,,,,
650489,Willi Castro,COL,10 to 15,60,0.016,0.633,12.0,5.0,1.0,0.417,0.417,0.75,1.167,0.496,0.369,0.333,0.292,0.5,90.4
650489,Willi Castro,COL,15 to 20,128,0.035,0.484,,,,,,,,,,,,,
650489,Willi Castro,COL,20 to 25,260,0.071,0.546,45.0,8.0,2.0,0.205,0.267,0.41,0.677,0.293,0.291,0.244,0.218,0.345,86.8
650489,Willi Castro,COL,25 to 30,310,0.085,0.568,48.0,12.0,0.0,0.293,0.375,0.293,0.668,0.312,0.306,0.229,0.215,0.29,83.2
650489,Willi Castro,COL,30 to 35,585,0.161,0.491,83.0,21.0,3.0,0.262,0.289,0.438,0.727,0.314,0.248,0.289,0.261,0.464,88.4
650489,Willi Castro,COL,35 to 40,698,0.192,0.533,90.0,19.0,3.0,0.25,0.367,0.408,0.775,0.357,0.37,0.2,0.306,0.414,87.5
650489,Willi Castro,COL,40 to 45,627,0.172,0.542,88.0,19.0,2.0,0.244,0.33,0.385,0.714,0.326,0.315,0.33,0.29,0.319,85.5
650489,Willi Castro,COL,45 to 50,416,0.114,0.543,57.0,15.0,1.0,0.288,0.351,0.423,0.774,0.342,0.343,0.228,0.256,0.463,88.0
650489,Willi Castro,COL,5 to 10,34,0.009,0.471,,,,,,,,,,,,,
650489,Willi Castro,COL,50 to 55,287,0.079,0.509,15.0,2.0,0.0,0.143,0.2,0.143,0.343,0.167,0.146,0.4,0.386,0.25,86.4
650489,Willi Castro,COL,55 to 60,109,0.03,0.486,,,,,,,,,,,,,
650489,Willi Castro,COL,60 to 65,44,0.012,0.523,,,,,,,,,,,,,
661388,William Contreras,MIL,10 to 15,84,0.017,0.452,11.0,5.0,1.0,0.455,0.455,0.727,1.182,0.509,0.52,0.0,0.13,0.636,99.0
661388,William Contreras,MIL,15 to 20,148,0.031,0.446,21.0,4.0,0.0,0.211,0.286,0.263,0.549,0.255,0.198,0.286,0.312,0.462,93.2
661388,William Contreras,MIL,20 to 25,316,0.065,0.509,57.0,18.0,2.0,0.36,0.421,0.52,0.941,0.425,0.386,0.14,0.253,0.419,89.4
661388,William Contreras,MIL,25 to 30,559,0.116,0.476,84.0,20.0,3.0,0.26,0.298,0.442,0.739,0.327,0.366,0.179,0.173,0.422,89.4
661388,William Contreras,MIL,30 to 35,584,0.121,0.478,70.0,23.0,2.0,0.365,0.429,0.556,0.984,0.453,0.391,0.157,0.216,0.538,92.9
661388,William Contreras,MIL,35 to 40,762,0.158,0.475,89.0,17.0,3.0,0.218,0.292,0.359,0.651,0.308,0.293,0.169,0.218,0.4,90.3
661388,William Contreras,MIL,40 to 45,860,0.178,0.456,110.0,25.0,3.0,0.253,0.318,0.374,0.692,0.324,0.304,0.145,0.196,0.44,90.0
661388,William Contreras,MIL,45 to 50,682,0.141,0.462,83.0,14.0,1.0,0.192,0.277,0.288,0.565,0.258,0.346,0.06,0.132,0.449,90.4
661388,William Contreras,MIL,5 to 10,34,0.007,0.412,,,,,,,,,,,,,
661388,William Contreras,MIL,50 to 55,365,0.076,0.416,43.0,8.0,0.0,0.211,0.279,0.289,0.569,0.257,0.285,0.209,0.131,0.5,91.3
661388,William Contreras,MIL,55 to 60,225,0.047,0.489,19.0,5.0,1.0,0.333,0.474,0.533,1.007,0.442,0.349,0.105,0.114,0.308,83.6
661388,William Contreras,MIL,60 to 65,64,0.013,0.484,12.0,3.0,1.0,0.273,0.333,0.636,0.97,0.479,0.26,0.25,0.125,0.25,87.8
661388,William Contreras,MIL,65 to 70,21,0.004,0.524,,,,,,,,,,,,,
575929,Willson Contreras,BOS,10 to 15,54,0.013,0.444,,,,,,,,,,,,,
575929,Willson Contreras,BOS,15 to 20,103,0.024,0.456,12.0,2.0,1.0,0.25,0.417,0.75,1.167,0.446,0.57,0.167,0.263,0.429,92.4
575929,Willson Contreras,BOS,20 to 25,303,0.072,0.475,27.0,5.0,0.0,0.217,0.333,0.217,0.551,0.27,0.271,0.296,0.288,0.267,84.2
575929,Willson Contreras,BOS,25 to 30,398,0.094,0.492,49.0,17.0,5.0,0.436,0.531,0.923,1.454,0.582,0.534,0.102,0.195,0.629,96.7
575929,Willson Contreras,BOS,30 to 35,602,0.142,0.522,62.0,18.0,4.0,0.327,0.403,0.636,1.04,0.44,0.397,0.242,0.301,0.4,89.7
575929,Willson Contreras,BOS,35 to 40,752,0.178,0.488,97.0,26.0,4.0,0.306,0.381,0.518,0.899,0.42,0.369,0.206,0.25,0.477,91.8
575929,Willson Contreras,BOS,40 to 45,716,0.169,0.466,95.0,21.0,8.0,0.259,0.368,0.63,0.998,0.426,0.366,0.284,0.31,0.481,88.4
575929,Willson Contreras,BOS,45 to 50,530,0.125,0.474,64.0,10.0,3.0,0.179,0.281,0.357,0.638,0.299,0.309,0.359,0.369,0.471,88.3
575929,Willson Contreras,BOS,5 to 10,30,0.007,0.567,,,,,,,,,,,,,
575929,Willson Contreras,BOS,50 to 55,323,0.076,0.505,50.0,10.0,2.0,0.227,0.32,0.409,0.729,0.34,0.343,0.3,0.247,0.333,89.1
575929,Willson Contreras,BOS,55 to 60,189,0.045,0.476,26.0,6.0,0.0,0.316,0.5,0.368,0.868,0.444,0.394,0.231,0.256,0.231,85.4
575929,Willson Contreras,BOS,60 to 65,87,0.021,0.471,,,,,,,,,,,,,
575929,Willson Contreras,BOS,65 to 70,35,0.008,0.486,,,,,,,,,,,,,
642715,Willy Adames,SF,-10 to -5,16,0.003,0.375,,,,,,,,,,,,,
642715,Willy Adames,SF,-5 to 0,16,0.003,0.562,,,,,,,,,,,,,
642715,Willy Adames,SF,0 to 5,15,0.003,0.733,,,,,,,,,,,,,
642715,Willy Adames,SF,10 to 15,90,0.019,0.556,11.0,3.0,1.0,0.3,0.364,0.6,0.964,0.409,0.256,0.273,0.375,0.143,81.9
642715,Willy Adames,SF,15 to 20,158,0.033,0.361,17.0,2.0,0.0,0.154,0.353,0.308,0.661,0.418,0.33,0.294,0.222,0.25,82.8
642715,Willy Adames,SF,20 to 25,262,0.055,0.462,27.0,7.0,2.0,0.304,0.407,0.696,1.103,0.457,0.363,0.185,0.163,0.444,87.0
642715,Willy Adames,SF,25 to 30,426,0.089,0.491,39.0,6.0,1.0,0.158,0.179,0.237,0.416,0.185,0.26,0.282,0.24,0.444,87.3
642715,Willy Adames,SF,30 to 35,684,0.143,0.446,67.0,17.0,5.0,0.288,0.373,0.644,1.017,0.425,0.403,0.254,0.269,0.476,89.4
642715,Willy Adames,SF,35 to 40,697,0.146,0.471,90.0,17.0,1.0,0.2,0.244,0.247,0.492,0.235,0.265,0.256,0.266,0.355,85.5
642715,Willy Adames,SF,40 to 45,805,0.168,0.491,87.0,22.0,3.0,0.268,0.299,0.451,0.75,0.332,0.25,0.299,0.3,0.386,88.3
642715,Willy Adames,SF,45 to 50,719,0.15,0.49,67.0,11.0,3.0,0.175,0.224,0.365,0.589,0.268,0.268,0.269,0.264,0.478,89.1
642715,Willy Adames,SF,5 to 10,36,0.008,0.278,,,,,,,,,,,,,
642715,Willy Adames,SF,50 to 55,450,0.094,0.469,53.0,12.0,2.0,0.25,0.321,0.479,0.8,0.344,0.312,0.34,0.287,0.333,87.1
642715,Willy Adames,SF,55 to 60,209,0.044,0.464,14.0,2.0,2.0,0.143,0.143,0.571,0.714,0.286,0.266,0.5,0.357,0.286,87.7
642715,Willy Adames,SF,60 to 65,97,0.02,0.464,,,,,,,,,,,,,
642715,Willy Adames,SF,65 to 70,26,0.005,0.538,,,,,,,,,,,,,
677800,Wilyer Abreu,BOS,-5 to 0,18,0.004,0.556,,,,,,,,,,,,,
677800,Wilyer Abreu,BOS,10 to 15,87,0.02,0.483,,,,,,,,,,,,,
677800,Wilyer Abreu,BOS,15 to 20,134,0.031,0.463,25.0,5.0,1.0,0.263,0.44,0.421,0.861,0.428,0.402,0.24,0.211,0.385,85.1
677800,Wilyer Abreu,BOS,20 to 25,242,0.056,0.467,29.0,10.0,2.0,0.417,0.517,0.708,1.226,0.519,0.504,0.138,0.164,0.65,94.8
677800,Wilyer Abreu,BOS,25 to 30,421,0.097,0.506,76.0,19.0,3.0,0.279,0.342,0.559,0.901,0.379,0.404,0.132,0.174,0.525,91.6
677800,Wilyer Abreu,BOS,30 to 35,630,0.146,0.476,88.0,16.0,2.0,0.213,0.33,0.36,0.69,0.322,0.307,0.17,0.177,0.383,90.0
677800,Wilyer Abreu,BOS,35 to 40,810,0.188,0.485,125.0,24.0,4.0,0.214,0.28,0.366,0.646,0.301,0.325,0.24,0.21,0.469,90.7
677800,Wilyer Abreu,BOS,40 to 45,737,0.171,0.499,120.0,29.0,9.0,0.29,0.375,0.64,1.015,0.423,0.386,0.183,0.208,0.444,90.7
677800,Wilyer Abreu,BOS,45 to 50,475,0.11,0.512,73.0,18.0,2.0,0.257,0.288,0.429,0.716,0.31,0.375,0.219,0.243,0.352,87.8
677800,Wilyer Abreu,BOS,5 to 10,39,0.009,0.487,,,,,,,,,,,,,
677800,Wilyer Abreu,BOS,50 to 55,331,0.077,0.489,46.0,12.0,1.0,0.293,0.37,0.488,0.857,0.373,0.319,0.261,0.265,0.345,85.0
677800,Wilyer Abreu,BOS,55 to 60,169,0.039,0.497,25.0,4.0,0.0,0.167,0.2,0.25,0.45,0.2,0.281,0.32,0.212,0.529,91.0
677800,Wilyer Abreu,BOS,60 to 65,68,0.016,0.5,12.0,1.0,0.0,0.091,0.167,0.273,0.439,0.192,0.284,0.25,0.286,0.625,94.8
677800,Wilyer Abreu,BOS,65 to 70,31,0.007,0.484,,,,,,,,,,,,,
694671,Wyatt Langford,TEX,-5 to 0,15,0.004,0.4,,,,,,,,,,,,,
694671,Wyatt Langford,TEX,0 to 5,18,0.004,0.389,,,,,,,,,,,,,
694671,Wyatt Langford,TEX,10 to 15,95,0.023,0.368,12.0,2.0,0.0,0.2,0.333,0.2,0.533,0.267,0.322,0.333,0.167,0.333,86.7
694671,Wyatt Langford,TEX,15 to 20,147,0.035,0.442,13.0,2.0,0.0,0.182,0.231,0.273,0.503,0.288,0.459,0.077,0.107,0.545,90.3
694671,Wyatt Langford,TEX,20 to 25,265,0.063,0.419,34.0,7.0,0.0,0.25,0.382,0.321,0.704,0.329,0.347,0.294,0.214,0.556,90.3
694671,Wyatt Langford,TEX,25 to 30,468,0.112,0.453,51.0,14.0,2.0,0.304,0.373,0.522,0.894,0.386,0.343,0.255,0.24,0.424,89.7
694671,Wyatt Langford,TEX,30 to 35,616,0.147,0.443,54.0,8.0,3.0,0.167,0.259,0.375,0.634,0.295,0.303,0.222,0.246,0.222,89.0
694671,Wyatt Langford,TEX,35 to 40,663,0.159,0.46,76.0,17.0,3.0,0.25,0.329,0.456,0.785,0.353,0.338,0.158,0.236,0.393,89.7
694671,Wyatt Langford,TEX,40 to 45,667,0.16,0.475,67.0,15.0,3.0,0.259,0.358,0.483,0.841,0.366,0.3,0.254,0.204,0.39,88.4
694671,Wyatt Langford,TEX,45 to 50,511,0.122,0.425,60.0,12.0,0.0,0.231,0.333,0.288,0.622,0.291,0.297,0.217,0.258,0.359,89.4
694671,Wyatt Langford,TEX,5 to 10,37,0.009,0.351,,,,,,,,,,,,,
694671,Wyatt Langford,TEX,50 to 55,339,0.081,0.457,42.0,10.0,2.0,0.286,0.405,0.543,0.948,0.43,0.377,0.19,0.184,0.333,89.2
694671,Wyatt Langford,TEX,55 to 60,178,0.043,0.416,17.0,3.0,2.0,0.214,0.353,0.643,0.996,0.412,0.331,0.118,0.174,0.25,89.7
694671,Wyatt Langford,TEX,60 to 65,59,0.014,0.424,,,,,,,,,,,,,
694671,Wyatt Langford,TEX,65 to 70,16,0.004,0.312,,,,,,,,,,,,,
593428,Xander Bogaerts,SD,0 to 5,15,0.003,0.2,,,,,,,,,,,,,
593428,Xander Bogaerts,SD,10 to 15,109,0.025,0.431,13.0,3.0,1.0,0.25,0.308,0.583,0.891,0.373,0.386,0.077,0.182,0.545,95.5
593428,Xander Bogaerts,SD,15 to 20,219,0.049,0.37,31.0,7.0,2.0,0.269,0.355,0.538,0.893,0.376,0.413,0.097,0.111,0.348,84.1
593428,Xander Bogaerts,SD,20 to 25,344,0.078,0.427,51.0,8.0,0.0,0.182,0.294,0.205,0.499,0.267,0.313,0.235,0.247,0.516,89.4
593428,Xander Bogaerts,SD,25 to 30,503,0.113,0.412,71.0,15.0,2.0,0.238,0.324,0.365,0.689,0.323,0.341,0.155,0.186,0.462,92.3
593428,Xander Bogaerts,SD,30 to 35,678,0.153,0.4,87.0,9.0,3.0,0.122,0.23,0.243,0.473,0.23,0.286,0.195,0.174,0.373,89.1
593428,Xander Bogaerts,SD,35 to 40,671,0.151,0.428,96.0,27.0,0.0,0.36,0.5,0.413,0.913,0.44,0.395,0.125,0.2,0.349,86.8
593428,Xander Bogaerts,SD,40 to 45,657,0.148,0.409,98.0,21.0,2.0,0.239,0.306,0.352,0.658,0.297,0.3,0.194,0.247,0.391,87.6
593428,Xander Bogaerts,SD,45 to 50,535,0.121,0.454,69.0,15.0,2.0,0.231,0.275,0.385,0.66,0.288,0.315,0.174,0.211,0.556,93.9
593428,Xander Bogaerts,SD,5 to 10,47,0.011,0.489,,,,,,,,,,,,,
593428,Xander Bogaerts,SD,50 to 55,279,0.063,0.437,30.0,8.0,0.0,0.286,0.333,0.393,0.726,0.322,0.228,0.233,0.207,0.429,90.3
593428,Xander Bogaerts,SD,55 to 60,141,0.032,0.348,,,,,,,,,,,,,
593428,Xander Bogaerts,SD,60 to 65,73,0.016,0.356,,,,,,,,,,,,,
593428,Xander Bogaerts,SD,65 to 70,24,0.005,0.375,,,,,,,,,,,,,
669364,Xavier Edwards,MIA,10 to 15,95,0.021,0.411,13.0,0.0,0.0,0.0,0.154,0.0,0.154,0.108,0.247,0.154,0.2,0.222,81.7
669364,Xavier Edwards,MIA,15 to 20,164,0.036,0.445,23.0,4.0,0.0,0.211,0.348,0.211,0.558,0.278,0.412,0.13,0.242,0.375,91.2
669364,Xavier Edwards,MIA,20 to 25,336,0.073,0.438,41.0,13.0,0.0,0.382,0.45,0.441,0.891,0.402,0.346,0.146,0.134,0.3,84.5
669364,Xavier Edwards,MIA,25 to 30,477,0.104,0.436,74.0,18.0,1.0,0.273,0.329,0.364,0.692,0.324,0.28,0.216,0.135,0.288,86.6
669364,Xavier Edwards,MIA,30 to 35,616,0.134,0.461,86.0,18.0,0.0,0.247,0.337,0.356,0.693,0.321,0.27,0.14,0.167,0.234,85.3
669364,Xavier Edwards,MIA,35 to 40,718,0.157,0.415,94.0,26.0,0.0,0.317,0.404,0.354,0.758,0.349,0.324,0.074,0.113,0.24,84.1
669364,Xavier Edwards,MIA,40 to 45,778,0.17,0.485,94.0,21.0,2.0,0.256,0.323,0.415,0.737,0.323,0.283,0.191,0.204,0.328,85.0
669364,Xavier Edwards,MIA,45 to 50,544,0.119,0.463,69.0,14.0,2.0,0.226,0.304,0.355,0.659,0.296,0.315,0.159,0.184,0.333,86.2
669364,Xavier Edwards,MIA,5 to 10,38,0.008,0.526,,,,,,,,,,,,,
669364,Xavier Edwards,MIA,50 to 55,375,0.082,0.459,50.0,16.0,0.0,0.34,0.38,0.404,0.784,0.369,0.335,0.08,0.19,0.256,85.2
669364,Xavier Edwards,MIA,55 to 60,183,0.04,0.459,11.0,4.0,0.0,0.364,0.364,0.364,0.727,0.327,0.38,0.091,0.182,0.3,81.4
669364,Xavier Edwards,MIA,60 to 65,96,0.021,0.417,,,,,,,,,,,,,
669364,Xavier Edwards,MIA,65 to 70,46,0.01,0.543,10.0,2.0,0.0,0.25,0.4,0.375,0.775,0.355,0.393,0.0,0.214,0.25,88.9
673237,Yainer Diaz,HOU,-5 to 0,17,0.006,0.647,,,,,,,,,,,,,
673237,Yainer Diaz,HOU,10 to 15,65,0.022,0.615,,,,,,,,,,,,,
673237,Yainer Diaz,HOU,15 to 20,107,0.036,0.458,,,,,,,,,,,,,
673237,Yainer Diaz,HOU,20 to 25,208,0.07,0.582,17.0,3.0,1.0,0.188,0.235,0.438,0.673,0.285,0.164,0.235,0.25,0.083,85.2
673237,Yainer Diaz,HOU,25 to 30,302,0.101,0.593,25.0,4.0,0.0,0.167,0.16,0.167,0.327,0.144,0.201,0.28,0.306,0.5,92.3
673237,Yainer Diaz,HOU,30 to 35,376,0.126,0.596,47.0,13.0,2.0,0.289,0.298,0.489,0.787,0.352,0.297,0.149,0.176,0.462,91.3
673237,Yainer Diaz,HOU,35 to 40,504,0.169,0.619,65.0,16.0,2.0,0.258,0.292,0.387,0.679,0.326,0.358,0.154,0.204,0.365,88.1
673237,Yainer Diaz,HOU,40 to 45,507,0.17,0.611,78.0,23.0,3.0,0.307,0.333,0.467,0.8,0.348,0.312,0.141,0.163,0.438,87.9
673237,Yainer Diaz,HOU,45 to 50,365,0.122,0.57,36.0,11.0,3.0,0.314,0.333,0.629,0.962,0.406,0.365,0.111,0.213,0.355,90.8
673237,Yainer Diaz,HOU,5 to 10,16,0.005,0.688,,,,,,,,,,,,,
673237,Yainer Diaz,HOU,50 to 55,255,0.086,0.58,24.0,7.0,0.0,0.318,0.375,0.364,0.739,0.335,0.294,0.25,0.234,0.25,87.9
673237,Yainer Diaz,HOU,55 to 60,127,0.043,0.457,13.0,2.0,1.0,0.2,0.385,0.5,0.885,0.385,0.391,0.154,0.0,0.25,90.6
673237,Yainer Diaz,HOU,60 to 65,44,0.015,0.591,,,,,,,,,,,,,
673237,Yainer Diaz,HOU,65 to 70,27,0.009,0.593,,,,,,,,,,,,,
650490,Yandy Díaz,TB,-5 to 0,17,0.003,0.353,,,,,,,,,,,,,
650490,Yandy Díaz,TB,10 to 15,86,0.017,0.453,20.0,3.0,0.0,0.167,0.25,0.222,0.472,0.222,0.329,0.2,0.25,0.643,94.3
650490,Yandy Díaz,TB,15 to 20,161,0.032,0.453,18.0,6.0,1.0,0.375,0.444,0.688,1.132,0.478,0.436,0.0,0.086,0.562,91.6
650490,Yandy Díaz,TB,20 to 25,339,0.067,0.434,34.0,9.0,0.0,0.3,0.353,0.333,0.686,0.31,0.334,0.176,0.132,0.64,94.7
650490,Yandy Díaz,TB,25 to 30,448,0.088,0.458,60.0,16.0,3.0,0.308,0.4,0.5,0.9,0.394,0.364,0.1,0.084,0.478,90.1
650490,Yandy Díaz,TB,30 to 35,704,0.139,0.473,87.0,29.0,5.0,0.367,0.425,0.608,1.033,0.454,0.378,0.138,0.144,0.448,91.9
650490,Yandy Díaz,TB,35 to 40,883,0.174,0.46,105.0,25.0,3.0,0.255,0.286,0.388,0.673,0.31,0.351,0.133,0.089,0.384,88.1
650490,Yandy Díaz,TB,40 to 45,871,0.172,0.456,126.0,30.0,3.0,0.275,0.357,0.385,0.742,0.332,0.355,0.167,0.144,0.5,90.6
650490,Yandy Díaz,TB,45 to 50,668,0.132,0.463,98.0,27.0,4.0,0.29,0.327,0.473,0.8,0.356,0.319,0.163,0.127,0.487,91.6
650490,Yandy Díaz,TB,5 to 10,48,0.009,0.479,,,,,,,,,,,,,
650490,Yandy Díaz,TB,50 to 55,390,0.077,0.49,60.0,17.0,2.0,0.309,0.35,0.527,0.877,0.403,0.323,0.167,0.152,0.435,89.4
650490,Yandy Díaz,TB,55 to 60,201,0.04,0.478,25.0,4.0,0.0,0.19,0.32,0.19,0.51,0.256,0.326,0.16,0.149,0.611,94.6
650490,Yandy Díaz,TB,60 to 65,72,0.014,0.417,,,,,,,,,,,,,
650490,Yandy Díaz,TB,65 to 70,26,0.005,0.346,,,,,,,,,,,,,
650968,Yohel Pozo,BAL,15 to 20,36,0.045,0.639,,,,,,,,,,,,,
650968,Yohel Pozo,BAL,20 to 25,63,0.08,0.524,,,,,,,,,,,,,
650968,Yohel Pozo,BAL,25 to 30,86,0.109,0.558,,,,,,,,,,,,,
650968,Yohel Pozo,BAL,30 to 35,89,0.112,0.719,,,,,,,,,,,,,
650968,Yohel Pozo,BAL,35 to 40,125,0.158,0.552,,,,,,,,,,,,,
650968,Yohel Pozo,BAL,40 to 45,130,0.164,0.554,,,,,,,,,,,,,
650968,Yohel Pozo,BAL,45 to 50,82,0.104,0.659,,,,,,,,,,,,,
650968,Yohel Pozo,BAL,50 to 55,81,0.102,0.704,,,,,,,,,,,,,
650968,Yohel Pozo,BAL,55 to 60,32,0.04,0.688,,,,,,,,,,,,,
682818,Yohendrick Pinango,TOR,10 to 15,30,0.043,0.533,,,,,,,,,,,,,
682818,Yohendrick Pinango,TOR,15 to 20,18,0.026,0.5,,,,,,,,,,,,,
682818,Yohendrick Pinango,TOR,20 to 25,34,0.049,0.529,10.0,1.0,0.0,0.1,0.1,0.2,0.3,0.125,0.242,0.3,0.167,0.429,86.7
682818,Yohendrick Pinango,TOR,25 to 30,57,0.082,0.456,15.0,4.0,0.0,0.286,0.333,0.286,0.619,0.287,0.279,0.2,0.231,0.273,89.2
682818,Yohendrick Pinango,TOR,30 to 35,82,0.117,0.537,25.0,4.0,2.0,0.16,0.16,0.44,0.6,0.246,0.393,0.04,0.136,0.542,93.1
682818,Yohendrick Pinango,TOR,35 to 40,98,0.14,0.531,29.0,8.0,0.0,0.286,0.31,0.321,0.632,0.284,0.275,0.276,0.212,0.55,93.0
682818,Yohendrick Pinango,TOR,40 to 45,118,0.169,0.534,27.0,10.0,1.0,0.4,0.444,0.64,1.084,0.465,0.396,0.222,0.222,0.474,89.2
682818,Yohendrick Pinango,TOR,45 to 50,112,0.16,0.482,23.0,7.0,1.0,0.35,0.435,0.6,1.035,0.443,0.41,0.304,0.222,0.385,93.7
682818,Yohendrick Pinango,TOR,5 to 10,18,0.026,0.444,,,,,,,,,,,,,
682818,Yohendrick Pinango,TOR,50 to 55,43,0.062,0.628,15.0,6.0,1.0,0.4,0.4,0.6,1.0,0.493,0.235,0.267,0.185,0.545,91.9
682818,Yohendrick Pinango,TOR,55 to 60,18,0.026,0.389,,,,,,,,,,,,,
670541,Yordan Álvarez,HOU,0 to 5,17,0.005,0.235,,,,,,,,,,,,,
670541,Yordan Álvarez,HOU,10 to 15,44,0.013,0.5,11.0,4.0,3.0,0.5,0.636,1.625,2.261,0.818,0.785,0.091,0.235,0.714,99.8
670541,Yordan Álvarez,HOU,15 to 20,111,0.032,0.423,17.0,4.0,2.0,0.333,0.529,0.917,1.446,0.568,0.576,0.176,0.206,0.556,97.7
670541,Yordan Álvarez,HOU,20 to 25,231,0.066,0.481,40.0,9.0,3.0,0.237,0.275,0.474,0.749,0.338,0.356,0.225,0.213,0.448,91.0
670541,Yordan Álvarez,HOU,25 to 30,343,0.098,0.411,63.0,20.0,4.0,0.385,0.476,0.673,1.149,0.483,0.414,0.19,0.144,0.452,92.9
670541,Yordan Álvarez,HOU,30 to 35,495,0.141,0.412,103.0,27.0,6.0,0.307,0.398,0.557,0.955,0.409,0.444,0.146,0.121,0.554,94.6
670541,Yordan Álvarez,HOU,35 to 40,640,0.183,0.438,119.0,34.0,4.0,0.324,0.395,0.543,0.938,0.418,0.428,0.168,0.16,0.605,96.2
670541,Yordan Álvarez,HOU,40 to 45,586,0.167,0.439,111.0,31.0,7.0,0.323,0.405,0.615,1.02,0.431,0.477,0.153,0.173,0.55,93.3
670541,Yordan Álvarez,HOU,45 to 50,353,0.101,0.45,64.0,13.0,5.0,0.241,0.359,0.574,0.933,0.409,0.43,0.266,0.264,0.541,93.6
670541,Yordan Álvarez,HOU,5 to 10,28,0.008,0.5,,,,,,,,,,,,,
670541,Yordan Álvarez,HOU,50 to 55,252,0.072,0.448,39.0,14.0,4.0,0.389,0.41,0.833,1.244,0.508,0.418,0.179,0.143,0.567,94.6
670541,Yordan Álvarez,HOU,55 to 60,118,0.034,0.398,26.0,5.0,0.0,0.238,0.385,0.286,0.67,0.321,0.364,0.192,0.171,0.312,91.8
670541,Yordan Álvarez,HOU,60 to 65,49,0.014,0.408,,,,,,,,,,,,,
670541,Yordan Álvarez,HOU,65 to 70,25,0.007,0.48,,,,,,,,,,,,,
660162,Yoán Moncada,LAA,10 to 15,35,0.021,0.343,,,,,,,,,,,,,
660162,Yoán Moncada,LAA,15 to 20,45,0.027,0.356,,,,,,,,,,,,,
660162,Yoán Moncada,LAA,20 to 25,122,0.072,0.393,13.0,2.0,1.0,0.154,0.154,0.385,0.538,0.223,0.139,0.462,0.316,0.429,91.9
660162,Yoán Moncada,LAA,25 to 30,156,0.093,0.5,12.0,5.0,1.0,0.455,0.5,0.818,1.318,0.554,0.489,0.25,0.182,1.0,102.3
660162,Yoán Moncada,LAA,30 to 35,264,0.157,0.432,22.0,3.0,1.0,0.158,0.273,0.316,0.589,0.268,0.286,0.318,0.19,0.25,87.9
660162,Yoán Moncada,LAA,35 to 40,338,0.2,0.405,23.0,1.0,0.0,0.045,0.087,0.045,0.132,0.07,0.147,0.435,0.229,0.25,86.4
660162,Yoán Moncada,LAA,40 to 45,306,0.181,0.431,21.0,3.0,0.0,0.176,0.333,0.294,0.627,0.295,0.254,0.286,0.289,0.455,93.0
660162,Yoán Moncada,LAA,45 to 50,178,0.106,0.483,,,,,,,,,,,,,
660162,Yoán Moncada,LAA,5 to 10,16,0.009,0.562,,,,,,,,,,,,,
660162,Yoán Moncada,LAA,50 to 55,94,0.056,0.404,10.0,3.0,0.0,0.5,0.7,0.5,1.2,0.55,0.365,0.1,0.231,0.0,79.7
660162,Yoán Moncada,LAA,55 to 60,64,0.038,0.484,,,,,,,,,,,,,
660162,Yoán Moncada,LAA,60 to 65,19,0.011,0.316,,,,,,,,,,,,,
691728,Zac Veen,COL,15 to 20,16,0.037,0.438,,,,,,,,,,,,,
691728,Zac Veen,COL,20 to 25,29,0.068,0.69,,,,,,,,,,,,,
691728,Zac Veen,COL,25 to 30,41,0.096,0.707,14.0,3.0,1.0,0.273,0.385,0.545,0.93,0.538,0.323,0.357,0.36,0.286,73.8
691728,Zac Veen,COL,30 to 35,82,0.192,0.463,10.0,1.0,0.0,0.125,0.222,0.125,0.347,0.278,0.269,0.5,0.478,0.5,76.1
691728,Zac Veen,COL,35 to 40,73,0.171,0.507,15.0,5.0,0.0,0.333,0.333,0.4,0.733,0.323,0.201,0.333,0.36,0.5,84.4
691728,Zac Veen,COL,40 to 45,42,0.098,0.643,,,,,,,,,,,,,
691728,Zac Veen,COL,45 to 50,44,0.103,0.523,,,,,,,,,,,,,
691728,Zac Veen,COL,50 to 55,45,0.105,0.556,,,,,,,,,,,,,
691728,Zac Veen,COL,55 to 60,28,0.066,0.571,,,,,,,,,,,,,
805904,Zach Cole,HOU,20 to 25,18,0.041,0.444,,,,,,,,,,,,,
805904,Zach Cole,HOU,25 to 30,45,0.102,0.533,,,,,,,,,,,,,
805904,Zach Cole,HOU,30 to 35,72,0.163,0.431,,,,,,,,,,,,,
805904,Zach Cole,HOU,35 to 40,81,0.183,0.407,,,,,,,,,,,,,
805904,Zach Cole,HOU,40 to 45,89,0.201,0.382,,,,,,,,,,,,,
805904,Zach Cole,HOU,45 to 50,49,0.111,0.49,,,,,,,,,,,,,
805904,Zach Cole,HOU,50 to 55,53,0.12,0.472,,,,,,,,,,,,,
701305,Zach Dezenzo,HOU,15 to 20,22,0.027,0.455,,,,,,,,,,,,,
701305,Zach Dezenzo,HOU,20 to 25,48,0.059,0.5,10.0,5.0,0.0,0.5,0.5,0.6,1.1,0.485,0.335,0.3,0.2,0.429,87.8
701305,Zach Dezenzo,HOU,25 to 30,82,0.101,0.427,,,,,,,,,,,,,
701305,Zach Dezenzo,HOU,30 to 35,116,0.143,0.491,13.0,1.0,0.0,0.083,0.154,0.083,0.237,0.123,0.144,0.615,0.565,0.5,92.2
701305,Zach Dezenzo,HOU,35 to 40,144,0.177,0.472,15.0,3.0,0.0,0.2,0.2,0.2,0.4,0.18,0.192,0.4,0.348,0.222,84.7
701305,Zach Dezenzo,HOU,40 to 45,146,0.18,0.418,13.0,3.0,0.0,0.273,0.385,0.455,0.839,0.369,0.303,0.308,0.276,0.286,90.2
701305,Zach Dezenzo,HOU,45 to 50,100,0.123,0.41,,,,,,,,,,,,,
701305,Zach Dezenzo,HOU,50 to 55,56,0.069,0.464,,,,,,,,,,,,,
701305,Zach Dezenzo,HOU,55 to 60,31,0.038,0.484,,,,,,,,,,,,,
701305,Zach Dezenzo,HOU,60 to 65,29,0.036,0.448,,,,,,,,,,,,,
656716,Zach Mckinstry,DET,0 to 5,16,0.004,0.25,,,,,,,,,,,,,
656716,Zach Mckinstry,DET,10 to 15,84,0.023,0.381,,,,,,,,,,,,,
656716,Zach Mckinstry,DET,15 to 20,139,0.038,0.453,20.0,4.0,0.0,0.25,0.368,0.25,0.618,0.358,0.325,0.15,0.179,0.071,78.4
656716,Zach Mckinstry,DET,20 to 25,267,0.073,0.438,28.0,7.0,0.0,0.292,0.393,0.292,0.685,0.357,0.308,0.179,0.145,0.158,84.3
656716,Zach Mckinstry,DET,25 to 30,416,0.114,0.49,57.0,8.0,1.0,0.163,0.281,0.306,0.587,0.273,0.327,0.246,0.233,0.353,86.4
656716,Zach Mckinstry,DET,30 to 35,534,0.147,0.461,55.0,10.0,1.0,0.2,0.273,0.26,0.533,0.28,0.314,0.127,0.102,0.227,86.6
656716,Zach Mckinstry,DET,35 to 40,632,0.174,0.486,67.0,13.0,1.0,0.224,0.299,0.328,0.626,0.298,0.286,0.119,0.127,0.235,86.3
656716,Zach Mckinstry,DET,40 to 45,521,0.143,0.451,60.0,11.0,0.0,0.2,0.254,0.327,0.582,0.287,0.265,0.15,0.096,0.213,85.3
656716,Zach Mckinstry,DET,45 to 50,396,0.109,0.52,38.0,6.0,0.0,0.167,0.189,0.194,0.384,0.18,0.194,0.211,0.173,0.138,83.5
656716,Zach Mckinstry,DET,5 to 10,46,0.013,0.543,,,,,,,,,,,,,
656716,Zach Mckinstry,DET,50 to 55,305,0.084,0.485,30.0,6.0,1.0,0.231,0.333,0.423,0.756,0.393,0.271,0.167,0.106,0.19,85.3
656716,Zach Mckinstry,DET,55 to 60,152,0.042,0.52,23.0,2.0,0.0,0.1,0.217,0.2,0.417,0.2,0.221,0.174,0.147,0.062,77.2
656716,Zach Mckinstry,DET,60 to 65,55,0.015,0.491,,,,,,,,,,,,,
687263,Zach Neto,LAA,10 to 15,86,0.017,0.407,11.0,3.0,1.0,0.333,0.455,0.889,1.343,0.536,0.406,0.182,0.375,0.286,85.3
687263,Zach Neto,LAA,15 to 20,184,0.037,0.478,23.0,6.0,0.0,0.316,0.435,0.526,0.961,0.417,0.346,0.217,0.372,0.357,86.6
687263,Zach Neto,LAA,20 to 25,353,0.072,0.462,43.0,9.0,3.0,0.273,0.442,0.636,1.078,0.473,0.384,0.186,0.25,0.4,91.0
687263,Zach Neto,LAA,25 to 30,457,0.093,0.49,49.0,9.0,4.0,0.225,0.367,0.575,0.942,0.398,0.364,0.327,0.275,0.375,87.7
687263,Zach Neto,LAA,30 to 35,654,0.133,0.483,82.0,19.0,3.0,0.247,0.293,0.39,0.682,0.3,0.33,0.28,0.287,0.481,90.8
687263,Zach Neto,LAA,35 to 40,858,0.174,0.54,124.0,30.0,6.0,0.268,0.339,0.518,0.857,0.367,0.324,0.355,0.333,0.382,89.9
687263,Zach Neto,LAA,40 to 45,855,0.173,0.487,136.0,27.0,5.0,0.223,0.309,0.388,0.697,0.309,0.299,0.265,0.333,0.388,88.9
687263,Zach Neto,LAA,45 to 50,601,0.122,0.479,81.0,12.0,0.0,0.164,0.247,0.192,0.439,0.211,0.204,0.358,0.331,0.341,86.6
687263,Zach Neto,LAA,5 to 10,46,0.009,0.478,,,,,,,,,,,,,
687263,Zach Neto,LAA,50 to 55,393,0.08,0.511,55.0,15.0,2.0,0.306,0.382,0.49,0.872,0.381,0.351,0.273,0.209,0.5,92.5
687263,Zach Neto,LAA,55 to 60,205,0.042,0.551,34.0,6.0,1.0,0.182,0.206,0.394,0.6,0.253,0.268,0.471,0.306,0.529,89.0
687263,Zach Neto,LAA,60 to 65,65,0.013,0.538,12.0,1.0,0.0,0.1,0.167,0.3,0.467,0.192,0.252,0.417,0.321,0.5,97.6
687263,Zach Neto,LAA,65 to 70,21,0.004,0.524,,,,,,,,,,,,,
680869,Zack Gelof,ATH,10 to 15,41,0.02,0.366,,,,,,,,,,,,,
680869,Zack Gelof,ATH,15 to 20,58,0.028,0.431,14.0,1.0,0.0,0.111,0.429,0.111,0.54,0.314,0.346,0.143,0.188,0.429,87.7
680869,Zack Gelof,ATH,20 to 25,142,0.069,0.345,28.0,5.0,1.0,0.208,0.321,0.375,0.696,0.345,0.322,0.321,0.394,0.467,88.9
680869,Zack Gelof,ATH,25 to 30,196,0.096,0.515,42.0,11.0,3.0,0.289,0.357,0.605,0.962,0.427,0.332,0.214,0.253,0.433,85.4
680869,Zack Gelof,ATH,30 to 35,282,0.138,0.465,53.0,15.0,2.0,0.306,0.358,0.49,0.848,0.386,0.365,0.208,0.29,0.526,90.2
680869,Zack Gelof,ATH,35 to 40,333,0.163,0.453,67.0,9.0,1.0,0.15,0.239,0.233,0.472,0.221,0.262,0.209,0.234,0.391,88.4
680869,Zack Gelof,ATH,40 to 45,347,0.169,0.504,77.0,20.0,5.0,0.282,0.338,0.521,0.859,0.381,0.327,0.273,0.303,0.373,87.8
680869,Zack Gelof,ATH,45 to 50,250,0.122,0.548,48.0,16.0,5.0,0.348,0.362,0.804,1.166,0.487,0.388,0.292,0.225,0.667,92.0
680869,Zack Gelof,ATH,5 to 10,15,0.007,0.467,,,,,,,,,,,,,
680869,Zack Gelof,ATH,50 to 55,229,0.112,0.48,40.0,9.0,3.0,0.243,0.282,0.514,0.796,0.388,0.326,0.15,0.238,0.25,86.2
680869,Zack Gelof,ATH,55 to 60,80,0.039,0.438,22.0,5.0,0.0,0.25,0.286,0.3,0.586,0.274,0.236,0.409,0.333,0.5,88.6
680869,Zack Gelof,ATH,60 to 65,26,0.013,0.5,,,,,,,,,,,,,
670097,Zack Short,NYM,15 to 20,18,0.034,0.5,,,,,,,,,,,,,
670097,Zack Short,NYM,20 to 25,52,0.099,0.385,,,,,,,,,,,,,
670097,Zack Short,NYM,25 to 30,45,0.086,0.533,,,,,,,,,,,,,
670097,Zack Short,NYM,30 to 35,73,0.139,0.356,,,,,,,,,,,,,
670097,Zack Short,NYM,35 to 40,84,0.16,0.56,,,,,,,,,,,,,
670097,Zack Short,NYM,40 to 45,95,0.181,0.389,13.0,0.0,0.0,0.0,0.154,0.0,0.154,0.108,0.122,0.308,0.32,0.0,76.9
670097,Zack Short,NYM,45 to 50,68,0.13,0.353,12.0,1.0,0.0,0.1,0.25,0.1,0.35,0.192,0.328,0.167,0.105,0.375,92.5
670097,Zack Short,NYM,50 to 55,41,0.078,0.415,,,,,,,,,,,,,
670097,Zack Short,NYM,55 to 60,26,0.05,0.231,,,,,,,,,,,,,
