batter,batter_name,current_team,count_group,tendency_pitches_seen,pct_of_pitches_seen,swing_rate,performance_pa,hits,home_runs,batting_avg,on_base_pct,slugging_pct,ops,woba,xwoba,k_rate,whiff_rate,hard_hit_rate,avg_exit_velo
805999,A. J. Ewing,NYM,Ahead (Hitter),408,0.219,0.483,94.0,31.0,5.0,0.392,0.484,0.722,1.205,0.533,0.512,0.0,0.188,0.595,93.8
805999,A. J. Ewing,NYM,Behind (Hitter),229,0.123,0.384,31.0,9.0,2.0,0.3,0.29,0.5,0.79,0.39,0.381,0.0,0.307,0.419,88.2
805999,A. J. Ewing,NYM,Even,671,0.36,0.39,104.0,37.0,2.0,0.374,0.366,0.485,0.851,0.391,0.393,0.0,0.195,0.358,85.8
805999,A. J. Ewing,NYM,Two-Strike,556,0.298,0.558,246.0,32.0,1.0,0.149,0.256,0.186,0.442,0.217,0.207,0.488,0.258,0.326,86.0
592450,Aaron Judge,NYY,Ahead (Hitter),1047,0.262,0.358,55.0,13.0,3.0,0.342,0.545,0.684,1.23,0.606,0.563,0.0,0.306,0.455,93.1
592450,Aaron Judge,NYY,Behind (Hitter),443,0.111,0.436,17.0,5.0,2.0,0.294,0.294,0.706,1.0,0.456,0.434,0.0,0.319,0.375,90.5
592450,Aaron Judge,NYY,Even,1340,0.335,0.368,37.0,14.0,4.0,0.389,0.405,0.778,1.183,0.522,0.512,0.0,0.38,0.667,95.1
592450,Aaron Judge,NYY,Two-Strike,1166,0.292,0.527,176.0,25.0,9.0,0.163,0.267,0.359,0.627,0.292,0.324,0.483,0.257,0.632,94.8
694673,Abimelec Ortiz,WSH,Ahead (Hitter),124,0.219,0.444,24.0,6.0,1.0,0.286,0.375,0.524,0.899,0.443,0.387,0.0,0.182,0.5,90.9
694673,Abimelec Ortiz,WSH,Behind (Hitter),66,0.117,0.53,,,,,,,,,,,,,
694673,Abimelec Ortiz,WSH,Even,189,0.335,0.418,16.0,3.0,2.0,0.188,0.188,0.625,0.812,0.328,0.394,0.0,0.291,0.375,89.4
694673,Abimelec Ortiz,WSH,Two-Strike,186,0.329,0.613,85.0,14.0,2.0,0.171,0.2,0.268,0.468,0.207,0.232,0.4,0.175,0.375,89.3
691182,Adael Amador,COL,Ahead (Hitter),157,0.205,0.471,21.0,5.0,1.0,0.294,0.429,0.529,0.958,0.417,0.389,0.0,0.091,0.235,86.3
691182,Adael Amador,COL,Behind (Hitter),102,0.133,0.461,,,,,,,,,,,,,
691182,Adael Amador,COL,Even,283,0.37,0.406,13.0,6.0,2.0,0.462,0.462,0.923,1.385,0.585,0.361,0.0,0.122,0.308,85.3
691182,Adael Amador,COL,Two-Strike,223,0.292,0.587,37.0,8.0,1.0,0.242,0.324,0.424,0.749,0.328,0.178,0.27,0.109,0.217,84.1
624428,Adam Frazier,LAA,Ahead (Hitter),492,0.204,0.463,27.0,4.0,1.0,0.182,0.333,0.318,0.652,0.304,0.332,0.0,0.14,0.182,84.6
624428,Adam Frazier,LAA,Behind (Hitter),315,0.13,0.584,12.0,3.0,0.0,0.25,0.25,0.25,0.5,0.225,0.274,0.0,0.404,0.083,81.9
624428,Adam Frazier,LAA,Even,839,0.347,0.323,22.0,7.0,0.0,0.412,0.444,0.647,1.092,0.511,0.297,0.0,0.212,0.19,72.5
624428,Adam Frazier,LAA,Two-Strike,769,0.318,0.714,84.0,17.0,0.0,0.218,0.274,0.308,0.582,0.283,0.235,0.464,0.246,0.231,86.9
680718,Addison Barger,TOR,Ahead (Hitter),458,0.22,0.437,,,,,,,,,,,,,
680718,Addison Barger,TOR,Behind (Hitter),253,0.121,0.522,,,,,,,,,,,,,
680718,Addison Barger,TOR,Even,740,0.355,0.4,,,,,,,,,,,,,
680718,Addison Barger,TOR,Two-Strike,635,0.304,0.606,16.0,1.0,0.0,0.077,0.25,0.154,0.404,0.209,0.257,0.438,0.222,0.667,92.2
668939,Adley Rutschman,BOS,Ahead (Hitter),795,0.252,0.379,89.0,22.0,2.0,0.324,0.483,0.515,0.998,0.45,0.436,0.0,0.144,0.471,91.0
668939,Adley Rutschman,BOS,Behind (Hitter),381,0.121,0.444,35.0,8.0,0.0,0.242,0.229,0.364,0.592,0.271,0.271,0.0,0.129,0.286,87.0
668939,Adley Rutschman,BOS,Even,1111,0.352,0.266,66.0,20.0,3.0,0.317,0.333,0.571,0.905,0.381,0.385,0.0,0.196,0.375,90.2
668939,Adley Rutschman,BOS,Two-Strike,867,0.275,0.589,207.0,35.0,7.0,0.186,0.251,0.351,0.602,0.268,0.273,0.314,0.117,0.37,87.5
666969,Adolis García,PHI,Ahead (Hitter),674,0.208,0.51,49.0,10.0,2.0,0.27,0.429,0.486,0.915,0.4,0.448,0.0,0.25,0.553,93.8
666969,Adolis García,PHI,Behind (Hitter),409,0.126,0.482,15.0,3.0,0.0,0.214,0.267,0.286,0.552,0.25,0.302,0.0,0.385,0.429,83.0
666969,Adolis García,PHI,Even,1154,0.357,0.386,31.0,8.0,2.0,0.267,0.29,0.533,0.824,0.377,0.409,0.0,0.341,0.367,90.5
666969,Adolis García,PHI,Two-Strike,999,0.309,0.628,164.0,24.0,3.0,0.16,0.22,0.253,0.473,0.214,0.225,0.506,0.313,0.5,93.9
680728,Adrian Del Castillo,AZ,Ahead (Hitter),276,0.21,0.486,38.0,6.0,1.0,0.188,0.316,0.344,0.66,0.3,0.378,0.0,0.203,0.344,87.9
680728,Adrian Del Castillo,AZ,Behind (Hitter),167,0.127,0.473,12.0,4.0,1.0,0.333,0.333,0.583,0.917,0.467,0.327,0.0,0.373,0.333,88.7
680728,Adrian Del Castillo,AZ,Even,456,0.347,0.364,37.0,11.0,2.0,0.314,0.314,0.543,0.857,0.403,0.334,0.0,0.245,0.405,83.8
680728,Adrian Del Castillo,AZ,Two-Strike,416,0.316,0.587,107.0,14.0,1.0,0.141,0.196,0.192,0.388,0.18,0.18,0.505,0.261,0.348,88.1
682663,Agustín Ramírez,MIA,Ahead (Hitter),644,0.208,0.523,41.0,15.0,1.0,0.405,0.463,0.568,1.031,0.506,0.452,0.0,0.302,0.514,92.2
682663,Agustín Ramírez,MIA,Behind (Hitter),389,0.126,0.506,21.0,7.0,1.0,0.35,0.381,0.75,1.131,0.469,0.348,0.0,0.317,0.5,91.0
682663,Agustín Ramírez,MIA,Even,1130,0.366,0.433,49.0,10.0,2.0,0.213,0.224,0.34,0.565,0.261,0.226,0.0,0.3,0.375,90.6
682663,Agustín Ramírez,MIA,Two-Strike,928,0.3,0.541,130.0,18.0,1.0,0.164,0.292,0.227,0.52,0.26,0.244,0.446,0.242,0.333,87.4
702176,Alan Roden,MIN,Ahead (Hitter),198,0.226,0.444,18.0,3.0,0.0,0.273,0.5,0.364,0.864,0.403,0.521,0.0,0.135,0.417,90.9
702176,Alan Roden,MIN,Behind (Hitter),114,0.13,0.447,,,,,,,,,,,,,
702176,Alan Roden,MIN,Even,336,0.383,0.387,26.0,10.0,1.0,0.4,0.4,0.56,0.96,0.562,0.387,0.0,0.105,0.5,84.9
702176,Alan Roden,MIN,Two-Strike,230,0.262,0.6,40.0,8.0,0.0,0.235,0.325,0.294,0.619,0.285,0.258,0.3,0.173,0.261,80.3
664761,Alec Bohm,PHI,Ahead (Hitter),894,0.221,0.472,143.0,38.0,12.0,0.317,0.42,0.717,1.136,0.481,0.469,0.0,0.135,0.479,92.0
664761,Alec Bohm,PHI,Behind (Hitter),512,0.126,0.438,60.0,21.0,0.0,0.368,0.4,0.439,0.839,0.395,0.377,0.0,0.163,0.482,91.9
664761,Alec Bohm,PHI,Even,1528,0.377,0.389,142.0,40.0,2.0,0.294,0.31,0.382,0.692,0.31,0.344,0.0,0.152,0.471,91.1
664761,Alec Bohm,PHI,Two-Strike,1118,0.276,0.593,269.0,42.0,1.0,0.173,0.245,0.222,0.468,0.231,0.237,0.323,0.155,0.363,88.6
676475,Alec Burleson,STL,Ahead (Hitter),1034,0.236,0.448,118.0,32.0,4.0,0.356,0.492,0.556,1.047,0.476,0.473,0.0,0.226,0.511,91.9
676475,Alec Burleson,STL,Behind (Hitter),549,0.125,0.536,66.0,17.0,1.0,0.258,0.258,0.439,0.697,0.301,0.348,0.0,0.148,0.323,89.5
676475,Alec Burleson,STL,Even,1635,0.373,0.432,155.0,60.0,10.0,0.395,0.4,0.678,1.078,0.458,0.488,0.0,0.235,0.588,93.6
676475,Alec Burleson,STL,Two-Strike,1169,0.266,0.667,319.0,58.0,8.0,0.201,0.273,0.322,0.595,0.269,0.278,0.37,0.192,0.474,90.9
672386,Alejandro Kirk,TOR,Ahead (Hitter),743,0.234,0.374,59.0,13.0,1.0,0.317,0.525,0.39,0.916,0.46,0.458,0.0,0.14,0.41,90.9
672386,Alejandro Kirk,TOR,Behind (Hitter),405,0.127,0.526,31.0,11.0,2.0,0.367,0.355,0.6,0.955,0.431,0.382,0.0,0.11,0.438,88.1
672386,Alejandro Kirk,TOR,Even,1112,0.35,0.309,56.0,13.0,3.0,0.236,0.232,0.418,0.65,0.29,0.28,0.0,0.16,0.321,86.4
672386,Alejandro Kirk,TOR,Two-Strike,918,0.289,0.659,154.0,39.0,4.0,0.269,0.305,0.386,0.691,0.304,0.249,0.247,0.122,0.417,87.9
696030,Alejandro Osuna,TEX,Ahead (Hitter),306,0.196,0.418,37.0,7.0,0.0,0.28,0.514,0.28,0.794,0.433,0.414,0.0,0.111,0.417,90.8
696030,Alejandro Osuna,TEX,Behind (Hitter),219,0.141,0.562,33.0,14.0,0.0,0.452,0.469,0.516,0.985,0.472,0.343,0.0,0.11,0.152,81.7
696030,Alejandro Osuna,TEX,Even,570,0.366,0.311,50.0,12.0,1.0,0.255,0.3,0.34,0.64,0.293,0.336,0.0,0.144,0.283,84.1
696030,Alejandro Osuna,TEX,Two-Strike,463,0.297,0.609,106.0,16.0,0.0,0.168,0.255,0.189,0.444,0.215,0.24,0.321,0.166,0.306,86.9
677950,Alek Thomas,LAD,Ahead (Hitter),431,0.206,0.52,16.0,6.0,1.0,0.462,0.562,1.0,1.562,0.625,0.653,0.0,0.208,0.615,97.4
677950,Alek Thomas,LAD,Behind (Hitter),291,0.139,0.577,17.0,3.0,0.0,0.176,0.176,0.353,0.529,0.274,0.313,0.0,0.286,0.529,92.0
677950,Alek Thomas,LAD,Even,795,0.38,0.413,30.0,8.0,0.0,0.286,0.31,0.393,0.703,0.347,0.32,0.0,0.186,0.355,85.9
677950,Alek Thomas,LAD,Two-Strike,576,0.275,0.679,55.0,4.0,1.0,0.075,0.109,0.132,0.241,0.111,0.144,0.491,0.247,0.269,83.7
608324,Alex Bregman,CHC,Ahead (Hitter),1145,0.243,0.362,145.0,28.0,2.0,0.267,0.462,0.4,0.862,0.408,0.429,0.0,0.127,0.413,88.9
608324,Alex Bregman,CHC,Behind (Hitter),588,0.125,0.464,70.0,26.0,5.0,0.388,0.4,0.672,1.072,0.466,0.386,0.0,0.196,0.441,89.9
608324,Alex Bregman,CHC,Even,1647,0.35,0.262,120.0,35.0,8.0,0.302,0.308,0.569,0.877,0.379,0.302,0.0,0.151,0.359,87.8
608324,Alex Bregman,CHC,Two-Strike,1330,0.282,0.611,358.0,67.0,11.0,0.213,0.304,0.373,0.677,0.316,0.276,0.282,0.127,0.343,87.4
669743,Alex Call,LAD,Ahead (Hitter),480,0.223,0.352,37.0,8.0,0.0,0.32,0.486,0.36,0.846,0.393,0.372,0.0,0.068,0.111,85.0
669743,Alex Call,LAD,Behind (Hitter),280,0.13,0.393,15.0,7.0,0.0,0.467,0.467,0.533,1.0,0.443,0.297,0.0,0.233,0.2,85.8
669743,Alex Call,LAD,Even,743,0.345,0.236,24.0,4.0,1.0,0.19,0.292,0.381,0.673,0.298,0.335,0.0,0.254,0.286,87.7
669743,Alex Call,LAD,Two-Strike,650,0.302,0.603,115.0,18.0,0.0,0.184,0.304,0.235,0.539,0.275,0.229,0.304,0.098,0.125,80.6
690976,Alex Freeland,LAD,Ahead (Hitter),387,0.252,0.403,59.0,14.0,0.0,0.326,0.483,0.372,0.855,0.402,0.407,0.0,0.144,0.267,84.5
690976,Alex Freeland,LAD,Behind (Hitter),181,0.118,0.354,15.0,3.0,0.0,0.2,0.2,0.2,0.4,0.193,0.246,0.0,0.32,0.429,88.0
690976,Alex Freeland,LAD,Even,532,0.346,0.252,43.0,17.0,1.0,0.415,0.415,0.585,1.0,0.461,0.368,0.0,0.279,0.419,87.4
690976,Alex Freeland,LAD,Two-Strike,437,0.284,0.568,153.0,20.0,3.0,0.15,0.255,0.241,0.496,0.239,0.242,0.477,0.297,0.467,90.6
656577,Alex Jackson,MIN,Ahead (Hitter),121,0.18,0.554,,,,,,,,,,,,,
656577,Alex Jackson,MIN,Behind (Hitter),94,0.14,0.521,,,,,,,,,,,,,
656577,Alex Jackson,MIN,Even,236,0.352,0.458,17.0,6.0,0.0,0.375,0.412,0.438,0.849,0.379,0.236,0.0,0.224,0.312,73.9
656577,Alex Jackson,MIN,Two-Strike,220,0.328,0.586,41.0,7.0,1.0,0.179,0.22,0.282,0.502,0.223,0.175,0.585,0.298,0.333,84.7
645305,Ali Sánchez,NYY,Ahead (Hitter),63,0.165,0.46,12.0,2.0,0.0,0.182,0.25,0.273,0.523,0.238,0.214,0.0,0.08,0.273,79.8
645305,Ali Sánchez,NYY,Behind (Hitter),56,0.147,0.482,11.0,6.0,0.0,0.6,0.636,0.6,1.236,0.555,0.483,0.0,0.05,0.2,85.4
645305,Ali Sánchez,NYY,Even,147,0.385,0.463,25.0,9.0,0.0,0.391,0.417,0.391,0.808,0.375,0.408,0.0,0.208,0.292,78.9
645305,Ali Sánchez,NYY,Two-Strike,116,0.304,0.629,40.0,3.0,1.0,0.077,0.075,0.179,0.254,0.171,0.108,0.625,0.34,0.333,85.9
675961,Alika Williams,ATH,Ahead (Hitter),133,0.159,0.602,36.0,16.0,0.0,0.5,0.528,0.688,1.215,0.542,0.447,0.0,0.162,0.394,86.4
675961,Alika Williams,ATH,Behind (Hitter),136,0.163,0.507,30.0,5.0,1.0,0.179,0.233,0.357,0.59,0.257,0.278,0.0,0.174,0.286,80.6
675961,Alika Williams,ATH,Even,315,0.377,0.441,48.0,18.0,2.0,0.4,0.4,0.689,1.089,0.477,0.272,0.0,0.245,0.25,80.2
675961,Alika Williams,ATH,Two-Strike,251,0.301,0.602,117.0,19.0,1.0,0.173,0.222,0.264,0.486,0.218,0.17,0.427,0.225,0.367,85.5
642708,Amed Rosario,NYY,Ahead (Hitter),255,0.17,0.569,41.0,12.0,4.0,0.364,0.488,0.758,1.245,0.538,0.467,0.0,0.184,0.394,91.7
642708,Amed Rosario,NYY,Behind (Hitter),230,0.153,0.557,29.0,12.0,3.0,0.429,0.414,0.786,1.2,0.498,0.45,0.0,0.3,0.379,87.7
642708,Amed Rosario,NYY,Even,570,0.379,0.468,46.0,13.0,1.0,0.289,0.283,0.444,0.727,0.328,0.367,0.0,0.259,0.457,91.2
642708,Amed Rosario,NYY,Two-Strike,447,0.298,0.655,120.0,14.0,2.0,0.124,0.167,0.195,0.361,0.172,0.199,0.467,0.244,0.362,90.3
643217,Andrew Benintendi,CWS,Ahead (Hitter),798,0.231,0.518,85.0,24.0,2.0,0.338,0.424,0.577,1.001,0.445,0.463,0.0,0.235,0.493,90.4
643217,Andrew Benintendi,CWS,Behind (Hitter),424,0.123,0.465,35.0,8.0,0.0,0.229,0.229,0.286,0.514,0.251,0.311,0.0,0.28,0.314,84.4
643217,Andrew Benintendi,CWS,Even,1303,0.378,0.429,95.0,31.0,5.0,0.337,0.33,0.554,0.884,0.39,0.354,0.0,0.266,0.436,87.3
643217,Andrew Benintendi,CWS,Two-Strike,925,0.268,0.635,239.0,37.0,7.0,0.173,0.255,0.318,0.573,0.26,0.237,0.444,0.262,0.473,90.8
668800,Andrew Knizner,SF,Ahead (Hitter),129,0.217,0.256,,,,,,,,,,,,,
668800,Andrew Knizner,SF,Behind (Hitter),81,0.136,0.568,10.0,1.0,0.0,0.1,0.1,0.2,0.3,0.125,0.265,0.0,0.35,0.2,84.2
668800,Andrew Knizner,SF,Even,228,0.383,0.408,21.0,7.0,0.0,0.389,0.476,0.444,0.921,0.417,0.356,0.0,0.24,0.333,87.5
668800,Andrew Knizner,SF,Two-Strike,157,0.264,0.745,36.0,6.0,1.0,0.182,0.25,0.303,0.553,0.249,0.243,0.361,0.13,0.45,88.7
457705,Andrew Mccutchen,TEX,Ahead (Hitter),669,0.253,0.42,17.0,4.0,0.0,0.308,0.471,0.385,0.855,0.397,0.378,0.0,0.351,0.308,85.7
457705,Andrew Mccutchen,TEX,Behind (Hitter),298,0.113,0.48,,,,,,,,,,,,,
457705,Andrew Mccutchen,TEX,Even,896,0.339,0.339,,,,,,,,,,,,,
457705,Andrew Mccutchen,TEX,Two-Strike,780,0.295,0.596,49.0,5.0,1.0,0.114,0.204,0.205,0.409,0.211,0.18,0.449,0.27,0.227,86.8
687605,Andrew Pinckney,WSH,Ahead (Hitter),32,0.294,0.406,,,,,,,,,,,,,
687605,Andrew Pinckney,WSH,Even,41,0.376,0.39,,,,,,,,,,,,,
687605,Andrew Pinckney,WSH,Two-Strike,26,0.239,0.5,15.0,2.0,0.0,0.143,0.2,0.143,0.343,0.167,0.083,0.667,0.462,0.25,88.6
683734,Andrew Vaughn,MIL,Ahead (Hitter),746,0.242,0.39,83.0,30.0,2.0,0.462,0.566,0.692,1.259,0.545,0.446,0.0,0.173,0.462,92.2
683734,Andrew Vaughn,MIL,Behind (Hitter),375,0.122,0.421,18.0,3.0,0.0,0.176,0.222,0.176,0.399,0.189,0.325,0.0,0.286,0.412,88.1
683734,Andrew Vaughn,MIL,Even,1101,0.358,0.306,57.0,20.0,2.0,0.37,0.386,0.611,0.997,0.454,0.323,0.0,0.207,0.434,91.3
683734,Andrew Vaughn,MIL,Two-Strike,857,0.278,0.63,175.0,35.0,2.0,0.226,0.314,0.303,0.618,0.295,0.279,0.303,0.137,0.422,88.5
623205,Andrew Velazquez,KC,Even,19,0.422,0.368,,,,,,,,,,,,,
655316,Andruw Monasterio,BOS,Ahead (Hitter),401,0.199,0.456,48.0,10.0,1.0,0.27,0.417,0.486,0.903,0.411,0.363,0.0,0.192,0.289,85.8
655316,Andruw Monasterio,BOS,Behind (Hitter),264,0.131,0.485,34.0,11.0,0.0,0.355,0.333,0.484,0.817,0.348,0.345,0.0,0.263,0.294,82.3
655316,Andruw Monasterio,BOS,Even,670,0.333,0.319,56.0,18.0,2.0,0.333,0.357,0.556,0.913,0.391,0.353,0.0,0.166,0.37,86.1
655316,Andruw Monasterio,BOS,Two-Strike,679,0.337,0.616,198.0,33.0,3.0,0.182,0.247,0.287,0.535,0.245,0.247,0.338,0.137,0.322,89.2
665953,Andrés Chaparro,WSH,Ahead (Hitter),244,0.217,0.455,37.0,10.0,3.0,0.435,0.649,0.87,1.518,0.631,0.56,0.0,0.313,0.435,93.9
665953,Andrés Chaparro,WSH,Behind (Hitter),156,0.139,0.442,20.0,5.0,1.0,0.263,0.3,0.526,0.826,0.35,0.267,0.0,0.3,0.421,88.9
665953,Andrés Chaparro,WSH,Even,407,0.361,0.459,49.0,16.0,4.0,0.356,0.408,0.756,1.164,0.52,0.495,0.0,0.35,0.489,90.8
665953,Andrés Chaparro,WSH,Two-Strike,319,0.283,0.608,115.0,18.0,3.0,0.173,0.252,0.298,0.55,0.249,0.214,0.452,0.262,0.404,87.3
665926,Andrés Giménez,TOR,Ahead (Hitter),606,0.184,0.485,64.0,14.0,1.0,0.275,0.381,0.49,0.871,0.376,0.341,0.0,0.25,0.278,86.7
665926,Andrés Giménez,TOR,Behind (Hitter),478,0.145,0.644,63.0,16.0,2.0,0.262,0.274,0.377,0.651,0.288,0.318,0.0,0.225,0.242,84.1
665926,Andrés Giménez,TOR,Even,1195,0.362,0.388,95.0,30.0,4.0,0.341,0.368,0.58,0.948,0.401,0.349,0.0,0.276,0.333,82.3
665926,Andrés Giménez,TOR,Two-Strike,1023,0.31,0.703,276.0,53.0,2.0,0.202,0.239,0.26,0.499,0.226,0.223,0.337,0.178,0.194,84.2
628451,Andy Ibáñez,NYM,Ahead (Hitter),155,0.195,0.542,,,,,,,,,,,,,
628451,Andy Ibáñez,NYM,Behind (Hitter),112,0.141,0.598,,,,,,,,,,,,,
628451,Andy Ibáñez,NYM,Even,304,0.382,0.431,,,,,,,,,,,,,
628451,Andy Ibáñez,NYM,Two-Strike,224,0.282,0.616,,,,,,,,,,,,,
681624,Andy Pages,LAD,Ahead (Hitter),923,0.201,0.515,115.0,31.0,7.0,0.348,0.487,0.652,1.139,0.496,0.481,0.0,0.196,0.416,88.4
681624,Andy Pages,LAD,Behind (Hitter),593,0.129,0.415,38.0,12.0,2.0,0.324,0.316,0.541,0.856,0.361,0.399,0.0,0.255,0.447,87.9
681624,Andy Pages,LAD,Even,1676,0.365,0.412,107.0,32.0,5.0,0.314,0.327,0.559,0.886,0.402,0.414,0.0,0.199,0.515,91.5
681624,Andy Pages,LAD,Two-Strike,1395,0.304,0.651,300.0,62.0,7.0,0.226,0.29,0.347,0.637,0.285,0.256,0.36,0.172,0.349,87.4
694197,Angel Genao,CLE,Ahead (Hitter),115,0.228,0.443,26.0,8.0,0.0,0.364,0.462,0.364,0.825,0.385,0.392,0.0,0.255,0.5,92.5
694197,Angel Genao,CLE,Behind (Hitter),67,0.133,0.448,16.0,2.0,0.0,0.125,0.125,0.188,0.312,0.247,0.228,0.0,0.233,0.625,92.2
694197,Angel Genao,CLE,Even,191,0.378,0.356,26.0,8.0,2.0,0.308,0.308,0.577,0.885,0.375,0.367,0.0,0.162,0.462,88.7
694197,Angel Genao,CLE,Two-Strike,132,0.261,0.576,66.0,8.0,0.0,0.136,0.227,0.169,0.397,0.208,0.224,0.318,0.224,0.5,90.0
682657,Angel Martínez,CLE,Ahead (Hitter),591,0.182,0.477,53.0,14.0,5.0,0.298,0.377,0.702,1.079,0.447,0.492,0.0,0.188,0.489,91.6
682657,Angel Martínez,CLE,Behind (Hitter),469,0.145,0.614,55.0,16.0,3.0,0.308,0.345,0.596,0.942,0.398,0.335,0.0,0.169,0.346,84.6
682657,Angel Martínez,CLE,Even,1191,0.367,0.406,91.0,31.0,3.0,0.369,0.376,0.607,0.984,0.445,0.389,0.0,0.178,0.367,84.3
682657,Angel Martínez,CLE,Two-Strike,991,0.306,0.68,199.0,35.0,6.0,0.185,0.221,0.312,0.533,0.242,0.213,0.447,0.206,0.317,86.4
678011,Anthony Seigler,BOS,Ahead (Hitter),193,0.209,0.409,27.0,7.0,1.0,0.368,0.519,0.632,1.15,0.481,0.46,0.0,0.309,0.45,92.1
678011,Anthony Seigler,BOS,Behind (Hitter),131,0.142,0.489,23.0,6.0,0.0,0.273,0.261,0.364,0.625,0.277,0.256,0.0,0.191,0.273,82.6
678011,Anthony Seigler,BOS,Even,344,0.372,0.392,39.0,9.0,0.0,0.25,0.27,0.333,0.604,0.301,0.331,0.0,0.204,0.368,83.8
678011,Anthony Seigler,BOS,Two-Strike,257,0.278,0.514,85.0,15.0,2.0,0.203,0.306,0.378,0.684,0.304,0.272,0.329,0.167,0.311,87.1
683011,Anthony Volpe,NYY,Ahead (Hitter),685,0.206,0.431,35.0,6.0,0.0,0.222,0.4,0.296,0.696,0.36,0.394,0.0,0.153,0.444,91.1
683011,Anthony Volpe,NYY,Behind (Hitter),446,0.134,0.471,20.0,4.0,0.0,0.2,0.2,0.25,0.45,0.242,0.348,0.0,0.238,0.4,87.3
683011,Anthony Volpe,NYY,Even,1158,0.348,0.337,47.0,21.0,1.0,0.447,0.447,0.596,1.043,0.455,0.393,0.0,0.228,0.458,91.2
683011,Anthony Volpe,NYY,Two-Strike,1040,0.312,0.604,131.0,19.0,1.0,0.167,0.267,0.246,0.513,0.24,0.22,0.397,0.244,0.254,83.6
605244,Aramis Garcia,AZ,Ahead (Hitter),18,0.225,0.722,,,,,,,,,,,,,
605244,Aramis Garcia,AZ,Even,32,0.4,0.344,,,,,,,,,,,,,
605244,Aramis Garcia,AZ,Two-Strike,19,0.237,0.632,,,,,,,,,,,,,
669720,Austin Hays,SD,Ahead (Hitter),362,0.188,0.519,16.0,7.0,1.0,0.467,0.5,0.733,1.233,0.59,0.547,0.0,0.342,0.5,94.0
669720,Austin Hays,SD,Behind (Hitter),270,0.14,0.537,,,,,,,,,,,,,
669720,Austin Hays,SD,Even,711,0.368,0.47,20.0,7.0,1.0,0.35,0.35,0.55,0.9,0.432,0.347,0.0,0.348,0.3,83.8
669720,Austin Hays,SD,Two-Strike,587,0.304,0.584,53.0,8.0,1.0,0.154,0.17,0.231,0.401,0.193,0.213,0.491,0.288,0.481,86.5
595978,Austin Hedges,CLE,Ahead (Hitter),343,0.213,0.449,50.0,10.0,1.0,0.323,0.542,0.516,1.058,0.493,0.457,0.0,0.277,0.529,86.7
595978,Austin Hedges,CLE,Behind (Hitter),210,0.13,0.462,17.0,3.0,0.0,0.2,0.25,0.2,0.45,0.325,0.21,0.0,0.271,0.125,75.5
595978,Austin Hedges,CLE,Even,571,0.354,0.415,51.0,18.0,4.0,0.36,0.36,0.64,1.0,0.457,0.344,0.0,0.262,0.36,84.4
595978,Austin Hedges,CLE,Two-Strike,487,0.302,0.55,124.0,21.0,0.0,0.183,0.234,0.226,0.46,0.225,0.191,0.355,0.167,0.236,85.0
668885,Austin Martin,MIN,Ahead (Hitter),532,0.25,0.434,85.0,20.0,1.0,0.308,0.459,0.462,0.92,0.421,0.4,0.0,0.128,0.318,89.4
668885,Austin Martin,MIN,Behind (Hitter),243,0.114,0.313,24.0,7.0,1.0,0.318,0.375,0.545,0.92,0.433,0.322,0.0,0.212,0.364,87.1
668885,Austin Martin,MIN,Even,759,0.357,0.308,74.0,20.0,0.0,0.286,0.297,0.386,0.683,0.307,0.306,0.0,0.168,0.319,82.9
668885,Austin Martin,MIN,Two-Strike,590,0.278,0.515,171.0,22.0,1.0,0.155,0.298,0.183,0.481,0.25,0.254,0.386,0.222,0.2,84.5
663586,Austin Riley,ATL,Ahead (Hitter),850,0.199,0.558,100.0,30.0,3.0,0.38,0.51,0.557,1.067,0.486,0.474,0.0,0.297,0.456,92.6
663586,Austin Riley,ATL,Behind (Hitter),548,0.128,0.522,46.0,13.0,3.0,0.302,0.326,0.651,0.977,0.402,0.496,0.0,0.353,0.523,93.7
663586,Austin Riley,ATL,Even,1517,0.355,0.377,108.0,35.0,5.0,0.333,0.343,0.524,0.866,0.372,0.379,0.0,0.244,0.396,90.1
663586,Austin Riley,ATL,Two-Strike,1360,0.318,0.579,359.0,45.0,7.0,0.138,0.212,0.23,0.442,0.203,0.201,0.543,0.296,0.444,90.5
596103,Austin Slater,TB,Ahead (Hitter),163,0.174,0.509,13.0,1.0,0.0,0.111,0.385,0.111,0.496,0.285,0.402,0.0,0.148,0.333,88.8
596103,Austin Slater,TB,Behind (Hitter),131,0.14,0.412,,,,,,,,,,,,,
596103,Austin Slater,TB,Even,321,0.343,0.433,13.0,2.0,0.0,0.167,0.154,0.167,0.321,0.208,0.258,0.0,0.279,0.308,88.4
596103,Austin Slater,TB,Two-Strike,321,0.343,0.545,41.0,6.0,0.0,0.162,0.244,0.189,0.433,0.209,0.149,0.512,0.289,0.059,82.8
669224,Austin Wells,NYY,Ahead (Hitter),712,0.212,0.455,65.0,11.0,2.0,0.212,0.369,0.346,0.715,0.355,0.422,0.0,0.275,0.42,90.4
669224,Austin Wells,NYY,Behind (Hitter),408,0.122,0.434,26.0,10.0,1.0,0.385,0.385,0.538,0.923,0.402,0.307,0.0,0.286,0.308,88.5
669224,Austin Wells,NYY,Even,1158,0.345,0.446,75.0,19.0,5.0,0.268,0.284,0.507,0.791,0.353,0.35,0.0,0.231,0.444,88.5
669224,Austin Wells,NYY,Two-Strike,1079,0.321,0.568,216.0,21.0,5.0,0.114,0.241,0.212,0.453,0.219,0.242,0.472,0.259,0.458,87.9
642851,Austin Wynns,TEX,Ahead (Hitter),135,0.172,0.422,13.0,2.0,1.0,0.222,0.462,0.556,1.017,0.508,0.317,0.0,0.105,0.222,82.5
642851,Austin Wynns,TEX,Behind (Hitter),107,0.137,0.626,11.0,3.0,0.0,0.273,0.273,0.273,0.545,0.245,0.321,0.0,0.212,0.273,84.4
642851,Austin Wynns,TEX,Even,275,0.351,0.36,15.0,1.0,0.0,0.077,0.077,0.077,0.154,0.1,0.3,0.0,0.333,0.4,80.7
642851,Austin Wynns,TEX,Two-Strike,266,0.34,0.695,50.0,6.0,0.0,0.122,0.14,0.122,0.262,0.14,0.187,0.48,0.212,0.2,83.9
701162,Ben Malgeri,DET,Ahead (Hitter),88,0.171,0.568,21.0,4.0,0.0,0.211,0.286,0.263,0.549,0.298,0.363,0.0,0.28,0.526,92.0
701162,Ben Malgeri,DET,Behind (Hitter),70,0.136,0.557,14.0,5.0,1.0,0.357,0.357,0.571,0.929,0.4,0.443,0.0,0.205,0.286,84.0
701162,Ben Malgeri,DET,Even,181,0.352,0.409,29.0,10.0,2.0,0.345,0.345,0.655,1.0,0.453,0.314,0.0,0.176,0.276,88.2
701162,Ben Malgeri,DET,Two-Strike,175,0.34,0.394,72.0,10.0,2.0,0.185,0.375,0.315,0.69,0.326,0.281,0.486,0.333,0.55,93.7
700250,Ben Rice,NYY,Ahead (Hitter),1202,0.256,0.378,155.0,45.0,18.0,0.421,0.6,1.0,1.6,0.655,0.602,0.0,0.216,0.618,95.3
700250,Ben Rice,NYY,Behind (Hitter),544,0.116,0.449,46.0,18.0,1.0,0.391,0.391,0.565,0.957,0.434,0.4,0.0,0.203,0.5,90.9
700250,Ben Rice,NYY,Even,1637,0.349,0.352,122.0,34.0,9.0,0.281,0.279,0.545,0.824,0.364,0.408,0.0,0.257,0.38,90.8
700250,Ben Rice,NYY,Two-Strike,1305,0.278,0.576,333.0,51.0,13.0,0.173,0.264,0.35,0.615,0.278,0.264,0.471,0.243,0.46,90.4
666163,Ben Rortvedt,LAD,Ahead (Hitter),108,0.175,0.435,,,,,,,,,,,,,
666163,Ben Rortvedt,LAD,Behind (Hitter),98,0.159,0.429,,,,,,,,,,,,,
666163,Ben Rortvedt,LAD,Even,222,0.36,0.365,,,,,,,,,,,,,
666163,Ben Rortvedt,LAD,Two-Strike,189,0.306,0.598,14.0,1.0,0.0,0.077,0.077,0.077,0.154,0.085,0.108,0.643,0.368,0.2,80.0
810938,Ben Williamson,TB,Ahead (Hitter),473,0.206,0.393,56.0,15.0,0.0,0.357,0.509,0.405,0.914,0.448,0.404,0.0,0.2,0.381,86.8
810938,Ben Williamson,TB,Behind (Hitter),314,0.137,0.529,36.0,13.0,1.0,0.371,0.389,0.514,0.903,0.394,0.418,0.0,0.182,0.361,86.3
810938,Ben Williamson,TB,Even,779,0.34,0.289,41.0,13.0,1.0,0.317,0.317,0.415,0.732,0.321,0.285,0.0,0.156,0.357,85.6
810938,Ben Williamson,TB,Two-Strike,726,0.317,0.647,143.0,21.0,1.0,0.156,0.203,0.23,0.432,0.202,0.211,0.357,0.128,0.274,86.5
695257,Billy Cook,PIT,Ahead (Hitter),21,0.101,0.571,,,,,,,,,,,,,
695257,Billy Cook,PIT,Behind (Hitter),38,0.183,0.5,,,,,,,,,,,,,
695257,Billy Cook,PIT,Even,79,0.38,0.544,12.0,5.0,0.0,0.417,0.417,0.417,0.833,0.375,0.203,0.0,0.275,0.167,75.3
695257,Billy Cook,PIT,Two-Strike,70,0.337,0.643,32.0,1.0,0.0,0.033,0.094,0.033,0.127,0.1,0.1,0.625,0.359,0.1,78.6
694362,Blake Dunn,CIN,Ahead (Hitter),168,0.194,0.524,34.0,11.0,1.0,0.367,0.441,0.5,0.941,0.443,0.389,0.0,0.111,0.516,91.2
694362,Blake Dunn,CIN,Behind (Hitter),120,0.138,0.408,16.0,7.0,0.0,0.438,0.438,0.5,0.938,0.416,0.19,0.0,0.235,0.176,77.4
694362,Blake Dunn,CIN,Even,323,0.373,0.325,30.0,9.0,1.0,0.321,0.333,0.536,0.869,0.395,0.264,0.0,0.231,0.194,74.8
694362,Blake Dunn,CIN,Two-Strike,256,0.295,0.539,70.0,12.0,0.0,0.19,0.271,0.254,0.525,0.244,0.25,0.457,0.233,0.258,90.4
663368,Blake Perkins,MIL,Ahead (Hitter),243,0.216,0.346,13.0,3.0,1.0,0.3,0.462,0.8,1.262,0.577,0.439,0.0,0.179,0.4,90.8
663368,Blake Perkins,MIL,Behind (Hitter),151,0.134,0.371,,,,,,,,,,,,,
663368,Blake Perkins,MIL,Even,403,0.358,0.253,21.0,4.0,0.0,0.19,0.19,0.238,0.429,0.288,0.228,0.0,0.178,0.25,81.3
663368,Blake Perkins,MIL,Two-Strike,330,0.293,0.612,60.0,7.0,0.0,0.132,0.233,0.189,0.422,0.204,0.241,0.367,0.21,0.419,87.2
677942,Blaze Alexander,BAL,Ahead (Hitter),383,0.178,0.616,58.0,21.0,3.0,0.382,0.414,0.655,1.068,0.47,0.478,0.0,0.184,0.574,92.1
677942,Blaze Alexander,BAL,Behind (Hitter),284,0.132,0.461,25.0,8.0,1.0,0.333,0.32,0.5,0.82,0.39,0.49,0.0,0.284,0.44,88.2
677942,Blaze Alexander,BAL,Even,765,0.355,0.438,60.0,19.0,0.0,0.333,0.345,0.456,0.801,0.356,0.364,0.0,0.276,0.41,88.5
677942,Blaze Alexander,BAL,Two-Strike,722,0.335,0.555,143.0,30.0,0.0,0.24,0.336,0.264,0.6,0.295,0.273,0.441,0.195,0.508,92.7
691458,Blaze Jordan,STL,Ahead (Hitter),132,0.184,0.598,37.0,9.0,2.0,0.273,0.324,0.485,0.809,0.345,0.428,0.0,0.228,0.486,91.5
691458,Blaze Jordan,STL,Behind (Hitter),98,0.136,0.52,17.0,5.0,0.0,0.294,0.294,0.412,0.706,0.306,0.438,0.0,0.216,0.412,88.5
691458,Blaze Jordan,STL,Even,268,0.373,0.437,50.0,13.0,0.0,0.271,0.28,0.375,0.655,0.301,0.29,0.0,0.188,0.388,87.8
691458,Blaze Jordan,STL,Two-Strike,221,0.307,0.647,94.0,19.0,1.0,0.218,0.255,0.345,0.6,0.27,0.262,0.319,0.161,0.492,87.1
666182,Bo Bichette,NYM,Ahead (Hitter),991,0.204,0.503,118.0,28.0,3.0,0.301,0.424,0.419,0.843,0.378,0.436,0.0,0.134,0.479,91.6
666182,Bo Bichette,NYM,Behind (Hitter),648,0.133,0.583,75.0,26.0,3.0,0.347,0.347,0.52,0.867,0.375,0.38,0.0,0.203,0.547,92.3
666182,Bo Bichette,NYM,Even,1759,0.362,0.41,139.0,48.0,5.0,0.348,0.345,0.5,0.845,0.378,0.414,0.0,0.202,0.471,91.0
666182,Bo Bichette,NYM,Two-Strike,1462,0.301,0.668,344.0,60.0,6.0,0.191,0.253,0.299,0.552,0.257,0.246,0.36,0.152,0.301,86.5
666310,Bo Naylor,MIL,Ahead (Hitter),425,0.202,0.44,20.0,5.0,2.0,0.294,0.4,0.647,1.047,0.44,0.414,0.0,0.079,0.588,92.4
666310,Bo Naylor,MIL,Behind (Hitter),270,0.128,0.4,,,,,,,,,,,,,
666310,Bo Naylor,MIL,Even,706,0.335,0.37,17.0,3.0,1.0,0.176,0.176,0.353,0.529,0.224,0.414,0.0,0.12,0.353,87.4
666310,Bo Naylor,MIL,Two-Strike,707,0.335,0.604,55.0,4.0,0.0,0.078,0.145,0.118,0.263,0.129,0.199,0.418,0.161,0.296,87.5
677951,Bobby Witt,KC,Ahead (Hitter),1091,0.225,0.442,123.0,35.0,9.0,0.376,0.528,0.742,1.27,0.574,0.558,0.0,0.183,0.567,93.5
677951,Bobby Witt,KC,Behind (Hitter),626,0.129,0.564,58.0,17.0,1.0,0.293,0.293,0.379,0.672,0.295,0.323,0.0,0.21,0.424,90.9
677951,Bobby Witt,KC,Even,1762,0.363,0.391,109.0,37.0,5.0,0.349,0.349,0.604,0.952,0.409,0.458,0.0,0.301,0.482,92.9
677951,Bobby Witt,KC,Two-Strike,1375,0.283,0.624,312.0,63.0,3.0,0.222,0.285,0.296,0.581,0.272,0.289,0.34,0.19,0.514,91.7
695731,Braden Montgomery,CWS,Ahead (Hitter),300,0.22,0.533,66.0,15.0,1.0,0.288,0.439,0.442,0.882,0.396,0.421,0.0,0.244,0.396,90.6
695731,Braden Montgomery,CWS,Behind (Hitter),167,0.122,0.497,33.0,7.0,1.0,0.212,0.212,0.394,0.606,0.256,0.355,0.0,0.301,0.485,89.0
695731,Braden Montgomery,CWS,Even,484,0.355,0.455,67.0,23.0,2.0,0.348,0.358,0.545,0.904,0.402,0.376,0.0,0.3,0.379,87.1
695731,Braden Montgomery,CWS,Two-Strike,414,0.303,0.539,185.0,22.0,2.0,0.139,0.259,0.215,0.475,0.234,0.265,0.373,0.242,0.393,88.6
669699,Braden Shewmake,MIL,Ahead (Hitter),35,0.118,0.486,,,,,,,,,,,,,
669699,Braden Shewmake,MIL,Behind (Hitter),55,0.185,0.709,16.0,6.0,2.0,0.375,0.375,0.875,1.25,0.519,0.356,0.0,0.308,0.412,88.4
669699,Braden Shewmake,MIL,Even,111,0.374,0.541,22.0,7.0,1.0,0.333,0.333,0.524,0.857,0.379,0.37,0.0,0.183,0.364,87.7
669699,Braden Shewmake,MIL,Two-Strike,96,0.323,0.677,44.0,6.0,0.0,0.15,0.163,0.2,0.363,0.179,0.237,0.364,0.2,0.37,86.3
691781,Brady House,WSH,Ahead (Hitter),369,0.167,0.599,69.0,20.0,3.0,0.37,0.478,0.593,1.071,0.482,0.509,0.0,0.227,0.589,93.9
691781,Brady House,WSH,Behind (Hitter),322,0.146,0.506,25.0,11.0,2.0,0.44,0.44,0.8,1.24,0.526,0.457,0.0,0.373,0.52,90.6
691781,Brady House,WSH,Even,841,0.38,0.496,78.0,20.0,4.0,0.26,0.256,0.468,0.724,0.305,0.407,0.0,0.242,0.487,91.5
691781,Brady House,WSH,Two-Strike,679,0.307,0.568,171.0,25.0,1.0,0.162,0.246,0.227,0.473,0.227,0.213,0.52,0.295,0.364,85.0
663604,Brandon Lockridge,MIL,Ahead (Hitter),187,0.18,0.412,15.0,4.0,0.0,0.333,0.467,0.417,0.883,0.432,0.388,0.0,0.265,0.182,81.4
663604,Brandon Lockridge,MIL,Behind (Hitter),147,0.141,0.585,,,,,,,,,,,,,
663604,Brandon Lockridge,MIL,Even,351,0.338,0.325,15.0,6.0,0.0,0.4,0.4,0.4,0.8,0.36,0.311,0.0,0.195,0.5,79.2
663604,Brandon Lockridge,MIL,Two-Strike,355,0.341,0.634,75.0,15.0,0.0,0.224,0.307,0.269,0.575,0.281,0.214,0.427,0.216,0.25,81.9
664040,Brandon Lowe,PIT,Ahead (Hitter),1027,0.218,0.493,103.0,29.0,9.0,0.387,0.534,0.867,1.401,0.566,0.495,0.0,0.335,0.468,91.2
664040,Brandon Lowe,PIT,Behind (Hitter),576,0.122,0.531,46.0,22.0,2.0,0.478,0.478,0.739,1.217,0.536,0.486,0.0,0.361,0.422,90.8
664040,Brandon Lowe,PIT,Even,1659,0.351,0.445,121.0,49.0,9.0,0.426,0.421,0.757,1.178,0.505,0.477,0.0,0.384,0.529,93.9
664040,Brandon Lowe,PIT,Two-Strike,1458,0.309,0.643,372.0,50.0,14.0,0.148,0.226,0.288,0.514,0.233,0.221,0.495,0.27,0.409,88.9
669016,Brandon Marsh,PHI,Ahead (Hitter),763,0.203,0.499,114.0,37.0,6.0,0.356,0.404,0.587,0.99,0.446,0.404,0.0,0.179,0.461,91.4
669016,Brandon Marsh,PHI,Behind (Hitter),484,0.129,0.473,47.0,17.0,2.0,0.37,0.383,0.63,1.013,0.432,0.395,0.0,0.149,0.435,86.6
669016,Brandon Marsh,PHI,Even,1375,0.367,0.397,110.0,41.0,4.0,0.387,0.38,0.575,0.955,0.42,0.427,0.0,0.229,0.473,89.7
669016,Brandon Marsh,PHI,Two-Strike,1128,0.301,0.61,283.0,40.0,6.0,0.153,0.212,0.237,0.449,0.211,0.199,0.491,0.276,0.371,86.6
607043,Brandon Nimmo,TEX,Ahead (Hitter),1060,0.207,0.462,120.0,33.0,5.0,0.33,0.425,0.56,0.985,0.436,0.483,0.0,0.194,0.515,92.9
607043,Brandon Nimmo,TEX,Behind (Hitter),632,0.123,0.472,39.0,9.0,0.0,0.231,0.231,0.333,0.564,0.267,0.358,0.0,0.279,0.59,94.5
607043,Brandon Nimmo,TEX,Even,1791,0.35,0.407,133.0,56.0,7.0,0.431,0.436,0.754,1.19,0.509,0.47,0.0,0.217,0.534,93.7
607043,Brandon Nimmo,TEX,Two-Strike,1638,0.32,0.603,346.0,52.0,2.0,0.168,0.251,0.216,0.468,0.222,0.243,0.413,0.182,0.455,89.6
678218,Brandon Valenzuela,TOR,Ahead (Hitter),225,0.205,0.507,45.0,15.0,3.0,0.395,0.489,0.737,1.226,0.513,0.407,0.0,0.237,0.368,86.3
678218,Brandon Valenzuela,TOR,Behind (Hitter),136,0.124,0.456,15.0,6.0,0.0,0.4,0.4,0.533,0.933,0.436,0.389,0.0,0.306,0.571,87.6
678218,Brandon Valenzuela,TOR,Even,373,0.34,0.408,51.0,15.0,2.0,0.306,0.3,0.429,0.729,0.336,0.41,0.0,0.237,0.431,88.2
678218,Brandon Valenzuela,TOR,Two-Strike,364,0.332,0.588,158.0,17.0,3.0,0.125,0.247,0.213,0.46,0.228,0.242,0.43,0.243,0.309,86.9
690924,Braxton Fulford,COL,Ahead (Hitter),182,0.226,0.489,17.0,3.0,0.0,0.25,0.412,0.5,0.912,0.385,0.418,0.0,0.318,0.385,90.8
690924,Braxton Fulford,COL,Behind (Hitter),98,0.122,0.449,,,,,,,,,,,,,
690924,Braxton Fulford,COL,Even,279,0.347,0.409,,,,,,,,,,,,,
690924,Braxton Fulford,COL,Two-Strike,245,0.305,0.535,53.0,4.0,0.0,0.083,0.151,0.083,0.234,0.155,0.113,0.623,0.333,0.375,86.6
677587,Brayan Rocchio,CLE,Ahead (Hitter),783,0.216,0.452,109.0,28.0,6.0,0.322,0.454,0.586,1.04,0.449,0.427,0.0,0.25,0.398,88.6
677587,Brayan Rocchio,CLE,Behind (Hitter),454,0.125,0.454,44.0,13.0,0.0,0.317,0.326,0.415,0.74,0.326,0.268,0.0,0.235,0.205,83.6
677587,Brayan Rocchio,CLE,Even,1366,0.377,0.403,129.0,30.0,4.0,0.252,0.286,0.395,0.681,0.316,0.307,0.0,0.245,0.287,83.6
677587,Brayan Rocchio,CLE,Two-Strike,1021,0.282,0.695,297.0,60.0,3.0,0.218,0.269,0.302,0.571,0.266,0.246,0.279,0.146,0.282,86.6
680977,Brendan Donovan,SEA,Ahead (Hitter),574,0.227,0.453,40.0,10.0,1.0,0.323,0.45,0.419,0.869,0.392,0.367,0.0,0.113,0.312,85.9
680977,Brendan Donovan,SEA,Behind (Hitter),333,0.132,0.459,16.0,4.0,0.0,0.286,0.375,0.357,0.732,0.334,0.464,0.0,0.176,0.214,87.3
680977,Brendan Donovan,SEA,Even,934,0.37,0.284,31.0,11.0,2.0,0.367,0.387,0.7,1.087,0.473,0.307,0.0,0.167,0.31,84.5
680977,Brendan Donovan,SEA,Two-Strike,686,0.271,0.612,71.0,13.0,0.0,0.213,0.324,0.279,0.603,0.283,0.254,0.324,0.149,0.25,85.8
667670,Brent Rooker,ATH,Ahead (Hitter),754,0.227,0.455,38.0,11.0,4.0,0.407,0.526,0.852,1.378,0.592,0.594,0.0,0.273,0.607,94.5
667670,Brent Rooker,ATH,Behind (Hitter),423,0.127,0.515,16.0,5.0,1.0,0.312,0.312,0.625,0.938,0.394,0.491,0.0,0.455,0.375,89.0
667670,Brent Rooker,ATH,Even,1231,0.37,0.455,44.0,11.0,3.0,0.25,0.25,0.5,0.75,0.316,0.379,0.0,0.302,0.386,90.1
667670,Brent Rooker,ATH,Two-Strike,917,0.276,0.576,103.0,9.0,2.0,0.098,0.194,0.163,0.357,0.183,0.162,0.621,0.435,0.31,85.3
686668,Brenton Doyle,CWS,Ahead (Hitter),509,0.188,0.603,43.0,12.0,1.0,0.364,0.512,0.576,1.087,0.493,0.41,0.0,0.205,0.486,91.6
686668,Brenton Doyle,CWS,Behind (Hitter),375,0.139,0.459,19.0,6.0,0.0,0.316,0.316,0.421,0.737,0.368,0.337,0.0,0.276,0.368,92.0
686668,Brenton Doyle,CWS,Even,1032,0.382,0.451,43.0,15.0,2.0,0.357,0.357,0.5,0.857,0.4,0.351,0.0,0.265,0.227,80.3
686668,Brenton Doyle,CWS,Two-Strike,785,0.291,0.552,107.0,13.0,1.0,0.124,0.14,0.181,0.321,0.143,0.123,0.664,0.4,0.353,89.8
703520,Brett Bateman,TOR,Ahead (Hitter),145,0.21,0.428,35.0,9.0,0.0,0.333,0.486,0.333,0.819,0.391,0.377,0.0,0.161,0.286,85.6
703520,Brett Bateman,TOR,Behind (Hitter),87,0.126,0.345,17.0,6.0,0.0,0.353,0.353,0.412,0.765,0.338,0.36,0.0,0.167,0.118,81.6
703520,Brett Bateman,TOR,Even,247,0.358,0.316,33.0,14.0,1.0,0.467,0.484,0.667,1.151,0.511,0.359,0.0,0.064,0.125,75.4
703520,Brett Bateman,TOR,Two-Strike,210,0.305,0.586,86.0,19.0,1.0,0.25,0.326,0.342,0.668,0.305,0.246,0.395,0.179,0.238,84.0
683146,Brett Baty,NYM,Ahead (Hitter),826,0.229,0.449,73.0,19.0,1.0,0.339,0.479,0.5,0.979,0.432,0.423,0.0,0.262,0.439,91.3
683146,Brett Baty,NYM,Behind (Hitter),449,0.124,0.506,42.0,10.0,2.0,0.244,0.262,0.488,0.75,0.317,0.33,0.0,0.297,0.317,86.6
683146,Brett Baty,NYM,Even,1251,0.347,0.383,80.0,32.0,4.0,0.416,0.412,0.649,1.062,0.459,0.459,0.0,0.313,0.487,92.3
683146,Brett Baty,NYM,Two-Strike,1082,0.3,0.591,266.0,36.0,4.0,0.153,0.244,0.238,0.483,0.232,0.248,0.459,0.239,0.4,89.8
814430,Brett Callahan,DET,Ahead (Hitter),32,0.125,0.594,,,,,,,,,,,,,
814430,Brett Callahan,DET,Behind (Hitter),40,0.157,0.625,,,,,,,,,,,,,
814430,Brett Callahan,DET,Even,101,0.396,0.594,16.0,6.0,0.0,0.375,0.375,0.562,0.938,0.403,0.479,0.0,0.15,0.438,89.8
814430,Brett Callahan,DET,Two-Strike,82,0.322,0.61,40.0,4.0,0.0,0.114,0.225,0.143,0.368,0.186,0.208,0.625,0.38,0.4,89.5
695391,Brett Harris,SF,Ahead (Hitter),104,0.211,0.433,13.0,2.0,0.0,0.182,0.308,0.273,0.58,0.296,0.419,0.0,0.15,0.5,89.5
695391,Brett Harris,SF,Behind (Hitter),66,0.134,0.258,,,,,,,,,,,,,
695391,Brett Harris,SF,Even,181,0.367,0.365,,,,,,,,,,,,,
695391,Brett Harris,SF,Two-Strike,142,0.288,0.549,19.0,1.0,0.0,0.056,0.105,0.056,0.161,0.084,0.078,0.737,0.409,0.25,85.9
664954,Brett Sullivan,COL,Ahead (Hitter),184,0.217,0.516,54.0,14.0,2.0,0.298,0.37,0.511,0.881,0.385,0.438,0.0,0.12,0.511,91.8
664954,Brett Sullivan,COL,Behind (Hitter),114,0.135,0.509,24.0,3.0,0.0,0.125,0.125,0.208,0.333,0.142,0.203,0.0,0.164,0.167,78.5
664954,Brett Sullivan,COL,Even,318,0.376,0.396,53.0,16.0,2.0,0.308,0.308,0.481,0.788,0.361,0.294,0.0,0.131,0.315,87.1
664954,Brett Sullivan,COL,Two-Strike,230,0.272,0.674,99.0,16.0,3.0,0.18,0.242,0.348,0.591,0.266,0.216,0.384,0.164,0.264,84.0
676551,Brewer Hicklen,ATL,Ahead (Hitter),42,0.227,0.357,,,,,,,,,,,,,
676551,Brewer Hicklen,ATL,Behind (Hitter),26,0.141,0.577,,,,,,,,,,,,,
676551,Brewer Hicklen,ATL,Even,59,0.319,0.508,,,,,,,,,,,,,
676551,Brewer Hicklen,ATL,Two-Strike,58,0.314,0.517,28.0,1.0,0.0,0.043,0.214,0.087,0.301,0.202,0.198,0.571,0.444,0.286,88.4
640459,Brian Navarreto,MIA,Ahead (Hitter),41,0.154,0.683,10.0,1.0,0.0,0.143,0.333,0.286,0.619,0.317,0.313,0.0,0.261,0.375,81.5
640459,Brian Navarreto,MIA,Behind (Hitter),37,0.139,0.622,,,,,,,,,,,,,
640459,Brian Navarreto,MIA,Even,95,0.357,0.389,11.0,3.0,1.0,0.3,0.3,0.6,0.9,0.4,0.321,0.0,0.345,0.182,70.9
640459,Brian Navarreto,MIA,Two-Strike,93,0.35,0.581,31.0,1.0,0.0,0.036,0.097,0.036,0.132,0.074,0.079,0.613,0.286,0.1,81.3
661531,Brian Serven,ATH,Ahead (Hitter),61,0.195,0.525,15.0,4.0,3.0,0.286,0.333,0.929,1.262,0.507,0.463,0.0,0.188,0.429,93.6
661531,Brian Serven,ATH,Behind (Hitter),46,0.147,0.5,,,,,,,,,,,,,
661531,Brian Serven,ATH,Even,116,0.371,0.328,12.0,3.0,0.0,0.25,0.25,0.333,0.583,0.277,0.366,0.0,0.421,0.182,87.2
661531,Brian Serven,ATH,Two-Strike,90,0.288,0.678,50.0,6.0,2.0,0.125,0.16,0.25,0.41,0.18,0.179,0.42,0.262,0.259,85.8
694728,Brice Matthews,HOU,Ahead (Hitter),227,0.199,0.454,42.0,14.0,3.0,0.412,0.512,0.735,1.247,0.529,0.5,0.0,0.302,0.486,90.9
694728,Brice Matthews,HOU,Behind (Hitter),152,0.133,0.493,15.0,4.0,1.0,0.267,0.267,0.467,0.733,0.373,0.469,0.0,0.424,0.533,81.5
694728,Brice Matthews,HOU,Even,383,0.336,0.373,36.0,15.0,2.0,0.429,0.429,0.714,1.143,0.52,0.339,0.0,0.436,0.27,76.2
694728,Brice Matthews,HOU,Two-Strike,378,0.332,0.54,140.0,10.0,1.0,0.076,0.136,0.107,0.243,0.127,0.148,0.529,0.276,0.304,83.5
668930,Brice Turang,MIL,Ahead (Hitter),1321,0.236,0.372,139.0,33.0,6.0,0.359,0.569,0.685,1.254,0.563,0.517,0.0,0.175,0.462,89.8
668930,Brice Turang,MIL,Behind (Hitter),651,0.116,0.424,36.0,14.0,1.0,0.389,0.389,0.5,0.889,0.427,0.35,0.0,0.243,0.429,87.2
668930,Brice Turang,MIL,Even,1865,0.333,0.316,97.0,37.0,4.0,0.398,0.394,0.602,0.996,0.484,0.425,0.0,0.2,0.446,87.3
668930,Brice Turang,MIL,Two-Strike,1769,0.316,0.604,394.0,66.0,9.0,0.188,0.274,0.325,0.599,0.278,0.266,0.421,0.221,0.374,89.3
801126,Brock Rodden,SEA,Ahead (Hitter),64,0.224,0.359,15.0,4.0,0.0,0.5,0.733,1.0,1.733,0.66,0.454,0.0,0.304,0.25,82.9
801126,Brock Rodden,SEA,Behind (Hitter),40,0.14,0.575,,,,,,,,,,,,,
801126,Brock Rodden,SEA,Even,95,0.332,0.326,,,,,,,,,,,,,
801126,Brock Rodden,SEA,Two-Strike,87,0.304,0.609,46.0,7.0,0.0,0.167,0.217,0.19,0.408,0.21,0.188,0.522,0.415,0.421,89.3
686797,Brooks Lee,MIN,Ahead (Hitter),918,0.212,0.514,127.0,38.0,6.0,0.365,0.472,0.663,1.136,0.485,0.393,0.0,0.169,0.457,89.5
686797,Brooks Lee,MIN,Behind (Hitter),578,0.133,0.481,60.0,15.0,3.0,0.263,0.271,0.509,0.78,0.345,0.281,0.0,0.224,0.322,87.6
686797,Brooks Lee,MIN,Even,1601,0.369,0.408,127.0,28.0,6.0,0.226,0.236,0.411,0.648,0.289,0.287,0.0,0.217,0.336,87.3
686797,Brooks Lee,MIN,Two-Strike,1240,0.286,0.673,305.0,65.0,9.0,0.224,0.262,0.341,0.604,0.283,0.228,0.328,0.151,0.277,87.2
650559,Bryan De La Cruz,PHI,Ahead (Hitter),93,0.195,0.505,15.0,6.0,1.0,0.5,0.6,0.917,1.517,0.62,0.519,0.0,0.229,0.583,96.3
650559,Bryan De La Cruz,PHI,Behind (Hitter),65,0.137,0.692,,,,,,,,,,,,,
650559,Bryan De La Cruz,PHI,Even,164,0.345,0.36,13.0,7.0,1.0,0.636,0.615,1.0,1.615,0.65,0.474,0.0,0.212,0.667,94.0
650559,Bryan De La Cruz,PHI,Two-Strike,154,0.324,0.636,40.0,5.0,0.0,0.132,0.175,0.158,0.333,0.156,0.144,0.4,0.203,0.273,84.0
668804,Bryan Reynolds,PIT,Ahead (Hitter),1151,0.216,0.454,142.0,38.0,4.0,0.365,0.535,0.596,1.131,0.514,0.538,0.0,0.203,0.525,91.9
668804,Bryan Reynolds,PIT,Behind (Hitter),695,0.131,0.476,58.0,18.0,3.0,0.321,0.345,0.607,0.952,0.41,0.416,0.0,0.273,0.473,88.7
668804,Bryan Reynolds,PIT,Even,1847,0.347,0.446,133.0,49.0,5.0,0.377,0.383,0.577,0.96,0.438,0.409,0.0,0.304,0.477,90.6
668804,Bryan Reynolds,PIT,Two-Strike,1632,0.306,0.539,357.0,48.0,5.0,0.158,0.28,0.254,0.534,0.255,0.252,0.445,0.24,0.455,91.2
663494,Bryan Torres,STL,Ahead (Hitter),181,0.247,0.348,26.0,4.0,3.0,0.2,0.385,0.65,1.035,0.462,0.443,0.0,0.143,0.476,90.0
663494,Bryan Torres,STL,Behind (Hitter),82,0.112,0.5,20.0,7.0,0.0,0.35,0.35,0.45,0.8,0.35,0.282,0.0,0.098,0.15,85.0
663494,Bryan Torres,STL,Even,253,0.345,0.324,36.0,13.0,1.0,0.406,0.4,0.5,0.9,0.417,0.267,0.0,0.293,0.314,83.0
663494,Bryan Torres,STL,Two-Strike,217,0.296,0.627,99.0,14.0,0.0,0.159,0.253,0.193,0.446,0.216,0.256,0.384,0.191,0.196,85.7
805811,Bryce Eldridge,SF,Ahead (Hitter),486,0.238,0.459,104.0,31.0,6.0,0.408,0.548,0.711,1.259,0.533,0.555,0.0,0.226,0.538,93.7
805811,Bryce Eldridge,SF,Behind (Hitter),247,0.121,0.328,26.0,9.0,1.0,0.346,0.346,0.538,0.885,0.381,0.393,0.0,0.324,0.577,92.9
805811,Bryce Eldridge,SF,Even,698,0.342,0.335,66.0,27.0,5.0,0.409,0.409,0.742,1.152,0.489,0.448,0.0,0.22,0.576,94.1
805811,Bryce Eldridge,SF,Two-Strike,610,0.299,0.554,251.0,37.0,5.0,0.17,0.275,0.28,0.555,0.264,0.251,0.47,0.27,0.46,90.9
547180,Bryce Harper,PHI,Ahead (Hitter),1137,0.234,0.409,142.0,33.0,12.0,0.367,0.592,0.889,1.48,0.608,0.574,0.0,0.277,0.466,89.9
547180,Bryce Harper,PHI,Behind (Hitter),593,0.122,0.523,50.0,19.0,2.0,0.388,0.38,0.592,0.972,0.414,0.422,0.0,0.3,0.38,88.8
547180,Bryce Harper,PHI,Even,1702,0.35,0.515,135.0,44.0,7.0,0.333,0.326,0.598,0.924,0.4,0.393,0.0,0.333,0.419,90.3
547180,Bryce Harper,PHI,Two-Strike,1431,0.294,0.586,347.0,54.0,7.0,0.186,0.308,0.289,0.597,0.281,0.291,0.415,0.24,0.447,89.7
669369,Bryce Johnson,SD,Ahead (Hitter),81,0.171,0.543,,,,,,,,,,,,,
669369,Bryce Johnson,SD,Behind (Hitter),67,0.141,0.478,,,,,,,,,,,,,
669369,Bryce Johnson,SD,Even,176,0.371,0.386,10.0,3.0,0.0,0.333,0.333,0.444,0.778,0.361,0.213,0.0,0.286,0.1,65.1
669369,Bryce Johnson,SD,Two-Strike,151,0.318,0.543,31.0,3.0,0.0,0.1,0.129,0.1,0.229,0.11,0.106,0.581,0.289,0.0,78.1
669326,Bryce Teodosio,LAA,Ahead (Hitter),102,0.139,0.657,,,,,,,,,,,,,
669326,Bryce Teodosio,LAA,Behind (Hitter),121,0.165,0.612,,,,,,,,,,,,,
669326,Bryce Teodosio,LAA,Even,283,0.385,0.512,12.0,4.0,0.0,0.333,0.333,0.417,0.75,0.329,0.212,0.0,0.216,0.083,78.3
669326,Bryce Teodosio,LAA,Two-Strike,229,0.312,0.616,36.0,3.0,0.0,0.091,0.143,0.091,0.234,0.123,0.12,0.611,0.5,0.167,75.9
681082,Bryson Stott,PHI,Ahead (Hitter),1111,0.226,0.277,100.0,21.0,2.0,0.35,0.592,0.7,1.292,0.546,0.539,0.0,0.155,0.476,91.3
681082,Bryson Stott,PHI,Behind (Hitter),610,0.124,0.467,69.0,19.0,3.0,0.284,0.294,0.507,0.802,0.357,0.369,0.0,0.181,0.353,88.9
681082,Bryson Stott,PHI,Even,1679,0.341,0.26,90.0,22.0,3.0,0.253,0.258,0.471,0.73,0.309,0.317,0.0,0.208,0.382,88.1
681082,Bryson Stott,PHI,Two-Strike,1520,0.309,0.647,332.0,69.0,2.0,0.224,0.277,0.286,0.563,0.259,0.261,0.298,0.142,0.341,88.2
671083,Buddy Kennedy,SF,Ahead (Hitter),71,0.206,0.479,,,,,,,,,,,,,
671083,Buddy Kennedy,SF,Behind (Hitter),42,0.122,0.381,,,,,,,,,,,,,
671083,Buddy Kennedy,SF,Even,126,0.366,0.341,,,,,,,,,,,,,
671083,Buddy Kennedy,SF,Two-Strike,105,0.305,0.619,33.0,2.0,0.0,0.071,0.212,0.107,0.319,0.171,0.218,0.455,0.238,0.385,83.2
621439,Byron Buxton,MIN,Ahead (Hitter),696,0.195,0.511,69.0,18.0,7.0,0.327,0.449,0.764,1.213,0.52,0.483,0.0,0.253,0.574,93.3
621439,Byron Buxton,MIN,Behind (Hitter),478,0.134,0.485,34.0,12.0,1.0,0.364,0.382,0.515,0.898,0.391,0.347,0.0,0.35,0.455,90.3
621439,Byron Buxton,MIN,Even,1317,0.37,0.476,93.0,33.0,12.0,0.363,0.366,0.868,1.234,0.526,0.456,0.0,0.292,0.489,91.1
621439,Byron Buxton,MIN,Two-Strike,1070,0.3,0.584,212.0,31.0,5.0,0.161,0.236,0.264,0.5,0.233,0.248,0.472,0.288,0.387,87.4
663728,Cal Raleigh,SEA,Ahead (Hitter),1163,0.227,0.427,79.0,21.0,8.0,0.396,0.595,0.925,1.519,0.599,0.583,0.0,0.296,0.434,90.6
663728,Cal Raleigh,SEA,Behind (Hitter),607,0.119,0.504,31.0,12.0,2.0,0.387,0.387,0.677,1.065,0.453,0.508,0.0,0.354,0.484,92.3
663728,Cal Raleigh,SEA,Even,1710,0.334,0.465,88.0,25.0,7.0,0.287,0.284,0.575,0.859,0.359,0.384,0.0,0.328,0.386,90.5
663728,Cal Raleigh,SEA,Two-Strike,1638,0.32,0.6,318.0,21.0,6.0,0.078,0.211,0.16,0.371,0.186,0.203,0.509,0.265,0.345,88.7
702332,Caleb Durbin,BOS,Ahead (Hitter),895,0.226,0.392,111.0,31.0,7.0,0.408,0.582,0.776,1.358,0.571,0.47,0.0,0.157,0.312,86.0
702332,Caleb Durbin,BOS,Behind (Hitter),523,0.132,0.457,51.0,9.0,0.0,0.191,0.22,0.191,0.411,0.217,0.296,0.0,0.176,0.17,79.3
702332,Caleb Durbin,BOS,Even,1500,0.379,0.354,141.0,33.0,4.0,0.252,0.265,0.389,0.654,0.307,0.275,0.0,0.167,0.292,79.8
702332,Caleb Durbin,BOS,Two-Strike,1036,0.262,0.624,271.0,52.0,2.0,0.212,0.288,0.294,0.582,0.273,0.234,0.288,0.121,0.219,81.7
695508,Cam Cauley,TEX,Ahead (Hitter),42,0.177,0.405,12.0,2.0,0.0,0.25,0.5,0.375,0.875,0.488,0.456,0.0,0.294,0.125,85.9
695508,Cam Cauley,TEX,Behind (Hitter),38,0.16,0.447,10.0,2.0,0.0,0.2,0.2,0.2,0.4,0.18,0.226,0.0,0.235,0.1,83.4
695508,Cam Cauley,TEX,Even,84,0.354,0.417,12.0,2.0,0.0,0.182,0.182,0.364,0.545,0.245,0.218,0.0,0.286,0.167,80.5
695508,Cam Cauley,TEX,Two-Strike,73,0.308,0.548,31.0,6.0,1.0,0.207,0.258,0.379,0.637,0.277,0.159,0.484,0.225,0.357,87.0
701358,Cam Smith,HOU,Ahead (Hitter),876,0.204,0.473,117.0,24.0,7.0,0.264,0.427,0.549,0.977,0.429,0.502,0.0,0.23,0.527,89.7
701358,Cam Smith,HOU,Behind (Hitter),560,0.13,0.455,43.0,11.0,4.0,0.282,0.302,0.744,1.046,0.414,0.435,0.0,0.328,0.39,87.1
701358,Cam Smith,HOU,Even,1457,0.339,0.393,83.0,22.0,2.0,0.275,0.277,0.45,0.727,0.307,0.341,0.0,0.312,0.333,87.8
701358,Cam Smith,HOU,Two-Strike,1405,0.327,0.6,305.0,46.0,7.0,0.161,0.21,0.27,0.48,0.226,0.223,0.462,0.239,0.448,88.7
621043,Carlos Correa,HOU,Ahead (Hitter),604,0.208,0.417,26.0,3.0,0.0,0.188,0.462,0.188,0.649,0.376,0.556,0.0,0.24,0.25,87.8
621043,Carlos Correa,HOU,Behind (Hitter),372,0.128,0.441,,,,,,,,,,,,,
621043,Carlos Correa,HOU,Even,1021,0.352,0.383,28.0,17.0,1.0,0.607,0.607,0.893,1.5,0.648,0.548,0.0,0.293,0.536,93.4
621043,Carlos Correa,HOU,Two-Strike,902,0.311,0.585,79.0,12.0,2.0,0.169,0.253,0.282,0.535,0.256,0.242,0.329,0.155,0.4,87.4
666126,Carlos Cortes,ATH,Ahead (Hitter),427,0.23,0.485,96.0,22.0,5.0,0.286,0.417,0.545,0.962,0.413,0.402,0.0,0.192,0.372,89.0
666126,Carlos Cortes,ATH,Behind (Hitter),240,0.129,0.463,30.0,8.0,0.0,0.267,0.267,0.3,0.567,0.252,0.297,0.0,0.31,0.452,88.0
666126,Carlos Cortes,ATH,Even,656,0.353,0.309,53.0,14.0,1.0,0.269,0.283,0.442,0.725,0.311,0.277,0.0,0.221,0.327,86.9
666126,Carlos Cortes,ATH,Two-Strike,533,0.287,0.67,190.0,41.0,4.0,0.237,0.295,0.353,0.647,0.289,0.263,0.316,0.165,0.339,88.8
665966,Carlos Narváez,BAL,Ahead (Hitter),557,0.189,0.506,40.0,8.0,0.0,0.258,0.395,0.258,0.653,0.353,0.326,0.0,0.301,0.212,83.7
665966,Carlos Narváez,BAL,Behind (Hitter),378,0.128,0.54,24.0,6.0,1.0,0.286,0.304,0.524,0.828,0.391,0.363,0.0,0.333,0.217,84.0
665966,Carlos Narváez,BAL,Even,1003,0.34,0.367,43.0,9.0,0.0,0.25,0.282,0.306,0.588,0.3,0.344,0.0,0.363,0.333,80.7
665966,Carlos Narváez,BAL,Two-Strike,1015,0.344,0.605,172.0,17.0,2.0,0.11,0.192,0.168,0.36,0.183,0.209,0.523,0.29,0.515,93.4
467793,Carlos Santana,AZ,Ahead (Hitter),519,0.248,0.439,,,,,,,,,,,,,
467793,Carlos Santana,AZ,Behind (Hitter),240,0.115,0.421,,,,,,,,,,,,,
467793,Carlos Santana,AZ,Even,721,0.345,0.338,,,,,,,,,,,,,
467793,Carlos Santana,AZ,Two-Strike,611,0.292,0.607,16.0,2.0,0.0,0.133,0.188,0.2,0.388,0.178,0.206,0.5,0.292,0.429,85.8
701807,Carson Benge,NYM,Ahead (Hitter),646,0.248,0.42,129.0,37.0,10.0,0.352,0.465,0.695,1.16,0.484,0.479,0.0,0.185,0.481,91.5
701807,Carson Benge,NYM,Behind (Hitter),287,0.11,0.38,37.0,12.0,2.0,0.324,0.324,0.649,0.973,0.457,0.367,0.0,0.248,0.41,89.7
701807,Carson Benge,NYM,Even,919,0.353,0.32,117.0,46.0,4.0,0.411,0.436,0.58,1.016,0.465,0.444,0.0,0.187,0.411,89.0
701807,Carson Benge,NYM,Two-Strike,752,0.289,0.677,348.0,63.0,3.0,0.196,0.259,0.249,0.508,0.24,0.249,0.399,0.204,0.321,86.6
608348,Carson Kelly,CHC,Ahead (Hitter),742,0.227,0.442,96.0,26.0,2.0,0.347,0.49,0.507,0.996,0.451,0.394,0.0,0.174,0.413,87.3
608348,Carson Kelly,CHC,Behind (Hitter),421,0.129,0.454,48.0,11.0,0.0,0.234,0.25,0.255,0.505,0.228,0.355,0.0,0.192,0.319,87.5
608348,Carson Kelly,CHC,Even,1151,0.351,0.37,81.0,29.0,5.0,0.367,0.383,0.595,0.978,0.431,0.373,0.0,0.209,0.329,85.7
608348,Carson Kelly,CHC,Two-Strike,961,0.293,0.554,194.0,32.0,3.0,0.185,0.273,0.266,0.539,0.26,0.237,0.356,0.156,0.365,86.5
700246,Carson Williams,TB,Ahead (Hitter),100,0.179,0.46,,,,,,,,,,,,,
700246,Carson Williams,TB,Behind (Hitter),78,0.14,0.513,,,,,,,,,,,,,
700246,Carson Williams,TB,Even,202,0.362,0.49,,,,,,,,,,,,,
700246,Carson Williams,TB,Two-Strike,178,0.319,0.567,24.0,0.0,0.0,0.0,0.042,0.0,0.042,0.029,0.112,0.542,0.423,0.2,78.2
695600,Carter Jensen,KC,Ahead (Hitter),659,0.242,0.445,110.0,28.0,9.0,0.333,0.482,0.75,1.232,0.517,0.478,0.0,0.226,0.53,94.3
695600,Carter Jensen,KC,Behind (Hitter),306,0.113,0.389,44.0,18.0,1.0,0.419,0.409,0.581,0.99,0.425,0.402,0.0,0.264,0.409,89.6
695600,Carter Jensen,KC,Even,958,0.352,0.386,104.0,34.0,6.0,0.343,0.346,0.657,1.003,0.424,0.403,0.0,0.254,0.437,92.5
695600,Carter Jensen,KC,Two-Strike,796,0.293,0.55,331.0,42.0,9.0,0.145,0.248,0.279,0.527,0.246,0.214,0.505,0.299,0.411,88.8
669477,Casey Schmitt,SF,Ahead (Hitter),559,0.2,0.479,74.0,17.0,1.0,0.246,0.297,0.333,0.631,0.292,0.389,0.0,0.189,0.559,93.1
669477,Casey Schmitt,SF,Behind (Hitter),387,0.139,0.597,51.0,17.0,3.0,0.362,0.353,0.596,0.949,0.392,0.388,0.0,0.167,0.4,86.9
669477,Casey Schmitt,SF,Even,1024,0.367,0.434,94.0,37.0,13.0,0.407,0.426,0.901,1.327,0.551,0.564,0.0,0.187,0.538,92.6
669477,Casey Schmitt,SF,Two-Strike,819,0.294,0.636,189.0,34.0,4.0,0.189,0.222,0.3,0.522,0.234,0.228,0.423,0.235,0.317,86.6
678882,Ceddanne Rafaela,BOS,Ahead (Hitter),693,0.165,0.501,72.0,23.0,2.0,0.397,0.5,0.603,1.103,0.474,0.415,0.0,0.25,0.373,86.7
678882,Ceddanne Rafaela,BOS,Behind (Hitter),629,0.15,0.626,57.0,17.0,0.0,0.321,0.351,0.434,0.785,0.358,0.339,0.0,0.262,0.327,85.7
678882,Ceddanne Rafaela,BOS,Even,1511,0.359,0.49,120.0,44.0,9.0,0.383,0.398,0.704,1.103,0.486,0.367,0.0,0.275,0.333,86.5
678882,Ceddanne Rafaela,BOS,Two-Strike,1374,0.327,0.688,316.0,66.0,5.0,0.215,0.237,0.316,0.553,0.252,0.213,0.364,0.175,0.292,85.4
656775,Cedric Mullins,TB,Ahead (Hitter),915,0.226,0.47,94.0,16.0,3.0,0.232,0.415,0.391,0.806,0.382,0.389,0.0,0.233,0.386,86.3
656775,Cedric Mullins,TB,Behind (Hitter),456,0.113,0.5,45.0,11.0,0.0,0.25,0.25,0.25,0.5,0.267,0.299,0.0,0.145,0.233,82.5
656775,Cedric Mullins,TB,Even,1393,0.344,0.37,103.0,25.0,5.0,0.266,0.286,0.489,0.775,0.352,0.252,0.0,0.212,0.34,81.5
656775,Cedric Mullins,TB,Two-Strike,1281,0.317,0.605,252.0,35.0,7.0,0.154,0.234,0.282,0.516,0.243,0.216,0.369,0.188,0.301,87.1
677060,Chad Stevens,COL,Ahead (Hitter),36,0.175,0.667,,,,,,,,,,,,,
677060,Chad Stevens,COL,Behind (Hitter),24,0.117,0.375,,,,,,,,,,,,,
677060,Chad Stevens,COL,Even,71,0.345,0.479,,,,,,,,,,,,,
677060,Chad Stevens,COL,Two-Strike,75,0.364,0.48,21.0,0.0,0.0,0.0,0.238,0.0,0.238,0.167,0.206,0.619,0.2,0.333,69.3
644433,Chadwick Tromp,BAL,Ahead (Hitter),42,0.167,0.452,,,,,,,,,,,,,
644433,Chadwick Tromp,BAL,Behind (Hitter),45,0.179,0.533,,,,,,,,,,,,,
644433,Chadwick Tromp,BAL,Even,99,0.394,0.424,,,,,,,,,,,,,
644433,Chadwick Tromp,BAL,Two-Strike,65,0.259,0.708,28.0,4.0,0.0,0.154,0.148,0.154,0.302,0.141,0.136,0.464,0.206,0.333,84.8
802415,Chandler Simpson,TB,Ahead (Hitter),704,0.204,0.467,132.0,43.0,0.0,0.368,0.435,0.427,0.862,0.4,0.329,0.0,0.069,0.185,83.9
802415,Chandler Simpson,TB,Behind (Hitter),504,0.146,0.512,90.0,34.0,0.0,0.391,0.386,0.448,0.835,0.393,0.266,0.0,0.12,0.111,78.9
802415,Chandler Simpson,TB,Even,1388,0.403,0.365,164.0,48.0,0.0,0.308,0.304,0.365,0.669,0.314,0.274,0.0,0.086,0.133,77.3
802415,Chandler Simpson,TB,Two-Strike,852,0.247,0.629,216.0,48.0,0.0,0.236,0.273,0.271,0.544,0.265,0.222,0.218,0.086,0.115,82.7
807727,Charles Mcadoo,TOR,Ahead (Hitter),80,0.216,0.438,18.0,3.0,0.0,0.25,0.444,0.333,0.778,0.364,0.442,0.0,0.057,0.308,87.2
807727,Charles Mcadoo,TOR,Behind (Hitter),48,0.13,0.5,,,,,,,,,,,,,
807727,Charles Mcadoo,TOR,Even,136,0.368,0.426,21.0,8.0,1.0,0.381,0.381,0.524,0.905,0.438,0.301,0.0,0.259,0.238,85.6
807727,Charles Mcadoo,TOR,Two-Strike,106,0.286,0.632,52.0,7.0,0.0,0.14,0.173,0.16,0.333,0.172,0.158,0.462,0.194,0.115,80.0
800050,Chase Delauter,CLE,Ahead (Hitter),566,0.27,0.445,153.0,42.0,7.0,0.347,0.471,0.62,1.09,0.468,0.424,0.0,0.099,0.52,92.9
800050,Chase Delauter,CLE,Behind (Hitter),228,0.109,0.377,35.0,16.0,2.0,0.457,0.457,0.714,1.171,0.53,0.37,0.0,0.116,0.444,90.9
800050,Chase Delauter,CLE,Even,770,0.367,0.317,112.0,41.0,2.0,0.369,0.366,0.505,0.871,0.385,0.388,0.0,0.139,0.473,91.6
800050,Chase Delauter,CLE,Two-Strike,532,0.254,0.575,242.0,41.0,4.0,0.191,0.281,0.298,0.579,0.265,0.27,0.322,0.167,0.409,89.9
805367,Chase Meidroth,CWS,Ahead (Hitter),1079,0.23,0.263,96.0,23.0,4.0,0.418,0.667,0.709,1.376,0.598,0.499,0.0,0.171,0.509,90.4
805367,Chase Meidroth,CWS,Behind (Hitter),598,0.128,0.443,68.0,25.0,1.0,0.391,0.388,0.5,0.888,0.387,0.358,0.0,0.203,0.324,84.6
805367,Chase Meidroth,CWS,Even,1649,0.352,0.258,112.0,42.0,5.0,0.389,0.389,0.62,1.009,0.457,0.351,0.0,0.147,0.354,84.1
805367,Chase Meidroth,CWS,Two-Strike,1361,0.29,0.662,360.0,61.0,6.0,0.183,0.239,0.27,0.509,0.235,0.22,0.389,0.183,0.301,85.3
687952,Christian Encarnacion-Strand,BAL,Ahead (Hitter),217,0.174,0.512,28.0,8.0,4.0,0.32,0.357,0.8,1.157,0.496,0.516,0.0,0.214,0.6,95.1
687952,Christian Encarnacion-Strand,BAL,Behind (Hitter),177,0.142,0.684,23.0,9.0,1.0,0.391,0.391,0.565,0.957,0.415,0.418,0.0,0.295,0.261,87.3
687952,Christian Encarnacion-Strand,BAL,Even,448,0.359,0.462,38.0,13.0,4.0,0.371,0.378,0.771,1.15,0.503,0.468,0.0,0.305,0.432,88.9
687952,Christian Encarnacion-Strand,BAL,Two-Strike,406,0.325,0.717,119.0,22.0,2.0,0.204,0.277,0.343,0.62,0.276,0.241,0.454,0.253,0.296,88.4
681047,Christian Franklin,BAL,Ahead (Hitter),47,0.217,0.34,,,,,,,,,,,,,
681047,Christian Franklin,BAL,Behind (Hitter),26,0.12,0.385,,,,,,,,,,,,,
681047,Christian Franklin,BAL,Even,73,0.336,0.329,,,,,,,,,,,,,
681047,Christian Franklin,BAL,Two-Strike,71,0.327,0.423,30.0,2.0,0.0,0.083,0.267,0.083,0.35,0.2,0.238,0.4,0.267,0.417,88.5
683766,Christian Koss,SF,Ahead (Hitter),247,0.181,0.522,39.0,8.0,1.0,0.229,0.308,0.314,0.622,0.285,0.374,0.0,0.167,0.333,82.9
683766,Christian Koss,SF,Behind (Hitter),192,0.141,0.646,25.0,10.0,1.0,0.417,0.417,0.667,1.083,0.548,0.337,0.0,0.348,0.28,83.1
683766,Christian Koss,SF,Even,516,0.379,0.469,49.0,19.0,2.0,0.442,0.455,0.651,1.106,0.501,0.319,0.0,0.265,0.25,79.2
683766,Christian Koss,SF,Two-Strike,407,0.299,0.575,95.0,7.0,0.0,0.079,0.137,0.079,0.215,0.111,0.136,0.547,0.296,0.237,80.5
695681,Christian Moore,LAA,Ahead (Hitter),323,0.245,0.464,23.0,4.0,0.0,0.211,0.348,0.211,0.558,0.278,0.33,0.0,0.327,0.368,90.0
695681,Christian Moore,LAA,Behind (Hitter),153,0.116,0.569,11.0,4.0,0.0,0.364,0.364,0.364,0.727,0.327,0.253,0.0,0.375,0.364,86.1
695681,Christian Moore,LAA,Even,434,0.329,0.339,16.0,4.0,0.0,0.267,0.25,0.467,0.717,0.347,0.344,0.0,0.271,0.529,91.1
695681,Christian Moore,LAA,Two-Strike,411,0.311,0.63,80.0,9.0,1.0,0.12,0.175,0.187,0.362,0.167,0.178,0.55,0.304,0.333,86.7
543877,Christian Vázquez,HOU,Ahead (Hitter),388,0.21,0.389,43.0,9.0,3.0,0.265,0.405,0.529,0.934,0.451,0.396,0.0,0.16,0.206,85.5
543877,Christian Vázquez,HOU,Behind (Hitter),233,0.126,0.485,21.0,4.0,0.0,0.2,0.19,0.25,0.44,0.188,0.315,0.0,0.206,0.19,82.2
543877,Christian Vázquez,HOU,Even,688,0.372,0.343,57.0,15.0,2.0,0.283,0.283,0.396,0.679,0.311,0.225,0.0,0.158,0.246,80.2
543877,Christian Vázquez,HOU,Two-Strike,541,0.292,0.63,141.0,21.0,2.0,0.159,0.213,0.25,0.463,0.209,0.176,0.362,0.192,0.225,85.0
572233,Christian Walker,HOU,Ahead (Hitter),1046,0.212,0.542,132.0,35.0,8.0,0.321,0.432,0.596,1.028,0.465,0.422,0.0,0.26,0.454,89.6
572233,Christian Walker,HOU,Behind (Hitter),601,0.122,0.522,53.0,16.0,2.0,0.302,0.302,0.509,0.811,0.363,0.291,0.0,0.312,0.396,89.5
572233,Christian Walker,HOU,Even,1727,0.349,0.425,115.0,33.0,8.0,0.3,0.322,0.609,0.931,0.397,0.411,0.0,0.265,0.405,88.6
572233,Christian Walker,HOU,Two-Strike,1569,0.317,0.587,317.0,39.0,8.0,0.136,0.218,0.24,0.458,0.223,0.207,0.457,0.258,0.366,88.4
592885,Christian Yelich,MIL,Ahead (Hitter),1053,0.225,0.481,103.0,32.0,2.0,0.405,0.524,0.595,1.119,0.513,0.481,0.0,0.253,0.506,91.5
592885,Christian Yelich,MIL,Behind (Hitter),588,0.126,0.418,36.0,9.0,2.0,0.273,0.306,0.485,0.79,0.335,0.358,0.0,0.248,0.353,87.1
592885,Christian Yelich,MIL,Even,1628,0.348,0.321,80.0,23.0,4.0,0.299,0.304,0.519,0.823,0.356,0.44,0.0,0.309,0.5,88.6
592885,Christian Yelich,MIL,Two-Strike,1408,0.301,0.587,270.0,38.0,4.0,0.153,0.222,0.25,0.472,0.221,0.201,0.485,0.279,0.364,86.2
666624,Christopher Morel,NYM,Ahead (Hitter),267,0.173,0.588,21.0,2.0,1.0,0.118,0.286,0.294,0.58,0.271,0.31,0.0,0.152,0.471,91.9
666624,Christopher Morel,NYM,Behind (Hitter),225,0.145,0.551,,,,,,,,,,,,,
666624,Christopher Morel,NYM,Even,556,0.359,0.509,19.0,4.0,0.0,0.222,0.263,0.222,0.485,0.239,0.251,0.0,0.309,0.412,90.0
666624,Christopher Morel,NYM,Two-Strike,499,0.323,0.503,57.0,9.0,0.0,0.164,0.193,0.236,0.429,0.207,0.167,0.596,0.343,0.429,87.4
642020,Chuckie Robinson,LAD,Behind (Hitter),19,0.202,0.526,,,,,,,,,,,,,
642020,Chuckie Robinson,LAD,Even,33,0.351,0.576,,,,,,,,,,,,,
642020,Chuckie Robinson,LAD,Two-Strike,34,0.362,0.588,12.0,1.0,0.0,0.083,0.083,0.083,0.167,0.075,0.101,0.417,0.2,0.143,80.0
682928,Cj Abrams,WSH,Ahead (Hitter),1027,0.213,0.474,115.0,27.0,11.0,0.31,0.452,0.77,1.222,0.514,0.502,0.0,0.217,0.494,92.4
682928,Cj Abrams,WSH,Behind (Hitter),634,0.132,0.524,53.0,18.0,5.0,0.346,0.358,0.731,1.089,0.456,0.414,0.0,0.331,0.365,88.7
682928,Cj Abrams,WSH,Even,1758,0.365,0.411,113.0,47.0,8.0,0.439,0.451,0.748,1.199,0.525,0.413,0.0,0.304,0.435,89.0
682928,Cj Abrams,WSH,Two-Strike,1396,0.29,0.642,360.0,57.0,9.0,0.175,0.253,0.305,0.557,0.256,0.242,0.431,0.26,0.353,88.7
692216,Cj Kayfus,CLE,Ahead (Hitter),119,0.198,0.538,,,,,,,,,,,,,
692216,Cj Kayfus,CLE,Behind (Hitter),80,0.133,0.525,,,,,,,,,,,,,
692216,Cj Kayfus,CLE,Even,220,0.366,0.473,,,,,,,,,,,,,
692216,Cj Kayfus,CLE,Two-Strike,182,0.303,0.604,15.0,2.0,1.0,0.154,0.267,0.385,0.651,0.287,0.309,0.533,0.318,0.6,92.3
691723,Coby Mayo,BAL,Ahead (Hitter),613,0.207,0.436,74.0,17.0,8.0,0.315,0.5,0.833,1.333,0.534,0.522,0.0,0.298,0.5,92.8
691723,Coby Mayo,BAL,Behind (Hitter),378,0.128,0.476,36.0,11.0,4.0,0.306,0.306,0.694,1.0,0.417,0.503,0.0,0.282,0.5,92.5
691723,Coby Mayo,BAL,Even,1015,0.343,0.348,71.0,21.0,3.0,0.318,0.352,0.545,0.898,0.394,0.43,0.0,0.292,0.373,89.6
691723,Coby Mayo,BAL,Two-Strike,951,0.322,0.591,263.0,42.0,9.0,0.169,0.217,0.327,0.543,0.244,0.239,0.506,0.27,0.518,91.1
641355,Cody Bellinger,NYY,Ahead (Hitter),1088,0.233,0.413,126.0,30.0,4.0,0.341,0.532,0.545,1.077,0.471,0.452,0.0,0.128,0.427,89.5
641355,Cody Bellinger,NYY,Behind (Hitter),599,0.128,0.459,45.0,15.0,2.0,0.349,0.333,0.605,0.938,0.397,0.42,0.0,0.214,0.409,90.8
641355,Cody Bellinger,NYY,Even,1695,0.363,0.375,123.0,44.0,9.0,0.361,0.358,0.664,1.022,0.438,0.401,0.0,0.214,0.427,89.7
641355,Cody Bellinger,NYY,Two-Strike,1292,0.276,0.668,258.0,42.0,2.0,0.18,0.248,0.249,0.497,0.239,0.236,0.337,0.17,0.291,88.0
683227,Cody Freeman,TEX,Ahead (Hitter),195,0.22,0.385,11.0,2.0,1.0,0.286,0.545,0.714,1.26,0.518,0.442,0.0,0.091,0.286,85.7
683227,Cody Freeman,TEX,Behind (Hitter),121,0.137,0.529,14.0,5.0,0.0,0.385,0.385,0.385,0.769,0.362,0.29,0.0,0.16,0.214,77.6
683227,Cody Freeman,TEX,Even,308,0.348,0.201,17.0,2.0,0.0,0.133,0.133,0.133,0.267,0.207,0.176,0.0,0.148,0.294,81.1
683227,Cody Freeman,TEX,Two-Strike,261,0.295,0.713,49.0,11.0,0.0,0.244,0.306,0.311,0.617,0.281,0.19,0.265,0.16,0.182,79.1
687515,Colby Thomas,ATH,Ahead (Hitter),154,0.167,0.597,21.0,5.0,2.0,0.278,0.35,0.667,1.017,0.477,0.467,0.0,0.255,0.421,89.2
687515,Colby Thomas,ATH,Behind (Hitter),135,0.146,0.578,,,,,,,,,,,,,
687515,Colby Thomas,ATH,Even,329,0.356,0.538,30.0,7.0,2.0,0.241,0.241,0.483,0.724,0.312,0.345,0.0,0.293,0.333,87.4
687515,Colby Thomas,ATH,Two-Strike,305,0.33,0.646,63.0,7.0,0.0,0.117,0.159,0.133,0.292,0.139,0.122,0.587,0.316,0.261,86.4
694249,Cole Carrigg,COL,Ahead (Hitter),307,0.222,0.498,69.0,21.0,3.0,0.382,0.478,0.673,1.151,0.492,0.458,0.0,0.196,0.404,88.7
694249,Cole Carrigg,COL,Behind (Hitter),167,0.121,0.539,24.0,10.0,1.0,0.417,0.417,0.75,1.167,0.494,0.416,0.0,0.3,0.25,84.6
694249,Cole Carrigg,COL,Even,489,0.354,0.436,78.0,26.0,2.0,0.347,0.355,0.56,0.915,0.415,0.349,0.0,0.207,0.395,86.0
694249,Cole Carrigg,COL,Two-Strike,419,0.303,0.623,184.0,28.0,4.0,0.171,0.25,0.287,0.537,0.243,0.226,0.457,0.245,0.358,86.9
702284,Cole Young,SEA,Ahead (Hitter),773,0.227,0.476,128.0,36.0,2.0,0.336,0.438,0.458,0.895,0.399,0.372,0.0,0.165,0.38,89.0
702284,Cole Young,SEA,Behind (Hitter),449,0.132,0.479,60.0,18.0,2.0,0.327,0.373,0.491,0.864,0.396,0.375,0.0,0.191,0.375,88.8
702284,Cole Young,SEA,Even,1213,0.357,0.324,130.0,43.0,7.0,0.336,0.346,0.555,0.901,0.396,0.391,0.0,0.155,0.424,88.1
702284,Cole Young,SEA,Two-Strike,965,0.284,0.637,307.0,41.0,6.0,0.147,0.218,0.247,0.466,0.219,0.243,0.349,0.183,0.347,87.2
805672,Collin Price,HOU,Even,19,0.358,0.474,,,,,,,,,,,,,
805672,Collin Price,HOU,Two-Strike,17,0.321,0.529,,,,,,,,,,,,,
695657,Colson Montgomery,CWS,Ahead (Hitter),681,0.194,0.537,89.0,20.0,4.0,0.308,0.494,0.569,1.064,0.511,0.467,0.0,0.298,0.397,88.0
695657,Colson Montgomery,CWS,Behind (Hitter),476,0.136,0.515,52.0,16.0,5.0,0.327,0.365,0.653,1.018,0.447,0.458,0.0,0.341,0.327,87.3
695657,Colson Montgomery,CWS,Even,1271,0.363,0.465,114.0,38.0,11.0,0.352,0.377,0.731,1.109,0.461,0.445,0.0,0.329,0.367,87.2
695657,Colson Montgomery,CWS,Two-Strike,1078,0.307,0.54,368.0,38.0,11.0,0.114,0.193,0.243,0.435,0.203,0.192,0.598,0.379,0.5,90.8
806068,Colt Emerson,SEA,Ahead (Hitter),187,0.194,0.487,34.0,11.0,1.0,0.423,0.545,0.615,1.161,0.509,0.386,0.0,0.231,0.333,86.8
806068,Colt Emerson,SEA,Behind (Hitter),129,0.134,0.55,19.0,6.0,2.0,0.353,0.368,0.824,1.192,0.474,0.489,0.0,0.366,0.389,90.9
806068,Colt Emerson,SEA,Even,333,0.345,0.423,46.0,13.0,1.0,0.283,0.283,0.37,0.652,0.312,0.374,0.0,0.333,0.311,84.1
806068,Colt Emerson,SEA,Two-Strike,315,0.327,0.667,143.0,12.0,4.0,0.09,0.147,0.203,0.35,0.158,0.144,0.58,0.3,0.275,84.8
690993,Colt Keith,DET,Ahead (Hitter),811,0.236,0.439,89.0,20.0,2.0,0.27,0.393,0.392,0.785,0.357,0.412,0.0,0.19,0.419,88.7
690993,Colt Keith,DET,Behind (Hitter),429,0.125,0.429,33.0,15.0,1.0,0.469,0.485,0.75,1.235,0.527,0.426,0.0,0.224,0.515,93.3
690993,Colt Keith,DET,Even,1239,0.36,0.341,97.0,32.0,4.0,0.348,0.361,0.565,0.926,0.402,0.414,0.0,0.173,0.394,87.0
690993,Colt Keith,DET,Two-Strike,962,0.28,0.583,203.0,32.0,3.0,0.173,0.246,0.276,0.522,0.242,0.245,0.414,0.206,0.416,89.0
681297,Colton Cowser,BAL,Ahead (Hitter),667,0.212,0.385,64.0,19.0,2.0,0.5,0.703,0.711,1.414,0.611,0.628,0.0,0.305,0.526,91.2
681297,Colton Cowser,BAL,Behind (Hitter),403,0.128,0.409,26.0,9.0,0.0,0.375,0.36,0.375,0.735,0.332,0.258,0.0,0.352,0.154,77.3
681297,Colton Cowser,BAL,Even,1078,0.343,0.333,46.0,14.0,3.0,0.304,0.304,0.565,0.87,0.368,0.424,0.0,0.35,0.457,87.9
681297,Colton Cowser,BAL,Two-Strike,996,0.317,0.576,252.0,33.0,8.0,0.143,0.21,0.265,0.476,0.218,0.216,0.48,0.266,0.4,87.2
656582,Connor Joe,SEA,Ahead (Hitter),117,0.215,0.325,,,,,,,,,,,,,
656582,Connor Joe,SEA,Behind (Hitter),64,0.118,0.484,,,,,,,,,,,,,
656582,Connor Joe,SEA,Even,176,0.324,0.318,,,,,,,,,,,,,
656582,Connor Joe,SEA,Two-Strike,187,0.344,0.508,31.0,2.0,0.0,0.077,0.226,0.077,0.303,0.2,0.237,0.484,0.243,0.545,93.2
681393,Connor Norby,COL,Ahead (Hitter),526,0.196,0.549,67.0,23.0,4.0,0.418,0.522,0.745,1.268,0.572,0.495,0.0,0.213,0.345,87.3
681393,Connor Norby,COL,Behind (Hitter),355,0.132,0.504,30.0,9.0,0.0,0.333,0.367,0.481,0.848,0.363,0.301,0.0,0.258,0.429,90.6
681393,Connor Norby,COL,Even,978,0.365,0.471,77.0,27.0,2.0,0.37,0.39,0.575,0.965,0.418,0.364,0.0,0.251,0.378,88.2
681393,Connor Norby,COL,Two-Strike,823,0.307,0.575,198.0,18.0,1.0,0.108,0.253,0.145,0.397,0.21,0.217,0.535,0.328,0.305,84.5
657136,Connor Wong,BOS,Ahead (Hitter),323,0.198,0.449,45.0,10.0,1.0,0.278,0.422,0.417,0.839,0.38,0.378,0.0,0.154,0.444,85.4
657136,Connor Wong,BOS,Behind (Hitter),217,0.133,0.507,19.0,6.0,0.0,0.4,0.471,0.533,1.004,0.465,0.475,0.0,0.322,0.235,79.2
657136,Connor Wong,BOS,Even,570,0.349,0.37,41.0,17.0,2.0,0.447,0.462,0.684,1.146,0.527,0.366,0.0,0.224,0.35,82.5
657136,Connor Wong,BOS,Two-Strike,521,0.319,0.593,129.0,15.0,1.0,0.128,0.202,0.188,0.39,0.185,0.199,0.442,0.248,0.333,83.9
694876,Cooper Ingle,CLE,Ahead (Hitter),19,0.181,0.368,,,,,,,,,,,,,
694876,Cooper Ingle,CLE,Even,34,0.324,0.441,,,,,,,,,,,,,
694876,Cooper Ingle,CLE,Two-Strike,38,0.362,0.5,15.0,0.0,0.0,0.0,0.2,0.0,0.2,0.14,0.14,0.8,0.368,,
806198,Cooper Pratt,MIL,Ahead (Hitter),210,0.212,0.381,49.0,9.0,1.0,0.273,0.5,0.394,0.894,0.455,0.51,0.0,0.15,0.382,89.3
806198,Cooper Pratt,MIL,Behind (Hitter),126,0.127,0.492,23.0,9.0,1.0,0.429,0.455,0.619,1.074,0.475,0.339,0.0,0.194,0.227,80.3
806198,Cooper Pratt,MIL,Even,352,0.356,0.321,47.0,15.0,1.0,0.341,0.326,0.477,0.803,0.345,0.324,0.0,0.23,0.306,84.6
806198,Cooper Pratt,MIL,Two-Strike,301,0.304,0.658,131.0,27.0,0.0,0.233,0.282,0.276,0.558,0.259,0.236,0.351,0.182,0.237,86.2
682998,Corbin Carroll,AZ,Ahead (Hitter),1221,0.24,0.414,139.0,37.0,7.0,0.349,0.504,0.792,1.296,0.547,0.53,0.0,0.214,0.566,93.5
682998,Corbin Carroll,AZ,Behind (Hitter),610,0.12,0.492,58.0,24.0,3.0,0.436,0.448,0.709,1.157,0.49,0.413,0.0,0.26,0.464,92.4
682998,Corbin Carroll,AZ,Even,1814,0.356,0.395,115.0,27.0,7.0,0.241,0.252,0.518,0.77,0.337,0.379,0.0,0.27,0.496,91.7
682998,Corbin Carroll,AZ,Two-Strike,1450,0.285,0.597,335.0,48.0,5.0,0.165,0.26,0.299,0.559,0.255,0.246,0.439,0.248,0.428,90.6
667452,Corey Julks,DET,Ahead (Hitter),16,0.213,0.562,,,,,,,,,,,,,
667452,Corey Julks,DET,Even,31,0.413,0.387,,,,,,,,,,,,,
667452,Corey Julks,DET,Two-Strike,19,0.253,0.684,,,,,,,,,,,,,
608369,Corey Seager,TEX,Ahead (Hitter),801,0.245,0.492,95.0,24.0,5.0,0.333,0.484,0.625,1.109,0.498,0.512,0.0,0.305,0.507,93.6
608369,Corey Seager,TEX,Behind (Hitter),374,0.115,0.463,29.0,9.0,0.0,0.31,0.31,0.379,0.69,0.346,0.35,0.0,0.396,0.321,88.7
608369,Corey Seager,TEX,Even,1187,0.363,0.491,89.0,25.0,7.0,0.284,0.292,0.602,0.894,0.385,0.401,0.0,0.254,0.443,89.3
608369,Corey Seager,TEX,Two-Strike,904,0.277,0.539,205.0,25.0,6.0,0.138,0.229,0.243,0.472,0.219,0.247,0.483,0.31,0.536,93.3
665506,Cristian Pache,NYM,Two-Strike,21,0.5,0.476,,,,,,,,,,,,,
678554,Curtis Mead,BOS,Ahead (Hitter),497,0.205,0.398,56.0,13.0,3.0,0.325,0.518,0.675,1.193,0.499,0.521,0.0,0.19,0.575,91.8
678554,Curtis Mead,BOS,Behind (Hitter),320,0.132,0.459,28.0,8.0,1.0,0.286,0.286,0.5,0.786,0.346,0.269,0.0,0.215,0.37,86.3
678554,Curtis Mead,BOS,Even,841,0.347,0.335,56.0,15.0,5.0,0.278,0.304,0.648,0.952,0.419,0.448,0.0,0.162,0.473,89.5
678554,Curtis Mead,BOS,Two-Strike,764,0.315,0.563,188.0,35.0,8.0,0.216,0.324,0.401,0.726,0.327,0.296,0.335,0.137,0.35,86.2
693409,César Prieto,STL,Ahead (Hitter),36,0.283,0.611,,,,,,,,,,,,,
693409,César Prieto,STL,Behind (Hitter),15,0.118,0.733,,,,,,,,,,,,,
693409,César Prieto,STL,Even,54,0.425,0.37,11.0,1.0,0.0,0.091,0.091,0.091,0.182,0.082,0.147,0.0,0.071,0.273,81.1
693409,César Prieto,STL,Two-Strike,22,0.173,0.636,,,,,,,,,,,,,
663967,César Salazar,HOU,Ahead (Hitter),18,0.126,0.444,,,,,,,,,,,,,
663967,César Salazar,HOU,Behind (Hitter),19,0.133,0.632,,,,,,,,,,,,,
663967,César Salazar,HOU,Even,48,0.336,0.438,,,,,,,,,,,,,
663967,César Salazar,HOU,Two-Strike,58,0.406,0.466,14.0,1.0,0.0,0.091,0.286,0.091,0.377,0.214,0.293,0.214,0.158,0.25,86.4
687221,Dalton Rushing,LAD,Ahead (Hitter),328,0.213,0.476,45.0,11.0,1.0,0.393,0.622,0.643,1.265,0.54,0.525,0.0,0.365,0.357,88.6
687221,Dalton Rushing,LAD,Behind (Hitter),206,0.134,0.466,21.0,5.0,1.0,0.238,0.238,0.381,0.619,0.267,0.331,0.0,0.277,0.333,85.6
687221,Dalton Rushing,LAD,Even,565,0.367,0.428,55.0,20.0,6.0,0.377,0.4,0.792,1.192,0.515,0.454,0.0,0.284,0.509,87.6
687221,Dalton Rushing,LAD,Two-Strike,441,0.286,0.537,129.0,19.0,4.0,0.16,0.217,0.294,0.511,0.226,0.222,0.566,0.274,0.468,91.6
667472,Dane Myers,CIN,Ahead (Hitter),558,0.212,0.398,67.0,17.0,4.0,0.37,0.567,0.652,1.219,0.519,0.441,0.0,0.242,0.426,89.1
667472,Dane Myers,CIN,Behind (Hitter),344,0.131,0.471,24.0,7.0,0.0,0.304,0.292,0.391,0.683,0.329,0.361,0.0,0.123,0.25,86.0
667472,Dane Myers,CIN,Even,916,0.349,0.311,49.0,18.0,1.0,0.383,0.388,0.489,0.877,0.4,0.35,0.0,0.164,0.28,80.7
667472,Dane Myers,CIN,Two-Strike,810,0.308,0.591,188.0,32.0,3.0,0.188,0.266,0.276,0.542,0.259,0.245,0.436,0.206,0.407,90.3
669288,Daniel Johnson,HOU,Ahead (Hitter),63,0.24,0.556,,,,,,,,,,,,,
669288,Daniel Johnson,HOU,Behind (Hitter),33,0.125,0.667,,,,,,,,,,,,,
669288,Daniel Johnson,HOU,Even,99,0.376,0.293,,,,,,,,,,,,,
669288,Daniel Johnson,HOU,Two-Strike,68,0.259,0.632,,,,,,,,,,,,,
682177,Daniel Schneemann,CLE,Ahead (Hitter),601,0.215,0.429,44.0,8.0,0.0,0.296,0.568,0.481,1.05,0.474,0.5,0.0,0.289,0.519,92.3
682177,Daniel Schneemann,CLE,Behind (Hitter),372,0.133,0.503,33.0,9.0,2.0,0.273,0.273,0.485,0.758,0.35,0.436,0.0,0.261,0.364,85.6
682177,Daniel Schneemann,CLE,Even,1000,0.358,0.381,44.0,12.0,1.0,0.273,0.273,0.409,0.682,0.294,0.396,0.0,0.321,0.386,89.7
682177,Daniel Schneemann,CLE,Two-Strike,824,0.295,0.589,161.0,24.0,3.0,0.156,0.193,0.227,0.42,0.189,0.166,0.522,0.291,0.314,86.1
691740,Daniel Susac,SF,Ahead (Hitter),97,0.164,0.567,21.0,3.0,1.0,0.176,0.286,0.412,0.697,0.298,0.318,0.0,0.2,0.167,86.2
691740,Daniel Susac,SF,Behind (Hitter),80,0.135,0.588,,,,,,,,,,,,,
691740,Daniel Susac,SF,Even,219,0.371,0.447,43.0,15.0,2.0,0.385,0.415,0.59,1.004,0.466,0.466,0.0,0.204,0.415,85.7
691740,Daniel Susac,SF,Two-Strike,195,0.33,0.615,89.0,15.0,0.0,0.185,0.236,0.259,0.495,0.222,0.205,0.404,0.2,0.277,83.4
643376,Danny Jansen,TEX,Ahead (Hitter),486,0.222,0.442,46.0,10.0,1.0,0.278,0.409,0.528,0.937,0.414,0.375,0.0,0.187,0.342,86.3
643376,Danny Jansen,TEX,Behind (Hitter),277,0.126,0.495,23.0,4.0,1.0,0.2,0.273,0.35,0.623,0.286,0.303,0.0,0.241,0.429,84.9
643376,Danny Jansen,TEX,Even,772,0.352,0.337,41.0,13.0,3.0,0.371,0.45,0.686,1.136,0.485,0.404,0.0,0.247,0.306,84.8
643376,Danny Jansen,TEX,Two-Strike,656,0.299,0.53,102.0,9.0,1.0,0.098,0.186,0.163,0.349,0.178,0.162,0.51,0.25,0.3,86.8
621020,Dansby Swanson,CHC,Ahead (Hitter),980,0.226,0.45,107.0,23.0,5.0,0.303,0.505,0.618,1.123,0.486,0.486,0.0,0.241,0.474,92.2
621020,Dansby Swanson,CHC,Behind (Hitter),529,0.122,0.491,38.0,10.0,3.0,0.278,0.289,0.611,0.901,0.37,0.355,0.0,0.351,0.486,87.7
621020,Dansby Swanson,CHC,Even,1551,0.357,0.418,97.0,29.0,6.0,0.305,0.312,0.547,0.86,0.405,0.331,0.0,0.307,0.347,88.1
621020,Dansby Swanson,CHC,Two-Strike,1280,0.295,0.605,233.0,28.0,5.0,0.133,0.202,0.227,0.429,0.22,0.205,0.476,0.286,0.404,88.9
687231,Darell Hernaiz,ATH,Ahead (Hitter),277,0.208,0.408,21.0,5.0,0.0,0.357,0.571,0.429,1.0,0.464,0.438,0.0,0.362,0.286,85.6
687231,Darell Hernaiz,ATH,Behind (Hitter),170,0.128,0.565,20.0,5.0,0.0,0.25,0.25,0.25,0.5,0.225,0.261,0.0,0.2,0.35,87.6
687231,Darell Hernaiz,ATH,Even,489,0.367,0.423,30.0,6.0,0.0,0.214,0.214,0.25,0.464,0.22,0.245,0.0,0.234,0.3,83.4
687231,Darell Hernaiz,ATH,Two-Strike,396,0.297,0.646,86.0,16.0,1.0,0.213,0.302,0.267,0.569,0.266,0.225,0.36,0.177,0.222,83.1
680577,Dashawn Keirsey,ATL,Ahead (Hitter),52,0.149,0.615,,,,,,,,,,,,,
680577,Dashawn Keirsey,ATL,Behind (Hitter),49,0.14,0.449,,,,,,,,,,,,,
680577,Dashawn Keirsey,ATL,Even,122,0.35,0.451,,,,,,,,,,,,,
680577,Dashawn Keirsey,ATL,Two-Strike,126,0.361,0.532,,,,,,,,,,,,,
662139,Daulton Varsho,HOU,Ahead (Hitter),655,0.219,0.545,100.0,24.0,4.0,0.3,0.43,0.562,0.992,0.451,0.41,0.0,0.202,0.456,89.4
662139,Daulton Varsho,HOU,Behind (Hitter),376,0.125,0.527,55.0,11.0,0.0,0.2,0.2,0.255,0.455,0.199,0.288,0.0,0.19,0.309,84.9
662139,Daulton Varsho,HOU,Even,1116,0.372,0.417,116.0,31.0,3.0,0.267,0.267,0.397,0.664,0.305,0.282,0.0,0.173,0.365,85.0
662139,Daulton Varsho,HOU,Two-Strike,850,0.284,0.673,256.0,41.0,5.0,0.174,0.238,0.284,0.522,0.249,0.233,0.418,0.204,0.333,85.6
681807,David Fry,CLE,Ahead (Hitter),302,0.201,0.401,37.0,7.0,3.0,0.28,0.514,0.64,1.154,0.511,0.411,0.0,0.297,0.333,82.6
681807,David Fry,CLE,Behind (Hitter),188,0.125,0.5,11.0,5.0,0.0,0.455,0.455,0.636,1.091,0.473,0.343,0.0,0.362,0.182,80.6
681807,David Fry,CLE,Even,486,0.323,0.372,27.0,9.0,2.0,0.346,0.37,0.615,0.986,0.42,0.366,0.0,0.304,0.37,87.1
681807,David Fry,CLE,Two-Strike,527,0.351,0.586,126.0,12.0,2.0,0.109,0.222,0.191,0.413,0.208,0.193,0.452,0.217,0.34,86.3
666152,David Hamilton,MIL,Ahead (Hitter),530,0.235,0.336,62.0,9.0,1.0,0.22,0.467,0.341,0.808,0.393,0.442,0.0,0.176,0.419,83.0
666152,David Hamilton,MIL,Behind (Hitter),278,0.123,0.446,33.0,8.0,1.0,0.267,0.267,0.433,0.7,0.32,0.295,0.0,0.197,0.273,81.5
666152,David Hamilton,MIL,Even,789,0.35,0.323,75.0,32.0,1.0,0.478,0.485,0.582,1.067,0.504,0.33,0.0,0.251,0.2,68.7
666152,David Hamilton,MIL,Two-Strike,658,0.292,0.631,205.0,30.0,1.0,0.156,0.21,0.219,0.429,0.209,0.198,0.41,0.185,0.262,85.4
676914,Davis Schneider,TOR,Ahead (Hitter),411,0.244,0.358,26.0,3.0,1.0,0.25,0.6,0.583,1.183,0.51,0.514,0.0,0.268,0.5,84.5
676914,Davis Schneider,TOR,Behind (Hitter),186,0.111,0.419,,,,,,,,,,,,,
676914,Davis Schneider,TOR,Even,542,0.322,0.315,16.0,5.0,1.0,0.312,0.312,0.562,0.875,0.372,0.33,0.0,0.338,0.5,86.5
676914,Davis Schneider,TOR,Two-Strike,543,0.323,0.54,99.0,8.0,2.0,0.095,0.232,0.202,0.435,0.221,0.189,0.495,0.259,0.389,87.5
695734,Daylen Lile,WSH,Ahead (Hitter),758,0.207,0.553,102.0,27.0,7.0,0.318,0.412,0.659,1.071,0.452,0.417,0.0,0.177,0.419,89.9
695734,Daylen Lile,WSH,Behind (Hitter),497,0.135,0.537,72.0,14.0,3.0,0.197,0.208,0.366,0.575,0.274,0.304,0.0,0.173,0.338,88.4
695734,Daylen Lile,WSH,Even,1365,0.372,0.454,141.0,49.0,5.0,0.353,0.362,0.561,0.923,0.406,0.415,0.0,0.249,0.384,87.8
695734,Daylen Lile,WSH,Two-Strike,1049,0.286,0.645,327.0,56.0,7.0,0.188,0.248,0.322,0.57,0.263,0.265,0.382,0.22,0.364,88.3
663662,Daz Cameron,TOR,Ahead (Hitter),59,0.232,0.525,,,,,,,,,,,,,
663662,Daz Cameron,TOR,Behind (Hitter),35,0.138,0.514,,,,,,,,,,,,,
663662,Daz Cameron,TOR,Even,91,0.358,0.418,,,,,,,,,,,,,
663662,Daz Cameron,TOR,Two-Strike,69,0.272,0.696,15.0,2.0,1.0,0.143,0.133,0.357,0.49,0.193,0.249,0.467,0.222,0.125,86.6
672016,Denzel Clarke,ATH,Ahead (Hitter),182,0.188,0.484,13.0,4.0,0.0,0.5,0.636,0.5,1.136,0.555,0.536,0.0,0.25,0.5,84.4
672016,Denzel Clarke,ATH,Behind (Hitter),128,0.132,0.383,,,,,,,,,,,,,
672016,Denzel Clarke,ATH,Even,334,0.345,0.413,16.0,3.0,0.0,0.188,0.188,0.25,0.438,0.191,0.197,0.0,0.315,0.188,81.2
672016,Denzel Clarke,ATH,Two-Strike,325,0.335,0.471,51.0,3.0,0.0,0.067,0.16,0.067,0.227,0.128,0.139,0.549,0.298,0.368,82.5
694203,Denzer Guzman,LAA,Ahead (Hitter),219,0.173,0.571,44.0,10.0,3.0,0.256,0.341,0.487,0.828,0.359,0.385,0.0,0.227,0.487,90.1
694203,Denzer Guzman,LAA,Behind (Hitter),171,0.135,0.532,28.0,8.0,1.0,0.296,0.296,0.444,0.741,0.387,0.336,0.0,0.282,0.25,84.7
694203,Denzer Guzman,LAA,Even,454,0.359,0.463,66.0,22.0,2.0,0.338,0.338,0.477,0.815,0.358,0.345,0.0,0.204,0.379,88.3
694203,Denzer Guzman,LAA,Two-Strike,422,0.333,0.569,153.0,20.0,2.0,0.142,0.209,0.22,0.429,0.204,0.188,0.477,0.259,0.277,82.8
656537,Derek Hill,PHI,Ahead (Hitter),232,0.165,0.565,31.0,4.0,0.0,0.174,0.367,0.174,0.541,0.29,0.375,0.0,0.269,0.125,79.7
656537,Derek Hill,PHI,Behind (Hitter),206,0.146,0.432,16.0,9.0,5.0,0.6,0.6,1.6,2.2,0.92,0.609,0.0,0.396,0.5,85.9
656537,Derek Hill,PHI,Even,521,0.37,0.463,43.0,13.0,4.0,0.31,0.31,0.667,0.976,0.435,0.436,0.0,0.29,0.295,78.9
656537,Derek Hill,PHI,Two-Strike,449,0.319,0.581,124.0,21.0,2.0,0.179,0.226,0.265,0.491,0.228,0.178,0.556,0.311,0.417,91.2
691277,Deyvison De Los Santos,MIA,Ahead (Hitter),24,0.203,0.625,,,,,,,,,,,,,
691277,Deyvison De Los Santos,MIA,Behind (Hitter),15,0.127,0.4,,,,,,,,,,,,,
691277,Deyvison De Los Santos,MIA,Even,44,0.373,0.273,,,,,,,,,,,,,
691277,Deyvison De Los Santos,MIA,Two-Strike,35,0.297,0.714,18.0,3.0,0.0,0.167,0.167,0.278,0.444,0.189,0.14,0.5,0.24,0.333,86.9
693307,Dillon Dingler,DET,Ahead (Hitter),821,0.199,0.484,116.0,31.0,6.0,0.33,0.448,0.649,1.097,0.468,0.472,0.0,0.161,0.505,90.6
693307,Dillon Dingler,DET,Behind (Hitter),554,0.135,0.502,53.0,15.0,2.0,0.294,0.321,0.471,0.791,0.356,0.391,0.0,0.205,0.38,88.9
693307,Dillon Dingler,DET,Even,1476,0.359,0.349,111.0,34.0,8.0,0.321,0.342,0.594,0.937,0.404,0.448,0.0,0.222,0.444,89.4
693307,Dillon Dingler,DET,Two-Strike,1266,0.308,0.627,317.0,52.0,11.0,0.178,0.233,0.329,0.562,0.257,0.249,0.432,0.214,0.389,86.9
686527,Dominic Canzone,SEA,Ahead (Hitter),605,0.203,0.383,76.0,21.0,6.0,0.356,0.5,0.746,1.246,0.539,0.523,0.0,0.242,0.517,92.5
686527,Dominic Canzone,SEA,Behind (Hitter),394,0.133,0.612,57.0,17.0,2.0,0.298,0.298,0.404,0.702,0.307,0.378,0.0,0.248,0.368,88.9
686527,Dominic Canzone,SEA,Even,1072,0.361,0.424,118.0,42.0,9.0,0.359,0.364,0.667,1.031,0.441,0.442,0.0,0.293,0.466,91.1
686527,Dominic Canzone,SEA,Two-Strike,902,0.303,0.58,262.0,41.0,5.0,0.179,0.271,0.336,0.607,0.27,0.265,0.408,0.211,0.44,91.6
642086,Dominic Smith,ATL,Ahead (Hitter),392,0.197,0.48,59.0,12.0,1.0,0.25,0.373,0.333,0.706,0.354,0.346,0.0,0.155,0.396,88.8
642086,Dominic Smith,ATL,Behind (Hitter),271,0.137,0.498,24.0,6.0,2.0,0.261,0.261,0.522,0.783,0.339,0.396,0.0,0.27,0.25,80.8
642086,Dominic Smith,ATL,Even,724,0.365,0.398,63.0,19.0,2.0,0.311,0.333,0.443,0.776,0.354,0.307,0.0,0.233,0.317,87.9
642086,Dominic Smith,ATL,Two-Strike,598,0.301,0.6,146.0,30.0,3.0,0.229,0.281,0.336,0.617,0.272,0.255,0.315,0.152,0.307,88.1
622268,Donovan Walton,ATH,Ahead (Hitter),198,0.197,0.596,52.0,14.0,2.0,0.318,0.423,0.614,1.037,0.439,0.358,0.0,0.232,0.364,87.7
622268,Donovan Walton,ATH,Behind (Hitter),141,0.14,0.546,28.0,6.0,0.0,0.231,0.286,0.269,0.555,0.255,0.302,0.0,0.324,0.231,82.8
622268,Donovan Walton,ATH,Even,355,0.354,0.434,52.0,19.0,4.0,0.404,0.44,0.766,1.206,0.515,0.405,0.0,0.264,0.327,82.3
622268,Donovan Walton,ATH,Two-Strike,310,0.309,0.519,123.0,20.0,3.0,0.196,0.333,0.314,0.647,0.301,0.286,0.341,0.18,0.333,88.3
686948,Drake Baldwin,ATL,Ahead (Hitter),938,0.229,0.446,110.0,35.0,5.0,0.402,0.518,0.632,1.15,0.509,0.532,0.0,0.191,0.593,93.4
686948,Drake Baldwin,ATL,Behind (Hitter),494,0.121,0.53,44.0,17.0,3.0,0.395,0.409,0.605,1.014,0.459,0.432,0.0,0.252,0.488,93.9
686948,Drake Baldwin,ATL,Even,1460,0.357,0.415,131.0,45.0,6.0,0.349,0.351,0.527,0.878,0.385,0.445,0.0,0.259,0.469,91.7
686948,Drake Baldwin,ATL,Two-Strike,1198,0.293,0.643,316.0,54.0,10.0,0.194,0.291,0.338,0.629,0.286,0.267,0.415,0.226,0.476,89.0
701852,Drew Cavanaugh,SF,Ahead (Hitter),138,0.218,0.435,33.0,7.0,1.0,0.318,0.531,0.5,1.031,0.467,0.486,0.0,0.183,0.333,85.7
701852,Drew Cavanaugh,SF,Behind (Hitter),82,0.13,0.476,12.0,3.0,0.0,0.273,0.273,0.273,0.545,0.264,0.252,0.0,0.205,0.0,74.3
701852,Drew Cavanaugh,SF,Even,222,0.351,0.374,28.0,12.0,0.0,0.462,0.462,0.5,0.962,0.444,0.445,0.0,0.229,0.393,84.0
701852,Drew Cavanaugh,SF,Two-Strike,191,0.302,0.576,85.0,8.0,0.0,0.104,0.188,0.117,0.305,0.155,0.195,0.553,0.282,0.226,81.5
687551,Drew Gilbert,SF,Ahead (Hitter),456,0.233,0.373,78.0,18.0,4.0,0.31,0.461,0.569,1.029,0.482,0.448,0.0,0.178,0.458,87.0
687551,Drew Gilbert,SF,Behind (Hitter),260,0.133,0.427,34.0,8.0,0.0,0.267,0.353,0.333,0.686,0.315,0.388,0.0,0.288,0.333,83.2
687551,Drew Gilbert,SF,Even,693,0.354,0.315,69.0,22.0,2.0,0.328,0.319,0.567,0.886,0.383,0.376,0.0,0.197,0.338,86.0
687551,Drew Gilbert,SF,Two-Strike,551,0.281,0.601,205.0,33.0,5.0,0.181,0.273,0.291,0.564,0.272,0.267,0.341,0.185,0.366,86.3
686452,Drew Millas,WSH,Ahead (Hitter),163,0.205,0.411,27.0,5.0,0.0,0.278,0.5,0.278,0.778,0.458,0.407,0.0,0.167,0.053,77.4
686452,Drew Millas,WSH,Behind (Hitter),113,0.142,0.398,14.0,3.0,0.0,0.214,0.214,0.357,0.571,0.293,0.219,0.0,0.351,0.286,75.5
686452,Drew Millas,WSH,Even,291,0.366,0.354,26.0,7.0,2.0,0.292,0.28,0.542,0.822,0.376,0.379,0.0,0.194,0.346,85.7
686452,Drew Millas,WSH,Two-Strike,227,0.286,0.621,83.0,9.0,0.0,0.122,0.217,0.149,0.366,0.193,0.196,0.446,0.198,0.189,82.7
691011,Drew Romo,CWS,Ahead (Hitter),155,0.209,0.561,39.0,4.0,1.0,0.138,0.342,0.276,0.618,0.304,0.321,0.0,0.209,0.233,82.0
691011,Drew Romo,CWS,Behind (Hitter),103,0.139,0.485,21.0,4.0,0.0,0.19,0.19,0.238,0.429,0.231,0.25,0.0,0.327,0.095,79.2
691011,Drew Romo,CWS,Even,282,0.381,0.454,43.0,8.0,4.0,0.205,0.262,0.538,0.8,0.361,0.383,0.0,0.302,0.375,82.8
691011,Drew Romo,CWS,Two-Strike,201,0.271,0.562,100.0,9.0,2.0,0.102,0.2,0.193,0.393,0.187,0.192,0.47,0.318,0.262,85.6
687957,Dustin Harris,SD,Ahead (Hitter),138,0.212,0.5,25.0,5.0,0.0,0.278,0.48,0.444,0.924,0.418,0.412,0.0,0.326,0.333,85.3
687957,Dustin Harris,SD,Behind (Hitter),83,0.127,0.47,15.0,4.0,0.0,0.308,0.357,0.308,0.665,0.321,0.322,0.0,0.2,0.071,79.0
687957,Dustin Harris,SD,Even,259,0.398,0.386,38.0,13.0,0.0,0.382,0.378,0.529,0.908,0.412,0.378,0.0,0.162,0.297,84.8
687957,Dustin Harris,SD,Two-Strike,171,0.263,0.661,56.0,12.0,0.0,0.231,0.286,0.269,0.555,0.255,0.224,0.321,0.113,0.059,79.6
687637,Dylan Beavers,BAL,Ahead (Hitter),453,0.218,0.384,66.0,15.0,1.0,0.283,0.424,0.453,0.877,0.405,0.424,0.0,0.207,0.453,89.8
687637,Dylan Beavers,BAL,Behind (Hitter),251,0.121,0.303,21.0,7.0,1.0,0.333,0.333,0.476,0.81,0.352,0.352,0.0,0.305,0.238,86.7
687637,Dylan Beavers,BAL,Even,722,0.348,0.319,70.0,25.0,3.0,0.362,0.362,0.609,0.971,0.424,0.404,0.0,0.232,0.471,89.6
687637,Dylan Beavers,BAL,Two-Strike,650,0.313,0.54,194.0,25.0,2.0,0.145,0.237,0.215,0.452,0.223,0.204,0.49,0.203,0.295,84.2
666185,Dylan Carlson,CHC,Ahead (Hitter),203,0.195,0.448,,,,,,,,,,,,,
666185,Dylan Carlson,CHC,Behind (Hitter),135,0.13,0.4,,,,,,,,,,,,,
666185,Dylan Carlson,CHC,Even,356,0.342,0.34,,,,,,,,,,,,,
666185,Dylan Carlson,CHC,Two-Strike,347,0.333,0.573,,,,,,,,,,,,,
686611,Dylan Crews,WSH,Ahead (Hitter),593,0.217,0.469,88.0,25.0,5.0,0.347,0.466,0.653,1.119,0.504,0.505,0.0,0.222,0.514,91.8
686611,Dylan Crews,WSH,Behind (Hitter),367,0.134,0.599,33.0,10.0,1.0,0.323,0.364,0.581,0.944,0.402,0.389,0.0,0.378,0.469,89.8
686611,Dylan Crews,WSH,Even,976,0.357,0.416,89.0,25.0,2.0,0.287,0.303,0.402,0.706,0.309,0.347,0.0,0.283,0.345,88.4
686611,Dylan Crews,WSH,Two-Strike,797,0.292,0.585,218.0,27.0,4.0,0.134,0.197,0.219,0.416,0.195,0.219,0.468,0.259,0.426,90.1
664238,Dylan Moore,PHI,Ahead (Hitter),246,0.225,0.407,,,,,,,,,,,,,
664238,Dylan Moore,PHI,Behind (Hitter),128,0.117,0.516,,,,,,,,,,,,,
664238,Dylan Moore,PHI,Even,366,0.335,0.366,,,,,,,,,,,,,
664238,Dylan Moore,PHI,Two-Strike,353,0.323,0.632,13.0,0.0,0.0,0.0,0.077,0.0,0.077,0.054,0.161,0.462,0.316,0.333,91.3
678760,Eddys Leonard,SF,Two-Strike,16,0.421,0.688,,,,,,,,,,,,,
700337,Edgar Quero,CWS,Ahead (Hitter),582,0.24,0.435,43.0,7.0,1.0,0.241,0.429,0.345,0.773,0.386,0.413,0.0,0.179,0.438,91.6
700337,Edgar Quero,CWS,Behind (Hitter),279,0.115,0.48,16.0,3.0,0.0,0.188,0.188,0.188,0.375,0.169,0.364,0.0,0.238,0.562,89.6
700337,Edgar Quero,CWS,Even,866,0.358,0.374,50.0,16.0,2.0,0.348,0.367,0.478,0.846,0.371,0.368,0.0,0.145,0.375,88.7
700337,Edgar Quero,CWS,Two-Strike,694,0.287,0.624,106.0,12.0,0.0,0.128,0.208,0.138,0.346,0.18,0.177,0.396,0.188,0.327,89.7
624641,Edmundo Sosa,PHI,Ahead (Hitter),294,0.161,0.592,33.0,6.0,2.0,0.222,0.364,0.519,0.882,0.379,0.548,0.0,0.192,0.519,93.7
624641,Edmundo Sosa,PHI,Behind (Hitter),290,0.159,0.679,33.0,7.0,1.0,0.226,0.25,0.419,0.669,0.32,0.482,0.0,0.298,0.469,87.7
624641,Edmundo Sosa,PHI,Even,671,0.368,0.429,41.0,19.0,3.0,0.487,0.512,0.872,1.384,0.622,0.464,0.0,0.331,0.447,90.3
624641,Edmundo Sosa,PHI,Two-Strike,566,0.311,0.728,135.0,23.0,2.0,0.18,0.2,0.25,0.45,0.217,0.202,0.378,0.187,0.304,84.3
666397,Edouard Julien,COL,Ahead (Hitter),474,0.235,0.382,55.0,12.0,2.0,0.324,0.545,0.514,1.059,0.488,0.525,0.0,0.265,0.486,92.5
666397,Edouard Julien,COL,Behind (Hitter),233,0.116,0.33,15.0,3.0,0.0,0.2,0.2,0.2,0.4,0.18,0.303,0.0,0.146,0.467,87.4
666397,Edouard Julien,COL,Even,705,0.35,0.367,59.0,17.0,1.0,0.288,0.288,0.424,0.712,0.323,0.382,0.0,0.182,0.458,90.1
666397,Edouard Julien,COL,Two-Strike,603,0.299,0.496,147.0,17.0,0.0,0.136,0.265,0.176,0.441,0.227,0.254,0.483,0.242,0.556,90.1
680664,Eduardo Valencia,DET,Ahead (Hitter),74,0.158,0.568,19.0,7.0,2.0,0.412,0.474,0.941,1.415,0.576,0.503,0.0,0.238,0.471,88.4
680664,Eduardo Valencia,DET,Behind (Hitter),65,0.139,0.415,,,,,,,,,,,,,
680664,Eduardo Valencia,DET,Even,177,0.379,0.52,38.0,15.0,2.0,0.395,0.395,0.632,1.026,0.441,0.373,0.0,0.239,0.395,87.2
680664,Eduardo Valencia,DET,Two-Strike,151,0.323,0.629,60.0,14.0,2.0,0.246,0.283,0.439,0.722,0.337,0.289,0.483,0.2,0.63,94.5
695490,Edwin Arroyo,CIN,Ahead (Hitter),110,0.192,0.591,23.0,4.0,0.0,0.235,0.381,0.235,0.616,0.324,0.469,0.0,0.169,0.474,86.4
695490,Edwin Arroyo,CIN,Behind (Hitter),79,0.138,0.62,22.0,8.0,0.0,0.381,0.409,0.429,0.838,0.375,0.329,0.0,0.265,0.136,84.8
695490,Edwin Arroyo,CIN,Even,224,0.39,0.455,30.0,11.0,0.0,0.393,0.4,0.429,0.829,0.425,0.442,0.0,0.235,0.323,83.8
695490,Edwin Arroyo,CIN,Two-Strike,161,0.28,0.671,82.0,10.0,0.0,0.127,0.159,0.177,0.336,0.163,0.18,0.463,0.278,0.22,88.1
642201,Eli White,BOS,Ahead (Hitter),336,0.186,0.604,32.0,11.0,2.0,0.367,0.406,0.7,1.106,0.522,0.461,0.0,0.188,0.5,90.6
642201,Eli White,BOS,Behind (Hitter),257,0.142,0.51,19.0,5.0,1.0,0.263,0.263,0.526,0.789,0.379,0.19,0.0,0.22,0.105,78.9
642201,Eli White,BOS,Even,664,0.368,0.39,36.0,10.0,1.0,0.286,0.278,0.4,0.678,0.315,0.298,0.0,0.306,0.27,81.5
642201,Eli White,BOS,Two-Strike,548,0.304,0.642,116.0,21.0,2.0,0.198,0.267,0.292,0.56,0.278,0.221,0.388,0.231,0.262,84.0
672613,Eliezer Alfonzo,LAD,Ahead (Hitter),25,0.266,0.56,,,,,,,,,,,,,
672613,Eliezer Alfonzo,LAD,Even,38,0.404,0.289,,,,,,,,,,,,,
672613,Eliezer Alfonzo,LAD,Two-Strike,18,0.191,0.833,,,,,,,,,,,,,
682829,Elly De La Cruz,CIN,Ahead (Hitter),1212,0.23,0.394,112.0,36.0,8.0,0.429,0.571,0.821,1.393,0.576,0.551,0.0,0.247,0.547,95.8
682829,Elly De La Cruz,CIN,Behind (Hitter),643,0.122,0.401,52.0,12.0,4.0,0.231,0.231,0.5,0.731,0.323,0.442,0.0,0.277,0.558,94.6
682829,Elly De La Cruz,CIN,Even,1886,0.357,0.371,99.0,42.0,11.0,0.442,0.434,0.874,1.308,0.539,0.503,0.0,0.302,0.55,95.2
682829,Elly De La Cruz,CIN,Two-Strike,1538,0.291,0.534,346.0,63.0,6.0,0.207,0.301,0.331,0.632,0.297,0.272,0.488,0.244,0.518,93.6
650391,Eloy Jiménez,TOR,Ahead (Hitter),28,0.215,0.429,,,,,,,,,,,,,
650391,Eloy Jiménez,TOR,Behind (Hitter),20,0.154,0.35,,,,,,,,,,,,,
650391,Eloy Jiménez,TOR,Even,52,0.4,0.558,11.0,4.0,0.0,0.364,0.364,0.364,0.727,0.327,0.329,0.0,0.345,0.545,89.8
650391,Eloy Jiménez,TOR,Two-Strike,30,0.231,0.633,17.0,2.0,0.0,0.133,0.176,0.133,0.31,0.147,0.181,0.412,0.263,0.444,93.4
553869,Elías Díaz,TEX,Ahead (Hitter),360,0.183,0.528,37.0,12.0,1.0,0.353,0.378,0.529,0.908,0.388,0.281,0.0,0.194,0.257,84.8
553869,Elías Díaz,TEX,Behind (Hitter),282,0.143,0.571,29.0,4.0,0.0,0.16,0.192,0.2,0.392,0.21,0.259,0.0,0.292,0.333,81.5
553869,Elías Díaz,TEX,Even,712,0.361,0.444,38.0,12.0,1.0,0.333,0.324,0.5,0.824,0.38,0.39,0.0,0.325,0.5,91.0
553869,Elías Díaz,TEX,Two-Strike,616,0.313,0.61,128.0,22.0,5.0,0.185,0.227,0.361,0.588,0.252,0.227,0.445,0.246,0.446,87.4
682848,Endy Rodríguez,PIT,Ahead (Hitter),162,0.198,0.469,30.0,7.0,0.0,0.304,0.467,0.348,0.814,0.385,0.419,0.0,0.136,0.522,94.9
682848,Endy Rodríguez,PIT,Behind (Hitter),110,0.134,0.482,16.0,9.0,4.0,0.562,0.562,1.5,2.062,0.847,0.545,0.0,0.171,0.562,94.0
682848,Endy Rodríguez,PIT,Even,306,0.374,0.392,30.0,9.0,1.0,0.3,0.3,0.433,0.733,0.318,0.336,0.0,0.238,0.333,86.8
682848,Endy Rodríguez,PIT,Two-Strike,241,0.294,0.485,83.0,11.0,2.0,0.164,0.325,0.269,0.594,0.293,0.269,0.494,0.292,0.52,93.6
571771,Enrique Hernández,LAD,Ahead (Hitter),274,0.209,0.511,22.0,9.0,1.0,0.529,0.636,0.824,1.46,0.609,0.487,0.0,0.097,0.471,86.8
571771,Enrique Hernández,LAD,Behind (Hitter),175,0.133,0.554,11.0,2.0,1.0,0.182,0.182,0.455,0.636,0.264,0.423,0.0,0.161,0.636,94.9
571771,Enrique Hernández,LAD,Even,453,0.346,0.386,13.0,4.0,1.0,0.308,0.308,0.615,0.923,0.388,0.258,0.0,0.289,0.385,88.6
571771,Enrique Hernández,LAD,Two-Strike,409,0.312,0.633,41.0,3.0,0.0,0.075,0.098,0.1,0.198,0.091,0.124,0.659,0.356,0.154,85.7
606992,Eric Haase,SF,Ahead (Hitter),140,0.213,0.507,15.0,4.0,2.0,0.333,0.467,0.917,1.383,0.589,0.454,0.0,0.415,0.364,86.1
606992,Eric Haase,SF,Behind (Hitter),81,0.123,0.481,10.0,1.0,0.0,0.111,0.111,0.111,0.222,0.122,0.19,0.0,0.333,0.2,73.0
606992,Eric Haase,SF,Even,229,0.348,0.31,13.0,4.0,2.0,0.4,0.455,1.1,1.555,0.659,0.465,0.0,0.286,0.25,75.9
606992,Eric Haase,SF,Two-Strike,208,0.316,0.63,47.0,3.0,0.0,0.068,0.128,0.091,0.219,0.11,0.187,0.596,0.351,0.312,89.6
676572,Eric Wagaman,NYM,Ahead (Hitter),449,0.206,0.452,,,,,,,,,,,,,
676572,Eric Wagaman,NYM,Behind (Hitter),302,0.139,0.394,,,,,,,,,,,,,
676572,Eric Wagaman,NYM,Even,801,0.368,0.338,,,,,,,,,,,,,
676572,Eric Wagaman,NYM,Two-Strike,625,0.287,0.619,33.0,3.0,0.0,0.103,0.212,0.103,0.316,0.167,0.221,0.364,0.195,0.176,81.2
676391,Ernie Clement,TOR,Ahead (Hitter),813,0.216,0.458,115.0,32.0,3.0,0.32,0.4,0.52,0.92,0.413,0.324,0.0,0.109,0.277,86.5
676391,Ernie Clement,TOR,Behind (Hitter),556,0.148,0.653,100.0,28.0,1.0,0.289,0.28,0.371,0.651,0.28,0.273,0.0,0.119,0.22,82.6
676391,Ernie Clement,TOR,Even,1546,0.411,0.481,181.0,48.0,3.0,0.27,0.271,0.393,0.664,0.302,0.263,0.0,0.148,0.207,84.5
676391,Ernie Clement,TOR,Two-Strike,850,0.226,0.715,215.0,45.0,2.0,0.22,0.251,0.278,0.529,0.246,0.214,0.265,0.161,0.147,82.0
699013,Esmerlyn Valdez,PIT,Ahead (Hitter),308,0.243,0.406,57.0,14.0,4.0,0.389,0.596,0.806,1.402,0.562,0.518,0.0,0.328,0.432,91.9
699013,Esmerlyn Valdez,PIT,Behind (Hitter),144,0.114,0.382,18.0,10.0,2.0,0.556,0.556,1.111,1.667,0.7,0.535,0.0,0.418,0.5,89.7
699013,Esmerlyn Valdez,PIT,Even,426,0.336,0.336,34.0,17.0,4.0,0.548,0.529,1.097,1.626,0.678,0.627,0.0,0.378,0.576,93.9
699013,Esmerlyn Valdez,PIT,Two-Strike,389,0.307,0.514,178.0,15.0,7.0,0.096,0.208,0.256,0.464,0.219,0.196,0.607,0.355,0.479,91.3
665923,Esteury Ruiz,MIA,Ahead (Hitter),224,0.21,0.384,33.0,6.0,2.0,0.261,0.485,0.565,1.05,0.508,0.457,0.0,0.383,0.217,81.5
665923,Esteury Ruiz,MIA,Behind (Hitter),120,0.113,0.45,10.0,6.0,1.0,0.857,0.778,1.429,2.206,0.861,0.529,0.0,0.347,0.444,77.4
665923,Esteury Ruiz,MIA,Even,369,0.346,0.436,57.0,22.0,3.0,0.431,0.482,0.765,1.247,0.529,0.388,0.0,0.255,0.327,80.0
665923,Esteury Ruiz,MIA,Two-Strike,353,0.331,0.569,144.0,11.0,0.0,0.088,0.208,0.12,0.328,0.176,0.175,0.542,0.271,0.13,78.9
553993,Eugenio Suárez,CIN,Ahead (Hitter),874,0.189,0.491,75.0,21.0,6.0,0.362,0.507,0.759,1.265,0.547,0.468,0.0,0.343,0.351,89.7
553993,Eugenio Suárez,CIN,Behind (Hitter),622,0.135,0.513,39.0,12.0,4.0,0.316,0.308,0.684,0.992,0.408,0.435,0.0,0.277,0.436,89.3
553993,Eugenio Suárez,CIN,Even,1591,0.345,0.399,73.0,16.0,5.0,0.232,0.26,0.493,0.753,0.328,0.355,0.0,0.32,0.356,87.6
553993,Eugenio Suárez,CIN,Two-Strike,1528,0.331,0.552,294.0,39.0,10.0,0.154,0.265,0.299,0.565,0.261,0.224,0.558,0.299,0.323,88.1
694497,Evan Carter,TEX,Ahead (Hitter),549,0.209,0.404,73.0,16.0,2.0,0.302,0.465,0.547,1.012,0.442,0.457,0.0,0.215,0.375,87.3
694497,Evan Carter,TEX,Behind (Hitter),352,0.134,0.372,29.0,7.0,0.0,0.25,0.276,0.429,0.704,0.302,0.273,0.0,0.395,0.357,84.9
694497,Evan Carter,TEX,Even,935,0.356,0.336,83.0,21.0,2.0,0.28,0.289,0.373,0.663,0.331,0.331,0.0,0.28,0.317,77.1
694497,Evan Carter,TEX,Two-Strike,787,0.3,0.543,260.0,30.0,5.0,0.132,0.238,0.225,0.463,0.223,0.212,0.431,0.232,0.353,86.6
677592,Everson Pereira,STL,Ahead (Hitter),151,0.212,0.517,21.0,6.0,1.0,0.429,0.6,0.714,1.314,0.562,0.453,0.0,0.333,0.4,86.4
677592,Everson Pereira,STL,Behind (Hitter),97,0.136,0.443,15.0,3.0,0.0,0.214,0.267,0.286,0.552,0.25,0.355,0.0,0.233,0.143,79.3
677592,Everson Pereira,STL,Even,263,0.37,0.487,23.0,10.0,3.0,0.476,0.478,0.952,1.431,0.58,0.51,0.0,0.347,0.545,94.5
677592,Everson Pereira,STL,Two-Strike,200,0.281,0.55,52.0,4.0,1.0,0.082,0.135,0.184,0.318,0.144,0.129,0.712,0.435,0.5,86.8
677649,Ezequiel Duran,TEX,Ahead (Hitter),509,0.165,0.446,73.0,21.0,2.0,0.356,0.479,0.559,1.039,0.483,0.453,0.0,0.193,0.441,90.1
677649,Ezequiel Duran,TEX,Behind (Hitter),434,0.14,0.574,50.0,15.0,1.0,0.306,0.306,0.429,0.735,0.323,0.334,0.0,0.251,0.353,82.0
677649,Ezequiel Duran,TEX,Even,1091,0.353,0.457,120.0,47.0,6.0,0.409,0.4,0.687,1.087,0.462,0.41,0.0,0.288,0.412,88.7
677649,Ezequiel Duran,TEX,Two-Strike,1060,0.343,0.585,337.0,53.0,8.0,0.177,0.261,0.297,0.558,0.264,0.228,0.404,0.212,0.353,88.0
678662,Ezequiel Tovar,COL,Ahead (Hitter),548,0.166,0.575,62.0,16.0,3.0,0.34,0.475,0.574,1.05,0.454,0.496,0.0,0.272,0.51,90.9
678662,Ezequiel Tovar,COL,Behind (Hitter),459,0.139,0.673,49.0,13.0,1.0,0.277,0.265,0.426,0.691,0.327,0.348,0.0,0.246,0.286,84.9
678662,Ezequiel Tovar,COL,Even,1161,0.352,0.53,112.0,31.0,4.0,0.282,0.288,0.473,0.761,0.345,0.357,0.0,0.313,0.352,83.5
678662,Ezequiel Tovar,COL,Two-Strike,1132,0.343,0.666,270.0,38.0,4.0,0.153,0.204,0.23,0.434,0.199,0.189,0.463,0.228,0.256,85.7
694025,Felix Reyes,PHI,Ahead (Hitter),19,0.161,0.632,,,,,,,,,,,,,
694025,Felix Reyes,PHI,Behind (Hitter),16,0.136,0.688,,,,,,,,,,,,,
694025,Felix Reyes,PHI,Even,48,0.407,0.438,13.0,2.0,0.0,0.154,0.154,0.154,0.308,0.15,0.224,0.0,0.286,0.25,87.6
694025,Felix Reyes,PHI,Two-Strike,35,0.297,0.714,17.0,0.0,0.0,0.0,0.0,0.0,0.0,0.0,0.11,0.529,0.28,0.0,88.1
665487,Fernando Tatís,SD,Ahead (Hitter),1318,0.255,0.409,140.0,43.0,11.0,0.398,0.521,0.787,1.308,0.569,0.548,0.0,0.229,0.682,97.0
665487,Fernando Tatís,SD,Behind (Hitter),597,0.115,0.471,57.0,12.0,0.0,0.222,0.228,0.222,0.45,0.218,0.367,0.0,0.247,0.357,89.2
665487,Fernando Tatís,SD,Even,1906,0.368,0.409,170.0,60.0,6.0,0.359,0.361,0.575,0.936,0.412,0.415,0.0,0.236,0.479,89.4
665487,Fernando Tatís,SD,Two-Strike,1353,0.261,0.553,322.0,62.0,8.0,0.214,0.289,0.331,0.62,0.29,0.292,0.398,0.23,0.562,93.1
596019,Francisco Lindor,NYM,Ahead (Hitter),1086,0.224,0.464,95.0,19.0,7.0,0.253,0.411,0.587,0.997,0.442,0.485,0.0,0.227,0.56,93.5
596019,Francisco Lindor,NYM,Behind (Hitter),608,0.125,0.474,31.0,11.0,0.0,0.355,0.355,0.516,0.871,0.376,0.423,0.0,0.278,0.406,86.3
596019,Francisco Lindor,NYM,Even,1677,0.346,0.319,71.0,20.0,5.0,0.29,0.31,0.551,0.861,0.365,0.338,0.0,0.284,0.507,92.6
596019,Francisco Lindor,NYM,Two-Strike,1479,0.305,0.636,252.0,40.0,8.0,0.178,0.266,0.316,0.581,0.266,0.261,0.357,0.18,0.467,90.3
682626,Francisco Álvarez,NYM,Ahead (Hitter),661,0.233,0.398,67.0,17.0,4.0,0.327,0.478,0.635,1.112,0.498,0.5,0.0,0.34,0.51,92.2
682626,Francisco Álvarez,NYM,Behind (Hitter),350,0.123,0.537,30.0,9.0,0.0,0.31,0.333,0.414,0.747,0.358,0.362,0.0,0.349,0.483,88.7
682626,Francisco Álvarez,NYM,Even,959,0.338,0.366,65.0,24.0,7.0,0.381,0.4,0.762,1.162,0.499,0.492,0.0,0.332,0.484,90.7
682626,Francisco Álvarez,NYM,Two-Strike,869,0.306,0.565,250.0,37.0,5.0,0.164,0.24,0.248,0.488,0.232,0.23,0.504,0.277,0.45,90.5
518692,Freddie Freeman,LAD,Ahead (Hitter),1232,0.242,0.491,129.0,38.0,7.0,0.369,0.481,0.631,1.112,0.478,0.521,0.0,0.255,0.442,91.3
518692,Freddie Freeman,LAD,Behind (Hitter),588,0.115,0.444,48.0,20.0,2.0,0.417,0.417,0.625,1.042,0.45,0.449,0.0,0.221,0.438,90.3
518692,Freddie Freeman,LAD,Even,1793,0.352,0.424,120.0,44.0,4.0,0.37,0.367,0.538,0.904,0.39,0.387,0.0,0.232,0.45,90.2
518692,Freddie Freeman,LAD,Two-Strike,1478,0.29,0.639,345.0,63.0,3.0,0.212,0.31,0.296,0.606,0.279,0.289,0.319,0.171,0.363,87.7
666023,Freddy Fermin,SD,Ahead (Hitter),451,0.189,0.539,40.0,5.0,0.0,0.152,0.3,0.212,0.512,0.275,0.347,0.0,0.215,0.394,90.7
666023,Freddy Fermin,SD,Behind (Hitter),296,0.124,0.5,21.0,6.0,0.0,0.3,0.286,0.4,0.686,0.29,0.334,0.0,0.267,0.286,90.0
666023,Freddy Fermin,SD,Even,849,0.356,0.428,57.0,15.0,4.0,0.294,0.283,0.608,0.891,0.44,0.322,0.0,0.308,0.304,81.8
666023,Freddy Fermin,SD,Two-Strike,790,0.331,0.599,142.0,19.0,0.0,0.152,0.254,0.192,0.446,0.221,0.221,0.38,0.203,0.243,84.8
672356,Gabriel Arias,CHC,Ahead (Hitter),412,0.175,0.575,18.0,6.0,1.0,0.462,0.611,0.769,1.38,0.632,0.596,0.0,0.512,0.5,95.8
672356,Gabriel Arias,CHC,Behind (Hitter),326,0.138,0.525,13.0,7.0,0.0,0.538,0.538,0.615,1.154,0.512,0.396,0.0,0.4,0.462,91.8
672356,Gabriel Arias,CHC,Even,848,0.36,0.505,22.0,10.0,3.0,0.455,0.455,0.909,1.364,0.575,0.566,0.0,0.429,0.478,92.2
672356,Gabriel Arias,CHC,Two-Strike,769,0.327,0.623,93.0,11.0,1.0,0.121,0.14,0.154,0.294,0.133,0.131,0.645,0.456,0.355,84.4
694224,Gabriel Gonzalez,MIN,Even,17,0.395,0.471,,,,,,,,,,,,,
672515,Gabriel Moreno,AZ,Ahead (Hitter),875,0.239,0.334,116.0,23.0,6.0,0.311,0.517,0.635,1.152,0.489,0.479,0.0,0.117,0.41,89.5
672515,Gabriel Moreno,AZ,Behind (Hitter),453,0.124,0.461,53.0,25.0,4.0,0.481,0.472,0.846,1.318,0.554,0.482,0.0,0.159,0.528,93.5
672515,Gabriel Moreno,AZ,Even,1214,0.331,0.236,54.0,16.0,1.0,0.308,0.315,0.481,0.796,0.339,0.356,0.0,0.192,0.444,89.7
672515,Gabriel Moreno,AZ,Two-Strike,1122,0.306,0.672,312.0,79.0,4.0,0.279,0.337,0.378,0.715,0.324,0.3,0.25,0.119,0.38,87.7
687282,Gabriel Rincones,PHI,Ahead (Hitter),51,0.148,0.588,10.0,4.0,1.0,0.5,0.5,1.0,1.5,0.575,0.417,0.0,0.367,0.545,99.8
687282,Gabriel Rincones,PHI,Behind (Hitter),46,0.134,0.522,,,,,,,,,,,,,
687282,Gabriel Rincones,PHI,Even,121,0.352,0.496,18.0,7.0,0.0,0.412,0.444,0.588,1.033,0.447,0.387,0.0,0.267,0.412,90.0
687282,Gabriel Rincones,PHI,Two-Strike,126,0.366,0.667,55.0,3.0,1.0,0.057,0.091,0.113,0.204,0.111,0.108,0.527,0.238,0.24,86.4
669398,Gage Workman,SD,Ahead (Hitter),32,0.158,0.719,,,,,,,,,,,,,
669398,Gage Workman,SD,Behind (Hitter),33,0.163,0.576,,,,,,,,,,,,,
669398,Gage Workman,SD,Even,81,0.401,0.469,,,,,,,,,,,,,
669398,Gage Workman,SD,Two-Strike,56,0.277,0.714,21.0,0.0,0.0,0.0,0.0,0.0,0.0,0.0,0.143,0.81,0.5,0.5,98.5
669003,Garrett Mitchell,MIL,Ahead (Hitter),522,0.219,0.475,105.0,36.0,6.0,0.468,0.61,0.883,1.493,0.614,0.611,0.0,0.309,0.539,93.6
669003,Garrett Mitchell,MIL,Behind (Hitter),294,0.123,0.442,34.0,12.0,1.0,0.375,0.412,0.656,1.068,0.506,0.432,0.0,0.402,0.562,94.1
669003,Garrett Mitchell,MIL,Even,842,0.354,0.356,88.0,35.0,3.0,0.412,0.419,0.6,1.019,0.462,0.475,0.0,0.328,0.524,92.1
669003,Garrett Mitchell,MIL,Two-Strike,723,0.304,0.498,290.0,35.0,1.0,0.135,0.224,0.189,0.413,0.201,0.215,0.559,0.32,0.505,92.1
596117,Garrett Stubbs,PHI,Ahead (Hitter),53,0.228,0.509,14.0,0.0,0.0,0.0,0.143,0.0,0.143,0.1,0.239,0.0,0.154,0.167,82.6
596117,Garrett Stubbs,PHI,Behind (Hitter),29,0.125,0.414,,,,,,,,,,,,,
596117,Garrett Stubbs,PHI,Even,89,0.384,0.438,10.0,2.0,0.0,0.222,0.2,0.222,0.422,0.18,0.126,0.0,0.158,0.2,81.8
596117,Garrett Stubbs,PHI,Two-Strike,61,0.263,0.721,32.0,4.0,0.0,0.129,0.156,0.129,0.285,0.162,0.156,0.438,0.279,0.176,80.2
596142,Gary Sánchez,MIL,Ahead (Hitter),372,0.244,0.29,50.0,6.0,2.0,0.214,0.56,0.464,1.024,0.477,0.487,0.0,0.25,0.37,90.0
596142,Gary Sánchez,MIL,Behind (Hitter),187,0.123,0.471,21.0,8.0,2.0,0.381,0.381,0.714,1.095,0.464,0.346,0.0,0.406,0.333,84.7
596142,Gary Sánchez,MIL,Even,520,0.341,0.252,44.0,12.0,3.0,0.3,0.341,0.625,0.966,0.4,0.441,0.0,0.253,0.366,89.0
596142,Gary Sánchez,MIL,Two-Strike,444,0.292,0.554,149.0,19.0,4.0,0.15,0.275,0.291,0.567,0.262,0.264,0.362,0.212,0.347,87.2
657757,Gavin Sheets,SD,Ahead (Hitter),1006,0.248,0.338,75.0,10.0,2.0,0.208,0.493,0.354,0.848,0.406,0.486,0.0,0.211,0.354,85.3
657757,Gavin Sheets,SD,Behind (Hitter),469,0.116,0.522,41.0,20.0,5.0,0.488,0.488,1.024,1.512,0.633,0.413,0.0,0.227,0.439,88.9
657757,Gavin Sheets,SD,Even,1366,0.337,0.283,60.0,15.0,5.0,0.259,0.283,0.517,0.801,0.352,0.381,0.0,0.195,0.446,89.6
657757,Gavin Sheets,SD,Two-Strike,1218,0.3,0.665,238.0,30.0,4.0,0.142,0.231,0.232,0.463,0.216,0.232,0.353,0.162,0.357,86.7
806146,George Lombard,NYY,Ahead (Hitter),126,0.202,0.46,32.0,11.0,2.0,0.423,0.5,0.692,1.192,0.498,0.404,0.0,0.121,0.333,85.8
806146,George Lombard,NYY,Behind (Hitter),81,0.13,0.444,,,,,,,,,,,,,
806146,George Lombard,NYY,Even,228,0.365,0.333,29.0,8.0,0.0,0.286,0.276,0.357,0.633,0.272,0.384,0.0,0.25,0.345,86.7
806146,George Lombard,NYY,Two-Strike,189,0.303,0.603,88.0,11.0,4.0,0.133,0.182,0.277,0.459,0.202,0.193,0.477,0.289,0.333,85.5
543807,George Springer,TOR,Ahead (Hitter),1022,0.237,0.462,114.0,27.0,5.0,0.297,0.43,0.527,0.957,0.431,0.42,0.0,0.237,0.424,90.2
543807,George Springer,TOR,Behind (Hitter),516,0.119,0.459,41.0,11.0,0.0,0.282,0.293,0.359,0.652,0.284,0.253,0.0,0.193,0.275,86.1
543807,George Springer,TOR,Even,1519,0.352,0.392,93.0,26.0,2.0,0.283,0.29,0.457,0.747,0.32,0.305,0.0,0.238,0.402,89.6
543807,George Springer,TOR,Two-Strike,1264,0.293,0.578,262.0,50.0,8.0,0.212,0.29,0.343,0.633,0.302,0.262,0.351,0.186,0.371,87.4
671655,George Valera,CLE,Ahead (Hitter),83,0.257,0.494,,,,,,,,,,,,,
671655,George Valera,CLE,Behind (Hitter),36,0.111,0.528,,,,,,,,,,,,,
671655,George Valera,CLE,Even,112,0.347,0.339,11.0,3.0,0.0,0.273,0.273,0.273,0.545,0.245,0.257,0.0,0.105,0.273,86.6
671655,George Valera,CLE,Two-Strike,92,0.285,0.587,15.0,1.0,0.0,0.071,0.133,0.143,0.276,0.19,0.129,0.533,0.2,0.5,93.7
672695,Geraldo Perdomo,AZ,Ahead (Hitter),1407,0.242,0.328,144.0,23.0,1.0,0.232,0.458,0.303,0.761,0.373,0.4,0.0,0.126,0.301,86.3
672695,Geraldo Perdomo,AZ,Behind (Hitter),714,0.123,0.395,64.0,16.0,1.0,0.271,0.279,0.356,0.635,0.302,0.236,0.0,0.118,0.19,80.5
672695,Geraldo Perdomo,AZ,Even,2001,0.344,0.242,105.0,33.0,1.0,0.344,0.347,0.5,0.847,0.386,0.327,0.0,0.12,0.35,83.4
672695,Geraldo Perdomo,AZ,Two-Strike,1694,0.291,0.602,345.0,69.0,6.0,0.236,0.345,0.349,0.694,0.331,0.311,0.241,0.09,0.335,87.4
519317,Giancarlo Stanton,NYY,Ahead (Hitter),411,0.256,0.409,18.0,5.0,2.0,0.333,0.444,0.867,1.311,0.528,0.513,0.0,0.326,0.533,96.3
519317,Giancarlo Stanton,NYY,Behind (Hitter),186,0.116,0.387,10.0,4.0,0.0,0.4,0.4,0.6,1.0,0.43,0.41,0.0,0.381,0.3,89.1
519317,Giancarlo Stanton,NYY,Even,555,0.346,0.295,14.0,6.0,1.0,0.429,0.429,0.714,1.143,0.489,0.569,0.0,0.319,0.5,96.7
519317,Giancarlo Stanton,NYY,Two-Strike,454,0.283,0.599,54.0,8.0,0.0,0.157,0.204,0.176,0.38,0.195,0.184,0.537,0.387,0.409,93.3
650402,Gleyber Torres,DET,Ahead (Hitter),1010,0.228,0.401,82.0,21.0,3.0,0.328,0.476,0.562,1.038,0.472,0.438,0.0,0.182,0.381,86.8
650402,Gleyber Torres,DET,Behind (Hitter),503,0.113,0.356,26.0,12.0,1.0,0.462,0.462,0.615,1.077,0.471,0.327,0.0,0.167,0.308,86.3
650402,Gleyber Torres,DET,Even,1516,0.342,0.35,75.0,23.0,2.0,0.315,0.32,0.452,0.772,0.345,0.359,0.0,0.285,0.324,86.2
650402,Gleyber Torres,DET,Two-Strike,1410,0.318,0.506,235.0,37.0,2.0,0.189,0.319,0.23,0.549,0.267,0.275,0.345,0.166,0.293,86.0
688363,Graham Pauley,MIA,Ahead (Hitter),304,0.235,0.428,24.0,6.0,1.0,0.261,0.292,0.478,0.77,0.367,0.3,0.0,0.148,0.261,87.2
688363,Graham Pauley,MIA,Behind (Hitter),171,0.132,0.52,13.0,5.0,0.0,0.455,0.417,0.455,0.871,0.45,0.213,0.0,0.231,0.077,74.5
688363,Graham Pauley,MIA,Even,464,0.359,0.392,28.0,7.0,1.0,0.259,0.259,0.481,0.741,0.354,0.282,0.0,0.241,0.25,82.2
688363,Graham Pauley,MIA,Two-Strike,353,0.273,0.603,85.0,11.0,2.0,0.143,0.224,0.299,0.522,0.233,0.22,0.435,0.217,0.325,85.9
687529,Grant Mccray,SF,Ahead (Hitter),103,0.211,0.427,17.0,2.0,0.0,0.167,0.412,0.167,0.578,0.312,0.523,0.0,0.212,0.5,95.1
687529,Grant Mccray,SF,Behind (Hitter),63,0.129,0.381,,,,,,,,,,,,,
687529,Grant Mccray,SF,Even,164,0.337,0.354,12.0,1.0,0.0,0.091,0.091,0.273,0.364,0.27,0.304,0.0,0.447,0.182,65.5
687529,Grant Mccray,SF,Two-Strike,157,0.322,0.535,54.0,5.0,1.0,0.102,0.185,0.204,0.389,0.181,0.19,0.5,0.306,0.318,86.2
675659,Greg Jones,MIL,Even,38,0.422,0.316,,,,,,,,,,,,,
675659,Greg Jones,MIL,Two-Strike,25,0.278,0.76,14.0,0.0,0.0,0.0,0.0,0.0,0.0,0.0,0.11,0.714,0.588,0.25,82.8
665052,Griffin Conine,MIA,Ahead (Hitter),335,0.22,0.501,60.0,19.0,6.0,0.432,0.583,0.886,1.47,0.593,0.612,0.0,0.298,0.545,94.7
665052,Griffin Conine,MIA,Behind (Hitter),209,0.137,0.536,29.0,9.0,2.0,0.31,0.31,0.552,0.862,0.367,0.344,0.0,0.314,0.276,85.2
665052,Griffin Conine,MIA,Even,554,0.364,0.374,53.0,19.0,5.0,0.38,0.415,0.74,1.155,0.486,0.505,0.0,0.347,0.58,93.2
665052,Griffin Conine,MIA,Two-Strike,423,0.278,0.574,167.0,23.0,4.0,0.155,0.251,0.25,0.501,0.24,0.225,0.551,0.404,0.464,89.0
683002,Gunnar Henderson,BAL,Ahead (Hitter),1210,0.228,0.481,138.0,28.0,7.0,0.255,0.406,0.5,0.906,0.421,0.428,0.0,0.196,0.444,88.6
683002,Gunnar Henderson,BAL,Behind (Hitter),670,0.126,0.49,67.0,22.0,2.0,0.333,0.343,0.53,0.874,0.389,0.415,0.0,0.201,0.409,90.1
683002,Gunnar Henderson,BAL,Even,1894,0.357,0.352,126.0,46.0,10.0,0.371,0.381,0.734,1.115,0.48,0.387,0.0,0.218,0.52,91.6
683002,Gunnar Henderson,BAL,Two-Strike,1530,0.288,0.606,366.0,43.0,5.0,0.134,0.235,0.215,0.45,0.226,0.244,0.418,0.216,0.367,87.4
672569,Gustavo Campero,LAA,Ahead (Hitter),73,0.225,0.466,,,,,,,,,,,,,
672569,Gustavo Campero,LAA,Behind (Hitter),39,0.12,0.59,,,,,,,,,,,,,
672569,Gustavo Campero,LAA,Even,111,0.343,0.297,,,,,,,,,,,,,
672569,Gustavo Campero,LAA,Two-Strike,101,0.312,0.653,,,,,,,,,,,,,
673490,Ha-Seong Kim,ATL,Ahead (Hitter),301,0.218,0.306,19.0,2.0,0.0,0.143,0.368,0.214,0.583,0.297,0.328,0.0,0.1,0.125,80.7
673490,Ha-Seong Kim,ATL,Behind (Hitter),173,0.125,0.306,,,,,,,,,,,,,
673490,Ha-Seong Kim,ATL,Even,476,0.344,0.294,21.0,5.0,0.0,0.25,0.286,0.25,0.536,0.248,0.283,0.0,0.23,0.4,87.0
673490,Ha-Seong Kim,ATL,Two-Strike,433,0.313,0.647,88.0,6.0,0.0,0.075,0.159,0.075,0.234,0.125,0.17,0.409,0.19,0.205,84.9
701678,Hao-Yu Lee,DET,Ahead (Hitter),277,0.208,0.495,68.0,23.0,3.0,0.383,0.441,0.667,1.108,0.479,0.458,0.0,0.19,0.475,91.2
701678,Hao-Yu Lee,DET,Behind (Hitter),179,0.135,0.503,31.0,9.0,0.0,0.29,0.29,0.419,0.71,0.306,0.318,0.0,0.278,0.258,84.5
701678,Hao-Yu Lee,DET,Even,476,0.358,0.351,68.0,31.0,5.0,0.47,0.463,0.758,1.22,0.536,0.408,0.0,0.269,0.397,89.1
701678,Hao-Yu Lee,DET,Two-Strike,398,0.299,0.58,182.0,22.0,2.0,0.137,0.231,0.211,0.442,0.209,0.203,0.462,0.264,0.442,90.2
664056,Harrison Bader,SF,Ahead (Hitter),487,0.206,0.466,21.0,4.0,2.0,0.222,0.286,0.611,0.897,0.36,0.416,0.0,0.222,0.421,91.2
664056,Harrison Bader,SF,Behind (Hitter),316,0.134,0.434,11.0,2.0,1.0,0.182,0.182,0.455,0.636,0.264,0.407,0.0,0.257,0.455,88.6
664056,Harrison Bader,SF,Even,883,0.374,0.383,15.0,4.0,0.0,0.267,0.267,0.467,0.733,0.31,0.354,0.0,0.365,0.4,87.1
664056,Harrison Bader,SF,Two-Strike,677,0.287,0.666,64.0,8.0,2.0,0.129,0.156,0.242,0.398,0.188,0.182,0.531,0.309,0.393,89.3
695670,Harry Ford,WSH,Ahead (Hitter),134,0.247,0.5,27.0,7.0,3.0,0.292,0.37,0.75,1.12,0.546,0.436,0.0,0.246,0.565,92.7
695670,Harry Ford,WSH,Behind (Hitter),56,0.103,0.339,,,,,,,,,,,,,
695670,Harry Ford,WSH,Even,186,0.343,0.317,16.0,4.0,0.0,0.25,0.25,0.312,0.562,0.247,0.242,0.0,0.273,0.188,79.8
695670,Harry Ford,WSH,Two-Strike,166,0.306,0.53,70.0,6.0,0.0,0.107,0.286,0.161,0.446,0.232,0.248,0.4,0.222,0.25,82.2
663584,Hayden Senger,NYM,Ahead (Hitter),40,0.13,0.7,,,,,,,,,,,,,
663584,Hayden Senger,NYM,Behind (Hitter),52,0.169,0.673,,,,,,,,,,,,,
663584,Hayden Senger,NYM,Even,127,0.412,0.402,,,,,,,,,,,,,
663584,Hayden Senger,NYM,Two-Strike,89,0.289,0.629,,,,,,,,,,,,,
671218,Heliot Ramos,NYY,Ahead (Hitter),857,0.196,0.522,71.0,16.0,3.0,0.258,0.352,0.435,0.788,0.371,0.423,0.0,0.232,0.468,90.6
671218,Heliot Ramos,NYY,Behind (Hitter),588,0.135,0.543,35.0,11.0,2.0,0.333,0.371,0.606,0.977,0.416,0.473,0.0,0.297,0.515,90.6
671218,Heliot Ramos,NYY,Even,1580,0.361,0.364,73.0,26.0,4.0,0.371,0.384,0.657,1.041,0.438,0.476,0.0,0.25,0.493,94.0
671218,Heliot Ramos,NYY,Two-Strike,1346,0.308,0.582,247.0,41.0,4.0,0.181,0.247,0.292,0.539,0.253,0.235,0.474,0.269,0.486,92.3
703607,Henry Bolte,ATH,Ahead (Hitter),329,0.193,0.535,71.0,25.0,4.0,0.431,0.535,0.707,1.242,0.539,0.463,0.0,0.284,0.508,91.4
703607,Henry Bolte,ATH,Behind (Hitter),229,0.134,0.533,42.0,20.0,2.0,0.513,0.548,0.718,1.266,0.59,0.476,0.0,0.27,0.564,92.0
703607,Henry Bolte,ATH,Even,623,0.365,0.47,99.0,31.0,2.0,0.337,0.367,0.478,0.846,0.388,0.396,0.0,0.311,0.442,88.9
703607,Henry Bolte,ATH,Two-Strike,527,0.309,0.491,241.0,35.0,3.0,0.167,0.274,0.234,0.508,0.246,0.216,0.523,0.328,0.457,89.8
680779,Henry Davis,PIT,Ahead (Hitter),394,0.182,0.548,54.0,9.0,3.0,0.243,0.481,0.514,0.995,0.451,0.491,0.0,0.243,0.417,91.4
680779,Henry Davis,PIT,Behind (Hitter),289,0.134,0.526,32.0,5.0,2.0,0.179,0.226,0.393,0.619,0.277,0.27,0.0,0.253,0.241,79.4
680779,Henry Davis,PIT,Even,790,0.365,0.473,57.0,11.0,2.0,0.2,0.2,0.345,0.545,0.273,0.333,0.0,0.277,0.474,87.6
680779,Henry Davis,PIT,Two-Strike,690,0.319,0.59,149.0,17.0,3.0,0.13,0.228,0.221,0.45,0.218,0.211,0.403,0.183,0.417,90.3
681715,Heriberto Hernandez,MIA,Ahead (Hitter),760,0.245,0.412,85.0,27.0,6.0,0.429,0.576,0.794,1.37,0.588,0.593,0.0,0.283,0.587,93.7
681715,Heriberto Hernandez,MIA,Behind (Hitter),369,0.119,0.469,41.0,13.0,2.0,0.317,0.317,0.488,0.805,0.413,0.408,0.0,0.248,0.439,88.9
681715,Heriberto Hernandez,MIA,Even,1090,0.352,0.398,96.0,22.0,6.0,0.232,0.24,0.453,0.692,0.312,0.365,0.0,0.338,0.432,90.6
681715,Heriberto Hernandez,MIA,Two-Strike,880,0.284,0.537,265.0,36.0,10.0,0.155,0.257,0.323,0.58,0.267,0.255,0.491,0.309,0.447,91.2
677008,Heston Kjerstad,BAL,Ahead (Hitter),124,0.18,0.605,,,,,,,,,,,,,
677008,Heston Kjerstad,BAL,Behind (Hitter),86,0.125,0.558,,,,,,,,,,,,,
677008,Heston Kjerstad,BAL,Even,250,0.364,0.5,,,,,,,,,,,,,
677008,Heston Kjerstad,BAL,Two-Strike,227,0.33,0.621,12.0,1.0,0.0,0.083,0.083,0.083,0.167,0.075,0.093,0.75,0.417,0.333,82.9
676439,Hunter Feduccia,LAD,Ahead (Hitter),325,0.222,0.462,47.0,9.0,1.0,0.281,0.489,0.438,0.926,0.431,0.466,0.0,0.259,0.412,87.9
676439,Hunter Feduccia,LAD,Behind (Hitter),174,0.119,0.42,15.0,7.0,1.0,0.5,0.5,0.714,1.214,0.543,0.38,0.0,0.14,0.267,76.1
676439,Hunter Feduccia,LAD,Even,496,0.339,0.292,42.0,13.0,1.0,0.317,0.317,0.439,0.756,0.356,0.441,0.0,0.129,0.405,87.1
676439,Hunter Feduccia,LAD,Two-Strike,466,0.319,0.545,137.0,19.0,0.0,0.157,0.248,0.215,0.463,0.226,0.223,0.423,0.247,0.381,89.0
696100,Hunter Goodman,COL,Ahead (Hitter),818,0.192,0.537,96.0,24.0,8.0,0.348,0.51,0.739,1.25,0.549,0.499,0.0,0.3,0.449,87.5
696100,Hunter Goodman,COL,Behind (Hitter),562,0.132,0.553,44.0,20.0,3.0,0.455,0.455,0.75,1.205,0.536,0.462,0.0,0.36,0.5,94.2
696100,Hunter Goodman,COL,Even,1551,0.365,0.485,108.0,33.0,10.0,0.311,0.315,0.679,0.994,0.425,0.396,0.0,0.288,0.449,89.9
696100,Hunter Goodman,COL,Two-Strike,1319,0.31,0.614,307.0,45.0,17.0,0.158,0.215,0.363,0.578,0.255,0.218,0.564,0.34,0.425,89.4
808975,Hyeseong Kim,LAD,Ahead (Hitter),197,0.168,0.482,24.0,7.0,1.0,0.368,0.5,0.579,1.079,0.469,0.438,0.0,0.2,0.263,86.4
808975,Hyeseong Kim,LAD,Behind (Hitter),182,0.155,0.538,12.0,4.0,0.0,0.333,0.333,0.333,0.667,0.3,0.382,0.0,0.295,0.417,92.3
808975,Hyeseong Kim,LAD,Even,426,0.363,0.326,22.0,9.0,0.0,0.429,0.409,0.476,0.885,0.384,0.442,0.0,0.2,0.273,83.3
808975,Hyeseong Kim,LAD,Two-Strike,370,0.315,0.651,73.0,10.0,0.0,0.154,0.233,0.2,0.433,0.214,0.204,0.425,0.276,0.176,84.7
699302,Héctor Rodríguez,CIN,Ahead (Hitter),88,0.176,0.489,20.0,4.0,2.0,0.286,0.5,0.714,1.214,0.5,0.489,0.0,0.233,0.286,85.9
699302,Héctor Rodríguez,CIN,Behind (Hitter),73,0.146,0.603,13.0,4.0,2.0,0.308,0.308,0.769,1.077,0.446,0.394,0.0,0.227,0.385,88.9
699302,Héctor Rodríguez,CIN,Even,188,0.377,0.484,31.0,8.0,0.0,0.258,0.258,0.323,0.581,0.284,0.21,0.0,0.286,0.355,87.3
699302,Héctor Rodríguez,CIN,Two-Strike,150,0.301,0.66,72.0,11.0,1.0,0.157,0.181,0.243,0.423,0.197,0.165,0.514,0.303,0.303,87.2
664023,Ian Happ,CHC,Ahead (Hitter),1312,0.244,0.371,124.0,31.0,6.0,0.348,0.524,0.629,1.153,0.519,0.476,0.0,0.189,0.471,92.0
664023,Ian Happ,CHC,Behind (Hitter),622,0.116,0.439,46.0,15.0,4.0,0.333,0.348,0.622,0.97,0.451,0.49,0.0,0.348,0.442,87.6
664023,Ian Happ,CHC,Even,1839,0.342,0.358,90.0,27.0,8.0,0.31,0.326,0.69,1.015,0.446,0.375,0.0,0.307,0.341,87.5
664023,Ian Happ,CHC,Two-Strike,1599,0.298,0.566,365.0,45.0,6.0,0.141,0.249,0.245,0.494,0.235,0.225,0.507,0.273,0.429,88.8
545121,Ildemaro Vargas,AZ,Ahead (Hitter),491,0.23,0.436,109.0,33.0,6.0,0.379,0.486,0.667,1.153,0.515,0.448,0.0,0.066,0.512,91.3
545121,Ildemaro Vargas,AZ,Behind (Hitter),302,0.141,0.596,64.0,17.0,1.0,0.266,0.266,0.328,0.594,0.262,0.328,0.0,0.153,0.25,84.9
545121,Ildemaro Vargas,AZ,Even,819,0.383,0.319,102.0,35.0,1.0,0.347,0.347,0.485,0.832,0.381,0.301,0.0,0.205,0.382,87.1
545121,Ildemaro Vargas,AZ,Two-Strike,524,0.245,0.767,209.0,30.0,1.0,0.149,0.177,0.213,0.39,0.188,0.207,0.225,0.101,0.273,84.5
686555,Isaac Collins,KC,Ahead (Hitter),915,0.24,0.414,112.0,19.0,2.0,0.244,0.464,0.436,0.9,0.41,0.44,0.0,0.155,0.487,90.1
686555,Isaac Collins,KC,Behind (Hitter),453,0.119,0.382,34.0,10.0,1.0,0.323,0.344,0.484,0.828,0.372,0.372,0.0,0.281,0.242,78.7
686555,Isaac Collins,KC,Even,1349,0.353,0.311,94.0,28.0,1.0,0.315,0.333,0.449,0.783,0.341,0.295,0.0,0.152,0.407,86.3
686555,Isaac Collins,KC,Two-Strike,1102,0.289,0.543,270.0,36.0,2.0,0.153,0.256,0.22,0.476,0.237,0.223,0.43,0.224,0.358,87.8
670623,Isaac Paredes,HOU,Ahead (Hitter),1126,0.235,0.387,138.0,27.0,7.0,0.281,0.478,0.552,1.03,0.446,0.423,0.0,0.159,0.357,88.1
670623,Isaac Paredes,HOU,Behind (Hitter),535,0.112,0.389,49.0,16.0,2.0,0.34,0.367,0.511,0.878,0.382,0.339,0.0,0.155,0.404,87.4
670623,Isaac Paredes,HOU,Even,1583,0.331,0.275,87.0,31.0,4.0,0.383,0.414,0.667,1.08,0.472,0.338,0.0,0.195,0.407,87.9
670623,Isaac Paredes,HOU,Two-Strike,1539,0.322,0.619,366.0,69.0,10.0,0.214,0.298,0.341,0.638,0.299,0.28,0.232,0.105,0.207,84.3
643396,Isiah Kiner-Falefa,BOS,Ahead (Hitter),411,0.183,0.513,37.0,13.0,0.0,0.433,0.541,0.5,1.041,0.468,0.491,0.0,0.065,0.467,88.1
643396,Isiah Kiner-Falefa,BOS,Behind (Hitter),336,0.149,0.491,18.0,1.0,0.0,0.059,0.059,0.059,0.118,0.065,0.163,0.0,0.088,0.105,70.7
643396,Isiah Kiner-Falefa,BOS,Even,870,0.386,0.349,35.0,12.0,2.0,0.364,0.364,0.606,0.97,0.455,0.285,0.0,0.234,0.194,78.5
643396,Isiah Kiner-Falefa,BOS,Two-Strike,634,0.282,0.644,82.0,11.0,0.0,0.153,0.256,0.167,0.423,0.213,0.24,0.305,0.173,0.239,81.5
671155,Ivan Johnson,CIN,Ahead (Hitter),16,0.222,0.438,,,,,,,,,,,,,
671155,Ivan Johnson,CIN,Even,26,0.361,0.423,,,,,,,,,,,,,
671155,Ivan Johnson,CIN,Two-Strike,19,0.264,0.526,11.0,0.0,0.0,0.0,0.182,0.0,0.182,0.127,0.167,0.636,0.5,0.5,87.4
671056,Iván Herrera,STL,Ahead (Hitter),983,0.212,0.372,114.0,21.0,3.0,0.313,0.596,0.552,1.149,0.554,0.51,0.0,0.219,0.438,89.9
671056,Iván Herrera,STL,Behind (Hitter),601,0.13,0.403,60.0,17.0,3.0,0.288,0.3,0.542,0.842,0.357,0.347,0.0,0.181,0.458,90.0
671056,Iván Herrera,STL,Even,1627,0.351,0.363,128.0,37.0,7.0,0.325,0.391,0.57,0.961,0.432,0.424,0.0,0.212,0.475,91.3
671056,Iván Herrera,STL,Two-Strike,1428,0.308,0.599,394.0,69.0,5.0,0.197,0.277,0.263,0.54,0.261,0.252,0.332,0.17,0.345,88.2
641555,J. C. Escarra,NYY,Ahead (Hitter),185,0.248,0.449,24.0,6.0,0.0,0.333,0.458,0.444,0.903,0.438,0.486,0.0,0.268,0.3,89.7
641555,J. C. Escarra,NYY,Behind (Hitter),90,0.12,0.467,,,,,,,,,,,,,
641555,J. C. Escarra,NYY,Even,266,0.356,0.286,13.0,5.0,0.0,0.385,0.385,0.538,0.923,0.4,0.232,0.0,0.237,0.462,89.2
641555,J. C. Escarra,NYY,Two-Strike,206,0.276,0.626,45.0,4.0,0.0,0.091,0.111,0.159,0.27,0.139,0.157,0.4,0.279,0.308,87.5
641487,J. P. Crawford,SEA,Ahead (Hitter),1154,0.242,0.373,92.0,15.0,3.0,0.246,0.478,0.41,0.888,0.417,0.45,0.0,0.13,0.46,90.9
641487,J. P. Crawford,SEA,Behind (Hitter),551,0.116,0.361,24.0,7.0,1.0,0.35,0.435,0.6,1.035,0.452,0.394,0.0,0.183,0.333,82.1
641487,J. P. Crawford,SEA,Even,1644,0.345,0.318,89.0,22.0,3.0,0.253,0.27,0.379,0.649,0.283,0.326,0.0,0.139,0.348,84.7
641487,J. P. Crawford,SEA,Two-Strike,1415,0.297,0.592,268.0,44.0,6.0,0.19,0.299,0.299,0.597,0.276,0.267,0.351,0.151,0.29,87.3
592663,J. T. Realmuto,PHI,Ahead (Hitter),875,0.219,0.477,76.0,22.0,4.0,0.361,0.461,0.656,1.116,0.466,0.468,0.0,0.176,0.444,91.3
592663,J. T. Realmuto,PHI,Behind (Hitter),489,0.122,0.497,42.0,8.0,2.0,0.2,0.214,0.4,0.614,0.257,0.353,0.0,0.228,0.439,92.7
592663,J. T. Realmuto,PHI,Even,1411,0.352,0.348,79.0,20.0,2.0,0.278,0.316,0.389,0.705,0.332,0.345,0.0,0.261,0.351,87.0
592663,J. T. Realmuto,PHI,Two-Strike,1229,0.307,0.616,256.0,34.0,3.0,0.149,0.238,0.224,0.462,0.222,0.258,0.383,0.217,0.394,88.8
695506,Jac Caglianone,KC,Ahead (Hitter),561,0.201,0.499,78.0,27.0,6.0,0.422,0.526,0.812,1.338,0.553,0.582,0.0,0.219,0.578,94.8
695506,Jac Caglianone,KC,Behind (Hitter),363,0.13,0.521,46.0,19.0,3.0,0.432,0.457,0.75,1.207,0.512,0.472,0.0,0.288,0.591,94.5
695506,Jac Caglianone,KC,Even,1047,0.376,0.506,145.0,61.0,13.0,0.43,0.434,0.775,1.209,0.523,0.513,0.0,0.275,0.566,94.1
695506,Jac Caglianone,KC,Two-Strike,814,0.292,0.598,269.0,34.0,1.0,0.137,0.201,0.189,0.389,0.193,0.188,0.524,0.303,0.472,90.4
690291,Jace Jung,DET,Ahead (Hitter),55,0.211,0.364,,,,,,,,,,,,,
690291,Jace Jung,DET,Behind (Hitter),35,0.134,0.429,,,,,,,,,,,,,
690291,Jace Jung,DET,Even,98,0.375,0.439,,,,,,,,,,,,,
690291,Jace Jung,DET,Two-Strike,73,0.28,0.603,,,,,,,,,,,,,
694192,Jackson Chourio,MIL,Ahead (Hitter),759,0.178,0.435,72.0,13.0,2.0,0.232,0.403,0.411,0.813,0.396,0.435,0.0,0.191,0.434,92.5
694192,Jackson Chourio,MIL,Behind (Hitter),627,0.147,0.555,54.0,22.0,4.0,0.415,0.426,0.717,1.143,0.487,0.492,0.0,0.241,0.547,93.0
694192,Jackson Chourio,MIL,Even,1558,0.364,0.438,116.0,47.0,10.0,0.412,0.405,0.754,1.16,0.502,0.482,0.0,0.26,0.543,93.0
694192,Jackson Chourio,MIL,Two-Strike,1331,0.311,0.588,316.0,63.0,8.0,0.216,0.278,0.333,0.612,0.277,0.243,0.421,0.235,0.399,89.8
702616,Jackson Holliday,BAL,Ahead (Hitter),851,0.224,0.451,76.0,14.0,2.0,0.241,0.421,0.379,0.8,0.38,0.455,0.0,0.2,0.298,87.3
702616,Jackson Holliday,BAL,Behind (Hitter),486,0.128,0.463,28.0,8.0,0.0,0.296,0.286,0.296,0.582,0.257,0.332,0.0,0.329,0.286,85.9
702616,Jackson Holliday,BAL,Even,1389,0.365,0.385,78.0,28.0,5.0,0.368,0.364,0.671,1.035,0.449,0.395,0.0,0.218,0.385,86.9
702616,Jackson Holliday,BAL,Two-Strike,1077,0.283,0.558,172.0,22.0,0.0,0.141,0.209,0.167,0.376,0.181,0.169,0.483,0.237,0.315,86.0
701538,Jackson Merrill,SD,Ahead (Hitter),819,0.194,0.615,116.0,41.0,4.0,0.414,0.483,0.636,1.119,0.5,0.489,0.0,0.211,0.566,93.5
701538,Jackson Merrill,SD,Behind (Hitter),556,0.132,0.525,44.0,12.0,1.0,0.293,0.31,0.439,0.749,0.335,0.382,0.0,0.222,0.488,85.8
701538,Jackson Merrill,SD,Even,1559,0.369,0.496,135.0,42.0,9.0,0.318,0.323,0.568,0.891,0.396,0.443,0.0,0.299,0.493,91.0
701538,Jackson Merrill,SD,Two-Strike,1293,0.306,0.638,358.0,57.0,12.0,0.171,0.223,0.326,0.55,0.252,0.259,0.436,0.233,0.444,90.2
694378,Jacob Gonzalez,PIT,Ahead (Hitter),150,0.174,0.52,34.0,9.0,1.0,0.29,0.324,0.484,0.807,0.343,0.421,0.0,0.141,0.375,87.5
694378,Jacob Gonzalez,PIT,Behind (Hitter),116,0.135,0.543,17.0,5.0,1.0,0.357,0.438,0.571,1.009,0.45,0.406,0.0,0.238,0.333,86.5
694378,Jacob Gonzalez,PIT,Even,302,0.35,0.474,47.0,13.0,3.0,0.283,0.298,0.565,0.863,0.364,0.368,0.0,0.245,0.5,92.0
694378,Jacob Gonzalez,PIT,Two-Strike,294,0.341,0.66,122.0,18.0,1.0,0.161,0.23,0.205,0.435,0.205,0.232,0.344,0.134,0.296,85.2
805779,Jacob Wilson,ATH,Ahead (Hitter),617,0.215,0.462,57.0,13.0,0.0,0.277,0.404,0.34,0.744,0.362,0.381,0.0,0.107,0.255,81.5
805779,Jacob Wilson,ATH,Behind (Hitter),420,0.146,0.579,39.0,10.0,1.0,0.256,0.256,0.385,0.641,0.346,0.295,0.0,0.223,0.359,88.5
805779,Jacob Wilson,ATH,Even,1156,0.402,0.413,96.0,36.0,5.0,0.379,0.379,0.621,1.0,0.431,0.358,0.0,0.098,0.378,86.0
805779,Jacob Wilson,ATH,Two-Strike,683,0.237,0.723,142.0,25.0,1.0,0.184,0.211,0.243,0.454,0.222,0.189,0.275,0.126,0.152,80.1
696285,Jacob Young,WSH,Ahead (Hitter),614,0.199,0.397,79.0,21.0,3.0,0.318,0.43,0.576,1.006,0.441,0.428,0.0,0.198,0.385,90.0
696285,Jacob Young,WSH,Behind (Hitter),457,0.148,0.492,63.0,22.0,0.0,0.355,0.355,0.419,0.774,0.374,0.335,0.0,0.183,0.27,86.0
696285,Jacob Young,WSH,Even,1133,0.368,0.319,101.0,23.0,2.0,0.247,0.265,0.355,0.62,0.297,0.337,0.0,0.218,0.265,82.7
696285,Jacob Young,WSH,Two-Strike,874,0.284,0.554,220.0,37.0,5.0,0.192,0.286,0.332,0.618,0.29,0.263,0.345,0.186,0.342,87.9
663330,Jahmai Jones,BOS,Ahead (Hitter),290,0.23,0.466,31.0,5.0,3.0,0.238,0.484,0.714,1.198,0.518,0.558,0.0,0.206,0.591,95.6
663330,Jahmai Jones,BOS,Behind (Hitter),153,0.121,0.464,12.0,4.0,1.0,0.364,0.417,0.636,1.053,0.45,0.504,0.0,0.293,0.455,90.1
663330,Jahmai Jones,BOS,Even,451,0.358,0.417,34.0,14.0,0.0,0.412,0.412,0.559,0.971,0.422,0.437,0.0,0.357,0.471,91.3
663330,Jahmai Jones,BOS,Two-Strike,367,0.291,0.54,97.0,10.0,2.0,0.114,0.196,0.205,0.4,0.197,0.189,0.577,0.404,0.281,86.3
641343,Jake Bauers,MIL,Ahead (Hitter),772,0.238,0.368,119.0,33.0,4.0,0.402,0.588,0.671,1.259,0.558,0.519,0.0,0.23,0.544,92.5
641343,Jake Bauers,MIL,Behind (Hitter),383,0.118,0.373,35.0,13.0,2.0,0.382,0.371,0.706,1.077,0.447,0.425,0.0,0.323,0.429,88.6
641343,Jake Bauers,MIL,Even,1111,0.342,0.359,94.0,39.0,11.0,0.424,0.436,0.837,1.273,0.545,0.508,0.0,0.289,0.532,92.5
641343,Jake Bauers,MIL,Two-Strike,982,0.302,0.507,307.0,36.0,9.0,0.143,0.293,0.266,0.559,0.265,0.274,0.485,0.277,0.528,93.0
669394,Jake Burger,TEX,Ahead (Hitter),706,0.197,0.45,101.0,26.0,5.0,0.347,0.495,0.613,1.108,0.47,0.479,0.0,0.32,0.558,92.9
669394,Jake Burger,TEX,Behind (Hitter),497,0.138,0.584,50.0,20.0,2.0,0.4,0.4,0.62,1.02,0.439,0.373,0.0,0.339,0.46,91.6
669394,Jake Burger,TEX,Even,1313,0.366,0.461,121.0,40.0,11.0,0.336,0.339,0.655,0.994,0.433,0.405,0.0,0.351,0.471,89.8
669394,Jake Burger,TEX,Two-Strike,1075,0.299,0.599,329.0,39.0,9.0,0.133,0.222,0.252,0.474,0.222,0.226,0.492,0.306,0.398,88.4
630105,Jake Cronenworth,SD,Ahead (Hitter),853,0.221,0.346,86.0,16.0,3.0,0.262,0.477,0.459,0.936,0.442,0.396,0.0,0.158,0.339,86.1
630105,Jake Cronenworth,SD,Behind (Hitter),483,0.125,0.507,42.0,15.0,0.0,0.366,0.381,0.488,0.869,0.401,0.333,0.0,0.254,0.317,87.6
630105,Jake Cronenworth,SD,Even,1283,0.332,0.313,73.0,16.0,1.0,0.232,0.243,0.319,0.562,0.268,0.287,0.0,0.155,0.306,81.4
630105,Jake Cronenworth,SD,Two-Strike,1247,0.323,0.594,212.0,35.0,3.0,0.178,0.236,0.239,0.474,0.22,0.207,0.429,0.206,0.24,85.8
641584,Jake Fraley,TB,Ahead (Hitter),295,0.236,0.529,23.0,8.0,0.0,0.421,0.522,0.579,1.101,0.48,0.379,0.0,0.245,0.211,86.8
641584,Jake Fraley,TB,Behind (Hitter),156,0.125,0.41,,,,,,,,,,,,,
641584,Jake Fraley,TB,Even,441,0.353,0.39,15.0,4.0,1.0,0.267,0.267,0.467,0.733,0.313,0.33,0.0,0.179,0.133,74.4
641584,Jake Fraley,TB,Two-Strike,358,0.286,0.52,55.0,5.0,0.0,0.1,0.182,0.18,0.362,0.187,0.174,0.509,0.203,0.238,87.9
663968,Jake Mangum,PIT,Ahead (Hitter),500,0.159,0.492,64.0,16.0,1.0,0.314,0.444,0.431,0.876,0.423,0.452,0.0,0.172,0.49,86.9
663968,Jake Mangum,PIT,Behind (Hitter),476,0.152,0.634,58.0,20.0,0.0,0.37,0.386,0.389,0.775,0.385,0.304,0.0,0.229,0.273,80.8
663968,Jake Mangum,PIT,Even,1173,0.373,0.523,101.0,35.0,3.0,0.361,0.374,0.577,0.951,0.421,0.327,0.0,0.215,0.29,82.5
663968,Jake Mangum,PIT,Two-Strike,992,0.316,0.704,239.0,43.0,1.0,0.197,0.264,0.243,0.507,0.247,0.224,0.372,0.151,0.188,83.9
664983,Jake Mccarthy,COL,Ahead (Hitter),548,0.199,0.531,116.0,36.0,4.0,0.379,0.47,0.674,1.143,0.486,0.459,0.0,0.186,0.398,86.9
664983,Jake Mccarthy,COL,Behind (Hitter),390,0.142,0.562,68.0,27.0,1.0,0.422,0.441,0.688,1.129,0.49,0.354,0.0,0.161,0.215,82.5
664983,Jake Mccarthy,COL,Even,1052,0.382,0.448,156.0,54.0,9.0,0.365,0.373,0.642,1.014,0.438,0.419,0.0,0.204,0.314,80.2
664983,Jake Mccarthy,COL,Two-Strike,761,0.277,0.637,237.0,40.0,1.0,0.178,0.219,0.244,0.464,0.214,0.191,0.388,0.193,0.201,82.4
676694,Jake Meyers,HOU,Ahead (Hitter),399,0.211,0.514,26.0,10.0,1.0,0.476,0.538,0.762,1.3,0.537,0.416,0.0,0.192,0.364,86.1
676694,Jake Meyers,HOU,Behind (Hitter),257,0.136,0.514,15.0,4.0,0.0,0.267,0.267,0.267,0.533,0.24,0.333,0.0,0.317,0.267,85.2
676694,Jake Meyers,HOU,Even,720,0.382,0.433,40.0,10.0,1.0,0.25,0.25,0.4,0.65,0.324,0.285,0.0,0.178,0.3,88.2
676694,Jake Meyers,HOU,Two-Strike,511,0.271,0.507,72.0,6.0,1.0,0.092,0.181,0.154,0.334,0.188,0.166,0.431,0.174,0.206,81.6
668670,Jake Rogers,CWS,Ahead (Hitter),245,0.195,0.408,32.0,3.0,0.0,0.136,0.355,0.182,0.537,0.285,0.376,0.0,0.22,0.333,84.0
668670,Jake Rogers,CWS,Behind (Hitter),163,0.13,0.405,10.0,4.0,1.0,0.4,0.4,0.8,1.2,0.561,0.405,0.0,0.25,0.556,92.2
668670,Jake Rogers,CWS,Even,454,0.361,0.372,33.0,8.0,1.0,0.25,0.242,0.344,0.586,0.252,0.273,0.0,0.227,0.303,84.6
668670,Jake Rogers,CWS,Two-Strike,396,0.315,0.51,97.0,8.0,2.0,0.1,0.247,0.225,0.472,0.227,0.217,0.526,0.287,0.4,90.1
805300,Jakob Marsee,MIA,Ahead (Hitter),768,0.239,0.393,131.0,25.0,7.0,0.266,0.469,0.543,1.012,0.445,0.444,0.0,0.087,0.394,87.8
805300,Jakob Marsee,MIA,Behind (Hitter),406,0.126,0.443,58.0,16.0,0.0,0.308,0.351,0.442,0.793,0.364,0.335,0.0,0.167,0.321,82.2
805300,Jakob Marsee,MIA,Even,1169,0.363,0.315,115.0,35.0,2.0,0.324,0.348,0.426,0.774,0.365,0.317,0.0,0.17,0.303,83.0
805300,Jakob Marsee,MIA,Two-Strike,876,0.272,0.524,300.0,39.0,2.0,0.154,0.283,0.232,0.516,0.253,0.246,0.42,0.213,0.359,87.3
543510,James Mccann,AZ,Ahead (Hitter),215,0.2,0.437,24.0,9.0,1.0,0.474,0.583,0.737,1.32,0.558,0.453,0.0,0.255,0.579,92.6
543510,James Mccann,AZ,Behind (Hitter),160,0.149,0.575,13.0,5.0,1.0,0.417,0.417,0.833,1.25,0.617,0.387,0.0,0.319,0.308,76.6
543510,James Mccann,AZ,Even,393,0.366,0.366,28.0,10.0,2.0,0.385,0.407,0.692,1.1,0.474,0.403,0.0,0.315,0.296,81.4
543510,James Mccann,AZ,Two-Strike,305,0.284,0.672,87.0,16.0,1.0,0.188,0.195,0.224,0.419,0.186,0.188,0.448,0.302,0.489,92.2
681546,James Outman,DET,Ahead (Hitter),242,0.187,0.492,22.0,5.0,1.0,0.294,0.455,0.471,0.925,0.414,0.427,0.0,0.349,0.294,84.1
681546,James Outman,DET,Behind (Hitter),173,0.133,0.405,,,,,,,,,,,,,
681546,James Outman,DET,Even,464,0.358,0.476,32.0,11.0,1.0,0.355,0.375,0.581,0.956,0.468,0.325,0.0,0.363,0.37,88.4
681546,James Outman,DET,Two-Strike,417,0.322,0.54,115.0,7.0,3.0,0.065,0.122,0.167,0.288,0.132,0.146,0.617,0.419,0.378,85.4
695578,James Wood,WSH,Ahead (Hitter),1413,0.257,0.36,140.0,33.0,6.0,0.359,0.579,0.63,1.209,0.591,0.612,0.0,0.265,0.59,96.7
695578,James Wood,WSH,Behind (Hitter),638,0.116,0.346,35.0,11.0,3.0,0.324,0.343,0.647,0.99,0.417,0.479,0.0,0.264,0.529,91.0
695578,James Wood,WSH,Even,1892,0.344,0.31,88.0,30.0,10.0,0.353,0.352,0.812,1.164,0.481,0.558,0.0,0.266,0.628,96.9
695578,James Wood,WSH,Two-Strike,1565,0.284,0.515,347.0,57.0,11.0,0.189,0.288,0.344,0.633,0.286,0.28,0.507,0.312,0.57,94.3
669707,Jared Triolo,PIT,Ahead (Hitter),559,0.201,0.413,56.0,15.0,3.0,0.326,0.446,0.587,1.033,0.46,0.442,0.0,0.22,0.326,82.8
669707,Jared Triolo,PIT,Behind (Hitter),358,0.128,0.48,32.0,6.0,0.0,0.194,0.194,0.226,0.419,0.244,0.236,0.0,0.257,0.323,85.0
669707,Jared Triolo,PIT,Even,1013,0.363,0.382,89.0,29.0,0.0,0.341,0.364,0.424,0.787,0.389,0.313,0.0,0.139,0.337,85.5
669707,Jared Triolo,PIT,Two-Strike,857,0.307,0.552,180.0,27.0,0.0,0.17,0.261,0.176,0.437,0.22,0.234,0.389,0.189,0.333,85.6
676724,Jared Young,NYM,Ahead (Hitter),379,0.249,0.501,72.0,29.0,4.0,0.483,0.556,0.833,1.389,0.574,0.508,0.0,0.244,0.705,97.1
676724,Jared Young,NYM,Behind (Hitter),174,0.114,0.529,24.0,8.0,1.0,0.348,0.333,0.522,0.855,0.398,0.325,0.0,0.244,0.417,89.7
676724,Jared Young,NYM,Even,549,0.361,0.348,76.0,24.0,3.0,0.329,0.342,0.521,0.863,0.381,0.338,0.0,0.22,0.405,85.8
676724,Jared Young,NYM,Two-Strike,420,0.276,0.59,171.0,21.0,1.0,0.137,0.228,0.209,0.437,0.219,0.233,0.363,0.192,0.371,87.5
672284,Jarred Kelenic,TEX,Ahead (Hitter),115,0.197,0.513,19.0,4.0,0.0,0.286,0.474,0.286,0.759,0.374,0.413,0.0,0.237,0.429,94.6
672284,Jarred Kelenic,TEX,Behind (Hitter),83,0.142,0.47,,,,,,,,,,,,,
672284,Jarred Kelenic,TEX,Even,205,0.351,0.39,11.0,2.0,0.0,0.182,0.182,0.273,0.455,0.195,0.512,0.0,0.357,0.727,96.5
672284,Jarred Kelenic,TEX,Two-Strike,181,0.31,0.547,46.0,5.0,0.0,0.122,0.217,0.122,0.339,0.174,0.18,0.674,0.392,0.3,82.7
680776,Jarren Duran,BOS,Ahead (Hitter),1046,0.216,0.496,117.0,29.0,7.0,0.305,0.414,0.611,1.024,0.446,0.476,0.0,0.249,0.475,90.1
680776,Jarren Duran,BOS,Behind (Hitter),647,0.134,0.58,56.0,17.0,3.0,0.321,0.327,0.566,0.893,0.394,0.361,0.0,0.358,0.283,85.8
680776,Jarren Duran,BOS,Even,1780,0.368,0.357,117.0,28.0,4.0,0.255,0.267,0.427,0.695,0.314,0.355,0.0,0.273,0.33,86.2
680776,Jarren Duran,BOS,Two-Strike,1364,0.282,0.602,305.0,37.0,6.0,0.13,0.184,0.214,0.398,0.185,0.202,0.538,0.348,0.458,91.1
687749,Jase Bowen,SD,Ahead (Hitter),64,0.185,0.453,11.0,1.0,1.0,0.111,0.273,0.444,0.717,0.309,0.425,0.0,0.379,0.556,92.5
687749,Jase Bowen,SD,Behind (Hitter),49,0.142,0.571,,,,,,,,,,,,,
687749,Jase Bowen,SD,Even,130,0.376,0.4,25.0,9.0,1.0,0.375,0.375,0.583,0.958,0.421,0.429,0.0,0.269,0.32,78.0
687749,Jase Bowen,SD,Two-Strike,103,0.298,0.612,55.0,3.0,0.0,0.058,0.109,0.096,0.205,0.1,0.128,0.691,0.444,0.333,86.4
691176,Jasson Domínguez,NYY,Ahead (Hitter),509,0.202,0.491,43.0,12.0,2.0,0.333,0.442,0.583,1.025,0.457,0.509,0.0,0.167,0.639,94.3
691176,Jasson Domínguez,NYY,Behind (Hitter),324,0.128,0.5,17.0,4.0,0.0,0.25,0.294,0.312,0.607,0.274,0.264,0.0,0.224,0.375,86.8
691176,Jasson Domínguez,NYY,Even,916,0.363,0.466,47.0,14.0,0.0,0.304,0.319,0.413,0.732,0.327,0.32,0.0,0.261,0.311,86.3
691176,Jasson Domínguez,NYY,Two-Strike,777,0.308,0.559,116.0,16.0,4.0,0.142,0.164,0.274,0.438,0.199,0.2,0.414,0.212,0.312,86.4
595879,Javier Báez,DET,Ahead (Hitter),379,0.171,0.617,29.0,8.0,1.0,0.308,0.379,0.462,0.841,0.402,0.362,0.0,0.37,0.231,86.0
595879,Javier Báez,DET,Behind (Hitter),349,0.157,0.547,22.0,9.0,1.0,0.429,0.455,0.762,1.216,0.514,0.349,0.0,0.293,0.238,84.5
595879,Javier Báez,DET,Even,863,0.389,0.429,43.0,11.0,0.0,0.268,0.279,0.366,0.645,0.279,0.309,0.0,0.304,0.357,86.0
595879,Javier Báez,DET,Two-Strike,629,0.283,0.674,97.0,15.0,1.0,0.16,0.186,0.234,0.42,0.187,0.189,0.412,0.202,0.4,84.5
691594,Javier Sanoja,MIA,Ahead (Hitter),536,0.188,0.448,88.0,22.0,1.0,0.306,0.42,0.417,0.837,0.397,0.368,0.0,0.105,0.356,87.7
691594,Javier Sanoja,MIA,Behind (Hitter),448,0.157,0.52,75.0,21.0,1.0,0.28,0.28,0.453,0.733,0.361,0.278,0.0,0.13,0.253,84.4
691594,Javier Sanoja,MIA,Even,1102,0.387,0.365,112.0,44.0,6.0,0.396,0.396,0.622,1.018,0.452,0.329,0.0,0.12,0.381,86.2
691594,Javier Sanoja,MIA,Two-Strike,763,0.268,0.679,197.0,43.0,2.0,0.23,0.269,0.369,0.638,0.288,0.247,0.193,0.092,0.286,86.1
665862,Jazz Chisholm,NYY,Ahead (Hitter),924,0.214,0.43,91.0,18.0,3.0,0.305,0.549,0.559,1.109,0.509,0.469,0.0,0.257,0.411,87.8
665862,Jazz Chisholm,NYY,Behind (Hitter),550,0.128,0.409,36.0,10.0,1.0,0.278,0.278,0.417,0.694,0.3,0.341,0.0,0.301,0.568,92.9
665862,Jazz Chisholm,NYY,Even,1520,0.353,0.401,97.0,36.0,8.0,0.383,0.381,0.702,1.084,0.458,0.397,0.0,0.275,0.389,88.0
665862,Jazz Chisholm,NYY,Two-Strike,1317,0.305,0.566,303.0,44.0,7.0,0.157,0.215,0.26,0.474,0.217,0.206,0.508,0.296,0.422,89.5
643446,Jeff Mcneil,ATH,Ahead (Hitter),709,0.203,0.553,106.0,26.0,2.0,0.295,0.406,0.443,0.849,0.393,0.347,0.0,0.123,0.375,88.0
643446,Jeff Mcneil,ATH,Behind (Hitter),453,0.13,0.563,49.0,15.0,1.0,0.306,0.306,0.429,0.735,0.319,0.306,0.0,0.143,0.163,83.2
643446,Jeff Mcneil,ATH,Even,1313,0.376,0.47,136.0,47.0,3.0,0.359,0.37,0.466,0.836,0.386,0.364,0.0,0.15,0.379,88.1
643446,Jeff Mcneil,ATH,Two-Strike,1015,0.291,0.664,214.0,35.0,2.0,0.177,0.229,0.242,0.471,0.219,0.236,0.266,0.14,0.231,84.0
600869,Jeimer Candelario,LAA,Ahead (Hitter),97,0.212,0.454,,,,,,,,,,,,,
600869,Jeimer Candelario,LAA,Behind (Hitter),59,0.129,0.576,,,,,,,,,,,,,
600869,Jeimer Candelario,LAA,Even,152,0.332,0.368,,,,,,,,,,,,,
600869,Jeimer Candelario,LAA,Two-Strike,150,0.328,0.653,15.0,1.0,0.0,0.071,0.133,0.143,0.276,0.13,0.163,0.533,0.421,0.167,89.6
666464,Jerar Encarnacion,SF,Ahead (Hitter),61,0.177,0.393,,,,,,,,,,,,,
666464,Jerar Encarnacion,SF,Behind (Hitter),52,0.151,0.596,,,,,,,,,,,,,
666464,Jerar Encarnacion,SF,Even,121,0.352,0.347,,,,,,,,,,,,,
666464,Jerar Encarnacion,SF,Two-Strike,110,0.32,0.727,25.0,4.0,0.0,0.167,0.2,0.208,0.408,0.186,0.178,0.32,0.152,0.312,88.7
669236,Jeremiah Jackson,BAL,Ahead (Hitter),297,0.172,0.623,49.0,14.0,4.0,0.304,0.347,0.609,0.956,0.404,0.443,0.0,0.241,0.435,90.2
669236,Jeremiah Jackson,BAL,Behind (Hitter),250,0.145,0.568,39.0,9.0,3.0,0.231,0.231,0.538,0.769,0.342,0.362,0.0,0.2,0.45,87.1
669236,Jeremiah Jackson,BAL,Even,636,0.368,0.44,60.0,17.0,0.0,0.304,0.305,0.339,0.644,0.291,0.296,0.0,0.29,0.328,87.6
669236,Jeremiah Jackson,BAL,Two-Strike,543,0.315,0.635,134.0,19.0,2.0,0.148,0.179,0.227,0.406,0.201,0.193,0.478,0.239,0.338,89.9
665161,Jeremy Peña,HOU,Ahead (Hitter),649,0.186,0.524,63.0,22.0,3.0,0.423,0.524,0.731,1.255,0.542,0.482,0.0,0.253,0.5,91.0
665161,Jeremy Peña,HOU,Behind (Hitter),507,0.145,0.527,44.0,13.0,3.0,0.302,0.318,0.535,0.853,0.406,0.329,0.0,0.362,0.372,88.8
665161,Jeremy Peña,HOU,Even,1357,0.389,0.476,112.0,38.0,10.0,0.349,0.357,0.67,1.027,0.432,0.428,0.0,0.292,0.373,88.3
665161,Jeremy Peña,HOU,Two-Strike,973,0.279,0.603,243.0,44.0,4.0,0.197,0.259,0.296,0.555,0.259,0.238,0.457,0.289,0.375,87.7
683679,Jesus Rodriguez,SF,Ahead (Hitter),34,0.163,0.412,,,,,,,,,,,,,
683679,Jesus Rodriguez,SF,Behind (Hitter),32,0.153,0.562,,,,,,,,,,,,,
683679,Jesus Rodriguez,SF,Even,80,0.383,0.5,16.0,5.0,0.0,0.357,0.4,0.571,0.971,0.43,0.379,0.0,0.3,0.133,76.9
683679,Jesus Rodriguez,SF,Two-Strike,63,0.301,0.587,25.0,2.0,0.0,0.091,0.2,0.091,0.291,0.156,0.208,0.32,0.162,0.214,86.3
660821,Jesús Sánchez,AZ,Ahead (Hitter),657,0.21,0.493,59.0,15.0,2.0,0.326,0.407,0.543,0.95,0.41,0.463,0.0,0.273,0.571,91.2
660821,Jesús Sánchez,AZ,Behind (Hitter),405,0.129,0.541,34.0,12.0,1.0,0.353,0.353,0.529,0.882,0.381,0.37,0.0,0.255,0.529,92.5
660821,Jesús Sánchez,AZ,Even,1112,0.355,0.424,57.0,19.0,2.0,0.345,0.368,0.527,0.896,0.388,0.393,0.0,0.258,0.364,89.8
660821,Jesús Sánchez,AZ,Two-Strike,955,0.305,0.593,164.0,26.0,3.0,0.174,0.244,0.282,0.526,0.238,0.235,0.457,0.231,0.408,90.2
640902,Jhonny Pereda,SEA,Ahead (Hitter),139,0.193,0.353,11.0,3.0,0.0,0.333,0.455,0.333,0.788,0.373,0.431,0.0,0.24,0.5,91.9
640902,Jhonny Pereda,SEA,Behind (Hitter),93,0.129,0.441,,,,,,,,,,,,,
640902,Jhonny Pereda,SEA,Even,251,0.348,0.406,21.0,7.0,0.0,0.35,0.381,0.35,0.731,0.333,0.443,0.0,0.22,0.55,90.6
640902,Jhonny Pereda,SEA,Two-Strike,239,0.331,0.561,54.0,12.0,1.0,0.25,0.315,0.333,0.648,0.297,0.264,0.315,0.118,0.355,89.3
691373,Jhostynxon Garcia,PIT,Ahead (Hitter),31,0.142,0.516,,,,,,,,,,,,,
691373,Jhostynxon Garcia,PIT,Behind (Hitter),30,0.137,0.4,,,,,,,,,,,,,
691373,Jhostynxon Garcia,PIT,Even,83,0.379,0.518,14.0,4.0,0.0,0.308,0.357,0.308,0.665,0.307,0.454,0.0,0.316,0.385,87.3
691373,Jhostynxon Garcia,PIT,Two-Strike,75,0.342,0.72,30.0,1.0,0.0,0.033,0.033,0.033,0.067,0.03,0.061,0.567,0.362,0.231,77.2
678225,Jihwan Bae,MIL,Ahead (Hitter),30,0.261,0.467,,,,,,,,,,,,,
678225,Jihwan Bae,MIL,Even,42,0.365,0.405,,,,,,,,,,,,,
678225,Jihwan Bae,MIL,Two-Strike,31,0.27,0.548,,,,,,,,,,,,,
805347,Jim Jarvis,ATL,Ahead (Hitter),107,0.234,0.383,25.0,2.0,0.0,0.111,0.36,0.111,0.471,0.268,0.372,0.0,0.171,0.5,89.2
805347,Jim Jarvis,ATL,Behind (Hitter),58,0.127,0.448,10.0,6.0,0.0,0.667,0.667,0.778,1.444,0.661,0.58,0.0,0.269,0.2,80.0
805347,Jim Jarvis,ATL,Even,174,0.381,0.345,32.0,5.0,1.0,0.179,0.207,0.393,0.6,0.367,0.305,0.0,0.083,0.452,85.5
805347,Jim Jarvis,ATL,Two-Strike,118,0.258,0.627,57.0,10.0,0.0,0.179,0.193,0.232,0.425,0.189,0.155,0.404,0.189,0.273,88.2
699625,Jimmy Crooks,STL,Ahead (Hitter),151,0.198,0.53,30.0,5.0,1.0,0.208,0.367,0.375,0.742,0.338,0.548,0.0,0.297,0.583,95.4
699625,Jimmy Crooks,STL,Behind (Hitter),107,0.14,0.467,10.0,1.0,0.0,0.111,0.2,0.111,0.311,0.16,0.31,0.0,0.371,0.667,94.9
699625,Jimmy Crooks,STL,Even,271,0.355,0.376,25.0,7.0,2.0,0.318,0.4,0.636,1.036,0.438,0.342,0.0,0.316,0.5,90.1
699625,Jimmy Crooks,STL,Two-Strike,235,0.308,0.634,83.0,11.0,2.0,0.141,0.181,0.269,0.45,0.196,0.186,0.578,0.321,0.344,89.1
668709,Jj Bleday,CIN,Ahead (Hitter),788,0.23,0.409,102.0,24.0,8.0,0.312,0.451,0.662,1.113,0.477,0.497,0.0,0.206,0.4,89.1
668709,Jj Bleday,CIN,Behind (Hitter),415,0.121,0.501,36.0,11.0,2.0,0.306,0.306,0.5,0.806,0.365,0.374,0.0,0.28,0.278,81.7
668709,Jj Bleday,CIN,Even,1199,0.351,0.398,117.0,35.0,9.0,0.304,0.316,0.6,0.916,0.402,0.414,0.0,0.275,0.461,89.1
668709,Jj Bleday,CIN,Two-Strike,1017,0.297,0.532,272.0,27.0,4.0,0.121,0.279,0.215,0.495,0.243,0.246,0.423,0.235,0.361,88.3
802139,Jj Wetherholt,STL,Ahead (Hitter),582,0.24,0.383,115.0,23.0,5.0,0.274,0.47,0.476,0.946,0.445,0.487,0.0,0.17,0.512,91.1
802139,Jj Wetherholt,STL,Behind (Hitter),291,0.12,0.395,53.0,15.0,4.0,0.306,0.34,0.551,0.891,0.377,0.419,0.0,0.191,0.4,89.8
802139,Jj Wetherholt,STL,Even,878,0.362,0.341,135.0,39.0,4.0,0.295,0.311,0.447,0.758,0.345,0.401,0.0,0.211,0.47,90.5
802139,Jj Wetherholt,STL,Two-Strike,677,0.279,0.548,302.0,49.0,3.0,0.188,0.298,0.238,0.536,0.266,0.262,0.334,0.162,0.41,88.3
666176,Jo Adell,CLE,Ahead (Hitter),852,0.18,0.594,103.0,26.0,3.0,0.299,0.408,0.46,0.868,0.385,0.442,0.0,0.239,0.466,87.3
666176,Jo Adell,CLE,Behind (Hitter),628,0.133,0.489,64.0,19.0,6.0,0.311,0.344,0.689,1.032,0.445,0.454,0.0,0.279,0.426,92.8
666176,Jo Adell,CLE,Even,1692,0.357,0.464,125.0,36.0,9.0,0.3,0.312,0.583,0.895,0.396,0.465,0.0,0.305,0.472,92.0
666176,Jo Adell,CLE,Two-Strike,1564,0.33,0.582,347.0,59.0,4.0,0.186,0.245,0.255,0.5,0.231,0.217,0.45,0.227,0.4,89.4
592626,Joc Pederson,TEX,Ahead (Hitter),694,0.234,0.427,68.0,22.0,6.0,0.423,0.559,0.865,1.424,0.593,0.516,0.0,0.284,0.549,94.1
592626,Joc Pederson,TEX,Behind (Hitter),343,0.116,0.501,40.0,10.0,2.0,0.256,0.25,0.513,0.763,0.315,0.31,0.0,0.34,0.35,87.7
592626,Joc Pederson,TEX,Even,1033,0.348,0.351,74.0,20.0,8.0,0.282,0.297,0.634,0.931,0.403,0.463,0.0,0.294,0.592,93.5
592626,Joc Pederson,TEX,Two-Strike,899,0.303,0.582,250.0,36.0,10.0,0.167,0.28,0.335,0.615,0.284,0.266,0.408,0.241,0.496,91.3
691788,Joe Mack,MIA,Ahead (Hitter),288,0.226,0.497,60.0,20.0,3.0,0.392,0.467,0.647,1.114,0.48,0.433,0.0,0.238,0.471,91.5
691788,Joe Mack,MIA,Behind (Hitter),156,0.123,0.378,25.0,10.0,1.0,0.417,0.417,0.625,1.042,0.458,0.394,0.0,0.203,0.36,85.7
691788,Joe Mack,MIA,Even,469,0.368,0.38,68.0,20.0,5.0,0.312,0.308,0.578,0.886,0.382,0.311,0.0,0.208,0.309,85.2
691788,Joe Mack,MIA,Two-Strike,360,0.283,0.617,175.0,20.0,4.0,0.123,0.183,0.202,0.385,0.183,0.211,0.469,0.257,0.383,87.5
663698,Joey Bart,CWS,Ahead (Hitter),467,0.254,0.435,20.0,9.0,1.0,0.529,0.6,0.706,1.306,0.565,0.486,0.0,0.275,0.294,86.4
663698,Joey Bart,CWS,Behind (Hitter),222,0.121,0.486,17.0,4.0,1.0,0.25,0.294,0.5,0.794,0.391,0.327,0.0,0.206,0.312,83.3
663698,Joey Bart,CWS,Even,630,0.343,0.287,23.0,6.0,2.0,0.316,0.391,0.684,1.076,0.437,0.445,0.0,0.267,0.4,86.0
663698,Joey Bart,CWS,Two-Strike,518,0.282,0.546,68.0,5.0,0.0,0.083,0.191,0.117,0.308,0.172,0.179,0.515,0.284,0.36,86.9
694388,Joey Loperfido,HOU,Ahead (Hitter),150,0.175,0.52,11.0,1.0,0.0,0.125,0.364,0.125,0.489,0.34,0.304,0.0,0.219,0.286,88.4
694388,Joey Loperfido,HOU,Behind (Hitter),129,0.15,0.481,14.0,3.0,0.0,0.231,0.286,0.462,0.747,0.318,0.337,0.0,0.368,0.308,88.2
694388,Joey Loperfido,HOU,Even,310,0.361,0.435,24.0,8.0,0.0,0.348,0.348,0.522,0.87,0.383,0.465,0.0,0.351,0.5,88.6
694388,Joey Loperfido,HOU,Two-Strike,269,0.314,0.584,72.0,10.0,1.0,0.164,0.278,0.246,0.524,0.257,0.23,0.444,0.213,0.276,88.1
608841,Joey Meneses,ATH,Ahead (Hitter),19,0.25,0.421,,,,,,,,,,,,,
608841,Joey Meneses,ATH,Even,33,0.434,0.394,,,,,,,,,,,,,
687401,Joey Ortiz,MIL,Ahead (Hitter),679,0.197,0.346,66.0,15.0,4.0,0.357,0.569,0.643,1.212,0.515,0.491,0.0,0.138,0.432,86.2
687401,Joey Ortiz,MIL,Behind (Hitter),499,0.145,0.463,43.0,12.0,1.0,0.3,0.286,0.425,0.711,0.305,0.331,0.0,0.165,0.395,85.6
687401,Joey Ortiz,MIL,Even,1274,0.369,0.334,79.0,30.0,2.0,0.395,0.39,0.632,1.021,0.451,0.38,0.0,0.208,0.354,87.2
687401,Joey Ortiz,MIL,Two-Strike,999,0.289,0.673,219.0,40.0,2.0,0.194,0.237,0.262,0.5,0.233,0.2,0.365,0.182,0.346,88.6
686894,Joey Wiemer,WSH,Ahead (Hitter),114,0.204,0.421,14.0,6.0,1.0,0.6,0.714,1.0,1.714,0.742,0.469,0.0,0.231,0.333,86.6
686894,Joey Wiemer,WSH,Behind (Hitter),71,0.127,0.521,,,,,,,,,,,,,
686894,Joey Wiemer,WSH,Even,198,0.355,0.419,13.0,6.0,2.0,0.462,0.462,1.077,1.538,0.708,0.545,0.0,0.184,0.429,89.9
686894,Joey Wiemer,WSH,Two-Strike,175,0.314,0.52,49.0,4.0,0.0,0.1,0.265,0.175,0.44,0.223,0.206,0.592,0.404,0.273,86.2
807726,John Peck,DET,Ahead (Hitter),54,0.205,0.537,18.0,2.0,0.0,0.154,0.389,0.154,0.543,0.344,0.45,0.0,0.069,0.462,91.0
807726,John Peck,DET,Behind (Hitter),34,0.129,0.5,,,,,,,,,,,,,
807726,John Peck,DET,Even,97,0.369,0.423,13.0,4.0,0.0,0.333,0.385,0.333,0.718,0.331,0.457,0.0,0.293,0.538,90.8
807726,John Peck,DET,Two-Strike,78,0.297,0.603,34.0,2.0,0.0,0.069,0.206,0.103,0.309,0.166,0.215,0.471,0.277,0.308,87.9
670231,John Rave,KC,Ahead (Hitter),348,0.259,0.428,40.0,12.0,2.0,0.364,0.475,0.758,1.233,0.531,0.446,0.0,0.188,0.424,88.0
670231,John Rave,KC,Behind (Hitter),155,0.115,0.335,12.0,2.0,0.0,0.167,0.167,0.25,0.417,0.179,0.304,0.0,0.0,0.538,90.7
670231,John Rave,KC,Even,468,0.348,0.248,23.0,6.0,1.0,0.286,0.286,0.429,0.714,0.329,0.353,0.0,0.196,0.217,73.3
670231,John Rave,KC,Two-Strike,373,0.278,0.638,73.0,8.0,3.0,0.125,0.233,0.281,0.514,0.251,0.225,0.493,0.293,0.357,85.4
671286,Johnathan Rodríguez,BAL,Ahead (Hitter),99,0.254,0.434,,,,,,,,,,,,,
671286,Johnathan Rodríguez,BAL,Behind (Hitter),45,0.116,0.467,,,,,,,,,,,,,
671286,Johnathan Rodríguez,BAL,Even,125,0.321,0.328,,,,,,,,,,,,,
671286,Johnathan Rodríguez,BAL,Two-Strike,120,0.308,0.575,10.0,1.0,0.0,0.125,0.3,0.25,0.55,0.265,0.225,0.6,0.294,0.5,94.2
681146,Jonah Bride,TEX,Ahead (Hitter),150,0.256,0.28,,,,,,,,,,,,,
681146,Jonah Bride,TEX,Behind (Hitter),61,0.104,0.197,,,,,,,,,,,,,
681146,Jonah Bride,TEX,Even,202,0.345,0.193,,,,,,,,,,,,,
681146,Jonah Bride,TEX,Two-Strike,172,0.294,0.576,,,,,,,,,,,,,
813841,Jonah Cox,SF,Ahead (Hitter),109,0.184,0.523,22.0,8.0,2.0,0.5,0.6,1.0,1.6,0.735,0.541,0.0,0.316,0.389,80.2
813841,Jonah Cox,SF,Behind (Hitter),84,0.142,0.44,10.0,6.0,0.0,0.75,0.75,0.875,1.625,0.769,0.416,0.0,0.243,0.3,60.9
813841,Jonah Cox,SF,Even,218,0.369,0.431,33.0,10.0,2.0,0.333,0.333,0.533,0.867,0.423,0.408,0.0,0.309,0.364,79.5
813841,Jonah Cox,SF,Two-Strike,180,0.305,0.617,92.0,13.0,0.0,0.151,0.207,0.198,0.404,0.196,0.143,0.652,0.432,0.4,88.5
641680,Jonah Heim,ATH,Ahead (Hitter),747,0.24,0.412,80.0,17.0,6.0,0.258,0.375,0.576,0.951,0.412,0.381,0.0,0.178,0.433,90.5
641680,Jonah Heim,ATH,Behind (Hitter),407,0.131,0.496,37.0,9.0,3.0,0.257,0.27,0.571,0.842,0.346,0.328,0.0,0.183,0.306,86.7
641680,Jonah Heim,ATH,Even,1109,0.356,0.386,73.0,17.0,3.0,0.236,0.233,0.417,0.65,0.274,0.326,0.0,0.243,0.233,86.6
641680,Jonah Heim,ATH,Two-Strike,855,0.274,0.716,188.0,27.0,1.0,0.155,0.218,0.224,0.442,0.218,0.216,0.362,0.186,0.302,85.9
682729,Jonatan Clase,TOR,Ahead (Hitter),117,0.212,0.513,,,,,,,,,,,,,
682729,Jonatan Clase,TOR,Behind (Hitter),70,0.127,0.571,,,,,,,,,,,,,
682729,Jonatan Clase,TOR,Even,193,0.349,0.275,,,,,,,,,,,,,
682729,Jonatan Clase,TOR,Two-Strike,173,0.313,0.514,14.0,2.0,1.0,0.167,0.286,0.417,0.702,0.307,0.208,0.571,0.211,0.5,90.9
666018,Jonathan Aranda,TB,Ahead (Hitter),874,0.201,0.414,99.0,33.0,6.0,0.446,0.576,0.77,1.346,0.588,0.56,0.0,0.149,0.597,94.9
666018,Jonathan Aranda,TB,Behind (Hitter),552,0.127,0.413,53.0,21.0,1.0,0.429,0.434,0.571,1.005,0.447,0.419,0.0,0.21,0.412,88.4
666018,Jonathan Aranda,TB,Even,1538,0.353,0.436,133.0,58.0,10.0,0.453,0.466,0.75,1.216,0.531,0.44,0.0,0.215,0.488,91.9
666018,Jonathan Aranda,TB,Two-Strike,1391,0.319,0.575,371.0,45.0,5.0,0.139,0.24,0.211,0.45,0.215,0.242,0.423,0.194,0.391,89.4
663697,Jonathan India,KC,Ahead (Hitter),548,0.211,0.381,12.0,5.0,1.0,0.625,0.75,1.125,1.875,0.729,0.5,0.0,0.263,0.375,91.4
663697,Jonathan India,KC,Behind (Hitter),347,0.134,0.441,,,,,,,,,,,,,
663697,Jonathan India,KC,Even,890,0.343,0.245,,,,,,,,,,,,,
663697,Jonathan India,KC,Two-Strike,812,0.313,0.564,33.0,3.0,1.0,0.107,0.242,0.214,0.457,0.221,0.226,0.394,0.2,0.267,86.2
680716,Jonathan Ornelas,MIL,Behind (Hitter),19,0.146,0.421,,,,,,,,,,,,,
680716,Jonathan Ornelas,MIL,Even,47,0.362,0.553,,,,,,,,,,,,,
680716,Jonathan Ornelas,MIL,Two-Strike,50,0.385,0.58,16.0,1.0,0.0,0.067,0.125,0.067,0.192,0.1,0.12,0.688,0.333,0.5,94.1
676356,Jonny Deluca,TB,Ahead (Hitter),313,0.21,0.492,63.0,19.0,3.0,0.328,0.381,0.586,0.967,0.434,0.349,0.0,0.191,0.316,88.5
676356,Jonny Deluca,TB,Behind (Hitter),210,0.141,0.576,40.0,15.0,3.0,0.375,0.375,0.725,1.1,0.464,0.312,0.0,0.25,0.275,84.5
676356,Jonny Deluca,TB,Even,558,0.373,0.419,74.0,26.0,3.0,0.366,0.366,0.577,0.944,0.439,0.355,0.0,0.225,0.324,82.1
676356,Jonny Deluca,TB,Two-Strike,413,0.276,0.649,176.0,28.0,0.0,0.168,0.21,0.21,0.42,0.203,0.173,0.42,0.217,0.272,83.5
678391,Jorbit Vivas,WSH,Ahead (Hitter),311,0.201,0.505,72.0,15.0,0.0,0.283,0.465,0.358,0.823,0.39,0.394,0.0,0.172,0.259,84.4
678391,Jorbit Vivas,WSH,Behind (Hitter),191,0.124,0.435,29.0,10.0,1.0,0.357,0.345,0.607,0.952,0.459,0.283,0.0,0.194,0.241,82.2
678391,Jorbit Vivas,WSH,Even,585,0.379,0.458,103.0,29.0,2.0,0.293,0.287,0.414,0.701,0.336,0.299,0.0,0.161,0.218,83.4
678391,Jorbit Vivas,WSH,Two-Strike,457,0.296,0.554,157.0,20.0,0.0,0.155,0.299,0.178,0.478,0.252,0.245,0.331,0.176,0.171,79.7
687597,Jordan Beck,COL,Ahead (Hitter),613,0.204,0.46,24.0,6.0,1.0,0.273,0.333,0.591,0.924,0.388,0.437,0.0,0.303,0.522,91.8
687597,Jordan Beck,COL,Behind (Hitter),390,0.13,0.526,16.0,6.0,0.0,0.375,0.375,0.562,0.938,0.403,0.352,0.0,0.25,0.312,86.6
687597,Jordan Beck,COL,Even,1050,0.35,0.367,33.0,7.0,0.0,0.212,0.212,0.212,0.424,0.218,0.219,0.0,0.304,0.212,78.2
687597,Jordan Beck,COL,Two-Strike,947,0.316,0.604,96.0,10.0,0.0,0.119,0.219,0.167,0.385,0.189,0.197,0.521,0.259,0.235,85.6
691783,Jordan Lawlar,AZ,Ahead (Hitter),184,0.233,0.484,28.0,9.0,4.0,0.409,0.536,1.0,1.536,0.609,0.51,0.0,0.158,0.455,93.6
691783,Jordan Lawlar,AZ,Behind (Hitter),91,0.115,0.407,11.0,2.0,0.0,0.182,0.182,0.273,0.455,0.195,0.369,0.0,0.208,0.0,75.9
691783,Jordan Lawlar,AZ,Even,290,0.367,0.334,21.0,9.0,1.0,0.474,0.5,0.632,1.132,0.55,0.433,0.0,0.273,0.25,79.8
691783,Jordan Lawlar,AZ,Two-Strike,226,0.286,0.566,69.0,10.0,0.0,0.154,0.203,0.231,0.434,0.196,0.193,0.551,0.278,0.333,86.1
691023,Jordan Walker,STL,Ahead (Hitter),715,0.184,0.508,105.0,36.0,6.0,0.434,0.543,0.699,1.242,0.551,0.506,0.0,0.308,0.53,94.6
691023,Jordan Walker,STL,Behind (Hitter),574,0.148,0.57,78.0,31.0,6.0,0.403,0.41,0.701,1.112,0.485,0.476,0.0,0.325,0.506,93.5
691023,Jordan Walker,STL,Even,1423,0.366,0.467,150.0,55.0,5.0,0.374,0.38,0.585,0.965,0.437,0.403,0.0,0.273,0.48,91.2
691023,Jordan Walker,STL,Two-Strike,1174,0.302,0.534,318.0,40.0,11.0,0.138,0.214,0.28,0.494,0.23,0.225,0.528,0.302,0.484,92.4
678489,Jorge Barrosa,HOU,Ahead (Hitter),225,0.215,0.427,33.0,9.0,0.0,0.375,0.531,0.583,1.115,0.489,0.387,0.0,0.273,0.44,82.3
678489,Jorge Barrosa,HOU,Behind (Hitter),132,0.126,0.447,13.0,5.0,1.0,0.5,0.5,0.9,1.4,0.725,0.419,0.0,0.286,0.231,65.0
678489,Jorge Barrosa,HOU,Even,352,0.336,0.259,24.0,6.0,0.0,0.3,0.333,0.45,0.783,0.445,0.271,0.0,0.233,0.13,67.9
678489,Jorge Barrosa,HOU,Two-Strike,338,0.323,0.636,100.0,8.0,1.0,0.091,0.173,0.182,0.355,0.182,0.164,0.45,0.246,0.2,84.8
622761,Jorge Mateo,TB,Ahead (Hitter),208,0.18,0.404,32.0,11.0,2.0,0.423,0.531,0.731,1.262,0.531,0.582,0.0,0.127,0.5,89.1
622761,Jorge Mateo,TB,Behind (Hitter),169,0.146,0.621,25.0,7.0,1.0,0.28,0.28,0.44,0.72,0.31,0.38,0.0,0.373,0.32,90.3
622761,Jorge Mateo,TB,Even,399,0.345,0.436,34.0,8.0,1.0,0.25,0.273,0.344,0.616,0.279,0.319,0.0,0.344,0.303,80.8
622761,Jorge Mateo,TB,Two-Strike,382,0.33,0.657,122.0,15.0,1.0,0.129,0.164,0.19,0.354,0.167,0.159,0.557,0.299,0.327,85.7
593871,Jorge Polanco,NYM,Ahead (Hitter),607,0.234,0.47,35.0,6.0,1.0,0.2,0.294,0.367,0.661,0.3,0.343,0.0,0.182,0.419,87.1
593871,Jorge Polanco,NYM,Behind (Hitter),322,0.124,0.503,,,,,,,,,,,,,
593871,Jorge Polanco,NYM,Even,930,0.358,0.322,26.0,4.0,1.0,0.154,0.154,0.308,0.462,0.194,0.304,0.0,0.153,0.269,86.1
593871,Jorge Polanco,NYM,Two-Strike,737,0.284,0.602,76.0,7.0,0.0,0.099,0.158,0.113,0.271,0.145,0.151,0.461,0.266,0.229,84.1
624585,Jorge Soler,LAA,Ahead (Hitter),600,0.218,0.42,49.0,10.0,3.0,0.303,0.531,0.667,1.197,0.519,0.51,0.0,0.354,0.515,91.8
624585,Jorge Soler,LAA,Behind (Hitter),329,0.12,0.422,27.0,7.0,2.0,0.269,0.259,0.615,0.875,0.354,0.414,0.0,0.333,0.37,86.0
624585,Jorge Soler,LAA,Even,958,0.349,0.425,67.0,21.0,6.0,0.318,0.328,0.636,0.965,0.447,0.397,0.0,0.344,0.439,89.2
624585,Jorge Soler,LAA,Two-Strike,860,0.313,0.54,219.0,26.0,1.0,0.135,0.228,0.197,0.425,0.204,0.199,0.539,0.339,0.395,87.2
699912,Jose Fernandez,AZ,Ahead (Hitter),187,0.22,0.385,25.0,5.0,1.0,0.25,0.4,0.45,0.85,0.378,0.383,0.0,0.222,0.3,84.1
699912,Jose Fernandez,AZ,Behind (Hitter),120,0.141,0.625,30.0,11.0,0.0,0.379,0.379,0.483,0.862,0.416,0.331,0.0,0.24,0.433,85.6
699912,Jose Fernandez,AZ,Even,300,0.353,0.3,37.0,13.0,2.0,0.394,0.394,0.606,1.0,0.483,0.368,0.0,0.267,0.486,80.9
699912,Jose Fernandez,AZ,Two-Strike,242,0.285,0.624,127.0,22.0,0.0,0.183,0.228,0.217,0.445,0.229,0.227,0.394,0.219,0.348,85.8
624431,Jose Trevino,CIN,Ahead (Hitter),321,0.201,0.386,19.0,4.0,0.0,0.235,0.263,0.235,0.498,0.226,0.304,0.0,0.289,0.389,83.6
624431,Jose Trevino,CIN,Behind (Hitter),225,0.141,0.467,19.0,3.0,1.0,0.158,0.158,0.316,0.474,0.247,0.219,0.0,0.195,0.3,85.4
624431,Jose Trevino,CIN,Even,632,0.396,0.375,40.0,14.0,3.0,0.368,0.368,0.658,1.026,0.447,0.292,0.0,0.212,0.275,80.1
624431,Jose Trevino,CIN,Two-Strike,417,0.261,0.703,72.0,11.0,1.0,0.153,0.153,0.208,0.361,0.17,0.161,0.389,0.208,0.273,87.0
605137,Josh Bell,MIN,Ahead (Hitter),1055,0.231,0.489,146.0,41.0,8.0,0.357,0.479,0.635,1.114,0.484,0.493,0.0,0.146,0.496,92.0
605137,Josh Bell,MIN,Behind (Hitter),569,0.125,0.411,52.0,14.0,2.0,0.269,0.269,0.462,0.731,0.312,0.384,0.0,0.191,0.404,88.3
605137,Josh Bell,MIN,Even,1653,0.362,0.407,119.0,42.0,9.0,0.365,0.37,0.67,1.039,0.436,0.451,0.0,0.243,0.479,91.2
605137,Josh Bell,MIN,Two-Strike,1285,0.282,0.595,303.0,46.0,1.0,0.164,0.224,0.211,0.435,0.209,0.199,0.406,0.21,0.327,87.5
673962,Josh Jung,TEX,Ahead (Hitter),652,0.184,0.502,86.0,23.0,3.0,0.333,0.465,0.565,1.03,0.446,0.458,0.0,0.152,0.507,90.6
673962,Josh Jung,TEX,Behind (Hitter),498,0.141,0.524,48.0,17.0,1.0,0.37,0.354,0.63,0.985,0.407,0.395,0.0,0.226,0.583,90.4
673962,Josh Jung,TEX,Even,1276,0.361,0.41,94.0,30.0,4.0,0.333,0.362,0.544,0.906,0.399,0.379,0.0,0.187,0.378,89.1
673962,Josh Jung,TEX,Two-Strike,1109,0.314,0.573,211.0,46.0,3.0,0.242,0.313,0.316,0.629,0.291,0.269,0.374,0.15,0.532,92.1
666139,Josh Lowe,LAA,Ahead (Hitter),566,0.174,0.567,45.0,12.0,2.0,0.316,0.4,0.526,0.926,0.416,0.431,0.0,0.309,0.447,90.3
666139,Josh Lowe,LAA,Behind (Hitter),418,0.128,0.498,24.0,9.0,1.0,0.391,0.417,0.609,1.025,0.442,0.313,0.0,0.427,0.261,89.3
666139,Josh Lowe,LAA,Even,1088,0.334,0.425,57.0,21.0,5.0,0.382,0.382,0.709,1.091,0.47,0.437,0.0,0.347,0.351,83.9
666139,Josh Lowe,LAA,Two-Strike,1188,0.364,0.654,205.0,20.0,4.0,0.108,0.19,0.189,0.379,0.184,0.213,0.488,0.222,0.384,88.0
647304,Josh Naylor,SEA,Ahead (Hitter),963,0.233,0.486,147.0,37.0,2.0,0.306,0.429,0.413,0.842,0.419,0.404,0.0,0.116,0.445,88.9
647304,Josh Naylor,SEA,Behind (Hitter),528,0.128,0.532,55.0,20.0,4.0,0.37,0.382,0.63,1.011,0.449,0.387,0.0,0.179,0.327,84.5
647304,Josh Naylor,SEA,Even,1623,0.392,0.455,178.0,52.0,3.0,0.299,0.303,0.391,0.694,0.308,0.33,0.0,0.168,0.335,86.7
647304,Josh Naylor,SEA,Two-Strike,1026,0.248,0.665,251.0,45.0,1.0,0.191,0.243,0.23,0.473,0.22,0.236,0.311,0.171,0.333,86.3
668942,Josh Rojas,KC,Ahead (Hitter),268,0.224,0.422,25.0,8.0,0.0,0.4,0.5,0.55,1.05,0.469,0.27,0.0,0.128,0.333,82.5
668942,Josh Rojas,KC,Behind (Hitter),154,0.129,0.39,,,,,,,,,,,,,
668942,Josh Rojas,KC,Even,444,0.372,0.437,29.0,7.0,0.0,0.269,0.286,0.308,0.593,0.302,0.274,0.0,0.169,0.286,83.2
668942,Josh Rojas,KC,Two-Strike,328,0.275,0.604,47.0,7.0,0.0,0.152,0.17,0.152,0.322,0.168,0.159,0.34,0.151,0.233,86.7
669701,Josh Smith,TOR,Ahead (Hitter),716,0.221,0.381,46.0,7.0,1.0,0.233,0.457,0.367,0.823,0.399,0.393,0.0,0.179,0.258,88.3
669701,Josh Smith,TOR,Behind (Hitter),418,0.129,0.452,11.0,3.0,1.0,0.273,0.273,0.545,0.818,0.345,0.367,0.0,0.355,0.182,86.1
669701,Josh Smith,TOR,Even,1110,0.342,0.35,42.0,8.0,2.0,0.2,0.2,0.35,0.55,0.251,0.293,0.0,0.224,0.341,80.9
669701,Josh Smith,TOR,Two-Strike,1000,0.308,0.625,137.0,24.0,2.0,0.192,0.263,0.28,0.543,0.261,0.224,0.401,0.192,0.31,83.9
695491,Joshua Báez,STL,Ahead (Hitter),56,0.147,0.589,12.0,3.0,2.0,0.3,0.417,0.9,1.317,0.525,0.611,0.0,0.364,0.6,100.0
695491,Joshua Báez,STL,Behind (Hitter),61,0.16,0.508,15.0,4.0,1.0,0.308,0.4,0.615,1.015,0.49,0.296,0.0,0.29,0.385,85.7
695491,Joshua Báez,STL,Even,141,0.369,0.496,22.0,9.0,2.0,0.409,0.409,0.818,1.227,0.516,0.515,0.0,0.329,0.545,93.3
695491,Joshua Báez,STL,Two-Strike,124,0.325,0.613,59.0,7.0,2.0,0.127,0.169,0.291,0.46,0.197,0.162,0.559,0.303,0.391,91.0
811965,Joshua Kuroda-Grauer,ATH,Ahead (Hitter),49,0.209,0.49,11.0,4.0,0.0,0.4,0.455,0.6,1.055,0.455,0.341,0.0,0.042,0.5,90.1
811965,Joshua Kuroda-Grauer,ATH,Behind (Hitter),35,0.15,0.686,13.0,7.0,0.0,0.538,0.538,0.692,1.231,0.538,0.366,0.0,0.125,0.462,93.1
811965,Joshua Kuroda-Grauer,ATH,Even,89,0.38,0.337,10.0,5.0,1.0,0.5,0.5,1.0,1.5,0.72,0.461,0.0,0.2,0.5,94.0
811965,Joshua Kuroda-Grauer,ATH,Two-Strike,61,0.261,0.803,31.0,9.0,0.0,0.3,0.323,0.333,0.656,0.295,0.252,0.258,0.163,0.318,86.0
514888,José Altuve,HOU,Ahead (Hitter),909,0.211,0.384,104.0,27.0,3.0,0.31,0.423,0.494,0.917,0.415,0.394,0.0,0.161,0.4,88.2
514888,José Altuve,HOU,Behind (Hitter),582,0.135,0.509,48.0,15.0,2.0,0.319,0.312,0.511,0.823,0.349,0.25,0.0,0.225,0.396,85.5
514888,José Altuve,HOU,Even,1627,0.377,0.441,122.0,43.0,7.0,0.355,0.355,0.62,0.975,0.447,0.333,0.0,0.226,0.325,82.7
514888,José Altuve,HOU,Two-Strike,1198,0.278,0.611,278.0,41.0,4.0,0.163,0.237,0.239,0.476,0.227,0.205,0.399,0.207,0.241,83.9
640492,José Azócar,ATL,Ahead (Hitter),25,0.184,0.32,,,,,,,,,,,,,
640492,José Azócar,ATL,Behind (Hitter),22,0.162,0.636,,,,,,,,,,,,,
640492,José Azócar,ATL,Even,52,0.382,0.5,,,,,,,,,,,,,
640492,José Azócar,ATL,Two-Strike,37,0.272,0.649,15.0,5.0,0.0,0.333,0.333,0.467,0.8,0.347,0.273,0.267,0.188,0.273,89.0
676480,José Barrero,BAL,Ahead (Hitter),25,0.185,0.56,,,,,,,,,,,,,
676480,José Barrero,BAL,Behind (Hitter),21,0.156,0.667,,,,,,,,,,,,,
676480,José Barrero,BAL,Even,45,0.333,0.311,,,,,,,,,,,,,
676480,José Barrero,BAL,Two-Strike,44,0.326,0.705,,,,,,,,,,,,,
676609,José Caballero,NYY,Ahead (Hitter),700,0.21,0.401,73.0,16.0,5.0,0.302,0.458,0.623,1.081,0.454,0.431,0.0,0.259,0.375,84.3
676609,José Caballero,NYY,Behind (Hitter),443,0.133,0.46,40.0,13.0,3.0,0.351,0.342,0.622,0.964,0.414,0.317,0.0,0.261,0.225,75.9
676609,José Caballero,NYY,Even,1149,0.345,0.372,75.0,25.0,2.0,0.357,0.378,0.514,0.893,0.413,0.398,0.0,0.331,0.278,79.0
676609,José Caballero,NYY,Two-Strike,1034,0.311,0.62,260.0,41.0,4.0,0.168,0.215,0.238,0.453,0.209,0.201,0.412,0.182,0.209,81.5
665877,José Fermín,STL,Ahead (Hitter),401,0.227,0.329,66.0,14.0,1.0,0.28,0.409,0.42,0.829,0.38,0.389,0.0,0.107,0.434,89.0
665877,José Fermín,STL,Behind (Hitter),209,0.118,0.321,29.0,8.0,0.0,0.296,0.31,0.333,0.644,0.295,0.266,0.0,0.161,0.296,85.7
665877,José Fermín,STL,Even,620,0.35,0.29,72.0,23.0,2.0,0.333,0.343,0.493,0.836,0.381,0.333,0.0,0.142,0.296,84.6
665877,José Fermín,STL,Two-Strike,539,0.305,0.594,196.0,36.0,3.0,0.205,0.27,0.295,0.566,0.276,0.255,0.24,0.083,0.285,85.2
608070,José Ramírez,CLE,Ahead (Hitter),1210,0.246,0.45,133.0,22.0,1.0,0.21,0.346,0.295,0.641,0.354,0.385,0.0,0.13,0.437,90.3
608070,José Ramírez,CLE,Behind (Hitter),596,0.121,0.44,41.0,15.0,1.0,0.375,0.366,0.5,0.866,0.373,0.373,0.0,0.133,0.415,89.2
608070,José Ramírez,CLE,Even,1704,0.346,0.289,77.0,27.0,4.0,0.351,0.351,0.597,0.948,0.416,0.396,0.0,0.144,0.403,88.4
608070,José Ramírez,CLE,Two-Strike,1416,0.287,0.651,276.0,44.0,6.0,0.18,0.268,0.302,0.57,0.271,0.276,0.246,0.13,0.333,87.3
642350,José Siri,LAA,Ahead (Hitter),211,0.19,0.412,20.0,6.0,1.0,0.375,0.5,0.625,1.125,0.483,0.437,0.0,0.361,0.375,91.6
642350,José Siri,LAA,Behind (Hitter),152,0.137,0.586,22.0,8.0,2.0,0.4,0.455,0.7,1.155,0.491,0.461,0.0,0.338,0.45,86.7
642350,José Siri,LAA,Even,383,0.345,0.428,45.0,11.0,0.0,0.268,0.286,0.39,0.676,0.308,0.42,0.0,0.397,0.455,86.0
642350,José Siri,LAA,Two-Strike,365,0.329,0.647,154.0,27.0,6.0,0.188,0.234,0.34,0.574,0.267,0.225,0.513,0.333,0.403,89.5
677588,José Tena,WSH,Ahead (Hitter),373,0.202,0.456,49.0,15.0,3.0,0.417,0.551,0.722,1.273,0.529,0.485,0.0,0.267,0.486,93.0
677588,José Tena,WSH,Behind (Hitter),245,0.133,0.453,22.0,12.0,1.0,0.545,0.545,0.955,1.5,0.636,0.466,0.0,0.23,0.455,90.8
677588,José Tena,WSH,Even,657,0.356,0.379,41.0,6.0,1.0,0.15,0.171,0.275,0.446,0.215,0.346,0.0,0.344,0.5,91.4
677588,José Tena,WSH,Two-Strike,571,0.309,0.567,175.0,24.0,2.0,0.152,0.234,0.234,0.468,0.223,0.204,0.509,0.338,0.435,88.7
682877,Juan Brito,CIN,Ahead (Hitter),79,0.187,0.443,20.0,7.0,2.0,0.368,0.4,0.789,1.189,0.495,0.398,0.0,0.171,0.474,88.9
682877,Juan Brito,CIN,Behind (Hitter),56,0.132,0.518,,,,,,,,,,,,,
682877,Juan Brito,CIN,Even,143,0.338,0.406,11.0,4.0,0.0,0.364,0.364,0.545,0.909,0.391,0.445,0.0,0.328,0.364,87.1
682877,Juan Brito,CIN,Two-Strike,145,0.343,0.683,65.0,10.0,1.0,0.172,0.246,0.241,0.488,0.225,0.24,0.354,0.222,0.222,83.3
665742,Juan Soto,NYM,Ahead (Hitter),1357,0.279,0.294,132.0,34.0,8.0,0.347,0.515,0.663,1.178,0.569,0.544,0.0,0.182,0.545,93.9
665742,Juan Soto,NYM,Behind (Hitter),544,0.112,0.362,28.0,11.0,3.0,0.407,0.393,0.815,1.208,0.496,0.53,0.0,0.2,0.536,94.6
665742,Juan Soto,NYM,Even,1675,0.344,0.29,83.0,23.0,8.0,0.28,0.277,0.598,0.875,0.364,0.417,0.0,0.196,0.488,90.7
665742,Juan Soto,NYM,Two-Strike,1294,0.266,0.536,213.0,36.0,8.0,0.195,0.3,0.341,0.641,0.295,0.321,0.3,0.182,0.426,91.7
677594,Julio Rodríguez,SEA,Ahead (Hitter),859,0.175,0.552,105.0,30.0,4.0,0.333,0.429,0.556,0.984,0.451,0.431,0.0,0.248,0.551,92.5
677594,Julio Rodríguez,SEA,Behind (Hitter),671,0.137,0.569,59.0,16.0,1.0,0.281,0.271,0.386,0.657,0.296,0.38,0.0,0.285,0.45,92.6
677594,Julio Rodríguez,SEA,Even,1805,0.367,0.474,141.0,46.0,8.0,0.331,0.34,0.547,0.887,0.39,0.422,0.0,0.27,0.449,89.5
677594,Julio Rodríguez,SEA,Two-Strike,1580,0.321,0.57,333.0,53.0,8.0,0.178,0.258,0.289,0.547,0.251,0.26,0.423,0.217,0.377,88.8
808982,Jung Hoo Lee,SF,Ahead (Hitter),948,0.211,0.438,116.0,31.0,2.0,0.31,0.397,0.42,0.817,0.365,0.39,0.0,0.122,0.366,87.8
808982,Jung Hoo Lee,SF,Behind (Hitter),616,0.137,0.487,70.0,20.0,0.0,0.294,0.314,0.368,0.682,0.302,0.334,0.0,0.106,0.279,86.4
808982,Jung Hoo Lee,SF,Even,1667,0.372,0.326,136.0,41.0,4.0,0.311,0.309,0.47,0.779,0.341,0.327,0.0,0.134,0.381,88.2
808982,Jung Hoo Lee,SF,Two-Strike,1255,0.28,0.636,256.0,57.0,4.0,0.238,0.289,0.372,0.661,0.302,0.269,0.223,0.087,0.251,86.4
691406,Junior Caminero,TB,Ahead (Hitter),1268,0.244,0.459,169.0,43.0,11.0,0.331,0.479,0.623,1.102,0.521,0.492,0.0,0.206,0.55,96.2
691406,Junior Caminero,TB,Behind (Hitter),627,0.121,0.48,56.0,19.0,6.0,0.345,0.339,0.709,1.048,0.436,0.383,0.0,0.199,0.446,91.1
691406,Junior Caminero,TB,Even,1891,0.364,0.345,115.0,34.0,10.0,0.296,0.296,0.609,0.904,0.399,0.416,0.0,0.239,0.465,91.2
691406,Junior Caminero,TB,Two-Strike,1413,0.272,0.636,346.0,69.0,14.0,0.22,0.289,0.398,0.687,0.306,0.277,0.361,0.203,0.481,91.6
678577,Junior Perez,CWS,Ahead (Hitter),29,0.209,0.621,,,,,,,,,,,,,
678577,Junior Perez,CWS,Behind (Hitter),17,0.122,0.647,,,,,,,,,,,,,
678577,Junior Perez,CWS,Even,50,0.36,0.34,,,,,,,,,,,,,
678577,Junior Perez,CWS,Two-Strike,43,0.309,0.558,22.0,2.0,1.0,0.091,0.091,0.227,0.318,0.132,0.134,0.591,0.333,0.375,89.1
702222,Justin Crawford,PHI,Ahead (Hitter),290,0.177,0.552,67.0,20.0,2.0,0.364,0.455,0.527,0.982,0.458,0.399,0.0,0.15,0.439,89.0
702222,Justin Crawford,PHI,Behind (Hitter),233,0.143,0.554,49.0,12.0,0.0,0.25,0.25,0.312,0.562,0.251,0.297,0.0,0.186,0.157,83.7
702222,Justin Crawford,PHI,Even,606,0.371,0.414,114.0,37.0,1.0,0.349,0.345,0.491,0.836,0.373,0.336,0.0,0.124,0.412,83.8
702222,Justin Crawford,PHI,Two-Strike,506,0.309,0.632,219.0,40.0,0.0,0.2,0.269,0.255,0.524,0.247,0.22,0.361,0.147,0.339,85.6
681909,Justin Dean,CHC,Even,16,0.333,0.375,,,,,,,,,,,,,
679822,Justin Foscue,TEX,Ahead (Hitter),201,0.198,0.358,40.0,15.0,3.0,0.469,0.575,0.906,1.481,0.604,0.537,0.0,0.159,0.531,92.3
679822,Justin Foscue,TEX,Behind (Hitter),132,0.13,0.492,26.0,7.0,0.0,0.292,0.346,0.375,0.721,0.336,0.343,0.0,0.238,0.304,88.8
679822,Justin Foscue,TEX,Even,351,0.345,0.348,40.0,10.0,4.0,0.27,0.3,0.595,0.895,0.392,0.402,0.0,0.178,0.395,89.4
679822,Justin Foscue,TEX,Two-Strike,333,0.327,0.634,136.0,27.0,4.0,0.213,0.265,0.37,0.635,0.278,0.241,0.449,0.185,0.424,87.7
701785,Kaelen Culpepper,MIN,Ahead (Hitter),57,0.122,0.439,10.0,2.0,0.0,0.2,0.2,0.3,0.5,0.215,0.328,0.0,0.24,0.3,88.5
701785,Kaelen Culpepper,MIN,Behind (Hitter),70,0.15,0.5,10.0,3.0,0.0,0.3,0.3,0.3,0.6,0.27,0.236,0.0,0.429,0.2,87.6
701785,Kaelen Culpepper,MIN,Even,167,0.358,0.521,29.0,12.0,1.0,0.462,0.483,0.692,1.175,0.495,0.427,0.0,0.287,0.37,90.4
701785,Kaelen Culpepper,MIN,Two-Strike,173,0.37,0.595,70.0,12.0,2.0,0.194,0.286,0.306,0.592,0.271,0.249,0.357,0.136,0.289,84.3
696135,Kahlil Watson,CLE,Ahead (Hitter),73,0.215,0.603,17.0,6.0,0.0,0.375,0.412,0.5,0.912,0.4,0.329,0.0,0.273,0.188,83.4
696135,Kahlil Watson,CLE,Behind (Hitter),40,0.118,0.575,,,,,,,,,,,,,
696135,Kahlil Watson,CLE,Even,126,0.372,0.429,14.0,5.0,0.0,0.357,0.357,0.429,0.786,0.411,0.352,0.0,0.296,0.5,93.5
696135,Kahlil Watson,CLE,Two-Strike,100,0.295,0.62,54.0,6.0,0.0,0.115,0.148,0.154,0.302,0.152,0.132,0.593,0.371,0.25,86.0
670224,Kameron Misner,KC,Ahead (Hitter),202,0.183,0.5,,,,,,,,,,,,,
670224,Kameron Misner,KC,Behind (Hitter),155,0.141,0.4,,,,,,,,,,,,,
670224,Kameron Misner,KC,Even,385,0.349,0.384,,,,,,,,,,,,,
670224,Kameron Misner,KC,Two-Strike,360,0.327,0.594,31.0,5.0,0.0,0.167,0.194,0.167,0.36,0.168,0.176,0.548,0.333,0.308,84.6
672960,Kazuma Okamoto,TOR,Ahead (Hitter),515,0.196,0.435,94.0,20.0,10.0,0.27,0.426,0.743,1.169,0.476,0.478,0.0,0.286,0.595,92.0
672960,Kazuma Okamoto,TOR,Behind (Hitter),329,0.125,0.422,32.0,7.0,2.0,0.226,0.25,0.484,0.734,0.366,0.445,0.0,0.331,0.355,89.4
672960,Kazuma Okamoto,TOR,Even,898,0.342,0.371,103.0,34.0,10.0,0.354,0.379,0.719,1.097,0.464,0.471,0.0,0.357,0.459,92.4
672960,Kazuma Okamoto,TOR,Two-Strike,880,0.336,0.617,396.0,69.0,11.0,0.192,0.265,0.318,0.583,0.268,0.242,0.455,0.267,0.383,89.1
663647,Ke'Bryan Hayes,CIN,Ahead (Hitter),660,0.219,0.468,46.0,10.0,3.0,0.263,0.391,0.5,0.891,0.409,0.408,0.0,0.207,0.359,90.3
663647,Ke'Bryan Hayes,CIN,Behind (Hitter),390,0.129,0.485,25.0,2.0,1.0,0.083,0.12,0.208,0.328,0.252,0.327,0.0,0.262,0.417,89.2
663647,Ke'Bryan Hayes,CIN,Even,1120,0.372,0.317,49.0,11.0,1.0,0.229,0.245,0.375,0.62,0.267,0.345,0.0,0.18,0.4,91.8
663647,Ke'Bryan Hayes,CIN,Two-Strike,844,0.28,0.576,113.0,9.0,0.0,0.083,0.124,0.083,0.207,0.103,0.21,0.416,0.243,0.403,89.9
660688,Keibert Ruiz,WSH,Ahead (Hitter),433,0.217,0.43,66.0,18.0,3.0,0.34,0.455,0.585,1.039,0.458,0.39,0.0,0.043,0.481,90.5
660688,Keibert Ruiz,WSH,Behind (Hitter),298,0.15,0.52,44.0,14.0,4.0,0.326,0.341,0.651,0.992,0.428,0.367,0.0,0.12,0.333,87.4
660688,Keibert Ruiz,WSH,Even,817,0.41,0.439,106.0,31.0,1.0,0.295,0.302,0.429,0.73,0.328,0.299,0.0,0.147,0.433,89.1
660688,Keibert Ruiz,WSH,Two-Strike,445,0.223,0.775,132.0,29.0,2.0,0.23,0.25,0.333,0.583,0.254,0.206,0.273,0.157,0.228,84.3
700652,Kenny Piper,TB,Even,17,0.347,0.529,,,,,,,,,,,,,
700652,Kenny Piper,TB,Two-Strike,15,0.306,0.867,,,,,,,,,,,,,
681481,Kerry Carpenter,DET,Ahead (Hitter),573,0.208,0.576,52.0,18.0,4.0,0.391,0.442,0.717,1.16,0.501,0.422,0.0,0.214,0.468,91.1
681481,Kerry Carpenter,DET,Behind (Hitter),353,0.128,0.558,25.0,7.0,3.0,0.292,0.28,0.708,0.988,0.426,0.347,0.0,0.267,0.375,91.6
681481,Kerry Carpenter,DET,Even,1007,0.366,0.381,40.0,12.0,3.0,0.333,0.375,0.722,1.097,0.466,0.431,0.0,0.242,0.459,88.7
681481,Kerry Carpenter,DET,Two-Strike,821,0.298,0.632,140.0,11.0,3.0,0.088,0.186,0.16,0.346,0.176,0.201,0.536,0.302,0.431,88.6
606466,Ketel Marte,AZ,Ahead (Hitter),1027,0.237,0.48,132.0,28.0,6.0,0.257,0.371,0.477,0.848,0.38,0.408,0.0,0.161,0.464,91.2
606466,Ketel Marte,AZ,Behind (Hitter),548,0.127,0.52,62.0,16.0,4.0,0.262,0.274,0.525,0.799,0.343,0.384,0.0,0.239,0.417,87.7
606466,Ketel Marte,AZ,Even,1610,0.372,0.347,136.0,48.0,8.0,0.358,0.36,0.664,1.024,0.431,0.401,0.0,0.186,0.459,90.0
606466,Ketel Marte,AZ,Two-Strike,1140,0.264,0.596,271.0,44.0,4.0,0.181,0.258,0.263,0.522,0.25,0.272,0.317,0.168,0.36,89.8
682634,Kevin Alcántara,CHC,Ahead (Hitter),37,0.226,0.405,,,,,,,,,,,,,
682634,Kevin Alcántara,CHC,Behind (Hitter),19,0.116,0.579,,,,,,,,,,,,,
682634,Kevin Alcántara,CHC,Even,53,0.323,0.283,,,,,,,,,,,,,
682634,Kevin Alcántara,CHC,Two-Strike,55,0.335,0.527,22.0,5.0,1.0,0.25,0.318,0.4,0.718,0.333,0.248,0.5,0.364,0.375,94.7
805808,Kevin Mcgonigle,DET,Ahead (Hitter),735,0.264,0.389,178.0,44.0,6.0,0.344,0.511,0.516,1.027,0.46,0.47,0.0,0.161,0.488,91.2
805808,Kevin Mcgonigle,DET,Behind (Hitter),295,0.106,0.386,45.0,22.0,3.0,0.489,0.489,0.778,1.267,0.544,0.427,0.0,0.132,0.4,91.0
805808,Kevin Mcgonigle,DET,Even,991,0.356,0.347,141.0,41.0,7.0,0.293,0.298,0.529,0.826,0.377,0.335,0.0,0.148,0.364,88.5
805808,Kevin Mcgonigle,DET,Two-Strike,763,0.274,0.582,332.0,58.0,1.0,0.205,0.319,0.279,0.598,0.287,0.297,0.289,0.122,0.294,84.3
665019,Kody Clemens,MIN,Ahead (Hitter),782,0.209,0.451,91.0,22.0,7.0,0.324,0.484,0.765,1.248,0.516,0.495,0.0,0.214,0.5,93.7
665019,Kody Clemens,MIN,Behind (Hitter),488,0.131,0.514,46.0,11.0,0.0,0.244,0.261,0.356,0.616,0.288,0.372,0.0,0.252,0.467,90.4
665019,Kody Clemens,MIN,Even,1336,0.357,0.391,135.0,43.0,10.0,0.333,0.333,0.674,1.008,0.436,0.427,0.0,0.216,0.515,91.4
665019,Kody Clemens,MIN,Two-Strike,1133,0.303,0.624,297.0,45.0,9.0,0.163,0.222,0.29,0.512,0.24,0.231,0.424,0.219,0.384,90.2
804606,Konnor Griffin,PIT,Ahead (Hitter),236,0.187,0.517,48.0,18.0,1.0,0.439,0.521,0.585,1.106,0.533,0.49,0.0,0.27,0.39,88.0
804606,Konnor Griffin,PIT,Behind (Hitter),166,0.132,0.524,27.0,7.0,1.0,0.292,0.37,0.583,0.954,0.404,0.399,0.0,0.322,0.375,84.0
804606,Konnor Griffin,PIT,Even,460,0.365,0.413,64.0,22.0,3.0,0.349,0.359,0.556,0.915,0.408,0.385,0.0,0.321,0.391,86.4
804606,Konnor Griffin,PIT,Two-Strike,399,0.316,0.634,181.0,32.0,0.0,0.193,0.249,0.259,0.508,0.236,0.219,0.436,0.209,0.333,88.6
571657,Kyle Farmer,ATL,Ahead (Hitter),227,0.197,0.361,,,,,,,,,,,,,
571657,Kyle Farmer,ATL,Behind (Hitter),175,0.152,0.617,,,,,,,,,,,,,
571657,Kyle Farmer,ATL,Even,434,0.376,0.348,,,,,,,,,,,,,
571657,Kyle Farmer,ATL,Two-Strike,319,0.276,0.705,11.0,3.0,0.0,0.273,0.273,0.364,0.636,0.277,0.222,0.364,0.231,0.286,78.1
543309,Kyle Higashioka,TEX,Ahead (Hitter),429,0.21,0.51,24.0,7.0,1.0,0.35,0.458,0.55,1.008,0.477,0.364,0.0,0.246,0.35,87.9
543309,Kyle Higashioka,TEX,Behind (Hitter),282,0.138,0.55,28.0,7.0,3.0,0.25,0.25,0.571,0.821,0.343,0.327,0.0,0.269,0.286,85.8
543309,Kyle Higashioka,TEX,Even,708,0.346,0.246,23.0,5.0,1.0,0.238,0.304,0.381,0.685,0.343,0.306,0.0,0.219,0.381,81.2
543309,Kyle Higashioka,TEX,Two-Strike,626,0.306,0.577,111.0,17.0,2.0,0.177,0.288,0.271,0.559,0.27,0.27,0.423,0.263,0.449,90.1
664728,Kyle Isbel,KC,Ahead (Hitter),474,0.183,0.492,61.0,16.0,3.0,0.314,0.407,0.51,0.917,0.423,0.354,0.0,0.109,0.396,86.2
664728,Kyle Isbel,KC,Behind (Hitter),383,0.148,0.493,31.0,9.0,0.0,0.3,0.29,0.4,0.69,0.324,0.291,0.0,0.118,0.323,88.1
664728,Kyle Isbel,KC,Even,967,0.374,0.346,65.0,15.0,3.0,0.25,0.246,0.417,0.663,0.294,0.311,0.0,0.104,0.246,76.9
664728,Kyle Isbel,KC,Two-Strike,761,0.294,0.552,156.0,21.0,0.0,0.146,0.201,0.188,0.389,0.19,0.183,0.462,0.238,0.342,84.6
691720,Kyle Karros,COL,Ahead (Hitter),566,0.228,0.451,93.0,22.0,6.0,0.314,0.462,0.657,1.12,0.509,0.473,0.0,0.231,0.435,92.2
691720,Kyle Karros,COL,Behind (Hitter),311,0.125,0.424,32.0,9.0,0.0,0.3,0.344,0.367,0.71,0.347,0.334,0.0,0.28,0.367,89.8
691720,Kyle Karros,COL,Even,891,0.359,0.373,97.0,36.0,6.0,0.383,0.392,0.649,1.041,0.451,0.441,0.0,0.236,0.469,90.0
691720,Kyle Karros,COL,Two-Strike,715,0.288,0.531,237.0,34.0,0.0,0.167,0.283,0.225,0.508,0.245,0.243,0.397,0.199,0.349,87.1
700932,Kyle Manzardo,CLE,Ahead (Hitter),776,0.223,0.407,58.0,9.0,1.0,0.257,0.534,0.371,0.906,0.446,0.451,0.0,0.283,0.444,89.7
700932,Kyle Manzardo,CLE,Behind (Hitter),425,0.122,0.511,17.0,5.0,0.0,0.312,0.353,0.438,0.79,0.347,0.286,0.0,0.346,0.176,82.4
700932,Kyle Manzardo,CLE,Even,1239,0.356,0.358,59.0,21.0,8.0,0.368,0.373,0.86,1.233,0.52,0.501,0.0,0.25,0.552,91.5
700932,Kyle Manzardo,CLE,Two-Strike,1045,0.3,0.65,221.0,32.0,4.0,0.158,0.226,0.241,0.468,0.215,0.217,0.516,0.297,0.348,89.0
656941,Kyle Schwarber,PHI,Ahead (Hitter),1549,0.257,0.411,133.0,31.0,14.0,0.356,0.579,0.908,1.487,0.618,0.614,0.0,0.301,0.59,95.7
656941,Kyle Schwarber,PHI,Behind (Hitter),659,0.109,0.405,36.0,14.0,4.0,0.389,0.389,0.778,1.167,0.492,0.436,0.0,0.331,0.444,88.8
656941,Kyle Schwarber,PHI,Even,2024,0.335,0.35,102.0,39.0,12.0,0.419,0.422,0.828,1.25,0.515,0.487,0.0,0.303,0.439,90.1
656941,Kyle Schwarber,PHI,Two-Strike,1804,0.299,0.53,409.0,47.0,15.0,0.133,0.247,0.288,0.535,0.246,0.249,0.533,0.292,0.474,92.6
669065,Kyle Stowers,MIA,Ahead (Hitter),819,0.224,0.548,92.0,24.0,4.0,0.369,0.533,0.646,1.179,0.516,0.496,0.0,0.305,0.692,96.0
669065,Kyle Stowers,MIA,Behind (Hitter),455,0.124,0.596,42.0,14.0,3.0,0.333,0.333,0.667,1.0,0.442,0.403,0.0,0.348,0.5,91.9
669065,Kyle Stowers,MIA,Even,1320,0.36,0.459,104.0,41.0,8.0,0.418,0.447,0.786,1.232,0.52,0.511,0.0,0.275,0.525,90.8
669065,Kyle Stowers,MIA,Two-Strike,1069,0.292,0.572,270.0,28.0,6.0,0.115,0.204,0.239,0.442,0.207,0.192,0.593,0.383,0.549,91.5
691019,Kyle Teel,CWS,Ahead (Hitter),411,0.23,0.409,17.0,4.0,2.0,0.364,0.588,1.0,1.588,0.609,0.585,0.0,0.275,0.727,92.6
691019,Kyle Teel,CWS,Behind (Hitter),213,0.119,0.469,,,,,,,,,,,,,
691019,Kyle Teel,CWS,Even,598,0.334,0.37,18.0,6.0,2.0,0.353,0.389,0.824,1.212,0.5,0.559,0.0,0.319,0.588,89.1
691019,Kyle Teel,CWS,Two-Strike,566,0.317,0.548,86.0,8.0,0.0,0.11,0.244,0.11,0.354,0.21,0.198,0.57,0.303,0.375,81.5
663656,Kyle Tucker,LAD,Ahead (Hitter),1168,0.247,0.438,122.0,24.0,4.0,0.279,0.492,0.477,0.969,0.449,0.43,0.0,0.159,0.337,87.8
663656,Kyle Tucker,LAD,Behind (Hitter),552,0.117,0.444,55.0,17.0,2.0,0.321,0.309,0.491,0.8,0.37,0.355,0.0,0.194,0.291,86.8
663656,Kyle Tucker,LAD,Even,1693,0.359,0.427,127.0,41.0,8.0,0.328,0.323,0.624,0.947,0.399,0.405,0.0,0.217,0.425,90.6
663656,Kyle Tucker,LAD,Two-Strike,1307,0.277,0.542,304.0,42.0,3.0,0.162,0.28,0.236,0.515,0.251,0.261,0.332,0.169,0.362,87.8
693459,Kyler Fedko,MIN,Ahead (Hitter),15,0.192,0.533,,,,,,,,,,,,,
693459,Kyler Fedko,MIN,Even,25,0.321,0.4,,,,,,,,,,,,,
693459,Kyler Fedko,MIN,Two-Strike,28,0.359,0.643,12.0,0.0,0.0,0.0,0.083,0.0,0.083,0.058,0.151,0.667,0.278,0.667,88.4
677347,Kyren Paris,LAA,Ahead (Hitter),115,0.182,0.47,,,,,,,,,,,,,
677347,Kyren Paris,LAA,Behind (Hitter),88,0.139,0.568,,,,,,,,,,,,,
677347,Kyren Paris,LAA,Even,220,0.349,0.432,,,,,,,,,,,,,
677347,Kyren Paris,LAA,Two-Strike,208,0.33,0.5,13.0,0.0,0.0,0.0,0.231,0.0,0.231,0.162,0.2,0.615,0.25,1.0,98.7
664774,Lamonte Wade,HOU,Ahead (Hitter),425,0.249,0.332,30.0,10.0,0.0,0.526,0.7,0.632,1.332,0.58,0.497,0.0,0.153,0.316,86.1
664774,Lamonte Wade,HOU,Behind (Hitter),192,0.113,0.411,11.0,4.0,3.0,0.364,0.364,1.182,1.545,0.627,0.332,0.0,0.28,0.273,79.7
664774,Lamonte Wade,HOU,Even,573,0.336,0.271,15.0,5.0,1.0,0.333,0.333,0.6,0.933,0.397,0.35,0.0,0.255,0.533,91.0
664774,Lamonte Wade,HOU,Two-Strike,514,0.302,0.597,88.0,7.0,0.0,0.086,0.159,0.123,0.283,0.149,0.163,0.409,0.207,0.267,84.5
657041,Lane Thomas,ATL,Ahead (Hitter),471,0.226,0.403,65.0,11.0,3.0,0.25,0.462,0.523,0.984,0.424,0.442,0.0,0.203,0.413,90.4
657041,Lane Thomas,ATL,Behind (Hitter),251,0.12,0.355,21.0,8.0,2.0,0.4,0.429,0.8,1.229,0.514,0.437,0.0,0.242,0.25,83.5
657041,Lane Thomas,ATL,Even,734,0.352,0.351,77.0,26.0,3.0,0.342,0.351,0.566,0.916,0.427,0.37,0.0,0.184,0.434,89.1
657041,Lane Thomas,ATL,Two-Strike,631,0.302,0.536,211.0,28.0,3.0,0.151,0.251,0.231,0.482,0.228,0.237,0.441,0.206,0.419,90.2
663457,Lars Nootbaar,AZ,Ahead (Hitter),950,0.257,0.336,58.0,11.0,0.0,0.25,0.386,0.318,0.704,0.344,0.355,0.0,0.185,0.413,88.8
663457,Lars Nootbaar,AZ,Behind (Hitter),427,0.116,0.407,28.0,11.0,0.0,0.393,0.393,0.429,0.821,0.366,0.376,0.0,0.203,0.429,89.9
663457,Lars Nootbaar,AZ,Even,1283,0.347,0.269,49.0,12.0,1.0,0.245,0.245,0.367,0.612,0.264,0.359,0.0,0.152,0.449,90.7
663457,Lars Nootbaar,AZ,Two-Strike,1035,0.28,0.557,176.0,28.0,6.0,0.189,0.318,0.372,0.69,0.315,0.32,0.375,0.175,0.602,94.5
671732,Lawrence Butler,ATH,Ahead (Hitter),1056,0.224,0.484,99.0,19.0,1.0,0.264,0.459,0.375,0.834,0.404,0.472,0.0,0.237,0.493,90.5
671732,Lawrence Butler,ATH,Behind (Hitter),558,0.118,0.401,33.0,11.0,1.0,0.333,0.333,0.455,0.788,0.344,0.319,0.0,0.354,0.294,86.5
671732,Lawrence Butler,ATH,Even,1650,0.35,0.4,101.0,36.0,8.0,0.371,0.37,0.701,1.071,0.449,0.438,0.0,0.212,0.51,90.7
671732,Lawrence Butler,ATH,Two-Strike,1448,0.307,0.542,290.0,41.0,7.0,0.16,0.259,0.273,0.532,0.259,0.242,0.472,0.223,0.429,88.5
672820,Lenyn Sosa,TOR,Ahead (Hitter),463,0.186,0.477,12.0,8.0,0.0,0.667,0.667,0.917,1.583,0.688,0.493,0.0,0.176,0.5,90.0
672820,Lenyn Sosa,TOR,Behind (Hitter),349,0.14,0.579,18.0,3.0,1.0,0.176,0.176,0.353,0.529,0.235,0.322,0.0,0.265,0.333,87.5
672820,Lenyn Sosa,TOR,Even,896,0.359,0.344,28.0,6.0,0.0,0.222,0.25,0.37,0.62,0.268,0.253,0.0,0.179,0.333,88.5
672820,Lenyn Sosa,TOR,Two-Strike,787,0.315,0.714,59.0,5.0,0.0,0.088,0.102,0.088,0.189,0.103,0.177,0.424,0.183,0.364,87.3
677870,Leo Jimenez,MIA,Ahead (Hitter),192,0.209,0.37,42.0,5.0,1.0,0.167,0.405,0.3,0.705,0.35,0.41,0.0,0.2,0.483,92.1
677870,Leo Jimenez,MIA,Behind (Hitter),115,0.125,0.513,19.0,6.0,0.0,0.333,0.333,0.333,0.667,0.311,0.314,0.0,0.2,0.421,84.7
677870,Leo Jimenez,MIA,Even,317,0.345,0.297,33.0,7.0,0.0,0.25,0.333,0.25,0.583,0.284,0.387,0.0,0.325,0.31,89.6
677870,Leo Jimenez,MIA,Two-Strike,295,0.321,0.553,101.0,15.0,1.0,0.165,0.248,0.231,0.478,0.224,0.252,0.376,0.173,0.396,89.8
660844,Leo Rivas,SEA,Ahead (Hitter),264,0.234,0.295,22.0,4.0,0.0,0.25,0.455,0.375,0.83,0.386,0.371,0.0,0.068,0.312,89.7
660844,Leo Rivas,SEA,Behind (Hitter),118,0.105,0.288,10.0,2.0,0.0,0.2,0.2,0.2,0.4,0.18,0.201,0.0,0.348,0.0,85.7
660844,Leo Rivas,SEA,Even,377,0.334,0.244,21.0,6.0,0.0,0.375,0.474,0.375,0.849,0.416,0.475,0.0,0.289,0.222,81.7
660844,Leo Rivas,SEA,Two-Strike,369,0.327,0.499,86.0,5.0,0.0,0.068,0.186,0.108,0.294,0.154,0.174,0.453,0.216,0.111,84.7
665750,Leody Taveras,BAL,Ahead (Hitter),512,0.2,0.418,74.0,19.0,3.0,0.38,0.563,0.64,1.203,0.535,0.49,0.0,0.248,0.389,85.1
665750,Leody Taveras,BAL,Behind (Hitter),330,0.129,0.506,39.0,12.0,0.0,0.324,0.324,0.378,0.703,0.322,0.244,0.0,0.21,0.179,79.8
665750,Leody Taveras,BAL,Even,902,0.353,0.404,97.0,31.0,3.0,0.333,0.333,0.57,0.903,0.412,0.331,0.0,0.206,0.316,80.7
665750,Leody Taveras,BAL,Two-Strike,814,0.318,0.588,265.0,30.0,2.0,0.123,0.192,0.185,0.378,0.186,0.189,0.468,0.231,0.35,87.5
689414,Liam Hicks,TB,Ahead (Hitter),930,0.264,0.319,139.0,29.0,4.0,0.282,0.446,0.417,0.864,0.403,0.388,0.0,0.063,0.34,85.3
689414,Liam Hicks,TB,Behind (Hitter),422,0.12,0.412,54.0,15.0,1.0,0.3,0.352,0.38,0.732,0.345,0.286,0.0,0.135,0.18,79.6
689414,Liam Hicks,TB,Even,1292,0.367,0.294,126.0,42.0,4.0,0.347,0.352,0.504,0.856,0.38,0.319,0.0,0.104,0.26,84.7
689414,Liam Hicks,TB,Two-Strike,877,0.249,0.612,217.0,46.0,9.0,0.242,0.327,0.416,0.743,0.335,0.289,0.244,0.121,0.25,84.4
681351,Logan O'Hoppe,TEX,Ahead (Hitter),512,0.186,0.543,53.0,13.0,2.0,0.271,0.34,0.438,0.777,0.342,0.381,0.0,0.216,0.375,86.7
681351,Logan O'Hoppe,TEX,Behind (Hitter),369,0.134,0.591,25.0,7.0,0.0,0.28,0.28,0.32,0.6,0.266,0.346,0.0,0.367,0.2,86.4
681351,Logan O'Hoppe,TEX,Even,999,0.364,0.45,62.0,19.0,1.0,0.328,0.328,0.448,0.776,0.336,0.344,0.0,0.229,0.377,87.0
681351,Logan O'Hoppe,TEX,Two-Strike,867,0.316,0.548,135.0,16.0,1.0,0.132,0.222,0.174,0.396,0.193,0.176,0.504,0.309,0.396,85.7
682515,Logan Porter,LAA,Even,23,0.371,0.261,,,,,,,,,,,,,
682515,Logan Porter,LAA,Two-Strike,18,0.29,0.389,,,,,,,,,,,,,
666971,Lourdes Gurriel,AZ,Ahead (Hitter),531,0.195,0.49,32.0,8.0,1.0,0.32,0.438,0.48,0.918,0.402,0.403,0.0,0.145,0.5,90.2
666971,Lourdes Gurriel,AZ,Behind (Hitter),382,0.14,0.592,35.0,7.0,0.0,0.206,0.2,0.206,0.406,0.18,0.336,0.0,0.156,0.257,85.6
666971,Lourdes Gurriel,AZ,Even,1004,0.368,0.406,42.0,11.0,1.0,0.262,0.262,0.429,0.69,0.295,0.274,0.0,0.283,0.31,85.8
666971,Lourdes Gurriel,AZ,Two-Strike,808,0.297,0.657,92.0,13.0,0.0,0.153,0.207,0.2,0.407,0.208,0.204,0.402,0.225,0.333,88.3
828599,Lucas Spence,HOU,Ahead (Hitter),29,0.17,0.31,,,,,,,,,,,,,
828599,Lucas Spence,HOU,Behind (Hitter),24,0.14,0.5,,,,,,,,,,,,,
828599,Lucas Spence,HOU,Even,67,0.392,0.507,11.0,3.0,0.0,0.3,0.364,0.3,0.664,0.34,0.409,0.0,0.412,0.222,87.7
828599,Lucas Spence,HOU,Two-Strike,51,0.298,0.588,27.0,2.0,0.0,0.08,0.148,0.12,0.268,0.131,0.124,0.63,0.5,0.5,95.4
650333,Luis Arráez,PHI,Ahead (Hitter),1014,0.206,0.394,135.0,37.0,1.0,0.336,0.425,0.491,0.916,0.427,0.363,0.0,0.059,0.318,89.0
650333,Luis Arráez,PHI,Behind (Hitter),702,0.143,0.566,92.0,28.0,2.0,0.311,0.315,0.4,0.715,0.333,0.312,0.0,0.072,0.198,85.8
650333,Luis Arráez,PHI,Even,1869,0.38,0.319,119.0,35.0,1.0,0.321,0.307,0.44,0.747,0.332,0.276,0.0,0.099,0.193,83.7
650333,Luis Arráez,PHI,Two-Strike,1334,0.271,0.738,307.0,85.0,2.0,0.294,0.322,0.388,0.71,0.315,0.295,0.091,0.037,0.136,85.0
669134,Luis Campusano,SD,Ahead (Hitter),235,0.212,0.417,38.0,14.0,2.0,0.538,0.684,0.962,1.646,0.657,0.581,0.0,0.198,0.5,91.2
669134,Luis Campusano,SD,Behind (Hitter),144,0.13,0.444,20.0,9.0,3.0,0.45,0.45,0.95,1.4,0.588,0.376,0.0,0.367,0.4,82.0
669134,Luis Campusano,SD,Even,388,0.35,0.366,42.0,15.0,3.0,0.385,0.429,0.692,1.121,0.475,0.421,0.0,0.275,0.375,87.8
669134,Luis Campusano,SD,Two-Strike,342,0.308,0.573,140.0,18.0,0.0,0.146,0.25,0.171,0.421,0.221,0.223,0.371,0.201,0.338,87.9
671277,Luis García,NYY,Ahead (Hitter),738,0.194,0.562,109.0,35.0,9.0,0.368,0.44,0.716,1.156,0.491,0.453,0.0,0.148,0.521,93.4
671277,Luis García,NYY,Behind (Hitter),542,0.142,0.559,51.0,23.0,6.0,0.451,0.451,0.922,1.373,0.576,0.456,0.0,0.213,0.558,92.5
671277,Luis García,NYY,Even,1454,0.381,0.428,113.0,31.0,5.0,0.274,0.274,0.531,0.805,0.347,0.316,0.0,0.173,0.439,90.2
671277,Luis García,NYY,Two-Strike,1079,0.283,0.633,263.0,53.0,10.0,0.211,0.243,0.371,0.614,0.273,0.281,0.365,0.186,0.404,90.3
800325,Luis Lara,MIL,Ahead (Hitter),186,0.222,0.452,59.0,15.0,0.0,0.3,0.39,0.36,0.75,0.342,0.375,0.0,0.095,0.373,86.8
800325,Luis Lara,MIL,Behind (Hitter),107,0.128,0.374,,,,,,,,,,,,,
800325,Luis Lara,MIL,Even,280,0.334,0.311,28.0,9.0,1.0,0.321,0.321,0.464,0.786,0.341,0.386,0.0,0.23,0.429,88.5
800325,Luis Lara,MIL,Two-Strike,266,0.317,0.511,104.0,16.0,0.0,0.172,0.25,0.237,0.487,0.237,0.228,0.423,0.14,0.449,89.4
682641,Luis Matos,MIL,Ahead (Hitter),152,0.2,0.507,,,,,,,,,,,,,
682641,Luis Matos,MIL,Behind (Hitter),100,0.132,0.56,,,,,,,,,,,,,
682641,Luis Matos,MIL,Even,285,0.375,0.382,,,,,,,,,,,,,
682641,Luis Matos,MIL,Two-Strike,223,0.293,0.691,11.0,1.0,0.0,0.091,0.091,0.091,0.182,0.082,0.023,0.636,0.357,0.0,79.7
650859,Luis Rengifo,SD,Ahead (Hitter),723,0.214,0.47,72.0,20.0,2.0,0.357,0.493,0.554,1.047,0.485,0.421,0.0,0.163,0.464,87.7
650859,Luis Rengifo,SD,Behind (Hitter),449,0.133,0.566,38.0,12.0,1.0,0.324,0.316,0.432,0.748,0.322,0.3,0.0,0.208,0.237,86.1
650859,Luis Rengifo,SD,Even,1227,0.363,0.403,71.0,15.0,1.0,0.224,0.232,0.313,0.545,0.282,0.305,0.0,0.228,0.371,85.6
650859,Luis Rengifo,SD,Two-Strike,980,0.29,0.622,172.0,28.0,0.0,0.184,0.279,0.204,0.483,0.239,0.257,0.285,0.135,0.298,86.5
673357,Luis Robert,BAL,Ahead (Hitter),459,0.19,0.562,50.0,12.0,4.0,0.3,0.44,0.625,1.065,0.469,0.463,0.0,0.135,0.45,89.8
673357,Luis Robert,BAL,Behind (Hitter),335,0.138,0.567,20.0,6.0,2.0,0.316,0.3,0.632,0.932,0.38,0.395,0.0,0.284,0.35,90.4
673357,Luis Robert,BAL,Even,876,0.362,0.485,39.0,9.0,1.0,0.231,0.231,0.359,0.59,0.3,0.302,0.0,0.352,0.41,88.5
673357,Luis Robert,BAL,Two-Strike,752,0.31,0.512,121.0,18.0,4.0,0.17,0.264,0.302,0.566,0.257,0.256,0.455,0.229,0.385,90.6
620443,Luis Torrens,NYM,Ahead (Hitter),453,0.212,0.43,46.0,13.0,3.0,0.361,0.478,0.694,1.173,0.486,0.446,0.0,0.147,0.459,91.8
620443,Luis Torrens,NYM,Behind (Hitter),277,0.13,0.549,25.0,7.0,2.0,0.292,0.292,0.625,0.917,0.392,0.371,0.0,0.242,0.462,84.7
620443,Luis Torrens,NYM,Even,764,0.358,0.373,55.0,16.0,2.0,0.302,0.315,0.491,0.805,0.35,0.371,0.0,0.214,0.364,87.4
620443,Luis Torrens,NYM,Two-Strike,641,0.3,0.629,145.0,23.0,2.0,0.172,0.234,0.254,0.488,0.223,0.201,0.386,0.173,0.405,88.2
649966,Luis Urías,TOR,Ahead (Hitter),343,0.224,0.364,,,,,,,,,,,,,
649966,Luis Urías,TOR,Behind (Hitter),201,0.131,0.498,,,,,,,,,,,,,
649966,Luis Urías,TOR,Even,538,0.351,0.327,15.0,5.0,2.0,0.357,0.333,0.929,1.262,0.493,0.272,0.0,0.062,0.467,88.9
649966,Luis Urías,TOR,Two-Strike,451,0.294,0.583,30.0,5.0,0.0,0.192,0.3,0.192,0.492,0.243,0.251,0.333,0.14,0.062,81.5
682668,Luisangel Acuña,CWS,Ahead (Hitter),322,0.222,0.516,57.0,14.0,0.0,0.28,0.357,0.3,0.657,0.326,0.372,0.0,0.2,0.431,88.1
682668,Luisangel Acuña,CWS,Behind (Hitter),199,0.137,0.538,28.0,8.0,1.0,0.308,0.286,0.423,0.709,0.307,0.24,0.0,0.263,0.37,88.1
682668,Luisangel Acuña,CWS,Even,553,0.381,0.383,47.0,12.0,0.0,0.261,0.261,0.304,0.565,0.254,0.299,0.0,0.252,0.255,83.7
682668,Luisangel Acuña,CWS,Two-Strike,376,0.259,0.598,88.0,12.0,0.0,0.143,0.182,0.155,0.337,0.16,0.18,0.477,0.274,0.4,87.7
694410,Lujames Groover,AZ,Ahead (Hitter),37,0.178,0.351,,,,,,,,,,,,,
694410,Lujames Groover,AZ,Behind (Hitter),29,0.139,0.345,,,,,,,,,,,,,
694410,Lujames Groover,AZ,Even,77,0.37,0.403,14.0,5.0,1.0,0.357,0.357,0.643,1.0,0.425,0.43,0.0,0.226,0.533,88.2
694410,Lujames Groover,AZ,Two-Strike,65,0.312,0.508,29.0,3.0,0.0,0.125,0.276,0.167,0.443,0.226,0.24,0.379,0.091,0.462,92.6
807712,Luke Keaschall,MIN,Ahead (Hitter),697,0.229,0.432,146.0,39.0,4.0,0.358,0.5,0.606,1.106,0.491,0.459,0.0,0.121,0.4,90.2
807712,Luke Keaschall,MIN,Behind (Hitter),392,0.129,0.436,67.0,19.0,0.0,0.297,0.328,0.344,0.672,0.302,0.3,0.0,0.177,0.297,84.3
807712,Luke Keaschall,MIN,Even,1129,0.371,0.322,135.0,40.0,3.0,0.328,0.361,0.443,0.804,0.367,0.334,0.0,0.163,0.25,81.5
807712,Luke Keaschall,MIN,Two-Strike,826,0.271,0.551,257.0,44.0,3.0,0.197,0.296,0.269,0.565,0.274,0.231,0.339,0.17,0.23,83.7
571912,Luke Maile,KC,Ahead (Hitter),93,0.245,0.355,,,,,,,,,,,,,
571912,Luke Maile,KC,Behind (Hitter),46,0.121,0.435,,,,,,,,,,,,,
571912,Luke Maile,KC,Even,138,0.364,0.391,14.0,4.0,1.0,0.286,0.286,0.571,0.857,0.425,0.26,0.0,0.125,0.357,86.8
571912,Luke Maile,KC,Two-Strike,102,0.269,0.569,23.0,1.0,0.0,0.048,0.13,0.095,0.226,0.115,0.094,0.609,0.346,0.286,77.9
670042,Luke Raley,SEA,Ahead (Hitter),388,0.2,0.585,59.0,13.0,4.0,0.265,0.362,0.592,0.954,0.432,0.536,0.0,0.311,0.54,90.5
670042,Luke Raley,SEA,Behind (Hitter),262,0.135,0.55,21.0,6.0,0.0,0.286,0.286,0.286,0.571,0.3,0.456,0.0,0.381,0.333,87.6
670042,Luke Raley,SEA,Even,692,0.357,0.451,44.0,21.0,5.0,0.512,0.535,1.0,1.535,0.645,0.497,0.0,0.454,0.429,86.5
670042,Luke Raley,SEA,Two-Strike,599,0.309,0.596,163.0,19.0,6.0,0.125,0.184,0.257,0.441,0.202,0.218,0.571,0.385,0.492,90.6
663897,Luke Williams,ATL,Ahead (Hitter),18,0.155,0.333,,,,,,,,,,,,,
663897,Luke Williams,ATL,Behind (Hitter),19,0.164,0.684,,,,,,,,,,,,,
663897,Luke Williams,ATL,Even,46,0.397,0.478,,,,,,,,,,,,,
663897,Luke Williams,ATL,Two-Strike,33,0.284,0.545,,,,,,,,,,,,,
663609,Luken Baker,AZ,Ahead (Hitter),54,0.278,0.407,,,,,,,,,,,,,
663609,Luken Baker,AZ,Behind (Hitter),18,0.093,0.611,,,,,,,,,,,,,
663609,Luken Baker,AZ,Even,60,0.309,0.367,,,,,,,,,,,,,
663609,Luken Baker,AZ,Two-Strike,62,0.32,0.419,,,,,,,,,,,,,
672580,Maikel García,KC,Ahead (Hitter),844,0.222,0.399,72.0,17.0,2.0,0.298,0.444,0.456,0.901,0.403,0.422,0.0,0.108,0.474,90.3
672580,Maikel García,KC,Behind (Hitter),519,0.137,0.387,39.0,12.0,0.0,0.308,0.308,0.385,0.692,0.304,0.233,0.0,0.165,0.385,88.7
672580,Maikel García,KC,Even,1428,0.376,0.296,65.0,18.0,1.0,0.277,0.277,0.446,0.723,0.309,0.353,0.0,0.123,0.338,86.9
672580,Maikel García,KC,Two-Strike,1005,0.265,0.545,159.0,33.0,0.0,0.231,0.296,0.315,0.61,0.275,0.272,0.308,0.15,0.4,90.5
592518,Manny Machado,SD,Ahead (Hitter),1167,0.221,0.428,127.0,25.0,6.0,0.272,0.441,0.522,0.963,0.448,0.44,0.0,0.253,0.452,91.1
592518,Manny Machado,SD,Behind (Hitter),690,0.13,0.488,63.0,14.0,5.0,0.23,0.222,0.508,0.73,0.298,0.297,0.0,0.215,0.344,87.5
592518,Manny Machado,SD,Even,1857,0.351,0.412,119.0,37.0,9.0,0.322,0.314,0.6,0.914,0.394,0.441,0.0,0.236,0.492,91.1
592518,Manny Machado,SD,Two-Strike,1575,0.298,0.613,352.0,49.0,9.0,0.159,0.261,0.279,0.541,0.261,0.261,0.392,0.217,0.421,89.3
542303,Marcell Ozuna,PIT,Ahead (Hitter),853,0.219,0.433,50.0,12.0,1.0,0.273,0.36,0.341,0.701,0.337,0.382,0.0,0.27,0.386,89.7
542303,Marcell Ozuna,PIT,Behind (Hitter),467,0.12,0.338,11.0,2.0,2.0,0.182,0.182,0.727,0.909,0.364,0.372,0.0,0.319,0.417,89.6
542303,Marcell Ozuna,PIT,Even,1285,0.331,0.28,39.0,10.0,1.0,0.27,0.308,0.432,0.74,0.33,0.427,0.0,0.368,0.417,92.3
542303,Marcell Ozuna,PIT,Two-Strike,1283,0.33,0.53,178.0,27.0,4.0,0.171,0.264,0.272,0.536,0.258,0.251,0.449,0.239,0.329,87.3
691785,Marcelo Mayer,SF,Ahead (Hitter),280,0.201,0.579,53.0,11.0,1.0,0.244,0.34,0.378,0.717,0.337,0.349,0.0,0.213,0.319,86.3
691785,Marcelo Mayer,SF,Behind (Hitter),193,0.139,0.487,26.0,5.0,0.0,0.2,0.192,0.2,0.392,0.235,0.214,0.0,0.302,0.36,84.4
691785,Marcelo Mayer,SF,Even,511,0.367,0.409,43.0,12.0,2.0,0.279,0.279,0.419,0.698,0.323,0.216,0.0,0.285,0.279,84.3
691785,Marcelo Mayer,SF,Two-Strike,408,0.293,0.559,113.0,17.0,0.0,0.173,0.274,0.245,0.519,0.244,0.242,0.434,0.278,0.46,87.5
543760,Marcus Semien,NYM,Ahead (Hitter),887,0.217,0.487,108.0,24.0,4.0,0.267,0.38,0.444,0.824,0.364,0.399,0.0,0.161,0.396,88.9
543760,Marcus Semien,NYM,Behind (Hitter),529,0.129,0.457,58.0,17.0,0.0,0.309,0.31,0.327,0.638,0.297,0.291,0.0,0.215,0.31,86.6
543760,Marcus Semien,NYM,Even,1476,0.361,0.417,111.0,33.0,5.0,0.306,0.309,0.5,0.809,0.367,0.365,0.0,0.244,0.336,86.5
543760,Marcus Semien,NYM,Two-Strike,1200,0.293,0.598,259.0,31.0,6.0,0.134,0.224,0.234,0.458,0.231,0.238,0.382,0.209,0.313,84.7
668901,Mark Vientos,NYM,Ahead (Hitter),567,0.202,0.563,51.0,18.0,5.0,0.4,0.451,0.8,1.251,0.515,0.444,0.0,0.265,0.543,90.3
668901,Mark Vientos,NYM,Behind (Hitter),391,0.139,0.581,34.0,9.0,0.0,0.29,0.353,0.323,0.676,0.31,0.387,0.0,0.291,0.516,90.6
668901,Mark Vientos,NYM,Even,1033,0.368,0.417,64.0,18.0,5.0,0.286,0.281,0.587,0.869,0.361,0.384,0.0,0.31,0.391,89.8
668901,Mark Vientos,NYM,Two-Strike,814,0.29,0.609,138.0,12.0,3.0,0.094,0.159,0.18,0.339,0.158,0.204,0.5,0.309,0.39,89.0
807799,Masataka Yoshida,BOS,Ahead (Hitter),455,0.254,0.38,71.0,17.0,3.0,0.34,0.507,0.62,1.127,0.474,0.442,0.0,0.163,0.404,90.6
807799,Masataka Yoshida,BOS,Behind (Hitter),240,0.134,0.492,34.0,12.0,0.0,0.353,0.353,0.441,0.794,0.375,0.32,0.0,0.138,0.324,86.3
807799,Masataka Yoshida,BOS,Even,683,0.381,0.302,68.0,20.0,1.0,0.299,0.309,0.448,0.757,0.327,0.302,0.0,0.142,0.418,88.1
807799,Masataka Yoshida,BOS,Two-Strike,413,0.231,0.671,123.0,23.0,1.0,0.205,0.268,0.259,0.527,0.257,0.254,0.268,0.12,0.412,89.3
691026,Masyn Winn,STL,Ahead (Hitter),1049,0.241,0.365,97.0,27.0,1.0,0.38,0.526,0.493,1.019,0.453,0.483,0.0,0.178,0.493,91.6
691026,Masyn Winn,STL,Behind (Hitter),512,0.117,0.443,43.0,15.0,1.0,0.357,0.372,0.548,0.92,0.417,0.304,0.0,0.258,0.31,85.0
691026,Masyn Winn,STL,Even,1499,0.344,0.272,88.0,23.0,2.0,0.274,0.295,0.405,0.7,0.304,0.343,0.0,0.202,0.365,87.9
691026,Masyn Winn,STL,Two-Strike,1300,0.298,0.663,296.0,44.0,1.0,0.165,0.236,0.214,0.451,0.223,0.224,0.375,0.219,0.283,87.0
656305,Matt Chapman,SF,Ahead (Hitter),829,0.228,0.378,52.0,10.0,3.0,0.27,0.481,0.541,1.021,0.497,0.392,0.0,0.237,0.378,89.0
656305,Matt Chapman,SF,Behind (Hitter),442,0.122,0.434,36.0,17.0,1.0,0.472,0.472,0.722,1.194,0.514,0.355,0.0,0.193,0.5,91.6
656305,Matt Chapman,SF,Even,1265,0.348,0.351,66.0,16.0,1.0,0.262,0.288,0.393,0.681,0.334,0.353,0.0,0.201,0.333,87.1
656305,Matt Chapman,SF,Two-Strike,1101,0.303,0.562,195.0,28.0,2.0,0.164,0.262,0.246,0.507,0.237,0.223,0.41,0.212,0.312,87.3
680574,Matt Mclain,CIN,Ahead (Hitter),916,0.212,0.415,91.0,18.0,4.0,0.286,0.484,0.571,1.055,0.454,0.461,0.0,0.249,0.431,87.8
680574,Matt Mclain,CIN,Behind (Hitter),555,0.128,0.47,32.0,7.0,2.0,0.226,0.226,0.452,0.677,0.292,0.307,0.0,0.293,0.312,84.5
680574,Matt Mclain,CIN,Even,1511,0.349,0.303,76.0,22.0,3.0,0.301,0.311,0.493,0.804,0.384,0.36,0.0,0.221,0.289,83.3
680574,Matt Mclain,CIN,Two-Strike,1343,0.311,0.573,283.0,33.0,6.0,0.128,0.205,0.229,0.434,0.2,0.226,0.481,0.259,0.382,87.8
621566,Matt Olson,ATL,Ahead (Hitter),1368,0.226,0.45,143.0,50.0,22.0,0.439,0.538,1.079,1.617,0.655,0.611,0.0,0.213,0.623,94.9
621566,Matt Olson,ATL,Behind (Hitter),712,0.118,0.435,45.0,11.0,2.0,0.25,0.267,0.455,0.721,0.348,0.396,0.0,0.24,0.545,90.6
621566,Matt Olson,ATL,Even,2032,0.336,0.355,97.0,29.0,6.0,0.302,0.309,0.573,0.882,0.373,0.378,0.0,0.233,0.448,91.8
621566,Matt Olson,ATL,Two-Strike,1943,0.321,0.581,395.0,66.0,11.0,0.183,0.248,0.319,0.567,0.256,0.251,0.428,0.217,0.485,91.7
807713,Matt Shaw,CHC,Ahead (Hitter),551,0.224,0.39,41.0,8.0,2.0,0.276,0.463,0.621,1.084,0.451,0.461,0.0,0.167,0.467,89.7
807713,Matt Shaw,CHC,Behind (Hitter),292,0.119,0.589,20.0,5.0,1.0,0.333,0.353,0.533,0.886,0.406,0.312,0.0,0.211,0.211,77.4
807713,Matt Shaw,CHC,Even,864,0.352,0.301,29.0,11.0,0.0,0.393,0.414,0.607,1.021,0.469,0.368,0.0,0.247,0.357,82.0
807713,Matt Shaw,CHC,Two-Strike,751,0.306,0.659,102.0,14.0,2.0,0.152,0.235,0.261,0.496,0.236,0.207,0.343,0.154,0.298,84.8
663837,Matt Vierling,DET,Ahead (Hitter),338,0.22,0.435,51.0,11.0,0.0,0.289,0.431,0.316,0.747,0.352,0.409,0.0,0.154,0.341,86.0
663837,Matt Vierling,DET,Behind (Hitter),195,0.127,0.538,37.0,7.0,1.0,0.189,0.189,0.297,0.486,0.215,0.282,0.0,0.143,0.306,86.3
663837,Matt Vierling,DET,Even,538,0.351,0.297,55.0,9.0,1.0,0.173,0.167,0.346,0.513,0.213,0.377,0.0,0.183,0.527,89.4
663837,Matt Vierling,DET,Two-Strike,463,0.302,0.667,148.0,28.0,3.0,0.201,0.243,0.345,0.589,0.269,0.246,0.331,0.161,0.319,87.8
670242,Matt Wallner,MIN,Ahead (Hitter),451,0.213,0.49,14.0,3.0,1.0,0.3,0.5,0.7,1.2,0.496,0.555,0.0,0.358,0.6,90.6
670242,Matt Wallner,MIN,Behind (Hitter),272,0.128,0.54,12.0,1.0,0.0,0.091,0.167,0.091,0.258,0.133,0.295,0.0,0.432,0.182,78.9
670242,Matt Wallner,MIN,Even,725,0.342,0.483,23.0,6.0,1.0,0.286,0.348,0.429,0.776,0.343,0.369,0.0,0.47,0.476,89.7
670242,Matt Wallner,MIN,Two-Strike,669,0.316,0.538,86.0,10.0,2.0,0.128,0.209,0.231,0.44,0.203,0.211,0.616,0.369,0.36,90.6
683090,Matthew Lugo,KC,Ahead (Hitter),55,0.185,0.582,,,,,,,,,,,,,
683090,Matthew Lugo,KC,Behind (Hitter),42,0.141,0.381,,,,,,,,,,,,,
683090,Matthew Lugo,KC,Even,123,0.413,0.423,,,,,,,,,,,,,
683090,Matthew Lugo,KC,Two-Strike,78,0.262,0.679,,,,,,,,,,,,,
643289,Mauricio Dubón,ATL,Ahead (Hitter),680,0.19,0.5,127.0,37.0,4.0,0.359,0.472,0.534,1.006,0.454,0.416,0.0,0.112,0.419,90.3
643289,Mauricio Dubón,ATL,Behind (Hitter),498,0.139,0.618,63.0,10.0,1.0,0.159,0.159,0.222,0.381,0.166,0.28,0.0,0.188,0.27,84.7
643289,Mauricio Dubón,ATL,Even,1331,0.372,0.427,135.0,42.0,2.0,0.326,0.336,0.481,0.816,0.376,0.33,0.0,0.164,0.313,86.4
643289,Mauricio Dubón,ATL,Two-Strike,1073,0.3,0.651,279.0,64.0,4.0,0.241,0.276,0.335,0.611,0.283,0.244,0.262,0.114,0.218,84.2
668974,Maverick Handley,BAL,Ahead (Hitter),35,0.187,0.486,,,,,,,,,,,,,
668974,Maverick Handley,BAL,Behind (Hitter),26,0.139,0.731,,,,,,,,,,,,,
668974,Maverick Handley,BAL,Even,67,0.358,0.388,,,,,,,,,,,,,
668974,Maverick Handley,BAL,Two-Strike,59,0.316,0.542,,,,,,,,,,,,,
703601,Max Clark,DET,Ahead (Hitter),183,0.262,0.421,42.0,9.0,0.0,0.265,0.39,0.412,0.802,0.365,0.378,0.0,0.117,0.286,83.7
703601,Max Clark,DET,Behind (Hitter),88,0.126,0.523,27.0,11.0,1.0,0.407,0.407,0.593,1.0,0.433,0.339,0.0,0.109,0.333,87.9
703601,Max Clark,DET,Even,246,0.352,0.337,34.0,16.0,0.0,0.533,0.531,0.767,1.298,0.583,0.416,0.0,0.108,0.485,86.1
703601,Max Clark,DET,Two-Strike,181,0.259,0.635,88.0,11.0,2.0,0.147,0.273,0.267,0.539,0.253,0.267,0.42,0.174,0.395,84.9
596146,Max Kepler,AZ,Ahead (Hitter),535,0.226,0.477,27.0,6.0,1.0,0.273,0.37,0.455,0.825,0.387,0.432,0.0,0.207,0.545,92.1
596146,Max Kepler,AZ,Behind (Hitter),277,0.117,0.484,,,,,,,,,,,,,
596146,Max Kepler,AZ,Even,853,0.36,0.419,39.0,9.0,1.0,0.231,0.231,0.359,0.59,0.254,0.295,0.0,0.277,0.359,88.0
596146,Max Kepler,AZ,Two-Strike,706,0.298,0.585,72.0,10.0,0.0,0.154,0.222,0.185,0.407,0.193,0.203,0.444,0.231,0.353,86.6
571970,Max Muncy,LAD,Ahead (Hitter),987,0.255,0.388,116.0,29.0,5.0,0.362,0.56,0.6,1.16,0.533,0.495,0.0,0.254,0.615,93.3
691777,Max Muncy,ATH,Ahead (Hitter),376,0.194,0.471,41.0,10.0,1.0,0.312,0.463,0.5,0.963,0.436,0.413,0.0,0.245,0.419,89.4
571970,Max Muncy,LAD,Behind (Hitter),436,0.113,0.454,33.0,7.0,1.0,0.219,0.212,0.375,0.587,0.245,0.324,0.0,0.305,0.273,89.2
691777,Max Muncy,ATH,Behind (Hitter),263,0.136,0.49,19.0,4.0,2.0,0.222,0.263,0.556,0.819,0.342,0.439,0.0,0.24,0.333,83.2
571970,Max Muncy,LAD,Even,1318,0.341,0.321,94.0,38.0,12.0,0.413,0.426,0.924,1.349,0.57,0.485,0.0,0.246,0.467,88.4
691777,Max Muncy,ATH,Even,693,0.358,0.436,56.0,23.0,4.0,0.434,0.429,0.792,1.221,0.504,0.453,0.0,0.315,0.545,91.7
571970,Max Muncy,LAD,Two-Strike,1127,0.291,0.604,305.0,47.0,11.0,0.17,0.246,0.329,0.574,0.258,0.253,0.452,0.268,0.403,89.0
691777,Max Muncy,ATH,Two-Strike,602,0.311,0.596,169.0,22.0,2.0,0.143,0.213,0.201,0.414,0.2,0.186,0.538,0.337,0.375,88.4
680474,Max Schuemann,NYY,Ahead (Hitter),254,0.212,0.394,20.0,3.0,0.0,0.231,0.5,0.308,0.808,0.398,0.43,0.0,0.179,0.231,79.9
680474,Max Schuemann,NYY,Behind (Hitter),149,0.125,0.396,,,,,,,,,,,,,
680474,Max Schuemann,NYY,Even,437,0.365,0.398,16.0,6.0,1.0,0.429,0.5,0.857,1.357,0.597,0.452,0.0,0.278,0.462,83.7
680474,Max Schuemann,NYY,Two-Strike,356,0.298,0.545,48.0,5.0,1.0,0.119,0.229,0.238,0.467,0.219,0.217,0.438,0.214,0.524,92.1
683737,Michael Busch,CHC,Ahead (Hitter),1089,0.215,0.411,135.0,28.0,7.0,0.341,0.585,0.646,1.232,0.543,0.515,0.0,0.221,0.439,90.8
683737,Michael Busch,CHC,Behind (Hitter),649,0.128,0.453,48.0,14.0,3.0,0.311,0.333,0.533,0.867,0.368,0.383,0.0,0.23,0.457,85.7
683737,Michael Busch,CHC,Even,1783,0.352,0.398,149.0,54.0,7.0,0.372,0.383,0.607,0.989,0.431,0.394,0.0,0.244,0.384,88.2
683737,Michael Busch,CHC,Two-Strike,1539,0.304,0.53,361.0,45.0,3.0,0.143,0.249,0.213,0.462,0.226,0.234,0.446,0.247,0.374,87.7
624424,Michael Conforto,CHC,Ahead (Hitter),687,0.212,0.47,56.0,17.0,6.0,0.378,0.482,0.889,1.371,0.575,0.492,0.0,0.227,0.409,91.8
624424,Michael Conforto,CHC,Behind (Hitter),417,0.129,0.434,17.0,4.0,1.0,0.267,0.353,0.6,0.953,0.4,0.395,0.0,0.29,0.4,91.0
624424,Michael Conforto,CHC,Even,1106,0.342,0.356,56.0,21.0,5.0,0.382,0.393,0.745,1.138,0.496,0.468,0.0,0.221,0.491,91.6
624424,Michael Conforto,CHC,Two-Strike,1027,0.317,0.543,171.0,21.0,3.0,0.144,0.251,0.233,0.484,0.24,0.237,0.468,0.256,0.391,88.3
671739,Michael Harris,ATL,Ahead (Hitter),822,0.189,0.547,108.0,38.0,6.0,0.404,0.481,0.649,1.13,0.494,0.467,0.0,0.176,0.543,91.7
671739,Michael Harris,ATL,Behind (Hitter),639,0.147,0.618,77.0,25.0,2.0,0.329,0.329,0.5,0.829,0.387,0.395,0.0,0.271,0.446,88.4
671739,Michael Harris,ATL,Even,1660,0.382,0.434,131.0,45.0,10.0,0.349,0.346,0.628,0.974,0.435,0.408,0.0,0.227,0.424,88.0
671739,Michael Harris,ATL,Two-Strike,1221,0.281,0.715,295.0,59.0,8.0,0.208,0.234,0.353,0.587,0.259,0.251,0.397,0.209,0.482,90.7
680737,Michael Helman,TEX,Ahead (Hitter),93,0.18,0.527,,,,,,,,,,,,,
680737,Michael Helman,TEX,Behind (Hitter),74,0.143,0.554,,,,,,,,,,,,,
680737,Michael Helman,TEX,Even,196,0.378,0.439,12.0,1.0,0.0,0.111,0.182,0.111,0.293,0.164,0.25,0.0,0.2,0.0,69.0
680737,Michael Helman,TEX,Two-Strike,155,0.299,0.684,15.0,2.0,0.0,0.143,0.2,0.214,0.414,0.19,0.146,0.4,0.261,0.125,85.2
686681,Michael Massey,KC,Ahead (Hitter),491,0.188,0.589,81.0,22.0,2.0,0.314,0.383,0.486,0.868,0.375,0.4,0.0,0.153,0.472,91.2
686681,Michael Massey,KC,Behind (Hitter),381,0.146,0.609,52.0,21.0,2.0,0.404,0.404,0.692,1.096,0.484,0.367,0.0,0.219,0.327,85.6
686681,Michael Massey,KC,Even,970,0.372,0.368,99.0,33.0,4.0,0.347,0.344,0.558,0.902,0.391,0.323,0.0,0.183,0.384,86.7
686681,Michael Massey,KC,Two-Strike,766,0.294,0.658,207.0,37.0,5.0,0.192,0.237,0.29,0.527,0.235,0.247,0.348,0.176,0.382,89.2
672279,Michael Siani,BAL,Ahead (Hitter),20,0.274,0.25,,,,,,,,,,,,,
672279,Michael Siani,BAL,Even,27,0.37,0.37,,,,,,,,,,,,,
672279,Michael Siani,BAL,Two-Strike,21,0.288,0.762,,,,,,,,,,,,,
683021,Michael Stefanic,ATH,Ahead (Hitter),52,0.242,0.385,,,,,,,,,,,,,
683021,Michael Stefanic,ATH,Behind (Hitter),27,0.126,0.296,,,,,,,,,,,,,
683021,Michael Stefanic,ATH,Even,68,0.316,0.279,,,,,,,,,,,,,
683021,Michael Stefanic,ATH,Two-Strike,68,0.316,0.588,16.0,3.0,0.0,0.214,0.312,0.286,0.598,0.278,0.253,0.375,0.125,0.375,89.7
669911,Michael Toglia,CIN,Ahead (Hitter),299,0.204,0.485,,,,,,,,,,,,,
669911,Michael Toglia,CIN,Behind (Hitter),205,0.14,0.459,,,,,,,,,,,,,
669911,Michael Toglia,CIN,Even,508,0.346,0.419,,,,,,,,,,,,,
669911,Michael Toglia,CIN,Two-Strike,456,0.311,0.559,13.0,1.0,0.0,0.077,0.077,0.154,0.231,0.096,0.037,0.923,0.417,0.0,94.1
681508,Mickey Gasper,BOS,Ahead (Hitter),347,0.273,0.343,60.0,13.0,2.0,0.295,0.483,0.477,0.961,0.43,0.465,0.0,0.083,0.432,92.7
681508,Mickey Gasper,BOS,Behind (Hitter),151,0.119,0.43,21.0,6.0,1.0,0.286,0.286,0.571,0.857,0.36,0.306,0.0,0.217,0.333,87.1
681508,Mickey Gasper,BOS,Even,454,0.357,0.304,43.0,15.0,6.0,0.385,0.405,0.897,1.302,0.533,0.483,0.0,0.178,0.439,89.9
681508,Mickey Gasper,BOS,Two-Strike,320,0.252,0.537,95.0,14.0,1.0,0.171,0.284,0.256,0.54,0.264,0.251,0.368,0.202,0.277,83.8
666160,Mickey Moniak,COL,Ahead (Hitter),620,0.2,0.574,71.0,24.0,4.0,0.393,0.437,0.721,1.158,0.475,0.335,0.0,0.201,0.469,90.2
666160,Mickey Moniak,COL,Behind (Hitter),432,0.139,0.653,41.0,14.0,2.0,0.359,0.341,0.667,1.008,0.412,0.35,0.0,0.336,0.463,92.0
666160,Mickey Moniak,COL,Even,1174,0.379,0.474,100.0,28.0,8.0,0.286,0.29,0.633,0.923,0.391,0.356,0.0,0.236,0.364,87.7
666160,Mickey Moniak,COL,Two-Strike,875,0.282,0.666,219.0,30.0,9.0,0.149,0.215,0.308,0.523,0.235,0.215,0.543,0.342,0.41,90.5
665804,Miguel Amaya,CHC,Ahead (Hitter),309,0.227,0.437,45.0,9.0,1.0,0.31,0.535,0.483,1.018,0.467,0.465,0.0,0.187,0.355,85.4
665804,Miguel Amaya,CHC,Behind (Hitter),154,0.113,0.455,13.0,3.0,1.0,0.231,0.231,0.538,0.769,0.388,0.252,0.0,0.273,0.385,87.8
665804,Miguel Amaya,CHC,Even,488,0.358,0.373,52.0,14.0,2.0,0.298,0.333,0.511,0.844,0.376,0.329,0.0,0.268,0.354,87.9
665804,Miguel Amaya,CHC,Two-Strike,413,0.303,0.651,136.0,22.0,2.0,0.183,0.279,0.258,0.538,0.265,0.221,0.485,0.276,0.315,86.3
609280,Miguel Andújar,SD,Ahead (Hitter),450,0.209,0.471,38.0,5.0,1.0,0.156,0.289,0.281,0.571,0.304,0.336,0.0,0.185,0.367,90.2
609280,Miguel Andújar,SD,Behind (Hitter),275,0.128,0.593,28.0,6.0,0.0,0.214,0.214,0.25,0.464,0.205,0.244,0.0,0.284,0.321,84.5
609280,Miguel Andújar,SD,Even,802,0.372,0.436,60.0,21.0,1.0,0.35,0.35,0.5,0.85,0.368,0.389,0.0,0.145,0.383,89.6
609280,Miguel Andújar,SD,Two-Strike,628,0.291,0.683,128.0,30.0,3.0,0.248,0.289,0.455,0.744,0.326,0.256,0.289,0.137,0.361,88.0
500743,Miguel Rojas,LAD,Ahead (Hitter),458,0.23,0.448,57.0,18.0,2.0,0.4,0.491,0.667,1.158,0.498,0.413,0.0,0.192,0.383,88.4
500743,Miguel Rojas,LAD,Behind (Hitter),278,0.14,0.583,36.0,6.0,0.0,0.182,0.194,0.212,0.407,0.204,0.258,0.0,0.167,0.257,84.1
500743,Miguel Rojas,LAD,Even,730,0.366,0.316,56.0,16.0,2.0,0.302,0.296,0.434,0.73,0.364,0.36,0.0,0.143,0.411,85.4
500743,Miguel Rojas,LAD,Two-Strike,526,0.264,0.603,95.0,19.0,0.0,0.216,0.253,0.307,0.559,0.246,0.236,0.274,0.136,0.328,85.2
678246,Miguel Vargas,CWS,Ahead (Hitter),1197,0.236,0.447,153.0,33.0,7.0,0.308,0.503,0.579,1.083,0.475,0.486,0.0,0.173,0.449,90.4
678246,Miguel Vargas,CWS,Behind (Hitter),614,0.121,0.453,65.0,17.0,3.0,0.279,0.277,0.525,0.802,0.329,0.387,0.0,0.177,0.391,89.6
678246,Miguel Vargas,CWS,Even,1771,0.349,0.355,137.0,44.0,13.0,0.328,0.343,0.694,1.037,0.454,0.463,0.0,0.174,0.496,90.6
678246,Miguel Vargas,CWS,Two-Strike,1488,0.293,0.558,329.0,51.0,10.0,0.183,0.307,0.324,0.631,0.293,0.295,0.371,0.174,0.397,89.5
545361,Mike Trout,LAA,Ahead (Hitter),1286,0.247,0.413,130.0,27.0,5.0,0.278,0.446,0.474,0.92,0.474,0.525,0.0,0.215,0.5,90.9
545361,Mike Trout,LAA,Behind (Hitter),575,0.111,0.397,43.0,13.0,6.0,0.325,0.372,0.8,1.172,0.541,0.481,0.0,0.238,0.4,89.1
545361,Mike Trout,LAA,Even,1701,0.327,0.255,80.0,26.0,3.0,0.329,0.338,0.532,0.869,0.394,0.432,0.0,0.222,0.519,91.6
545361,Mike Trout,LAA,Two-Strike,1638,0.315,0.505,364.0,58.0,8.0,0.195,0.343,0.323,0.667,0.315,0.308,0.442,0.239,0.419,88.7
573262,Mike Yastrzemski,ATL,Ahead (Hitter),927,0.233,0.38,75.0,17.0,3.0,0.283,0.427,0.5,0.927,0.407,0.463,0.0,0.141,0.467,92.5
573262,Mike Yastrzemski,ATL,Behind (Hitter),458,0.115,0.45,27.0,8.0,1.0,0.296,0.296,0.481,0.778,0.367,0.321,0.0,0.333,0.519,91.0
573262,Mike Yastrzemski,ATL,Even,1338,0.336,0.282,55.0,19.0,4.0,0.358,0.364,0.679,1.043,0.435,0.356,0.0,0.268,0.407,86.0
573262,Mike Yastrzemski,ATL,Two-Strike,1262,0.317,0.58,235.0,36.0,4.0,0.174,0.268,0.275,0.543,0.258,0.249,0.4,0.174,0.395,89.8
670156,Miles Mastrobuoni,SEA,Ahead (Hitter),181,0.233,0.381,,,,,,,,,,,,,
670156,Miles Mastrobuoni,SEA,Behind (Hitter),110,0.142,0.345,,,,,,,,,,,,,
670156,Miles Mastrobuoni,SEA,Even,303,0.39,0.3,,,,,,,,,,,,,
670156,Miles Mastrobuoni,SEA,Two-Strike,182,0.235,0.604,15.0,1.0,0.0,0.077,0.2,0.077,0.277,0.153,0.161,0.667,0.4,0.667,94.3
641598,Mitch Garver,SEA,Ahead (Hitter),392,0.218,0.388,27.0,6.0,1.0,0.316,0.519,0.474,0.992,0.481,0.485,0.0,0.255,0.579,95.0
641598,Mitch Garver,SEA,Behind (Hitter),228,0.127,0.417,,,,,,,,,,,,,
641598,Mitch Garver,SEA,Even,620,0.344,0.315,25.0,4.0,0.0,0.167,0.2,0.167,0.367,0.208,0.352,0.0,0.296,0.458,89.4
641598,Mitch Garver,SEA,Two-Strike,562,0.312,0.525,91.0,11.0,3.0,0.143,0.275,0.299,0.573,0.284,0.243,0.538,0.302,0.464,89.3
669004,Mj Melendez,NYM,Ahead (Hitter),172,0.198,0.442,17.0,3.0,0.0,0.3,0.588,0.4,0.988,0.468,0.573,0.0,0.259,0.7,97.0
669004,Mj Melendez,NYM,Behind (Hitter),108,0.124,0.509,,,,,,,,,,,,,
669004,Mj Melendez,NYM,Even,307,0.353,0.378,26.0,5.0,0.0,0.217,0.28,0.348,0.628,0.298,0.377,0.0,0.289,0.609,93.3
669004,Mj Melendez,NYM,Two-Strike,283,0.325,0.565,93.0,11.0,4.0,0.139,0.258,0.304,0.562,0.255,0.188,0.538,0.328,0.433,91.6
694208,Moisés Ballesteros,LAA,Ahead (Hitter),335,0.216,0.469,58.0,13.0,2.0,0.302,0.483,0.512,0.994,0.439,0.458,0.0,0.285,0.628,94.6
694208,Moisés Ballesteros,LAA,Behind (Hitter),187,0.121,0.449,21.0,4.0,1.0,0.19,0.19,0.333,0.524,0.28,0.387,0.0,0.265,0.429,87.8
694208,Moisés Ballesteros,LAA,Even,567,0.366,0.437,82.0,29.0,4.0,0.362,0.354,0.562,0.916,0.389,0.333,0.0,0.25,0.439,90.5
694208,Moisés Ballesteros,LAA,Two-Strike,459,0.297,0.627,178.0,21.0,2.0,0.13,0.197,0.185,0.382,0.179,0.21,0.433,0.231,0.414,88.3
605141,Mookie Betts,LAD,Ahead (Hitter),1026,0.235,0.408,131.0,38.0,4.0,0.355,0.473,0.589,1.062,0.478,0.418,0.0,0.101,0.438,90.8
605141,Mookie Betts,LAD,Behind (Hitter),585,0.134,0.45,62.0,19.0,3.0,0.306,0.306,0.5,0.806,0.346,0.353,0.0,0.084,0.355,88.6
605141,Mookie Betts,LAD,Even,1662,0.381,0.277,102.0,24.0,6.0,0.238,0.245,0.455,0.701,0.324,0.368,0.0,0.141,0.446,91.7
605141,Mookie Betts,LAD,Two-Strike,1086,0.249,0.595,216.0,38.0,9.0,0.194,0.264,0.352,0.616,0.272,0.272,0.255,0.114,0.31,89.9
808959,Munetaka Murakami,CWS,Ahead (Hitter),572,0.24,0.395,81.0,16.0,6.0,0.32,0.58,0.72,1.3,0.597,0.578,0.0,0.381,0.511,94.7
808959,Munetaka Murakami,CWS,Behind (Hitter),274,0.115,0.35,27.0,7.0,4.0,0.269,0.296,0.846,1.142,0.461,0.496,0.0,0.406,0.462,90.1
808959,Munetaka Murakami,CWS,Even,793,0.333,0.324,67.0,29.0,12.0,0.46,0.493,1.127,1.62,0.66,0.594,0.0,0.451,0.578,95.0
808959,Munetaka Murakami,CWS,Two-Strike,741,0.311,0.499,355.0,37.0,11.0,0.123,0.254,0.252,0.506,0.238,0.238,0.535,0.37,0.593,93.5
664702,Myles Straw,TOR,Ahead (Hitter),518,0.22,0.384,80.0,15.0,0.0,0.238,0.367,0.333,0.7,0.335,0.366,0.0,0.116,0.333,87.6
664702,Myles Straw,TOR,Behind (Hitter),311,0.132,0.431,39.0,10.0,1.0,0.263,0.263,0.474,0.737,0.364,0.341,0.0,0.048,0.256,84.9
664702,Myles Straw,TOR,Even,861,0.365,0.311,60.0,18.0,0.0,0.316,0.328,0.386,0.714,0.338,0.303,0.0,0.085,0.153,78.4
664702,Myles Straw,TOR,Two-Strike,666,0.283,0.623,146.0,26.0,2.0,0.197,0.267,0.288,0.555,0.257,0.236,0.295,0.137,0.267,85.7
683083,Nasim Nuñez,WSH,Ahead (Hitter),438,0.186,0.438,81.0,18.0,0.0,0.3,0.481,0.333,0.815,0.412,0.414,0.0,0.187,0.29,87.1
683083,Nasim Nuñez,WSH,Behind (Hitter),320,0.136,0.422,38.0,3.0,0.0,0.081,0.079,0.081,0.16,0.118,0.233,0.0,0.239,0.256,83.0
683083,Nasim Nuñez,WSH,Even,821,0.348,0.351,91.0,25.0,1.0,0.301,0.301,0.349,0.651,0.331,0.281,0.0,0.207,0.222,76.0
683083,Nasim Nuñez,WSH,Two-Strike,782,0.331,0.587,272.0,41.0,0.0,0.169,0.257,0.202,0.46,0.231,0.224,0.36,0.173,0.169,83.3
681987,Nate Eaton,BOS,Ahead (Hitter),119,0.203,0.504,13.0,1.0,0.0,0.111,0.385,0.222,0.607,0.312,0.401,0.0,0.4,0.444,90.0
681987,Nate Eaton,BOS,Behind (Hitter),87,0.148,0.517,,,,,,,,,,,,,
681987,Nate Eaton,BOS,Even,208,0.355,0.341,,,,,,,,,,,,,
681987,Nate Eaton,BOS,Two-Strike,172,0.294,0.581,33.0,1.0,0.0,0.034,0.152,0.034,0.186,0.112,0.149,0.455,0.239,0.286,84.2
801501,Nate Furman,SF,Ahead (Hitter),45,0.306,0.444,11.0,2.0,0.0,0.25,0.455,0.25,0.705,0.355,0.355,0.0,0.05,0.25,81.4
801501,Nate Furman,SF,Behind (Hitter),17,0.116,0.471,,,,,,,,,,,,,
801501,Nate Furman,SF,Even,52,0.354,0.327,,,,,,,,,,,,,
801501,Nate Furman,SF,Two-Strike,33,0.224,0.667,19.0,1.0,0.0,0.059,0.158,0.059,0.217,0.121,0.168,0.526,0.273,0.143,78.6
701675,Nathan Church,STL,Ahead (Hitter),379,0.19,0.559,87.0,19.0,1.0,0.264,0.372,0.403,0.775,0.359,0.355,0.0,0.22,0.351,87.0
701675,Nathan Church,STL,Behind (Hitter),261,0.131,0.517,40.0,11.0,0.0,0.282,0.275,0.308,0.583,0.286,0.301,0.0,0.209,0.333,86.6
701675,Nathan Church,STL,Even,730,0.365,0.422,97.0,33.0,4.0,0.351,0.361,0.532,0.893,0.384,0.346,0.0,0.207,0.312,79.8
701675,Nathan Church,STL,Two-Strike,628,0.314,0.701,235.0,43.0,5.0,0.197,0.243,0.303,0.545,0.249,0.236,0.332,0.153,0.245,84.2
664770,Nathan Lukes,TOR,Ahead (Hitter),675,0.198,0.465,76.0,18.0,3.0,0.305,0.453,0.475,0.928,0.426,0.413,0.0,0.138,0.4,89.0
664770,Nathan Lukes,TOR,Behind (Hitter),475,0.14,0.571,60.0,21.0,3.0,0.375,0.379,0.625,1.004,0.432,0.333,0.0,0.124,0.305,83.3
664770,Nathan Lukes,TOR,Even,1197,0.352,0.358,76.0,23.0,1.0,0.329,0.333,0.429,0.762,0.353,0.309,0.0,0.183,0.24,80.4
664770,Nathan Lukes,TOR,Two-Strike,1055,0.31,0.627,230.0,49.0,3.0,0.225,0.265,0.284,0.55,0.26,0.234,0.278,0.114,0.273,86.7
663993,Nathaniel Lowe,CLE,Ahead (Hitter),950,0.218,0.38,89.0,20.0,8.0,0.312,0.472,0.766,1.238,0.52,0.553,0.0,0.122,0.552,94.3
663993,Nathaniel Lowe,CLE,Behind (Hitter),529,0.121,0.488,39.0,16.0,3.0,0.432,0.436,0.757,1.193,0.522,0.496,0.0,0.237,0.41,88.1
663993,Nathaniel Lowe,CLE,Even,1472,0.338,0.329,66.0,21.0,2.0,0.323,0.318,0.508,0.826,0.352,0.334,0.0,0.214,0.318,87.5
663993,Nathaniel Lowe,CLE,Two-Strike,1406,0.323,0.61,222.0,37.0,4.0,0.18,0.234,0.277,0.511,0.239,0.221,0.441,0.206,0.385,88.2
676369,Nelson Velázquez,HOU,Ahead (Hitter),81,0.182,0.543,15.0,6.0,0.0,0.462,0.533,0.538,1.072,0.477,0.469,0.0,0.318,0.538,93.4
676369,Nelson Velázquez,HOU,Behind (Hitter),60,0.135,0.517,,,,,,,,,,,,,
676369,Nelson Velázquez,HOU,Even,156,0.35,0.429,21.0,7.0,4.0,0.333,0.333,0.952,1.286,0.526,0.548,0.0,0.418,0.571,93.5
676369,Nelson Velázquez,HOU,Two-Strike,149,0.334,0.51,66.0,4.0,2.0,0.068,0.152,0.169,0.321,0.152,0.212,0.576,0.303,0.682,95.5
669397,Nick Allen,HOU,Ahead (Hitter),421,0.195,0.501,36.0,11.0,1.0,0.367,0.441,0.633,1.075,0.469,0.358,0.0,0.138,0.312,83.9
669397,Nick Allen,HOU,Behind (Hitter),303,0.14,0.482,20.0,11.0,0.0,0.55,0.55,0.55,1.1,0.495,0.291,0.0,0.318,0.35,86.4
669397,Nick Allen,HOU,Even,788,0.365,0.365,36.0,9.0,1.0,0.281,0.286,0.375,0.661,0.314,0.269,0.0,0.171,0.2,78.9
669397,Nick Allen,HOU,Two-Strike,646,0.299,0.571,69.0,9.0,1.0,0.145,0.217,0.21,0.427,0.212,0.161,0.464,0.247,0.226,82.7
592206,Nick Castellanos,SD,Ahead (Hitter),454,0.171,0.59,17.0,6.0,1.0,0.375,0.353,0.688,1.04,0.475,0.408,0.0,0.34,0.438,89.1
592206,Nick Castellanos,SD,Behind (Hitter),368,0.139,0.549,,,,,,,,,,,,,
592206,Nick Castellanos,SD,Even,955,0.361,0.572,26.0,8.0,2.0,0.308,0.308,0.615,0.923,0.423,0.429,0.0,0.329,0.385,88.0
592206,Nick Castellanos,SD,Two-Strike,872,0.329,0.608,73.0,7.0,1.0,0.103,0.151,0.162,0.312,0.157,0.199,0.466,0.238,0.343,87.6
663743,Nick Fortes,TB,Ahead (Hitter),414,0.207,0.464,66.0,20.0,3.0,0.345,0.424,0.552,0.976,0.423,0.345,0.0,0.107,0.373,84.9
663743,Nick Fortes,TB,Behind (Hitter),270,0.135,0.459,30.0,9.0,1.0,0.321,0.333,0.464,0.798,0.353,0.317,0.0,0.214,0.379,84.0
663743,Nick Fortes,TB,Even,761,0.38,0.396,85.0,21.0,0.0,0.266,0.284,0.38,0.664,0.31,0.296,0.0,0.164,0.325,82.3
663743,Nick Fortes,TB,Two-Strike,556,0.278,0.658,132.0,26.0,1.0,0.211,0.265,0.268,0.533,0.244,0.219,0.311,0.164,0.361,85.0
693304,Nick Gonzales,PIT,Ahead (Hitter),771,0.215,0.585,115.0,34.0,2.0,0.351,0.452,0.515,0.968,0.437,0.401,0.0,0.172,0.323,84.9
693304,Nick Gonzales,PIT,Behind (Hitter),467,0.13,0.615,70.0,27.0,1.0,0.391,0.4,0.493,0.893,0.393,0.355,0.0,0.195,0.275,86.3
693304,Nick Gonzales,PIT,Even,1355,0.378,0.443,133.0,48.0,3.0,0.375,0.398,0.5,0.898,0.394,0.4,0.0,0.251,0.414,86.9
693304,Nick Gonzales,PIT,Two-Strike,996,0.278,0.615,277.0,54.0,0.0,0.22,0.303,0.252,0.555,0.271,0.249,0.354,0.189,0.318,86.3
701762,Nick Kurtz,ATH,Ahead (Hitter),947,0.246,0.375,96.0,21.0,4.0,0.356,0.604,0.661,1.265,0.638,0.569,0.0,0.337,0.633,95.0
701762,Nick Kurtz,ATH,Behind (Hitter),463,0.12,0.454,35.0,14.0,3.0,0.4,0.4,0.771,1.171,0.562,0.54,0.0,0.343,0.529,92.6
701762,Nick Kurtz,ATH,Even,1324,0.344,0.368,54.0,25.0,6.0,0.463,0.463,0.87,1.333,0.565,0.54,0.0,0.354,0.593,92.2
701762,Nick Kurtz,ATH,Two-Strike,1115,0.29,0.526,251.0,30.0,8.0,0.14,0.263,0.265,0.528,0.254,0.248,0.562,0.313,0.541,92.8
679845,Nick Loftin,KC,Ahead (Hitter),541,0.238,0.442,103.0,28.0,3.0,0.346,0.466,0.617,1.083,0.457,0.378,0.0,0.129,0.325,86.3
679845,Nick Loftin,KC,Behind (Hitter),289,0.127,0.433,41.0,12.0,1.0,0.308,0.3,0.462,0.762,0.346,0.377,0.0,0.228,0.415,85.2
679845,Nick Loftin,KC,Even,851,0.375,0.3,73.0,21.0,2.0,0.304,0.314,0.507,0.822,0.365,0.314,0.0,0.158,0.225,84.3
679845,Nick Loftin,KC,Two-Strike,591,0.26,0.57,207.0,27.0,2.0,0.15,0.256,0.217,0.473,0.236,0.228,0.343,0.179,0.275,85.7
663611,Nick Madrigal,TB,Ahead (Hitter),37,0.155,0.486,16.0,5.0,0.0,0.357,0.438,0.429,0.866,0.447,0.364,0.0,0.0,0.357,90.0
663611,Nick Madrigal,TB,Behind (Hitter),37,0.155,0.541,12.0,3.0,0.0,0.25,0.25,0.25,0.5,0.225,0.19,0.0,0.05,0.167,81.1
663611,Nick Madrigal,TB,Even,88,0.368,0.352,,,,,,,,,,,,,
663611,Nick Madrigal,TB,Two-Strike,77,0.322,0.649,26.0,5.0,0.0,0.25,0.423,0.3,0.723,0.348,0.327,0.115,0.04,0.294,90.6
703492,Nick Morabito,NYM,Ahead (Hitter),28,0.174,0.321,,,,,,,,,,,,,
703492,Nick Morabito,NYM,Behind (Hitter),23,0.143,0.261,,,,,,,,,,,,,
703492,Nick Morabito,NYM,Even,62,0.385,0.371,,,,,,,,,,,,,
703492,Nick Morabito,NYM,Two-Strike,48,0.298,0.5,25.0,3.0,0.0,0.13,0.2,0.174,0.374,0.178,0.25,0.56,0.375,0.556,87.2
686765,Nick Sogard,BOS,Ahead (Hitter),358,0.243,0.366,55.0,11.0,2.0,0.282,0.463,0.513,0.976,0.429,0.428,0.0,0.228,0.39,88.3
686765,Nick Sogard,BOS,Behind (Hitter),176,0.12,0.375,24.0,8.0,0.0,0.348,0.348,0.478,0.826,0.466,0.289,0.0,0.182,0.304,79.6
686765,Nick Sogard,BOS,Even,528,0.359,0.297,41.0,12.0,1.0,0.316,0.316,0.447,0.763,0.381,0.332,0.0,0.184,0.275,78.1
686765,Nick Sogard,BOS,Two-Strike,409,0.278,0.587,144.0,27.0,2.0,0.211,0.299,0.32,0.619,0.283,0.262,0.375,0.178,0.233,85.2
669256,Nick Solak,SD,Even,24,0.429,0.333,,,,,,,,,,,,,
694377,Nick Yorke,PIT,Ahead (Hitter),160,0.214,0.456,22.0,4.0,1.0,0.25,0.455,0.5,0.955,0.42,0.447,0.0,0.184,0.625,94.6
694377,Nick Yorke,PIT,Behind (Hitter),102,0.137,0.373,13.0,4.0,0.0,0.308,0.308,0.308,0.615,0.277,0.254,0.0,0.182,0.077,78.8
694377,Nick Yorke,PIT,Even,267,0.357,0.434,21.0,6.0,0.0,0.3,0.3,0.35,0.65,0.342,0.368,0.0,0.233,0.524,87.5
694377,Nick Yorke,PIT,Two-Strike,218,0.292,0.683,61.0,8.0,0.0,0.145,0.213,0.182,0.395,0.187,0.213,0.426,0.221,0.433,86.8
670032,Nicky Lopez,TEX,Ahead (Hitter),222,0.208,0.405,44.0,13.0,1.0,0.361,0.439,0.5,0.939,0.44,0.35,0.0,0.115,0.263,81.5
670032,Nicky Lopez,TEX,Behind (Hitter),144,0.135,0.535,28.0,8.0,0.0,0.308,0.308,0.385,0.692,0.332,0.305,0.0,0.181,0.222,79.9
670032,Nicky Lopez,TEX,Even,395,0.37,0.415,59.0,18.0,0.0,0.367,0.404,0.388,0.792,0.399,0.337,0.0,0.191,0.298,77.6
670032,Nicky Lopez,TEX,Two-Strike,308,0.288,0.669,131.0,23.0,0.0,0.192,0.244,0.2,0.444,0.216,0.206,0.328,0.163,0.139,82.7
663538,Nico Hoerner,CHC,Ahead (Hitter),1030,0.219,0.402,142.0,35.0,3.0,0.307,0.437,0.482,0.919,0.405,0.381,0.0,0.094,0.371,89.6
663538,Nico Hoerner,CHC,Behind (Hitter),649,0.138,0.533,80.0,19.0,1.0,0.244,0.25,0.346,0.596,0.269,0.338,0.0,0.126,0.275,86.3
663538,Nico Hoerner,CHC,Even,1782,0.379,0.347,157.0,47.0,1.0,0.318,0.325,0.365,0.69,0.311,0.368,0.0,0.133,0.373,88.6
663538,Nico Hoerner,CHC,Two-Strike,1245,0.265,0.7,293.0,58.0,3.0,0.214,0.27,0.284,0.554,0.276,0.267,0.198,0.093,0.2,81.9
682622,Noelvi Marte,CIN,Ahead (Hitter),409,0.202,0.55,30.0,9.0,3.0,0.346,0.433,0.769,1.203,0.497,0.487,0.0,0.286,0.37,89.2
682622,Noelvi Marte,CIN,Behind (Hitter),285,0.141,0.533,15.0,2.0,0.0,0.133,0.133,0.133,0.267,0.12,0.164,0.0,0.229,0.2,84.8
682622,Noelvi Marte,CIN,Even,765,0.377,0.433,47.0,9.0,0.0,0.196,0.191,0.261,0.452,0.195,0.229,0.0,0.261,0.298,90.6
682622,Noelvi Marte,CIN,Two-Strike,569,0.281,0.601,106.0,14.0,3.0,0.14,0.189,0.24,0.429,0.201,0.18,0.491,0.245,0.3,85.6
571448,Nolan Arenado,AZ,Ahead (Hitter),904,0.23,0.465,114.0,28.0,13.0,0.35,0.526,0.875,1.401,0.577,0.5,0.0,0.239,0.425,89.6
571448,Nolan Arenado,AZ,Behind (Hitter),509,0.129,0.43,55.0,15.0,2.0,0.278,0.291,0.444,0.735,0.317,0.275,0.0,0.216,0.259,83.2
571448,Nolan Arenado,AZ,Even,1404,0.357,0.326,89.0,27.0,6.0,0.314,0.337,0.593,0.93,0.402,0.321,0.0,0.267,0.353,85.2
571448,Nolan Arenado,AZ,Two-Strike,1118,0.284,0.681,323.0,60.0,7.0,0.199,0.248,0.315,0.562,0.258,0.22,0.365,0.188,0.259,83.7
669357,Nolan Gorman,STL,Ahead (Hitter),620,0.214,0.447,45.0,10.0,0.0,0.333,0.556,0.367,0.922,0.48,0.507,0.0,0.385,0.429,90.1
669357,Nolan Gorman,STL,Behind (Hitter),374,0.129,0.513,28.0,8.0,0.0,0.286,0.286,0.393,0.679,0.295,0.343,0.0,0.326,0.464,89.2
669357,Nolan Gorman,STL,Even,982,0.34,0.386,42.0,13.0,5.0,0.317,0.31,0.732,1.041,0.437,0.419,0.0,0.364,0.512,92.5
669357,Nolan Gorman,STL,Two-Strike,915,0.316,0.584,182.0,18.0,4.0,0.109,0.181,0.182,0.363,0.171,0.187,0.516,0.349,0.356,87.6
694384,Nolan Schanuel,LAA,Ahead (Hitter),1000,0.26,0.358,100.0,23.0,2.0,0.338,0.54,0.515,1.055,0.467,0.447,0.0,0.15,0.42,86.0
694384,Nolan Schanuel,LAA,Behind (Hitter),463,0.12,0.462,39.0,12.0,1.0,0.316,0.308,0.421,0.729,0.314,0.354,0.0,0.175,0.256,83.5
694384,Nolan Schanuel,LAA,Even,1399,0.364,0.347,92.0,23.0,0.0,0.258,0.275,0.36,0.634,0.29,0.356,0.0,0.141,0.389,90.2
694384,Nolan Schanuel,LAA,Two-Strike,984,0.256,0.666,215.0,50.0,4.0,0.254,0.302,0.345,0.648,0.293,0.27,0.265,0.124,0.268,86.9
686554,Oliver Dunn,TB,Ahead (Hitter),44,0.224,0.455,,,,,,,,,,,,,
686554,Oliver Dunn,TB,Behind (Hitter),22,0.112,0.409,,,,,,,,,,,,,
686554,Oliver Dunn,TB,Even,70,0.357,0.4,,,,,,,,,,,,,
686554,Oliver Dunn,TB,Two-Strike,60,0.306,0.467,,,,,,,,,,,,,
665833,Oneil Cruz,PIT,Ahead (Hitter),889,0.224,0.402,65.0,19.0,4.0,0.396,0.554,0.688,1.241,0.597,0.539,0.0,0.295,0.574,93.2
665833,Oneil Cruz,PIT,Behind (Hitter),488,0.123,0.371,28.0,16.0,4.0,0.571,0.571,1.036,1.607,0.684,0.638,0.0,0.378,0.536,92.6
665833,Oneil Cruz,PIT,Even,1369,0.345,0.369,59.0,21.0,5.0,0.368,0.39,0.754,1.144,0.503,0.496,0.0,0.393,0.482,95.2
665833,Oneil Cruz,PIT,Two-Strike,1217,0.307,0.495,256.0,44.0,7.0,0.193,0.281,0.307,0.588,0.275,0.242,0.535,0.303,0.533,93.9
606115,Orlando Arcia,MIN,Ahead (Hitter),177,0.186,0.525,11.0,2.0,0.0,0.222,0.364,0.222,0.586,0.291,0.395,0.0,0.2,0.333,89.4
606115,Orlando Arcia,MIN,Behind (Hitter),143,0.15,0.559,,,,,,,,,,,,,
606115,Orlando Arcia,MIN,Even,361,0.379,0.443,14.0,4.0,0.0,0.286,0.286,0.357,0.643,0.282,0.201,0.0,0.16,0.143,82.2
606115,Orlando Arcia,MIN,Two-Strike,271,0.285,0.646,18.0,5.0,1.0,0.278,0.278,0.444,0.722,0.311,0.199,0.444,0.276,0.4,84.7
678545,Osleivis Basabe,SF,Ahead (Hitter),103,0.187,0.417,18.0,5.0,0.0,0.357,0.471,0.429,0.899,0.421,0.415,0.0,0.186,0.4,88.2
678545,Osleivis Basabe,SF,Behind (Hitter),87,0.158,0.552,19.0,6.0,0.0,0.316,0.316,0.368,0.684,0.303,0.35,0.0,0.292,0.316,84.4
678545,Osleivis Basabe,SF,Even,189,0.342,0.254,20.0,5.0,1.0,0.278,0.3,0.444,0.744,0.315,0.266,0.0,0.167,0.263,84.4
678545,Osleivis Basabe,SF,Two-Strike,173,0.313,0.642,84.0,10.0,4.0,0.132,0.214,0.303,0.517,0.241,0.249,0.333,0.162,0.367,87.8
672724,Oswald Peraza,LAA,Ahead (Hitter),412,0.172,0.595,51.0,14.0,2.0,0.298,0.333,0.489,0.823,0.387,0.33,0.0,0.258,0.347,84.5
672724,Oswald Peraza,LAA,Behind (Hitter),323,0.134,0.495,39.0,16.0,1.0,0.444,0.487,0.611,1.098,0.478,0.463,0.0,0.256,0.556,92.0
672724,Oswald Peraza,LAA,Even,877,0.365,0.452,76.0,24.0,3.0,0.333,0.36,0.556,0.916,0.419,0.393,0.0,0.292,0.338,85.9
672724,Oswald Peraza,LAA,Two-Strike,790,0.329,0.619,198.0,22.0,1.0,0.122,0.202,0.156,0.358,0.184,0.177,0.551,0.266,0.296,85.4
665828,Oswaldo Cabrera,CIN,Ahead (Hitter),106,0.206,0.509,,,,,,,,,,,,,
665828,Oswaldo Cabrera,CIN,Behind (Hitter),74,0.144,0.5,,,,,,,,,,,,,
665828,Oswaldo Cabrera,CIN,Even,197,0.383,0.386,,,,,,,,,,,,,
665828,Oswaldo Cabrera,CIN,Two-Strike,138,0.268,0.63,11.0,1.0,0.0,0.091,0.091,0.182,0.273,0.114,0.035,0.727,0.235,0.333,80.0
805249,Otto Kemp,PHI,Ahead (Hitter),181,0.193,0.492,,,,,,,,,,,,,
805249,Otto Kemp,PHI,Behind (Hitter),130,0.138,0.531,,,,,,,,,,,,,
805249,Otto Kemp,PHI,Even,340,0.362,0.465,,,,,,,,,,,,,
805249,Otto Kemp,PHI,Two-Strike,288,0.307,0.562,17.0,1.0,0.0,0.059,0.059,0.059,0.118,0.053,0.125,0.588,0.333,0.0,80.7
672640,Otto Lopez,MIA,Ahead (Hitter),1047,0.227,0.435,138.0,36.0,4.0,0.324,0.428,0.532,0.959,0.418,0.462,0.0,0.16,0.491,91.9
672640,Otto Lopez,MIA,Behind (Hitter),653,0.142,0.53,86.0,36.0,1.0,0.429,0.43,0.571,1.002,0.434,0.342,0.0,0.192,0.365,88.6
672640,Otto Lopez,MIA,Even,1748,0.379,0.309,136.0,42.0,5.0,0.326,0.331,0.519,0.85,0.399,0.375,0.0,0.21,0.455,88.2
672640,Otto Lopez,MIA,Two-Strike,1162,0.252,0.671,312.0,72.0,1.0,0.247,0.292,0.326,0.618,0.294,0.242,0.282,0.152,0.356,86.9
683357,Owen Caissie,MIA,Ahead (Hitter),287,0.196,0.509,47.0,16.0,4.0,0.421,0.489,0.868,1.358,0.573,0.559,0.0,0.313,0.538,94.5
683357,Owen Caissie,MIA,Behind (Hitter),189,0.129,0.402,15.0,5.0,2.0,0.417,0.4,0.917,1.317,0.553,0.634,0.0,0.382,0.643,93.2
683357,Owen Caissie,MIA,Even,515,0.351,0.396,57.0,17.0,5.0,0.321,0.333,0.679,1.013,0.429,0.408,0.0,0.293,0.472,89.0
683357,Owen Caissie,MIA,Two-Strike,476,0.324,0.553,214.0,26.0,3.0,0.136,0.22,0.209,0.429,0.206,0.196,0.575,0.358,0.343,88.4
645277,Ozzie Albies,ATL,Ahead (Hitter),1087,0.222,0.552,140.0,25.0,4.0,0.214,0.329,0.359,0.688,0.317,0.344,0.0,0.193,0.325,89.1
645277,Ozzie Albies,ATL,Behind (Hitter),606,0.124,0.551,59.0,15.0,4.0,0.263,0.254,0.509,0.763,0.331,0.33,0.0,0.249,0.322,87.1
645277,Ozzie Albies,ATL,Even,1814,0.37,0.459,157.0,46.0,7.0,0.303,0.293,0.487,0.78,0.328,0.293,0.0,0.216,0.314,88.3
645277,Ozzie Albies,ATL,Two-Strike,1392,0.284,0.667,310.0,58.0,7.0,0.212,0.29,0.344,0.635,0.291,0.23,0.316,0.163,0.198,84.7
664731,P. J. Higgins,CIN,Ahead (Hitter),32,0.25,0.469,,,,,,,,,,,,,
664731,P. J. Higgins,CIN,Behind (Hitter),19,0.148,0.316,,,,,,,,,,,,,
664731,P. J. Higgins,CIN,Even,45,0.352,0.244,,,,,,,,,,,,,
664731,P. J. Higgins,CIN,Two-Strike,32,0.25,0.562,15.0,2.0,0.0,0.143,0.2,0.143,0.343,0.167,0.228,0.533,0.333,0.167,85.5
678009,Parker Meadows,DET,Ahead (Hitter),219,0.214,0.374,13.0,3.0,0.0,0.273,0.385,0.364,0.748,0.342,0.272,0.0,0.05,0.091,78.6
678009,Parker Meadows,DET,Behind (Hitter),133,0.13,0.496,,,,,,,,,,,,,
678009,Parker Meadows,DET,Even,348,0.341,0.368,,,,,,,,,,,,,
678009,Parker Meadows,DET,Two-Strike,322,0.315,0.556,21.0,3.0,0.0,0.15,0.19,0.15,0.34,0.162,0.183,0.476,0.25,0.3,92.8
672275,Patrick Bailey,CLE,Ahead (Hitter),620,0.204,0.461,55.0,17.0,5.0,0.415,0.545,0.78,1.326,0.544,0.498,0.0,0.212,0.452,92.9
672275,Patrick Bailey,CLE,Behind (Hitter),398,0.131,0.384,25.0,4.0,1.0,0.16,0.16,0.28,0.44,0.188,0.354,0.0,0.277,0.4,89.8
672275,Patrick Bailey,CLE,Even,1098,0.361,0.438,65.0,19.0,1.0,0.317,0.306,0.467,0.773,0.337,0.431,0.0,0.273,0.369,84.6
672275,Patrick Bailey,CLE,Two-Strike,926,0.304,0.61,187.0,22.0,1.0,0.128,0.198,0.169,0.366,0.185,0.199,0.471,0.242,0.442,90.6
621550,Patrick Wisdom,SEA,Ahead (Hitter),32,0.168,0.531,,,,,,,,,,,,,
621550,Patrick Wisdom,SEA,Behind (Hitter),30,0.158,0.667,,,,,,,,,,,,,
621550,Patrick Wisdom,SEA,Even,65,0.342,0.508,,,,,,,,,,,,,
621550,Patrick Wisdom,SEA,Two-Strike,63,0.332,0.54,31.0,2.0,1.0,0.067,0.097,0.167,0.263,0.116,0.207,0.677,0.441,0.556,97.2
502671,Paul Goldschmidt,NYY,Ahead (Hitter),724,0.202,0.403,51.0,17.0,3.0,0.415,0.529,0.732,1.261,0.566,0.488,0.0,0.281,0.375,88.2
502671,Paul Goldschmidt,NYY,Behind (Hitter),499,0.139,0.529,36.0,12.0,4.0,0.333,0.333,0.694,1.028,0.432,0.453,0.0,0.248,0.361,86.9
502671,Paul Goldschmidt,NYY,Even,1244,0.348,0.386,69.0,21.0,5.0,0.304,0.304,0.58,0.884,0.387,0.401,0.0,0.27,0.507,89.1
502671,Paul Goldschmidt,NYY,Two-Strike,1111,0.311,0.602,214.0,35.0,6.0,0.182,0.257,0.302,0.559,0.256,0.219,0.388,0.202,0.266,84.6
656976,Pavin Smith,AZ,Ahead (Hitter),411,0.243,0.336,17.0,1.0,0.0,0.111,0.529,0.111,0.641,0.382,0.476,0.0,0.243,0.444,89.7
656976,Pavin Smith,AZ,Behind (Hitter),191,0.113,0.466,19.0,8.0,2.0,0.421,0.421,0.737,1.158,0.495,0.511,0.0,0.097,0.632,90.3
656976,Pavin Smith,AZ,Even,566,0.335,0.307,18.0,3.0,1.0,0.167,0.167,0.333,0.5,0.211,0.185,0.0,0.224,0.222,87.9
656976,Pavin Smith,AZ,Two-Strike,524,0.31,0.574,55.0,5.0,0.0,0.098,0.145,0.137,0.283,0.133,0.169,0.418,0.2,0.276,86.4
686780,Pedro Pagés,STL,Ahead (Hitter),449,0.191,0.479,25.0,6.0,0.0,0.3,0.44,0.35,0.79,0.385,0.359,0.0,0.231,0.421,90.4
686780,Pedro Pagés,STL,Behind (Hitter),320,0.136,0.516,20.0,6.0,1.0,0.353,0.368,0.588,0.957,0.408,0.398,0.0,0.333,0.526,88.1
686780,Pedro Pagés,STL,Even,825,0.351,0.375,27.0,3.0,0.0,0.136,0.167,0.136,0.303,0.174,0.301,0.0,0.309,0.308,82.1
686780,Pedro Pagés,STL,Two-Strike,755,0.321,0.658,135.0,25.0,3.0,0.195,0.237,0.297,0.534,0.238,0.225,0.407,0.223,0.342,83.8
699393,Pedro Ramírez,CHC,Ahead (Hitter),201,0.212,0.453,46.0,13.0,1.0,0.361,0.5,0.528,1.028,0.492,0.431,0.0,0.176,0.486,92.8
699393,Pedro Ramírez,CHC,Behind (Hitter),127,0.134,0.598,29.0,9.0,1.0,0.321,0.31,0.571,0.882,0.397,0.359,0.0,0.237,0.483,88.8
699393,Pedro Ramírez,CHC,Even,346,0.365,0.384,59.0,17.0,1.0,0.304,0.31,0.464,0.775,0.334,0.258,0.0,0.173,0.328,87.4
699393,Pedro Ramírez,CHC,Two-Strike,273,0.288,0.623,119.0,21.0,3.0,0.188,0.235,0.295,0.53,0.244,0.219,0.387,0.182,0.348,87.6
624413,Pete Alonso,BAL,Ahead (Hitter),1297,0.229,0.385,117.0,29.0,8.0,0.349,0.53,0.675,1.205,0.536,0.528,0.0,0.242,0.58,96.0
624413,Pete Alonso,BAL,Behind (Hitter),694,0.122,0.452,63.0,20.0,5.0,0.333,0.349,0.583,0.933,0.395,0.458,0.0,0.247,0.541,91.5
624413,Pete Alonso,BAL,Even,1969,0.347,0.377,115.0,43.0,9.0,0.391,0.409,0.718,1.127,0.482,0.491,0.0,0.251,0.58,95.1
624413,Pete Alonso,BAL,Two-Strike,1716,0.302,0.591,392.0,64.0,19.0,0.186,0.281,0.387,0.667,0.294,0.324,0.423,0.241,0.551,93.1
691718,Pete Crow-Armstrong,CHC,Ahead (Hitter),952,0.186,0.518,119.0,39.0,12.0,0.438,0.571,0.978,1.549,0.647,0.586,0.0,0.202,0.54,91.2
691718,Pete Crow-Armstrong,CHC,Behind (Hitter),699,0.136,0.558,48.0,23.0,10.0,0.489,0.479,1.191,1.671,0.682,0.604,0.0,0.28,0.5,90.9
691718,Pete Crow-Armstrong,CHC,Even,1839,0.358,0.489,127.0,42.0,11.0,0.347,0.365,0.645,1.01,0.428,0.434,0.0,0.26,0.431,88.2
691718,Pete Crow-Armstrong,CHC,Two-Strike,1640,0.32,0.595,414.0,68.0,12.0,0.189,0.292,0.369,0.662,0.298,0.273,0.444,0.243,0.497,90.0
690984,Petey Halpin,CLE,Ahead (Hitter),140,0.207,0.529,35.0,9.0,1.0,0.321,0.429,0.5,0.929,0.403,0.441,0.0,0.25,0.276,87.7
690984,Petey Halpin,CLE,Behind (Hitter),88,0.13,0.614,23.0,7.0,1.0,0.318,0.318,0.5,0.818,0.361,0.322,0.0,0.196,0.304,76.6
690984,Petey Halpin,CLE,Even,269,0.399,0.502,52.0,16.0,1.0,0.333,0.333,0.458,0.792,0.376,0.326,0.0,0.221,0.25,79.4
690984,Petey Halpin,CLE,Two-Strike,178,0.264,0.73,79.0,7.0,1.0,0.092,0.127,0.132,0.258,0.12,0.192,0.443,0.226,0.244,84.3
646240,Rafael Devers,SF,Ahead (Hitter),1253,0.219,0.493,128.0,36.0,11.0,0.391,0.547,0.848,1.395,0.589,0.544,0.0,0.283,0.511,94.0
646240,Rafael Devers,SF,Behind (Hitter),714,0.125,0.489,52.0,23.0,4.0,0.451,0.442,0.784,1.227,0.516,0.399,0.0,0.271,0.481,92.8
646240,Rafael Devers,SF,Even,1939,0.339,0.357,88.0,30.0,9.0,0.341,0.341,0.739,1.08,0.451,0.405,0.0,0.3,0.534,92.2
646240,Rafael Devers,SF,Two-Strike,1810,0.317,0.558,361.0,55.0,13.0,0.167,0.235,0.333,0.569,0.255,0.248,0.446,0.235,0.52,92.6
804668,Rafael Flores,PIT,Ahead (Hitter),131,0.188,0.458,23.0,7.0,3.0,0.368,0.478,0.842,1.32,0.578,0.509,0.0,0.231,0.368,91.0
804668,Rafael Flores,PIT,Behind (Hitter),102,0.147,0.402,10.0,4.0,1.0,0.4,0.4,0.7,1.1,0.47,0.329,0.0,0.343,0.3,86.2
804668,Rafael Flores,PIT,Even,252,0.363,0.361,26.0,11.0,2.0,0.423,0.423,0.808,1.231,0.519,0.48,0.0,0.342,0.538,91.7
804668,Rafael Flores,PIT,Two-Strike,210,0.302,0.605,94.0,16.0,4.0,0.19,0.277,0.357,0.634,0.289,0.284,0.447,0.25,0.524,91.8
665561,Rafael Marchán,PHI,Ahead (Hitter),169,0.204,0.462,12.0,2.0,0.0,0.182,0.25,0.182,0.432,0.208,0.216,0.0,0.162,0.091,82.5
665561,Rafael Marchán,PHI,Behind (Hitter),107,0.129,0.477,,,,,,,,,,,,,
665561,Rafael Marchán,PHI,Even,301,0.363,0.372,21.0,3.0,2.0,0.15,0.19,0.45,0.64,0.31,0.273,0.0,0.255,0.3,85.7
665561,Rafael Marchán,PHI,Two-Strike,252,0.304,0.587,54.0,4.0,0.0,0.077,0.111,0.077,0.188,0.109,0.175,0.278,0.117,0.162,81.1
657656,Ramón Laureano,SD,Ahead (Hitter),591,0.207,0.469,40.0,9.0,2.0,0.3,0.475,0.633,1.108,0.467,0.499,0.0,0.21,0.6,91.5
657656,Ramón Laureano,SD,Behind (Hitter),377,0.132,0.528,17.0,4.0,1.0,0.267,0.294,0.467,0.761,0.318,0.41,0.0,0.273,0.25,84.9
657656,Ramón Laureano,SD,Even,977,0.343,0.382,23.0,9.0,1.0,0.409,0.391,0.636,1.028,0.43,0.326,0.0,0.352,0.348,84.9
657656,Ramón Laureano,SD,Two-Strike,906,0.318,0.586,126.0,15.0,3.0,0.13,0.206,0.243,0.45,0.206,0.237,0.516,0.317,0.38,88.3
602104,Ramón Urías,STL,Ahead (Hitter),370,0.197,0.424,20.0,4.0,1.0,0.286,0.5,0.643,1.143,0.48,0.424,0.0,0.067,0.429,86.4
602104,Ramón Urías,STL,Behind (Hitter),238,0.127,0.559,12.0,3.0,2.0,0.25,0.25,0.75,1.0,0.408,0.39,0.0,0.324,0.417,90.7
602104,Ramón Urías,STL,Even,678,0.362,0.431,21.0,3.0,0.0,0.176,0.286,0.235,0.521,0.288,0.312,0.0,0.196,0.278,90.2
602104,Ramón Urías,STL,Two-Strike,588,0.314,0.565,47.0,3.0,1.0,0.07,0.149,0.14,0.288,0.14,0.223,0.383,0.22,0.32,87.5
545341,Randal Grichuk,CWS,Ahead (Hitter),430,0.209,0.567,54.0,20.0,2.0,0.4,0.426,0.66,1.086,0.475,0.427,0.0,0.142,0.52,91.8
545341,Randal Grichuk,CWS,Behind (Hitter),278,0.135,0.518,21.0,10.0,1.0,0.476,0.476,0.762,1.238,0.574,0.49,0.0,0.313,0.667,97.6
545341,Randal Grichuk,CWS,Even,767,0.373,0.347,63.0,16.0,3.0,0.258,0.254,0.484,0.738,0.309,0.368,0.0,0.19,0.429,90.3
545341,Randal Grichuk,CWS,Two-Strike,582,0.283,0.662,130.0,28.0,8.0,0.23,0.269,0.541,0.81,0.337,0.26,0.462,0.257,0.516,91.1
668227,Randy Arozarena,SEA,Ahead (Hitter),1203,0.216,0.354,88.0,24.0,5.0,0.429,0.636,0.732,1.369,0.57,0.562,0.0,0.269,0.491,93.6
668227,Randy Arozarena,SEA,Behind (Hitter),701,0.126,0.499,62.0,27.0,5.0,0.443,0.452,0.754,1.206,0.515,0.453,0.0,0.299,0.475,91.8
668227,Randy Arozarena,SEA,Even,1916,0.345,0.351,117.0,38.0,7.0,0.355,0.393,0.636,1.029,0.448,0.407,0.0,0.27,0.436,90.7
668227,Randy Arozarena,SEA,Two-Strike,1738,0.313,0.594,383.0,64.0,8.0,0.194,0.3,0.321,0.621,0.297,0.269,0.36,0.196,0.399,90.0
669384,Raynel Delgado,HOU,Ahead (Hitter),35,0.265,0.514,,,,,,,,,,,,,
669384,Raynel Delgado,HOU,Behind (Hitter),15,0.114,0.667,,,,,,,,,,,,,
669384,Raynel Delgado,HOU,Even,53,0.402,0.396,12.0,3.0,1.0,0.273,0.273,0.545,0.818,0.364,0.308,0.0,0.286,0.333,83.2
669384,Raynel Delgado,HOU,Two-Strike,29,0.22,0.621,18.0,1.0,0.0,0.067,0.222,0.067,0.289,0.167,0.197,0.333,0.333,0.125,78.7
677956,Rece Hinds,BAL,Ahead (Hitter),82,0.186,0.537,,,,,,,,,,,,,
677956,Rece Hinds,BAL,Behind (Hitter),61,0.139,0.557,,,,,,,,,,,,,
677956,Rece Hinds,BAL,Even,151,0.343,0.517,,,,,,,,,,,,,
677956,Rece Hinds,BAL,Two-Strike,146,0.332,0.527,40.0,4.0,0.0,0.105,0.15,0.184,0.334,0.151,0.151,0.675,0.348,0.364,87.4
624512,Reese Mcguire,CWS,Ahead (Hitter),124,0.202,0.5,,,,,,,,,,,,,
624512,Reese Mcguire,CWS,Behind (Hitter),96,0.156,0.552,,,,,,,,,,,,,
624512,Reese Mcguire,CWS,Even,235,0.382,0.413,,,,,,,,,,,,,
624512,Reese Mcguire,CWS,Two-Strike,160,0.26,0.713,17.0,2.0,0.0,0.125,0.176,0.125,0.301,0.147,0.161,0.529,0.304,0.143,76.9
656555,Rhys Hoskins,CLE,Ahead (Hitter),679,0.245,0.377,64.0,14.0,8.0,0.359,0.594,1.051,1.645,0.613,0.545,0.0,0.25,0.5,91.3
656555,Rhys Hoskins,CLE,Behind (Hitter),311,0.112,0.35,11.0,1.0,0.0,0.091,0.091,0.091,0.182,0.1,0.264,0.0,0.302,0.444,92.4
656555,Rhys Hoskins,CLE,Even,945,0.341,0.313,60.0,13.0,3.0,0.224,0.233,0.466,0.699,0.291,0.299,0.0,0.294,0.305,88.8
656555,Rhys Hoskins,CLE,Two-Strike,837,0.302,0.573,184.0,19.0,2.0,0.121,0.239,0.191,0.43,0.214,0.211,0.543,0.326,0.458,88.2
680700,Richie Palacios,TB,Ahead (Hitter),368,0.218,0.372,79.0,19.0,5.0,0.388,0.608,0.776,1.383,0.561,0.49,0.0,0.183,0.38,84.9
680700,Richie Palacios,TB,Behind (Hitter),226,0.134,0.465,35.0,12.0,2.0,0.343,0.343,0.543,0.886,0.381,0.325,0.0,0.245,0.314,85.6
680700,Richie Palacios,TB,Even,616,0.365,0.372,74.0,19.0,3.0,0.271,0.278,0.514,0.792,0.338,0.284,0.0,0.197,0.28,84.1
680700,Richie Palacios,TB,Two-Strike,478,0.283,0.636,196.0,28.0,0.0,0.157,0.235,0.18,0.414,0.205,0.24,0.342,0.163,0.248,85.8
807747,Rikuu Nishida,CWS,Ahead (Hitter),17,0.175,0.412,,,,,,,,,,,,,
807747,Rikuu Nishida,CWS,Even,41,0.423,0.39,11.0,2.0,0.0,0.2,0.2,0.2,0.4,0.2,0.377,0.0,0.062,0.182,87.0
807747,Rikuu Nishida,CWS,Two-Strike,25,0.258,0.6,11.0,1.0,0.0,0.091,0.091,0.091,0.182,0.164,0.131,0.455,0.133,0.0,79.7
682985,Riley Greene,DET,Ahead (Hitter),1100,0.214,0.455,113.0,33.0,4.0,0.398,0.558,0.651,1.208,0.549,0.558,0.0,0.265,0.557,92.3
682985,Riley Greene,DET,Behind (Hitter),615,0.12,0.494,37.0,15.0,1.0,0.417,0.405,0.611,1.017,0.432,0.443,0.0,0.352,0.405,87.1
682985,Riley Greene,DET,Even,1725,0.336,0.435,103.0,42.0,8.0,0.412,0.417,0.696,1.114,0.485,0.456,0.0,0.277,0.451,89.4
682985,Riley Greene,DET,Two-Strike,1701,0.331,0.579,327.0,50.0,8.0,0.176,0.272,0.317,0.589,0.274,0.276,0.468,0.256,0.433,89.9
608701,Rob Refsnyder,SEA,Ahead (Hitter),325,0.23,0.382,21.0,3.0,0.0,0.167,0.19,0.222,0.413,0.179,0.36,0.0,0.245,0.55,91.9
608701,Rob Refsnyder,SEA,Behind (Hitter),163,0.115,0.436,,,,,,,,,,,,,
608701,Rob Refsnyder,SEA,Even,478,0.338,0.326,27.0,5.0,1.0,0.208,0.231,0.333,0.564,0.25,0.337,0.0,0.215,0.346,82.9
608701,Rob Refsnyder,SEA,Two-Strike,449,0.317,0.539,75.0,8.0,3.0,0.119,0.213,0.254,0.467,0.215,0.196,0.493,0.28,0.233,84.6
660710,Rodolfo Durán,SD,Ahead (Hitter),71,0.201,0.493,14.0,4.0,2.0,0.333,0.429,0.917,1.345,0.539,0.621,0.0,0.257,0.333,88.9
660710,Rodolfo Durán,SD,Behind (Hitter),47,0.133,0.468,,,,,,,,,,,,,
660710,Rodolfo Durán,SD,Even,125,0.354,0.32,19.0,3.0,1.0,0.167,0.167,0.333,0.5,0.222,0.302,0.0,0.175,0.35,85.1
660710,Rodolfo Durán,SD,Two-Strike,110,0.312,0.564,49.0,4.0,0.0,0.093,0.204,0.14,0.344,0.192,0.141,0.49,0.258,0.158,83.4
701350,Roman Anthony,BOS,Ahead (Hitter),598,0.273,0.294,39.0,12.0,2.0,0.429,0.59,0.821,1.411,0.601,0.539,0.0,0.238,0.593,96.8
701350,Roman Anthony,BOS,Behind (Hitter),242,0.11,0.438,13.0,7.0,0.0,0.538,0.538,0.538,1.077,0.485,0.412,0.0,0.256,0.286,88.8
701350,Roman Anthony,BOS,Even,759,0.346,0.29,52.0,16.0,2.0,0.314,0.327,0.471,0.798,0.371,0.414,0.0,0.174,0.48,91.2
701350,Roman Anthony,BOS,Two-Strike,594,0.271,0.572,128.0,13.0,1.0,0.115,0.219,0.195,0.413,0.198,0.241,0.484,0.321,0.431,90.6
663853,Romy Gonzalez,BOS,Ahead (Hitter),286,0.187,0.577,,,,,,,,,,,,,
663853,Romy Gonzalez,BOS,Behind (Hitter),218,0.142,0.472,,,,,,,,,,,,,
663853,Romy Gonzalez,BOS,Even,578,0.378,0.441,18.0,3.0,1.0,0.176,0.176,0.412,0.588,0.309,0.333,0.0,0.186,0.444,87.1
663853,Romy Gonzalez,BOS,Two-Strike,449,0.293,0.655,42.0,5.0,0.0,0.132,0.214,0.158,0.372,0.182,0.202,0.5,0.25,0.235,82.2
660670,Ronald Acuña,ATL,Ahead (Hitter),835,0.233,0.46,88.0,24.0,5.0,0.364,0.523,0.667,1.189,0.534,0.543,0.0,0.3,0.469,90.8
660670,Ronald Acuña,ATL,Behind (Hitter),424,0.118,0.443,40.0,13.0,1.0,0.342,0.375,0.447,0.822,0.396,0.418,0.0,0.222,0.243,82.6
660670,Ronald Acuña,ATL,Even,1229,0.342,0.426,92.0,32.0,6.0,0.352,0.348,0.659,1.007,0.433,0.401,0.0,0.273,0.457,91.1
660670,Ronald Acuña,ATL,Two-Strike,1101,0.307,0.549,236.0,33.0,8.0,0.163,0.275,0.302,0.577,0.264,0.283,0.428,0.24,0.476,90.0
677595,Ronny Mauricio,NYM,Ahead (Hitter),173,0.195,0.474,,,,,,,,,,,,,
677595,Ronny Mauricio,NYM,Behind (Hitter),141,0.159,0.475,,,,,,,,,,,,,
677595,Ronny Mauricio,NYM,Even,331,0.373,0.468,13.0,4.0,1.0,0.308,0.308,0.615,0.923,0.388,0.409,0.0,0.238,0.462,91.0
677595,Ronny Mauricio,NYM,Two-Strike,243,0.274,0.733,30.0,2.0,0.0,0.069,0.1,0.069,0.169,0.083,0.102,0.633,0.386,0.2,82.7
682927,Ronny Simon,PIT,Ahead (Hitter),111,0.197,0.477,,,,,,,,,,,,,
682927,Ronny Simon,PIT,Behind (Hitter),73,0.129,0.356,,,,,,,,,,,,,
682927,Ronny Simon,PIT,Even,210,0.372,0.371,17.0,5.0,0.0,0.312,0.312,0.375,0.688,0.316,0.283,0.0,0.139,0.176,71.8
682927,Ronny Simon,PIT,Two-Strike,170,0.301,0.706,31.0,8.0,0.0,0.276,0.323,0.345,0.667,0.3,0.31,0.29,0.113,0.5,92.2
642133,Rowdy Tellez,ATL,Ahead (Hitter),298,0.222,0.393,,,,,,,,,,,,,
642133,Rowdy Tellez,ATL,Behind (Hitter),176,0.131,0.409,,,,,,,,,,,,,
642133,Rowdy Tellez,ATL,Even,451,0.337,0.355,,,,,,,,,,,,,
642133,Rowdy Tellez,ATL,Two-Strike,415,0.31,0.605,,,,,,,,,,,,,
668904,Royce Lewis,MIN,Ahead (Hitter),746,0.215,0.437,75.0,22.0,5.0,0.407,0.573,0.778,1.351,0.57,0.568,0.0,0.317,0.528,92.4
668904,Royce Lewis,MIN,Behind (Hitter),452,0.13,0.469,38.0,8.0,0.0,0.222,0.237,0.278,0.515,0.25,0.364,0.0,0.345,0.378,85.2
668904,Royce Lewis,MIN,Even,1262,0.364,0.427,100.0,28.0,7.0,0.289,0.29,0.598,0.888,0.376,0.405,0.0,0.338,0.465,92.4
668904,Royce Lewis,MIN,Two-Strike,1007,0.29,0.669,284.0,44.0,2.0,0.166,0.215,0.226,0.441,0.214,0.193,0.437,0.266,0.31,87.2
669208,Ryan Bliss,SEA,Ahead (Hitter),54,0.276,0.426,,,,,,,,,,,,,
669208,Ryan Bliss,SEA,Behind (Hitter),21,0.107,0.381,,,,,,,,,,,,,
669208,Ryan Bliss,SEA,Even,73,0.372,0.315,,,,,,,,,,,,,
669208,Ryan Bliss,SEA,Two-Strike,48,0.245,0.688,,,,,,,,,,,,,
680777,Ryan Jeffers,MIN,Ahead (Hitter),795,0.234,0.343,73.0,12.0,5.0,0.207,0.37,0.5,0.87,0.389,0.424,0.0,0.155,0.483,90.8
680777,Ryan Jeffers,MIN,Behind (Hitter),425,0.125,0.421,27.0,12.0,2.0,0.48,0.444,0.76,1.204,0.494,0.502,0.0,0.179,0.444,88.5
680777,Ryan Jeffers,MIN,Even,1162,0.343,0.274,56.0,18.0,5.0,0.327,0.339,0.673,1.012,0.425,0.411,0.0,0.207,0.491,91.9
680777,Ryan Jeffers,MIN,Two-Strike,1009,0.298,0.558,203.0,36.0,2.0,0.208,0.325,0.329,0.655,0.317,0.271,0.32,0.112,0.324,85.9
668952,Ryan Kreidler,MIN,Ahead (Hitter),254,0.218,0.476,56.0,15.0,3.0,0.333,0.464,0.6,1.064,0.488,0.385,0.0,0.264,0.356,88.5
668952,Ryan Kreidler,MIN,Behind (Hitter),142,0.122,0.479,12.0,3.0,1.0,0.273,0.333,0.545,0.879,0.45,0.476,0.0,0.456,0.636,94.4
668952,Ryan Kreidler,MIN,Even,423,0.363,0.454,59.0,18.0,4.0,0.31,0.31,0.638,0.948,0.413,0.372,0.0,0.294,0.424,87.1
668952,Ryan Kreidler,MIN,Two-Strike,346,0.297,0.621,137.0,16.0,0.0,0.126,0.19,0.165,0.355,0.169,0.21,0.438,0.239,0.299,85.5
641857,Ryan Mcmahon,NYY,Ahead (Hitter),839,0.211,0.445,60.0,13.0,4.0,0.277,0.433,0.553,0.987,0.426,0.457,0.0,0.264,0.426,90.4
641857,Ryan Mcmahon,NYY,Behind (Hitter),495,0.125,0.376,21.0,9.0,0.0,0.429,0.429,0.524,0.952,0.419,0.462,0.0,0.384,0.5,89.6
641857,Ryan Mcmahon,NYY,Even,1364,0.344,0.361,60.0,17.0,2.0,0.288,0.3,0.458,0.758,0.332,0.385,0.0,0.263,0.431,89.9
641857,Ryan Mcmahon,NYY,Two-Strike,1269,0.32,0.581,214.0,29.0,5.0,0.147,0.21,0.254,0.464,0.218,0.21,0.481,0.251,0.442,89.0
663624,Ryan Mountcastle,BAL,Ahead (Hitter),244,0.173,0.537,,,,,,,,,,,,,
663624,Ryan Mountcastle,BAL,Behind (Hitter),199,0.141,0.628,,,,,,,,,,,,,
663624,Ryan Mountcastle,BAL,Even,512,0.363,0.482,,,,,,,,,,,,,
663624,Ryan Mountcastle,BAL,Two-Strike,454,0.322,0.681,,,,,,,,,,,,,
656811,Ryan O'Hearn,PIT,Ahead (Hitter),881,0.228,0.465,93.0,25.0,4.0,0.325,0.43,0.558,0.989,0.438,0.424,0.0,0.17,0.474,90.9
656811,Ryan O'Hearn,PIT,Behind (Hitter),483,0.125,0.495,47.0,15.0,3.0,0.326,0.34,0.587,0.927,0.414,0.382,0.0,0.262,0.478,89.3
656811,Ryan O'Hearn,PIT,Even,1376,0.356,0.348,80.0,26.0,5.0,0.329,0.338,0.595,0.932,0.408,0.365,0.0,0.188,0.38,86.6
656811,Ryan O'Hearn,PIT,Two-Strike,1129,0.292,0.596,217.0,39.0,6.0,0.202,0.281,0.306,0.587,0.271,0.242,0.433,0.208,0.396,89.7
690022,Ryan Ritter,COL,Ahead (Hitter),124,0.146,0.524,,,,,,,,,,,,,
690022,Ryan Ritter,COL,Behind (Hitter),135,0.159,0.556,,,,,,,,,,,,,
690022,Ryan Ritter,COL,Even,304,0.358,0.507,,,,,,,,,,,,,
690022,Ryan Ritter,COL,Two-Strike,286,0.337,0.545,11.0,0.0,0.0,0.0,0.0,0.0,0.0,0.0,0.072,0.727,0.5,0.333,90.8
668723,Ryan Vilade,TB,Ahead (Hitter),229,0.205,0.489,43.0,8.0,1.0,0.25,0.419,0.469,0.887,0.388,0.364,0.0,0.19,0.343,89.2
668723,Ryan Vilade,TB,Behind (Hitter),132,0.118,0.523,24.0,9.0,1.0,0.375,0.375,0.667,1.042,0.442,0.469,0.0,0.219,0.333,84.0
668723,Ryan Vilade,TB,Even,388,0.347,0.399,53.0,20.0,7.0,0.392,0.404,0.804,1.208,0.542,0.51,0.0,0.212,0.442,89.9
668723,Ryan Vilade,TB,Two-Strike,368,0.329,0.571,143.0,21.0,2.0,0.168,0.259,0.248,0.507,0.259,0.238,0.434,0.192,0.431,89.8
814439,Ryan Waldschmidt,AZ,Ahead (Hitter),217,0.196,0.461,56.0,15.0,2.0,0.349,0.491,0.605,1.096,0.486,0.519,0.0,0.24,0.409,86.5
814439,Ryan Waldschmidt,AZ,Behind (Hitter),162,0.147,0.469,24.0,12.0,0.0,0.522,0.542,0.652,1.194,0.552,0.485,0.0,0.355,0.409,88.5
814439,Ryan Waldschmidt,AZ,Even,404,0.366,0.332,46.0,14.0,0.0,0.341,0.364,0.39,0.754,0.384,0.366,0.0,0.291,0.227,83.3
814439,Ryan Waldschmidt,AZ,Two-Strike,322,0.291,0.516,155.0,22.0,1.0,0.155,0.219,0.225,0.445,0.205,0.171,0.542,0.289,0.217,84.2
669899,Ryan Ward,LAD,Ahead (Hitter),49,0.194,0.51,,,,,,,,,,,,,
669899,Ryan Ward,LAD,Behind (Hitter),32,0.127,0.438,,,,,,,,,,,,,
669899,Ryan Ward,LAD,Even,85,0.337,0.435,11.0,4.0,1.0,0.364,0.364,0.818,1.182,0.491,0.468,0.0,0.162,0.182,90.4
669899,Ryan Ward,LAD,Two-Strike,86,0.341,0.674,36.0,4.0,1.0,0.118,0.167,0.235,0.402,0.179,0.176,0.472,0.207,0.333,86.6
686217,Sal Frelick,MIL,Ahead (Hitter),869,0.233,0.404,89.0,19.0,0.0,0.268,0.404,0.352,0.757,0.389,0.338,0.0,0.111,0.338,87.2
686217,Sal Frelick,MIL,Behind (Hitter),469,0.126,0.499,53.0,13.0,1.0,0.255,0.264,0.353,0.617,0.308,0.274,0.0,0.078,0.24,83.4
686217,Sal Frelick,MIL,Even,1376,0.369,0.293,80.0,24.0,2.0,0.316,0.321,0.461,0.781,0.362,0.327,0.0,0.07,0.241,81.0
686217,Sal Frelick,MIL,Two-Strike,1019,0.273,0.618,152.0,21.0,1.0,0.15,0.211,0.2,0.411,0.205,0.219,0.243,0.085,0.27,85.9
701398,Sal Stewart,CIN,Ahead (Hitter),665,0.228,0.411,127.0,33.0,6.0,0.363,0.535,0.648,1.184,0.541,0.554,0.0,0.232,0.544,94.2
701398,Sal Stewart,CIN,Behind (Hitter),358,0.123,0.553,60.0,18.0,3.0,0.321,0.3,0.518,0.818,0.337,0.372,0.0,0.238,0.377,88.5
701398,Sal Stewart,CIN,Even,1018,0.349,0.402,119.0,36.0,8.0,0.308,0.319,0.556,0.875,0.373,0.396,0.0,0.296,0.361,89.2
701398,Sal Stewart,CIN,Two-Strike,872,0.299,0.633,364.0,74.0,15.0,0.221,0.269,0.385,0.654,0.291,0.254,0.415,0.203,0.401,90.1
521692,Salvador Pérez,KC,Ahead (Hitter),807,0.177,0.605,98.0,29.0,3.0,0.333,0.378,0.529,0.906,0.409,0.463,0.0,0.196,0.529,91.4
521692,Salvador Pérez,KC,Behind (Hitter),656,0.143,0.616,68.0,21.0,3.0,0.328,0.353,0.547,0.9,0.383,0.433,0.0,0.3,0.477,92.5
521692,Salvador Pérez,KC,Even,1690,0.37,0.467,134.0,34.0,6.0,0.264,0.276,0.457,0.733,0.325,0.358,0.0,0.266,0.412,89.5
521692,Salvador Pérez,KC,Two-Strike,1419,0.31,0.636,313.0,45.0,7.0,0.154,0.204,0.242,0.447,0.218,0.218,0.377,0.206,0.372,86.4
803011,Sam Antonacci,CWS,Ahead (Hitter),507,0.24,0.422,130.0,30.0,4.0,0.312,0.492,0.51,1.003,0.457,0.445,0.0,0.098,0.396,90.9
803011,Sam Antonacci,CWS,Behind (Hitter),262,0.124,0.382,40.0,15.0,1.0,0.417,0.45,0.667,1.117,0.492,0.362,0.0,0.16,0.342,87.5
803011,Sam Antonacci,CWS,Even,768,0.363,0.297,106.0,27.0,2.0,0.293,0.369,0.413,0.782,0.38,0.357,0.0,0.105,0.312,85.6
803011,Sam Antonacci,CWS,Two-Strike,579,0.274,0.611,263.0,52.0,1.0,0.217,0.281,0.288,0.569,0.27,0.285,0.308,0.144,0.304,85.6
664059,Sam Haggerty,TEX,Ahead (Hitter),157,0.193,0.51,,,,,,,,,,,,,
664059,Sam Haggerty,TEX,Behind (Hitter),117,0.144,0.564,,,,,,,,,,,,,
664059,Sam Haggerty,TEX,Even,297,0.365,0.394,11.0,4.0,0.0,0.364,0.364,0.455,0.818,0.359,0.287,0.0,0.148,0.091,82.4
664059,Sam Haggerty,TEX,Two-Strike,242,0.298,0.587,26.0,1.0,0.0,0.04,0.077,0.04,0.117,0.062,0.109,0.615,0.406,0.0,80.8
669087,Sam Huff,BAL,Ahead (Hitter),68,0.191,0.515,,,,,,,,,,,,,
669087,Sam Huff,BAL,Behind (Hitter),51,0.143,0.51,,,,,,,,,,,,,
669087,Sam Huff,BAL,Even,127,0.357,0.496,,,,,,,,,,,,,
669087,Sam Huff,BAL,Two-Strike,110,0.309,0.527,23.0,1.0,0.0,0.045,0.087,0.045,0.132,0.109,0.048,0.826,0.538,0.0,73.8
669392,Samad Taylor,SD,Ahead (Hitter),166,0.246,0.319,32.0,10.0,1.0,0.588,0.759,0.765,1.523,0.707,0.532,0.0,0.255,0.3,71.0
669392,Samad Taylor,SD,Behind (Hitter),78,0.115,0.346,,,,,,,,,,,,,
669392,Samad Taylor,SD,Even,246,0.364,0.285,31.0,15.0,0.0,0.5,0.484,0.6,1.084,0.469,0.348,0.0,0.212,0.226,70.6
669392,Samad Taylor,SD,Two-Strike,186,0.275,0.699,93.0,20.0,1.0,0.233,0.29,0.314,0.604,0.273,0.245,0.441,0.2,0.178,83.1
694212,Samuel Basallo,BAL,Ahead (Hitter),423,0.222,0.459,75.0,17.0,6.0,0.304,0.48,0.643,1.123,0.498,0.536,0.0,0.257,0.5,94.4
694212,Samuel Basallo,BAL,Behind (Hitter),250,0.131,0.632,35.0,12.0,3.0,0.364,0.371,0.758,1.129,0.463,0.378,0.0,0.282,0.353,89.0
694212,Samuel Basallo,BAL,Even,689,0.362,0.441,85.0,24.0,6.0,0.289,0.294,0.53,0.824,0.359,0.373,0.0,0.277,0.464,90.2
694212,Samuel Basallo,BAL,Two-Strike,543,0.285,0.656,202.0,27.0,3.0,0.143,0.193,0.217,0.41,0.196,0.206,0.525,0.314,0.376,88.7
506702,Sandy León,ATL,Ahead (Hitter),35,0.159,0.657,,,,,,,,,,,,,
506702,Sandy León,ATL,Behind (Hitter),26,0.118,0.577,,,,,,,,,,,,,
506702,Sandy León,ATL,Even,81,0.368,0.432,,,,,,,,,,,,,
506702,Sandy León,ATL,Two-Strike,78,0.355,0.615,30.0,0.0,0.0,0.0,0.0,0.0,0.0,0.0,0.089,0.6,0.186,0.083,77.4
669289,Santiago Espinal,LAD,Ahead (Hitter),319,0.209,0.414,10.0,2.0,1.0,0.25,0.333,0.625,0.958,0.422,0.389,0.0,0.227,0.556,87.8
669289,Santiago Espinal,LAD,Behind (Hitter),201,0.132,0.388,,,,,,,,,,,,,
669289,Santiago Espinal,LAD,Even,557,0.365,0.346,10.0,3.0,0.0,0.375,0.333,0.375,0.708,0.322,0.384,0.0,0.167,0.2,81.8
669289,Santiago Espinal,LAD,Two-Strike,450,0.295,0.647,32.0,6.0,0.0,0.188,0.188,0.25,0.438,0.191,0.219,0.25,0.095,0.25,83.7
664068,Scott Kingery,CHC,Ahead (Hitter),23,0.193,0.435,,,,,,,,,,,,,
664068,Scott Kingery,CHC,Behind (Hitter),18,0.151,0.611,,,,,,,,,,,,,
664068,Scott Kingery,CHC,Even,45,0.378,0.511,,,,,,,,,,,,,
664068,Scott Kingery,CHC,Two-Strike,33,0.277,0.727,,,,,,,,,,,,,
815873,Sean Keys,TOR,Ahead (Hitter),50,0.189,0.56,,,,,,,,,,,,,
815873,Sean Keys,TOR,Behind (Hitter),33,0.125,0.333,,,,,,,,,,,,,
815873,Sean Keys,TOR,Even,90,0.341,0.433,,,,,,,,,,,,,
815873,Sean Keys,TOR,Two-Strike,91,0.345,0.67,42.0,5.0,0.0,0.132,0.214,0.184,0.398,0.212,0.188,0.476,0.279,0.556,89.6
669221,Sean Murphy,ATL,Ahead (Hitter),338,0.19,0.438,17.0,6.0,1.0,0.4,0.471,0.733,1.204,0.559,0.505,0.0,0.318,0.467,92.4
669221,Sean Murphy,ATL,Behind (Hitter),237,0.134,0.544,10.0,4.0,0.0,0.4,0.4,0.5,0.9,0.395,0.264,0.0,0.31,0.2,80.4
669221,Sean Murphy,ATL,Even,609,0.343,0.404,24.0,7.0,2.0,0.292,0.292,0.583,0.875,0.406,0.346,0.0,0.283,0.5,85.7
669221,Sean Murphy,ATL,Two-Strike,591,0.333,0.563,59.0,0.0,0.0,0.0,0.119,0.0,0.119,0.098,0.139,0.61,0.37,0.188,86.5
665861,Sebastián Rivero,LAA,Ahead (Hitter),53,0.147,0.679,,,,,,,,,,,,,
665861,Sebastián Rivero,LAA,Behind (Hitter),50,0.139,0.74,,,,,,,,,,,,,
665861,Sebastián Rivero,LAA,Even,119,0.331,0.437,,,,,,,,,,,,,
665861,Sebastián Rivero,LAA,Two-Strike,138,0.383,0.652,35.0,6.0,0.0,0.188,0.257,0.219,0.476,0.25,0.275,0.314,0.102,0.143,79.4
673548,Seiya Suzuki,CHC,Ahead (Hitter),1173,0.218,0.479,137.0,43.0,12.0,0.406,0.54,0.792,1.333,0.578,0.518,0.0,0.227,0.398,90.4
673548,Seiya Suzuki,CHC,Behind (Hitter),688,0.128,0.392,52.0,19.0,2.0,0.38,0.365,0.6,0.965,0.422,0.324,0.0,0.184,0.308,84.8
673548,Seiya Suzuki,CHC,Even,1813,0.337,0.259,70.0,27.0,5.0,0.397,0.414,0.75,1.164,0.504,0.453,0.0,0.213,0.5,91.2
673548,Seiya Suzuki,CHC,Two-Strike,1702,0.317,0.506,361.0,54.0,6.0,0.172,0.277,0.274,0.551,0.266,0.248,0.418,0.203,0.366,87.7
694376,Shay Whitcomb,SF,Ahead (Hitter),102,0.18,0.578,19.0,7.0,2.0,0.412,0.474,0.882,1.356,0.589,0.528,0.0,0.167,0.5,92.5
694376,Shay Whitcomb,SF,Behind (Hitter),79,0.14,0.506,,,,,,,,,,,,,
694376,Shay Whitcomb,SF,Even,207,0.366,0.386,31.0,7.0,0.0,0.241,0.241,0.276,0.517,0.243,0.284,0.0,0.185,0.258,83.0
694376,Shay Whitcomb,SF,Two-Strike,178,0.314,0.584,59.0,3.0,0.0,0.053,0.085,0.053,0.137,0.1,0.133,0.559,0.333,0.292,82.8
669127,Shea Langeliers,ATH,Ahead (Hitter),783,0.215,0.531,99.0,36.0,9.0,0.45,0.545,0.85,1.395,0.608,0.515,0.0,0.268,0.423,92.3
669127,Shea Langeliers,ATH,Behind (Hitter),463,0.127,0.518,34.0,13.0,3.0,0.394,0.412,0.788,1.2,0.503,0.417,0.0,0.265,0.515,92.6
669127,Shea Langeliers,ATH,Even,1331,0.365,0.441,99.0,35.0,6.0,0.365,0.384,0.594,0.978,0.42,0.463,0.0,0.266,0.427,90.6
669127,Shea Langeliers,ATH,Two-Strike,1066,0.293,0.591,220.0,25.0,5.0,0.123,0.186,0.235,0.422,0.195,0.233,0.473,0.244,0.44,91.4
660271,Shohei Ohtani,LAD,Ahead (Hitter),1322,0.251,0.412,128.0,39.0,13.0,0.415,0.555,0.926,1.48,0.721,0.696,0.0,0.298,0.679,96.6
660271,Shohei Ohtani,LAD,Behind (Hitter),614,0.117,0.383,38.0,17.0,1.0,0.447,0.447,0.684,1.132,0.511,0.425,0.0,0.218,0.436,92.1
660271,Shohei Ohtani,LAD,Even,1901,0.361,0.389,111.0,39.0,11.0,0.371,0.378,0.752,1.131,0.481,0.515,0.0,0.323,0.574,94.1
660271,Shohei Ohtani,LAD,Two-Strike,1422,0.27,0.575,320.0,45.0,5.0,0.159,0.256,0.251,0.507,0.242,0.252,0.456,0.262,0.401,90.9
687462,Spencer Horwitz,PIT,Ahead (Hitter),825,0.239,0.384,100.0,21.0,5.0,0.296,0.49,0.592,1.082,0.47,0.419,0.0,0.135,0.389,89.5
687462,Spencer Horwitz,PIT,Behind (Hitter),412,0.12,0.483,39.0,12.0,2.0,0.316,0.308,0.526,0.834,0.351,0.35,0.0,0.152,0.333,89.1
687462,Spencer Horwitz,PIT,Even,1185,0.344,0.322,77.0,22.0,2.0,0.306,0.338,0.431,0.768,0.347,0.345,0.0,0.176,0.301,86.1
687462,Spencer Horwitz,PIT,Two-Strike,1024,0.297,0.588,220.0,38.0,1.0,0.198,0.295,0.234,0.53,0.253,0.251,0.309,0.148,0.258,84.6
682987,Spencer Jones,NYY,Ahead (Hitter),240,0.199,0.554,39.0,16.0,5.0,0.516,0.615,1.194,1.809,0.749,0.642,0.0,0.346,0.567,97.3
682987,Spencer Jones,NYY,Behind (Hitter),141,0.117,0.454,16.0,5.0,2.0,0.312,0.312,0.688,1.0,0.419,0.446,0.0,0.469,0.562,93.0
682987,Spencer Jones,NYY,Even,403,0.333,0.494,49.0,20.0,1.0,0.417,0.429,0.583,1.012,0.468,0.395,0.0,0.407,0.511,92.6
682987,Spencer Jones,NYY,Two-Strike,425,0.352,0.567,177.0,21.0,3.0,0.131,0.209,0.212,0.422,0.197,0.235,0.571,0.328,0.576,94.2
668715,Spencer Steer,CIN,Ahead (Hitter),727,0.189,0.475,74.0,19.0,6.0,0.322,0.459,0.678,1.137,0.489,0.509,0.0,0.188,0.435,90.9
668715,Spencer Steer,CIN,Behind (Hitter),538,0.14,0.498,39.0,13.0,2.0,0.342,0.359,0.553,0.912,0.392,0.379,0.0,0.263,0.45,89.6
668715,Spencer Steer,CIN,Even,1331,0.347,0.345,52.0,16.0,4.0,0.333,0.346,0.646,0.992,0.409,0.45,0.0,0.212,0.442,89.2
668715,Spencer Steer,CIN,Two-Strike,1241,0.323,0.583,204.0,31.0,4.0,0.171,0.265,0.271,0.535,0.255,0.246,0.422,0.225,0.314,88.5
679529,Spencer Torkelson,DET,Ahead (Hitter),1171,0.225,0.424,120.0,29.0,7.0,0.337,0.508,0.686,1.194,0.495,0.495,0.0,0.258,0.438,90.9
679529,Spencer Torkelson,DET,Behind (Hitter),632,0.121,0.394,34.0,11.0,0.0,0.333,0.353,0.394,0.747,0.332,0.344,0.0,0.322,0.424,86.5
679529,Spencer Torkelson,DET,Even,1789,0.343,0.345,90.0,34.0,9.0,0.405,0.422,0.786,1.208,0.501,0.435,0.0,0.297,0.442,91.8
679529,Spencer Torkelson,DET,Two-Strike,1618,0.311,0.553,357.0,44.0,9.0,0.14,0.241,0.26,0.501,0.234,0.218,0.532,0.33,0.387,87.7
516782,Starling Marte,KC,Ahead (Hitter),321,0.169,0.614,26.0,8.0,1.0,0.333,0.385,0.542,0.926,0.4,0.422,0.0,0.29,0.458,90.9
516782,Starling Marte,KC,Behind (Hitter),261,0.137,0.513,12.0,6.0,0.0,0.5,0.5,0.5,1.0,0.45,0.389,0.0,0.347,0.5,87.6
516782,Starling Marte,KC,Even,680,0.357,0.376,33.0,12.0,0.0,0.375,0.394,0.469,0.863,0.38,0.37,0.0,0.235,0.312,84.1
516782,Starling Marte,KC,Two-Strike,641,0.337,0.588,96.0,11.0,1.0,0.131,0.219,0.167,0.385,0.188,0.216,0.427,0.189,0.283,85.2
694514,Sterlin Thompson,COL,Ahead (Hitter),64,0.205,0.484,15.0,6.0,2.0,0.5,0.6,1.0,1.6,0.647,0.509,0.0,0.161,0.667,92.6
694514,Sterlin Thompson,COL,Behind (Hitter),42,0.135,0.405,,,,,,,,,,,,,
694514,Sterlin Thompson,COL,Even,113,0.362,0.478,14.0,2.0,0.0,0.143,0.143,0.143,0.286,0.129,0.261,0.0,0.352,0.357,86.0
694514,Sterlin Thompson,COL,Two-Strike,93,0.298,0.581,43.0,5.0,0.0,0.128,0.209,0.231,0.44,0.202,0.229,0.465,0.278,0.444,87.7
680757,Steven Kwan,CLE,Ahead (Hitter),1303,0.244,0.332,143.0,31.0,1.0,0.333,0.556,0.419,0.976,0.479,0.448,0.0,0.076,0.187,85.7
680757,Steven Kwan,CLE,Behind (Hitter),695,0.13,0.419,72.0,24.0,0.0,0.343,0.352,0.414,0.766,0.354,0.381,0.0,0.058,0.085,80.1
680757,Steven Kwan,CLE,Even,1905,0.356,0.22,97.0,26.0,1.0,0.277,0.274,0.34,0.614,0.295,0.281,0.0,0.066,0.125,79.6
680757,Steven Kwan,CLE,Two-Strike,1447,0.27,0.641,311.0,66.0,1.0,0.24,0.325,0.295,0.619,0.298,0.277,0.199,0.059,0.065,82.5
672642,Steward Berroa,PHI,Even,16,0.291,0.312,,,,,,,,,,,,,
672642,Steward Berroa,PHI,Two-Strike,25,0.455,0.32,,,,,,,,,,,,,
656413,Stuart Fairchild,CLE,Ahead (Hitter),79,0.258,0.418,,,,,,,,,,,,,
656413,Stuart Fairchild,CLE,Behind (Hitter),37,0.121,0.486,,,,,,,,,,,,,
656413,Stuart Fairchild,CLE,Even,115,0.376,0.426,,,,,,,,,,,,,
656413,Stuart Fairchild,CLE,Two-Strike,75,0.245,0.533,16.0,0.0,0.0,0.0,0.125,0.0,0.125,0.088,0.087,0.875,0.917,,
823550,Sung Mun Song,SD,Ahead (Hitter),148,0.247,0.338,31.0,5.0,0.0,0.25,0.484,0.35,0.834,0.394,0.379,0.0,0.22,0.476,87.8
823550,Sung Mun Song,SD,Behind (Hitter),76,0.127,0.434,13.0,1.0,0.0,0.083,0.083,0.083,0.167,0.15,0.201,0.0,0.242,0.231,70.9
823550,Sung Mun Song,SD,Even,211,0.352,0.265,30.0,9.0,1.0,0.321,0.321,0.5,0.821,0.381,0.294,0.0,0.071,0.276,83.9
823550,Sung Mun Song,SD,Two-Strike,165,0.275,0.661,73.0,8.0,0.0,0.121,0.205,0.121,0.327,0.166,0.186,0.397,0.22,0.189,86.3
695020,Tanner Murray,CWS,Ahead (Hitter),22,0.21,0.5,,,,,,,,,,,,,
695020,Tanner Murray,CWS,Behind (Hitter),19,0.181,0.421,,,,,,,,,,,,,
695020,Tanner Murray,CWS,Even,45,0.429,0.378,,,,,,,,,,,,,
695020,Tanner Murray,CWS,Two-Strike,19,0.181,0.684,13.0,2.0,1.0,0.167,0.154,0.417,0.571,0.223,0.083,0.538,0.538,0.333,85.1
666211,Taylor Trammell,HOU,Ahead (Hitter),344,0.209,0.494,48.0,10.0,0.0,0.27,0.438,0.459,0.897,0.399,0.454,0.0,0.378,0.486,90.2
666211,Taylor Trammell,HOU,Behind (Hitter),209,0.127,0.435,16.0,4.0,1.0,0.267,0.312,0.467,0.779,0.338,0.374,0.0,0.369,0.267,85.3
666211,Taylor Trammell,HOU,Even,594,0.361,0.409,60.0,21.0,4.0,0.362,0.373,0.655,1.028,0.467,0.425,0.0,0.343,0.441,88.4
666211,Taylor Trammell,HOU,Two-Strike,497,0.302,0.541,158.0,14.0,3.0,0.1,0.203,0.179,0.381,0.185,0.176,0.557,0.366,0.269,85.3
670764,Taylor Walls,TB,Ahead (Hitter),646,0.22,0.389,83.0,14.0,1.0,0.23,0.412,0.344,0.757,0.394,0.353,0.0,0.156,0.25,79.9
670764,Taylor Walls,TB,Behind (Hitter),365,0.124,0.427,32.0,9.0,0.0,0.3,0.3,0.333,0.633,0.318,0.282,0.0,0.286,0.312,78.6
670764,Taylor Walls,TB,Even,1024,0.348,0.344,93.0,34.0,1.0,0.4,0.386,0.541,0.928,0.415,0.284,0.0,0.173,0.198,77.9
670764,Taylor Walls,TB,Two-Strike,906,0.308,0.563,214.0,22.0,0.0,0.119,0.234,0.151,0.385,0.199,0.192,0.467,0.237,0.179,83.2
621493,Taylor Ward,SEA,Ahead (Hitter),1268,0.239,0.287,127.0,30.0,4.0,0.357,0.575,0.571,1.146,0.508,0.494,0.0,0.114,0.482,90.8
621493,Taylor Ward,SEA,Behind (Hitter),626,0.118,0.305,34.0,11.0,0.0,0.333,0.353,0.394,0.747,0.332,0.251,0.0,0.292,0.212,87.0
621493,Taylor Ward,SEA,Even,1834,0.345,0.286,105.0,27.0,2.0,0.267,0.276,0.386,0.662,0.32,0.364,0.0,0.18,0.437,90.6
621493,Taylor Ward,SEA,Two-Strike,1588,0.299,0.525,338.0,42.0,1.0,0.151,0.296,0.19,0.486,0.247,0.271,0.385,0.173,0.325,86.5
606192,Teoscar Hernández,LAD,Ahead (Hitter),885,0.22,0.469,99.0,35.0,4.0,0.461,0.576,0.737,1.313,0.56,0.514,0.0,0.256,0.461,92.2
606192,Teoscar Hernández,LAD,Behind (Hitter),538,0.134,0.558,41.0,19.0,3.0,0.475,0.463,0.8,1.263,0.532,0.441,0.0,0.309,0.341,86.1
606192,Teoscar Hernández,LAD,Even,1408,0.35,0.351,67.0,21.0,4.0,0.318,0.313,0.561,0.874,0.396,0.423,0.0,0.326,0.433,90.9
606192,Teoscar Hernández,LAD,Two-Strike,1188,0.296,0.633,268.0,41.0,4.0,0.166,0.231,0.231,0.462,0.218,0.225,0.481,0.295,0.496,89.9
695336,Thomas Saggese,STL,Ahead (Hitter),333,0.181,0.508,24.0,4.0,1.0,0.2,0.333,0.45,0.783,0.342,0.346,0.0,0.258,0.45,88.9
695336,Thomas Saggese,STL,Behind (Hitter),243,0.132,0.494,13.0,5.0,1.0,0.385,0.385,0.692,1.077,0.458,0.502,0.0,0.279,0.538,97.3
695336,Thomas Saggese,STL,Even,639,0.347,0.377,30.0,8.0,1.0,0.296,0.3,0.407,0.707,0.3,0.439,0.0,0.237,0.414,89.8
695336,Thomas Saggese,STL,Two-Strike,628,0.341,0.634,98.0,19.0,1.0,0.216,0.286,0.295,0.581,0.273,0.249,0.439,0.224,0.391,89.8
694374,Tim Tawa,AZ,Ahead (Hitter),474,0.215,0.47,66.0,17.0,3.0,0.34,0.477,0.6,1.077,0.475,0.397,0.0,0.254,0.385,89.9
694374,Tim Tawa,AZ,Behind (Hitter),295,0.134,0.539,33.0,10.0,2.0,0.333,0.333,0.667,1.0,0.487,0.414,0.0,0.266,0.333,83.2
694374,Tim Tawa,AZ,Even,757,0.344,0.347,51.0,18.0,2.0,0.375,0.367,0.562,0.93,0.442,0.451,0.0,0.278,0.547,90.3
694374,Tim Tawa,AZ,Two-Strike,677,0.307,0.606,180.0,25.0,4.0,0.151,0.206,0.247,0.453,0.209,0.227,0.456,0.252,0.437,88.9
670770,Tj Friedl,CIN,Ahead (Hitter),958,0.262,0.388,60.0,12.0,1.0,0.255,0.417,0.404,0.821,0.373,0.359,0.0,0.133,0.388,87.0
670770,Tj Friedl,CIN,Behind (Hitter),454,0.124,0.507,31.0,8.0,1.0,0.267,0.267,0.467,0.733,0.318,0.273,0.0,0.304,0.25,83.4
670770,Tj Friedl,CIN,Even,1320,0.361,0.236,42.0,11.0,0.0,0.282,0.282,0.308,0.59,0.278,0.3,0.0,0.202,0.295,76.3
670770,Tj Friedl,CIN,Two-Strike,925,0.253,0.574,131.0,9.0,2.0,0.078,0.176,0.129,0.305,0.159,0.18,0.481,0.314,0.193,84.2
681198,Tj Rumfield,COL,Ahead (Hitter),569,0.242,0.415,140.0,38.0,6.0,0.388,0.564,0.684,1.248,0.53,0.482,0.0,0.114,0.384,87.4
681198,Tj Rumfield,COL,Behind (Hitter),289,0.123,0.464,46.0,15.0,2.0,0.326,0.326,0.478,0.804,0.388,0.343,0.0,0.216,0.391,84.7
681198,Tj Rumfield,COL,Even,855,0.364,0.436,150.0,48.0,4.0,0.329,0.34,0.5,0.84,0.376,0.32,0.0,0.198,0.308,85.1
681198,Tj Rumfield,COL,Two-Strike,635,0.27,0.613,283.0,57.0,2.0,0.232,0.332,0.297,0.629,0.294,0.264,0.3,0.154,0.153,81.4
669242,Tommy Edman,LAD,Ahead (Hitter),544,0.219,0.476,59.0,17.0,3.0,0.378,0.525,0.667,1.192,0.536,0.433,0.0,0.169,0.333,91.3
669242,Tommy Edman,LAD,Behind (Hitter),336,0.135,0.47,34.0,7.0,2.0,0.206,0.206,0.441,0.647,0.271,0.366,0.0,0.316,0.343,86.7
669242,Tommy Edman,LAD,Even,949,0.381,0.373,66.0,18.0,2.0,0.305,0.333,0.458,0.791,0.38,0.36,0.0,0.177,0.349,83.8
669242,Tommy Edman,LAD,Two-Strike,660,0.265,0.605,159.0,26.0,1.0,0.184,0.277,0.248,0.525,0.264,0.22,0.409,0.228,0.303,86.2
502054,Tommy Pham,CWS,Ahead (Hitter),404,0.221,0.394,,,,,,,,,,,,,
502054,Tommy Pham,CWS,Behind (Hitter),243,0.133,0.473,,,,,,,,,,,,,
502054,Tommy Pham,CWS,Even,660,0.361,0.312,,,,,,,,,,,,,
502054,Tommy Pham,CWS,Two-Strike,522,0.285,0.569,16.0,0.0,0.0,0.0,0.188,0.0,0.188,0.131,0.168,0.625,0.333,0.667,97.0
694371,Tommy Troy,AZ,Ahead (Hitter),119,0.206,0.445,23.0,9.0,4.0,0.45,0.522,1.15,1.672,0.704,0.577,0.0,0.189,0.4,89.8
694371,Tommy Troy,AZ,Behind (Hitter),75,0.13,0.573,17.0,3.0,0.0,0.188,0.188,0.375,0.562,0.247,0.287,0.0,0.302,0.235,83.6
694371,Tommy Troy,AZ,Even,196,0.34,0.291,22.0,6.0,0.0,0.273,0.273,0.273,0.545,0.3,0.248,0.0,0.316,0.286,80.4
694371,Tommy Troy,AZ,Two-Strike,187,0.324,0.513,82.0,10.0,0.0,0.139,0.244,0.139,0.383,0.195,0.246,0.415,0.219,0.289,81.2
695720,Tommy White,ATH,Ahead (Hitter),115,0.174,0.496,34.0,12.0,2.0,0.375,0.412,0.562,0.974,0.424,0.404,0.0,0.07,0.469,90.5
695720,Tommy White,ATH,Behind (Hitter),93,0.141,0.441,12.0,3.0,0.0,0.25,0.25,0.333,0.583,0.277,0.293,0.0,0.317,0.364,84.9
695720,Tommy White,ATH,Even,254,0.385,0.465,46.0,13.0,0.0,0.289,0.283,0.333,0.616,0.27,0.373,0.0,0.254,0.435,88.1
695720,Tommy White,ATH,Two-Strike,198,0.3,0.737,94.0,17.0,1.0,0.187,0.213,0.242,0.455,0.204,0.212,0.319,0.178,0.148,81.7
683953,Travis Bazzana,CLE,Ahead (Hitter),463,0.231,0.404,92.0,20.0,7.0,0.303,0.478,0.727,1.206,0.498,0.49,0.0,0.219,0.478,89.6
683953,Travis Bazzana,CLE,Behind (Hitter),244,0.122,0.475,45.0,13.0,2.0,0.31,0.333,0.524,0.857,0.363,0.333,0.0,0.328,0.372,85.2
683953,Travis Bazzana,CLE,Even,683,0.34,0.338,91.0,26.0,2.0,0.292,0.297,0.404,0.701,0.304,0.328,0.0,0.212,0.433,88.6
683953,Travis Bazzana,CLE,Two-Strike,618,0.308,0.589,273.0,47.0,4.0,0.198,0.3,0.291,0.592,0.279,0.228,0.377,0.187,0.261,85.8
518595,Travis D'Arnaud,LAA,Ahead (Hitter),203,0.172,0.562,12.0,3.0,0.0,0.3,0.417,0.4,0.817,0.371,0.354,0.0,0.235,0.5,89.8
518595,Travis D'Arnaud,LAA,Behind (Hitter),176,0.149,0.483,,,,,,,,,,,,,
518595,Travis D'Arnaud,LAA,Even,428,0.363,0.495,13.0,3.0,0.0,0.25,0.308,0.25,0.558,0.262,0.304,0.0,0.375,0.25,83.9
518595,Travis D'Arnaud,LAA,Two-Strike,372,0.316,0.573,47.0,5.0,0.0,0.119,0.213,0.167,0.379,0.185,0.155,0.511,0.283,0.278,87.8
607208,Trea Turner,PHI,Ahead (Hitter),1054,0.211,0.49,120.0,36.0,6.0,0.371,0.483,0.639,1.123,0.484,0.432,0.0,0.253,0.408,89.4
607208,Trea Turner,PHI,Behind (Hitter),651,0.13,0.575,66.0,19.0,3.0,0.288,0.288,0.485,0.773,0.358,0.354,0.0,0.294,0.409,87.7
607208,Trea Turner,PHI,Even,1794,0.359,0.426,140.0,44.0,8.0,0.319,0.329,0.572,0.901,0.396,0.349,0.0,0.282,0.384,87.9
607208,Trea Turner,PHI,Two-Strike,1495,0.299,0.592,354.0,51.0,2.0,0.157,0.22,0.197,0.417,0.201,0.214,0.401,0.221,0.373,88.0
663757,Trent Grisham,NYY,Ahead (Hitter),1048,0.24,0.394,107.0,18.0,5.0,0.212,0.374,0.435,0.809,0.375,0.434,0.0,0.168,0.548,92.7
663757,Trent Grisham,NYY,Behind (Hitter),502,0.115,0.343,21.0,6.0,1.0,0.3,0.286,0.5,0.786,0.326,0.239,0.0,0.256,0.286,86.9
663757,Trent Grisham,NYY,Even,1535,0.352,0.301,103.0,33.0,5.0,0.327,0.32,0.574,0.895,0.379,0.403,0.0,0.155,0.471,91.3
663757,Trent Grisham,NYY,Two-Strike,1275,0.292,0.5,253.0,31.0,7.0,0.146,0.277,0.282,0.558,0.263,0.279,0.352,0.157,0.405,89.3
663616,Trevor Larnach,MIN,Ahead (Hitter),933,0.24,0.448,87.0,29.0,5.0,0.426,0.552,0.735,1.287,0.551,0.45,0.0,0.26,0.448,90.1
663616,Trevor Larnach,MIN,Behind (Hitter),502,0.129,0.51,49.0,17.0,2.0,0.347,0.347,0.592,0.939,0.4,0.366,0.0,0.292,0.306,84.6
663616,Trevor Larnach,MIN,Even,1398,0.359,0.307,75.0,23.0,3.0,0.311,0.311,0.527,0.838,0.377,0.359,0.0,0.288,0.405,89.1
663616,Trevor Larnach,MIN,Two-Strike,1058,0.272,0.584,224.0,34.0,3.0,0.174,0.281,0.251,0.533,0.26,0.261,0.353,0.211,0.322,86.4
596115,Trevor Story,BOS,Ahead (Hitter),603,0.176,0.57,27.0,8.0,2.0,0.381,0.481,0.667,1.148,0.511,0.413,0.0,0.241,0.455,89.7
596115,Trevor Story,BOS,Behind (Hitter),495,0.145,0.582,33.0,10.0,0.0,0.303,0.303,0.303,0.606,0.327,0.26,0.0,0.239,0.242,83.7
596115,Trevor Story,BOS,Even,1256,0.367,0.435,53.0,15.0,2.0,0.294,0.302,0.51,0.812,0.359,0.381,0.0,0.302,0.481,88.3
596115,Trevor Story,BOS,Two-Strike,1071,0.313,0.647,142.0,26.0,1.0,0.188,0.211,0.275,0.487,0.221,0.168,0.57,0.299,0.298,85.7
641820,Trey Mancini,LAA,Even,20,0.408,0.65,,,,,,,,,,,,,
641820,Trey Mancini,LAA,Two-Strike,17,0.347,0.588,,,,,,,,,,,,,
656484,Tristan Gray,MIN,Ahead (Hitter),183,0.175,0.601,24.0,6.0,1.0,0.316,0.458,0.474,0.932,0.435,0.481,0.0,0.274,0.389,88.1
656484,Tristan Gray,MIN,Behind (Hitter),154,0.147,0.584,15.0,5.0,1.0,0.357,0.333,0.643,0.976,0.397,0.43,0.0,0.375,0.4,91.1
656484,Tristan Gray,MIN,Even,376,0.359,0.434,36.0,14.0,2.0,0.4,0.4,0.657,1.057,0.51,0.418,0.0,0.284,0.444,85.0
656484,Tristan Gray,MIN,Two-Strike,334,0.319,0.629,113.0,13.0,0.0,0.124,0.168,0.133,0.301,0.144,0.148,0.522,0.297,0.312,86.8
671976,Tristan Peters,CWS,Ahead (Hitter),380,0.214,0.468,92.0,24.0,5.0,0.364,0.543,0.712,1.256,0.523,0.489,0.0,0.203,0.403,89.9
671976,Tristan Peters,CWS,Behind (Hitter),230,0.13,0.583,48.0,12.0,2.0,0.261,0.271,0.435,0.706,0.3,0.286,0.0,0.226,0.34,80.1
671976,Tristan Peters,CWS,Even,651,0.367,0.449,115.0,40.0,5.0,0.377,0.396,0.679,1.076,0.468,0.387,0.0,0.21,0.342,80.1
671976,Tristan Peters,CWS,Two-Strike,511,0.288,0.632,220.0,38.0,0.0,0.187,0.25,0.246,0.496,0.233,0.211,0.391,0.192,0.293,85.8
687859,Troy Johnston,COL,Ahead (Hitter),478,0.231,0.421,74.0,18.0,1.0,0.353,0.541,0.529,1.07,0.47,0.489,0.0,0.234,0.444,91.6
687859,Troy Johnston,COL,Behind (Hitter),260,0.126,0.569,44.0,20.0,0.0,0.465,0.477,0.605,1.082,0.493,0.366,0.0,0.244,0.442,89.0
687859,Troy Johnston,COL,Even,764,0.369,0.446,107.0,38.0,1.0,0.373,0.377,0.529,0.907,0.391,0.356,0.0,0.225,0.362,87.8
687859,Troy Johnston,COL,Two-Strike,566,0.274,0.678,214.0,33.0,1.0,0.173,0.252,0.236,0.488,0.227,0.246,0.374,0.204,0.307,89.3
691907,Tsung-Che Cheng,BOS,Ahead (Hitter),28,0.148,0.464,,,,,,,,,,,,,
691907,Tsung-Che Cheng,BOS,Behind (Hitter),35,0.185,0.486,,,,,,,,,,,,,
691907,Tsung-Che Cheng,BOS,Even,69,0.365,0.42,,,,,,,,,,,,,
691907,Tsung-Che Cheng,BOS,Two-Strike,57,0.302,0.579,24.0,3.0,0.0,0.13,0.167,0.13,0.297,0.142,0.222,0.583,0.31,0.222,85.9
806367,Turner Hill,SF,Ahead (Hitter),107,0.228,0.364,28.0,6.0,0.0,0.286,0.429,0.333,0.762,0.355,0.494,0.0,0.077,0.455,91.9
806367,Turner Hill,SF,Behind (Hitter),60,0.128,0.267,,,,,,,,,,,,,
806367,Turner Hill,SF,Even,175,0.373,0.32,26.0,5.0,1.0,0.217,0.231,0.391,0.622,0.256,0.318,0.0,0.143,0.32,85.3
806367,Turner Hill,SF,Two-Strike,127,0.271,0.567,57.0,10.0,0.0,0.204,0.316,0.265,0.581,0.275,0.246,0.333,0.153,0.2,84.2
664034,Ty France,SD,Ahead (Hitter),700,0.184,0.61,88.0,26.0,5.0,0.366,0.455,0.648,1.102,0.494,0.441,0.0,0.249,0.451,90.9
664034,Ty France,SD,Behind (Hitter),495,0.13,0.554,43.0,12.0,3.0,0.3,0.326,0.55,0.876,0.369,0.395,0.0,0.31,0.381,90.0
664034,Ty France,SD,Even,1362,0.358,0.416,83.0,38.0,5.0,0.494,0.506,0.779,1.285,0.57,0.464,0.0,0.271,0.538,93.1
664034,Ty France,SD,Two-Strike,1244,0.327,0.602,270.0,51.0,8.0,0.212,0.289,0.373,0.662,0.299,0.247,0.374,0.203,0.493,91.9
672012,Tyler Black,MIL,Ahead (Hitter),29,0.192,0.552,,,,,,,,,,,,,
672012,Tyler Black,MIL,Behind (Hitter),18,0.119,0.333,,,,,,,,,,,,,
672012,Tyler Black,MIL,Even,58,0.384,0.5,10.0,6.0,0.0,0.6,0.6,0.9,1.5,0.645,0.19,0.0,0.2,0.1,84.8
672012,Tyler Black,MIL,Two-Strike,46,0.305,0.478,14.0,2.0,0.0,0.154,0.214,0.231,0.445,0.204,0.208,0.5,0.235,0.333,83.2
682997,Tyler Callihan,PIT,Ahead (Hitter),81,0.182,0.506,13.0,4.0,1.0,0.4,0.538,0.9,1.438,0.577,0.418,0.0,0.297,0.3,90.2
682997,Tyler Callihan,PIT,Behind (Hitter),58,0.13,0.569,,,,,,,,,,,,,
682997,Tyler Callihan,PIT,Even,158,0.354,0.475,20.0,9.0,2.0,0.529,0.526,1.118,1.644,0.663,0.399,0.0,0.268,0.316,83.8
682997,Tyler Callihan,PIT,Two-Strike,149,0.334,0.617,67.0,7.0,0.0,0.115,0.194,0.148,0.342,0.167,0.193,0.567,0.344,0.217,82.0
671289,Tyler Freeman,COL,Ahead (Hitter),520,0.195,0.508,66.0,13.0,2.0,0.25,0.391,0.404,0.794,0.366,0.381,0.0,0.102,0.382,85.6
671289,Tyler Freeman,COL,Behind (Hitter),371,0.139,0.491,37.0,11.0,0.0,0.306,0.324,0.333,0.658,0.32,0.311,0.0,0.083,0.417,87.6
671289,Tyler Freeman,COL,Even,998,0.374,0.341,68.0,15.0,1.0,0.259,0.317,0.379,0.697,0.34,0.325,0.0,0.114,0.349,81.7
671289,Tyler Freeman,COL,Two-Strike,782,0.293,0.591,116.0,24.0,0.0,0.222,0.276,0.231,0.507,0.253,0.26,0.293,0.131,0.324,85.6
623168,Tyler Heineman,LAA,Ahead (Hitter),261,0.2,0.429,34.0,9.0,1.0,0.321,0.406,0.536,0.942,0.42,0.358,0.0,0.177,0.233,77.9
623168,Tyler Heineman,LAA,Behind (Hitter),180,0.138,0.628,18.0,3.0,0.0,0.167,0.167,0.278,0.444,0.189,0.242,0.0,0.15,0.111,76.3
623168,Tyler Heineman,LAA,Even,497,0.381,0.437,49.0,7.0,0.0,0.189,0.25,0.189,0.439,0.255,0.267,0.0,0.222,0.13,73.3
623168,Tyler Heineman,LAA,Two-Strike,366,0.281,0.699,94.0,10.0,0.0,0.111,0.149,0.111,0.26,0.135,0.185,0.298,0.18,0.065,79.0
682988,Tyler Locklear,AZ,Ahead (Hitter),121,0.187,0.463,,,,,,,,,,,,,
682988,Tyler Locklear,AZ,Behind (Hitter),89,0.137,0.607,,,,,,,,,,,,,
682988,Tyler Locklear,AZ,Even,209,0.323,0.407,,,,,,,,,,,,,
682988,Tyler Locklear,AZ,Two-Strike,229,0.353,0.537,21.0,3.0,0.0,0.158,0.238,0.158,0.396,0.195,0.231,0.429,0.211,0.2,83.2
641933,Tyler O'Neill,BAL,Ahead (Hitter),356,0.19,0.5,46.0,11.0,4.0,0.314,0.478,0.686,1.164,0.486,0.563,0.0,0.278,0.457,92.7
641933,Tyler O'Neill,BAL,Behind (Hitter),260,0.139,0.485,21.0,7.0,1.0,0.333,0.333,0.524,0.857,0.369,0.447,0.0,0.338,0.429,89.7
641933,Tyler O'Neill,BAL,Even,667,0.356,0.402,50.0,16.0,1.0,0.333,0.36,0.479,0.839,0.384,0.299,0.0,0.279,0.417,88.0
641933,Tyler O'Neill,BAL,Two-Strike,593,0.316,0.526,143.0,15.0,4.0,0.118,0.217,0.228,0.445,0.215,0.207,0.497,0.257,0.418,88.3
691016,Tyler Soderstrom,ATH,Ahead (Hitter),937,0.235,0.439,104.0,24.0,5.0,0.324,0.519,0.622,1.141,0.54,0.447,0.0,0.216,0.529,91.6
691016,Tyler Soderstrom,ATH,Behind (Hitter),484,0.121,0.504,36.0,16.0,1.0,0.444,0.444,0.694,1.139,0.503,0.442,0.0,0.206,0.457,90.6
691016,Tyler Soderstrom,ATH,Even,1436,0.36,0.433,93.0,27.0,7.0,0.3,0.312,0.622,0.934,0.389,0.387,0.0,0.207,0.429,90.1
691016,Tyler Soderstrom,ATH,Two-Strike,1134,0.284,0.536,219.0,30.0,6.0,0.15,0.224,0.3,0.524,0.245,0.229,0.411,0.205,0.427,90.7
663886,Tyler Stephenson,CIN,Ahead (Hitter),688,0.211,0.429,92.0,31.0,5.0,0.443,0.565,0.729,1.294,0.552,0.486,0.0,0.191,0.444,91.0
663886,Tyler Stephenson,CIN,Behind (Hitter),424,0.13,0.446,34.0,10.0,2.0,0.303,0.324,0.606,0.93,0.403,0.419,0.0,0.267,0.364,88.7
663886,Tyler Stephenson,CIN,Even,1118,0.343,0.373,82.0,28.0,4.0,0.364,0.354,0.571,0.925,0.387,0.406,0.0,0.261,0.444,92.1
663886,Tyler Stephenson,CIN,Two-Strike,1031,0.316,0.525,247.0,29.0,4.0,0.132,0.227,0.227,0.454,0.213,0.228,0.502,0.262,0.469,90.8
686475,Tyler Tolbert,KC,Ahead (Hitter),134,0.192,0.537,22.0,7.0,1.0,0.368,0.455,0.579,1.033,0.489,0.349,0.0,0.25,0.316,84.0
686475,Tyler Tolbert,KC,Behind (Hitter),97,0.139,0.515,18.0,8.0,1.0,0.471,0.471,0.765,1.235,0.541,0.359,0.0,0.286,0.333,86.0
686475,Tyler Tolbert,KC,Even,279,0.399,0.423,36.0,10.0,0.0,0.312,0.333,0.375,0.708,0.403,0.312,0.0,0.309,0.2,68.2
686475,Tyler Tolbert,KC,Two-Strike,189,0.27,0.55,68.0,12.0,1.0,0.207,0.309,0.259,0.567,0.281,0.25,0.426,0.267,0.2,85.4
621438,Tyrone Taylor,CHC,Ahead (Hitter),441,0.208,0.503,52.0,15.0,4.0,0.349,0.462,0.744,1.206,0.499,0.401,0.0,0.149,0.488,90.1
621438,Tyrone Taylor,CHC,Behind (Hitter),308,0.145,0.526,32.0,6.0,0.0,0.222,0.241,0.259,0.501,0.243,0.288,0.0,0.19,0.194,77.7
621438,Tyrone Taylor,CHC,Even,800,0.378,0.338,42.0,15.0,4.0,0.366,0.366,0.732,1.098,0.479,0.404,0.0,0.281,0.415,87.5
621438,Tyrone Taylor,CHC,Two-Strike,569,0.269,0.663,109.0,22.0,3.0,0.216,0.257,0.363,0.62,0.278,0.233,0.367,0.167,0.254,83.6
687093,Vaughn Grissom,LAA,Ahead (Hitter),371,0.213,0.453,79.0,27.0,5.0,0.429,0.506,0.825,1.332,0.537,0.49,0.0,0.202,0.379,88.6
687093,Vaughn Grissom,LAA,Behind (Hitter),229,0.131,0.603,49.0,11.0,0.0,0.234,0.265,0.277,0.542,0.314,0.301,0.0,0.188,0.319,87.8
687093,Vaughn Grissom,LAA,Even,612,0.351,0.351,82.0,24.0,5.0,0.308,0.321,0.538,0.859,0.378,0.331,0.0,0.219,0.362,85.7
687093,Vaughn Grissom,LAA,Two-Strike,530,0.304,0.621,245.0,37.0,3.0,0.17,0.253,0.243,0.496,0.238,0.249,0.339,0.182,0.358,87.1
682674,Victor Bericoto,SF,Ahead (Hitter),54,0.135,0.722,11.0,7.0,3.0,0.636,0.636,1.455,2.091,0.873,0.695,0.0,0.333,0.727,93.8
682674,Victor Bericoto,SF,Behind (Hitter),57,0.142,0.632,11.0,5.0,1.0,0.455,0.455,0.727,1.182,0.509,0.544,0.0,0.278,0.364,91.7
682674,Victor Bericoto,SF,Even,142,0.355,0.458,21.0,4.0,0.0,0.19,0.19,0.286,0.476,0.205,0.264,0.0,0.338,0.476,88.4
682674,Victor Bericoto,SF,Two-Strike,147,0.367,0.592,63.0,8.0,1.0,0.133,0.175,0.217,0.391,0.187,0.201,0.46,0.218,0.516,91.2
683748,Victor Mesa,TB,Ahead (Hitter),206,0.2,0.505,38.0,11.0,4.0,0.379,0.526,0.966,1.492,0.588,0.519,0.0,0.213,0.517,88.2
683748,Victor Mesa,TB,Behind (Hitter),144,0.14,0.549,22.0,7.0,1.0,0.318,0.318,0.545,0.864,0.368,0.304,0.0,0.217,0.409,89.0
683748,Victor Mesa,TB,Even,390,0.378,0.474,63.0,18.0,2.0,0.295,0.295,0.426,0.721,0.32,0.328,0.0,0.217,0.333,83.1
683748,Victor Mesa,TB,Two-Strike,292,0.283,0.63,125.0,19.0,7.0,0.174,0.272,0.394,0.666,0.291,0.284,0.384,0.241,0.41,89.2
687363,Victor Scott,STL,Ahead (Hitter),503,0.209,0.499,34.0,6.0,0.0,0.231,0.355,0.231,0.586,0.335,0.427,0.0,0.189,0.233,75.3
687363,Victor Scott,STL,Behind (Hitter),294,0.122,0.463,13.0,5.0,1.0,0.455,0.455,0.727,1.182,0.691,0.346,0.0,0.242,0.286,73.8
687363,Victor Scott,STL,Even,893,0.371,0.421,43.0,11.0,0.0,0.297,0.333,0.351,0.685,0.328,0.247,0.0,0.236,0.214,74.9
687363,Victor Scott,STL,Two-Strike,719,0.298,0.502,99.0,9.0,1.0,0.103,0.202,0.161,0.363,0.178,0.223,0.455,0.264,0.256,87.0
660644,Vidal Bruján,NYM,Ahead (Hitter),76,0.198,0.566,,,,,,,,,,,,,
660644,Vidal Bruján,NYM,Behind (Hitter),47,0.122,0.574,,,,,,,,,,,,,
660644,Vidal Bruján,NYM,Even,144,0.375,0.5,,,,,,,,,,,,,
660644,Vidal Bruján,NYM,Two-Strike,117,0.305,0.521,,,,,,,,,,,,,
605353,Vimael Machín,COL,Even,25,0.403,0.36,,,,,,,,,,,,,
605353,Vimael Machín,COL,Two-Strike,17,0.274,0.588,,,,,,,,,,,,,
686469,Vinnie Pasquantino,KC,Ahead (Hitter),1019,0.23,0.418,98.0,22.0,8.0,0.297,0.459,0.703,1.162,0.505,0.504,0.0,0.108,0.5,92.1
686469,Vinnie Pasquantino,KC,Behind (Hitter),581,0.131,0.57,50.0,13.0,1.0,0.277,0.3,0.383,0.683,0.322,0.333,0.0,0.183,0.404,90.9
686469,Vinnie Pasquantino,KC,Even,1551,0.349,0.362,97.0,28.0,3.0,0.295,0.289,0.474,0.762,0.351,0.325,0.0,0.146,0.443,89.4
686469,Vinnie Pasquantino,KC,Two-Strike,1289,0.29,0.59,220.0,38.0,3.0,0.196,0.286,0.284,0.57,0.268,0.266,0.327,0.134,0.358,88.6
665489,Vladimir Guerrero,TOR,Ahead (Hitter),1182,0.251,0.445,148.0,37.0,4.0,0.289,0.378,0.438,0.816,0.388,0.415,0.0,0.16,0.5,92.7
665489,Vladimir Guerrero,TOR,Behind (Hitter),569,0.121,0.473,56.0,17.0,0.0,0.321,0.339,0.396,0.736,0.323,0.365,0.0,0.203,0.444,89.5
665489,Vladimir Guerrero,TOR,Even,1772,0.376,0.349,142.0,35.0,3.0,0.252,0.261,0.374,0.635,0.294,0.32,0.0,0.201,0.45,91.2
665489,Vladimir Guerrero,TOR,Two-Strike,1188,0.252,0.556,255.0,51.0,2.0,0.233,0.329,0.288,0.617,0.292,0.29,0.306,0.164,0.399,88.3
605170,Víctor Caratini,MIN,Ahead (Hitter),647,0.226,0.414,72.0,13.0,3.0,0.271,0.472,0.458,0.931,0.443,0.464,0.0,0.174,0.449,92.2
605170,Víctor Caratini,MIN,Behind (Hitter),376,0.131,0.465,29.0,8.0,0.0,0.32,0.31,0.36,0.67,0.284,0.356,0.0,0.301,0.429,90.2
605170,Víctor Caratini,MIN,Even,1041,0.363,0.343,76.0,15.0,2.0,0.205,0.237,0.342,0.579,0.264,0.32,0.0,0.172,0.37,87.3
605170,Víctor Caratini,MIN,Two-Strike,801,0.28,0.579,202.0,35.0,2.0,0.196,0.277,0.251,0.529,0.247,0.24,0.381,0.229,0.35,89.3
645302,Víctor Robles,SEA,Ahead (Hitter),143,0.16,0.552,25.0,8.0,0.0,0.421,0.542,0.474,1.015,0.469,0.468,0.0,0.157,0.25,81.0
645302,Víctor Robles,SEA,Behind (Hitter),140,0.156,0.6,12.0,3.0,0.0,0.25,0.25,0.25,0.5,0.225,0.284,0.0,0.262,0.333,84.6
645302,Víctor Robles,SEA,Even,350,0.391,0.511,43.0,12.0,0.0,0.316,0.341,0.368,0.71,0.346,0.297,0.0,0.283,0.171,78.7
645302,Víctor Robles,SEA,Two-Strike,262,0.293,0.599,69.0,11.0,0.0,0.172,0.232,0.234,0.466,0.228,0.205,0.319,0.156,0.167,81.9
685133,Wade Meckler,LAA,Ahead (Hitter),274,0.237,0.456,71.0,19.0,0.0,0.333,0.465,0.404,0.868,0.411,0.39,0.0,0.144,0.333,85.3
685133,Wade Meckler,LAA,Behind (Hitter),149,0.129,0.456,33.0,12.0,1.0,0.375,0.375,0.531,0.906,0.4,0.31,0.0,0.191,0.303,83.7
685133,Wade Meckler,LAA,Even,458,0.396,0.356,77.0,30.0,1.0,0.4,0.408,0.507,0.915,0.428,0.367,0.0,0.147,0.289,84.3
685133,Wade Meckler,LAA,Two-Strike,277,0.239,0.549,139.0,22.0,1.0,0.183,0.295,0.233,0.528,0.254,0.247,0.432,0.289,0.41,87.7
805805,Walker Jenkins,MIN,Ahead (Hitter),65,0.212,0.6,18.0,4.0,1.0,0.267,0.389,0.467,0.856,0.378,0.405,0.0,0.333,0.333,89.1
805805,Walker Jenkins,MIN,Behind (Hitter),38,0.124,0.421,,,,,,,,,,,,,
805805,Walker Jenkins,MIN,Even,115,0.376,0.374,17.0,8.0,3.0,0.471,0.471,1.0,1.471,0.618,0.458,0.0,0.256,0.412,86.8
805805,Walker Jenkins,MIN,Two-Strike,88,0.288,0.511,38.0,3.0,0.0,0.091,0.211,0.152,0.362,0.205,0.211,0.447,0.2,0.188,85.6
672761,Wenceel Pérez,DET,Ahead (Hitter),459,0.21,0.471,44.0,10.0,2.0,0.27,0.386,0.541,0.927,0.398,0.442,0.0,0.082,0.486,91.2
672761,Wenceel Pérez,DET,Behind (Hitter),296,0.135,0.53,22.0,5.0,1.0,0.227,0.227,0.364,0.591,0.255,0.239,0.0,0.25,0.318,82.3
672761,Wenceel Pérez,DET,Even,797,0.364,0.365,26.0,3.0,1.0,0.115,0.115,0.231,0.346,0.146,0.182,0.0,0.184,0.231,86.3
672761,Wenceel Pérez,DET,Two-Strike,635,0.29,0.631,83.0,11.0,3.0,0.145,0.217,0.289,0.506,0.227,0.218,0.349,0.167,0.277,87.0
642215,Weston Wilson,SEA,Ahead (Hitter),249,0.194,0.462,26.0,7.0,0.0,0.333,0.462,0.333,0.795,0.377,0.372,0.0,0.304,0.429,87.7
642215,Weston Wilson,SEA,Behind (Hitter),163,0.127,0.417,13.0,7.0,0.0,0.538,0.538,0.692,1.231,0.583,0.331,0.0,0.436,0.333,88.2
642215,Weston Wilson,SEA,Even,428,0.333,0.353,32.0,7.0,1.0,0.219,0.219,0.344,0.562,0.242,0.327,0.0,0.34,0.344,86.9
642215,Weston Wilson,SEA,Two-Strike,444,0.346,0.536,104.0,12.0,3.0,0.132,0.24,0.253,0.493,0.238,0.198,0.529,0.242,0.27,80.9
677943,Will Banfield,CIN,Ahead (Hitter),19,0.192,0.842,,,,,,,,,,,,,
677943,Will Banfield,CIN,Even,40,0.404,0.475,,,,,,,,,,,,,
677943,Will Banfield,CIN,Two-Strike,28,0.283,0.75,,,,,,,,,,,,,
666181,Will Benson,CIN,Ahead (Hitter),325,0.232,0.492,26.0,7.0,1.0,0.368,0.538,0.684,1.223,0.578,0.663,0.0,0.269,0.526,95.4
666181,Will Benson,CIN,Behind (Hitter),187,0.133,0.455,,,,,,,,,,,,,
666181,Will Benson,CIN,Even,516,0.368,0.45,18.0,6.0,1.0,0.333,0.333,0.5,0.833,0.361,0.256,0.0,0.321,0.263,82.6
666181,Will Benson,CIN,Two-Strike,374,0.267,0.575,65.0,5.0,1.0,0.089,0.215,0.179,0.394,0.194,0.181,0.585,0.297,0.389,93.3
686823,Will Brennan,SF,Ahead (Hitter),34,0.274,0.529,,,,,,,,,,,,,
686823,Will Brennan,SF,Behind (Hitter),16,0.129,0.812,,,,,,,,,,,,,
686823,Will Brennan,SF,Even,45,0.363,0.311,,,,,,,,,,,,,
686823,Will Brennan,SF,Two-Strike,29,0.234,0.828,,,,,,,,,,,,,
669257,Will Smith,LAD,Ahead (Hitter),693,0.228,0.368,60.0,14.0,1.0,0.341,0.517,0.512,1.029,0.45,0.543,0.0,0.111,0.558,94.1
669257,Will Smith,LAD,Behind (Hitter),360,0.118,0.375,22.0,6.0,2.0,0.316,0.364,0.632,0.995,0.409,0.467,0.0,0.184,0.4,86.3
669257,Will Smith,LAD,Even,1019,0.335,0.292,41.0,12.0,1.0,0.3,0.317,0.45,0.767,0.355,0.374,0.0,0.236,0.225,83.5
669257,Will Smith,LAD,Two-Strike,967,0.318,0.544,146.0,25.0,6.0,0.195,0.288,0.352,0.639,0.286,0.318,0.295,0.106,0.407,89.5
695238,Will Wagner,SD,Ahead (Hitter),172,0.212,0.39,,,,,,,,,,,,,
695238,Will Wagner,SD,Behind (Hitter),102,0.126,0.52,,,,,,,,,,,,,
695238,Will Wagner,SD,Even,269,0.331,0.353,10.0,6.0,0.0,0.6,0.6,0.7,1.3,0.575,0.43,0.0,0.05,0.1,82.2
695238,Will Wagner,SD,Two-Strike,269,0.331,0.613,22.0,1.0,0.0,0.053,0.182,0.053,0.234,0.136,0.187,0.318,0.172,0.154,78.6
669717,Will Wilson,SEA,Ahead (Hitter),64,0.163,0.547,,,,,,,,,,,,,
669717,Will Wilson,SEA,Behind (Hitter),51,0.13,0.569,,,,,,,,,,,,,
669717,Will Wilson,SEA,Even,130,0.331,0.515,,,,,,,,,,,,,
669717,Will Wilson,SEA,Two-Strike,148,0.377,0.574,,,,,,,,,,,,,
650489,Willi Castro,COL,Ahead (Hitter),702,0.193,0.473,71.0,16.0,2.0,0.34,0.563,0.574,1.138,0.502,0.518,0.0,0.295,0.565,92.8
650489,Willi Castro,COL,Behind (Hitter),501,0.138,0.607,46.0,19.0,1.0,0.413,0.413,0.543,0.957,0.418,0.368,0.0,0.228,0.348,83.2
650489,Willi Castro,COL,Even,1281,0.352,0.465,87.0,32.0,4.0,0.395,0.402,0.63,1.032,0.444,0.383,0.0,0.334,0.402,87.8
650489,Willi Castro,COL,Two-Strike,1155,0.317,0.597,276.0,43.0,7.0,0.168,0.228,0.277,0.506,0.233,0.223,0.467,0.245,0.354,85.5
661388,William Contreras,MIL,Ahead (Hitter),1161,0.241,0.392,139.0,34.0,5.0,0.312,0.432,0.505,0.936,0.436,0.486,0.0,0.13,0.606,95.0
661388,William Contreras,MIL,Behind (Hitter),583,0.121,0.503,57.0,16.0,1.0,0.296,0.298,0.389,0.687,0.328,0.355,0.0,0.232,0.393,87.9
661388,William Contreras,MIL,Even,1768,0.366,0.417,155.0,52.0,8.0,0.344,0.342,0.55,0.892,0.402,0.33,0.0,0.21,0.377,89.8
661388,William Contreras,MIL,Two-Strike,1313,0.272,0.577,275.0,49.0,4.0,0.199,0.284,0.305,0.589,0.278,0.256,0.338,0.177,0.405,88.3
575929,Willson Contreras,BOS,Ahead (Hitter),886,0.209,0.411,88.0,19.0,5.0,0.322,0.534,0.644,1.178,0.548,0.529,0.0,0.299,0.5,92.3
575929,Willson Contreras,BOS,Behind (Hitter),553,0.131,0.524,37.0,16.0,1.0,0.471,0.5,0.765,1.265,0.584,0.459,0.0,0.348,0.382,88.4
575929,Willson Contreras,BOS,Even,1510,0.357,0.428,111.0,34.0,12.0,0.354,0.432,0.771,1.203,0.495,0.525,0.0,0.276,0.474,89.3
575929,Willson Contreras,BOS,Two-Strike,1286,0.304,0.581,296.0,54.0,9.0,0.209,0.307,0.36,0.668,0.308,0.267,0.453,0.279,0.402,89.0
642715,Willy Adames,SF,Ahead (Hitter),1012,0.211,0.469,88.0,26.0,4.0,0.351,0.455,0.649,1.103,0.477,0.444,0.0,0.237,0.486,90.2
642715,Willy Adames,SF,Behind (Hitter),609,0.127,0.527,42.0,11.0,4.0,0.262,0.262,0.595,0.857,0.379,0.386,0.0,0.293,0.357,86.5
642715,Willy Adames,SF,Even,1671,0.349,0.367,91.0,31.0,5.0,0.348,0.352,0.596,0.947,0.421,0.353,0.0,0.262,0.378,86.9
642715,Willy Adames,SF,Two-Strike,1494,0.312,0.568,283.0,39.0,8.0,0.151,0.223,0.274,0.497,0.228,0.218,0.491,0.286,0.347,86.3
677800,Wilyer Abreu,BOS,Ahead (Hitter),928,0.215,0.477,142.0,31.0,7.0,0.277,0.423,0.527,0.949,0.435,0.45,0.0,0.217,0.473,90.6
677800,Wilyer Abreu,BOS,Behind (Hitter),532,0.123,0.526,63.0,28.0,2.0,0.459,0.452,0.721,1.173,0.502,0.454,0.0,0.257,0.429,87.1
677800,Wilyer Abreu,BOS,Even,1512,0.35,0.366,104.0,37.0,5.0,0.37,0.365,0.68,1.045,0.445,0.439,0.0,0.222,0.485,91.7
677800,Wilyer Abreu,BOS,Two-Strike,1346,0.312,0.618,356.0,51.0,10.0,0.162,0.256,0.296,0.552,0.255,0.266,0.385,0.197,0.39,88.9
694671,Wyatt Langford,TEX,Ahead (Hitter),864,0.207,0.424,65.0,10.0,2.0,0.222,0.462,0.378,0.839,0.393,0.424,0.0,0.255,0.467,90.8
694671,Wyatt Langford,TEX,Behind (Hitter),528,0.126,0.451,39.0,13.0,2.0,0.351,0.359,0.541,0.9,0.406,0.382,0.0,0.22,0.316,87.2
694671,Wyatt Langford,TEX,Even,1439,0.344,0.392,102.0,34.0,9.0,0.337,0.343,0.723,1.066,0.454,0.43,0.0,0.25,0.426,89.7
694671,Wyatt Langford,TEX,Two-Strike,1347,0.322,0.509,248.0,37.0,4.0,0.174,0.29,0.277,0.567,0.272,0.241,0.415,0.188,0.3,87.7
593428,Xander Bogaerts,SD,Ahead (Hitter),1117,0.252,0.301,119.0,20.0,4.0,0.256,0.496,0.436,0.932,0.453,0.454,0.0,0.188,0.403,89.2
593428,Xander Bogaerts,SD,Behind (Hitter),565,0.127,0.529,66.0,15.0,2.0,0.227,0.227,0.333,0.561,0.27,0.328,0.0,0.277,0.545,92.7
593428,Xander Bogaerts,SD,Even,1605,0.362,0.319,111.0,29.0,3.0,0.274,0.288,0.406,0.694,0.308,0.331,0.0,0.203,0.454,90.1
593428,Xander Bogaerts,SD,Two-Strike,1147,0.259,0.605,300.0,53.0,3.0,0.2,0.29,0.279,0.569,0.269,0.267,0.357,0.201,0.365,88.1
669364,Xavier Edwards,MIA,Ahead (Hitter),1065,0.232,0.452,147.0,39.0,3.0,0.336,0.476,0.5,0.976,0.462,0.412,0.0,0.156,0.372,87.8
669364,Xavier Edwards,MIA,Behind (Hitter),565,0.123,0.442,45.0,19.0,0.0,0.432,0.422,0.545,0.968,0.419,0.335,0.0,0.216,0.178,85.5
669364,Xavier Edwards,MIA,Even,1682,0.367,0.344,125.0,40.0,2.0,0.331,0.328,0.421,0.749,0.34,0.304,0.0,0.169,0.232,82.7
669364,Xavier Edwards,MIA,Two-Strike,1269,0.277,0.588,277.0,47.0,1.0,0.196,0.289,0.246,0.535,0.255,0.256,0.3,0.147,0.292,85.8
673237,Yainer Diaz,HOU,Ahead (Hitter),540,0.181,0.609,66.0,20.0,6.0,0.339,0.409,0.712,1.121,0.482,0.449,0.0,0.206,0.508,91.8
673237,Yainer Diaz,HOU,Behind (Hitter),445,0.149,0.616,45.0,15.0,4.0,0.341,0.356,0.659,1.015,0.439,0.354,0.0,0.158,0.372,88.7
673237,Yainer Diaz,HOU,Even,1197,0.402,0.51,101.0,32.0,3.0,0.323,0.327,0.455,0.781,0.365,0.356,0.0,0.193,0.39,90.6
673237,Yainer Diaz,HOU,Two-Strike,798,0.268,0.663,132.0,25.0,1.0,0.2,0.235,0.272,0.507,0.227,0.197,0.402,0.22,0.301,85.2
650490,Yandy Díaz,TB,Ahead (Hitter),1194,0.236,0.438,140.0,40.0,7.0,0.345,0.45,0.569,1.019,0.484,0.423,0.0,0.123,0.439,90.3
650490,Yandy Díaz,TB,Behind (Hitter),644,0.127,0.533,86.0,27.0,3.0,0.338,0.384,0.525,0.909,0.394,0.435,0.0,0.139,0.525,92.3
650490,Yandy Díaz,TB,Even,1814,0.358,0.318,129.0,48.0,8.0,0.387,0.38,0.605,0.985,0.417,0.376,0.0,0.099,0.461,90.8
650490,Yandy Díaz,TB,Two-Strike,1416,0.279,0.612,314.0,60.0,4.0,0.211,0.283,0.299,0.583,0.274,0.28,0.312,0.138,0.495,90.8
650968,Yohel Pozo,BAL,Ahead (Hitter),135,0.17,0.63,,,,,,,,,,,,,
650968,Yohel Pozo,BAL,Behind (Hitter),116,0.146,0.672,10.0,3.0,0.0,0.3,0.3,0.3,0.6,0.36,0.279,0.0,0.304,0.2,92.2
650968,Yohel Pozo,BAL,Even,295,0.372,0.458,16.0,2.0,0.0,0.125,0.125,0.125,0.25,0.169,0.211,0.0,0.135,0.188,84.1
650968,Yohel Pozo,BAL,Two-Strike,246,0.311,0.76,28.0,8.0,1.0,0.308,0.321,0.423,0.745,0.346,0.252,0.25,0.146,0.35,85.7
682818,Yohendrick Pinango,TOR,Ahead (Hitter),154,0.221,0.474,32.0,6.0,1.0,0.231,0.375,0.385,0.76,0.373,0.428,0.0,0.192,0.538,94.9
682818,Yohendrick Pinango,TOR,Behind (Hitter),92,0.132,0.652,24.0,9.0,2.0,0.375,0.375,0.708,1.083,0.458,0.487,0.0,0.233,0.375,91.1
682818,Yohendrick Pinango,TOR,Even,238,0.341,0.34,28.0,11.0,2.0,0.393,0.393,0.643,1.036,0.445,0.428,0.0,0.21,0.429,89.9
682818,Yohendrick Pinango,TOR,Two-Strike,214,0.307,0.659,96.0,18.0,0.0,0.198,0.24,0.242,0.481,0.22,0.19,0.458,0.234,0.468,89.2
670541,Yordan Álvarez,HOU,Ahead (Hitter),973,0.278,0.33,162.0,35.0,7.0,0.304,0.5,0.53,1.03,0.565,0.523,0.0,0.151,0.469,93.1
670541,Yordan Álvarez,HOU,Behind (Hitter),403,0.115,0.397,45.0,15.0,3.0,0.341,0.333,0.614,0.947,0.397,0.423,0.0,0.165,0.543,95.5
670541,Yordan Álvarez,HOU,Even,1213,0.346,0.345,130.0,45.0,15.0,0.363,0.392,0.839,1.231,0.522,0.531,0.0,0.179,0.556,94.9
670541,Yordan Álvarez,HOU,Two-Strike,913,0.261,0.617,319.0,79.0,16.0,0.278,0.348,0.493,0.841,0.368,0.376,0.354,0.176,0.561,94.2
660162,Yoán Moncada,LAA,Ahead (Hitter),388,0.23,0.441,25.0,6.0,3.0,0.353,0.56,1.0,1.56,0.6,0.526,0.0,0.222,0.412,92.9
660162,Yoán Moncada,LAA,Behind (Hitter),202,0.12,0.446,10.0,3.0,0.0,0.3,0.3,0.3,0.6,0.27,0.196,0.0,0.333,0.182,87.5
660162,Yoán Moncada,LAA,Even,596,0.353,0.351,15.0,3.0,0.0,0.231,0.333,0.308,0.641,0.297,0.348,0.0,0.213,0.615,93.8
660162,Yoán Moncada,LAA,Two-Strike,500,0.297,0.502,78.0,9.0,0.0,0.13,0.231,0.13,0.361,0.185,0.182,0.577,0.299,0.4,87.9
691728,Zac Veen,COL,Ahead (Hitter),85,0.199,0.671,,,,,,,,,,,,,
691728,Zac Veen,COL,Behind (Hitter),59,0.138,0.576,10.0,2.0,0.0,0.25,0.25,0.25,0.5,0.45,0.206,0.0,0.217,0.1,62.1
691728,Zac Veen,COL,Even,152,0.356,0.467,11.0,4.0,2.0,0.4,0.455,1.0,1.455,0.673,0.583,0.0,0.367,0.3,85.3
691728,Zac Veen,COL,Two-Strike,131,0.307,0.588,45.0,6.0,0.0,0.158,0.289,0.237,0.526,0.252,0.208,0.667,0.489,0.5,87.1
805904,Zach Cole,HOU,Ahead (Hitter),96,0.217,0.51,,,,,,,,,,,,,
805904,Zach Cole,HOU,Behind (Hitter),56,0.126,0.482,,,,,,,,,,,,,
805904,Zach Cole,HOU,Even,150,0.339,0.293,,,,,,,,,,,,,
805904,Zach Cole,HOU,Two-Strike,141,0.318,0.532,34.0,3.0,1.0,0.091,0.118,0.212,0.33,0.143,0.191,0.618,0.353,0.333,90.3
701305,Zach Dezenzo,HOU,Ahead (Hitter),182,0.224,0.374,17.0,1.0,0.0,0.091,0.412,0.091,0.503,0.353,0.433,0.0,0.167,0.273,88.1
701305,Zach Dezenzo,HOU,Behind (Hitter),102,0.125,0.431,,,,,,,,,,,,,
701305,Zach Dezenzo,HOU,Even,266,0.327,0.357,,,,,,,,,,,,,
701305,Zach Dezenzo,HOU,Two-Strike,263,0.323,0.605,53.0,7.0,1.0,0.135,0.151,0.231,0.382,0.166,0.137,0.604,0.38,0.35,83.5
656716,Zach Mckinstry,DET,Ahead (Hitter),783,0.215,0.356,66.0,12.0,1.0,0.261,0.485,0.348,0.833,0.41,0.447,0.0,0.085,0.333,89.0
656716,Zach Mckinstry,DET,Behind (Hitter),466,0.128,0.498,50.0,11.0,1.0,0.229,0.245,0.333,0.578,0.345,0.295,0.0,0.113,0.224,83.4
656716,Zach Mckinstry,DET,Even,1289,0.354,0.394,103.0,28.0,0.0,0.286,0.287,0.408,0.695,0.323,0.307,0.0,0.148,0.235,85.0
656716,Zach Mckinstry,DET,Two-Strike,1101,0.303,0.636,200.0,23.0,2.0,0.129,0.225,0.208,0.433,0.229,0.217,0.34,0.164,0.174,84.4
687263,Zach Neto,LAA,Ahead (Hitter),977,0.198,0.458,108.0,28.0,10.0,0.4,0.602,0.871,1.473,0.594,0.571,0.0,0.291,0.529,94.1
687263,Zach Neto,LAA,Behind (Hitter),656,0.133,0.474,48.0,12.0,3.0,0.255,0.271,0.489,0.76,0.323,0.331,0.0,0.356,0.426,90.2
687263,Zach Neto,LAA,Even,1734,0.352,0.425,118.0,41.0,5.0,0.366,0.398,0.607,1.005,0.431,0.428,0.0,0.322,0.438,88.7
687263,Zach Neto,LAA,Two-Strike,1566,0.317,0.598,409.0,62.0,8.0,0.165,0.235,0.288,0.523,0.237,0.21,0.511,0.298,0.347,88.0
680869,Zack Gelof,ATH,Ahead (Hitter),446,0.218,0.471,83.0,24.0,5.0,0.369,0.506,0.646,1.152,0.502,0.439,0.0,0.21,0.477,89.3
680869,Zack Gelof,ATH,Behind (Hitter),264,0.129,0.455,31.0,8.0,3.0,0.276,0.3,0.586,0.886,0.41,0.438,0.0,0.344,0.367,86.0
680869,Zack Gelof,ATH,Even,738,0.36,0.375,89.0,34.0,2.0,0.4,0.414,0.588,1.002,0.448,0.393,0.0,0.288,0.398,86.8
680869,Zack Gelof,ATH,Two-Strike,600,0.293,0.602,214.0,31.0,10.0,0.157,0.22,0.343,0.563,0.258,0.229,0.477,0.267,0.433,89.4
670097,Zack Short,NYM,Ahead (Hitter),105,0.2,0.438,,,,,,,,,,,,,
670097,Zack Short,NYM,Behind (Hitter),65,0.124,0.431,,,,,,,,,,,,,
670097,Zack Short,NYM,Even,168,0.321,0.321,10.0,3.0,0.0,0.3,0.3,0.3,0.6,0.27,0.309,0.0,0.188,0.2,82.8
670097,Zack Short,NYM,Two-Strike,186,0.355,0.505,43.0,2.0,0.0,0.059,0.233,0.118,0.35,0.188,0.232,0.442,0.275,0.188,89.1
