pitcher,pitcher_name,current_team,vs_stand,tendency_pitches,swing_rate_induced,chase_rate_induced,performance_pa,hits_allowed,home_runs_allowed,avg_against,obp_against,slg_against,ops_against,woba_against,xwoba_against,k_rate,bb_rate,whiff_rate_induced,hard_hit_rate_allowed,avg_exit_velo_allowed
621345,A. J. Minter,MIN,L,392,0.5,0.31,92.0,21.0,3.0,0.241,0.275,0.391,0.666,0.306,0.305,0.239,0.043,0.226,0.354,83.9
621345,A. J. Minter,MIN,R,464,0.478,0.272,90.0,18.0,5.0,0.209,0.244,0.442,0.686,0.312,0.295,0.211,0.033,0.185,0.388,87.9
676879,Aaron Ashby,MIL,L,962,0.384,0.271,136.0,28.0,2.0,0.228,0.294,0.317,0.611,0.283,0.235,0.353,0.081,0.31,0.342,85.5
676879,Aaron Ashby,MIL,R,1598,0.417,0.28,234.0,48.0,6.0,0.236,0.333,0.345,0.678,0.331,0.295,0.274,0.124,0.288,0.439,89.1
607481,Aaron Bummer,KC,L,597,0.399,0.254,44.0,12.0,3.0,0.324,0.419,0.676,1.094,0.484,0.332,0.159,0.136,0.25,0.452,89.5
607481,Aaron Bummer,KC,R,678,0.46,0.315,44.0,12.0,4.0,0.324,0.409,0.676,1.085,0.469,0.43,0.136,0.114,0.128,0.531,92.1
650644,Aaron Civale,CHC,L,1999,0.43,0.261,266.0,70.0,12.0,0.294,0.366,0.508,0.874,0.382,0.326,0.158,0.094,0.17,0.426,89.5
650644,Aaron Civale,CHC,R,1615,0.486,0.319,216.0,52.0,6.0,0.256,0.288,0.419,0.707,0.319,0.314,0.222,0.032,0.199,0.385,87.0
605400,Aaron Nola,PHI,L,2900,0.456,0.328,454.0,99.0,22.0,0.247,0.326,0.456,0.782,0.346,0.328,0.222,0.106,0.249,0.44,89.5
605400,Aaron Nola,PHI,R,1602,0.474,0.348,284.0,74.0,14.0,0.273,0.298,0.491,0.789,0.346,0.285,0.268,0.032,0.262,0.335,85.2
682842,Abner Uribe,MIL,L,955,0.463,0.274,108.0,26.0,2.0,0.26,0.315,0.34,0.655,0.319,0.296,0.204,0.074,0.161,0.338,87.6
682842,Abner Uribe,MIL,R,1135,0.418,0.271,121.0,15.0,1.0,0.139,0.21,0.185,0.395,0.211,0.226,0.322,0.074,0.313,0.361,86.5
624428,Adam Frazier,LAA,L,28,0.464,0.471,,,,,,,,,,,,,,
624428,Adam Frazier,LAA,R,17,0.235,0.154,,,,,,,,,,,,,,
671936,Adam Macko,TEX,L,297,0.441,0.287,77.0,22.0,1.0,0.324,0.403,0.412,0.814,0.384,0.334,0.273,0.078,0.305,0.391,87.4
671936,Adam Macko,TEX,R,290,0.476,0.338,69.0,16.0,4.0,0.262,0.319,0.475,0.794,0.386,0.352,0.159,0.072,0.181,0.367,85.6
605288,Adrian Houser,SF,L,2127,0.453,0.252,283.0,70.0,12.0,0.283,0.369,0.518,0.887,0.392,0.373,0.173,0.106,0.176,0.453,89.4
605288,Adrian Houser,SF,R,1497,0.512,0.305,186.0,39.0,3.0,0.222,0.234,0.318,0.552,0.261,0.287,0.134,0.022,0.142,0.378,88.0
670970,Adrián Morejón,SD,L,931,0.495,0.38,133.0,22.0,1.0,0.177,0.233,0.226,0.459,0.241,0.224,0.278,0.053,0.235,0.287,81.2
670970,Adrián Morejón,SD,R,1388,0.493,0.343,205.0,42.0,3.0,0.223,0.278,0.303,0.581,0.285,0.244,0.322,0.059,0.376,0.339,89.9
805123,Aj Blubaugh,HOU,L,1121,0.482,0.259,210.0,34.0,7.0,0.187,0.273,0.363,0.635,0.287,0.313,0.243,0.105,0.245,0.413,89.5
805123,Aj Blubaugh,HOU,R,1012,0.483,0.319,185.0,41.0,6.0,0.256,0.342,0.425,0.767,0.338,0.32,0.222,0.108,0.256,0.322,86.6
700363,Aj Smith-Shawver,ATL,L,676,0.479,0.29,73.0,18.0,3.0,0.286,0.37,0.476,0.846,0.38,0.338,0.11,0.11,0.19,0.429,89.3
700363,Aj Smith-Shawver,ATL,R,551,0.468,0.303,59.0,12.0,2.0,0.235,0.339,0.412,0.751,0.37,0.295,0.271,0.136,0.248,0.265,84.8
660604,Alan Rangel,PHI,L,361,0.49,0.294,72.0,18.0,2.0,0.286,0.361,0.476,0.837,0.362,0.325,0.194,0.083,0.203,0.28,86.4
660604,Alan Rangel,PHI,R,304,0.47,0.329,51.0,13.0,2.0,0.295,0.392,0.523,0.915,0.396,0.307,0.294,0.137,0.265,0.345,87.9
544150,Albert Suárez,BAL,L,541,0.46,0.267,121.0,24.0,5.0,0.22,0.289,0.45,0.739,0.327,0.31,0.14,0.091,0.204,0.337,88.8
544150,Albert Suárez,BAL,R,549,0.514,0.307,127.0,30.0,3.0,0.259,0.307,0.405,0.712,0.317,0.333,0.189,0.071,0.218,0.457,87.1
687941,Alec Gamboa,BOS,L,152,0.533,0.368,44.0,11.0,1.0,0.268,0.318,0.488,0.806,0.345,0.285,0.182,0.045,0.123,0.394,90.5
687941,Alec Gamboa,BOS,R,274,0.511,0.244,76.0,12.0,0.0,0.185,0.267,0.215,0.482,0.243,0.245,0.184,0.105,0.15,0.418,88.4
689690,Alek Jacob,SD,L,282,0.518,0.345,14.0,1.0,0.0,0.083,0.214,0.167,0.381,0.189,0.198,0.357,0.071,0.407,0.143,85.7
689690,Alek Jacob,SD,R,391,0.427,0.209,,,,,,,,,,,,,,
666201,Alek Manoah,LAA,L,104,0.365,0.182,26.0,4.0,0.0,0.182,0.308,0.364,0.671,0.335,0.338,0.115,0.154,0.184,0.368,87.5
666201,Alek Manoah,LAA,R,58,0.397,0.229,13.0,4.0,1.0,0.444,0.615,0.889,1.504,0.604,0.462,0.154,0.308,0.13,0.286,85.8
702047,Alex Cook,TB,L,68,0.441,0.161,17.0,2.0,0.0,0.125,0.176,0.188,0.364,0.221,0.171,0.176,0.059,0.133,0.308,88.2
702047,Alex Cook,TB,R,30,0.333,0.267,,,,,,,,,,,,,,
695380,Alex Hoppe,BAL,L,393,0.427,0.23,102.0,20.0,1.0,0.233,0.347,0.326,0.672,0.321,0.328,0.225,0.137,0.25,0.429,88.5
695380,Alex Hoppe,BAL,R,326,0.482,0.297,82.0,20.0,2.0,0.26,0.293,0.416,0.708,0.328,0.266,0.256,0.037,0.229,0.333,86.0
656577,Alex Jackson,MIN,L,17,0.294,0.154,,,,,,,,,,,,,,
656577,Alex Jackson,MIN,R,33,0.485,0.364,,,,,,,,,,,,,,
656638,Alex Lange,KC,L,625,0.469,0.315,145.0,39.0,5.0,0.31,0.393,0.5,0.893,0.389,0.365,0.193,0.103,0.22,0.444,90.0
656638,Alex Lange,KC,R,481,0.466,0.285,119.0,21.0,5.0,0.208,0.328,0.416,0.744,0.331,0.313,0.261,0.126,0.33,0.406,90.5
686934,Alex Mcfarlane,PHI,L,120,0.525,0.314,31.0,7.0,0.0,0.226,0.226,0.258,0.484,0.244,0.237,0.29,0.0,0.286,0.409,92.7
686934,Alex Mcfarlane,PHI,R,143,0.462,0.325,37.0,5.0,1.0,0.161,0.278,0.258,0.536,0.258,0.34,0.189,0.135,0.212,0.4,80.9
681911,Alex Vesia,LAD,L,758,0.5,0.314,103.0,13.0,2.0,0.143,0.233,0.253,0.486,0.225,0.277,0.301,0.107,0.268,0.317,87.1
681911,Alex Vesia,LAD,R,1257,0.471,0.301,129.0,17.0,2.0,0.153,0.271,0.243,0.515,0.281,0.244,0.31,0.14,0.336,0.368,88.0
695001,Alimber Santa,HOU,L,125,0.464,0.207,29.0,4.0,1.0,0.167,0.241,0.292,0.533,0.234,0.278,0.172,0.103,0.138,0.429,86.8
695001,Alimber Santa,HOU,R,114,0.439,0.273,30.0,4.0,0.0,0.154,0.233,0.192,0.426,0.262,0.257,0.133,0.1,0.22,0.261,81.1
701552,Andre Granillo,WSH,L,241,0.444,0.234,25.0,4.0,0.0,0.211,0.333,0.211,0.544,0.312,0.285,0.12,0.16,0.139,0.333,81.8
701552,Andre Granillo,WSH,R,318,0.453,0.243,25.0,9.0,2.0,0.45,0.56,0.85,1.41,0.58,0.499,0.0,0.16,0.054,0.45,93.0
669467,Andre Pallante,STL,L,2756,0.446,0.235,369.0,84.0,7.0,0.249,0.31,0.376,0.686,0.317,0.311,0.157,0.081,0.19,0.384,87.8
669467,Andre Pallante,STL,R,2517,0.456,0.278,283.0,62.0,4.0,0.243,0.307,0.337,0.645,0.305,0.308,0.17,0.067,0.198,0.286,85.2
671096,Andrew Abbott,CIN,L,1457,0.513,0.321,191.0,47.0,9.0,0.264,0.298,0.478,0.776,0.335,0.295,0.267,0.052,0.212,0.414,89.3
671096,Andrew Abbott,CIN,R,4089,0.464,0.286,527.0,115.0,17.0,0.252,0.344,0.414,0.758,0.345,0.353,0.152,0.125,0.194,0.377,88.4
674841,Andrew Alvarez,WSH,L,520,0.435,0.278,118.0,25.0,2.0,0.234,0.305,0.364,0.67,0.301,0.32,0.195,0.093,0.213,0.422,90.5
674841,Andrew Alvarez,WSH,R,1654,0.427,0.284,332.0,63.0,3.0,0.218,0.311,0.311,0.623,0.296,0.307,0.253,0.111,0.253,0.388,87.9
694851,Andrew Hoffmann,AZ,L,241,0.382,0.202,32.0,8.0,0.0,0.286,0.375,0.393,0.768,0.367,0.287,0.25,0.125,0.184,0.526,89.1
694851,Andrew Hoffmann,AZ,R,235,0.472,0.215,27.0,8.0,3.0,0.381,0.481,0.81,1.291,0.585,0.393,0.148,0.148,0.125,0.333,85.2
552640,Andrew Kittredge,BAL,L,710,0.546,0.425,112.0,29.0,4.0,0.271,0.288,0.449,0.737,0.339,0.313,0.205,0.027,0.21,0.417,89.1
552640,Andrew Kittredge,BAL,R,781,0.512,0.4,103.0,26.0,2.0,0.271,0.32,0.365,0.685,0.35,0.304,0.165,0.068,0.215,0.329,84.6
702193,Andrew Morris,MIN,L,673,0.462,0.273,156.0,35.0,3.0,0.248,0.314,0.397,0.711,0.329,0.287,0.218,0.083,0.193,0.29,85.1
702193,Andrew Morris,MIN,R,624,0.492,0.283,157.0,37.0,1.0,0.257,0.308,0.306,0.613,0.302,0.278,0.217,0.064,0.195,0.387,86.9
677053,Andrew Nardi,MIA,L,177,0.475,0.271,48.0,10.0,2.0,0.25,0.362,0.45,0.812,0.362,0.357,0.292,0.125,0.321,0.444,89.1
677053,Andrew Nardi,MIA,R,201,0.478,0.305,51.0,11.0,2.0,0.239,0.314,0.435,0.749,0.326,0.34,0.255,0.098,0.24,0.455,88.4
691725,Andrew Painter,PHI,L,1142,0.502,0.339,306.0,80.0,12.0,0.286,0.332,0.454,0.786,0.347,0.319,0.186,0.059,0.208,0.351,86.5
691725,Andrew Painter,PHI,R,891,0.48,0.331,222.0,47.0,9.0,0.246,0.341,0.429,0.77,0.349,0.333,0.225,0.117,0.262,0.361,87.0
808825,Andrew Sears,DET,L,110,0.418,0.241,28.0,9.0,1.0,0.391,0.5,0.739,1.239,0.516,0.421,0.036,0.107,0.13,0.318,88.0
808825,Andrew Sears,DET,R,214,0.481,0.331,54.0,11.0,1.0,0.224,0.296,0.367,0.664,0.328,0.236,0.222,0.074,0.311,0.297,88.8
683734,Andrew Vaughn,MIL,L,29,0.379,0.292,,,,,,,,,,,,,,
683734,Andrew Vaughn,MIL,R,55,0.327,0.205,18.0,9.0,3.0,0.6,0.667,1.2,1.867,0.75,0.499,0.056,0.111,0.167,0.429,92.2
681806,Andrew Wantz,CHC,L,25,0.56,0.25,,,,,,,,,,,,,,
681806,Andrew Wantz,CHC,R,56,0.518,0.276,14.0,4.0,1.0,0.4,0.571,0.8,1.371,0.561,0.509,0.0,0.143,0.034,0.3,86.7
655316,Andruw Monasterio,BOS,L,17,0.294,0.167,,,,,,,,,,,,,,
662253,Andrés Muñoz,SEA,L,1024,0.451,0.328,131.0,26.0,5.0,0.226,0.321,0.391,0.712,0.324,0.299,0.366,0.122,0.397,0.455,89.4
662253,Andrés Muñoz,SEA,R,976,0.486,0.348,108.0,20.0,4.0,0.206,0.269,0.351,0.619,0.279,0.257,0.37,0.074,0.354,0.417,88.3
683409,Angel Chivilli,NYY,L,552,0.487,0.278,34.0,7.0,3.0,0.206,0.206,0.471,0.676,0.309,0.228,0.265,0.0,0.276,0.48,91.4
683409,Angel Chivilli,NYY,R,761,0.506,0.314,38.0,7.0,1.0,0.233,0.395,0.4,0.795,0.361,0.382,0.184,0.184,0.358,0.292,81.5
672582,Angel Zerpa,MIL,L,519,0.408,0.218,21.0,4.0,0.0,0.211,0.25,0.211,0.461,0.225,0.238,0.19,0.048,0.241,0.312,86.0
672582,Angel Zerpa,MIL,R,797,0.439,0.273,34.0,12.0,2.0,0.414,0.5,0.724,1.224,0.516,0.504,0.118,0.147,0.098,0.64,93.8
607455,Anthony Banda,MIN,L,737,0.431,0.274,68.0,14.0,1.0,0.241,0.343,0.345,0.688,0.341,0.308,0.235,0.103,0.297,0.326,86.0
607455,Anthony Banda,MIN,R,953,0.476,0.283,88.0,17.0,2.0,0.227,0.341,0.44,0.781,0.365,0.338,0.193,0.08,0.21,0.439,90.3
669622,Anthony Bender,MIA,L,609,0.397,0.207,59.0,10.0,0.0,0.196,0.305,0.216,0.521,0.296,0.262,0.322,0.119,0.194,0.484,92.2
669622,Anthony Bender,MIA,R,727,0.41,0.28,81.0,11.0,1.0,0.149,0.21,0.23,0.44,0.201,0.248,0.272,0.049,0.237,0.245,86.3
543238,Anthony Gose,KC,L,59,0.441,0.294,14.0,2.0,0.0,0.154,0.214,0.231,0.445,0.204,0.487,0.0,0.071,0.192,0.308,83.4
543238,Anthony Gose,KC,R,99,0.576,0.5,28.0,6.0,0.0,0.24,0.259,0.28,0.539,0.246,0.207,0.143,0.036,0.246,0.174,85.7
641743,Anthony Kay,CWS,L,742,0.484,0.346,188.0,32.0,2.0,0.188,0.254,0.265,0.519,0.267,0.253,0.271,0.048,0.265,0.293,85.7
641743,Anthony Kay,CWS,R,1972,0.462,0.32,498.0,124.0,19.0,0.29,0.379,0.492,0.871,0.39,0.375,0.149,0.09,0.197,0.423,88.0
683627,Anthony Molina,SF,L,616,0.468,0.282,78.0,18.0,2.0,0.237,0.256,0.368,0.625,0.283,0.308,0.192,0.026,0.182,0.377,87.9
683627,Anthony Molina,SF,R,536,0.506,0.334,58.0,11.0,1.0,0.208,0.276,0.377,0.653,0.286,0.282,0.276,0.086,0.233,0.351,84.7
689296,Anthony Nunez,BAL,L,522,0.448,0.32,129.0,20.0,4.0,0.185,0.294,0.352,0.646,0.306,0.33,0.24,0.109,0.286,0.412,86.9
689296,Anthony Nunez,BAL,R,469,0.493,0.402,121.0,23.0,1.0,0.209,0.281,0.291,0.572,0.292,0.269,0.289,0.083,0.359,0.397,86.0
622608,Antonio Senzatela,MIL,L,1784,0.461,0.245,146.0,33.0,4.0,0.25,0.303,0.371,0.675,0.315,0.301,0.205,0.075,0.223,0.363,87.4
622608,Antonio Senzatela,MIL,R,1654,0.484,0.272,158.0,40.0,2.0,0.278,0.342,0.396,0.738,0.34,0.316,0.171,0.076,0.182,0.444,88.9
699008,Antwone Kelly,PIT,L,150,0.533,0.243,37.0,9.0,2.0,0.281,0.378,0.562,0.941,0.426,0.342,0.189,0.135,0.138,0.36,88.5
699008,Antwone Kelly,PIT,R,113,0.478,0.289,34.0,8.0,0.0,0.267,0.324,0.433,0.757,0.325,0.326,0.147,0.059,0.167,0.462,89.6
547973,Aroldis Chapman,BOS,L,491,0.54,0.366,64.0,10.0,0.0,0.185,0.302,0.278,0.579,0.288,0.239,0.328,0.125,0.257,0.265,78.5
547973,Aroldis Chapman,BOS,R,1272,0.542,0.327,149.0,25.0,3.0,0.188,0.27,0.301,0.571,0.273,0.258,0.336,0.101,0.273,0.429,88.9
595978,Austin Hedges,CLE,L,47,0.468,0.321,,,,,,,,,,,,,,
595978,Austin Hedges,CLE,R,64,0.453,0.324,11.0,3.0,0.0,0.273,0.273,0.273,0.545,0.245,0.239,0.091,0.0,0.062,0.3,89.4
608723,Austin Voth,MIN,L,109,0.477,0.338,29.0,9.0,2.0,0.391,0.448,0.739,1.187,0.507,0.429,0.034,0.138,0.192,0.417,88.1
608723,Austin Voth,MIN,R,106,0.415,0.143,27.0,10.0,1.0,0.4,0.444,0.56,1.004,0.439,0.374,0.074,0.074,0.114,0.391,93.7
681810,Austin Warren,NYM,L,501,0.421,0.24,100.0,21.0,5.0,0.236,0.31,0.483,0.793,0.338,0.339,0.25,0.1,0.236,0.477,90.0
681810,Austin Warren,NYM,R,533,0.388,0.258,105.0,21.0,1.0,0.236,0.352,0.326,0.678,0.314,0.313,0.267,0.124,0.264,0.286,85.7
663559,Bailey Falter,ATL,L,575,0.487,0.282,28.0,12.0,1.0,0.462,0.5,0.654,1.154,0.5,0.381,0.071,0.071,0.163,0.333,86.5
663559,Bailey Falter,ATL,R,1594,0.457,0.23,41.0,14.0,3.0,0.378,0.439,0.676,1.115,0.473,0.391,0.146,0.098,0.175,0.516,92.6
641927,Bailey Ober,MIN,L,2429,0.489,0.304,303.0,66.0,13.0,0.236,0.291,0.443,0.734,0.323,0.333,0.132,0.069,0.148,0.356,88.7
641927,Bailey Ober,MIN,R,1940,0.521,0.337,233.0,57.0,6.0,0.263,0.313,0.387,0.7,0.318,0.316,0.219,0.064,0.237,0.392,88.2
689225,Beau Brieske,DET,L,345,0.458,0.273,38.0,6.0,3.0,0.176,0.263,0.441,0.704,0.303,0.329,0.184,0.105,0.171,0.481,90.1
689225,Beau Brieske,DET,R,421,0.487,0.252,53.0,14.0,2.0,0.275,0.302,0.431,0.733,0.319,0.278,0.264,0.038,0.231,0.459,90.5
694360,Beck Way,KC,L,204,0.451,0.345,51.0,17.0,3.0,0.395,0.451,0.628,1.079,0.454,0.431,0.235,0.118,0.239,0.606,92.9
694360,Beck Way,KC,R,185,0.443,0.241,54.0,10.0,1.0,0.204,0.278,0.265,0.543,0.269,0.256,0.167,0.074,0.232,0.275,88.2
641386,Ben Bowden,ATH,L,96,0.417,0.149,,,,,,,,,,,,,,
641386,Ben Bowden,ATH,R,131,0.527,0.309,,,,,,,,,,,,,,
676962,Ben Brown,CHC,L,1354,0.458,0.274,143.0,27.0,0.0,0.213,0.294,0.276,0.569,0.276,0.292,0.266,0.105,0.256,0.444,90.9
676962,Ben Brown,CHC,R,1344,0.493,0.314,120.0,18.0,2.0,0.159,0.2,0.221,0.421,0.199,0.265,0.225,0.033,0.233,0.416,88.5
676508,Ben Casparius,LAD,L,554,0.487,0.294,11.0,3.0,1.0,0.3,0.364,0.6,0.964,0.409,0.234,0.182,0.091,0.261,0.25,90.1
676508,Ben Casparius,LAD,R,796,0.489,0.296,12.0,3.0,0.0,0.333,0.5,0.333,0.833,0.4,0.524,0.167,0.25,0.353,0.286,87.3
690829,Ben Joyce,LAA,L,186,0.457,0.223,32.0,3.0,1.0,0.115,0.281,0.231,0.512,0.25,0.327,0.281,0.188,0.304,0.353,89.2
690829,Ben Joyce,LAA,R,148,0.426,0.185,29.0,5.0,0.0,0.192,0.276,0.231,0.507,0.248,0.272,0.31,0.069,0.25,0.25,81.9
687239,Ben Peoples,TEX,L,128,0.461,0.316,32.0,7.0,2.0,0.25,0.344,0.5,0.844,0.364,0.299,0.094,0.094,0.186,0.2,81.9
687239,Ben Peoples,TEX,R,154,0.565,0.405,36.0,7.0,1.0,0.233,0.333,0.333,0.667,0.303,0.312,0.194,0.139,0.23,0.333,88.1
810938,Ben Williamson,TB,L,24,0.375,0.182,,,,,,,,,,,,,,
810938,Ben Williamson,TB,R,26,0.462,0.333,12.0,3.0,1.0,0.25,0.25,0.5,0.75,0.317,0.441,0.0,0.0,0.0,0.417,93.7
656986,Bennett Sousa,HOU,L,520,0.473,0.314,67.0,21.0,2.0,0.382,0.493,0.564,1.056,0.461,0.411,0.134,0.179,0.254,0.348,88.1
656986,Bennett Sousa,HOU,R,723,0.524,0.373,67.0,10.0,2.0,0.169,0.242,0.271,0.514,0.236,0.202,0.313,0.09,0.357,0.325,86.9
694918,Blade Tidwell,SF,L,661,0.402,0.184,131.0,30.0,7.0,0.273,0.389,0.491,0.88,0.385,0.382,0.13,0.13,0.125,0.376,88.6
694918,Blade Tidwell,SF,R,608,0.474,0.29,104.0,16.0,1.0,0.167,0.212,0.229,0.441,0.2,0.235,0.279,0.038,0.293,0.377,88.1
687060,Blake Adams,COL,L,18,0.667,0.286,,,,,,,,,,,,,,
687060,Blake Adams,COL,R,19,0.263,0.2,,,,,,,,,,,,,,
605483,Blake Snell,LAD,L,438,0.473,0.372,48.0,8.0,0.0,0.205,0.34,0.256,0.597,0.306,0.25,0.375,0.167,0.323,0.091,83.7
605483,Blake Snell,LAD,R,1260,0.479,0.36,110.0,18.0,0.0,0.18,0.245,0.21,0.455,0.224,0.219,0.309,0.073,0.332,0.182,81.1
595014,Blake Treinen,LAD,L,403,0.501,0.372,46.0,12.0,1.0,0.286,0.326,0.524,0.85,0.374,0.316,0.261,0.043,0.2,0.533,85.2
595014,Blake Treinen,LAD,R,606,0.432,0.308,83.0,17.0,2.0,0.233,0.317,0.37,0.687,0.33,0.358,0.229,0.108,0.284,0.345,85.9
686796,Blake Walston,AZ,L,25,0.4,0.143,,,,,,,,,,,,,,
686796,Blake Walston,AZ,R,23,0.217,0.111,,,,,,,,,,,,,,
676620,Blake Weiman,LAA,L,119,0.496,0.35,31.0,8.0,1.0,0.276,0.276,0.414,0.69,0.343,0.175,0.258,0.0,0.322,0.174,76.4
676620,Blake Weiman,LAA,R,157,0.484,0.318,41.0,13.0,2.0,0.325,0.317,0.525,0.842,0.356,0.339,0.171,0.0,0.145,0.412,90.0
680604,Blas Castano,COL,L,261,0.444,0.23,54.0,19.0,3.0,0.413,0.481,0.717,1.199,0.518,0.454,0.074,0.111,0.143,0.523,92.9
680604,Blas Castano,COL,R,249,0.49,0.316,56.0,8.0,1.0,0.154,0.214,0.25,0.464,0.211,0.283,0.304,0.054,0.213,0.429,89.3
676272,Bobby Miller,LAD,L,106,0.377,0.25,,,,,,,,,,,,,,
676272,Bobby Miller,LAD,R,118,0.424,0.254,15.0,2.0,1.0,0.182,0.4,0.455,0.855,0.38,0.447,0.067,0.067,0.179,0.4,91.6
641745,Brad Keller,PHI,L,765,0.446,0.267,66.0,13.0,1.0,0.232,0.333,0.304,0.637,0.308,0.27,0.242,0.136,0.231,0.268,86.1
641745,Brad Keller,PHI,R,882,0.451,0.317,68.0,16.0,3.0,0.262,0.324,0.426,0.75,0.327,0.297,0.235,0.059,0.18,0.362,85.1
695418,Brad Lord,WSH,L,1927,0.487,0.229,170.0,35.0,6.0,0.24,0.347,0.404,0.751,0.36,0.359,0.241,0.118,0.172,0.447,88.5
695418,Brad Lord,WSH,R,1678,0.505,0.315,182.0,34.0,4.0,0.207,0.267,0.305,0.572,0.283,0.255,0.198,0.055,0.172,0.311,85.4
699134,Bradgley Rodriguez,SD,L,672,0.518,0.341,155.0,27.0,4.0,0.189,0.235,0.315,0.55,0.257,0.232,0.303,0.058,0.33,0.273,83.7
699134,Bradgley Rodriguez,SD,R,607,0.491,0.327,138.0,31.0,2.0,0.24,0.29,0.38,0.67,0.319,0.243,0.232,0.065,0.209,0.32,88.8
687134,Bradley Blalock,MIA,L,680,0.476,0.234,20.0,4.0,2.0,0.222,0.3,0.611,0.911,0.378,0.31,0.35,0.1,0.176,0.364,88.6
687134,Bradley Blalock,MIA,R,501,0.481,0.24,15.0,5.0,1.0,0.357,0.4,0.571,0.971,0.42,0.377,0.133,0.067,0.154,0.333,92.4
690440,Bradley Hanner,NYY,L,18,0.556,0.286,,,,,,,,,,,,,,
690440,Bradley Hanner,NYY,R,80,0.5,0.292,18.0,6.0,1.0,0.353,0.389,0.706,1.095,0.508,0.339,0.333,0.056,0.15,0.636,92.6
669620,Brady Basso,ATH,L,296,0.51,0.299,69.0,18.0,0.0,0.281,0.324,0.438,0.761,0.347,0.318,0.159,0.058,0.197,0.315,85.1
669620,Brady Basso,ATH,R,595,0.497,0.294,122.0,40.0,4.0,0.345,0.361,0.534,0.895,0.383,0.302,0.156,0.033,0.165,0.414,89.3
663903,Brady Singer,CIN,L,3459,0.443,0.257,455.0,126.0,23.0,0.312,0.38,0.53,0.909,0.407,0.365,0.198,0.075,0.228,0.424,91.0
663903,Brady Singer,CIN,R,2130,0.435,0.272,242.0,54.0,8.0,0.255,0.34,0.429,0.769,0.35,0.354,0.145,0.103,0.226,0.44,89.1
684049,Brandan Bidois,PIT,L,187,0.497,0.377,45.0,13.0,4.0,0.351,0.467,0.703,1.169,0.541,0.439,0.2,0.178,0.312,0.429,89.1
684049,Brandan Bidois,PIT,R,138,0.478,0.284,35.0,6.0,1.0,0.222,0.324,0.333,0.657,0.3,0.264,0.314,0.114,0.348,0.526,90.4
685126,Brandon Eisert,PIT,L,930,0.483,0.303,89.0,16.0,3.0,0.211,0.286,0.342,0.628,0.304,0.252,0.292,0.079,0.293,0.309,81.4
685126,Brandon Eisert,PIT,R,1076,0.435,0.306,96.0,26.0,3.0,0.292,0.344,0.506,0.849,0.375,0.318,0.24,0.073,0.282,0.424,91.0
605335,Brandon Leibrandt,CIN,L,51,0.451,0.4,16.0,6.0,2.0,0.4,0.438,0.8,1.238,0.519,0.516,0.062,0.062,0.174,0.333,84.5
605335,Brandon Leibrandt,CIN,R,49,0.449,0.4,12.0,4.0,0.0,0.4,0.417,0.6,1.017,0.491,0.322,0.167,0.083,0.182,0.222,88.9
694297,Brandon Pfaadt,AZ,L,2666,0.486,0.31,290.0,68.0,12.0,0.256,0.304,0.44,0.744,0.325,0.313,0.148,0.059,0.185,0.344,87.5
694297,Brandon Pfaadt,AZ,R,2196,0.498,0.307,240.0,52.0,2.0,0.231,0.279,0.32,0.599,0.272,0.29,0.183,0.05,0.214,0.359,89.3
687075,Brandon Sproat,MIL,L,1119,0.463,0.264,228.0,46.0,7.0,0.243,0.367,0.418,0.785,0.359,0.333,0.241,0.127,0.209,0.444,91.0
687075,Brandon Sproat,MIL,R,929,0.447,0.257,193.0,42.0,10.0,0.25,0.347,0.458,0.805,0.362,0.345,0.238,0.119,0.249,0.395,88.0
682227,Brandon Williamson,CIN,L,224,0.464,0.236,61.0,12.0,3.0,0.222,0.295,0.444,0.74,0.317,0.389,0.197,0.082,0.24,0.488,88.9
682227,Brandon Williamson,CIN,R,611,0.424,0.246,153.0,31.0,5.0,0.244,0.359,0.409,0.769,0.354,0.356,0.137,0.137,0.216,0.389,87.7
605540,Brandon Woodruff,MIL,L,847,0.489,0.292,92.0,12.0,3.0,0.143,0.207,0.286,0.492,0.247,0.255,0.272,0.076,0.28,0.276,87.9
605540,Brandon Woodruff,MIL,R,760,0.513,0.304,83.0,16.0,2.0,0.203,0.229,0.316,0.545,0.249,0.272,0.265,0.024,0.168,0.414,91.0
687064,Brandon Young,BAL,L,2030,0.483,0.301,391.0,75.0,13.0,0.221,0.313,0.388,0.701,0.315,0.318,0.171,0.118,0.209,0.377,89.0
687064,Brandon Young,BAL,R,1359,0.495,0.354,259.0,72.0,9.0,0.298,0.337,0.446,0.783,0.356,0.321,0.228,0.046,0.24,0.419,88.5
805299,Brandyn Garcia,AZ,L,440,0.42,0.248,90.0,12.0,1.0,0.15,0.236,0.2,0.436,0.211,0.181,0.4,0.056,0.35,0.2,82.0
805299,Brandyn Garcia,AZ,R,529,0.446,0.24,98.0,14.0,2.0,0.154,0.214,0.242,0.456,0.235,0.261,0.235,0.051,0.16,0.379,88.6
676428,Brant Hurter,DET,L,680,0.407,0.275,65.0,9.0,0.0,0.153,0.215,0.169,0.385,0.184,0.241,0.246,0.077,0.182,0.244,80.7
676428,Brant Hurter,DET,R,876,0.449,0.253,71.0,14.0,1.0,0.237,0.343,0.356,0.699,0.355,0.355,0.113,0.127,0.164,0.385,88.3
677952,Braxton Ashcraft,PIT,L,1908,0.504,0.333,375.0,83.0,16.0,0.245,0.303,0.434,0.737,0.333,0.312,0.269,0.067,0.239,0.449,90.1
677952,Braxton Ashcraft,PIT,R,1612,0.52,0.362,291.0,61.0,6.0,0.221,0.251,0.326,0.577,0.263,0.254,0.247,0.034,0.229,0.378,88.4
666129,Braxton Garrett,MIA,L,20,0.2,0.0,,,,,,,,,,,,,,
666129,Braxton Garrett,MIA,R,110,0.427,0.222,22.0,6.0,0.0,0.4,0.545,0.667,1.212,0.5,0.356,0.227,0.273,0.234,0.25,83.9
694820,Braxton Roxby,SF,L,48,0.5,0.227,11.0,6.0,0.0,0.545,0.545,0.545,1.091,0.491,0.307,0.0,0.0,0.208,0.545,87.0
694820,Braxton Roxby,SF,R,28,0.536,0.417,,,,,,,,,,,,,,
678394,Brayan Bello,BOS,L,2654,0.47,0.273,273.0,66.0,10.0,0.274,0.335,0.44,0.774,0.347,0.377,0.139,0.081,0.187,0.405,87.9
678394,Brayan Bello,BOS,R,1902,0.473,0.328,213.0,53.0,2.0,0.269,0.319,0.345,0.664,0.303,0.292,0.244,0.052,0.265,0.39,87.6
680755,Braydon Fisher,TOR,L,1062,0.412,0.289,155.0,27.0,4.0,0.216,0.351,0.36,0.711,0.342,0.355,0.232,0.168,0.251,0.438,90.1
680755,Braydon Fisher,TOR,R,1033,0.445,0.296,148.0,25.0,4.0,0.192,0.262,0.308,0.57,0.26,0.277,0.25,0.074,0.271,0.357,82.8
669724,Brenan Hanifee,DET,L,405,0.395,0.184,22.0,4.0,2.0,0.211,0.318,0.579,0.897,0.375,0.401,0.045,0.136,0.107,0.556,91.5
669724,Brenan Hanifee,DET,R,875,0.47,0.259,70.0,20.0,3.0,0.308,0.348,0.492,0.84,0.373,0.36,0.129,0.043,0.11,0.421,88.2
694341,Brendan Beck,NYY,L,66,0.409,0.279,16.0,3.0,1.0,0.231,0.375,0.538,0.913,0.391,0.457,0.188,0.188,0.259,0.7,98.0
694341,Brendan Beck,NYY,R,83,0.434,0.186,18.0,4.0,3.0,0.25,0.333,0.875,1.208,0.481,0.415,0.111,0.111,0.333,0.571,93.2
663893,Brendon Little,TOR,L,874,0.399,0.28,63.0,7.0,3.0,0.137,0.29,0.333,0.624,0.298,0.241,0.333,0.175,0.372,0.172,82.4
663893,Brendon Little,TOR,R,945,0.395,0.319,64.0,22.0,2.0,0.393,0.469,0.589,1.058,0.515,0.33,0.328,0.125,0.389,0.625,95.3
657514,Brennan Bernardino,COL,L,845,0.44,0.244,126.0,27.0,2.0,0.233,0.272,0.345,0.617,0.292,0.261,0.198,0.056,0.238,0.255,85.1
657514,Brennan Bernardino,COL,R,1002,0.435,0.258,132.0,30.0,3.0,0.256,0.323,0.41,0.733,0.345,0.327,0.174,0.053,0.176,0.337,86.6
687396,Brent Headrick,NYY,L,584,0.529,0.36,114.0,27.0,1.0,0.262,0.321,0.447,0.768,0.337,0.31,0.263,0.079,0.317,0.387,86.6
687396,Brent Headrick,NYY,R,1045,0.539,0.354,205.0,40.0,4.0,0.213,0.271,0.319,0.59,0.281,0.243,0.322,0.073,0.286,0.363,85.7
608718,Brent Suter,ATL,L,1057,0.449,0.246,143.0,34.0,5.0,0.262,0.329,0.477,0.806,0.348,0.357,0.203,0.084,0.188,0.291,85.1
608718,Brent Suter,ATL,R,1575,0.477,0.294,220.0,51.0,4.0,0.248,0.289,0.364,0.653,0.313,0.273,0.209,0.055,0.218,0.317,85.6
695049,Brett Kerry,LAA,L,113,0.46,0.259,29.0,5.0,1.0,0.179,0.207,0.393,0.6,0.253,0.26,0.172,0.034,0.192,0.435,90.2
695049,Brett Kerry,LAA,R,99,0.535,0.431,25.0,6.0,0.0,0.25,0.28,0.375,0.655,0.322,0.282,0.28,0.04,0.264,0.412,86.2
664954,Brett Sullivan,COL,L,40,0.5,0.417,14.0,4.0,0.0,0.308,0.357,0.385,0.742,0.332,0.339,0.071,0.071,0.0,0.308,89.9
664954,Brett Sullivan,COL,R,54,0.463,0.269,19.0,7.0,1.0,0.412,0.421,0.824,1.245,0.5,0.496,0.0,0.053,0.0,0.556,92.2
702153,Brian Fitzpatrick,MIL,L,36,0.472,0.2,11.0,2.0,0.0,0.182,0.182,0.182,0.364,0.164,0.137,0.182,0.0,0.176,0.333,83.9
702153,Brian Fitzpatrick,MIL,R,73,0.534,0.216,19.0,5.0,0.0,0.312,0.421,0.375,0.796,0.413,0.326,0.158,0.158,0.231,0.154,78.7
662144,Brian Keller,PHI,L,27,0.63,0.417,,,,,,,,,,,,,,
656271,Brock Burke,CIN,L,879,0.454,0.264,131.0,22.0,2.0,0.193,0.292,0.289,0.582,0.292,0.276,0.229,0.099,0.243,0.299,86.8
656271,Brock Burke,CIN,R,1346,0.491,0.285,172.0,31.0,3.0,0.209,0.31,0.338,0.648,0.318,0.311,0.256,0.122,0.256,0.333,87.5
592779,Brock Stewart,LAD,L,457,0.51,0.273,40.0,5.0,1.0,0.147,0.275,0.265,0.54,0.276,0.238,0.25,0.15,0.222,0.25,85.1
592779,Brock Stewart,LAD,R,526,0.494,0.349,56.0,11.0,2.0,0.2,0.214,0.345,0.56,0.257,0.254,0.25,0.018,0.294,0.293,79.6
621139,Brooks Kriske,ATH,L,196,0.378,0.259,,,,,,,,,,,,,,
621139,Brooks Kriske,ATH,R,227,0.396,0.229,,,,,,,,,,,,,,
548384,Brooks Raley,PHI,L,455,0.475,0.305,91.0,20.0,2.0,0.241,0.286,0.361,0.647,0.301,0.263,0.198,0.066,0.181,0.288,84.1
548384,Brooks Raley,PHI,R,768,0.445,0.29,129.0,25.0,4.0,0.227,0.323,0.418,0.741,0.335,0.337,0.256,0.101,0.268,0.35,85.7
669145,Bruce Zimmermann,STL,L,71,0.437,0.278,13.0,5.0,0.0,0.385,0.385,0.538,0.923,0.4,0.269,0.077,0.0,0.056,0.25,86.6
669145,Bruce Zimmermann,STL,R,92,0.413,0.222,,,,,,,,,,,,,,
650556,Bryan Abreu,HOU,L,1095,0.436,0.278,143.0,22.0,5.0,0.188,0.336,0.376,0.712,0.324,0.318,0.28,0.161,0.292,0.382,88.3
650556,Bryan Abreu,HOU,R,1175,0.444,0.293,120.0,21.0,4.0,0.212,0.339,0.384,0.723,0.328,0.302,0.333,0.142,0.341,0.452,89.5
641329,Bryan Baker,TB,L,1111,0.505,0.336,125.0,17.0,2.0,0.148,0.21,0.261,0.471,0.221,0.236,0.232,0.072,0.253,0.287,83.1
641329,Bryan Baker,TB,R,961,0.528,0.325,115.0,18.0,2.0,0.18,0.278,0.28,0.558,0.265,0.312,0.296,0.104,0.234,0.433,89.1
663542,Bryan Hudson,CWS,L,575,0.395,0.192,111.0,28.0,4.0,0.286,0.339,0.449,0.788,0.373,0.294,0.252,0.072,0.202,0.338,85.4
663542,Bryan Hudson,CWS,R,786,0.49,0.268,164.0,38.0,1.0,0.257,0.296,0.297,0.594,0.289,0.263,0.189,0.043,0.216,0.402,87.2
687911,Bryan King,HOU,L,781,0.467,0.274,112.0,25.0,2.0,0.25,0.324,0.34,0.664,0.311,0.282,0.205,0.08,0.187,0.359,86.6
687911,Bryan King,HOU,R,1295,0.508,0.32,153.0,40.0,7.0,0.296,0.362,0.511,0.873,0.408,0.337,0.15,0.072,0.133,0.365,85.8
693433,Bryan Woo,SEA,L,2963,0.517,0.288,394.0,82.0,12.0,0.228,0.289,0.39,0.679,0.307,0.315,0.223,0.071,0.188,0.463,90.6
693433,Bryan Woo,SEA,R,2315,0.549,0.367,290.0,63.0,6.0,0.226,0.252,0.333,0.585,0.263,0.263,0.272,0.024,0.259,0.381,87.6
693821,Bryce Elder,ATL,L,2698,0.451,0.27,397.0,76.0,14.0,0.215,0.289,0.374,0.663,0.296,0.304,0.199,0.091,0.193,0.361,87.5
693821,Bryce Elder,ATL,R,2068,0.471,0.291,236.0,64.0,10.0,0.29,0.332,0.457,0.789,0.367,0.329,0.178,0.055,0.19,0.458,90.2
682243,Bryce Miller,SEA,L,1674,0.537,0.33,255.0,59.0,11.0,0.251,0.31,0.455,0.765,0.338,0.31,0.224,0.071,0.204,0.331,87.2
682243,Bryce Miller,SEA,R,1669,0.508,0.286,201.0,35.0,9.0,0.192,0.26,0.363,0.623,0.279,0.276,0.274,0.085,0.232,0.305,86.2
802408,Brycen Mautz,STL,L,116,0.397,0.217,31.0,7.0,1.0,0.292,0.433,0.458,0.892,0.428,0.37,0.258,0.161,0.391,0.294,82.1
802408,Brycen Mautz,STL,R,144,0.417,0.238,35.0,10.0,1.0,0.345,0.457,0.552,1.009,0.439,0.364,0.257,0.143,0.267,0.3,89.0
669060,Bryse Wilson,MIL,L,634,0.468,0.269,68.0,21.0,1.0,0.318,0.338,0.424,0.762,0.335,0.332,0.191,0.015,0.148,0.528,92.7
669060,Bryse Wilson,MIL,R,753,0.517,0.328,76.0,19.0,2.0,0.26,0.289,0.37,0.659,0.291,0.277,0.224,0.026,0.158,0.404,88.4
696149,Bubba Chandler,PIT,L,1776,0.466,0.262,370.0,76.0,12.0,0.238,0.333,0.429,0.763,0.344,0.334,0.208,0.119,0.205,0.418,88.9
696149,Bubba Chandler,PIT,R,1300,0.481,0.314,287.0,57.0,3.0,0.227,0.321,0.299,0.619,0.302,0.292,0.209,0.108,0.195,0.351,87.4
671083,Buddy Kennedy,SF,L,21,0.429,0.25,,,,,,,,,,,,,,
671083,Buddy Kennedy,SF,R,18,0.444,0.308,,,,,,,,,,,,,,
572143,Burch Smith,DET,L,158,0.43,0.235,37.0,13.0,1.0,0.406,0.472,0.594,1.066,0.468,0.333,0.216,0.108,0.191,0.32,85.8
572143,Burch Smith,DET,R,129,0.496,0.3,35.0,5.0,1.0,0.156,0.229,0.344,0.572,0.276,0.24,0.343,0.086,0.219,0.667,92.7
676917,Cade Cavalli,WSH,L,2065,0.481,0.321,416.0,92.0,11.0,0.247,0.318,0.375,0.693,0.316,0.295,0.276,0.065,0.242,0.394,88.8
676917,Cade Cavalli,WSH,R,1507,0.47,0.326,286.0,56.0,7.0,0.215,0.28,0.323,0.603,0.286,0.298,0.294,0.073,0.256,0.421,89.2
806188,Cade Gibson,MIA,L,921,0.421,0.302,123.0,27.0,3.0,0.248,0.311,0.367,0.678,0.338,0.278,0.236,0.073,0.217,0.358,83.9
806188,Cade Gibson,MIA,R,869,0.433,0.283,98.0,22.0,1.0,0.275,0.381,0.362,0.744,0.348,0.305,0.143,0.112,0.176,0.368,86.7
690990,Cade Horton,CHC,L,990,0.461,0.258,21.0,4.0,1.0,0.2,0.238,0.35,0.588,0.257,0.281,0.095,0.048,0.179,0.316,85.1
690990,Cade Horton,CHC,R,892,0.508,0.335,,,,,,,,,,,,,,
700249,Cade Povich,BAL,L,681,0.442,0.254,57.0,17.0,4.0,0.321,0.368,0.623,0.991,0.419,0.377,0.14,0.053,0.208,0.413,88.2
700249,Cade Povich,BAL,R,1906,0.451,0.279,102.0,22.0,2.0,0.244,0.333,0.333,0.667,0.305,0.306,0.196,0.118,0.207,0.386,91.1
671922,Cade Smith,CLE,L,1270,0.521,0.344,167.0,25.0,3.0,0.164,0.216,0.257,0.472,0.22,0.24,0.377,0.066,0.339,0.402,90.5
671922,Cade Smith,CLE,R,1145,0.482,0.305,123.0,23.0,2.0,0.215,0.311,0.318,0.629,0.312,0.294,0.333,0.089,0.285,0.463,91.6
685464,Cade Winquest,STL,L,136,0.412,0.224,30.0,5.0,1.0,0.185,0.233,0.333,0.567,0.316,0.18,0.3,0.067,0.25,0.316,85.0
685464,Cade Winquest,STL,R,68,0.412,0.265,18.0,3.0,0.0,0.214,0.389,0.214,0.603,0.306,0.286,0.333,0.167,0.321,0.25,88.1
615698,Cal Quantrill,TEX,L,1956,0.474,0.288,245.0,53.0,7.0,0.237,0.298,0.384,0.682,0.31,0.329,0.216,0.078,0.176,0.404,90.7
615698,Cal Quantrill,TEX,R,1723,0.468,0.298,197.0,36.0,6.0,0.194,0.234,0.306,0.54,0.248,0.271,0.142,0.025,0.155,0.319,86.5
657571,Caleb Ferguson,STL,L,807,0.457,0.288,81.0,18.0,1.0,0.254,0.346,0.38,0.726,0.344,0.302,0.247,0.123,0.158,0.3,86.9
657571,Caleb Ferguson,STL,R,842,0.467,0.279,68.0,18.0,4.0,0.3,0.368,0.55,0.918,0.402,0.371,0.162,0.103,0.189,0.469,90.2
668873,Caleb Kilian,PHI,L,458,0.5,0.343,120.0,27.0,1.0,0.245,0.3,0.3,0.6,0.294,0.28,0.242,0.075,0.21,0.321,85.4
668873,Caleb Kilian,PHI,R,336,0.449,0.293,88.0,16.0,5.0,0.219,0.329,0.438,0.768,0.386,0.309,0.307,0.125,0.325,0.396,85.8
573204,Caleb Thielbar,CHC,L,734,0.504,0.314,90.0,23.0,5.0,0.274,0.307,0.476,0.783,0.361,0.33,0.256,0.044,0.276,0.403,86.7
573204,Caleb Thielbar,CHC,R,941,0.501,0.361,114.0,23.0,6.0,0.223,0.298,0.437,0.735,0.326,0.333,0.316,0.088,0.224,0.373,88.9
676534,Calvin Faucher,MIA,L,1198,0.421,0.246,170.0,38.0,1.0,0.255,0.337,0.336,0.673,0.317,0.321,0.218,0.112,0.22,0.434,88.7
676534,Calvin Faucher,MIA,R,1004,0.425,0.281,118.0,13.0,0.0,0.134,0.28,0.155,0.434,0.224,0.257,0.288,0.136,0.26,0.297,85.0
592155,Cam Booser,TB,L,488,0.504,0.313,66.0,8.0,2.0,0.131,0.167,0.246,0.413,0.182,0.233,0.333,0.045,0.321,0.366,88.4
592155,Cam Booser,TB,R,629,0.509,0.296,80.0,16.0,3.0,0.208,0.238,0.364,0.601,0.261,0.266,0.262,0.038,0.196,0.393,87.3
676742,Cam Sanders,BAL,L,337,0.421,0.276,69.0,12.0,1.0,0.214,0.353,0.304,0.657,0.312,0.341,0.232,0.174,0.325,0.317,89.8
676742,Cam Sanders,BAL,R,342,0.465,0.344,58.0,10.0,0.0,0.213,0.362,0.255,0.617,0.3,0.273,0.362,0.121,0.388,0.308,83.6
693645,Cam Schlittler,NYY,L,2572,0.507,0.313,449.0,77.0,9.0,0.189,0.251,0.311,0.562,0.258,0.267,0.343,0.071,0.288,0.426,88.9
693645,Cam Schlittler,NYY,R,1655,0.52,0.342,296.0,49.0,7.0,0.178,0.228,0.286,0.514,0.246,0.253,0.267,0.051,0.237,0.33,85.7
671382,Cameron Foster,BAL,L,114,0.482,0.35,27.0,7.0,0.0,0.304,0.407,0.348,0.755,0.35,0.272,0.259,0.148,0.236,0.312,85.5
671382,Cameron Foster,BAL,R,75,0.413,0.132,21.0,10.0,1.0,0.588,0.667,0.824,1.49,0.631,0.419,0.095,0.19,0.29,0.25,88.5
666808,Camilo Doval,PIT,L,1017,0.452,0.289,135.0,35.0,4.0,0.299,0.363,0.453,0.816,0.379,0.343,0.215,0.104,0.266,0.489,90.8
666808,Camilo Doval,PIT,R,1115,0.473,0.29,131.0,20.0,3.0,0.187,0.3,0.299,0.599,0.297,0.265,0.252,0.122,0.227,0.468,88.3
605218,Carl Edwards,NYM,L,84,0.345,0.268,12.0,0.0,0.0,0.0,0.25,0.0,0.25,0.175,0.245,0.5,0.25,0.353,0.333,95.9
605218,Carl Edwards,NYM,R,105,0.524,0.264,13.0,3.0,1.0,0.25,0.308,0.5,0.808,0.346,0.27,0.385,0.077,0.462,0.429,92.6
471911,Carlos Carrasco,ATL,L,605,0.474,0.231,45.0,13.0,1.0,0.317,0.364,0.415,0.778,0.351,0.416,0.067,0.044,0.111,0.41,86.2
471911,Carlos Carrasco,ATL,R,420,0.481,0.357,28.0,8.0,2.0,0.32,0.37,0.6,0.97,0.42,0.457,0.143,0.036,0.255,0.409,87.5
666126,Carlos Cortes,ATH,L,51,0.51,0.333,16.0,5.0,2.0,0.312,0.312,0.688,1.0,0.419,0.383,0.062,0.0,0.077,0.375,87.7
666126,Carlos Cortes,ATH,R,108,0.389,0.176,31.0,9.0,1.0,0.409,0.548,0.636,1.185,0.5,0.421,0.0,0.258,0.024,0.375,87.3
679922,Carlos Duran,KC,L,22,0.318,0.25,,,,,,,,,,,,,,
679922,Carlos Duran,KC,R,40,0.175,0.038,,,,,,,,,,,,,,
608032,Carlos Estévez,KC,L,627,0.448,0.189,,,,,,,,,,,,,,
608032,Carlos Estévez,KC,R,464,0.524,0.269,,,,,,,,,,,,,,
672578,Carlos Hernández,CLE,L,416,0.5,0.244,,,,,,,,,,,,,,
672578,Carlos Hernández,CLE,R,396,0.497,0.294,,,,,,,,,,,,,,
692230,Carlos Rodriguez,MIL,L,178,0.494,0.275,19.0,6.0,1.0,0.375,0.474,0.625,1.099,0.471,0.37,0.211,0.158,0.279,0.333,86.7
692230,Carlos Rodriguez,MIL,R,212,0.467,0.224,23.0,4.0,0.0,0.182,0.217,0.227,0.445,0.202,0.209,0.174,0.043,0.255,0.056,81.3
607074,Carlos Rodón,NYY,L,1119,0.458,0.288,91.0,16.0,3.0,0.203,0.278,0.354,0.632,0.291,0.312,0.275,0.099,0.238,0.328,87.0
607074,Carlos Rodón,NYY,R,3532,0.461,0.293,248.0,35.0,4.0,0.164,0.267,0.262,0.529,0.259,0.3,0.266,0.117,0.271,0.404,90.3
672841,Carlos Vargas,SEA,L,602,0.487,0.284,32.0,8.0,2.0,0.258,0.281,0.516,0.797,0.337,0.326,0.219,0.031,0.091,0.208,87.9
672841,Carlos Vargas,SEA,R,780,0.478,0.295,42.0,8.0,0.0,0.222,0.333,0.333,0.667,0.305,0.323,0.238,0.048,0.211,0.407,87.4
669387,Carmen Mlodzinski,PIT,L,2040,0.461,0.288,319.0,78.0,8.0,0.272,0.342,0.422,0.763,0.347,0.363,0.16,0.088,0.208,0.475,90.2
669387,Carmen Mlodzinski,PIT,R,1642,0.45,0.279,205.0,46.0,2.0,0.241,0.288,0.309,0.597,0.282,0.303,0.2,0.063,0.154,0.444,89.8
608348,Carson Kelly,CHC,L,17,0.471,0.375,,,,,,,,,,,,,,
687223,Carson Palmquist,WSH,L,340,0.429,0.286,37.0,9.0,1.0,0.3,0.389,0.467,0.856,0.378,0.33,0.216,0.108,0.2,0.208,79.0
687223,Carson Palmquist,WSH,R,678,0.456,0.257,41.0,12.0,0.0,0.343,0.439,0.4,0.839,0.383,0.342,0.171,0.098,0.222,0.25,86.4
693313,Carson Seymour,SF,L,568,0.465,0.258,71.0,19.0,3.0,0.311,0.4,0.508,0.908,0.422,0.404,0.169,0.113,0.24,0.42,88.9
693313,Carson Seymour,SF,R,570,0.426,0.214,61.0,12.0,3.0,0.222,0.3,0.444,0.744,0.356,0.363,0.148,0.098,0.167,0.37,85.7
686730,Carson Spiers,CIN,L,153,0.425,0.184,,,,,,,,,,,,,,
686730,Carson Spiers,CIN,R,155,0.484,0.353,,,,,,,,,,,,,,
687931,Carson Whisenhunt,SF,L,253,0.419,0.268,36.0,4.0,0.0,0.16,0.389,0.16,0.549,0.294,0.333,0.111,0.278,0.109,0.182,84.6
687931,Carson Whisenhunt,SF,R,772,0.46,0.308,128.0,37.0,5.0,0.322,0.383,0.53,0.913,0.393,0.377,0.172,0.086,0.286,0.511,92.4
691945,Carter Baumler,TEX,L,64,0.453,0.25,14.0,3.0,1.0,0.273,0.429,0.636,1.065,0.446,0.368,0.143,0.214,0.207,0.556,91.0
691945,Carter Baumler,TEX,R,53,0.396,0.323,13.0,1.0,0.0,0.111,0.385,0.111,0.496,0.285,0.348,0.308,0.231,0.381,0.4,93.2
668984,Casey Legumina,TB,L,962,0.505,0.286,131.0,21.0,3.0,0.178,0.238,0.339,0.577,0.27,0.302,0.214,0.053,0.194,0.451,89.8
668984,Casey Legumina,TB,R,1039,0.496,0.318,168.0,50.0,4.0,0.336,0.383,0.47,0.853,0.372,0.33,0.161,0.054,0.182,0.323,84.0
663554,Casey Mize,SD,L,2421,0.484,0.292,298.0,61.0,5.0,0.221,0.269,0.341,0.61,0.28,0.256,0.211,0.064,0.201,0.344,88.0
663554,Casey Mize,SD,R,1948,0.486,0.283,233.0,55.0,10.0,0.264,0.32,0.505,0.825,0.362,0.351,0.197,0.073,0.242,0.44,89.2
689149,Chad Dallas,TOR,L,100,0.39,0.203,24.0,3.0,2.0,0.176,0.375,0.529,0.904,0.379,0.417,0.167,0.25,0.128,0.571,95.1
689149,Chad Dallas,TOR,R,127,0.543,0.5,33.0,8.0,0.0,0.25,0.273,0.281,0.554,0.25,0.189,0.303,0.03,0.319,0.273,86.6
694477,Chad Patrick,MIL,L,1760,0.496,0.275,212.0,46.0,6.0,0.247,0.324,0.43,0.754,0.342,0.343,0.189,0.094,0.199,0.423,90.2
694477,Chad Patrick,MIL,R,1952,0.478,0.299,220.0,36.0,4.0,0.188,0.284,0.276,0.56,0.263,0.281,0.236,0.105,0.274,0.307,83.9
656212,Charlie Barnes,LAD,L,73,0.384,0.238,23.0,4.0,0.0,0.211,0.348,0.211,0.558,0.278,0.35,0.087,0.13,0.25,0.588,94.1
656212,Charlie Barnes,LAD,R,128,0.453,0.282,40.0,13.0,3.0,0.361,0.425,0.694,1.119,0.471,0.434,0.1,0.1,0.086,0.406,91.6
695505,Chase Burns,CIN,L,2066,0.478,0.321,395.0,82.0,14.0,0.236,0.324,0.418,0.742,0.332,0.296,0.294,0.114,0.284,0.376,89.1
695505,Chase Burns,CIN,R,1268,0.524,0.362,226.0,42.0,3.0,0.195,0.235,0.279,0.514,0.238,0.25,0.301,0.049,0.314,0.393,89.6
801403,Chase Dollander,COL,L,1291,0.464,0.224,89.0,22.0,3.0,0.301,0.409,0.493,0.902,0.401,0.358,0.169,0.135,0.201,0.525,91.8
801403,Chase Dollander,COL,R,1230,0.48,0.269,101.0,17.0,3.0,0.185,0.238,0.337,0.575,0.268,0.263,0.317,0.059,0.29,0.516,87.8
695445,Chase Lee,TOR,L,337,0.386,0.16,17.0,3.0,0.0,0.25,0.471,0.25,0.721,0.365,0.376,0.059,0.294,0.0,0.545,92.2
695445,Chase Lee,TOR,R,421,0.454,0.261,23.0,5.0,3.0,0.238,0.273,0.667,0.939,0.395,0.262,0.174,0.043,0.324,0.222,81.0
695534,Chase Petty,CIN,L,303,0.475,0.265,72.0,16.0,3.0,0.242,0.306,0.394,0.699,0.322,0.369,0.097,0.083,0.172,0.333,89.0
695534,Chase Petty,CIN,R,343,0.461,0.268,65.0,15.0,3.0,0.263,0.323,0.526,0.849,0.383,0.352,0.123,0.046,0.204,0.423,88.0
663767,Chase Shugart,PHI,L,663,0.41,0.25,99.0,19.0,7.0,0.218,0.273,0.517,0.79,0.332,0.314,0.273,0.061,0.24,0.365,88.1
663767,Chase Shugart,PHI,R,869,0.418,0.247,113.0,21.0,3.0,0.216,0.31,0.361,0.671,0.299,0.296,0.248,0.106,0.19,0.31,86.6
681217,Chase Silseth,TEX,L,623,0.433,0.282,128.0,23.0,1.0,0.228,0.365,0.327,0.692,0.329,0.329,0.234,0.172,0.291,0.311,84.5
681217,Chase Silseth,TEX,R,676,0.496,0.344,133.0,30.0,4.0,0.248,0.316,0.388,0.704,0.312,0.288,0.308,0.068,0.304,0.338,87.5
686678,Chase Solesky,TB,L,15,0.467,0.167,,,,,,,,,,,,,,
686678,Chase Solesky,TB,R,43,0.349,0.0,13.0,5.0,0.0,0.417,0.462,0.583,1.045,0.454,0.326,0.231,0.077,0.067,0.333,88.7
694646,Chayce Mcdermott,NYM,L,200,0.42,0.222,23.0,7.0,1.0,0.368,0.455,0.684,1.139,0.53,0.394,0.13,0.13,0.192,0.294,86.4
694646,Chayce Mcdermott,NYM,R,150,0.34,0.161,13.0,1.0,1.0,0.083,0.154,0.333,0.487,0.208,0.238,0.231,0.077,0.3,0.444,91.6
605135,Chris Bassitt,BAL,L,2691,0.461,0.23,270.0,74.0,8.0,0.31,0.378,0.473,0.851,0.376,0.359,0.156,0.093,0.176,0.397,88.9
605135,Chris Bassitt,BAL,R,1878,0.467,0.286,192.0,46.0,2.0,0.267,0.339,0.349,0.687,0.327,0.31,0.167,0.068,0.206,0.35,86.1
606965,Chris Devenski,NYM,L,201,0.498,0.367,25.0,10.0,3.0,0.417,0.44,0.833,1.273,0.556,0.368,0.12,0.0,0.173,0.6,92.7
606965,Chris Devenski,NYM,R,195,0.421,0.22,14.0,4.0,0.0,0.308,0.357,0.308,0.665,0.307,0.275,0.143,0.071,0.125,0.455,93.3
455119,Chris Martin,TEX,L,357,0.473,0.273,23.0,10.0,1.0,0.476,0.522,0.667,1.188,0.515,0.388,0.174,0.087,0.128,0.412,89.1
455119,Chris Martin,TEX,R,542,0.581,0.391,43.0,15.0,3.0,0.366,0.372,0.732,1.104,0.456,0.418,0.116,0.0,0.14,0.459,92.3
669684,Chris Murphy,CWS,L,539,0.46,0.254,77.0,16.0,3.0,0.25,0.364,0.469,0.832,0.378,0.321,0.195,0.13,0.261,0.408,89.2
669684,Chris Murphy,CWS,R,648,0.477,0.298,74.0,16.0,1.0,0.246,0.324,0.385,0.709,0.314,0.285,0.27,0.081,0.273,0.304,83.7
663978,Chris Paddack,TEX,L,1977,0.508,0.316,157.0,47.0,4.0,0.333,0.394,0.475,0.869,0.408,0.334,0.127,0.083,0.183,0.371,87.0
663978,Chris Paddack,TEX,R,1604,0.507,0.323,107.0,29.0,5.0,0.296,0.336,0.51,0.847,0.361,0.355,0.187,0.056,0.192,0.366,89.6
688297,Chris Roycroft,ATH,L,472,0.485,0.295,90.0,15.0,4.0,0.19,0.278,0.342,0.62,0.284,0.31,0.144,0.1,0.097,0.424,89.7
688297,Chris Roycroft,ATH,R,558,0.464,0.25,83.0,33.0,5.0,0.452,0.512,0.712,1.225,0.545,0.422,0.145,0.084,0.185,0.438,88.3
519242,Chris Sale,ATL,L,1004,0.485,0.369,162.0,35.0,1.0,0.23,0.273,0.322,0.596,0.278,0.238,0.327,0.031,0.268,0.27,82.5
519242,Chris Sale,ATL,R,3602,0.499,0.338,488.0,94.0,9.0,0.209,0.268,0.298,0.567,0.261,0.277,0.301,0.053,0.279,0.377,89.2
683766,Christian Koss,SF,L,25,0.64,0.385,,,,,,,,,,,,,,
683766,Christian Koss,SF,R,45,0.422,0.19,,,,,,,,,,,,,,
685005,Christian Roa,HOU,L,118,0.39,0.121,24.0,5.0,1.0,0.312,0.5,0.625,1.125,0.467,0.468,0.125,0.25,0.2,0.714,92.1
685005,Christian Roa,HOU,R,101,0.485,0.245,19.0,5.0,0.0,0.312,0.421,0.375,0.796,0.366,0.349,0.158,0.053,0.175,0.538,91.4
681035,Christian Scott,NYM,L,1244,0.514,0.321,296.0,61.0,11.0,0.229,0.301,0.398,0.699,0.307,0.291,0.28,0.084,0.241,0.324,85.4
681035,Christian Scott,NYM,R,721,0.458,0.258,178.0,32.0,1.0,0.213,0.337,0.28,0.617,0.302,0.307,0.287,0.124,0.255,0.384,87.2
672335,Cionel Pérez,NYM,L,538,0.502,0.341,88.0,20.0,4.0,0.244,0.295,0.39,0.686,0.312,0.321,0.239,0.068,0.238,0.419,89.7
672335,Cionel Pérez,NYM,R,650,0.425,0.249,100.0,26.0,3.0,0.292,0.37,0.438,0.808,0.376,0.367,0.21,0.11,0.198,0.559,92.1
669310,Cj Van Eyk,TOR,L,116,0.509,0.286,30.0,7.0,0.0,0.233,0.233,0.3,0.533,0.263,0.247,0.1,0.0,0.169,0.444,87.7
669310,Cj Van Eyk,TOR,R,109,0.495,0.344,25.0,8.0,2.0,0.4,0.48,0.8,1.28,0.516,0.572,0.0,0.08,0.111,0.429,88.2
657376,Clarke Schmidt,NYY,L,650,0.463,0.257,,,,,,,,,,,,,,
657376,Clarke Schmidt,NYY,R,601,0.483,0.273,,,,,,,,,,,,,,
605280,Clay Holmes,CHC,L,2472,0.434,0.302,245.0,48.0,4.0,0.218,0.294,0.323,0.617,0.282,0.314,0.176,0.094,0.199,0.438,90.9
605280,Clay Holmes,CHC,R,1830,0.469,0.308,153.0,26.0,2.0,0.194,0.283,0.254,0.537,0.263,0.29,0.196,0.105,0.201,0.368,86.5
690925,Clayton Beeter,WSH,L,656,0.402,0.251,106.0,16.0,4.0,0.19,0.34,0.369,0.709,0.343,0.339,0.264,0.17,0.288,0.393,89.0
690925,Clayton Beeter,WSH,R,617,0.485,0.297,103.0,19.0,4.0,0.211,0.287,0.356,0.643,0.299,0.328,0.175,0.087,0.253,0.458,88.9
676051,Codi Heuer,CLE,L,152,0.5,0.307,26.0,3.0,0.0,0.143,0.269,0.19,0.46,0.225,0.232,0.192,0.115,0.278,0.471,90.9
676051,Codi Heuer,CLE,R,124,0.411,0.265,20.0,9.0,0.0,0.5,0.55,0.667,1.217,0.572,0.469,0.05,0.1,0.207,0.588,94.4
675989,Cody Bolton,HOU,L,225,0.396,0.183,52.0,11.0,0.0,0.275,0.431,0.375,0.806,0.376,0.439,0.135,0.192,0.143,0.559,90.7
675989,Cody Bolton,HOU,R,206,0.456,0.295,43.0,10.0,3.0,0.263,0.326,0.553,0.878,0.367,0.309,0.349,0.093,0.177,0.375,86.8
674003,Cody Bradford,TEX,L,237,0.43,0.284,68.0,23.0,2.0,0.371,0.412,0.532,0.944,0.409,0.394,0.059,0.074,0.059,0.458,87.3
674003,Cody Bradford,TEX,R,459,0.534,0.337,118.0,29.0,3.0,0.261,0.299,0.414,0.714,0.321,0.314,0.144,0.042,0.192,0.344,88.0
689520,Cody Laweryson,MIN,L,210,0.49,0.278,34.0,6.0,2.0,0.214,0.324,0.464,0.788,0.363,0.305,0.235,0.118,0.13,0.476,93.2
689520,Cody Laweryson,MIN,R,179,0.453,0.31,43.0,9.0,1.0,0.243,0.326,0.378,0.704,0.353,0.349,0.233,0.093,0.217,0.517,91.8
664074,Cody Ponce,TOR,L,24,0.708,0.562,,,,,,,,,,,,,,
664074,Cody Ponce,TOR,R,23,0.522,0.45,,,,,,,,,,,,,,
669371,Cole Henry,WSH,L,514,0.451,0.2,31.0,8.0,2.0,0.32,0.452,0.64,1.092,0.461,0.447,0.194,0.129,0.22,0.632,96.7
669371,Cole Henry,WSH,R,737,0.422,0.229,40.0,9.0,2.0,0.257,0.35,0.457,0.807,0.394,0.316,0.225,0.1,0.189,0.24,83.0
608344,Cole Irvin,LAD,L,27,0.593,0.273,10.0,4.0,0.0,0.444,0.5,0.444,0.944,0.52,0.507,0.1,0.1,0.062,0.5,80.4
608344,Cole Irvin,LAD,R,75,0.52,0.317,20.0,4.0,1.0,0.235,0.35,0.529,0.879,0.375,0.331,0.2,0.1,0.179,0.538,91.0
666142,Cole Ragans,KC,L,483,0.435,0.269,51.0,10.0,4.0,0.25,0.392,0.625,1.017,0.429,0.385,0.235,0.196,0.229,0.429,91.1
666142,Cole Ragans,KC,R,1235,0.495,0.296,101.0,17.0,6.0,0.193,0.297,0.42,0.717,0.323,0.324,0.327,0.129,0.304,0.382,88.1
663485,Cole Sands,MIN,L,682,0.481,0.286,22.0,4.0,3.0,0.235,0.333,0.824,1.157,0.455,0.444,0.182,0.136,0.298,0.533,91.3
663485,Cole Sands,MIN,R,679,0.476,0.262,34.0,11.0,0.0,0.355,0.412,0.452,0.863,0.384,0.314,0.206,0.059,0.164,0.583,94.9
642121,Cole Sulser,TB,L,703,0.498,0.332,132.0,23.0,1.0,0.185,0.221,0.266,0.488,0.24,0.275,0.227,0.045,0.256,0.389,85.2
642121,Cole Sulser,TB,R,599,0.518,0.37,93.0,29.0,6.0,0.337,0.376,0.64,1.016,0.427,0.389,0.247,0.065,0.256,0.422,89.5
677961,Cole Wilcox,SEA,L,267,0.479,0.372,67.0,14.0,2.0,0.233,0.299,0.35,0.649,0.299,0.326,0.254,0.09,0.312,0.465,92.1
677961,Cole Wilcox,SEA,R,264,0.432,0.23,55.0,13.0,0.0,0.302,0.455,0.326,0.78,0.388,0.389,0.182,0.182,0.238,0.455,89.8
668390,Cole Winn,TEX,L,627,0.435,0.251,93.0,24.0,2.0,0.293,0.376,0.5,0.876,0.408,0.352,0.194,0.118,0.213,0.422,89.3
668390,Cole Winn,TEX,R,788,0.546,0.355,121.0,30.0,5.0,0.265,0.294,0.425,0.719,0.321,0.326,0.256,0.033,0.295,0.447,86.1
689441,Coleman Crow,MIL,L,159,0.465,0.254,43.0,10.0,0.0,0.27,0.349,0.324,0.673,0.354,0.365,0.093,0.093,0.108,0.406,90.9
689441,Coleman Crow,MIL,R,140,0.543,0.432,43.0,11.0,2.0,0.268,0.279,0.585,0.864,0.397,0.316,0.14,0.023,0.211,0.333,87.7
670059,Colin Holderman,CLE,L,653,0.452,0.295,114.0,17.0,1.0,0.177,0.307,0.24,0.547,0.279,0.325,0.202,0.096,0.261,0.466,87.8
670059,Colin Holderman,CLE,R,707,0.443,0.305,107.0,18.0,0.0,0.194,0.274,0.247,0.521,0.259,0.279,0.243,0.075,0.283,0.42,86.5
607067,Colin Rea,CHC,L,2672,0.449,0.279,344.0,85.0,7.0,0.279,0.351,0.4,0.751,0.343,0.357,0.18,0.093,0.179,0.425,90.1
607067,Colin Rea,CHC,R,2070,0.497,0.31,237.0,50.0,14.0,0.23,0.292,0.461,0.753,0.325,0.349,0.16,0.063,0.175,0.411,88.2
676467,Colton Gordon,MIL,L,437,0.439,0.268,37.0,14.0,2.0,0.4,0.405,0.657,1.063,0.46,0.404,0.108,0.027,0.109,0.419,85.4
676467,Colton Gordon,MIL,R,1299,0.517,0.286,34.0,11.0,4.0,0.355,0.412,0.774,1.186,0.547,0.335,0.235,0.059,0.203,0.5,92.1
813349,Connelly Early,BOS,L,490,0.488,0.358,105.0,18.0,4.0,0.188,0.248,0.333,0.581,0.263,0.243,0.276,0.057,0.215,0.357,86.4
813349,Connelly Early,BOS,R,1362,0.469,0.31,283.0,62.0,11.0,0.252,0.344,0.427,0.771,0.347,0.349,0.226,0.099,0.22,0.429,90.7
641401,Connor Brogdon,CLE,L,575,0.482,0.299,32.0,8.0,2.0,0.276,0.344,0.552,0.895,0.409,0.342,0.219,0.062,0.188,0.5,91.0
641401,Connor Brogdon,CLE,R,560,0.479,0.286,38.0,7.0,3.0,0.206,0.229,0.5,0.729,0.399,0.349,0.211,0.026,0.275,0.414,86.9
683175,Connor Phillips,CIN,L,503,0.394,0.181,77.0,12.0,1.0,0.211,0.403,0.333,0.736,0.357,0.375,0.195,0.221,0.179,0.349,89.6
683175,Connor Phillips,CIN,R,421,0.418,0.271,56.0,9.0,2.0,0.205,0.375,0.386,0.761,0.346,0.38,0.232,0.196,0.341,0.484,90.1
687570,Connor Prielipp,MIN,L,608,0.456,0.279,152.0,37.0,4.0,0.28,0.362,0.424,0.786,0.347,0.323,0.217,0.112,0.227,0.356,86.8
687570,Connor Prielipp,MIN,R,1461,0.48,0.306,383.0,81.0,10.0,0.236,0.3,0.376,0.676,0.316,0.299,0.248,0.07,0.205,0.433,89.7
657756,Connor Seabold,KC,L,379,0.48,0.288,60.0,17.0,1.0,0.333,0.4,0.471,0.871,0.385,0.337,0.133,0.083,0.095,0.356,88.5
657756,Connor Seabold,KC,R,282,0.493,0.276,53.0,13.0,1.0,0.277,0.34,0.383,0.723,0.321,0.275,0.226,0.075,0.242,0.389,86.2
671162,Connor Thomas,KC,L,196,0.449,0.258,43.0,14.0,1.0,0.368,0.419,0.5,0.919,0.4,0.259,0.14,0.047,0.134,0.364,85.1
671162,Connor Thomas,KC,R,309,0.453,0.249,64.0,17.0,3.0,0.309,0.375,0.509,0.884,0.392,0.374,0.172,0.109,0.225,0.413,90.7
681867,Cooper Criswell,SEA,L,400,0.49,0.35,83.0,18.0,3.0,0.237,0.272,0.421,0.693,0.315,0.294,0.205,0.048,0.155,0.383,86.0
681867,Cooper Criswell,SEA,R,496,0.46,0.345,77.0,21.0,0.0,0.304,0.364,0.333,0.697,0.33,0.292,0.182,0.078,0.216,0.375,87.1
669203,Corbin Burnes,AZ,L,706,0.432,0.328,27.0,8.0,2.0,0.364,0.444,0.727,1.172,0.478,0.426,0.148,0.148,0.255,0.421,91.9
669203,Corbin Burnes,AZ,R,502,0.508,0.297,20.0,4.0,3.0,0.2,0.2,0.75,0.95,0.38,0.341,0.2,0.0,0.3,0.375,89.9
656686,Corbin Martin,CHC,L,213,0.423,0.261,11.0,2.0,1.0,0.222,0.364,0.556,0.919,0.391,0.405,0.182,0.182,0.28,0.714,95.9
656686,Corbin Martin,CHC,R,230,0.483,0.281,14.0,3.0,1.0,0.273,0.429,0.545,0.974,0.421,0.389,0.143,0.214,0.393,0.444,91.3
518886,Craig Kimbrel,KC,L,508,0.474,0.297,101.0,23.0,3.0,0.271,0.37,0.471,0.841,0.377,0.334,0.178,0.129,0.208,0.304,88.9
518886,Craig Kimbrel,KC,R,510,0.431,0.247,95.0,17.0,1.0,0.2,0.274,0.271,0.544,0.269,0.296,0.232,0.074,0.221,0.435,89.1
684974,Craig Yoho,CLE,L,419,0.444,0.301,92.0,15.0,4.0,0.192,0.3,0.41,0.71,0.316,0.331,0.163,0.109,0.185,0.369,85.2
684974,Craig Yoho,CLE,R,382,0.437,0.281,67.0,11.0,2.0,0.19,0.299,0.328,0.626,0.289,0.285,0.388,0.119,0.374,0.212,83.4
664299,Cristian Javier,HOU,L,892,0.471,0.308,140.0,33.0,3.0,0.258,0.321,0.383,0.704,0.313,0.296,0.186,0.079,0.212,0.275,87.8
664299,Cristian Javier,HOU,R,836,0.507,0.32,136.0,31.0,7.0,0.265,0.36,0.487,0.847,0.367,0.373,0.243,0.125,0.321,0.412,90.4
650911,Cristopher Sánchez,PHI,L,1241,0.514,0.372,186.0,31.0,1.0,0.17,0.184,0.203,0.387,0.18,0.196,0.349,0.016,0.308,0.347,87.8
650911,Cristopher Sánchez,PHI,R,4714,0.489,0.329,641.0,167.0,17.0,0.283,0.335,0.424,0.759,0.343,0.311,0.243,0.064,0.287,0.436,88.9
650960,Daniel Duarte,NYM,L,271,0.546,0.408,70.0,13.0,3.0,0.203,0.271,0.359,0.631,0.283,0.315,0.229,0.071,0.196,0.239,82.9
650960,Daniel Duarte,NYM,R,192,0.484,0.364,43.0,4.0,0.0,0.098,0.14,0.122,0.261,0.145,0.18,0.302,0.047,0.204,0.25,81.7
682982,Daniel Espino,CLE,L,116,0.5,0.241,28.0,4.0,0.0,0.167,0.286,0.167,0.452,0.229,0.274,0.357,0.143,0.345,0.357,84.2
682982,Daniel Espino,CLE,R,127,0.48,0.347,31.0,8.0,3.0,0.286,0.355,0.643,0.998,0.418,0.306,0.387,0.097,0.361,0.375,85.8
663738,Daniel Lynch,KC,L,860,0.462,0.308,120.0,17.0,1.0,0.155,0.218,0.218,0.437,0.212,0.271,0.192,0.042,0.24,0.292,83.7
663738,Daniel Lynch,KC,R,1456,0.434,0.261,213.0,49.0,8.0,0.257,0.329,0.466,0.795,0.352,0.359,0.146,0.099,0.2,0.435,90.9
694037,Daniel Palencia,CHC,L,691,0.483,0.235,58.0,17.0,4.0,0.34,0.431,0.64,1.071,0.485,0.38,0.241,0.138,0.237,0.4,91.5
694037,Daniel Palencia,CHC,R,620,0.524,0.327,60.0,8.0,0.0,0.14,0.167,0.175,0.342,0.155,0.226,0.267,0.017,0.268,0.256,86.7
543056,Danny Coulombe,BOS,L,473,0.469,0.288,47.0,11.0,0.0,0.282,0.404,0.282,0.686,0.33,0.342,0.106,0.149,0.188,0.265,82.1
543056,Danny Coulombe,BOS,R,633,0.485,0.349,49.0,7.0,1.0,0.171,0.306,0.268,0.574,0.272,0.3,0.102,0.163,0.133,0.167,80.9
664849,Danny Young,ATL,L,196,0.311,0.196,31.0,8.0,2.0,0.333,0.467,0.667,1.133,0.483,0.434,0.226,0.194,0.333,0.556,89.3
664849,Danny Young,ATL,R,235,0.332,0.215,34.0,7.0,1.0,0.269,0.441,0.423,0.864,0.442,0.351,0.235,0.147,0.152,0.688,96.7
670280,David Bednar,NYY,L,1135,0.489,0.357,150.0,26.0,2.0,0.188,0.253,0.254,0.507,0.252,0.254,0.267,0.067,0.275,0.316,85.5
670280,David Bednar,NYY,R,1029,0.52,0.348,123.0,25.0,2.0,0.221,0.252,0.345,0.597,0.27,0.272,0.285,0.049,0.298,0.395,87.2
688158,David Morgan,SD,L,550,0.471,0.258,62.0,13.0,1.0,0.255,0.361,0.353,0.714,0.352,0.324,0.21,0.129,0.246,0.289,84.8
688158,David Morgan,SD,R,794,0.506,0.347,89.0,23.0,1.0,0.307,0.398,0.413,0.811,0.376,0.293,0.27,0.101,0.319,0.358,85.2
656849,David Peterson,CHC,L,1233,0.501,0.353,188.0,43.0,6.0,0.25,0.305,0.413,0.718,0.337,0.303,0.293,0.059,0.283,0.432,88.7
656849,David Peterson,CHC,R,3858,0.45,0.264,454.0,109.0,9.0,0.275,0.357,0.395,0.752,0.349,0.345,0.165,0.115,0.176,0.39,88.0
689818,David Sandlin,CWS,L,324,0.466,0.314,87.0,22.0,5.0,0.278,0.345,0.544,0.889,0.379,0.346,0.207,0.092,0.172,0.344,86.9
689818,David Sandlin,CWS,R,229,0.424,0.26,58.0,9.0,1.0,0.173,0.259,0.25,0.509,0.253,0.257,0.259,0.086,0.268,0.324,86.9
663436,Davis Martin,CWS,L,2614,0.472,0.27,350.0,82.0,8.0,0.261,0.331,0.401,0.733,0.327,0.345,0.189,0.094,0.183,0.455,90.6
663436,Davis Martin,CWS,R,2025,0.505,0.332,254.0,61.0,6.0,0.264,0.324,0.385,0.709,0.319,0.312,0.217,0.047,0.253,0.425,88.5
690978,Dax Fulton,MIA,L,171,0.439,0.268,41.0,7.0,1.0,0.206,0.317,0.324,0.641,0.291,0.313,0.268,0.122,0.227,0.625,95.5
690978,Dax Fulton,MIA,R,266,0.429,0.272,68.0,12.0,0.0,0.207,0.324,0.293,0.617,0.301,0.288,0.221,0.147,0.272,0.295,86.3
665152,Dean Kremer,MIN,L,2387,0.486,0.298,204.0,43.0,10.0,0.234,0.299,0.467,0.766,0.329,0.324,0.211,0.088,0.245,0.317,87.1
665152,Dean Kremer,MIN,R,1762,0.472,0.298,138.0,28.0,7.0,0.224,0.29,0.44,0.73,0.321,0.322,0.275,0.08,0.287,0.425,88.0
673380,Dedniel Núñez,NYM,L,195,0.503,0.283,34.0,10.0,2.0,0.294,0.294,0.5,0.794,0.366,0.353,0.206,0.0,0.283,0.444,90.9
673380,Dedniel Núñez,NYM,R,190,0.605,0.477,35.0,7.0,2.0,0.2,0.2,0.429,0.629,0.263,0.26,0.286,0.0,0.361,0.36,89.0
642701,Dennis Santana,AZ,L,939,0.514,0.33,128.0,31.0,5.0,0.272,0.352,0.474,0.825,0.371,0.339,0.234,0.094,0.234,0.463,90.3
642701,Dennis Santana,AZ,R,939,0.483,0.346,104.0,18.0,4.0,0.194,0.272,0.376,0.648,0.304,0.307,0.173,0.087,0.231,0.329,86.3
571882,Derek Law,AZ,L,78,0.436,0.3,19.0,5.0,0.0,0.312,0.368,0.375,0.743,0.347,0.385,0.105,0.105,0.118,0.429,88.2
571882,Derek Law,AZ,R,77,0.442,0.304,16.0,3.0,0.0,0.2,0.25,0.267,0.517,0.234,0.34,0.188,0.0,0.235,0.417,90.4
642207,Devin Williams,NYM,L,897,0.499,0.368,98.0,23.0,2.0,0.264,0.34,0.391,0.731,0.36,0.267,0.265,0.102,0.311,0.271,85.3
642207,Devin Williams,NYM,R,967,0.498,0.365,85.0,20.0,1.0,0.27,0.357,0.365,0.722,0.351,0.3,0.306,0.118,0.333,0.327,86.5
800311,Didier Fuentes,ATL,L,839,0.523,0.295,162.0,32.0,5.0,0.218,0.273,0.354,0.627,0.289,0.294,0.346,0.068,0.27,0.351,87.3
800311,Didier Fuentes,ATL,R,667,0.493,0.311,128.0,23.0,0.0,0.197,0.252,0.222,0.474,0.236,0.23,0.281,0.062,0.286,0.317,85.9
608650,Dietrich Enns,BAL,L,405,0.479,0.28,31.0,7.0,0.0,0.292,0.367,0.333,0.7,0.322,0.31,0.129,0.129,0.153,0.261,82.2
608650,Dietrich Enns,BAL,R,643,0.524,0.323,39.0,6.0,0.0,0.194,0.333,0.323,0.656,0.3,0.294,0.231,0.179,0.23,0.522,95.2
687792,Dj Herz,WSH,R,59,0.458,0.179,17.0,5.0,1.0,0.333,0.412,0.733,1.145,0.474,0.466,0.235,0.118,0.222,0.545,92.2
669084,Dl Hall,MIL,L,655,0.417,0.254,95.0,9.0,1.0,0.117,0.284,0.182,0.466,0.246,0.292,0.305,0.168,0.299,0.22,86.2
669084,Dl Hall,MIL,R,907,0.431,0.229,137.0,19.0,4.0,0.162,0.272,0.282,0.554,0.271,0.279,0.248,0.131,0.234,0.395,87.9
682445,Domingo Gonzalez,SEA,L,47,0.362,0.083,12.0,4.0,1.0,0.444,0.583,0.889,1.472,0.596,0.534,0.083,0.25,0.059,0.625,92.5
682445,Domingo Gonzalez,SEA,R,82,0.537,0.268,24.0,5.0,0.0,0.227,0.292,0.273,0.564,0.29,0.411,0.167,0.083,0.227,0.471,93.1
680951,Doug Nikhazy,CWS,L,49,0.449,0.217,,,,,,,,,,,,,,
680951,Doug Nikhazy,CWS,R,98,0.367,0.136,,,,,,,,,,,,,,
623454,Drew Anderson,DET,L,950,0.514,0.348,249.0,51.0,9.0,0.227,0.287,0.378,0.665,0.304,0.293,0.225,0.076,0.209,0.384,88.1
623454,Drew Anderson,DET,R,822,0.46,0.353,206.0,42.0,7.0,0.237,0.345,0.424,0.768,0.349,0.32,0.282,0.117,0.312,0.372,90.1
519141,Drew Pomeranz,CHC,L,515,0.548,0.309,58.0,14.0,3.0,0.255,0.293,0.418,0.711,0.323,0.253,0.207,0.034,0.209,0.302,85.9
519141,Drew Pomeranz,CHC,R,784,0.449,0.243,76.0,18.0,4.0,0.286,0.387,0.54,0.926,0.432,0.429,0.066,0.132,0.119,0.421,89.3
656876,Drew Rasmussen,TB,L,2931,0.495,0.304,393.0,75.0,10.0,0.205,0.252,0.314,0.566,0.259,0.271,0.282,0.053,0.24,0.327,88.0
656876,Drew Rasmussen,TB,R,2046,0.488,0.319,277.0,50.0,4.0,0.191,0.235,0.275,0.509,0.239,0.271,0.227,0.04,0.206,0.352,87.1
680723,Drew Rom,ATH,L,140,0.386,0.182,34.0,7.0,1.0,0.233,0.324,0.467,0.79,0.368,0.345,0.294,0.118,0.204,0.6,95.4
680723,Drew Rom,ATH,R,126,0.429,0.14,37.0,10.0,0.0,0.303,0.333,0.424,0.758,0.333,0.325,0.189,0.054,0.185,0.464,92.4
805427,Drew Sommers,DET,L,342,0.48,0.393,84.0,20.0,1.0,0.256,0.301,0.308,0.609,0.29,0.202,0.381,0.024,0.258,0.17,79.3
805427,Drew Sommers,DET,R,374,0.463,0.285,82.0,15.0,3.0,0.208,0.296,0.347,0.644,0.339,0.259,0.341,0.11,0.302,0.442,87.5
686753,Drey Jameson,AZ,L,216,0.444,0.256,47.0,11.0,0.0,0.289,0.426,0.421,0.847,0.382,0.353,0.149,0.191,0.238,0.258,84.0
686753,Drey Jameson,AZ,R,143,0.476,0.324,39.0,8.0,1.0,0.222,0.256,0.333,0.59,0.258,0.328,0.154,0.026,0.3,0.355,90.2
701474,Duncan Davitt,SF,L,45,0.511,0.357,13.0,3.0,1.0,0.25,0.308,0.583,0.891,0.442,0.352,0.154,0.077,0.261,0.4,86.2
701474,Duncan Davitt,SF,R,43,0.395,0.167,12.0,2.0,1.0,0.182,0.25,0.545,0.795,0.329,0.402,0.083,0.083,0.118,0.6,92.4
669160,Dustin May,MIL,L,2733,0.444,0.261,364.0,85.0,8.0,0.27,0.358,0.39,0.749,0.345,0.331,0.228,0.113,0.21,0.436,88.8
669160,Dustin May,MIL,R,1791,0.487,0.305,245.0,54.0,5.0,0.236,0.282,0.367,0.648,0.297,0.314,0.229,0.033,0.219,0.454,90.2
656302,Dylan Cease,TOR,L,3245,0.463,0.296,399.0,57.0,8.0,0.164,0.264,0.267,0.531,0.252,0.265,0.361,0.115,0.304,0.311,85.7
656302,Dylan Cease,TOR,R,2703,0.485,0.333,287.0,49.0,3.0,0.194,0.286,0.266,0.552,0.27,0.265,0.328,0.111,0.305,0.321,85.0
689266,Dylan Dodd,ATL,L,539,0.481,0.266,82.0,12.0,3.0,0.164,0.256,0.356,0.612,0.278,0.294,0.305,0.098,0.303,0.426,90.6
689266,Dylan Dodd,ATL,R,734,0.583,0.396,99.0,16.0,3.0,0.174,0.224,0.304,0.529,0.236,0.254,0.253,0.051,0.244,0.338,86.6
669276,Dylan Lee,ATL,L,890,0.51,0.324,102.0,19.0,0.0,0.207,0.267,0.337,0.604,0.268,0.265,0.284,0.078,0.322,0.338,86.5
669276,Dylan Lee,ATL,R,1263,0.52,0.336,156.0,28.0,3.0,0.192,0.232,0.301,0.534,0.243,0.244,0.301,0.051,0.335,0.317,85.6
681916,Dylan Smith,SF,L,393,0.486,0.299,79.0,13.0,0.0,0.191,0.295,0.221,0.515,0.271,0.295,0.278,0.114,0.222,0.478,88.1
681916,Dylan Smith,SF,R,462,0.472,0.239,89.0,22.0,3.0,0.297,0.364,0.459,0.823,0.356,0.313,0.236,0.101,0.238,0.466,87.6
668834,Easton Mcgee,KC,L,223,0.547,0.327,26.0,9.0,2.0,0.391,0.462,0.826,1.288,0.531,0.385,0.115,0.115,0.17,0.55,92.1
668834,Easton Mcgee,KC,R,188,0.553,0.368,26.0,8.0,1.0,0.333,0.385,0.542,0.926,0.4,0.335,0.231,0.077,0.189,0.389,88.3
678868,Eddy Yean,WSH,L,91,0.484,0.256,24.0,2.0,0.0,0.087,0.125,0.087,0.212,0.104,0.221,0.125,0.042,0.114,0.4,88.6
678868,Eddy Yean,WSH,R,77,0.429,0.132,21.0,6.0,1.0,0.316,0.381,0.632,1.013,0.469,0.333,0.19,0.048,0.121,0.267,90.2
683618,Edgardo Henriquez,LAD,L,568,0.491,0.322,110.0,17.0,1.0,0.187,0.321,0.308,0.629,0.3,0.271,0.3,0.136,0.301,0.271,85.5
683618,Edgardo Henriquez,LAD,R,684,0.49,0.334,131.0,20.0,0.0,0.171,0.254,0.188,0.442,0.229,0.221,0.282,0.076,0.267,0.272,80.3
660825,Eduard Bazardo,SEA,L,1125,0.422,0.227,142.0,33.0,5.0,0.268,0.35,0.431,0.781,0.357,0.35,0.254,0.099,0.229,0.393,87.7
660825,Eduard Bazardo,SEA,R,1210,0.445,0.261,144.0,37.0,7.0,0.28,0.312,0.492,0.805,0.359,0.322,0.215,0.056,0.186,0.41,89.3
700842,Eduardo Rivera,BOS,L,93,0.43,0.268,20.0,1.0,0.0,0.067,0.3,0.067,0.367,0.22,0.295,0.25,0.25,0.325,0.2,88.1
700842,Eduardo Rivera,BOS,R,117,0.479,0.293,24.0,7.0,1.0,0.304,0.333,0.522,0.855,0.404,0.299,0.208,0.042,0.179,0.556,93.9
593958,Eduardo Rodríguez,AZ,L,1447,0.46,0.256,227.0,56.0,6.0,0.265,0.314,0.398,0.712,0.319,0.344,0.189,0.066,0.192,0.408,88.8
593958,Eduardo Rodríguez,AZ,R,4126,0.479,0.311,535.0,108.0,12.0,0.223,0.293,0.36,0.653,0.298,0.307,0.181,0.088,0.201,0.296,85.3
665795,Edward Cabrera,CHC,L,2007,0.446,0.29,208.0,51.0,9.0,0.279,0.353,0.47,0.823,0.371,0.363,0.149,0.101,0.188,0.439,90.3
665795,Edward Cabrera,CHC,R,1599,0.474,0.331,141.0,32.0,7.0,0.258,0.34,0.46,0.8,0.348,0.337,0.277,0.106,0.309,0.4,90.0
621242,Edwin Díaz,LAD,L,805,0.477,0.309,53.0,16.0,1.0,0.348,0.434,0.565,0.999,0.447,0.35,0.245,0.094,0.195,0.531,92.2
621242,Edwin Díaz,LAD,R,642,0.458,0.299,35.0,9.0,2.0,0.31,0.4,0.517,0.917,0.394,0.341,0.343,0.114,0.281,0.421,89.3
682769,Eiberson Castellano,COL,L,16,0.625,0.444,,,,,,,,,,,,,,
682769,Eiberson Castellano,COL,R,19,0.474,0.286,,,,,,,,,,,,,,
669212,Eli Morgan,KC,L,234,0.491,0.389,46.0,14.0,4.0,0.35,0.435,0.675,1.11,0.488,0.46,0.174,0.109,0.247,0.394,89.9
669212,Eli Morgan,KC,R,220,0.455,0.313,44.0,10.0,1.0,0.256,0.341,0.385,0.726,0.325,0.336,0.182,0.091,0.212,0.452,87.9
622694,Elieser Hernández,ATL,L,112,0.429,0.286,28.0,6.0,1.0,0.25,0.357,0.375,0.732,0.359,0.281,0.179,0.143,0.208,0.333,86.4
622694,Elieser Hernández,ATL,R,95,0.453,0.315,22.0,4.0,2.0,0.2,0.273,0.5,0.773,0.327,0.26,0.273,0.045,0.279,0.429,90.1
695684,Elmer Rodriguez,NYY,L,227,0.379,0.164,54.0,8.0,1.0,0.205,0.407,0.333,0.741,0.361,0.41,0.13,0.185,0.233,0.394,88.1
695684,Elmer Rodriguez,NYY,R,270,0.415,0.309,71.0,18.0,1.0,0.281,0.352,0.359,0.711,0.323,0.317,0.183,0.085,0.304,0.34,85.9
665660,Elvis Alvarado,ATH,L,840,0.483,0.279,104.0,22.0,5.0,0.237,0.317,0.452,0.769,0.343,0.354,0.298,0.106,0.296,0.452,89.4
665660,Elvis Alvarado,ATH,R,844,0.494,0.274,114.0,20.0,4.0,0.202,0.298,0.384,0.682,0.309,0.299,0.263,0.105,0.262,0.493,90.1
676106,Emerson Hancock,SEA,L,2089,0.491,0.251,323.0,70.0,12.0,0.236,0.297,0.395,0.692,0.312,0.32,0.229,0.068,0.204,0.455,89.8
676106,Emerson Hancock,SEA,R,1510,0.526,0.31,242.0,56.0,8.0,0.246,0.281,0.404,0.685,0.305,0.292,0.211,0.037,0.215,0.369,89.2
693713,Emiliano Teodo,TEX,L,31,0.355,0.222,,,,,,,,,,,,,,
641941,Emilio Pagán,CIN,L,937,0.508,0.297,89.0,15.0,5.0,0.188,0.247,0.425,0.672,0.295,0.298,0.292,0.067,0.221,0.5,90.5
641941,Emilio Pagán,CIN,R,794,0.537,0.331,82.0,17.0,2.0,0.23,0.293,0.365,0.658,0.29,0.28,0.22,0.049,0.209,0.404,89.6
686218,Emmet Sheehan,LAD,L,1537,0.485,0.321,254.0,59.0,13.0,0.254,0.315,0.5,0.815,0.351,0.316,0.264,0.071,0.255,0.412,88.7
686218,Emmet Sheehan,LAD,R,1569,0.52,0.367,218.0,40.0,8.0,0.205,0.272,0.369,0.641,0.286,0.264,0.298,0.064,0.338,0.351,88.1
646241,Enmanuel De Jesus,DET,L,291,0.481,0.312,82.0,21.0,1.0,0.284,0.346,0.419,0.765,0.349,0.337,0.171,0.073,0.2,0.393,89.1
646241,Enmanuel De Jesus,DET,R,378,0.46,0.279,96.0,17.0,2.0,0.2,0.284,0.306,0.59,0.288,0.311,0.26,0.094,0.247,0.475,90.0
571771,Enrique Hernández,LAD,L,63,0.365,0.289,,,,,,,,,,,,,,
571771,Enrique Hernández,LAD,R,70,0.357,0.238,,,,,,,,,,,,,,
660853,Enyel De Los Santos,HOU,L,1017,0.526,0.299,156.0,37.0,5.0,0.255,0.29,0.428,0.718,0.326,0.294,0.179,0.051,0.236,0.35,86.8
660853,Enyel De Los Santos,HOU,R,1260,0.517,0.316,145.0,32.0,6.0,0.242,0.306,0.455,0.76,0.341,0.278,0.269,0.076,0.275,0.409,88.5
672021,Eric Cerantola,KC,L,89,0.281,0.19,19.0,2.0,2.0,0.182,0.526,0.727,1.254,0.505,0.399,0.316,0.421,0.48,0.8,96.2
672021,Eric Cerantola,KC,R,33,0.333,0.056,,,,,,,,,,,,,,
641778,Eric Lauer,LAD,L,869,0.503,0.279,110.0,25.0,6.0,0.26,0.349,0.49,0.838,0.373,0.319,0.191,0.091,0.198,0.355,87.7
641778,Eric Lauer,LAD,R,2637,0.499,0.305,357.0,82.0,20.0,0.253,0.307,0.481,0.789,0.346,0.349,0.143,0.07,0.141,0.361,87.4
679358,Eric Orze,MIN,L,717,0.46,0.268,105.0,26.0,1.0,0.286,0.33,0.451,0.781,0.371,0.314,0.162,0.076,0.178,0.278,84.7
679358,Eric Orze,MIN,R,653,0.462,0.279,83.0,16.0,0.0,0.229,0.349,0.271,0.621,0.304,0.311,0.229,0.133,0.25,0.314,86.7
607200,Erick Fedde,CWS,L,2623,0.416,0.217,327.0,71.0,7.0,0.245,0.321,0.369,0.69,0.316,0.347,0.153,0.098,0.158,0.432,89.6
607200,Erick Fedde,CWS,R,2173,0.45,0.275,279.0,68.0,16.0,0.265,0.315,0.486,0.802,0.351,0.319,0.176,0.065,0.193,0.375,87.7
669062,Erik Miller,BOS,L,572,0.416,0.295,93.0,17.0,1.0,0.202,0.269,0.286,0.555,0.252,0.209,0.344,0.065,0.316,0.218,80.9
669062,Erik Miller,BOS,R,897,0.402,0.245,129.0,20.0,2.0,0.204,0.378,0.286,0.664,0.342,0.325,0.318,0.194,0.341,0.298,82.8
681870,Erik Sabrowski,CLE,L,459,0.488,0.309,71.0,10.0,1.0,0.169,0.3,0.305,0.605,0.282,0.245,0.296,0.141,0.28,0.275,84.9
681870,Erik Sabrowski,CLE,R,845,0.443,0.255,123.0,14.0,2.0,0.139,0.268,0.238,0.506,0.25,0.254,0.423,0.146,0.322,0.4,91.9
680899,Erik Tolman,WSH,L,95,0.389,0.28,23.0,3.0,0.0,0.176,0.348,0.235,0.583,0.285,0.28,0.261,0.217,0.297,0.167,76.0
680899,Erik Tolman,WSH,R,174,0.546,0.282,38.0,9.0,1.0,0.265,0.316,0.382,0.698,0.33,0.306,0.237,0.079,0.263,0.269,84.9
814490,Ethan Pecko,HOU,L,346,0.445,0.263,83.0,15.0,5.0,0.208,0.313,0.444,0.758,0.334,0.396,0.12,0.133,0.175,0.459,90.3
814490,Ethan Pecko,HOU,R,192,0.469,0.347,47.0,9.0,0.0,0.214,0.298,0.286,0.584,0.269,0.242,0.234,0.064,0.211,0.344,87.5
681799,Ethan Roberts,CHC,L,246,0.427,0.252,47.0,7.0,1.0,0.2,0.404,0.371,0.776,0.359,0.383,0.106,0.234,0.176,0.4,90.1
681799,Ethan Roberts,CHC,R,335,0.454,0.302,63.0,15.0,2.0,0.259,0.317,0.379,0.697,0.31,0.311,0.19,0.048,0.224,0.478,91.7
691587,Eury Pérez,MIA,L,2478,0.508,0.309,350.0,61.0,7.0,0.199,0.291,0.332,0.624,0.287,0.287,0.291,0.111,0.275,0.387,88.9
691587,Eury Pérez,MIA,R,1770,0.496,0.297,282.0,62.0,13.0,0.252,0.344,0.455,0.799,0.359,0.35,0.206,0.096,0.257,0.404,87.1
623465,Evan Phillips,LAD,L,210,0.433,0.324,41.0,10.0,2.0,0.256,0.293,0.436,0.729,0.316,0.335,0.341,0.049,0.228,0.32,88.5
623465,Evan Phillips,LAD,R,277,0.487,0.308,52.0,11.0,3.0,0.224,0.25,0.469,0.719,0.301,0.334,0.269,0.019,0.192,0.472,92.7
681895,Evan Sisk,PIT,L,553,0.374,0.228,92.0,14.0,1.0,0.197,0.363,0.268,0.63,0.307,0.316,0.261,0.141,0.243,0.306,82.0
681895,Evan Sisk,PIT,R,568,0.424,0.257,95.0,19.0,1.0,0.238,0.34,0.362,0.703,0.332,0.269,0.253,0.105,0.235,0.298,86.0
518585,Fernando Cruz,NYY,L,820,0.413,0.266,121.0,18.0,3.0,0.18,0.306,0.32,0.626,0.286,0.296,0.248,0.157,0.357,0.194,84.7
518585,Fernando Cruz,NYY,R,925,0.442,0.33,112.0,23.0,4.0,0.232,0.321,0.414,0.736,0.331,0.265,0.33,0.098,0.396,0.361,87.1
656492,Foster Griffin,CLE,L,761,0.468,0.294,197.0,37.0,7.0,0.204,0.269,0.376,0.645,0.292,0.3,0.289,0.051,0.225,0.339,86.9
656492,Foster Griffin,CLE,R,2074,0.485,0.323,521.0,127.0,16.0,0.266,0.32,0.417,0.737,0.334,0.327,0.194,0.067,0.198,0.38,87.4
664285,Framber Valdez,DET,L,1157,0.479,0.32,177.0,43.0,4.0,0.267,0.33,0.385,0.715,0.32,0.285,0.254,0.073,0.252,0.299,85.0
664285,Framber Valdez,DET,R,4512,0.463,0.297,579.0,126.0,12.0,0.248,0.332,0.364,0.696,0.324,0.332,0.155,0.093,0.169,0.452,90.0
680916,Franco Aleman,CLE,L,192,0.495,0.271,50.0,11.0,2.0,0.239,0.3,0.37,0.67,0.325,0.307,0.28,0.06,0.274,0.5,92.6
680916,Franco Aleman,CLE,R,235,0.417,0.234,55.0,14.0,2.0,0.311,0.436,0.489,0.925,0.409,0.338,0.255,0.127,0.224,0.29,86.3
642547,Freddy Peralta,TB,L,3375,0.465,0.304,449.0,103.0,17.0,0.252,0.313,0.441,0.754,0.336,0.296,0.218,0.08,0.246,0.379,87.0
642547,Freddy Peralta,TB,R,2581,0.478,0.288,259.0,54.0,6.0,0.24,0.331,0.378,0.709,0.322,0.31,0.208,0.093,0.216,0.368,86.7
642585,Félix Bautista,BAL,L,338,0.459,0.258,,,,,,,,,,,,,,
642585,Félix Bautista,BAL,R,328,0.451,0.264,,,,,,,,,,,,,,
642100,Gabe Speier,SEA,L,757,0.506,0.343,86.0,15.0,1.0,0.19,0.244,0.304,0.548,0.253,0.251,0.244,0.058,0.187,0.377,87.3
642100,Gabe Speier,SEA,R,860,0.52,0.328,98.0,20.0,4.0,0.238,0.33,0.417,0.747,0.338,0.336,0.235,0.082,0.25,0.339,87.5
687312,Gabriel Hughes,COL,L,769,0.462,0.26,186.0,44.0,5.0,0.265,0.326,0.428,0.754,0.346,0.311,0.167,0.075,0.166,0.309,86.1
687312,Gabriel Hughes,COL,R,376,0.508,0.28,95.0,24.0,2.0,0.286,0.358,0.452,0.81,0.363,0.293,0.263,0.095,0.209,0.344,87.7
695611,Gage Jump,ATH,L,451,0.472,0.28,116.0,26.0,3.0,0.271,0.362,0.375,0.737,0.338,0.345,0.216,0.121,0.221,0.395,86.8
695611,Gage Jump,ATH,R,1311,0.482,0.309,321.0,77.0,9.0,0.267,0.34,0.441,0.781,0.355,0.323,0.259,0.093,0.241,0.399,89.8
670183,Garrett Acton,MIN,L,111,0.423,0.286,23.0,4.0,0.0,0.211,0.348,0.263,0.611,0.325,0.318,0.348,0.174,0.415,0.4,89.9
670183,Garrett Acton,MIN,R,117,0.453,0.25,28.0,6.0,1.0,0.25,0.321,0.5,0.821,0.377,0.318,0.214,0.036,0.25,0.579,94.4
664076,Garrett Cleavinger,TB,L,555,0.45,0.324,73.0,17.0,2.0,0.293,0.384,0.448,0.832,0.36,0.37,0.247,0.123,0.261,0.273,83.3
664076,Garrett Cleavinger,TB,R,1057,0.499,0.326,107.0,20.0,4.0,0.211,0.29,0.389,0.679,0.304,0.28,0.336,0.103,0.254,0.508,86.9
676979,Garrett Crochet,BOS,L,618,0.521,0.398,20.0,4.0,0.0,0.25,0.368,0.312,0.681,0.329,0.315,0.25,0.0,0.29,0.25,74.8
676979,Garrett Crochet,BOS,R,3051,0.51,0.305,116.0,29.0,5.0,0.279,0.353,0.5,0.853,0.392,0.349,0.276,0.095,0.222,0.486,91.4
668831,Garrett Stallings,MIL,L,96,0.438,0.2,24.0,4.0,0.0,0.182,0.25,0.227,0.477,0.223,0.232,0.083,0.083,0.143,0.15,84.0
668831,Garrett Stallings,MIL,R,98,0.48,0.436,27.0,0.0,0.0,0.0,0.111,0.0,0.111,0.078,0.112,0.556,0.111,0.426,0.222,85.8
596117,Garrett Stubbs,PHI,L,25,0.68,0.533,12.0,4.0,1.0,0.333,0.333,0.583,0.917,0.392,0.398,0.0,0.0,0.059,0.583,91.4
596117,Garrett Stubbs,PHI,R,21,0.524,0.308,12.0,4.0,0.0,0.4,0.5,0.6,1.1,0.475,0.557,0.0,0.083,0.0,0.4,92.2
676477,Garrett Whitlock,BOS,L,982,0.562,0.391,111.0,23.0,1.0,0.223,0.261,0.272,0.533,0.247,0.255,0.297,0.054,0.289,0.333,89.5
676477,Garrett Whitlock,BOS,R,949,0.524,0.365,87.0,15.0,2.0,0.181,0.209,0.301,0.511,0.226,0.247,0.299,0.034,0.293,0.345,84.9
596142,Gary Sánchez,MIL,R,39,0.41,0.304,,,,,,,,,,,,,,
686560,Gavin Collyer,TEX,L,231,0.394,0.244,50.0,8.0,1.0,0.205,0.38,0.333,0.713,0.349,0.341,0.22,0.2,0.264,0.444,92.6
686560,Gavin Collyer,TEX,R,219,0.338,0.195,55.0,7.0,0.0,0.167,0.364,0.214,0.578,0.293,0.298,0.2,0.145,0.243,0.161,81.5
668970,Gavin Hollowell,CHC,L,153,0.477,0.28,24.0,3.0,0.0,0.143,0.25,0.286,0.536,0.254,0.329,0.167,0.083,0.306,0.438,84.5
668970,Gavin Hollowell,CHC,R,272,0.404,0.254,39.0,8.0,2.0,0.242,0.359,0.424,0.783,0.349,0.364,0.231,0.154,0.25,0.292,87.0
668909,Gavin Williams,CLE,L,3264,0.484,0.297,434.0,75.0,13.0,0.19,0.26,0.34,0.6,0.27,0.285,0.353,0.074,0.297,0.42,88.9
668909,Gavin Williams,CLE,R,2578,0.458,0.302,296.0,64.0,14.0,0.237,0.304,0.419,0.723,0.324,0.319,0.301,0.084,0.329,0.511,90.4
664129,Geoff Hartlieb,ATH,L,242,0.467,0.267,51.0,11.0,0.0,0.256,0.353,0.349,0.702,0.318,0.358,0.216,0.118,0.202,0.545,93.4
664129,Geoff Hartlieb,ATH,R,258,0.481,0.371,61.0,15.0,1.0,0.278,0.328,0.407,0.735,0.32,0.246,0.148,0.082,0.317,0.34,88.0
669923,George Kirby,SEA,L,2637,0.489,0.302,387.0,100.0,13.0,0.282,0.341,0.466,0.807,0.356,0.331,0.178,0.08,0.203,0.43,90.3
669923,George Kirby,SEA,R,2214,0.522,0.348,353.0,96.0,9.0,0.288,0.321,0.426,0.747,0.33,0.297,0.218,0.042,0.22,0.371,87.8
691946,George Klassen,LAA,L,276,0.489,0.266,73.0,16.0,1.0,0.254,0.342,0.349,0.692,0.338,0.365,0.192,0.11,0.281,0.471,87.9
691946,George Klassen,LAA,R,215,0.414,0.24,51.0,6.0,1.0,0.158,0.373,0.263,0.636,0.33,0.348,0.196,0.255,0.281,0.429,90.9
666277,George Soriano,STL,L,1001,0.497,0.329,159.0,26.0,3.0,0.184,0.272,0.298,0.57,0.271,0.297,0.252,0.094,0.272,0.426,89.8
666277,George Soriano,STL,R,866,0.435,0.302,130.0,31.0,7.0,0.29,0.388,0.542,0.93,0.397,0.36,0.2,0.138,0.28,0.353,88.2
672629,Gerardo Carrillo,AZ,L,225,0.404,0.232,56.0,11.0,0.0,0.239,0.375,0.326,0.701,0.353,0.3,0.268,0.179,0.242,0.31,89.9
672629,Gerardo Carrillo,AZ,R,95,0.358,0.236,25.0,3.0,0.0,0.158,0.36,0.211,0.571,0.29,0.298,0.24,0.2,0.353,0.231,81.8
608566,Germán Márquez,SD,L,1665,0.458,0.245,136.0,32.0,9.0,0.278,0.375,0.565,0.94,0.407,0.398,0.162,0.125,0.168,0.521,91.9
608566,Germán Márquez,SD,R,1346,0.497,0.28,101.0,23.0,5.0,0.245,0.297,0.457,0.754,0.352,0.313,0.149,0.069,0.192,0.342,84.2
543037,Gerrit Cole,NYY,L,1237,0.493,0.314,308.0,65.0,15.0,0.225,0.273,0.426,0.698,0.305,0.285,0.279,0.062,0.215,0.4,89.9
543037,Gerrit Cole,NYY,R,716,0.482,0.244,207.0,50.0,7.0,0.251,0.28,0.422,0.702,0.307,0.32,0.217,0.029,0.165,0.487,92.1
700669,Gordon Graceffo,STL,L,891,0.45,0.277,149.0,17.0,3.0,0.132,0.242,0.233,0.474,0.228,0.336,0.174,0.121,0.19,0.476,91.8
700669,Gordon Graceffo,STL,R,1054,0.471,0.277,163.0,33.0,2.0,0.234,0.302,0.348,0.65,0.298,0.314,0.202,0.086,0.188,0.398,88.6
668933,Graham Ashcraft,CIN,L,787,0.471,0.378,74.0,15.0,2.0,0.25,0.392,0.433,0.825,0.368,0.296,0.27,0.176,0.266,0.295,82.9
668933,Graham Ashcraft,CIN,R,839,0.487,0.35,63.0,11.0,0.0,0.2,0.302,0.236,0.538,0.287,0.293,0.286,0.127,0.306,0.432,92.1
681982,Grant Anderson,MIL,L,829,0.501,0.286,92.0,20.0,7.0,0.247,0.337,0.617,0.954,0.415,0.338,0.196,0.109,0.231,0.393,88.6
681982,Grant Anderson,MIL,R,1265,0.459,0.296,143.0,23.0,1.0,0.176,0.238,0.26,0.497,0.232,0.236,0.238,0.077,0.232,0.357,87.0
680880,Grant Holman,PHI,L,167,0.491,0.227,,,,,,,,,,,,,,
680880,Grant Holman,PHI,R,243,0.453,0.286,,,,,,,,,,,,,,
656550,Grant Holmes,ATL,L,2385,0.462,0.292,372.0,71.0,12.0,0.218,0.302,0.362,0.664,0.299,0.343,0.172,0.108,0.247,0.459,91.1
656550,Grant Holmes,ATL,R,1916,0.504,0.322,252.0,62.0,9.0,0.271,0.329,0.45,0.779,0.346,0.333,0.194,0.075,0.269,0.426,90.4
691799,Grant Taylor,CWS,L,1023,0.438,0.299,172.0,33.0,5.0,0.213,0.285,0.348,0.633,0.287,0.303,0.326,0.093,0.288,0.5,90.8
691799,Grant Taylor,CWS,R,907,0.495,0.322,157.0,26.0,2.0,0.184,0.261,0.262,0.524,0.247,0.236,0.299,0.089,0.238,0.333,88.1
664991,Grant Wolfram,BAL,L,681,0.464,0.296,113.0,29.0,1.0,0.287,0.351,0.386,0.737,0.358,0.284,0.239,0.053,0.201,0.338,84.3
664991,Grant Wolfram,BAL,R,739,0.476,0.306,109.0,23.0,2.0,0.235,0.296,0.408,0.704,0.314,0.295,0.294,0.083,0.264,0.379,87.7
680570,Grayson Rodriguez,LAA,L,1022,0.482,0.267,250.0,70.0,10.0,0.32,0.388,0.539,0.927,0.416,0.371,0.188,0.1,0.205,0.509,92.1
680570,Grayson Rodriguez,LAA,R,652,0.498,0.299,172.0,36.0,5.0,0.235,0.302,0.392,0.694,0.309,0.336,0.209,0.064,0.215,0.367,87.6
669711,Greg Weissert,BOS,L,834,0.486,0.303,92.0,24.0,3.0,0.293,0.359,0.451,0.81,0.367,0.331,0.185,0.098,0.215,0.328,87.0
669711,Greg Weissert,BOS,R,1213,0.47,0.288,157.0,31.0,5.0,0.211,0.261,0.354,0.615,0.275,0.272,0.268,0.051,0.206,0.298,85.7
666619,Gregory Santos,SF,L,97,0.32,0.048,,,,,,,,,,,,,,
666619,Gregory Santos,SF,R,129,0.481,0.167,13.0,1.0,0.0,0.083,0.154,0.167,0.321,0.15,0.395,0.0,0.077,0.043,0.583,92.4
642397,Gregory Soto,PIT,L,812,0.422,0.3,98.0,16.0,3.0,0.19,0.299,0.345,0.644,0.293,0.296,0.265,0.092,0.24,0.322,82.4
642397,Gregory Soto,PIT,R,1356,0.457,0.31,178.0,31.0,2.0,0.199,0.294,0.314,0.608,0.301,0.255,0.292,0.101,0.287,0.346,87.0
656288,Griffin Canning,SD,L,1579,0.465,0.273,222.0,60.0,11.0,0.309,0.387,0.526,0.913,0.398,0.355,0.207,0.104,0.234,0.5,92.3
656288,Griffin Canning,SD,R,1245,0.435,0.259,155.0,29.0,3.0,0.215,0.312,0.311,0.623,0.292,0.289,0.252,0.11,0.251,0.365,86.3
643377,Griffin Jax,TB,L,1596,0.488,0.362,272.0,60.0,10.0,0.243,0.294,0.401,0.694,0.326,0.322,0.279,0.07,0.297,0.411,88.7
643377,Griffin Jax,TB,R,1189,0.483,0.354,178.0,35.0,5.0,0.223,0.294,0.357,0.65,0.299,0.316,0.219,0.084,0.247,0.377,86.3
681402,Gus Varland,WSH,L,282,0.475,0.323,72.0,19.0,3.0,0.297,0.375,0.516,0.891,0.396,0.374,0.25,0.111,0.254,0.533,92.7
681402,Gus Varland,WSH,R,288,0.497,0.311,78.0,24.0,4.0,0.353,0.39,0.662,1.051,0.447,0.423,0.141,0.077,0.14,0.475,91.3
696146,Hagen Smith,CWS,L,143,0.427,0.279,38.0,7.0,1.0,0.2,0.263,0.286,0.549,0.25,0.256,0.263,0.079,0.279,0.36,84.4
696146,Hagen Smith,CWS,R,308,0.422,0.298,68.0,4.0,0.0,0.071,0.235,0.125,0.36,0.192,0.236,0.441,0.176,0.377,0.333,90.5
696522,Hayden Juenger,ATH,L,120,0.408,0.246,32.0,10.0,0.0,0.385,0.469,0.462,0.93,0.412,0.386,0.062,0.156,0.122,0.36,89.2
696522,Hayden Juenger,ATH,R,172,0.5,0.311,49.0,14.0,0.0,0.333,0.375,0.476,0.851,0.398,0.36,0.082,0.061,0.128,0.35,86.6
669713,Hayden Wesneski,HOU,L,702,0.494,0.32,128.0,26.0,3.0,0.224,0.283,0.353,0.637,0.291,0.321,0.188,0.062,0.207,0.415,87.6
669713,Hayden Wesneski,HOU,R,623,0.467,0.305,90.0,17.0,1.0,0.212,0.3,0.35,0.65,0.301,0.281,0.189,0.111,0.205,0.381,86.8
571948,Hoby Milner,SEA,L,800,0.463,0.273,80.0,19.0,1.0,0.268,0.329,0.394,0.723,0.322,0.341,0.1,0.062,0.136,0.394,88.7
571948,Hoby Milner,SEA,R,1006,0.412,0.249,84.0,20.0,4.0,0.26,0.301,0.455,0.756,0.345,0.365,0.155,0.048,0.152,0.4,87.3
663687,Hogan Harris,ATH,L,977,0.406,0.205,123.0,28.0,2.0,0.262,0.358,0.327,0.685,0.317,0.284,0.276,0.106,0.23,0.365,87.6
663687,Hogan Harris,ATH,R,1492,0.455,0.262,184.0,31.0,6.0,0.2,0.321,0.355,0.675,0.322,0.306,0.288,0.141,0.219,0.31,85.9
623211,Huascar Brazobán,CWS,L,898,0.437,0.277,118.0,16.0,1.0,0.158,0.267,0.257,0.525,0.27,0.268,0.169,0.127,0.214,0.241,83.9
623211,Huascar Brazobán,CWS,R,1135,0.517,0.359,142.0,27.0,4.0,0.214,0.289,0.381,0.67,0.31,0.31,0.239,0.092,0.261,0.37,87.3
682995,Hunter Barco,PIT,L,106,0.453,0.315,25.0,3.0,0.0,0.158,0.32,0.211,0.531,0.262,0.32,0.16,0.16,0.195,0.438,87.4
682995,Hunter Barco,PIT,R,291,0.381,0.184,61.0,18.0,4.0,0.353,0.459,0.667,1.126,0.475,0.405,0.164,0.148,0.129,0.429,90.1
685801,Hunter Bigge,TB,L,237,0.485,0.304,38.0,5.0,1.0,0.152,0.263,0.273,0.536,0.291,0.314,0.211,0.132,0.265,0.5,92.6
685801,Hunter Bigge,TB,R,313,0.45,0.236,47.0,9.0,0.0,0.237,0.362,0.368,0.73,0.329,0.309,0.128,0.17,0.2,0.273,87.4
686613,Hunter Brown,HOU,L,2719,0.433,0.274,252.0,43.0,7.0,0.2,0.313,0.33,0.644,0.303,0.307,0.306,0.135,0.293,0.453,90.4
686613,Hunter Brown,HOU,R,2030,0.441,0.308,177.0,36.0,4.0,0.228,0.311,0.323,0.634,0.304,0.24,0.243,0.096,0.203,0.278,80.2
690928,Hunter Dobbins,STL,L,987,0.447,0.269,131.0,26.0,3.0,0.224,0.308,0.353,0.661,0.298,0.314,0.206,0.107,0.187,0.356,87.6
690928,Hunter Dobbins,STL,R,881,0.459,0.274,100.0,23.0,4.0,0.261,0.35,0.455,0.805,0.362,0.296,0.25,0.1,0.23,0.444,89.5
683769,Hunter Gaddis,CLE,L,954,0.487,0.325,120.0,30.0,6.0,0.28,0.358,0.458,0.816,0.366,0.335,0.275,0.092,0.279,0.293,87.1
683769,Hunter Gaddis,CLE,R,1055,0.524,0.336,127.0,21.0,0.0,0.188,0.254,0.232,0.486,0.227,0.274,0.181,0.079,0.266,0.29,82.2
668881,Hunter Greene,CIN,L,1162,0.521,0.304,73.0,17.0,2.0,0.258,0.329,0.394,0.723,0.346,0.29,0.315,0.096,0.273,0.5,90.5
668881,Hunter Greene,CIN,R,1042,0.544,0.339,47.0,12.0,2.0,0.273,0.298,0.477,0.775,0.329,0.378,0.213,0.043,0.232,0.429,89.9
640451,Hunter Harvey,CHC,L,134,0.44,0.288,11.0,2.0,1.0,0.2,0.273,0.5,0.773,0.327,0.32,0.273,0.091,0.238,0.286,93.0
640451,Hunter Harvey,CHC,R,109,0.55,0.3,,,,,,,,,,,,,,
676702,Hunter Stratton,PIT,L,181,0.547,0.31,10.0,4.0,0.0,0.4,0.4,0.4,0.8,0.36,0.381,0.1,0.0,0.0,0.222,84.2
676702,Hunter Stratton,PIT,R,218,0.509,0.272,,,,,,,,,,,,,,
694462,Hurston Waldrep,ATL,L,647,0.422,0.206,31.0,6.0,2.0,0.24,0.387,0.48,0.867,0.381,0.374,0.161,0.161,0.26,0.35,90.1
694462,Hurston Waldrep,ATL,R,455,0.455,0.276,25.0,7.0,1.0,0.368,0.52,0.526,1.046,0.464,0.34,0.16,0.2,0.171,0.333,88.1
641656,Ian Hamilton,ATL,L,299,0.532,0.326,10.0,4.0,0.0,0.444,0.5,0.667,1.167,0.59,0.438,0.1,0.1,0.167,0.75,99.1
641656,Ian Hamilton,ATL,R,435,0.455,0.305,13.0,2.0,0.0,0.182,0.308,0.182,0.49,0.315,0.267,0.231,0.154,0.333,0.25,86.9
693855,Ian Seymour,TB,L,993,0.52,0.336,181.0,43.0,11.0,0.251,0.287,0.52,0.808,0.355,0.291,0.282,0.028,0.266,0.383,86.4
693855,Ian Seymour,TB,R,2084,0.496,0.317,354.0,70.0,14.0,0.219,0.279,0.406,0.685,0.316,0.297,0.294,0.076,0.263,0.367,87.0
545121,Ildemaro Vargas,AZ,L,16,0.438,0.182,,,,,,,,,,,,,,
545121,Ildemaro Vargas,AZ,R,32,0.281,0.208,,,,,,,,,,,,,,
676755,Isaac Mattson,PIT,L,784,0.49,0.252,92.0,25.0,2.0,0.312,0.391,0.525,0.916,0.404,0.378,0.174,0.12,0.161,0.484,91.1
676755,Isaac Mattson,PIT,R,730,0.507,0.313,84.0,19.0,1.0,0.25,0.321,0.342,0.664,0.3,0.368,0.226,0.083,0.201,0.561,90.1
641585,J. P. France,HOU,L,95,0.421,0.216,22.0,5.0,0.0,0.312,0.5,0.375,0.875,0.411,0.494,0.136,0.227,0.147,0.385,90.2
641585,J. P. France,HOU,R,98,0.439,0.213,,,,,,,,,,,,,,
669372,J. T. Ginn,ATH,L,1996,0.427,0.276,342.0,71.0,11.0,0.243,0.351,0.397,0.748,0.342,0.343,0.19,0.129,0.25,0.37,87.3
669372,J. T. Ginn,ATH,R,1773,0.46,0.298,238.0,43.0,6.0,0.2,0.25,0.326,0.576,0.264,0.268,0.231,0.05,0.245,0.331,85.5
681252,Jack Anderson,MIN,L,97,0.505,0.319,23.0,2.0,0.0,0.1,0.217,0.1,0.317,0.17,0.21,0.304,0.13,0.224,0.385,82.4
681252,Jack Anderson,MIN,R,85,0.541,0.396,25.0,8.0,1.0,0.32,0.32,0.52,0.84,0.36,0.385,0.2,0.0,0.304,0.35,87.3
676263,Jack Dreyer,LAD,L,796,0.479,0.268,112.0,21.0,3.0,0.21,0.275,0.32,0.595,0.282,0.315,0.196,0.062,0.206,0.383,85.0
676263,Jack Dreyer,LAD,R,1368,0.49,0.299,139.0,25.0,4.0,0.197,0.266,0.339,0.605,0.294,0.27,0.353,0.086,0.308,0.455,91.2
656427,Jack Flaherty,DET,L,2408,0.435,0.265,213.0,41.0,5.0,0.23,0.341,0.393,0.734,0.333,0.321,0.235,0.136,0.238,0.444,88.6
656427,Jack Flaherty,DET,R,2070,0.469,0.307,175.0,39.0,6.0,0.25,0.32,0.442,0.762,0.35,0.325,0.291,0.069,0.256,0.486,90.2
686799,Jack Kochanowicz,LAA,L,1741,0.469,0.261,157.0,38.0,2.0,0.297,0.408,0.414,0.822,0.384,0.36,0.153,0.146,0.204,0.463,89.6
686799,Jack Kochanowicz,LAA,R,1245,0.452,0.268,135.0,27.0,5.0,0.225,0.304,0.358,0.662,0.303,0.357,0.17,0.089,0.254,0.39,88.2
683004,Jack Leiter,TEX,L,2116,0.478,0.264,201.0,49.0,9.0,0.278,0.363,0.489,0.852,0.374,0.375,0.204,0.109,0.222,0.404,88.3
683004,Jack Leiter,TEX,R,1866,0.478,0.276,154.0,31.0,5.0,0.225,0.299,0.377,0.676,0.309,0.286,0.273,0.084,0.265,0.392,87.0
678022,Jack Perkins,ATH,L,1513,0.457,0.301,284.0,67.0,11.0,0.269,0.353,0.45,0.803,0.359,0.311,0.275,0.102,0.233,0.397,87.7
678022,Jack Perkins,ATH,R,1140,0.503,0.358,230.0,52.0,9.0,0.252,0.322,0.451,0.773,0.347,0.314,0.23,0.07,0.269,0.333,88.3
667652,Jack Ralston,MIA,L,161,0.329,0.128,41.0,5.0,2.0,0.143,0.25,0.343,0.593,0.269,0.311,0.195,0.098,0.189,0.393,86.4
667652,Jack Ralston,MIA,R,94,0.394,0.275,20.0,4.0,1.0,0.235,0.35,0.412,0.762,0.34,0.265,0.35,0.15,0.189,0.3,76.3
674073,Jack Weisenburger,NYM,L,98,0.551,0.365,23.0,6.0,0.0,0.286,0.348,0.333,0.681,0.311,0.273,0.304,0.087,0.204,0.214,89.4
674073,Jack Weisenburger,NYM,R,87,0.448,0.333,23.0,3.0,0.0,0.143,0.182,0.19,0.372,0.18,0.196,0.261,0.043,0.256,0.438,85.6
695549,Jackson Jobe,DET,L,918,0.46,0.308,125.0,21.0,5.0,0.191,0.272,0.391,0.663,0.297,0.297,0.256,0.08,0.195,0.38,88.6
695549,Jackson Jobe,DET,R,644,0.452,0.268,47.0,14.0,2.0,0.333,0.404,0.548,0.952,0.45,0.351,0.234,0.085,0.213,0.281,87.5
800600,Jackson Kent,WSH,L,160,0.463,0.292,44.0,12.0,1.0,0.3,0.364,0.525,0.889,0.418,0.299,0.227,0.091,0.122,0.433,87.6
800600,Jackson Kent,WSH,R,517,0.445,0.329,126.0,28.0,1.0,0.267,0.389,0.352,0.741,0.349,0.372,0.159,0.167,0.248,0.388,87.2
671131,Jackson Rutledge,WSH,L,598,0.485,0.257,,,,,,,,,,,,,,
671131,Jackson Rutledge,WSH,R,787,0.464,0.293,,,,,,,,,,,,,,
594798,Jacob Degrom,TEX,L,2962,0.496,0.322,390.0,73.0,13.0,0.202,0.254,0.357,0.612,0.275,0.288,0.31,0.062,0.312,0.49,91.9
594798,Jacob Degrom,TEX,R,2313,0.537,0.358,257.0,58.0,7.0,0.242,0.289,0.358,0.647,0.299,0.278,0.292,0.062,0.311,0.39,87.3
656641,Jacob Latz,TEX,L,807,0.497,0.307,93.0,17.0,2.0,0.191,0.215,0.337,0.552,0.244,0.256,0.226,0.032,0.236,0.441,88.0
656641,Jacob Latz,TEX,R,1725,0.497,0.321,169.0,18.0,4.0,0.117,0.185,0.24,0.425,0.201,0.256,0.349,0.077,0.308,0.392,88.0
682052,Jacob Lopez,ATH,L,937,0.44,0.291,141.0,29.0,3.0,0.236,0.317,0.333,0.65,0.303,0.293,0.213,0.106,0.222,0.302,81.5
682052,Jacob Lopez,ATH,R,2879,0.461,0.275,385.0,94.0,18.0,0.281,0.362,0.499,0.86,0.379,0.297,0.2,0.106,0.224,0.325,84.5
694819,Jacob Misiorowski,MIL,L,2085,0.521,0.346,359.0,38.0,6.0,0.116,0.19,0.193,0.383,0.191,0.193,0.448,0.064,0.393,0.329,87.1
694819,Jacob Misiorowski,MIL,R,1661,0.484,0.313,286.0,56.0,8.0,0.211,0.269,0.321,0.59,0.268,0.26,0.301,0.066,0.276,0.331,86.1
621097,Jacob Waguespack,DET,L,295,0.441,0.221,83.0,11.0,1.0,0.155,0.25,0.197,0.447,0.235,0.256,0.181,0.108,0.246,0.271,82.1
621097,Jacob Waguespack,DET,R,353,0.479,0.321,94.0,12.0,5.0,0.146,0.245,0.329,0.574,0.265,0.278,0.191,0.096,0.207,0.292,84.2
657097,Jacob Webb,CHC,L,1143,0.509,0.33,168.0,33.0,4.0,0.217,0.286,0.303,0.588,0.273,0.282,0.268,0.083,0.33,0.355,86.6
657097,Jacob Webb,CHC,R,972,0.492,0.296,110.0,26.0,6.0,0.268,0.336,0.495,0.831,0.38,0.383,0.245,0.1,0.287,0.507,91.2
677955,Jaden Hill,COL,L,608,0.477,0.24,98.0,15.0,1.0,0.176,0.286,0.247,0.533,0.283,0.297,0.194,0.112,0.213,0.349,88.2
677955,Jaden Hill,COL,R,566,0.498,0.339,79.0,20.0,2.0,0.299,0.392,0.507,0.9,0.389,0.318,0.241,0.127,0.307,0.367,89.1
687562,Jake Bennett,BOS,L,401,0.479,0.339,109.0,16.0,0.0,0.158,0.213,0.158,0.371,0.181,0.21,0.284,0.064,0.188,0.254,82.3
687562,Jake Bennett,BOS,R,1161,0.549,0.377,331.0,85.0,12.0,0.274,0.302,0.445,0.747,0.328,0.312,0.178,0.033,0.218,0.42,88.1
656234,Jake Bird,WSH,L,672,0.438,0.26,57.0,19.0,2.0,0.396,0.474,0.604,1.078,0.461,0.403,0.175,0.105,0.233,0.462,92.0
656234,Jake Bird,WSH,R,982,0.407,0.269,115.0,23.0,4.0,0.221,0.287,0.385,0.672,0.302,0.275,0.27,0.061,0.269,0.311,87.5
671109,Jake Eder,LAD,L,111,0.523,0.286,,,,,,,,,,,,,,
671109,Jake Eder,LAD,R,249,0.482,0.227,,,,,,,,,,,,,,
663623,Jake Irvin,WSH,L,2727,0.464,0.244,267.0,49.0,10.0,0.213,0.315,0.391,0.706,0.323,0.349,0.228,0.112,0.226,0.485,89.7
663623,Jake Irvin,WSH,R,2058,0.466,0.277,179.0,44.0,8.0,0.28,0.358,0.471,0.829,0.374,0.341,0.24,0.089,0.202,0.388,87.9
668670,Jake Rogers,DET,L,45,0.333,0.2,,,,,,,,,,,,,,
668670,Jake Rogers,DET,R,47,0.319,0.154,,,,,,,,,,,,,,
663765,Jake Woodford,CHC,L,407,0.459,0.238,51.0,21.0,2.0,0.457,0.471,0.674,1.145,0.482,0.408,0.118,0.059,0.109,0.405,90.4
663765,Jake Woodford,CHC,R,679,0.455,0.265,75.0,19.0,2.0,0.275,0.311,0.42,0.731,0.342,0.342,0.227,0.053,0.212,0.556,91.2
596001,Jakob Junis,TEX,L,846,0.434,0.252,114.0,27.0,1.0,0.252,0.298,0.336,0.635,0.284,0.322,0.149,0.053,0.147,0.3,86.1
596001,Jakob Junis,TEX,R,1009,0.46,0.311,110.0,23.0,3.0,0.23,0.3,0.33,0.63,0.291,0.314,0.182,0.055,0.186,0.405,89.3
656222,Jalen Beeks,TEX,L,573,0.494,0.244,51.0,16.0,4.0,0.34,0.392,0.66,1.052,0.444,0.417,0.216,0.078,0.224,0.472,89.7
656222,Jalen Beeks,TEX,R,762,0.467,0.271,62.0,12.0,2.0,0.211,0.25,0.351,0.601,0.281,0.316,0.161,0.048,0.224,0.396,87.1
675916,James Karinchak,ATL,L,66,0.364,0.2,14.0,3.0,1.0,0.25,0.357,0.583,0.94,0.396,0.341,0.143,0.143,0.208,0.333,90.3
675916,James Karinchak,ATL,R,96,0.406,0.231,23.0,1.0,0.0,0.053,0.174,0.053,0.227,0.13,0.224,0.217,0.13,0.231,0.333,87.2
543510,James Mccann,AZ,L,48,0.396,0.267,14.0,5.0,0.0,0.455,0.571,0.636,1.208,0.586,0.704,0.0,0.214,0.105,0.417,95.0
543510,James Mccann,AZ,R,15,0.6,0.6,,,,,,,,,,,,,,
592791,Jameson Taillon,TOR,L,1886,0.429,0.256,194.0,42.0,14.0,0.247,0.34,0.535,0.876,0.38,0.395,0.186,0.124,0.228,0.368,90.5
592791,Jameson Taillon,TOR,R,1540,0.524,0.339,177.0,43.0,13.0,0.256,0.294,0.512,0.806,0.347,0.336,0.226,0.04,0.258,0.425,87.4
676083,Janson Junk,MIA,L,2094,0.484,0.272,316.0,83.0,6.0,0.287,0.34,0.422,0.762,0.344,0.325,0.177,0.07,0.14,0.419,88.7
676083,Janson Junk,MIA,R,1447,0.529,0.323,190.0,41.0,8.0,0.232,0.279,0.401,0.68,0.315,0.302,0.147,0.053,0.113,0.331,89.1
683003,Jared Jones,PIT,L,957,0.48,0.294,237.0,44.0,7.0,0.208,0.284,0.396,0.68,0.299,0.283,0.3,0.093,0.305,0.408,88.4
683003,Jared Jones,PIT,R,622,0.511,0.372,166.0,34.0,5.0,0.219,0.265,0.342,0.607,0.284,0.277,0.283,0.054,0.289,0.349,88.3
657649,Jared Koenig,MIL,L,469,0.431,0.252,14.0,5.0,1.0,0.385,0.429,0.692,1.121,0.539,0.405,0.286,0.071,0.2,0.556,93.0
657649,Jared Koenig,MIL,R,747,0.427,0.214,27.0,7.0,0.0,0.304,0.407,0.435,0.842,0.473,0.297,0.111,0.111,0.2,0.412,92.7
694363,Jared Shuster,STL,L,168,0.5,0.237,20.0,3.0,0.0,0.188,0.35,0.312,0.662,0.31,0.266,0.05,0.2,0.1,0.4,88.2
694363,Jared Shuster,STL,R,293,0.447,0.307,24.0,8.0,1.0,0.348,0.375,0.522,0.897,0.463,0.35,0.125,0.042,0.139,0.579,93.3
592094,Jason Adam,SD,L,812,0.485,0.33,64.0,14.0,1.0,0.226,0.25,0.29,0.54,0.241,0.254,0.172,0.031,0.271,0.353,89.6
592094,Jason Adam,SD,R,836,0.506,0.332,70.0,16.0,4.0,0.258,0.343,0.516,0.859,0.381,0.318,0.157,0.086,0.253,0.373,84.9
669920,Jason Alexander,HOU,L,880,0.423,0.225,50.0,16.0,2.0,0.356,0.42,0.644,1.064,0.451,0.34,0.14,0.1,0.19,0.333,86.6
669920,Jason Alexander,HOU,R,672,0.461,0.217,33.0,5.0,2.0,0.172,0.273,0.448,0.721,0.309,0.322,0.212,0.091,0.184,0.455,88.0
671345,Jason Foley,SF,L,213,0.437,0.226,55.0,16.0,1.0,0.34,0.418,0.532,0.95,0.409,0.379,0.091,0.127,0.14,0.372,88.9
671345,Jason Foley,SF,R,206,0.408,0.24,52.0,11.0,1.0,0.216,0.231,0.314,0.544,0.256,0.239,0.173,0.019,0.179,0.381,84.7
665871,Javier Assad,CHC,L,1037,0.458,0.225,192.0,45.0,13.0,0.26,0.33,0.509,0.839,0.37,0.376,0.182,0.089,0.155,0.486,90.5
665871,Javier Assad,CHC,R,1006,0.433,0.219,177.0,35.0,3.0,0.212,0.256,0.291,0.547,0.248,0.279,0.141,0.045,0.113,0.397,87.7
691594,Javier Sanoja,MIA,L,118,0.559,0.25,17.0,6.0,1.0,0.4,0.412,0.667,1.078,0.444,0.476,0.059,0.0,0.033,0.467,93.5
691594,Javier Sanoja,MIA,R,125,0.472,0.27,10.0,5.0,1.0,0.556,0.6,1.111,1.711,0.7,0.444,0.0,0.1,0.0,0.556,92.5
681151,Jayden Murray,CHC,L,289,0.536,0.331,53.0,12.0,1.0,0.267,0.358,0.378,0.736,0.33,0.348,0.189,0.132,0.276,0.444,90.8
681151,Jayden Murray,CHC,R,192,0.443,0.207,26.0,13.0,2.0,0.542,0.577,1.0,1.577,0.656,0.395,0.154,0.077,0.19,0.4,92.6
699151,Jedixson Paez,BOS,L,103,0.495,0.288,28.0,11.0,3.0,0.524,0.571,1.048,1.619,0.621,0.547,0.036,0.179,0.196,0.545,92.4
699151,Jedixson Paez,BOS,R,49,0.408,0.241,11.0,3.0,1.0,0.273,0.273,0.636,0.909,0.377,0.396,0.182,0.0,0.1,0.444,93.4
676105,Jeff Criswell,COL,L,30,0.433,0.222,,,,,,,,,,,,,,
676105,Jeff Criswell,COL,R,49,0.49,0.192,11.0,2.0,1.0,0.2,0.273,0.5,0.773,0.327,0.243,0.182,0.091,0.25,0.125,78.8
656546,Jeff Hoffman,MIN,L,1222,0.495,0.352,155.0,27.0,1.0,0.196,0.277,0.29,0.567,0.295,0.245,0.342,0.09,0.318,0.333,87.2
656546,Jeff Hoffman,MIN,R,1137,0.499,0.376,136.0,29.0,3.0,0.25,0.333,0.397,0.73,0.336,0.325,0.36,0.081,0.372,0.403,88.3
605488,Jeffrey Springs,ATH,L,1261,0.442,0.223,184.0,46.0,9.0,0.282,0.348,0.552,0.9,0.385,0.356,0.163,0.092,0.15,0.367,88.1
605488,Jeffrey Springs,ATH,R,4052,0.467,0.309,442.0,102.0,24.0,0.258,0.33,0.489,0.819,0.362,0.332,0.186,0.09,0.225,0.341,86.6
642376,Jefry Yan,NYM,L,146,0.397,0.302,37.0,4.0,0.0,0.133,0.297,0.133,0.431,0.23,0.284,0.297,0.189,0.328,0.263,81.7
642376,Jefry Yan,NYM,R,168,0.518,0.367,45.0,11.0,2.0,0.306,0.386,0.5,0.886,0.392,0.315,0.289,0.111,0.31,0.52,89.9
669093,Jeremiah Estrada,SD,L,807,0.466,0.288,67.0,9.0,1.0,0.155,0.258,0.241,0.499,0.252,0.272,0.269,0.119,0.286,0.244,79.1
669093,Jeremiah Estrada,SD,R,950,0.525,0.36,59.0,11.0,1.0,0.216,0.322,0.294,0.616,0.303,0.301,0.339,0.136,0.297,0.452,88.9
669947,Jesse Scholtens,TB,L,415,0.496,0.298,100.0,26.0,7.0,0.28,0.32,0.581,0.901,0.408,0.375,0.15,0.06,0.163,0.364,89.1
669947,Jesse Scholtens,TB,R,463,0.495,0.315,97.0,20.0,3.0,0.233,0.309,0.384,0.693,0.325,0.32,0.186,0.072,0.217,0.338,84.8
666200,Jesús Luzardo,PHI,L,1327,0.495,0.384,175.0,23.0,1.0,0.142,0.191,0.173,0.364,0.178,0.186,0.354,0.051,0.331,0.301,84.9
666200,Jesús Luzardo,PHI,R,4548,0.461,0.302,552.0,116.0,14.0,0.234,0.307,0.378,0.685,0.314,0.286,0.286,0.078,0.287,0.341,87.0
661395,Jhoan Durán,PHI,L,1135,0.516,0.298,126.0,26.0,1.0,0.218,0.262,0.269,0.531,0.242,0.222,0.325,0.048,0.293,0.333,88.4
661395,Jhoan Durán,PHI,R,876,0.529,0.373,101.0,21.0,1.0,0.221,0.267,0.284,0.552,0.25,0.231,0.396,0.03,0.381,0.474,89.8
646242,Jhonathan Díaz,SEA,L,23,0.435,0.111,,,,,,,,,,,,,,
646242,Jhonathan Díaz,SEA,R,28,0.464,0.1,,,,,,,,,,,,,,
640902,Jhonny Pereda,SEA,L,36,0.472,0.263,,,,,,,,,,,,,,
640902,Jhonny Pereda,SEA,R,50,0.42,0.344,,,,,,,,,,,,,,
666745,Jhony Brito,SD,L,43,0.628,0.4,14.0,2.0,1.0,0.143,0.143,0.357,0.5,0.207,0.359,0.071,0.0,0.333,0.385,91.2
666745,Jhony Brito,SD,R,80,0.55,0.409,21.0,5.0,1.0,0.25,0.286,0.45,0.736,0.36,0.236,0.238,0.048,0.25,0.267,85.5
623474,Jimmy Herget,COL,L,1076,0.432,0.234,106.0,22.0,6.0,0.265,0.385,0.554,0.939,0.415,0.39,0.094,0.16,0.161,0.408,87.6
623474,Jimmy Herget,COL,R,1116,0.488,0.313,119.0,30.0,3.0,0.275,0.319,0.422,0.741,0.325,0.265,0.277,0.05,0.303,0.325,86.7
671212,Joe Boyle,TB,L,694,0.439,0.215,43.0,6.0,0.0,0.167,0.279,0.25,0.529,0.275,0.316,0.326,0.14,0.301,0.304,83.3
671212,Joe Boyle,TB,R,589,0.443,0.245,38.0,6.0,1.0,0.171,0.237,0.343,0.58,0.301,0.297,0.184,0.079,0.137,0.464,89.0
686747,Joe La Sorsa,BOS,L,36,0.444,0.111,,,,,,,,,,,,,,
686747,Joe La Sorsa,BOS,R,72,0.403,0.121,,,,,,,,,,,,,,
573009,Joe Mantiply,TOR,L,283,0.466,0.314,55.0,12.0,1.0,0.231,0.273,0.308,0.58,0.266,0.323,0.218,0.036,0.152,0.359,87.4
573009,Joe Mantiply,TOR,R,312,0.49,0.363,57.0,15.0,2.0,0.294,0.327,0.49,0.817,0.373,0.38,0.175,0.053,0.176,0.409,86.2
697812,Joe Rock,ATH,L,188,0.383,0.224,32.0,6.0,0.0,0.286,0.531,0.286,0.817,0.409,0.445,0.188,0.281,0.209,0.6,89.7
697812,Joe Rock,ATH,R,168,0.458,0.2,24.0,6.0,0.0,0.3,0.417,0.35,0.767,0.356,0.342,0.25,0.167,0.239,0.5,94.8
605452,Joe Ross,TEX,L,471,0.507,0.271,30.0,5.0,0.0,0.179,0.233,0.25,0.483,0.22,0.301,0.133,0.067,0.322,0.417,84.1
605452,Joe Ross,TEX,R,599,0.514,0.285,27.0,11.0,3.0,0.478,0.556,0.913,1.469,0.639,0.492,0.111,0.148,0.216,0.3,88.6
657746,Joe Ryan,MIN,L,2738,0.502,0.284,342.0,80.0,14.0,0.25,0.298,0.438,0.736,0.333,0.309,0.243,0.041,0.211,0.462,90.6
657746,Joe Ryan,MIN,R,2400,0.492,0.286,249.0,53.0,7.0,0.235,0.285,0.394,0.679,0.307,0.282,0.273,0.064,0.258,0.323,86.3
669270,Joel Kuhnel,SF,L,353,0.439,0.246,93.0,29.0,5.0,0.362,0.43,0.612,1.043,0.46,0.42,0.097,0.118,0.194,0.452,91.2
669270,Joel Kuhnel,SF,R,375,0.475,0.311,100.0,20.0,2.0,0.222,0.29,0.333,0.623,0.279,0.322,0.17,0.05,0.219,0.36,86.9
606303,Joel Payamps,ATL,L,265,0.438,0.254,19.0,4.0,0.0,0.222,0.263,0.389,0.652,0.282,0.282,0.263,0.053,0.27,0.462,93.2
606303,Joel Payamps,ATL,R,339,0.431,0.243,17.0,5.0,2.0,0.357,0.471,0.857,1.328,0.538,0.484,0.235,0.176,0.182,0.3,91.7
666711,Joel Peguero,SF,L,202,0.53,0.308,21.0,3.0,0.0,0.15,0.19,0.25,0.44,0.205,0.224,0.048,0.048,0.104,0.278,85.6
666711,Joel Peguero,SF,R,288,0.469,0.248,28.0,7.0,0.0,0.304,0.429,0.348,0.776,0.395,0.279,0.143,0.107,0.261,0.211,83.4
676282,Joey Cantillo,CLE,L,1102,0.466,0.266,168.0,35.0,3.0,0.238,0.333,0.367,0.701,0.327,0.346,0.173,0.113,0.214,0.371,86.9
676282,Joey Cantillo,CLE,R,3207,0.428,0.257,500.0,107.0,14.0,0.248,0.343,0.401,0.745,0.341,0.299,0.272,0.12,0.305,0.413,87.9
683155,Joey Estes,ATH,L,162,0.481,0.208,22.0,9.0,3.0,0.45,0.455,1.0,1.455,0.582,0.399,0.091,0.045,0.105,0.316,89.5
683155,Joey Estes,ATH,R,149,0.557,0.338,12.0,3.0,1.0,0.273,0.333,0.818,1.152,0.462,0.39,0.25,0.083,0.37,0.5,93.5
680702,Joey Gerber,NYM,L,113,0.434,0.2,19.0,3.0,0.0,0.167,0.211,0.278,0.488,0.216,0.293,0.211,0.053,0.172,0.714,95.1
680702,Joey Gerber,NYM,R,80,0.412,0.262,15.0,3.0,1.0,0.25,0.4,0.583,0.983,0.417,0.329,0.267,0.2,0.136,0.25,91.3
664192,Joey Lucchesi,LAA,L,392,0.457,0.32,11.0,3.0,0.0,0.333,0.455,0.333,0.788,0.373,0.377,0.273,0.091,0.087,0.833,98.7
664192,Joey Lucchesi,LAA,R,357,0.412,0.206,13.0,4.0,1.0,0.5,0.692,1.0,1.692,0.658,0.495,0.077,0.385,0.167,0.571,92.1
686894,Joey Wiemer,WSH,R,31,0.387,0.19,12.0,5.0,1.0,0.556,0.583,1.0,1.583,0.612,0.465,0.0,0.167,0.0,0.2,89.4
670912,Johan Oviedo,BOS,L,330,0.439,0.256,,,,,,,,,,,,,,
670912,Johan Oviedo,BOS,R,409,0.421,0.237,17.0,6.0,2.0,0.429,0.471,1.0,1.471,0.606,0.504,0.176,0.059,0.156,0.636,91.8
605154,John Brebbia,COL,L,300,0.453,0.21,16.0,5.0,2.0,0.312,0.312,0.688,1.0,0.475,0.459,0.062,0.0,0.143,0.333,88.2
605154,John Brebbia,COL,R,254,0.524,0.299,,,,,,,,,,,,,,
667463,John King,MIA,L,733,0.513,0.358,109.0,16.0,4.0,0.167,0.241,0.344,0.584,0.257,0.308,0.156,0.055,0.177,0.325,87.2
667463,John King,MIA,R,772,0.452,0.273,86.0,17.0,3.0,0.224,0.302,0.408,0.71,0.329,0.313,0.186,0.105,0.197,0.45,91.4
804619,John Klein,MIN,L,46,0.37,0.16,11.0,2.0,1.0,0.286,0.455,0.857,1.312,0.486,0.432,0.091,0.273,0.059,0.714,87.8
804619,John Klein,MIN,R,36,0.611,0.5,,,,,,,,,,,,,,
670167,John Schreiber,NYY,L,927,0.444,0.258,117.0,31.0,5.0,0.304,0.393,0.539,0.932,0.455,0.371,0.094,0.128,0.155,0.438,90.9
670167,John Schreiber,NYY,R,1125,0.462,0.278,125.0,18.0,2.0,0.158,0.21,0.237,0.447,0.22,0.257,0.224,0.056,0.222,0.33,84.5
668941,Jojo Romero,MIL,L,740,0.43,0.262,89.0,21.0,4.0,0.256,0.307,0.451,0.758,0.331,0.306,0.27,0.045,0.182,0.383,87.6
668941,Jojo Romero,MIL,R,1155,0.394,0.259,137.0,29.0,3.0,0.238,0.316,0.361,0.677,0.329,0.347,0.19,0.088,0.186,0.396,90.9
804636,Jonah Tong,NYM,L,452,0.469,0.259,67.0,13.0,1.0,0.224,0.313,0.293,0.607,0.293,0.264,0.224,0.104,0.23,0.311,87.2
804636,Jonah Tong,NYM,R,372,0.476,0.272,46.0,8.0,1.0,0.211,0.311,0.368,0.68,0.326,0.314,0.217,0.13,0.286,0.433,87.9
680742,Jonathan Bowlan,PHI,L,881,0.502,0.333,126.0,20.0,3.0,0.18,0.262,0.279,0.541,0.258,0.254,0.294,0.087,0.281,0.351,88.6
680742,Jonathan Bowlan,PHI,R,813,0.476,0.336,105.0,22.0,5.0,0.222,0.267,0.414,0.681,0.34,0.271,0.343,0.038,0.298,0.381,84.4
686563,Jonathan Cannon,CWS,L,937,0.486,0.233,,,,,,,,,,,,,,
686563,Jonathan Cannon,CWS,R,942,0.473,0.269,11.0,3.0,0.0,0.375,0.545,0.5,1.045,0.468,0.426,0.182,0.273,0.208,0.167,88.2
669169,Jonathan Heasley,TB,L,20,0.7,0.556,,,,,,,,,,,,,,
669169,Jonathan Heasley,TB,R,44,0.545,0.3,11.0,3.0,1.0,0.273,0.273,0.636,0.909,0.377,0.447,0.091,0.0,0.083,0.6,95.4
642546,Jonathan Hernández,LAD,L,196,0.454,0.287,48.0,4.0,1.0,0.093,0.188,0.163,0.35,0.202,0.263,0.208,0.104,0.213,0.375,87.5
642546,Jonathan Hernández,LAD,R,222,0.414,0.245,59.0,17.0,3.0,0.321,0.39,0.566,0.956,0.41,0.366,0.203,0.102,0.141,0.429,89.0
642528,Jonathan Loáisiga,AZ,L,675,0.516,0.36,129.0,33.0,2.0,0.28,0.315,0.415,0.73,0.332,0.298,0.186,0.054,0.224,0.354,85.3
642528,Jonathan Loáisiga,AZ,R,750,0.525,0.391,124.0,22.0,1.0,0.185,0.21,0.218,0.428,0.201,0.238,0.185,0.024,0.184,0.278,82.8
702752,Jonathan Pintaro,NYM,L,259,0.425,0.248,61.0,9.0,2.0,0.188,0.339,0.312,0.651,0.312,0.308,0.213,0.18,0.183,0.297,83.9
702752,Jonathan Pintaro,NYM,R,277,0.48,0.298,65.0,15.0,3.0,0.259,0.338,0.466,0.804,0.35,0.326,0.262,0.062,0.276,0.5,91.6
678391,Jorbit Vivas,WSH,L,19,0.632,0.462,12.0,4.0,0.0,0.444,0.583,0.556,1.139,0.504,0.472,0.0,0.0,0.0,0.333,91.6
678391,Jorbit Vivas,WSH,R,35,0.486,0.333,15.0,7.0,1.0,0.5,0.533,0.857,1.39,0.647,0.547,0.0,0.067,0.0,0.571,95.0
663855,Jordan Hicks,CWS,L,914,0.429,0.254,83.0,16.0,1.0,0.225,0.325,0.282,0.607,0.321,0.237,0.361,0.12,0.27,0.436,90.8
663855,Jordan Hicks,CWS,R,1171,0.442,0.281,127.0,25.0,3.0,0.231,0.346,0.389,0.735,0.337,0.285,0.252,0.15,0.245,0.282,86.5
673929,Jordan Leasure,CWS,L,610,0.508,0.317,35.0,7.0,3.0,0.219,0.257,0.562,0.82,0.356,0.388,0.2,0.057,0.229,0.4,93.3
673929,Jordan Leasure,CWS,R,841,0.479,0.292,43.0,8.0,3.0,0.211,0.302,0.447,0.75,0.326,0.42,0.256,0.116,0.272,0.481,91.6
656756,Jordan Montgomery,TEX,L,148,0.439,0.314,34.0,7.0,0.0,0.212,0.235,0.242,0.478,0.216,0.252,0.265,0.029,0.185,0.417,89.3
656756,Jordan Montgomery,TEX,R,225,0.484,0.312,56.0,11.0,3.0,0.216,0.286,0.431,0.717,0.311,0.312,0.125,0.071,0.202,0.295,84.4
605447,Jordan Romano,COL,L,666,0.462,0.322,76.0,12.0,2.0,0.179,0.263,0.299,0.562,0.254,0.255,0.263,0.092,0.309,0.229,85.1
605447,Jordan Romano,COL,R,646,0.455,0.246,66.0,15.0,1.0,0.273,0.379,0.4,0.779,0.373,0.345,0.242,0.152,0.244,0.45,89.6
696136,Jordan Wicks,CHC,L,134,0.597,0.381,17.0,9.0,0.0,0.6,0.647,0.667,1.314,0.579,0.346,0.059,0.059,0.172,0.429,85.8
696136,Jordan Wicks,CHC,R,263,0.54,0.336,33.0,9.0,1.0,0.281,0.303,0.5,0.803,0.342,0.31,0.212,0.03,0.222,0.44,90.1
622761,Jorge Mateo,ATL,L,22,0.409,0.2,,,,,,,,,,,,,,
622761,Jorge Mateo,ATL,R,54,0.444,0.226,,,,,,,,,,,,,,
703615,Jose Cabrera,AZ,L,239,0.427,0.262,68.0,13.0,3.0,0.213,0.284,0.41,0.693,0.319,0.345,0.132,0.088,0.118,0.34,83.6
703615,Jose Cabrera,AZ,R,185,0.454,0.293,51.0,14.0,1.0,0.318,0.412,0.409,0.821,0.372,0.331,0.176,0.078,0.214,0.314,81.8
692030,Jose Corniell,TEX,L,102,0.48,0.2,16.0,6.0,2.0,0.462,0.533,1.077,1.61,0.736,0.372,0.188,0.125,0.36,0.6,89.5
692030,Jose Corniell,TEX,R,47,0.553,0.304,12.0,5.0,0.0,0.455,0.5,0.909,1.409,0.579,0.358,0.083,0.083,0.154,0.3,86.9
664744,Jose Espada,BAL,L,21,0.619,0.5,,,,,,,,,,,,,,
664744,Jose Espada,BAL,R,24,0.458,0.2,,,,,,,,,,,,,,
683742,Jose Franco,CIN,L,197,0.401,0.2,48.0,10.0,1.0,0.256,0.396,0.436,0.832,0.371,0.339,0.167,0.188,0.19,0.375,89.7
683742,Jose Franco,CIN,R,151,0.503,0.278,42.0,9.0,2.0,0.257,0.357,0.514,0.871,0.37,0.357,0.167,0.143,0.184,0.3,86.2
500779,Jose Quintana,COL,L,756,0.442,0.234,47.0,9.0,3.0,0.231,0.362,0.59,0.951,0.418,0.421,0.17,0.149,0.161,0.548,92.3
500779,Jose Quintana,COL,R,2181,0.436,0.295,152.0,41.0,5.0,0.306,0.347,0.493,0.839,0.372,0.34,0.092,0.072,0.213,0.291,86.2
624431,Jose Trevino,CIN,L,63,0.444,0.404,17.0,5.0,1.0,0.333,0.412,0.667,1.078,0.453,0.422,0.059,0.059,0.182,0.357,87.4
624431,Jose Trevino,CIN,R,112,0.509,0.351,32.0,17.0,2.0,0.531,0.531,0.781,1.312,0.569,0.456,0.062,0.0,0.023,0.467,90.9
694795,Josh Ekness,MIA,L,265,0.419,0.248,61.0,13.0,2.0,0.265,0.383,0.429,0.812,0.363,0.381,0.164,0.148,0.117,0.341,87.9
694795,Josh Ekness,MIA,R,253,0.387,0.198,62.0,10.0,0.0,0.192,0.311,0.212,0.523,0.275,0.251,0.21,0.129,0.245,0.325,83.4
676596,Josh Fleming,TOR,L,54,0.463,0.267,12.0,5.0,1.0,0.625,0.667,1.0,1.667,0.642,0.576,0.0,0.167,0.04,0.778,94.6
676596,Josh Fleming,TOR,R,23,0.435,0.231,,,,,,,,,,,,,,
623352,Josh Hader,HOU,L,365,0.515,0.375,48.0,9.0,1.0,0.2,0.25,0.289,0.539,0.243,0.223,0.229,0.062,0.234,0.382,86.4
623352,Josh Hader,HOU,R,1162,0.55,0.396,119.0,10.0,0.0,0.093,0.185,0.121,0.306,0.155,0.211,0.37,0.101,0.348,0.286,85.7
681006,Josh Simpson,SEA,L,372,0.422,0.238,21.0,5.0,2.0,0.278,0.381,0.611,0.992,0.419,0.321,0.286,0.095,0.269,0.417,89.3
681006,Josh Simpson,SEA,R,401,0.461,0.294,17.0,6.0,2.0,0.4,0.471,0.867,1.337,0.55,0.429,0.235,0.118,0.158,0.455,95.4
677020,Josh Walker,BAL,L,241,0.498,0.286,57.0,13.0,1.0,0.241,0.281,0.333,0.614,0.305,0.245,0.211,0.035,0.2,0.429,86.4
677020,Josh Walker,BAL,R,340,0.453,0.289,62.0,10.0,1.0,0.182,0.258,0.273,0.531,0.242,0.25,0.226,0.097,0.189,0.293,87.4
687985,Josh White,MIA,L,24,0.25,0.062,,,,,,,,,,,,,,
687985,Josh White,MIA,R,19,0.316,0.154,,,,,,,,,,,,,,
680686,Josiah Gray,WSH,L,17,0.471,0.375,,,,,,,,,,,,,,
680686,Josiah Gray,WSH,R,23,0.391,0.154,,,,,,,,,,,,,,
621237,José Alvarado,PHI,L,542,0.463,0.333,113.0,32.0,2.0,0.327,0.411,0.439,0.849,0.388,0.327,0.221,0.071,0.244,0.297,83.0
621237,José Alvarado,PHI,R,1018,0.46,0.297,150.0,30.0,3.0,0.227,0.32,0.371,0.691,0.321,0.289,0.3,0.107,0.256,0.318,88.5
676130,José Buttó,SF,L,565,0.409,0.25,,,,,,,,,,,,,,
676130,José Buttó,SF,R,604,0.507,0.328,10.0,5.0,2.0,0.556,0.6,1.333,1.933,0.775,0.516,0.3,0.1,0.4,0.5,86.5
621016,José Cuas,KC,L,192,0.443,0.257,42.0,9.0,0.0,0.25,0.357,0.306,0.663,0.327,0.377,0.262,0.143,0.341,0.333,84.6
621016,José Cuas,KC,R,226,0.478,0.37,51.0,14.0,0.0,0.311,0.373,0.378,0.75,0.336,0.3,0.235,0.098,0.176,0.324,82.2
820862,José Fermin,LAA,L,740,0.458,0.259,108.0,22.0,3.0,0.242,0.352,0.429,0.78,0.359,0.372,0.231,0.111,0.261,0.515,92.4
820862,José Fermin,LAA,R,895,0.482,0.325,126.0,27.0,3.0,0.235,0.302,0.348,0.649,0.298,0.297,0.286,0.087,0.281,0.367,88.4
678606,José Ferrer,SEA,L,884,0.503,0.309,142.0,33.0,0.0,0.244,0.271,0.289,0.56,0.27,0.228,0.197,0.014,0.153,0.321,83.9
678606,José Ferrer,SEA,R,1408,0.487,0.278,145.0,40.0,7.0,0.315,0.4,0.52,0.92,0.425,0.378,0.179,0.097,0.21,0.42,88.6
667755,José Soriano,TOR,L,3194,0.452,0.284,421.0,88.0,13.0,0.238,0.328,0.363,0.691,0.316,0.339,0.192,0.105,0.229,0.382,88.2
667755,José Soriano,TOR,R,2463,0.457,0.319,307.0,59.0,4.0,0.215,0.296,0.303,0.599,0.283,0.296,0.274,0.091,0.304,0.354,87.5
660761,José Suarez,ATH,L,577,0.459,0.286,120.0,25.0,2.0,0.238,0.314,0.343,0.656,0.306,0.287,0.242,0.092,0.296,0.278,83.9
660761,José Suarez,ATH,R,793,0.485,0.319,156.0,47.0,4.0,0.343,0.41,0.533,0.943,0.412,0.34,0.205,0.096,0.231,0.355,89.2
664353,José Urquidy,PHI,L,318,0.509,0.369,77.0,20.0,0.0,0.278,0.312,0.361,0.673,0.309,0.269,0.195,0.039,0.203,0.271,86.0
664353,José Urquidy,PHI,R,296,0.503,0.286,72.0,21.0,4.0,0.313,0.361,0.537,0.898,0.399,0.302,0.167,0.056,0.194,0.436,88.9
663558,Jovani Morán,BOS,L,477,0.453,0.256,109.0,18.0,5.0,0.186,0.275,0.361,0.636,0.283,0.286,0.312,0.101,0.287,0.344,84.0
663558,Jovani Morán,BOS,R,656,0.447,0.312,156.0,22.0,4.0,0.167,0.273,0.303,0.576,0.286,0.274,0.244,0.122,0.321,0.255,85.2
676664,Jp Sears,SD,L,527,0.484,0.272,47.0,8.0,2.0,0.2,0.298,0.35,0.648,0.289,0.339,0.17,0.085,0.149,0.424,89.0
676664,Jp Sears,SD,R,2368,0.469,0.251,95.0,25.0,4.0,0.284,0.337,0.455,0.791,0.363,0.349,0.179,0.074,0.207,0.465,90.6
702275,Jr Ritchie,ATL,L,735,0.415,0.256,180.0,36.0,8.0,0.245,0.378,0.463,0.84,0.38,0.353,0.233,0.156,0.233,0.452,89.9
702275,Jr Ritchie,ATL,R,460,0.422,0.268,120.0,21.0,4.0,0.2,0.292,0.352,0.644,0.288,0.315,0.2,0.1,0.18,0.325,88.0
664141,Jt Brubaker,SF,L,729,0.439,0.294,122.0,20.0,0.0,0.192,0.303,0.231,0.534,0.261,0.347,0.156,0.131,0.131,0.369,88.5
664141,Jt Brubaker,SF,R,746,0.461,0.316,130.0,29.0,5.0,0.25,0.308,0.448,0.756,0.331,0.337,0.154,0.077,0.226,0.354,87.1
686228,Juan Burgos,AZ,L,94,0.511,0.3,,,,,,,,,,,,,,
686228,Juan Burgos,AZ,R,183,0.459,0.31,,,,,,,,,,,,,,
675848,Juan Mejia,COL,L,1119,0.46,0.289,157.0,45.0,6.0,0.326,0.397,0.536,0.934,0.42,0.369,0.236,0.096,0.252,0.446,89.2
675848,Juan Mejia,COL,R,1246,0.475,0.311,154.0,29.0,0.0,0.228,0.342,0.244,0.586,0.285,0.289,0.175,0.143,0.203,0.314,86.7
666661,Juan Morillo,AZ,L,873,0.48,0.297,140.0,21.0,1.0,0.169,0.252,0.242,0.494,0.242,0.226,0.3,0.093,0.294,0.289,84.7
666661,Juan Morillo,AZ,R,768,0.497,0.35,117.0,21.0,2.0,0.206,0.291,0.314,0.604,0.288,0.263,0.265,0.077,0.242,0.351,86.7
687924,Julian Aguiar,CIN,L,25,0.44,0.167,,,,,,,,,,,,,,
687924,Julian Aguiar,CIN,R,29,0.483,0.312,,,,,,,,,,,,,,
642759,Julian Fernández,WSH,L,85,0.447,0.214,10.0,2.0,1.0,0.25,0.3,0.625,0.925,0.45,0.432,0.1,0.1,0.312,0.625,91.8
642759,Julian Fernández,WSH,R,62,0.468,0.303,,,,,,,,,,,,,,
670062,Julian Garcia,CIN,L,378,0.463,0.295,94.0,13.0,0.0,0.157,0.245,0.217,0.462,0.22,0.257,0.202,0.096,0.211,0.323,86.7
670062,Julian Garcia,CIN,R,335,0.46,0.302,85.0,16.0,7.0,0.216,0.306,0.514,0.819,0.346,0.277,0.259,0.118,0.305,0.321,86.2
677865,Justin Bruihl,STL,L,836,0.446,0.26,180.0,36.0,2.0,0.232,0.318,0.323,0.641,0.296,0.312,0.144,0.067,0.144,0.376,84.6
677865,Justin Bruihl,STL,R,699,0.425,0.312,156.0,38.0,2.0,0.281,0.348,0.4,0.748,0.358,0.337,0.173,0.09,0.192,0.321,86.1
663795,Justin Hagenman,NYM,L,220,0.505,0.316,,,,,,,,,,,,,,
663795,Justin Hagenman,NYM,R,225,0.476,0.273,,,,,,,,,,,,,,
664875,Justin Lawrence,WSH,L,426,0.434,0.283,77.0,17.0,4.0,0.283,0.442,0.533,0.975,0.447,0.417,0.221,0.182,0.231,0.452,91.9
664875,Justin Lawrence,WSH,R,541,0.373,0.224,100.0,22.0,5.0,0.265,0.38,0.554,0.934,0.424,0.352,0.26,0.13,0.269,0.414,87.4
679885,Justin Martinez,AZ,L,267,0.36,0.191,24.0,3.0,0.0,0.158,0.292,0.263,0.555,0.258,0.206,0.25,0.167,0.263,0.214,83.5
679885,Justin Martinez,AZ,R,200,0.415,0.247,23.0,2.0,0.0,0.1,0.217,0.1,0.317,0.209,0.209,0.391,0.087,0.282,0.4,89.7
686580,Justin Slaten,BOS,L,496,0.506,0.328,70.0,17.0,2.0,0.254,0.275,0.433,0.708,0.32,0.216,0.329,0.029,0.238,0.435,88.2
686580,Justin Slaten,BOS,R,516,0.533,0.317,66.0,17.0,2.0,0.288,0.354,0.39,0.744,0.351,0.319,0.242,0.091,0.234,0.295,85.7
686993,Justin Sterner,ATH,L,833,0.526,0.34,86.0,18.0,4.0,0.228,0.271,0.418,0.688,0.307,0.296,0.209,0.058,0.228,0.381,87.4
686993,Justin Sterner,ATH,R,998,0.485,0.318,97.0,27.0,7.0,0.303,0.351,0.607,0.957,0.421,0.289,0.227,0.072,0.324,0.515,88.5
623437,Justin Topa,NYY,L,604,0.469,0.272,39.0,10.0,1.0,0.294,0.359,0.441,0.8,0.349,0.312,0.179,0.077,0.154,0.448,88.4
623437,Justin Topa,NYY,R,800,0.45,0.294,67.0,21.0,3.0,0.375,0.463,0.571,1.034,0.473,0.399,0.119,0.134,0.147,0.42,91.0
434378,Justin Verlander,DET,L,1366,0.482,0.266,13.0,4.0,1.0,0.364,0.462,0.818,1.28,0.523,0.535,0.077,0.154,0.13,0.6,94.2
434378,Justin Verlander,DET,R,1326,0.486,0.296,,,,,,,,,,,,,,
680736,Justin Wrobleski,LAD,L,856,0.494,0.329,152.0,33.0,7.0,0.236,0.285,0.414,0.699,0.317,0.313,0.237,0.046,0.236,0.358,86.4
680736,Justin Wrobleski,LAD,R,2338,0.498,0.3,413.0,91.0,14.0,0.236,0.282,0.391,0.673,0.309,0.332,0.186,0.056,0.172,0.458,90.2
807739,Kade Anderson,SEA,L,110,0.518,0.25,30.0,9.0,1.0,0.321,0.367,0.536,0.902,0.388,0.345,0.2,0.067,0.246,0.5,91.6
807739,Kade Anderson,SEA,R,372,0.554,0.365,101.0,22.0,3.0,0.237,0.277,0.376,0.654,0.284,0.297,0.218,0.059,0.228,0.397,86.4
695034,Kade Morris,ATH,L,178,0.494,0.265,48.0,20.0,4.0,0.488,0.542,0.878,1.42,0.583,0.432,0.042,0.104,0.148,0.512,91.7
695034,Kade Morris,ATH,R,145,0.483,0.35,40.0,10.0,1.0,0.286,0.35,0.4,0.75,0.331,0.272,0.2,0.05,0.157,0.357,84.2
669704,Kade Strowd,AZ,L,195,0.441,0.284,10.0,2.0,0.0,0.286,0.5,0.286,0.786,0.39,0.481,0.1,0.3,0.0,0.333,82.1
669704,Kade Strowd,AZ,R,270,0.463,0.273,,,,,,,,,,,,,,
678906,Kai-Wei Teng,HOU,L,1002,0.457,0.288,186.0,41.0,8.0,0.263,0.378,0.487,0.866,0.388,0.371,0.204,0.108,0.239,0.412,89.2
678906,Kai-Wei Teng,HOU,R,837,0.415,0.275,145.0,28.0,2.0,0.219,0.31,0.32,0.631,0.292,0.298,0.241,0.09,0.277,0.363,88.4
676775,Keaton Winn,SF,L,335,0.49,0.297,72.0,18.0,2.0,0.286,0.366,0.508,0.874,0.41,0.355,0.167,0.111,0.224,0.392,88.4
676775,Keaton Winn,SF,R,478,0.479,0.271,104.0,16.0,1.0,0.176,0.26,0.22,0.479,0.235,0.277,0.202,0.077,0.215,0.292,84.9
669211,Keegan Akin,BAL,L,628,0.506,0.299,48.0,11.0,2.0,0.239,0.271,0.37,0.64,0.3,0.275,0.146,0.042,0.188,0.275,86.0
669211,Keegan Akin,BAL,R,881,0.495,0.288,64.0,18.0,1.0,0.333,0.397,0.519,0.915,0.409,0.315,0.156,0.109,0.156,0.292,82.8
624522,Keegan Thompson,COL,L,77,0.442,0.237,23.0,9.0,1.0,0.45,0.435,0.9,1.335,0.522,0.429,0.043,0.043,0.118,0.476,90.2
624522,Keegan Thompson,COL,R,118,0.517,0.281,34.0,10.0,0.0,0.312,0.333,0.406,0.74,0.332,0.391,0.294,0.029,0.262,0.522,91.8
672456,Keider Montero,DET,L,2090,0.465,0.246,363.0,74.0,12.0,0.22,0.271,0.378,0.649,0.295,0.311,0.146,0.063,0.143,0.378,88.2
672456,Keider Montero,DET,R,1694,0.485,0.304,262.0,50.0,5.0,0.208,0.258,0.329,0.587,0.271,0.263,0.206,0.046,0.198,0.344,87.3
686610,Ken Waldichuk,WSH,L,67,0.522,0.294,19.0,4.0,1.0,0.235,0.316,0.412,0.728,0.358,0.303,0.158,0.053,0.229,0.286,76.2
686610,Ken Waldichuk,WSH,R,82,0.329,0.216,21.0,4.0,3.0,0.235,0.381,0.765,1.146,0.462,0.483,0.238,0.19,0.296,0.5,92.3
696070,Kendry Rojas,MIN,L,224,0.388,0.224,55.0,8.0,1.0,0.19,0.358,0.286,0.644,0.316,0.258,0.327,0.2,0.264,0.308,81.9
696070,Kendry Rojas,MIN,R,297,0.461,0.28,75.0,15.0,1.0,0.242,0.365,0.355,0.72,0.345,0.31,0.213,0.147,0.248,0.319,84.8
445276,Kenley Jansen,DET,L,862,0.481,0.262,98.0,10.0,4.0,0.122,0.265,0.28,0.546,0.261,0.291,0.296,0.163,0.216,0.365,89.1
445276,Kenley Jansen,DET,R,732,0.57,0.339,79.0,14.0,3.0,0.2,0.266,0.343,0.609,0.268,0.305,0.253,0.076,0.27,0.385,86.3
592288,Kent Emanuel,CIN,L,15,0.4,0.455,,,,,,,,,,,,,,
592288,Kent Emanuel,CIN,R,81,0.457,0.216,20.0,3.0,0.0,0.188,0.35,0.375,0.725,0.328,0.293,0.15,0.15,0.189,0.385,90.0
665645,Kervin Castro,NYY,L,45,0.511,0.407,12.0,0.0,0.0,0.0,0.167,0.0,0.167,0.117,0.281,0.167,0.167,0.174,0.0,86.3
665645,Kervin Castro,NYY,R,49,0.51,0.25,12.0,3.0,0.0,0.25,0.25,0.333,0.583,0.277,0.185,0.5,0.0,0.28,0.8,102.4
592332,Kevin Gausman,CHC,L,3119,0.506,0.336,424.0,97.0,11.0,0.251,0.302,0.388,0.689,0.318,0.302,0.229,0.071,0.24,0.365,86.9
592332,Kevin Gausman,CHC,R,2924,0.509,0.33,327.0,82.0,15.0,0.268,0.306,0.458,0.763,0.332,0.318,0.266,0.049,0.276,0.446,89.2
656464,Kevin Ginkel,AZ,L,811,0.485,0.33,154.0,33.0,4.0,0.239,0.294,0.377,0.671,0.302,0.307,0.227,0.078,0.261,0.471,90.6
656464,Kevin Ginkel,AZ,R,739,0.493,0.348,113.0,24.0,5.0,0.222,0.248,0.426,0.674,0.31,0.282,0.274,0.027,0.288,0.308,85.3
643361,Kevin Herget,NYM,L,107,0.449,0.192,,,,,,,,,,,,,,
643361,Kevin Herget,NYM,R,120,0.5,0.275,,,,,,,,,,,,,,
687330,Kevin Kelly,TB,L,687,0.47,0.292,120.0,28.0,4.0,0.243,0.275,0.391,0.666,0.311,0.351,0.142,0.042,0.169,0.567,92.9
687330,Kevin Kelly,TB,R,895,0.48,0.334,152.0,26.0,2.0,0.181,0.212,0.264,0.476,0.23,0.23,0.296,0.02,0.241,0.33,85.7
694753,Khristian Curtis,PIT,L,210,0.457,0.287,51.0,7.0,0.0,0.163,0.275,0.209,0.484,0.233,0.291,0.137,0.137,0.167,0.222,83.5
694753,Khristian Curtis,PIT,R,139,0.468,0.322,36.0,8.0,1.0,0.267,0.389,0.433,0.822,0.367,0.309,0.139,0.139,0.308,0.4,88.4
489446,Kirby Yates,PIT,L,595,0.509,0.293,82.0,18.0,2.0,0.257,0.346,0.429,0.774,0.353,0.301,0.28,0.11,0.246,0.551,91.0
489446,Kirby Yates,PIT,R,844,0.517,0.337,90.0,14.0,1.0,0.179,0.278,0.244,0.521,0.246,0.272,0.278,0.089,0.264,0.389,89.6
673540,Kodai Senga,NYM,L,1648,0.445,0.274,149.0,38.0,7.0,0.295,0.389,0.535,0.924,0.399,0.356,0.248,0.121,0.257,0.418,89.2
673540,Kodai Senga,NYM,R,1390,0.453,0.278,134.0,22.0,7.0,0.204,0.351,0.444,0.795,0.349,0.344,0.276,0.172,0.281,0.361,88.7
681892,Kody Funderburk,MIN,L,779,0.375,0.224,108.0,20.0,1.0,0.215,0.311,0.29,0.602,0.298,0.279,0.222,0.12,0.201,0.169,78.7
681892,Kody Funderburk,MIN,R,814,0.477,0.277,109.0,22.0,2.0,0.242,0.343,0.319,0.661,0.306,0.318,0.211,0.119,0.218,0.394,85.4
684442,Kohl Drake,AZ,L,141,0.461,0.274,33.0,10.0,3.0,0.357,0.424,0.821,1.246,0.5,0.493,0.091,0.061,0.108,0.538,94.7
684442,Kohl Drake,AZ,R,241,0.423,0.221,62.0,14.0,2.0,0.259,0.339,0.463,0.802,0.346,0.369,0.226,0.081,0.235,0.463,86.6
663465,Kolby Allard,CLE,L,389,0.488,0.237,20.0,6.0,1.0,0.316,0.35,0.579,0.929,0.395,0.319,0.2,0.05,0.132,0.4,91.3
663465,Kolby Allard,CLE,R,804,0.486,0.291,25.0,10.0,1.0,0.435,0.48,0.696,1.176,0.54,0.441,0.2,0.04,0.13,0.471,88.7
663460,Kris Bubic,LAD,L,620,0.476,0.315,55.0,9.0,1.0,0.191,0.309,0.319,0.628,0.288,0.304,0.255,0.109,0.231,0.303,84.2
663460,Kris Bubic,LAD,R,2050,0.484,0.311,166.0,30.0,3.0,0.205,0.301,0.315,0.616,0.287,0.321,0.247,0.12,0.24,0.415,90.8
677958,Kumar Rocker,TEX,L,2076,0.477,0.278,356.0,88.0,14.0,0.278,0.351,0.476,0.827,0.359,0.356,0.208,0.104,0.233,0.443,90.9
677958,Kumar Rocker,TEX,R,1480,0.493,0.341,271.0,56.0,6.0,0.23,0.303,0.366,0.669,0.311,0.291,0.221,0.081,0.257,0.348,86.4
679775,Kyle Backhus,PHI,L,293,0.42,0.294,37.0,11.0,0.0,0.324,0.378,0.412,0.79,0.353,0.319,0.216,0.081,0.211,0.308,84.1
679775,Kyle Backhus,PHI,R,491,0.452,0.247,56.0,13.0,3.0,0.26,0.321,0.46,0.781,0.353,0.301,0.214,0.054,0.161,0.3,85.8
680694,Kyle Bradish,BAL,L,1868,0.456,0.295,405.0,96.0,12.0,0.267,0.348,0.448,0.797,0.355,0.331,0.212,0.109,0.206,0.394,88.4
680694,Kyle Bradish,BAL,R,1256,0.447,0.313,258.0,59.0,8.0,0.26,0.333,0.414,0.747,0.341,0.313,0.217,0.097,0.251,0.379,87.5
640448,Kyle Finnegan,DET,L,962,0.483,0.289,125.0,30.0,4.0,0.28,0.366,0.439,0.805,0.368,0.345,0.16,0.112,0.241,0.382,86.5
640448,Kyle Finnegan,DET,R,957,0.475,0.261,146.0,37.0,6.0,0.294,0.39,0.492,0.882,0.392,0.377,0.185,0.137,0.239,0.505,91.7
607536,Kyle Freeland,COL,L,1047,0.518,0.336,159.0,42.0,3.0,0.282,0.314,0.416,0.731,0.322,0.302,0.201,0.031,0.224,0.325,87.0
607536,Kyle Freeland,COL,R,3568,0.506,0.315,434.0,128.0,24.0,0.315,0.357,0.594,0.951,0.416,0.374,0.171,0.055,0.197,0.482,91.4
690986,Kyle Harrison,MIL,L,768,0.487,0.365,143.0,33.0,1.0,0.243,0.28,0.331,0.611,0.28,0.273,0.273,0.035,0.238,0.271,84.6
690986,Kyle Harrison,MIL,R,1902,0.483,0.302,356.0,87.0,19.0,0.272,0.343,0.5,0.843,0.378,0.324,0.275,0.087,0.261,0.437,90.7
606996,Kyle Hart,SD,L,662,0.456,0.241,120.0,24.0,4.0,0.218,0.271,0.4,0.671,0.295,0.27,0.2,0.058,0.2,0.281,83.6
606996,Kyle Hart,SD,R,1073,0.421,0.277,139.0,26.0,1.0,0.22,0.317,0.322,0.639,0.296,0.306,0.237,0.115,0.224,0.326,87.4
543309,Kyle Higashioka,TEX,R,44,0.341,0.148,14.0,7.0,1.0,0.7,0.643,1.4,2.043,0.729,0.613,0.0,0.071,0.067,0.583,96.4
669165,Kyle Hurt,LAD,L,320,0.537,0.284,85.0,15.0,3.0,0.2,0.286,0.347,0.632,0.309,0.33,0.271,0.106,0.267,0.412,89.3
669165,Kyle Hurt,LAD,R,426,0.498,0.312,114.0,23.0,2.0,0.23,0.325,0.35,0.675,0.327,0.277,0.307,0.114,0.354,0.4,89.1
681517,Kyle Leahy,STL,L,1838,0.439,0.246,318.0,88.0,9.0,0.31,0.382,0.468,0.85,0.374,0.372,0.204,0.101,0.203,0.491,91.9
681517,Kyle Leahy,STL,R,1805,0.509,0.303,270.0,56.0,6.0,0.22,0.257,0.357,0.613,0.279,0.295,0.233,0.033,0.197,0.445,89.4
693312,Kyle Nicolas,CIN,L,358,0.413,0.211,15.0,5.0,0.0,0.455,0.6,0.455,1.055,0.487,0.47,0.333,0.267,0.182,0.5,91.6
693312,Kyle Nicolas,CIN,R,492,0.449,0.28,25.0,3.0,1.0,0.188,0.48,0.438,0.918,0.418,0.413,0.08,0.36,0.162,0.25,85.2
669199,Lake Bachar,PIT,L,1398,0.432,0.275,199.0,38.0,6.0,0.222,0.327,0.368,0.695,0.312,0.308,0.261,0.121,0.266,0.37,88.1
669199,Lake Bachar,PIT,R,1176,0.478,0.317,152.0,23.0,7.0,0.168,0.237,0.328,0.565,0.254,0.264,0.243,0.072,0.297,0.307,88.0
621121,Lance Mccullers,MIL,L,1032,0.408,0.236,119.0,25.0,5.0,0.245,0.353,0.471,0.824,0.377,0.34,0.286,0.134,0.266,0.478,89.9
621121,Lance Mccullers,MIL,R,908,0.404,0.223,77.0,16.0,2.0,0.246,0.364,0.431,0.794,0.352,0.309,0.182,0.143,0.189,0.471,91.4
694738,Landen Roupp,SF,L,2652,0.426,0.288,392.0,71.0,5.0,0.213,0.323,0.314,0.637,0.305,0.312,0.212,0.13,0.213,0.317,85.0
694738,Landen Roupp,SF,R,1916,0.436,0.304,265.0,55.0,6.0,0.231,0.302,0.361,0.663,0.31,0.288,0.223,0.091,0.245,0.275,85.1
689017,Landon Knack,LAD,L,547,0.463,0.249,28.0,5.0,1.0,0.2,0.25,0.4,0.65,0.307,0.253,0.179,0.036,0.211,0.333,89.0
689017,Landon Knack,LAD,R,383,0.457,0.233,22.0,7.0,3.0,0.333,0.364,0.81,1.173,0.484,0.385,0.136,0.045,0.147,0.556,92.4
681751,Lazaro Estrada,TOR,L,150,0.38,0.232,27.0,3.0,1.0,0.15,0.333,0.3,0.633,0.296,0.346,0.222,0.222,0.268,0.533,84.9
681751,Lazaro Estrada,TOR,R,202,0.52,0.34,29.0,5.0,1.0,0.2,0.31,0.32,0.63,0.29,0.322,0.103,0.103,0.193,0.318,87.2
660844,Leo Rivas,SEA,L,26,0.385,0.125,,,,,,,,,,,,,,
660844,Leo Rivas,SEA,R,23,0.478,0.286,,,,,,,,,,,,,,
671106,Logan Allen,CLE,L,681,0.463,0.249,29.0,9.0,2.0,0.409,0.517,0.682,1.199,0.5,0.371,0.172,0.172,0.182,0.444,92.8
671106,Logan Allen,CLE,R,2357,0.439,0.238,51.0,14.0,1.0,0.286,0.314,0.429,0.742,0.341,0.284,0.216,0.02,0.19,0.487,90.0
669302,Logan Gilbert,SEA,L,2764,0.504,0.306,407.0,78.0,14.0,0.21,0.27,0.372,0.642,0.289,0.281,0.3,0.069,0.285,0.41,88.1
669302,Logan Gilbert,SEA,R,2322,0.504,0.326,333.0,75.0,15.0,0.244,0.293,0.455,0.748,0.331,0.316,0.225,0.054,0.27,0.415,88.9
701656,Logan Henderson,MIL,L,1283,0.532,0.311,244.0,40.0,10.0,0.176,0.23,0.357,0.587,0.262,0.274,0.299,0.061,0.237,0.412,88.5
701656,Logan Henderson,MIL,R,632,0.535,0.35,129.0,24.0,4.0,0.192,0.217,0.328,0.545,0.237,0.224,0.287,0.031,0.227,0.295,86.0
701121,Logan Vanwey,HOU,L,142,0.563,0.365,16.0,4.0,1.0,0.267,0.267,0.467,0.733,0.327,0.171,0.25,0.0,0.205,0.5,84.7
701121,Logan Vanwey,HOU,R,184,0.418,0.239,20.0,5.0,0.0,0.263,0.25,0.263,0.513,0.225,0.329,0.15,0.0,0.229,0.412,90.3
657277,Logan Webb,SF,L,3109,0.467,0.314,395.0,90.0,8.0,0.247,0.305,0.371,0.675,0.31,0.308,0.2,0.056,0.186,0.378,87.2
657277,Logan Webb,SF,R,2662,0.464,0.307,271.0,57.0,5.0,0.231,0.293,0.336,0.629,0.295,0.315,0.199,0.07,0.204,0.405,88.7
642152,Lou Trivino,PHI,L,455,0.429,0.183,21.0,8.0,1.0,0.533,0.667,0.933,1.6,0.645,0.43,0.143,0.286,0.25,0.5,90.7
642152,Lou Trivino,PHI,R,532,0.479,0.297,15.0,2.0,0.0,0.167,0.267,0.167,0.433,0.213,0.19,0.267,0.067,0.367,0.222,78.2
686973,Louis Varland,TOR,L,1112,0.549,0.392,170.0,32.0,0.0,0.203,0.249,0.234,0.483,0.249,0.243,0.294,0.059,0.259,0.389,86.3
686973,Louis Varland,TOR,R,1187,0.489,0.296,135.0,23.0,2.0,0.19,0.259,0.264,0.524,0.255,0.236,0.319,0.089,0.256,0.333,86.2
668674,Lucas Erceg,KC,L,976,0.475,0.278,119.0,31.0,4.0,0.307,0.398,0.525,0.923,0.414,0.361,0.151,0.109,0.189,0.412,88.3
668674,Lucas Erceg,KC,R,867,0.474,0.304,97.0,23.0,1.0,0.291,0.412,0.354,0.767,0.355,0.296,0.155,0.144,0.18,0.323,82.1
608337,Lucas Giolito,SD,L,1461,0.457,0.242,71.0,20.0,1.0,0.351,0.479,0.456,0.935,0.422,0.361,0.07,0.183,0.19,0.365,88.0
608337,Lucas Giolito,SD,R,1465,0.457,0.257,67.0,12.0,3.0,0.211,0.328,0.368,0.697,0.328,0.354,0.194,0.149,0.28,0.523,90.8
608371,Lucas Sims,CWS,L,178,0.365,0.212,20.0,2.0,0.0,0.125,0.263,0.188,0.451,0.234,0.298,0.35,0.1,0.206,0.4,81.1
608371,Lucas Sims,CWS,R,272,0.401,0.23,27.0,7.0,1.0,0.35,0.462,0.55,1.012,0.458,0.355,0.111,0.185,0.205,0.389,82.7
679883,Luinder Avila,KC,L,860,0.456,0.286,187.0,42.0,3.0,0.253,0.323,0.367,0.69,0.31,0.318,0.209,0.096,0.218,0.351,87.7
679883,Luinder Avila,KC,R,651,0.39,0.249,123.0,28.0,4.0,0.292,0.443,0.51,0.953,0.434,0.371,0.179,0.195,0.224,0.356,86.8
622491,Luis Castillo,CWS,L,2900,0.518,0.296,339.0,88.0,17.0,0.288,0.347,0.533,0.88,0.396,0.356,0.162,0.074,0.208,0.425,89.5
622491,Luis Castillo,CWS,R,2460,0.51,0.305,252.0,62.0,8.0,0.273,0.328,0.432,0.76,0.346,0.322,0.222,0.067,0.222,0.409,88.5
681168,Luis Curvelo,TEX,L,247,0.482,0.268,23.0,4.0,1.0,0.19,0.261,0.381,0.642,0.352,0.306,0.087,0.087,0.233,0.389,86.1
681168,Luis Curvelo,TEX,R,277,0.466,0.25,30.0,13.0,3.0,0.464,0.5,0.929,1.429,0.593,0.447,0.133,0.067,0.155,0.583,94.9
472610,Luis García,MIN,L,561,0.494,0.299,40.0,9.0,2.0,0.265,0.359,0.5,0.859,0.377,0.403,0.075,0.1,0.185,0.343,84.3
472610,Luis García,MIN,R,593,0.479,0.296,31.0,14.0,0.0,0.483,0.516,0.655,1.171,0.508,0.39,0.097,0.065,0.193,0.577,91.1
703725,Luis Gastelum,STL,L,310,0.477,0.331,78.0,17.0,5.0,0.239,0.308,0.493,0.801,0.343,0.35,0.308,0.077,0.324,0.447,89.4
703725,Luis Gastelum,STL,R,262,0.473,0.326,69.0,16.0,1.0,0.258,0.319,0.403,0.722,0.316,0.302,0.261,0.072,0.339,0.178,83.4
661563,Luis Gil,NYY,L,753,0.43,0.208,53.0,10.0,1.0,0.217,0.321,0.326,0.647,0.296,0.309,0.151,0.094,0.134,0.447,90.7
661563,Luis Gil,NYY,R,672,0.427,0.218,61.0,11.0,5.0,0.22,0.361,0.54,0.901,0.399,0.389,0.148,0.148,0.178,0.512,91.9
665622,Luis Medina,ATH,L,598,0.405,0.262,144.0,28.0,3.0,0.23,0.326,0.377,0.703,0.319,0.289,0.326,0.118,0.331,0.395,91.0
665622,Luis Medina,ATH,R,669,0.447,0.265,165.0,33.0,3.0,0.232,0.325,0.324,0.649,0.305,0.309,0.273,0.109,0.284,0.379,87.6
682825,Luis Mey,CIN,L,516,0.422,0.234,84.0,20.0,2.0,0.286,0.393,0.429,0.821,0.365,0.362,0.286,0.131,0.292,0.5,93.5
682825,Luis Mey,CIN,R,530,0.392,0.218,67.0,13.0,1.0,0.241,0.364,0.333,0.697,0.335,0.292,0.328,0.134,0.273,0.378,88.6
806960,Luis Morales,ATH,L,546,0.425,0.229,37.0,8.0,2.0,0.308,0.514,0.577,1.09,0.472,0.46,0.162,0.297,0.188,0.45,89.4
806960,Luis Morales,ATH,R,621,0.451,0.26,53.0,19.0,5.0,0.396,0.434,0.812,1.246,0.563,0.37,0.132,0.057,0.161,0.381,88.1
691384,Luis Perales,WSH,L,95,0.484,0.286,23.0,6.0,2.0,0.333,0.478,0.667,1.145,0.483,0.434,0.304,0.217,0.391,0.545,93.3
691384,Luis Perales,WSH,R,155,0.503,0.267,37.0,9.0,3.0,0.31,0.459,0.69,1.149,0.478,0.369,0.162,0.216,0.282,0.478,89.5
622663,Luis Severino,ATH,L,1978,0.469,0.27,152.0,37.0,4.0,0.28,0.375,0.439,0.814,0.367,0.327,0.243,0.118,0.166,0.389,88.9
622663,Luis Severino,ATH,R,1843,0.476,0.286,119.0,24.0,5.0,0.231,0.316,0.423,0.739,0.343,0.306,0.235,0.109,0.24,0.385,87.1
620443,Luis Torrens,NYM,L,33,0.333,0.19,,,,,,,,,,,,,,
682668,Luisangel Acuña,CWS,L,18,0.222,0.143,,,,,,,,,,,,,,
681432,Luke Little,CHC,L,38,0.158,0.048,,,,,,,,,,,,,,
681432,Luke Little,CHC,R,58,0.397,0.267,,,,,,,,,,,,,,
571912,Luke Maile,KC,L,16,0.5,0.222,,,,,,,,,,,,,,
684665,Luke Murphy,LAA,L,199,0.477,0.315,46.0,14.0,1.0,0.341,0.413,0.463,0.876,0.409,0.361,0.196,0.087,0.137,0.375,88.1
684665,Luke Murphy,LAA,R,152,0.421,0.235,37.0,5.0,0.0,0.161,0.297,0.226,0.523,0.286,0.258,0.243,0.162,0.25,0.35,85.0
596133,Luke Weaver,PIT,L,1021,0.531,0.371,126.0,29.0,4.0,0.25,0.296,0.422,0.718,0.326,0.287,0.286,0.048,0.288,0.333,87.0
596133,Luke Weaver,PIT,R,927,0.513,0.299,108.0,12.0,1.0,0.124,0.204,0.175,0.379,0.198,0.257,0.25,0.083,0.255,0.366,87.8
680689,Lyon Richardson,MIL,L,308,0.425,0.215,,,,,,,,,,,,,,
680689,Lyon Richardson,MIL,R,444,0.374,0.234,,,,,,,,,,,,,,
669022,Mackenzie Gore,TEX,L,1459,0.488,0.277,187.0,44.0,2.0,0.268,0.353,0.396,0.749,0.334,0.328,0.187,0.112,0.187,0.435,88.8
669022,Mackenzie Gore,TEX,R,4304,0.488,0.305,551.0,115.0,17.0,0.233,0.306,0.4,0.706,0.316,0.306,0.252,0.085,0.246,0.401,88.3
655889,Manuel Rodríguez,TB,L,186,0.495,0.309,,,,,,,,,,,,,,
655889,Manuel Rodríguez,TB,R,345,0.481,0.363,15.0,3.0,0.0,0.25,0.357,0.417,0.774,0.357,0.283,0.333,0.067,0.233,0.375,84.3
594835,Marco Gonzales,TEX,L,59,0.39,0.226,13.0,3.0,0.0,0.273,0.385,0.364,0.748,0.342,0.292,0.154,0.154,0.13,0.333,82.5
594835,Marco Gonzales,TEX,R,62,0.452,0.387,15.0,4.0,0.0,0.286,0.333,0.357,0.69,0.31,0.246,0.067,0.067,0.107,0.154,81.6
694397,Marco Raya,MIN,L,61,0.361,0.289,14.0,1.0,0.0,0.091,0.286,0.091,0.377,0.214,0.258,0.143,0.214,0.273,0.222,84.9
694397,Marco Raya,MIN,R,39,0.513,0.333,11.0,4.0,1.0,0.364,0.364,0.636,1.0,0.427,0.447,0.182,0.0,0.25,0.333,89.1
643410,Mark Leiter,ATH,L,822,0.444,0.3,87.0,18.0,0.0,0.234,0.322,0.273,0.595,0.287,0.287,0.322,0.092,0.353,0.333,88.0
643410,Mark Leiter,ATH,R,562,0.464,0.291,59.0,15.0,2.0,0.278,0.322,0.426,0.748,0.337,0.359,0.169,0.034,0.204,0.302,85.4
815081,Mark Manfredi,COL,L,141,0.383,0.189,34.0,7.0,0.0,0.25,0.382,0.429,0.811,0.36,0.347,0.206,0.176,0.167,0.524,92.5
815081,Mark Manfredi,COL,R,129,0.465,0.242,34.0,8.0,1.0,0.258,0.324,0.355,0.678,0.306,0.318,0.235,0.088,0.233,0.391,89.3
527048,Martín Pérez,ATL,L,913,0.482,0.295,168.0,39.0,6.0,0.25,0.304,0.404,0.707,0.316,0.353,0.202,0.054,0.187,0.423,88.9
527048,Martín Pérez,ATL,R,2238,0.401,0.255,427.0,80.0,8.0,0.218,0.311,0.341,0.651,0.306,0.315,0.159,0.122,0.205,0.32,85.7
690279,Mason Adams,COL,L,242,0.442,0.295,67.0,17.0,3.0,0.283,0.358,0.5,0.858,0.385,0.346,0.254,0.104,0.243,0.643,94.8
690279,Mason Adams,COL,R,226,0.5,0.275,57.0,14.0,3.0,0.28,0.351,0.52,0.871,0.371,0.34,0.228,0.088,0.177,0.474,90.4
686930,Mason Barnett,ATH,L,618,0.413,0.227,116.0,29.0,5.0,0.29,0.388,0.5,0.888,0.397,0.332,0.147,0.138,0.168,0.358,87.9
686930,Mason Barnett,ATH,R,640,0.461,0.277,90.0,20.0,7.0,0.26,0.367,0.558,0.925,0.404,0.377,0.267,0.122,0.219,0.423,92.4
696131,Mason Black,KC,L,279,0.441,0.188,61.0,15.0,5.0,0.3,0.426,0.62,1.046,0.443,0.42,0.164,0.18,0.171,0.475,91.4
696131,Mason Black,KC,R,352,0.429,0.25,81.0,15.0,1.0,0.217,0.321,0.29,0.611,0.284,0.362,0.111,0.111,0.151,0.459,91.3
669438,Mason Englert,TB,L,693,0.494,0.321,80.0,23.0,7.0,0.303,0.312,0.632,0.944,0.421,0.391,0.2,0.025,0.218,0.397,89.7
669438,Mason Englert,TB,R,725,0.517,0.332,99.0,28.0,6.0,0.301,0.337,0.57,0.907,0.414,0.362,0.222,0.04,0.245,0.384,87.5
689254,Mason Fluharty,TOR,L,955,0.491,0.349,137.0,18.0,2.0,0.146,0.207,0.203,0.411,0.2,0.209,0.263,0.066,0.277,0.258,83.2
689254,Mason Fluharty,TOR,R,946,0.447,0.286,123.0,32.0,4.0,0.305,0.402,0.467,0.868,0.395,0.321,0.228,0.138,0.236,0.382,86.5
695243,Mason Miller,SD,L,1045,0.451,0.326,142.0,18.0,2.0,0.143,0.239,0.198,0.438,0.212,0.223,0.465,0.106,0.391,0.339,88.7
695243,Mason Miller,SD,R,1049,0.509,0.39,118.0,15.0,1.0,0.139,0.203,0.176,0.379,0.191,0.157,0.492,0.068,0.475,0.224,82.9
682254,Mason Montgomery,PIT,L,740,0.486,0.304,94.0,9.0,1.0,0.112,0.234,0.15,0.384,0.214,0.271,0.362,0.128,0.295,0.362,82.7
682254,Mason Montgomery,PIT,R,1245,0.503,0.331,172.0,33.0,4.0,0.206,0.262,0.338,0.599,0.275,0.239,0.378,0.07,0.303,0.436,89.2
571510,Matt Boyd,CHC,L,1131,0.486,0.296,131.0,25.0,1.0,0.217,0.313,0.261,0.574,0.271,0.335,0.198,0.115,0.248,0.382,85.4
571510,Matt Boyd,CHC,R,3483,0.505,0.301,362.0,84.0,14.0,0.252,0.31,0.42,0.731,0.325,0.331,0.185,0.061,0.197,0.382,88.3
666374,Matt Brash,SEA,L,541,0.436,0.32,33.0,4.0,0.0,0.143,0.273,0.179,0.451,0.233,0.342,0.182,0.121,0.351,0.286,85.5
666374,Matt Brash,SEA,R,550,0.387,0.301,32.0,4.0,0.0,0.148,0.226,0.185,0.411,0.222,0.288,0.281,0.031,0.239,0.526,89.8
670036,Matt Festa,CLE,L,861,0.469,0.31,131.0,35.0,2.0,0.287,0.336,0.418,0.754,0.355,0.3,0.267,0.046,0.223,0.349,85.3
670036,Matt Festa,CLE,R,1043,0.511,0.283,154.0,30.0,4.0,0.224,0.305,0.366,0.671,0.303,0.296,0.221,0.091,0.255,0.417,88.7
657424,Matt Gage,SF,L,486,0.449,0.274,54.0,8.0,2.0,0.19,0.358,0.333,0.692,0.343,0.351,0.259,0.204,0.245,0.31,83.0
657424,Matt Gage,SF,R,577,0.482,0.336,73.0,20.0,4.0,0.312,0.37,0.609,0.979,0.426,0.352,0.11,0.082,0.183,0.316,87.7
640454,Matt Krook,WSH,L,105,0.429,0.356,22.0,4.0,2.0,0.222,0.364,0.667,1.03,0.423,0.37,0.273,0.182,0.314,0.25,81.5
640454,Matt Krook,WSH,R,147,0.401,0.2,24.0,5.0,0.0,0.312,0.542,0.312,0.854,0.458,0.461,0.125,0.25,0.222,0.462,93.0
690155,Matt Pushard,STL,L,62,0.403,0.281,17.0,3.0,0.0,0.214,0.294,0.286,0.58,0.262,0.331,0.235,0.118,0.2,0.545,91.0
690155,Matt Pushard,STL,R,58,0.414,0.205,15.0,3.0,0.0,0.25,0.4,0.25,0.65,0.427,0.367,0.133,0.133,0.125,0.444,86.9
676910,Matt Seelinger,NYM,L,31,0.355,0.286,,,,,,,,,,,,,,
676910,Matt Seelinger,NYM,R,21,0.619,0.5,,,,,,,,,,,,,,
621381,Matt Strahm,KC,L,491,0.513,0.358,54.0,13.0,2.0,0.25,0.278,0.423,0.701,0.319,0.297,0.222,0.037,0.19,0.4,88.8
621381,Matt Strahm,KC,R,1138,0.507,0.312,107.0,25.0,10.0,0.266,0.355,0.628,0.983,0.419,0.326,0.168,0.103,0.209,0.387,89.9
694335,Matt Svanson,STL,L,806,0.468,0.214,102.0,21.0,1.0,0.247,0.347,0.341,0.688,0.314,0.373,0.186,0.118,0.141,0.435,90.0
694335,Matt Svanson,STL,R,947,0.455,0.257,105.0,34.0,4.0,0.358,0.41,0.547,0.957,0.422,0.365,0.21,0.086,0.168,0.459,90.6
663362,Matt Waldron,WSH,L,462,0.465,0.272,108.0,33.0,5.0,0.337,0.38,0.622,1.002,0.424,0.304,0.194,0.074,0.161,0.41,88.2
663362,Matt Waldron,WSH,R,332,0.506,0.31,87.0,24.0,2.0,0.3,0.337,0.388,0.725,0.334,0.277,0.138,0.034,0.16,0.314,85.2
683363,Matt Wilkinson,SF,L,92,0.489,0.282,28.0,5.0,0.0,0.179,0.179,0.214,0.393,0.173,0.216,0.214,0.0,0.178,0.318,83.5
683363,Matt Wilkinson,SF,R,290,0.428,0.256,71.0,16.0,4.0,0.239,0.282,0.493,0.774,0.342,0.301,0.169,0.056,0.169,0.473,90.5
669461,Matthew Liberatore,STL,L,1175,0.437,0.285,172.0,45.0,8.0,0.292,0.36,0.506,0.867,0.395,0.333,0.227,0.087,0.233,0.448,90.7
669461,Matthew Liberatore,STL,R,3828,0.479,0.289,506.0,128.0,20.0,0.28,0.339,0.457,0.796,0.351,0.343,0.227,0.079,0.221,0.416,89.5
608331,Max Fried,NYY,L,1077,0.45,0.27,103.0,16.0,0.0,0.174,0.245,0.228,0.473,0.222,0.251,0.214,0.087,0.205,0.306,85.3
608331,Max Fried,NYY,R,3729,0.468,0.289,328.0,62.0,4.0,0.207,0.268,0.287,0.555,0.26,0.245,0.25,0.073,0.232,0.296,85.1
668820,Max Kranick,WSH,L,474,0.502,0.278,50.0,11.0,1.0,0.262,0.367,0.405,0.772,0.35,0.337,0.16,0.12,0.253,0.343,87.2
668820,Max Kranick,WSH,R,395,0.552,0.301,44.0,16.0,3.0,0.432,0.523,0.838,1.361,0.561,0.405,0.068,0.159,0.173,0.353,85.9
676661,Max Lazar,PHI,L,359,0.465,0.28,16.0,4.0,2.0,0.286,0.375,0.714,1.089,0.45,0.362,0.188,0.125,0.167,0.364,90.5
676661,Max Lazar,PHI,R,425,0.461,0.226,21.0,3.0,1.0,0.15,0.19,0.3,0.49,0.257,0.266,0.143,0.048,0.189,0.389,92.2
676974,Max Meyer,MIA,L,1595,0.455,0.298,263.0,47.0,4.0,0.205,0.3,0.328,0.628,0.292,0.288,0.289,0.114,0.27,0.422,90.3
676974,Max Meyer,MIA,R,1236,0.484,0.312,199.0,38.0,7.0,0.209,0.271,0.352,0.623,0.304,0.325,0.221,0.055,0.26,0.417,88.1
691008,Max Rajcic,STL,L,75,0.413,0.22,17.0,3.0,0.0,0.214,0.353,0.357,0.71,0.324,0.395,0.118,0.176,0.129,0.5,87.0
691008,Max Rajcic,STL,R,88,0.386,0.208,22.0,3.0,1.0,0.158,0.273,0.421,0.694,0.3,0.192,0.273,0.136,0.324,0.231,87.0
453286,Max Scherzer,TOR,L,1610,0.489,0.292,214.0,50.0,9.0,0.273,0.371,0.464,0.835,0.376,0.34,0.131,0.126,0.142,0.327,87.0
453286,Max Scherzer,TOR,R,1130,0.505,0.312,124.0,22.0,6.0,0.188,0.234,0.368,0.601,0.268,0.286,0.258,0.056,0.254,0.357,86.9
518876,Merrill Kelly,AZ,L,3102,0.474,0.34,426.0,98.0,19.0,0.263,0.349,0.485,0.834,0.368,0.402,0.141,0.113,0.179,0.439,88.6
518876,Merrill Kelly,AZ,R,2359,0.513,0.334,281.0,68.0,9.0,0.27,0.321,0.421,0.742,0.332,0.34,0.189,0.071,0.219,0.377,89.1
605242,Michael Fulmer,NYY,L,162,0.432,0.319,23.0,4.0,2.0,0.211,0.348,0.526,0.874,0.374,0.284,0.261,0.13,0.34,0.231,86.6
605242,Michael Fulmer,NYY,R,168,0.476,0.356,30.0,5.0,0.0,0.185,0.267,0.333,0.6,0.267,0.293,0.3,0.1,0.368,0.278,87.4
675627,Michael Grove,TB,L,39,0.538,0.412,14.0,3.0,2.0,0.231,0.214,0.769,0.984,0.375,0.558,0.214,0.0,0.333,0.364,91.5
675627,Michael Grove,TB,R,50,0.48,0.36,14.0,4.0,1.0,0.286,0.286,0.5,0.786,0.336,0.289,0.214,0.0,0.25,0.364,90.1
547184,Michael Kelly,ATH,L,332,0.413,0.192,11.0,4.0,0.0,0.444,0.545,0.889,1.434,0.582,0.574,0.091,0.182,0.235,0.714,93.6
547184,Michael Kelly,ATH,R,454,0.436,0.249,21.0,8.0,1.0,0.471,0.571,0.706,1.277,0.545,0.363,0.19,0.19,0.189,0.308,85.4
547179,Michael Lorenzen,TOR,L,2541,0.455,0.251,342.0,104.0,16.0,0.353,0.424,0.624,1.048,0.45,0.397,0.135,0.114,0.16,0.467,91.8
547179,Michael Lorenzen,TOR,R,2177,0.468,0.275,276.0,82.0,7.0,0.324,0.367,0.458,0.826,0.372,0.341,0.159,0.054,0.184,0.458,90.0
700241,Michael Mcgreevy,STL,L,2453,0.439,0.267,427.0,103.0,14.0,0.263,0.321,0.44,0.761,0.331,0.368,0.148,0.08,0.176,0.423,89.5
700241,Michael Mcgreevy,STL,R,1695,0.464,0.287,249.0,56.0,7.0,0.241,0.277,0.392,0.669,0.304,0.319,0.201,0.048,0.19,0.387,88.8
656848,Michael Petersen,MIA,L,861,0.531,0.348,158.0,27.0,3.0,0.194,0.291,0.324,0.615,0.281,0.31,0.291,0.114,0.289,0.424,90.4
656848,Michael Petersen,MIA,R,586,0.466,0.309,107.0,17.0,2.0,0.177,0.262,0.302,0.564,0.266,0.246,0.327,0.075,0.207,0.424,91.2
621074,Michael Rucker,SEA,L,391,0.471,0.33,93.0,26.0,6.0,0.321,0.402,0.593,0.995,0.427,0.365,0.226,0.108,0.19,0.443,88.8
621074,Michael Rucker,SEA,R,312,0.462,0.318,80.0,12.0,0.0,0.162,0.225,0.176,0.401,0.214,0.254,0.3,0.062,0.299,0.28,86.7
647336,Michael Soroka,AZ,L,1898,0.465,0.301,275.0,66.0,6.0,0.261,0.316,0.411,0.727,0.323,0.351,0.207,0.051,0.171,0.338,87.3
647336,Michael Soroka,AZ,R,1393,0.492,0.31,179.0,28.0,3.0,0.171,0.225,0.268,0.493,0.231,0.25,0.285,0.067,0.242,0.339,87.1
608379,Michael Wacha,KC,L,3103,0.502,0.302,456.0,90.0,10.0,0.214,0.274,0.338,0.612,0.287,0.285,0.208,0.07,0.191,0.312,85.7
608379,Michael Wacha,KC,R,2504,0.484,0.273,329.0,72.0,18.0,0.238,0.294,0.497,0.79,0.343,0.339,0.173,0.061,0.194,0.431,88.7
690953,Mick Abel,MIN,L,609,0.483,0.287,47.0,12.0,0.0,0.293,0.383,0.39,0.773,0.365,0.338,0.234,0.106,0.22,0.483,87.0
690953,Mick Abel,MIN,R,472,0.504,0.309,46.0,10.0,0.0,0.25,0.348,0.3,0.648,0.302,0.361,0.261,0.087,0.279,0.321,84.2
500743,Miguel Rojas,LAD,L,47,0.574,0.4,12.0,5.0,1.0,0.455,0.5,0.909,1.409,0.583,0.343,0.0,0.0,0.0,0.364,89.2
500743,Miguel Rojas,LAD,R,75,0.48,0.314,11.0,4.0,1.0,0.4,0.455,0.7,1.155,0.491,0.543,0.0,0.091,0.067,0.7,96.0
699044,Miguel Ullola,HOU,L,95,0.484,0.283,26.0,2.0,1.0,0.083,0.154,0.208,0.362,0.165,0.199,0.269,0.038,0.239,0.353,86.3
699044,Miguel Ullola,HOU,R,88,0.432,0.229,22.0,4.0,1.0,0.222,0.364,0.444,0.808,0.357,0.335,0.227,0.136,0.158,0.385,88.2
681347,Mike Burrows,HOU,L,1684,0.464,0.273,243.0,69.0,14.0,0.319,0.395,0.574,0.969,0.419,0.378,0.152,0.107,0.189,0.408,88.9
681347,Mike Burrows,HOU,R,1428,0.513,0.331,179.0,43.0,7.0,0.257,0.307,0.425,0.732,0.325,0.279,0.212,0.05,0.226,0.362,87.1
650633,Mike King,SD,L,2551,0.448,0.287,473.0,91.0,13.0,0.215,0.296,0.333,0.629,0.29,0.327,0.203,0.099,0.209,0.328,87.0
650633,Mike King,SD,R,1649,0.468,0.304,282.0,55.0,7.0,0.224,0.318,0.362,0.68,0.308,0.314,0.22,0.082,0.242,0.324,85.0
702474,Mike Paredes,MIN,L,344,0.503,0.279,96.0,22.0,4.0,0.268,0.358,0.476,0.834,0.373,0.342,0.062,0.094,0.156,0.5,91.3
702474,Mike Paredes,MIN,R,208,0.481,0.294,58.0,14.0,2.0,0.264,0.31,0.453,0.763,0.34,0.361,0.224,0.069,0.22,0.525,90.7
571945,Miles Mikolas,WSH,L,2414,0.482,0.275,284.0,80.0,13.0,0.299,0.331,0.507,0.838,0.368,0.355,0.12,0.049,0.119,0.439,90.3
571945,Miles Mikolas,WSH,R,1900,0.477,0.255,211.0,56.0,14.0,0.286,0.318,0.551,0.869,0.375,0.353,0.114,0.043,0.124,0.433,89.1
683352,Mitch Bratt,AZ,L,174,0.46,0.218,53.0,12.0,2.0,0.245,0.302,0.469,0.771,0.348,0.283,0.113,0.075,0.1,0.186,83.4
683352,Mitch Bratt,AZ,R,556,0.471,0.26,140.0,28.0,3.0,0.243,0.37,0.391,0.761,0.346,0.324,0.171,0.157,0.137,0.409,86.1
815083,Mitch Farris,LAA,L,517,0.42,0.273,104.0,19.0,2.0,0.211,0.317,0.322,0.64,0.312,0.361,0.26,0.125,0.275,0.475,90.9
815083,Mitch Farris,LAA,R,842,0.47,0.293,143.0,36.0,7.0,0.279,0.35,0.527,0.877,0.385,0.317,0.231,0.098,0.237,0.433,88.1
656605,Mitch Keller,PIT,L,2686,0.478,0.262,320.0,84.0,11.0,0.291,0.353,0.488,0.841,0.369,0.377,0.162,0.072,0.166,0.425,89.3
656605,Mitch Keller,PIT,R,2073,0.479,0.286,182.0,33.0,4.0,0.205,0.297,0.317,0.613,0.288,0.317,0.198,0.104,0.225,0.419,88.9
687765,Mitch Spence,KC,L,735,0.484,0.292,36.0,13.0,2.0,0.481,0.611,0.852,1.463,0.6,0.41,0.111,0.25,0.2,0.348,90.2
687765,Mitch Spence,KC,R,827,0.504,0.321,20.0,6.0,1.0,0.316,0.3,0.526,0.826,0.343,0.271,0.1,0.0,0.1,0.5,93.4
680730,Mitchell Parker,WSH,L,976,0.502,0.274,75.0,22.0,4.0,0.338,0.403,0.569,0.972,0.44,0.357,0.2,0.08,0.308,0.396,85.7
680730,Mitchell Parker,WSH,R,2396,0.51,0.301,103.0,24.0,5.0,0.255,0.314,0.457,0.771,0.354,0.339,0.184,0.068,0.236,0.434,88.8
664702,Myles Straw,TOR,L,22,0.5,0.476,,,,,,,,,,,,,,
664702,Myles Straw,TOR,R,32,0.438,0.36,13.0,4.0,0.0,0.333,0.385,0.333,0.718,0.331,0.287,0.0,0.077,0.071,0.167,81.8
681320,Nate Lavender,NYM,L,122,0.5,0.327,37.0,8.0,0.0,0.216,0.216,0.297,0.514,0.223,0.236,0.378,0.0,0.197,0.435,89.5
681320,Nate Lavender,NYM,R,145,0.483,0.275,36.0,4.0,1.0,0.125,0.222,0.312,0.535,0.237,0.237,0.306,0.111,0.271,0.238,85.5
663878,Nate Pearson,KC,L,566,0.433,0.228,112.0,18.0,0.0,0.188,0.304,0.219,0.522,0.256,0.296,0.223,0.134,0.199,0.371,90.5
663878,Nate Pearson,KC,R,443,0.476,0.335,79.0,18.0,2.0,0.269,0.367,0.448,0.815,0.368,0.342,0.203,0.076,0.22,0.358,84.5
543135,Nathan Eovaldi,TEX,L,2244,0.513,0.323,328.0,82.0,12.0,0.269,0.312,0.452,0.764,0.336,0.325,0.207,0.055,0.26,0.423,88.9
543135,Nathan Eovaldi,TEX,R,1829,0.51,0.348,268.0,56.0,12.0,0.23,0.295,0.407,0.702,0.314,0.311,0.265,0.056,0.302,0.404,87.8
689546,Nick Davila,SEA,L,253,0.498,0.333,68.0,17.0,1.0,0.304,0.397,0.429,0.826,0.365,0.366,0.088,0.118,0.167,0.308,88.8
689546,Nick Davila,SEA,R,194,0.376,0.245,51.0,7.0,1.0,0.159,0.275,0.25,0.525,0.266,0.306,0.137,0.098,0.123,0.243,87.3
693308,Nick Frasso,COL,L,231,0.472,0.333,55.0,10.0,1.0,0.208,0.278,0.312,0.59,0.281,0.255,0.255,0.073,0.22,0.306,89.4
693308,Nick Frasso,COL,R,134,0.485,0.343,37.0,14.0,2.0,0.424,0.486,0.758,1.244,0.523,0.415,0.189,0.081,0.2,0.385,88.9
666157,Nick Lodolo,CIN,L,977,0.436,0.279,113.0,31.0,4.0,0.32,0.407,0.515,0.923,0.404,0.385,0.212,0.097,0.249,0.356,88.1
666157,Nick Lodolo,CIN,R,3313,0.491,0.318,344.0,76.0,16.0,0.262,0.351,0.493,0.844,0.366,0.377,0.163,0.096,0.19,0.424,89.8
607259,Nick Martínez,TB,L,2702,0.474,0.26,410.0,90.0,13.0,0.23,0.262,0.386,0.648,0.284,0.296,0.159,0.041,0.169,0.348,87.8
607259,Nick Martínez,TB,R,2355,0.499,0.307,296.0,74.0,9.0,0.262,0.288,0.401,0.689,0.303,0.317,0.145,0.027,0.151,0.293,84.5
683232,Nick Mears,KC,L,549,0.508,0.315,45.0,10.0,1.0,0.25,0.311,0.425,0.736,0.334,0.322,0.178,0.089,0.131,0.375,85.6
683232,Nick Mears,KC,R,644,0.514,0.322,37.0,8.0,1.0,0.258,0.378,0.452,0.83,0.366,0.452,0.189,0.162,0.231,0.68,96.5
601713,Nick Pivetta,SD,L,1695,0.451,0.264,66.0,12.0,0.0,0.194,0.242,0.258,0.5,0.227,0.281,0.303,0.061,0.169,0.405,89.9
601713,Nick Pivetta,SD,R,1652,0.499,0.32,54.0,11.0,2.0,0.216,0.259,0.353,0.612,0.269,0.245,0.278,0.056,0.183,0.306,86.9
675919,Nick Raquet,BAL,L,46,0.457,0.227,,,,,,,,,,,,,,
675919,Nick Raquet,BAL,R,56,0.393,0.281,10.0,2.0,0.0,0.25,0.4,0.375,0.775,0.355,0.41,0.1,0.1,0.0,0.429,90.0
680704,Nick Sandlin,LAA,L,205,0.42,0.265,18.0,4.0,0.0,0.333,0.556,0.5,1.056,0.472,0.391,0.167,0.167,0.261,0.444,87.0
680704,Nick Sandlin,LAA,R,242,0.43,0.287,23.0,5.0,2.0,0.25,0.304,0.55,0.854,0.409,0.364,0.13,0.087,0.263,0.353,87.1
670032,Nicky Lopez,TEX,R,28,0.321,0.238,,,,,,,,,,,,,,
702070,Noah Cameron,KC,L,1190,0.473,0.281,172.0,44.0,5.0,0.277,0.312,0.434,0.746,0.336,0.32,0.227,0.052,0.232,0.371,88.0
702070,Noah Cameron,KC,R,3771,0.474,0.292,545.0,109.0,14.0,0.222,0.29,0.372,0.662,0.306,0.306,0.213,0.081,0.241,0.379,87.8
668716,Noah Murdock,PIT,L,143,0.364,0.197,,,,,,,,,,,,,,
668716,Noah Murdock,PIT,R,325,0.375,0.257,11.0,2.0,0.0,0.25,0.364,0.25,0.614,0.291,0.24,0.273,0.182,0.158,0.667,92.0
702273,Noah Schultz,CWS,L,280,0.418,0.22,71.0,13.0,1.0,0.228,0.362,0.316,0.678,0.328,0.364,0.197,0.099,0.154,0.25,81.8
702273,Noah Schultz,CWS,R,940,0.45,0.293,240.0,51.0,8.0,0.244,0.332,0.426,0.758,0.349,0.347,0.208,0.1,0.21,0.436,89.0
676510,Nolan Hoffman,KC,L,112,0.464,0.214,21.0,5.0,0.0,0.333,0.476,0.333,0.81,0.381,0.324,0.286,0.143,0.22,0.6,87.2
676510,Nolan Hoffman,KC,R,109,0.477,0.357,35.0,9.0,0.0,0.281,0.294,0.312,0.607,0.275,0.321,0.114,0.029,0.118,0.233,80.5
690997,Nolan Mclean,NYM,L,2139,0.443,0.268,454.0,98.0,13.0,0.247,0.333,0.389,0.721,0.334,0.323,0.262,0.095,0.216,0.415,89.0
690997,Nolan Mclean,NYM,R,1516,0.429,0.274,291.0,42.0,4.0,0.165,0.26,0.243,0.503,0.241,0.247,0.258,0.093,0.216,0.261,84.4
689147,Orion Kerkering,PHI,L,992,0.423,0.246,126.0,25.0,3.0,0.238,0.357,0.4,0.757,0.358,0.329,0.254,0.143,0.262,0.365,88.1
689147,Orion Kerkering,PHI,R,1188,0.416,0.284,141.0,25.0,2.0,0.208,0.321,0.325,0.646,0.311,0.28,0.22,0.106,0.217,0.267,83.1
687377,Orlando Ribalta,WSH,L,623,0.48,0.288,83.0,9.0,2.0,0.132,0.268,0.25,0.518,0.256,0.298,0.265,0.157,0.29,0.354,85.8
687377,Orlando Ribalta,WSH,R,629,0.518,0.378,95.0,25.0,3.0,0.281,0.316,0.416,0.732,0.319,0.295,0.2,0.053,0.226,0.3,83.1
674370,Osvaldo Bido,CWS,L,765,0.506,0.263,38.0,6.0,2.0,0.2,0.368,0.5,0.868,0.375,0.359,0.132,0.211,0.188,0.44,89.4
674370,Osvaldo Bido,CWS,R,938,0.469,0.286,43.0,9.0,1.0,0.243,0.349,0.324,0.673,0.312,0.392,0.14,0.047,0.247,0.387,87.7
702566,Owen Murphy,ATL,L,102,0.559,0.347,27.0,8.0,2.0,0.333,0.407,0.583,0.991,0.426,0.494,0.185,0.074,0.175,0.684,97.2
702566,Owen Murphy,ATL,R,110,0.573,0.346,29.0,9.0,2.0,0.321,0.345,0.643,0.988,0.447,0.319,0.138,0.034,0.19,0.333,88.6
800048,Parker Messick,CLE,L,921,0.491,0.293,200.0,43.0,5.0,0.235,0.293,0.377,0.67,0.298,0.265,0.24,0.065,0.239,0.321,84.7
800048,Parker Messick,CLE,R,2594,0.473,0.31,530.0,100.0,12.0,0.204,0.255,0.338,0.593,0.268,0.275,0.27,0.062,0.229,0.345,87.0
656786,Parker Mushinski,COL,L,85,0.482,0.293,21.0,6.0,0.0,0.316,0.381,0.421,0.802,0.4,0.38,0.0,0.095,0.098,0.316,87.8
656786,Parker Mushinski,COL,R,54,0.296,0.147,13.0,3.0,0.0,0.3,0.462,0.3,0.762,0.369,0.405,0.0,0.231,0.125,0.5,94.5
571578,Patrick Corbin,TOR,L,1079,0.451,0.298,99.0,23.0,1.0,0.256,0.306,0.344,0.651,0.314,0.325,0.253,0.051,0.257,0.433,86.2
571578,Patrick Corbin,TOR,R,2924,0.47,0.298,262.0,75.0,11.0,0.318,0.378,0.525,0.903,0.394,0.367,0.145,0.076,0.162,0.417,88.9
687287,Patrick Monteverde,MIA,L,71,0.535,0.25,,,,,,,,,,,,,,
687287,Patrick Monteverde,MIA,R,82,0.537,0.268,10.0,2.0,1.0,0.222,0.3,0.667,0.967,0.395,0.374,0.1,0.1,0.15,0.5,91.9
663776,Patrick Sandoval,BOS,L,320,0.416,0.253,85.0,28.0,3.0,0.378,0.452,0.554,1.006,0.442,0.356,0.259,0.106,0.195,0.34,85.9
663776,Patrick Sandoval,BOS,R,789,0.49,0.286,210.0,50.0,4.0,0.272,0.348,0.397,0.744,0.339,0.336,0.214,0.105,0.233,0.359,86.7
621112,Paul Blackburn,NYY,L,933,0.488,0.322,172.0,30.0,5.0,0.196,0.285,0.327,0.612,0.276,0.291,0.198,0.11,0.221,0.314,86.2
621112,Paul Blackburn,NYY,R,955,0.438,0.257,156.0,28.0,2.0,0.196,0.263,0.259,0.522,0.252,0.302,0.212,0.077,0.192,0.387,87.5
801434,Paul Gervase,LAD,L,116,0.466,0.281,16.0,3.0,0.0,0.188,0.188,0.188,0.375,0.169,0.286,0.25,0.0,0.231,0.417,82.5
801434,Paul Gervase,LAD,R,144,0.396,0.231,19.0,4.0,0.0,0.286,0.474,0.286,0.759,0.394,0.324,0.211,0.263,0.25,0.444,91.6
623149,Paul Sewald,TOR,L,638,0.508,0.317,118.0,27.0,8.0,0.252,0.308,0.542,0.85,0.359,0.344,0.237,0.059,0.193,0.42,89.2
623149,Paul Sewald,TOR,R,517,0.503,0.307,96.0,12.0,5.0,0.138,0.198,0.333,0.531,0.247,0.281,0.26,0.052,0.266,0.359,89.9
694973,Paul Skenes,PIT,L,3261,0.51,0.307,404.0,80.0,12.0,0.22,0.289,0.388,0.677,0.303,0.291,0.267,0.082,0.264,0.398,88.2
694973,Paul Skenes,PIT,R,2530,0.491,0.323,287.0,63.0,7.0,0.24,0.297,0.366,0.664,0.307,0.265,0.289,0.049,0.247,0.352,85.2
687606,Paxton Schultz,WSH,L,573,0.405,0.249,78.0,20.0,3.0,0.286,0.359,0.414,0.773,0.38,0.29,0.205,0.103,0.135,0.373,89.5
687606,Paxton Schultz,WSH,R,487,0.491,0.296,76.0,23.0,2.0,0.329,0.36,0.543,0.903,0.387,0.394,0.197,0.039,0.222,0.411,90.0
801139,Payton Tolle,BOS,L,654,0.511,0.355,172.0,40.0,6.0,0.248,0.297,0.404,0.7,0.324,0.272,0.227,0.047,0.255,0.295,84.4
801139,Payton Tolle,BOS,R,1936,0.556,0.338,428.0,83.0,9.0,0.212,0.274,0.353,0.627,0.284,0.248,0.308,0.072,0.248,0.367,87.5
664126,Pete Fairbanks,MIA,L,915,0.459,0.3,104.0,23.0,7.0,0.253,0.346,0.549,0.896,0.397,0.365,0.26,0.115,0.247,0.453,91.0
664126,Pete Fairbanks,MIA,R,840,0.501,0.306,78.0,12.0,1.0,0.179,0.282,0.254,0.536,0.251,0.265,0.385,0.103,0.342,0.395,89.0
663567,Peter Lambert,HOU,L,1461,0.473,0.278,359.0,61.0,6.0,0.202,0.317,0.291,0.609,0.3,0.312,0.214,0.128,0.236,0.352,87.3
663567,Peter Lambert,HOU,R,1080,0.507,0.358,284.0,67.0,9.0,0.253,0.297,0.4,0.697,0.312,0.276,0.243,0.039,0.206,0.364,86.8
657265,Peter Strzelecki,STL,L,133,0.421,0.25,27.0,5.0,0.0,0.227,0.37,0.273,0.643,0.309,0.3,0.259,0.185,0.179,0.467,90.1
657265,Peter Strzelecki,STL,R,118,0.424,0.233,34.0,8.0,1.0,0.267,0.324,0.467,0.79,0.337,0.289,0.029,0.029,0.1,0.333,89.5
682608,Peyton Gray,TEX,L,475,0.472,0.34,122.0,24.0,3.0,0.211,0.262,0.325,0.587,0.292,0.252,0.238,0.066,0.254,0.293,85.5
682608,Peyton Gray,TEX,R,479,0.511,0.307,125.0,32.0,6.0,0.288,0.333,0.532,0.865,0.417,0.331,0.248,0.048,0.212,0.395,87.2
688883,Peyton Pallette,CLE,L,221,0.421,0.204,48.0,11.0,1.0,0.268,0.375,0.415,0.79,0.353,0.32,0.292,0.104,0.269,0.37,89.8
688883,Peyton Pallette,CLE,R,221,0.371,0.226,49.0,6.0,1.0,0.162,0.367,0.27,0.638,0.311,0.391,0.163,0.224,0.244,0.483,89.2
664208,Phil Maton,CHC,L,695,0.46,0.282,59.0,15.0,3.0,0.312,0.424,0.625,1.049,0.439,0.44,0.203,0.136,0.205,0.432,87.9
664208,Phil Maton,CHC,R,868,0.469,0.315,77.0,19.0,2.0,0.302,0.395,0.429,0.823,0.367,0.35,0.247,0.104,0.236,0.426,87.0
691769,Philip Abner,SF,L,182,0.505,0.345,36.0,10.0,4.0,0.303,0.361,0.697,1.058,0.44,0.406,0.139,0.083,0.104,0.464,90.7
691769,Philip Abner,SF,R,202,0.436,0.217,50.0,11.0,2.0,0.268,0.38,0.463,0.843,0.368,0.409,0.1,0.16,0.173,0.324,87.6
572955,Pierce Johnson,CIN,L,850,0.427,0.277,97.0,21.0,5.0,0.241,0.309,0.483,0.792,0.338,0.313,0.247,0.093,0.237,0.431,91.8
572955,Pierce Johnson,CIN,R,950,0.465,0.316,107.0,24.0,3.0,0.253,0.321,0.389,0.71,0.316,0.355,0.159,0.093,0.199,0.309,88.1
676571,Pj Poulin,WSH,L,469,0.382,0.232,70.0,10.0,2.0,0.164,0.271,0.311,0.583,0.278,0.308,0.229,0.114,0.183,0.435,89.9
676571,Pj Poulin,WSH,R,589,0.438,0.265,81.0,17.0,2.0,0.246,0.358,0.391,0.749,0.346,0.393,0.111,0.148,0.132,0.45,92.4
687273,Quinn Mathews,STL,L,227,0.441,0.267,52.0,12.0,2.0,0.245,0.288,0.429,0.717,0.311,0.305,0.269,0.058,0.26,0.353,86.2
687273,Quinn Mathews,STL,R,559,0.456,0.254,139.0,31.0,2.0,0.261,0.341,0.345,0.685,0.313,0.297,0.173,0.108,0.231,0.347,88.1
628452,Raisel Iglesias,ATL,L,1028,0.508,0.333,130.0,25.0,4.0,0.208,0.269,0.367,0.636,0.287,0.319,0.223,0.077,0.27,0.374,88.4
628452,Raisel Iglesias,ATL,R,852,0.522,0.389,104.0,22.0,2.0,0.227,0.279,0.32,0.598,0.28,0.247,0.337,0.058,0.271,0.371,87.3
677976,Randy Dobnak,KC,L,785,0.46,0.287,193.0,47.0,6.0,0.267,0.318,0.42,0.738,0.328,0.339,0.14,0.057,0.146,0.393,90.0
677976,Randy Dobnak,KC,R,516,0.434,0.277,117.0,24.0,1.0,0.233,0.325,0.311,0.635,0.293,0.315,0.179,0.12,0.232,0.402,88.3
681190,Randy Vásquez,SD,L,2376,0.47,0.245,333.0,92.0,9.0,0.304,0.355,0.492,0.847,0.376,0.364,0.153,0.072,0.17,0.463,91.9
681190,Randy Vásquez,SD,R,1939,0.497,0.292,235.0,46.0,7.0,0.212,0.26,0.346,0.605,0.272,0.35,0.145,0.051,0.165,0.402,89.9
624133,Ranger Suarez,BOS,L,1146,0.461,0.335,173.0,41.0,4.0,0.258,0.318,0.409,0.727,0.322,0.31,0.237,0.058,0.247,0.35,86.2
624133,Ranger Suarez,BOS,R,3587,0.462,0.3,420.0,86.0,5.0,0.228,0.294,0.31,0.603,0.282,0.293,0.224,0.081,0.189,0.329,86.1
678061,Ray Kerr,ATL,L,68,0.485,0.217,22.0,3.0,0.0,0.158,0.238,0.211,0.449,0.255,0.312,0.227,0.045,0.182,0.333,79.5
678061,Ray Kerr,ATL,R,112,0.527,0.387,33.0,4.0,2.0,0.129,0.152,0.323,0.474,0.197,0.237,0.182,0.0,0.254,0.346,87.8
670103,Raymond Burgos,BOS,L,78,0.564,0.303,25.0,8.0,1.0,0.32,0.32,0.44,0.76,0.332,0.302,0.12,0.0,0.159,0.318,85.2
670103,Raymond Burgos,BOS,R,153,0.516,0.324,43.0,9.0,2.0,0.22,0.238,0.439,0.677,0.292,0.29,0.209,0.023,0.19,0.353,88.8
624512,Reese Mcguire,CWS,R,19,0.421,0.308,,,,,,,,,,,,,,
672282,Reid Detmers,LAA,L,1082,0.493,0.329,198.0,42.0,4.0,0.233,0.289,0.317,0.606,0.277,0.3,0.247,0.061,0.252,0.415,88.7
672282,Reid Detmers,LAA,R,2892,0.489,0.33,519.0,100.0,15.0,0.21,0.263,0.361,0.623,0.281,0.271,0.299,0.066,0.26,0.364,89.1
665665,Reiver Sanmartin,SF,L,155,0.419,0.329,42.0,10.0,0.0,0.256,0.31,0.333,0.643,0.289,0.231,0.286,0.071,0.375,0.185,82.2
665665,Reiver Sanmartin,SF,R,221,0.448,0.328,50.0,12.0,3.0,0.261,0.306,0.522,0.828,0.389,0.377,0.08,0.06,0.092,0.488,88.7
625643,Reynaldo López,ATL,L,914,0.412,0.261,195.0,39.0,6.0,0.241,0.369,0.432,0.801,0.363,0.361,0.221,0.169,0.255,0.37,89.0
625643,Reynaldo López,ATL,R,550,0.513,0.297,150.0,41.0,5.0,0.283,0.289,0.428,0.716,0.315,0.301,0.193,0.007,0.15,0.347,85.2
695076,Rhett Lowder,CIN,L,1435,0.418,0.242,356.0,86.0,12.0,0.279,0.372,0.477,0.849,0.376,0.375,0.185,0.118,0.18,0.409,89.9
695076,Rhett Lowder,CIN,R,788,0.473,0.315,216.0,57.0,6.0,0.281,0.324,0.433,0.758,0.35,0.323,0.162,0.051,0.161,0.363,89.9
663992,Richard Lovelady,WSH,L,379,0.464,0.345,79.0,21.0,1.0,0.318,0.4,0.439,0.839,0.395,0.36,0.215,0.076,0.238,0.321,81.7
663992,Richard Lovelady,WSH,R,467,0.443,0.26,83.0,19.0,3.0,0.268,0.373,0.451,0.824,0.415,0.341,0.157,0.145,0.153,0.246,86.1
694357,Ricky Tiedemann,TOR,L,68,0.368,0.324,17.0,2.0,0.0,0.154,0.353,0.154,0.507,0.271,0.325,0.294,0.176,0.36,0.25,78.8
694357,Ricky Tiedemann,TOR,R,56,0.304,0.121,12.0,3.0,0.0,0.333,0.5,0.333,0.833,0.4,0.379,0.25,0.25,0.294,0.333,88.0
676568,Ricky Vanasco,DET,L,74,0.405,0.194,15.0,5.0,1.0,0.385,0.467,0.692,1.159,0.49,0.311,0.133,0.133,0.167,0.455,91.4
676568,Ricky Vanasco,DET,R,97,0.392,0.245,25.0,9.0,1.0,0.429,0.52,0.714,1.234,0.594,0.452,0.08,0.16,0.079,0.421,85.4
670329,Rico Garcia,BAL,L,948,0.488,0.264,157.0,24.0,4.0,0.168,0.242,0.301,0.543,0.258,0.246,0.287,0.083,0.328,0.302,84.4
670329,Rico Garcia,BAL,R,648,0.494,0.312,108.0,19.0,5.0,0.192,0.245,0.374,0.619,0.276,0.294,0.213,0.056,0.225,0.39,86.9
683000,Riley Cornelio,WSH,L,275,0.469,0.303,72.0,10.0,0.0,0.185,0.338,0.204,0.542,0.273,0.321,0.153,0.194,0.233,0.362,85.1
683000,Riley Cornelio,WSH,R,383,0.465,0.326,81.0,15.0,2.0,0.224,0.346,0.373,0.719,0.339,0.299,0.333,0.16,0.388,0.55,88.9
702303,Riley Martin,CHC,L,53,0.509,0.182,13.0,3.0,1.0,0.273,0.385,0.545,0.93,0.4,0.321,0.385,0.154,0.222,0.667,96.2
702303,Riley Martin,CHC,R,65,0.477,0.227,19.0,2.0,0.0,0.118,0.167,0.118,0.284,0.15,0.2,0.263,0.053,0.161,0.308,83.8
676617,Riley O'Brien,STL,L,893,0.449,0.3,148.0,30.0,3.0,0.24,0.347,0.344,0.691,0.327,0.367,0.196,0.101,0.259,0.406,87.9
676617,Riley O'Brien,STL,R,949,0.427,0.276,125.0,23.0,2.0,0.211,0.301,0.321,0.622,0.301,0.31,0.28,0.08,0.237,0.442,86.7
689981,River Ryan,DET,L,34,0.441,0.316,,,,,,,,,,,,,,
592662,Robbie Ray,SD,L,1435,0.479,0.271,195.0,45.0,2.0,0.263,0.337,0.339,0.676,0.31,0.312,0.221,0.103,0.268,0.351,85.9
592662,Robbie Ray,SD,R,4492,0.474,0.282,508.0,95.0,20.0,0.218,0.318,0.401,0.719,0.328,0.343,0.189,0.126,0.209,0.383,89.3
695239,Robby Ahlstrom,TEX,L,285,0.491,0.259,79.0,20.0,3.0,0.267,0.295,0.413,0.708,0.321,0.25,0.241,0.025,0.236,0.286,82.2
695239,Robby Ahlstrom,TEX,R,375,0.451,0.246,83.0,18.0,4.0,0.254,0.361,0.507,0.868,0.384,0.384,0.181,0.12,0.225,0.327,88.7
702281,Robby Snelling,MIA,L,31,0.516,0.389,,,,,,,,,,,,,,
702281,Robby Snelling,MIA,R,55,0.473,0.259,14.0,4.0,1.0,0.364,0.5,0.727,1.227,0.511,0.436,0.071,0.214,0.192,0.5,84.2
676395,Robert Garcia,TEX,L,433,0.515,0.284,25.0,1.0,0.0,0.042,0.08,0.083,0.163,0.078,0.179,0.28,0.04,0.255,0.235,83.9
676395,Robert Garcia,TEX,R,798,0.476,0.307,37.0,11.0,1.0,0.379,0.514,0.517,1.031,0.458,0.38,0.108,0.216,0.197,0.32,84.3
688107,Robert Gasser,MIL,L,573,0.462,0.253,134.0,20.0,2.0,0.169,0.269,0.305,0.574,0.26,0.286,0.239,0.097,0.245,0.337,83.3
688107,Robert Gasser,MIL,R,1259,0.496,0.281,308.0,74.0,12.0,0.266,0.33,0.45,0.78,0.347,0.338,0.201,0.065,0.176,0.333,87.2
476594,Robert Stock,NYM,L,388,0.479,0.287,95.0,25.0,2.0,0.298,0.379,0.417,0.796,0.365,0.344,0.189,0.105,0.206,0.348,86.9
476594,Robert Stock,NYM,R,232,0.461,0.227,52.0,13.0,0.0,0.295,0.404,0.364,0.767,0.36,0.34,0.192,0.096,0.283,0.394,88.5
663158,Robert Suarez,ATL,L,859,0.526,0.34,67.0,9.0,1.0,0.141,0.179,0.188,0.367,0.179,0.244,0.209,0.045,0.218,0.26,80.6
663158,Robert Suarez,ATL,R,707,0.545,0.323,57.0,13.0,0.0,0.245,0.281,0.302,0.583,0.292,0.323,0.211,0.053,0.225,0.405,88.3
682610,Roddery Muñoz,HOU,L,144,0.514,0.304,10.0,2.0,1.0,0.25,0.4,0.75,1.15,0.465,0.398,0.4,0.2,0.476,1.0,101.8
682610,Roddery Muñoz,HOU,R,198,0.434,0.252,15.0,5.0,2.0,0.455,0.6,1.091,1.691,0.657,0.469,0.133,0.267,0.36,0.667,92.6
660710,Rodolfo Durán,SD,R,31,0.548,0.312,12.0,5.0,1.0,0.455,0.5,0.909,1.409,0.583,0.245,0.0,0.083,0.118,0.091,87.4
808963,Roki Sasaki,LAD,L,1551,0.489,0.303,295.0,62.0,11.0,0.237,0.316,0.427,0.744,0.326,0.317,0.237,0.105,0.288,0.4,88.4
808963,Roki Sasaki,LAD,R,1088,0.485,0.329,222.0,51.0,11.0,0.256,0.329,0.518,0.846,0.368,0.329,0.221,0.077,0.249,0.47,90.4
691548,Rolddy Muñoz,ATL,L,71,0.451,0.317,,,,,,,,,,,,,,
691548,Rolddy Muñoz,ATL,R,56,0.304,0.139,,,,,,,,,,,,,,
676760,Ron Marinaccio,CIN,L,621,0.454,0.26,135.0,30.0,3.0,0.265,0.385,0.425,0.81,0.371,0.355,0.178,0.148,0.212,0.398,88.2
676760,Ron Marinaccio,CIN,R,588,0.505,0.303,126.0,31.0,8.0,0.272,0.341,0.535,0.876,0.382,0.339,0.19,0.056,0.237,0.422,89.7
669854,Ronel Blanco,HOU,L,678,0.469,0.287,86.0,19.0,5.0,0.264,0.384,0.542,0.925,0.397,0.353,0.186,0.163,0.247,0.411,89.3
669854,Ronel Blanco,HOU,R,656,0.498,0.325,50.0,11.0,4.0,0.234,0.265,0.489,0.755,0.343,0.33,0.2,0.02,0.129,0.316,88.4
621366,Ryan Borucki,SF,L,477,0.459,0.267,49.0,8.0,0.0,0.195,0.306,0.244,0.55,0.28,0.263,0.204,0.102,0.356,0.406,85.7
621366,Ryan Borucki,SF,R,506,0.476,0.297,55.0,19.0,3.0,0.365,0.4,0.654,1.054,0.463,0.354,0.091,0.055,0.188,0.391,90.1
663372,Ryan Feltner,COL,L,1364,0.475,0.25,290.0,72.0,10.0,0.291,0.37,0.498,0.868,0.38,0.353,0.162,0.117,0.227,0.357,86.3
663372,Ryan Feltner,COL,R,1145,0.502,0.291,243.0,58.0,10.0,0.258,0.313,0.484,0.797,0.351,0.322,0.173,0.07,0.203,0.368,87.4
681676,Ryan Fernandez,STL,L,478,0.469,0.254,59.0,11.0,2.0,0.22,0.322,0.4,0.722,0.333,0.311,0.271,0.136,0.339,0.371,86.9
681676,Ryan Fernandez,STL,R,441,0.51,0.351,41.0,8.0,0.0,0.211,0.268,0.316,0.584,0.305,0.262,0.293,0.073,0.247,0.423,87.4
687473,Ryan Gusto,MIA,L,1848,0.469,0.235,229.0,55.0,5.0,0.267,0.336,0.427,0.763,0.342,0.351,0.175,0.092,0.17,0.47,90.6
687473,Ryan Gusto,MIA,R,1351,0.52,0.318,164.0,44.0,6.0,0.289,0.335,0.447,0.783,0.363,0.326,0.195,0.043,0.193,0.38,87.9
664854,Ryan Helsley,BAL,L,665,0.502,0.325,48.0,9.0,2.0,0.209,0.292,0.372,0.664,0.329,0.232,0.354,0.104,0.405,0.44,89.2
664854,Ryan Helsley,BAL,R,606,0.507,0.284,21.0,4.0,1.0,0.222,0.333,0.444,0.778,0.358,0.343,0.19,0.143,0.3,0.538,86.5
696270,Ryan Johnson,LAA,L,1116,0.452,0.269,252.0,57.0,11.0,0.256,0.341,0.435,0.776,0.354,0.336,0.183,0.107,0.215,0.33,85.7
696270,Ryan Johnson,LAA,R,800,0.475,0.296,159.0,32.0,7.0,0.23,0.304,0.41,0.714,0.312,0.339,0.189,0.075,0.238,0.407,89.1
669020,Ryan Rolison,CHC,L,769,0.48,0.287,120.0,17.0,0.0,0.157,0.227,0.176,0.403,0.195,0.253,0.258,0.083,0.238,0.25,85.2
669020,Ryan Rolison,CHC,R,905,0.436,0.237,132.0,35.0,6.0,0.302,0.386,0.526,0.912,0.405,0.361,0.174,0.121,0.117,0.489,89.4
657044,Ryan Thompson,AZ,L,570,0.461,0.32,80.0,27.0,2.0,0.365,0.412,0.554,0.967,0.451,0.364,0.088,0.062,0.132,0.391,89.9
657044,Ryan Thompson,AZ,R,753,0.482,0.379,106.0,24.0,1.0,0.247,0.295,0.33,0.625,0.29,0.272,0.208,0.047,0.219,0.299,85.0
676254,Ryan Walker,SF,L,737,0.461,0.301,57.0,14.0,2.0,0.292,0.404,0.542,0.945,0.469,0.352,0.193,0.158,0.183,0.543,90.4
676254,Ryan Walker,SF,R,906,0.397,0.217,98.0,25.0,3.0,0.298,0.351,0.405,0.756,0.354,0.306,0.122,0.071,0.099,0.26,82.2
670245,Ryan Watson,LAA,L,592,0.471,0.3,148.0,38.0,1.0,0.297,0.37,0.414,0.784,0.35,0.347,0.203,0.101,0.247,0.451,90.7
670245,Ryan Watson,LAA,R,545,0.505,0.367,153.0,30.0,7.0,0.207,0.248,0.393,0.641,0.283,0.318,0.216,0.039,0.218,0.292,85.5
677960,Ryan Weathers,NYY,L,637,0.48,0.312,136.0,35.0,3.0,0.273,0.309,0.375,0.684,0.302,0.303,0.272,0.044,0.282,0.33,85.9
677960,Ryan Weathers,NYY,R,2286,0.448,0.271,430.0,95.0,15.0,0.242,0.301,0.402,0.703,0.319,0.325,0.242,0.074,0.241,0.43,89.5
680802,Ryan Weiss,HOU,L,324,0.432,0.268,80.0,23.0,4.0,0.348,0.462,0.576,1.038,0.449,0.369,0.188,0.175,0.2,0.451,88.9
680802,Ryan Weiss,HOU,R,206,0.461,0.322,51.0,12.0,4.0,0.267,0.353,0.556,0.908,0.405,0.395,0.294,0.118,0.253,0.567,92.6
642232,Ryan Yarbrough,NYY,L,714,0.485,0.234,99.0,15.0,1.0,0.174,0.283,0.302,0.585,0.277,0.239,0.192,0.121,0.212,0.194,80.6
642232,Ryan Yarbrough,NYY,R,1319,0.451,0.276,157.0,36.0,2.0,0.252,0.31,0.35,0.659,0.314,0.314,0.159,0.057,0.215,0.286,82.8
666171,Ryan Zeferjahn,CHC,L,1031,0.422,0.245,134.0,23.0,5.0,0.204,0.321,0.381,0.701,0.335,0.314,0.306,0.119,0.316,0.362,90.4
666171,Ryan Zeferjahn,CHC,R,1298,0.428,0.262,163.0,26.0,2.0,0.187,0.302,0.273,0.576,0.277,0.243,0.325,0.11,0.276,0.364,87.6
669194,Ryne Nelson,AZ,L,1847,0.496,0.296,192.0,39.0,10.0,0.222,0.281,0.449,0.73,0.326,0.37,0.146,0.057,0.155,0.399,89.9
669194,Ryne Nelson,AZ,R,1965,0.532,0.302,173.0,42.0,8.0,0.264,0.318,0.478,0.796,0.357,0.33,0.208,0.069,0.185,0.484,91.3
592773,Ryne Stanek,STL,L,957,0.502,0.259,122.0,23.0,4.0,0.215,0.311,0.355,0.667,0.306,0.281,0.221,0.115,0.237,0.295,86.7
592773,Ryne Stanek,STL,R,1166,0.51,0.329,140.0,29.0,5.0,0.234,0.321,0.403,0.725,0.326,0.335,0.264,0.107,0.293,0.43,90.8
691951,Sam Aldegheri,LAA,L,279,0.427,0.277,41.0,12.0,2.0,0.375,0.512,0.594,1.106,0.479,0.391,0.098,0.22,0.143,0.286,84.7
691951,Sam Aldegheri,LAA,R,635,0.454,0.269,111.0,19.0,3.0,0.192,0.252,0.333,0.586,0.283,0.342,0.162,0.072,0.208,0.373,86.4
696147,Sam Bachman,LAA,L,582,0.423,0.26,104.0,19.0,5.0,0.224,0.365,0.471,0.836,0.385,0.341,0.269,0.173,0.358,0.464,91.0
696147,Sam Bachman,LAA,R,561,0.463,0.354,104.0,18.0,2.0,0.194,0.279,0.28,0.558,0.266,0.275,0.183,0.087,0.276,0.224,81.8
656529,Sam Hentges,SF,L,324,0.407,0.246,79.0,21.0,0.0,0.333,0.443,0.349,0.792,0.404,0.328,0.228,0.177,0.25,0.348,86.7
656529,Sam Hentges,SF,R,337,0.43,0.246,86.0,13.0,0.0,0.178,0.302,0.247,0.549,0.27,0.289,0.233,0.105,0.248,0.25,85.5
594580,Sam Moll,CIN,L,736,0.428,0.269,129.0,25.0,2.0,0.229,0.325,0.312,0.637,0.315,0.287,0.271,0.085,0.248,0.393,83.1
594580,Sam Moll,CIN,R,677,0.393,0.24,117.0,29.0,3.0,0.299,0.405,0.485,0.89,0.419,0.365,0.179,0.145,0.167,0.358,89.3
671111,Sammy Peralta,LAA,L,215,0.447,0.279,44.0,11.0,2.0,0.297,0.395,0.514,0.909,0.4,0.291,0.25,0.045,0.194,0.333,82.7
671111,Sammy Peralta,LAA,R,274,0.438,0.274,48.0,17.0,2.0,0.395,0.458,0.605,1.063,0.469,0.455,0.229,0.104,0.139,0.548,92.3
696519,Samy Natera,LAA,L,247,0.417,0.233,56.0,9.0,0.0,0.191,0.321,0.234,0.555,0.27,0.264,0.375,0.143,0.32,0.269,84.6
696519,Samy Natera,LAA,R,333,0.514,0.293,76.0,13.0,1.0,0.191,0.25,0.294,0.544,0.245,0.233,0.355,0.066,0.316,0.405,88.8
645261,Sandy Alcántara,MIA,L,3501,0.487,0.275,534.0,124.0,18.0,0.256,0.321,0.432,0.753,0.339,0.331,0.165,0.082,0.188,0.358,88.6
645261,Sandy Alcántara,MIA,R,2675,0.512,0.333,357.0,80.0,6.0,0.24,0.284,0.329,0.613,0.283,0.26,0.174,0.042,0.182,0.366,87.0
605130,Scott Barlow,ATH,L,780,0.418,0.287,70.0,12.0,3.0,0.207,0.329,0.397,0.725,0.332,0.376,0.2,0.129,0.293,0.432,91.1
605130,Scott Barlow,ATH,R,1095,0.409,0.288,83.0,14.0,4.0,0.206,0.337,0.456,0.793,0.364,0.343,0.181,0.108,0.348,0.302,85.2
656240,Scott Blewett,ATH,L,606,0.495,0.31,66.0,21.0,2.0,0.344,0.379,0.525,0.903,0.402,0.348,0.182,0.061,0.229,0.32,87.4
656240,Scott Blewett,ATH,R,637,0.505,0.307,77.0,12.0,0.0,0.176,0.237,0.191,0.428,0.216,0.249,0.26,0.078,0.282,0.373,86.9
680732,Sean Burke,CWS,L,2919,0.469,0.281,413.0,85.0,12.0,0.23,0.302,0.401,0.703,0.321,0.307,0.254,0.09,0.209,0.404,89.0
680732,Sean Burke,CWS,R,2252,0.487,0.309,287.0,55.0,6.0,0.215,0.3,0.336,0.636,0.289,0.297,0.254,0.084,0.252,0.37,89.3
640455,Sean Manaea,NYM,L,1014,0.487,0.324,186.0,42.0,5.0,0.246,0.306,0.386,0.692,0.315,0.308,0.29,0.059,0.265,0.359,86.6
640455,Sean Manaea,NYM,R,2474,0.515,0.302,441.0,103.0,18.0,0.266,0.335,0.499,0.834,0.37,0.347,0.195,0.073,0.187,0.442,89.2
656794,Sean Newcomb,CWS,L,1006,0.449,0.261,146.0,30.0,1.0,0.234,0.324,0.312,0.637,0.305,0.314,0.212,0.096,0.187,0.361,84.4
656794,Sean Newcomb,CWS,R,1991,0.454,0.271,217.0,42.0,3.0,0.216,0.292,0.33,0.622,0.291,0.324,0.226,0.074,0.214,0.393,88.7
807743,Sean Sullivan,COL,L,136,0.419,0.222,37.0,12.0,3.0,0.364,0.432,0.758,1.19,0.495,0.381,0.162,0.081,0.14,0.296,84.3
807743,Sean Sullivan,COL,R,276,0.507,0.31,77.0,22.0,2.0,0.333,0.416,0.636,1.052,0.44,0.313,0.13,0.104,0.157,0.368,89.6
622554,Seranthony Domínguez,SEA,L,1040,0.436,0.254,124.0,22.0,3.0,0.21,0.323,0.333,0.656,0.305,0.323,0.258,0.129,0.279,0.311,86.5
622554,Seranthony Domínguez,SEA,R,1173,0.469,0.302,129.0,23.0,6.0,0.2,0.287,0.383,0.669,0.31,0.271,0.248,0.101,0.244,0.341,87.5
678020,Seth Halvorsen,LAD,L,532,0.466,0.261,57.0,17.0,2.0,0.354,0.456,0.542,0.998,0.467,0.405,0.14,0.123,0.214,0.41,90.9
678020,Seth Halvorsen,LAD,R,638,0.481,0.307,83.0,16.0,4.0,0.213,0.289,0.44,0.729,0.326,0.355,0.181,0.096,0.19,0.383,88.7
686751,Seth Johnson,ATH,L,357,0.496,0.318,68.0,18.0,2.0,0.295,0.368,0.475,0.843,0.368,0.362,0.191,0.103,0.233,0.5,89.7
686751,Seth Johnson,ATH,R,412,0.473,0.269,78.0,17.0,2.0,0.262,0.385,0.446,0.831,0.379,0.313,0.308,0.141,0.277,0.366,87.5
675920,Seth Lonsway,SF,R,22,0.591,0.375,,,,,,,,,,,,,,
607625,Seth Lugo,KC,L,3254,0.439,0.234,473.0,130.0,14.0,0.308,0.372,0.5,0.872,0.381,0.357,0.186,0.08,0.164,0.443,89.4
607625,Seth Lugo,KC,R,1986,0.456,0.264,277.0,69.0,9.0,0.272,0.315,0.445,0.76,0.339,0.32,0.166,0.058,0.174,0.404,87.6
661527,Seth Martinez,BOS,L,96,0.49,0.267,,,,,,,,,,,,,,
661527,Seth Martinez,BOS,R,46,0.435,0.176,,,,,,,,,,,,,,
669358,Shane Baz,BAL,L,3082,0.479,0.294,461.0,112.0,11.0,0.278,0.346,0.437,0.783,0.347,0.331,0.208,0.093,0.191,0.423,90.1
669358,Shane Baz,BAL,R,2563,0.488,0.294,307.0,67.0,4.0,0.238,0.283,0.333,0.617,0.285,0.297,0.186,0.059,0.198,0.397,89.1
669456,Shane Bieber,TOR,L,873,0.42,0.267,133.0,22.0,6.0,0.193,0.301,0.404,0.704,0.316,0.354,0.165,0.135,0.192,0.505,90.9
669456,Shane Bieber,TOR,R,702,0.47,0.314,109.0,33.0,4.0,0.32,0.358,0.476,0.834,0.364,0.384,0.202,0.055,0.233,0.407,88.8
675660,Shane Drohan,MIL,L,568,0.495,0.351,157.0,36.0,0.0,0.245,0.28,0.354,0.634,0.289,0.272,0.248,0.038,0.288,0.387,87.0
675660,Shane Drohan,MIL,R,1365,0.471,0.316,350.0,82.0,14.0,0.266,0.347,0.448,0.795,0.356,0.316,0.234,0.103,0.229,0.381,87.9
663556,Shane Mcclanahan,TB,L,407,0.447,0.274,110.0,14.0,4.0,0.143,0.236,0.306,0.542,0.244,0.349,0.209,0.091,0.242,0.44,89.5
663556,Shane Mcclanahan,TB,R,1423,0.491,0.324,376.0,78.0,6.0,0.227,0.291,0.327,0.618,0.298,0.309,0.218,0.077,0.248,0.408,86.9
681343,Shane Smith,CWS,L,1477,0.476,0.244,26.0,7.0,1.0,0.318,0.423,0.545,0.969,0.446,0.281,0.308,0.154,0.268,0.385,83.2
681343,Shane Smith,CWS,R,1171,0.475,0.27,23.0,5.0,0.0,0.294,0.478,0.412,0.89,0.487,0.389,0.13,0.217,0.2,0.286,81.2
641312,Shaun Anderson,LAA,L,284,0.437,0.231,51.0,12.0,3.0,0.279,0.38,0.488,0.868,0.384,0.405,0.118,0.118,0.212,0.316,83.3
641312,Shaun Anderson,LAA,R,284,0.489,0.314,42.0,13.0,1.0,0.342,0.405,0.447,0.852,0.401,0.374,0.262,0.095,0.295,0.481,90.5
542888,Shawn Armstrong,CLE,L,706,0.48,0.236,75.0,15.0,2.0,0.224,0.293,0.373,0.666,0.303,0.304,0.267,0.093,0.179,0.362,90.3
542888,Shawn Armstrong,CLE,R,1014,0.475,0.247,73.0,14.0,2.0,0.237,0.375,0.373,0.748,0.362,0.31,0.178,0.151,0.2,0.326,83.8
660271,Shohei Ohtani,LAD,L,1098,0.475,0.301,191.0,36.0,3.0,0.211,0.279,0.31,0.589,0.271,0.272,0.246,0.079,0.254,0.346,86.7
660271,Shohei Ohtani,LAD,R,990,0.49,0.289,149.0,19.0,1.0,0.142,0.228,0.201,0.43,0.204,0.238,0.322,0.074,0.323,0.326,87.1
684007,Shota Imanaga,CHC,L,1231,0.489,0.323,190.0,40.0,11.0,0.231,0.296,0.462,0.759,0.328,0.324,0.253,0.068,0.282,0.397,89.2
684007,Shota Imanaga,CHC,R,3677,0.536,0.342,512.0,113.0,23.0,0.234,0.275,0.416,0.692,0.303,0.293,0.24,0.047,0.275,0.357,87.6
680573,Simeon Woods Richardson,TOR,L,1560,0.442,0.227,167.0,39.0,6.0,0.275,0.373,0.472,0.845,0.389,0.35,0.162,0.132,0.195,0.466,89.7
680573,Simeon Woods Richardson,TOR,R,1485,0.469,0.258,138.0,40.0,5.0,0.331,0.409,0.529,0.938,0.419,0.389,0.094,0.109,0.121,0.417,88.1
677944,Slade Cecconi,CLE,L,2236,0.472,0.253,295.0,73.0,9.0,0.274,0.336,0.425,0.76,0.348,0.334,0.197,0.081,0.165,0.441,89.8
677944,Slade Cecconi,CLE,R,1836,0.454,0.253,230.0,61.0,10.0,0.288,0.332,0.491,0.822,0.368,0.334,0.178,0.061,0.213,0.382,87.4
543243,Sonny Gray,BOS,L,3088,0.469,0.322,442.0,92.0,10.0,0.229,0.289,0.368,0.657,0.295,0.306,0.238,0.07,0.219,0.375,88.8
543243,Sonny Gray,BOS,R,2111,0.476,0.316,238.0,56.0,6.0,0.252,0.303,0.383,0.685,0.308,0.297,0.185,0.063,0.201,0.397,88.9
681293,Spencer Arrighetti,TOR,L,1477,0.404,0.245,288.0,51.0,12.0,0.221,0.366,0.411,0.777,0.352,0.366,0.215,0.156,0.252,0.324,87.3
681293,Spencer Arrighetti,TOR,R,1086,0.446,0.276,203.0,37.0,6.0,0.211,0.307,0.349,0.656,0.317,0.325,0.217,0.094,0.213,0.301,85.6
702352,Spencer Bivens,SF,L,664,0.488,0.262,11.0,6.0,1.0,0.75,0.727,1.125,1.852,0.718,0.563,0.091,0.182,0.087,0.375,91.1
702352,Spencer Bivens,SF,R,761,0.474,0.312,19.0,5.0,0.0,0.294,0.368,0.353,0.721,0.329,0.265,0.368,0.105,0.267,0.2,91.0
693686,Spencer Miles,TOR,L,799,0.488,0.285,208.0,48.0,5.0,0.245,0.28,0.372,0.653,0.293,0.296,0.226,0.048,0.172,0.4,88.6
693686,Spencer Miles,TOR,R,683,0.457,0.258,174.0,30.0,0.0,0.188,0.253,0.194,0.447,0.22,0.234,0.253,0.075,0.167,0.296,83.9
675911,Spencer Strider,ATL,L,1582,0.477,0.264,107.0,19.0,6.0,0.207,0.308,0.489,0.798,0.339,0.317,0.271,0.121,0.249,0.406,88.9
675911,Spencer Strider,ATL,R,1220,0.466,0.317,58.0,14.0,3.0,0.28,0.362,0.52,0.882,0.377,0.242,0.293,0.121,0.282,0.294,87.7
663568,Stephen Kolek,KC,L,1458,0.458,0.253,125.0,32.0,3.0,0.267,0.296,0.425,0.721,0.327,0.294,0.192,0.04,0.163,0.309,87.6
663568,Stephen Kolek,KC,R,1073,0.488,0.278,98.0,22.0,4.0,0.247,0.316,0.438,0.755,0.342,0.315,0.102,0.071,0.209,0.443,88.8
674444,Steven Cruz,KC,L,881,0.512,0.248,147.0,30.0,10.0,0.222,0.281,0.467,0.747,0.344,0.319,0.286,0.061,0.297,0.391,87.6
674444,Steven Cruz,KC,R,704,0.511,0.265,99.0,24.0,4.0,0.273,0.347,0.443,0.79,0.349,0.301,0.232,0.091,0.187,0.348,87.9
571927,Steven Matz,TB,L,881,0.467,0.305,115.0,22.0,3.0,0.208,0.254,0.34,0.594,0.286,0.273,0.148,0.052,0.158,0.275,84.9
571927,Steven Matz,TB,R,1591,0.49,0.289,218.0,50.0,11.0,0.255,0.321,0.495,0.816,0.357,0.375,0.188,0.087,0.19,0.382,88.6
595345,Steven Okert,HOU,L,914,0.476,0.295,124.0,21.0,2.0,0.188,0.246,0.304,0.549,0.248,0.306,0.218,0.048,0.258,0.326,84.3
595345,Steven Okert,HOU,R,1194,0.523,0.278,135.0,24.0,5.0,0.195,0.246,0.35,0.596,0.268,0.244,0.304,0.059,0.311,0.384,88.7
592836,Taijuan Walker,PHI,L,1397,0.434,0.233,75.0,26.0,6.0,0.388,0.44,0.731,1.171,0.513,0.457,0.12,0.093,0.121,0.39,88.8
592836,Taijuan Walker,PHI,R,1089,0.468,0.289,39.0,10.0,2.0,0.294,0.385,0.529,0.914,0.418,0.322,0.205,0.103,0.162,0.296,84.7
671737,Taj Bradley,MIN,L,2964,0.468,0.254,440.0,78.0,17.0,0.202,0.295,0.368,0.662,0.3,0.31,0.286,0.116,0.24,0.445,90.2
671737,Taj Bradley,MIN,R,2361,0.484,0.299,308.0,64.0,6.0,0.23,0.302,0.349,0.651,0.297,0.304,0.256,0.081,0.244,0.465,91.0
681084,Tanner Andrews,TOR,L,27,0.259,0.053,,,,,,,,,,,,,,
681084,Tanner Andrews,TOR,R,16,0.688,0.556,,,,,,,,,,,,,,
621383,Tanner Banks,PHI,L,697,0.486,0.301,71.0,20.0,4.0,0.323,0.4,0.581,0.981,0.436,0.364,0.254,0.099,0.244,0.326,83.6
621383,Tanner Banks,PHI,R,1043,0.5,0.276,99.0,32.0,4.0,0.348,0.384,0.565,0.949,0.423,0.283,0.192,0.061,0.182,0.329,86.0
676440,Tanner Bibee,CLE,L,3269,0.472,0.268,437.0,95.0,22.0,0.24,0.303,0.452,0.755,0.334,0.335,0.199,0.073,0.23,0.389,87.9
676440,Tanner Bibee,CLE,R,2580,0.456,0.26,315.0,73.0,7.0,0.252,0.305,0.372,0.677,0.303,0.294,0.171,0.07,0.19,0.402,89.4
685299,Tanner Gordon,COL,L,1554,0.533,0.317,255.0,76.0,13.0,0.313,0.337,0.572,0.909,0.391,0.329,0.188,0.035,0.198,0.395,89.8
685299,Tanner Gordon,COL,R,1295,0.527,0.282,192.0,60.0,6.0,0.339,0.37,0.542,0.913,0.403,0.342,0.188,0.047,0.201,0.463,90.0
663432,Tanner Rainey,DET,L,168,0.47,0.272,16.0,1.0,0.0,0.083,0.312,0.083,0.396,0.231,0.24,0.25,0.25,0.423,0.125,83.9
663432,Tanner Rainey,DET,R,160,0.388,0.187,16.0,2.0,0.0,0.182,0.438,0.273,0.71,0.377,0.399,0.125,0.25,0.294,0.25,85.9
656945,Tanner Scott,LAD,L,519,0.561,0.434,75.0,14.0,0.0,0.197,0.216,0.225,0.442,0.214,0.264,0.333,0.027,0.359,0.271,84.8
656945,Tanner Scott,LAD,R,1339,0.544,0.366,167.0,33.0,4.0,0.212,0.259,0.365,0.624,0.282,0.275,0.317,0.054,0.297,0.373,89.0
669373,Tarik Skubal,LAD,L,1028,0.54,0.339,138.0,35.0,4.0,0.261,0.283,0.425,0.708,0.308,0.26,0.333,0.029,0.288,0.368,87.5
669373,Tarik Skubal,LAD,R,4103,0.537,0.358,460.0,88.0,10.0,0.207,0.255,0.326,0.581,0.274,0.275,0.283,0.05,0.289,0.351,85.4
837227,Tatsuya Imai,HOU,L,905,0.448,0.272,203.0,37.0,7.0,0.219,0.34,0.379,0.719,0.323,0.355,0.266,0.153,0.262,0.483,90.5
837227,Tatsuya Imai,HOU,R,538,0.414,0.284,131.0,21.0,2.0,0.196,0.338,0.28,0.619,0.296,0.294,0.305,0.153,0.372,0.382,84.2
642048,Tayler Saucedo,LAA,L,314,0.439,0.299,47.0,9.0,0.0,0.231,0.348,0.256,0.604,0.295,0.298,0.255,0.128,0.366,0.214,82.1
642048,Tayler Saucedo,LAA,R,256,0.488,0.328,39.0,6.0,1.0,0.171,0.231,0.286,0.516,0.229,0.214,0.333,0.026,0.321,0.391,90.1
664199,Taylor Clarke,AZ,L,1021,0.484,0.289,156.0,32.0,3.0,0.224,0.266,0.336,0.602,0.268,0.347,0.141,0.038,0.162,0.32,85.7
664199,Taylor Clarke,AZ,R,863,0.481,0.308,118.0,20.0,3.0,0.182,0.22,0.3,0.52,0.249,0.284,0.186,0.051,0.263,0.348,87.7
688497,Taylor Rashi,ATH,L,181,0.398,0.271,11.0,4.0,0.0,0.444,0.545,0.556,1.101,0.486,0.395,0.182,0.182,0.211,0.571,88.9
688497,Taylor Rashi,ATH,R,226,0.425,0.218,15.0,2.0,1.0,0.143,0.2,0.357,0.557,0.24,0.332,0.2,0.067,0.385,0.455,89.5
573124,Taylor Rogers,MIN,L,963,0.388,0.222,140.0,32.0,1.0,0.264,0.353,0.339,0.691,0.324,0.288,0.2,0.107,0.203,0.189,80.0
573124,Taylor Rogers,MIN,R,1014,0.452,0.288,126.0,31.0,4.0,0.282,0.355,0.473,0.828,0.381,0.343,0.198,0.079,0.149,0.384,88.8
622088,Tejay Antone,CIN,L,373,0.45,0.324,94.0,23.0,3.0,0.284,0.372,0.494,0.866,0.392,0.34,0.213,0.085,0.244,0.409,90.7
622088,Tejay Antone,CIN,R,517,0.462,0.341,128.0,21.0,3.0,0.186,0.256,0.31,0.566,0.289,0.271,0.266,0.062,0.264,0.28,81.5
623381,Thomas Pannone,MIL,L,30,0.467,0.167,,,,,,,,,,,,,,
623381,Thomas Pannone,MIL,R,26,0.5,0.333,,,,,,,,,,,,,,
682120,Tim Herrin,CLE,L,781,0.423,0.291,105.0,19.0,2.0,0.213,0.295,0.337,0.632,0.289,0.27,0.267,0.076,0.351,0.323,86.7
682120,Tim Herrin,CLE,R,951,0.451,0.294,131.0,24.0,3.0,0.218,0.323,0.373,0.696,0.328,0.327,0.191,0.13,0.244,0.429,87.8
657612,Tim Hill,NYY,L,925,0.523,0.367,135.0,25.0,5.0,0.2,0.254,0.336,0.59,0.29,0.288,0.119,0.044,0.132,0.364,85.6
657612,Tim Hill,NYY,R,799,0.481,0.243,102.0,27.0,7.0,0.293,0.353,0.543,0.896,0.398,0.38,0.088,0.049,0.082,0.537,91.4
641835,Tim Mayza,PHI,L,559,0.426,0.276,112.0,23.0,2.0,0.219,0.261,0.324,0.585,0.284,0.251,0.205,0.045,0.166,0.398,85.3
641835,Tim Mayza,PHI,R,796,0.466,0.271,148.0,32.0,4.0,0.235,0.286,0.39,0.675,0.307,0.308,0.27,0.068,0.241,0.495,91.4
669298,Tj Shook,COL,L,85,0.494,0.37,22.0,8.0,2.0,0.381,0.409,0.81,1.219,0.507,0.246,0.227,0.045,0.19,0.312,91.7
669298,Tj Shook,COL,R,50,0.44,0.217,14.0,4.0,1.0,0.308,0.357,0.692,1.049,0.436,0.433,0.143,0.071,0.182,0.545,90.9
668964,Tobias Myers,NYM,L,837,0.51,0.282,121.0,23.0,6.0,0.207,0.242,0.414,0.656,0.279,0.283,0.24,0.05,0.206,0.442,89.2
668964,Tobias Myers,NYM,R,815,0.517,0.279,103.0,33.0,3.0,0.355,0.412,0.591,1.003,0.44,0.357,0.097,0.087,0.154,0.447,90.8
676680,Tom Cosgrove,WSH,L,115,0.565,0.32,31.0,6.0,1.0,0.231,0.29,0.462,0.752,0.311,0.288,0.226,0.032,0.21,0.476,84.7
676680,Tom Cosgrove,WSH,R,217,0.493,0.3,43.0,12.0,2.0,0.333,0.395,0.639,1.034,0.445,0.343,0.163,0.116,0.081,0.323,86.9
592454,Tommy Kahnle,BOS,L,672,0.454,0.271,24.0,6.0,1.0,0.3,0.417,0.55,0.967,0.417,0.392,0.083,0.167,0.151,0.444,88.3
592454,Tommy Kahnle,BOS,R,533,0.43,0.233,19.0,6.0,1.0,0.353,0.421,0.647,1.068,0.453,0.367,0.158,0.105,0.152,0.714,94.3
667297,Tommy Nance,MIN,L,659,0.431,0.321,120.0,32.0,5.0,0.314,0.387,0.49,0.877,0.395,0.358,0.275,0.117,0.199,0.403,88.4
667297,Tommy Nance,MIN,R,777,0.501,0.362,135.0,27.0,3.0,0.214,0.259,0.31,0.569,0.262,0.286,0.259,0.052,0.282,0.363,87.6
608372,Tomoyuki Sugano,COL,L,2763,0.464,0.287,353.0,86.0,21.0,0.264,0.316,0.546,0.862,0.371,0.386,0.153,0.071,0.204,0.412,90.0
608372,Tomoyuki Sugano,COL,R,2246,0.473,0.277,278.0,75.0,10.0,0.292,0.32,0.494,0.814,0.352,0.376,0.133,0.04,0.138,0.467,91.5
664062,Tony Gonsolin,KC,L,386,0.399,0.227,,,,,,,,,,,,,,
664062,Tony Gonsolin,KC,R,286,0.465,0.262,,,,,,,,,,,,,,
663574,Tony Santillan,CIN,L,1019,0.466,0.232,92.0,17.0,5.0,0.239,0.4,0.493,0.893,0.395,0.438,0.141,0.207,0.125,0.516,90.6
663574,Tony Santillan,CIN,R,915,0.477,0.268,95.0,22.0,6.0,0.265,0.33,0.494,0.824,0.382,0.335,0.242,0.074,0.238,0.397,89.3
701519,Travis Adams,MIN,L,876,0.463,0.298,134.0,33.0,5.0,0.273,0.343,0.479,0.823,0.363,0.322,0.201,0.097,0.24,0.351,86.3
701519,Travis Adams,MIN,R,698,0.484,0.294,105.0,18.0,3.0,0.198,0.279,0.363,0.641,0.284,0.304,0.295,0.105,0.266,0.27,83.2
805345,Trent Harris,SF,L,221,0.385,0.252,53.0,11.0,0.0,0.22,0.264,0.32,0.584,0.276,0.206,0.34,0.057,0.212,0.25,83.8
805345,Trent Harris,SF,R,118,0.458,0.333,32.0,5.0,0.0,0.179,0.281,0.25,0.531,0.25,0.239,0.281,0.125,0.259,0.211,83.6
663423,Trent Thornton,CHC,L,676,0.447,0.285,79.0,14.0,4.0,0.203,0.304,0.406,0.71,0.313,0.363,0.215,0.127,0.139,0.5,92.8
663423,Trent Thornton,CHC,R,706,0.523,0.311,116.0,27.0,4.0,0.252,0.304,0.421,0.725,0.325,0.324,0.121,0.043,0.236,0.409,88.3
694680,Trevor Martin,LAA,L,133,0.474,0.282,38.0,9.0,1.0,0.265,0.342,0.412,0.754,0.358,0.322,0.105,0.105,0.159,0.4,87.0
694680,Trevor Martin,LAA,R,96,0.479,0.217,28.0,9.0,3.0,0.375,0.464,0.792,1.256,0.52,0.409,0.143,0.071,0.283,0.45,87.6
686790,Trevor Mcdonald,SF,L,716,0.439,0.299,177.0,44.0,6.0,0.288,0.369,0.477,0.846,0.379,0.342,0.158,0.073,0.19,0.367,89.0
686790,Trevor Mcdonald,SF,R,635,0.465,0.342,131.0,25.0,1.0,0.214,0.298,0.265,0.563,0.275,0.27,0.221,0.076,0.217,0.393,88.2
656730,Trevor Megill,MIL,L,790,0.478,0.333,110.0,16.0,1.0,0.157,0.194,0.196,0.391,0.201,0.236,0.282,0.036,0.274,0.411,88.4
656730,Trevor Megill,MIL,R,850,0.532,0.384,125.0,23.0,0.0,0.2,0.248,0.27,0.518,0.24,0.263,0.296,0.064,0.294,0.407,89.1
670950,Trevor Richards,CWS,L,602,0.495,0.317,146.0,25.0,5.0,0.189,0.233,0.364,0.597,0.254,0.338,0.199,0.062,0.189,0.454,92.1
670950,Trevor Richards,CWS,R,769,0.472,0.293,179.0,43.0,6.0,0.261,0.315,0.442,0.757,0.346,0.288,0.223,0.067,0.211,0.368,89.1
669432,Trevor Rogers,BAL,L,981,0.492,0.302,169.0,30.0,1.0,0.192,0.243,0.288,0.531,0.247,0.235,0.26,0.065,0.226,0.278,84.4
669432,Trevor Rogers,BAL,R,3281,0.536,0.34,510.0,126.0,18.0,0.265,0.308,0.446,0.754,0.337,0.31,0.214,0.055,0.218,0.387,88.7
592866,Trevor Williams,TEX,L,1025,0.457,0.261,53.0,12.0,2.0,0.255,0.321,0.468,0.789,0.355,0.329,0.226,0.075,0.264,0.278,85.4
592866,Trevor Williams,TEX,R,909,0.481,0.292,60.0,11.0,2.0,0.216,0.3,0.333,0.633,0.298,0.292,0.317,0.1,0.223,0.471,87.9
694346,Trey Gibson,BAL,L,386,0.451,0.324,100.0,25.0,3.0,0.291,0.39,0.43,0.82,0.376,0.394,0.19,0.14,0.218,0.493,91.6
694346,Trey Gibson,BAL,R,325,0.375,0.205,83.0,16.0,4.0,0.235,0.361,0.441,0.803,0.375,0.346,0.217,0.157,0.18,0.392,89.7
702056,Trey Yesavage,TOR,L,1014,0.469,0.305,223.0,36.0,5.0,0.188,0.293,0.33,0.623,0.29,0.303,0.215,0.126,0.282,0.322,87.4
702056,Trey Yesavage,TOR,R,814,0.478,0.312,170.0,26.0,6.0,0.178,0.268,0.363,0.631,0.284,0.259,0.271,0.106,0.288,0.362,86.4
663941,Tristan Beck,SF,L,525,0.503,0.264,33.0,9.0,1.0,0.3,0.312,0.467,0.779,0.338,0.207,0.121,0.03,0.154,0.321,84.1
663941,Tristan Beck,SF,R,571,0.48,0.291,39.0,8.0,1.0,0.235,0.333,0.382,0.716,0.321,0.406,0.077,0.103,0.167,0.419,91.5
687859,Troy Johnston,COL,L,25,0.56,0.444,,,,,,,,,,,,,,
675512,Troy Melton,DET,L,1421,0.486,0.283,279.0,56.0,11.0,0.229,0.313,0.437,0.75,0.335,0.321,0.183,0.093,0.194,0.386,89.2
675512,Troy Melton,DET,R,1008,0.501,0.313,191.0,36.0,2.0,0.202,0.257,0.287,0.543,0.255,0.275,0.225,0.058,0.251,0.378,87.2
621389,Ty Blach,CHC,L,16,0.5,0.25,,,,,,,,,,,,,,
680744,Ty Madden,DET,L,370,0.505,0.31,96.0,18.0,1.0,0.205,0.271,0.307,0.578,0.26,0.246,0.229,0.073,0.251,0.288,87.7
680744,Ty Madden,DET,R,350,0.477,0.317,85.0,15.0,4.0,0.195,0.271,0.377,0.647,0.31,0.304,0.247,0.082,0.21,0.327,85.7
641302,Tyler Alexander,TEX,L,1100,0.498,0.301,128.0,33.0,1.0,0.28,0.317,0.331,0.648,0.308,0.284,0.172,0.031,0.205,0.286,83.3
641302,Tyler Alexander,TEX,R,1650,0.448,0.281,171.0,35.0,2.0,0.232,0.316,0.344,0.66,0.313,0.267,0.211,0.105,0.203,0.353,88.1
682997,Tyler Callihan,PIT,L,29,0.414,0.364,,,,,,,,,,,,,,
682997,Tyler Callihan,PIT,R,24,0.292,0.111,,,,,,,,,,,,,,
699823,Tyler Davis,CWS,L,184,0.533,0.374,47.0,9.0,1.0,0.22,0.298,0.341,0.639,0.336,0.305,0.213,0.106,0.245,0.333,88.7
699823,Tyler Davis,CWS,R,295,0.488,0.327,77.0,11.0,1.0,0.164,0.26,0.224,0.484,0.244,0.277,0.208,0.117,0.188,0.471,90.8
621053,Tyler Ferguson,CHC,L,446,0.428,0.237,33.0,9.0,3.0,0.321,0.424,0.75,1.174,0.483,0.507,0.091,0.121,0.25,0.68,93.3
621053,Tyler Ferguson,CHC,R,845,0.488,0.329,45.0,6.0,3.0,0.14,0.178,0.349,0.527,0.224,0.19,0.4,0.0,0.264,0.24,87.5
656457,Tyler Gilbert,CWS,L,473,0.452,0.27,18.0,4.0,1.0,0.267,0.389,0.6,0.989,0.417,0.418,0.222,0.167,0.258,0.545,94.4
656457,Tyler Gilbert,CWS,R,515,0.458,0.245,14.0,8.0,1.0,0.615,0.643,1.077,1.72,0.718,0.493,0.0,0.071,0.103,0.692,95.7
607192,Tyler Glasnow,LAD,L,1341,0.421,0.237,167.0,25.0,4.0,0.171,0.257,0.301,0.559,0.255,0.287,0.293,0.108,0.28,0.404,90.6
607192,Tyler Glasnow,LAD,R,1208,0.418,0.267,97.0,17.0,3.0,0.187,0.229,0.33,0.559,0.256,0.229,0.392,0.041,0.331,0.37,89.0
623168,Tyler Heineman,LAA,L,53,0.528,0.393,10.0,3.0,1.0,0.333,0.4,0.667,1.067,0.45,0.391,0.0,0.1,0.0,0.222,85.1
623168,Tyler Heineman,LAA,R,69,0.58,0.452,16.0,6.0,1.0,0.375,0.375,0.75,1.125,0.472,0.414,0.0,0.0,0.0,0.688,94.1
663947,Tyler Holton,DET,L,979,0.449,0.294,129.0,31.0,3.0,0.263,0.32,0.381,0.702,0.319,0.301,0.209,0.07,0.233,0.326,86.0
663947,Tyler Holton,DET,R,1314,0.479,0.287,170.0,40.0,5.0,0.26,0.325,0.403,0.728,0.329,0.3,0.165,0.059,0.201,0.414,87.4
641755,Tyler Kinley,DET,L,1039,0.461,0.296,105.0,17.0,7.0,0.185,0.276,0.435,0.711,0.319,0.287,0.238,0.105,0.249,0.313,86.1
641755,Tyler Kinley,DET,R,1121,0.464,0.288,122.0,22.0,3.0,0.206,0.292,0.327,0.619,0.286,0.284,0.189,0.09,0.264,0.247,82.2
641816,Tyler Mahle,ATL,L,1879,0.489,0.326,328.0,63.0,10.0,0.209,0.259,0.361,0.62,0.274,0.273,0.244,0.061,0.223,0.323,87.6
641816,Tyler Mahle,ATL,R,1815,0.455,0.241,263.0,69.0,8.0,0.294,0.36,0.434,0.794,0.359,0.34,0.202,0.091,0.205,0.435,90.9
663969,Tyler Phillips,MIA,L,1708,0.44,0.303,291.0,63.0,9.0,0.247,0.334,0.404,0.738,0.335,0.343,0.189,0.113,0.257,0.442,89.2
663969,Tyler Phillips,MIA,R,1370,0.491,0.366,231.0,46.0,8.0,0.219,0.29,0.367,0.657,0.307,0.313,0.19,0.082,0.238,0.404,88.5
643511,Tyler Rogers,TOR,L,1044,0.497,0.223,156.0,35.0,1.0,0.241,0.295,0.297,0.591,0.308,0.27,0.128,0.058,0.075,0.254,83.6
643511,Tyler Rogers,TOR,R,959,0.537,0.342,131.0,25.0,1.0,0.207,0.254,0.256,0.51,0.25,0.261,0.145,0.061,0.188,0.282,83.9
701719,Tyler Samaniego,BOS,L,161,0.41,0.218,41.0,9.0,1.0,0.273,0.385,0.394,0.779,0.363,0.408,0.22,0.122,0.242,0.346,83.3
701719,Tyler Samaniego,BOS,R,154,0.448,0.293,49.0,13.0,0.0,0.295,0.347,0.318,0.665,0.321,0.27,0.163,0.061,0.145,0.378,87.5
805326,Tyler Schweitzer,CWS,L,228,0.509,0.25,63.0,13.0,1.0,0.236,0.333,0.345,0.679,0.314,0.399,0.079,0.127,0.207,0.429,88.9
805326,Tyler Schweitzer,CWS,R,338,0.533,0.318,91.0,23.0,2.0,0.267,0.3,0.43,0.73,0.319,0.332,0.143,0.044,0.172,0.493,91.1
686475,Tyler Tolbert,KC,L,57,0.368,0.325,19.0,11.0,1.0,0.611,0.632,0.833,1.465,0.634,0.547,0.0,0.053,0.048,0.444,90.2
686475,Tyler Tolbert,KC,R,49,0.306,0.25,14.0,6.0,3.0,0.545,0.643,1.364,2.006,0.771,0.631,0.0,0.143,0.0,0.455,93.0
700413,Tyler Uberstine,BOS,R,35,0.657,0.429,,,,,,,,,,,,,,
669330,Tyler Wells,TB,L,792,0.511,0.341,152.0,24.0,4.0,0.174,0.233,0.29,0.523,0.241,0.254,0.25,0.066,0.283,0.228,83.3
669330,Tyler Wells,TB,R,622,0.55,0.35,125.0,23.0,4.0,0.202,0.248,0.377,0.625,0.275,0.28,0.264,0.056,0.289,0.452,91.0
676604,Tyler Zuber,MIA,L,394,0.467,0.272,80.0,25.0,5.0,0.338,0.362,0.608,0.971,0.427,0.291,0.2,0.05,0.185,0.467,93.1
676604,Tyler Zuber,MIA,R,549,0.463,0.322,95.0,21.0,5.0,0.244,0.316,0.453,0.769,0.344,0.309,0.274,0.074,0.216,0.417,87.1
594027,Tyron Guerrero,BOS,L,308,0.594,0.36,76.0,15.0,1.0,0.211,0.263,0.282,0.545,0.247,0.233,0.342,0.066,0.306,0.413,87.5
594027,Tyron Guerrero,BOS,R,304,0.536,0.342,86.0,21.0,1.0,0.259,0.294,0.321,0.615,0.289,0.273,0.174,0.023,0.117,0.275,82.2
678368,Valente Bellozo,COL,L,727,0.458,0.24,16.0,3.0,2.0,0.2,0.25,0.6,0.85,0.4,0.461,0.25,0.062,0.385,0.6,94.3
678368,Valente Bellozo,COL,R,773,0.519,0.268,32.0,7.0,3.0,0.269,0.387,0.615,1.002,0.457,0.482,0.125,0.125,0.212,0.455,86.6
682989,Victor Mederos,ATL,L,427,0.473,0.264,70.0,14.0,0.0,0.233,0.319,0.317,0.636,0.292,0.295,0.186,0.071,0.262,0.408,88.2
682989,Victor Mederos,ATL,R,439,0.453,0.309,70.0,13.0,1.0,0.21,0.3,0.323,0.623,0.296,0.294,0.271,0.114,0.262,0.372,86.5
680767,Victor Vodnik,MIA,L,1009,0.442,0.244,138.0,30.0,3.0,0.246,0.326,0.385,0.711,0.337,0.309,0.167,0.101,0.21,0.404,89.9
680767,Victor Vodnik,MIA,R,915,0.455,0.242,118.0,27.0,0.0,0.287,0.393,0.362,0.755,0.359,0.326,0.161,0.144,0.227,0.383,89.7
592826,Vince Velasquez,CHC,L,23,0.478,0.364,,,,,,,,,,,,,,
592826,Vince Velasquez,CHC,R,20,0.5,0.273,,,,,,,,,,,,,,
645302,Víctor Robles,SEA,R,16,0.375,0.222,,,,,,,,,,,,,,
700712,Walbert Ureña,LAA,L,1419,0.449,0.312,352.0,68.0,5.0,0.224,0.325,0.326,0.65,0.311,0.295,0.202,0.125,0.254,0.359,86.8
700712,Walbert Ureña,LAA,R,1071,0.483,0.319,272.0,46.0,5.0,0.191,0.276,0.282,0.558,0.269,0.264,0.261,0.081,0.271,0.343,86.7
621111,Walker Buehler,SD,L,2705,0.443,0.259,364.0,90.0,10.0,0.275,0.349,0.422,0.771,0.35,0.325,0.201,0.091,0.169,0.38,89.0
621111,Walker Buehler,SD,R,2028,0.453,0.27,269.0,54.0,11.0,0.221,0.287,0.402,0.689,0.302,0.302,0.197,0.078,0.197,0.394,89.3
593974,Wandy Peralta,SD,L,1104,0.507,0.325,152.0,37.0,3.0,0.276,0.353,0.41,0.764,0.345,0.3,0.191,0.092,0.198,0.358,86.2
593974,Wandy Peralta,SD,R,1254,0.477,0.313,165.0,42.0,4.0,0.271,0.309,0.432,0.741,0.328,0.332,0.121,0.048,0.206,0.343,86.9
700327,Welinton Herrera,COL,L,25,0.48,0.308,,,,,,,,,,,,,,
700327,Welinton Herrera,COL,R,20,0.45,0.125,,,,,,,,,,,,,,
642215,Weston Wilson,SEA,L,28,0.5,0.412,,,,,,,,,,,,,,
642215,Weston Wilson,SEA,R,68,0.471,0.333,15.0,8.0,2.0,0.571,0.533,1.0,1.533,0.687,0.477,0.0,0.0,0.042,0.4,88.0
696062,Wilber Dotel,PIT,L,390,0.469,0.286,91.0,16.0,0.0,0.2,0.267,0.238,0.504,0.243,0.259,0.297,0.088,0.224,0.527,89.1
696062,Wilber Dotel,PIT,R,275,0.487,0.275,76.0,22.0,2.0,0.314,0.368,0.443,0.811,0.359,0.34,0.158,0.079,0.187,0.362,89.5
678576,Wilkin Ramos,SF,L,36,0.25,0.053,,,,,,,,,,,,,,
678576,Wilkin Ramos,SF,R,25,0.56,0.5,,,,,,,,,,,,,,
702021,Will Dion,WSH,L,310,0.513,0.281,75.0,18.0,2.0,0.265,0.32,0.426,0.746,0.337,0.282,0.267,0.08,0.245,0.429,89.4
702021,Will Dion,WSH,R,445,0.506,0.384,119.0,23.0,6.0,0.213,0.286,0.417,0.702,0.308,0.286,0.277,0.084,0.258,0.27,83.7
694361,Will Klein,LAD,L,573,0.421,0.277,93.0,21.0,1.0,0.256,0.344,0.317,0.661,0.321,0.276,0.29,0.118,0.24,0.4,88.7
694361,Will Klein,LAD,R,499,0.441,0.273,94.0,22.0,2.0,0.265,0.351,0.361,0.713,0.343,0.301,0.234,0.085,0.19,0.361,88.3
676684,Will Vest,DET,L,806,0.48,0.314,59.0,12.0,0.0,0.245,0.345,0.265,0.61,0.292,0.279,0.288,0.136,0.283,0.382,89.0
676684,Will Vest,DET,R,819,0.47,0.304,56.0,16.0,2.0,0.308,0.357,0.5,0.857,0.404,0.336,0.179,0.036,0.173,0.326,87.8
701542,Will Warren,NYY,L,3054,0.407,0.26,380.0,93.0,11.0,0.273,0.339,0.437,0.776,0.357,0.343,0.203,0.087,0.174,0.455,90.9
701542,Will Warren,NYY,R,2346,0.462,0.28,281.0,62.0,10.0,0.242,0.296,0.434,0.73,0.325,0.298,0.263,0.071,0.245,0.439,90.1
687531,William Kempner,MIA,L,137,0.518,0.373,33.0,5.0,1.0,0.167,0.242,0.333,0.576,0.255,0.266,0.364,0.061,0.38,0.222,89.4
687531,William Kempner,MIA,R,62,0.323,0.143,17.0,3.0,0.0,0.214,0.353,0.214,0.567,0.282,0.384,0.118,0.118,0.05,0.25,80.5
692437,Winston Santos,TEX,L,21,0.429,0.125,,,,,,,,,,,,,,
808970,Woo Suk Go,MIN,L,52,0.519,0.261,13.0,6.0,2.0,0.462,0.462,1.154,1.615,0.665,0.424,0.308,0.0,0.185,0.667,95.7
808970,Woo Suk Go,MIN,R,34,0.5,0.125,,,,,,,,,,,,,,
670090,Wyatt Mills,LAD,L,53,0.434,0.087,14.0,1.0,0.0,0.091,0.231,0.091,0.322,0.317,0.217,0.143,0.071,0.13,0.111,82.9
670090,Wyatt Mills,LAD,R,98,0.388,0.213,22.0,4.0,0.0,0.286,0.545,0.286,0.831,0.418,0.45,0.136,0.318,0.158,0.364,90.3
681544,Wyatt Olds,BOS,L,149,0.483,0.253,33.0,4.0,2.0,0.143,0.273,0.393,0.666,0.32,0.314,0.364,0.152,0.306,0.438,94.1
681544,Wyatt Olds,BOS,R,117,0.53,0.356,31.0,7.0,0.0,0.25,0.323,0.286,0.608,0.334,0.248,0.258,0.065,0.258,0.2,87.4
675540,Xzavion Curry,NYM,L,199,0.437,0.235,53.0,11.0,2.0,0.22,0.264,0.38,0.644,0.281,0.294,0.17,0.057,0.188,0.341,89.2
675540,Xzavion Curry,NYM,R,207,0.464,0.233,42.0,11.0,5.0,0.314,0.429,0.8,1.229,0.512,0.402,0.143,0.143,0.101,0.536,93.9
682274,Yaramil Hiraldo,BAL,L,239,0.527,0.333,21.0,2.0,0.0,0.133,0.333,0.133,0.467,0.252,0.265,0.238,0.238,0.318,0.273,87.0
682274,Yaramil Hiraldo,BAL,R,269,0.532,0.371,27.0,7.0,2.0,0.333,0.481,0.714,1.196,0.496,0.357,0.296,0.185,0.4,0.385,90.4
684320,Yariel Rodríguez,TOR,L,561,0.421,0.212,23.0,8.0,2.0,0.421,0.522,0.789,1.311,0.585,0.455,0.13,0.13,0.143,0.375,86.5
684320,Yariel Rodríguez,TOR,R,783,0.457,0.293,22.0,4.0,0.0,0.222,0.364,0.222,0.586,0.291,0.346,0.136,0.182,0.147,0.267,88.0
666974,Yennier Cano,BAL,L,713,0.446,0.3,82.0,20.0,2.0,0.267,0.329,0.387,0.716,0.345,0.391,0.146,0.085,0.23,0.508,92.5
666974,Yennier Cano,BAL,R,1073,0.443,0.292,119.0,18.0,0.0,0.164,0.218,0.191,0.409,0.209,0.208,0.277,0.042,0.24,0.312,86.6
660787,Yerry De Los Santos,NYY,L,371,0.488,0.236,28.0,6.0,1.0,0.24,0.296,0.36,0.656,0.3,0.267,0.25,0.071,0.206,0.316,87.6
660787,Yerry De Los Santos,NYY,R,540,0.452,0.262,55.0,10.0,1.0,0.204,0.278,0.286,0.563,0.292,0.328,0.145,0.091,0.133,0.452,88.9
700270,Yilber Díaz,DET,L,118,0.432,0.281,20.0,5.0,0.0,0.294,0.4,0.412,0.812,0.365,0.37,0.3,0.15,0.256,0.273,93.2
700270,Yilber Díaz,DET,R,88,0.398,0.154,14.0,7.0,2.0,0.583,0.643,1.333,1.976,0.782,0.624,0.0,0.143,0.083,0.583,90.4
672782,Yoendrys Gómez,MIN,L,1237,0.475,0.259,153.0,37.0,6.0,0.274,0.359,0.504,0.863,0.383,0.367,0.216,0.111,0.232,0.48,89.5
672782,Yoendrys Gómez,MIN,R,1026,0.449,0.275,140.0,21.0,1.0,0.179,0.302,0.231,0.533,0.265,0.342,0.221,0.136,0.263,0.364,85.8
670990,Yohan Ramírez,PIT,L,964,0.444,0.272,177.0,29.0,3.0,0.193,0.316,0.32,0.636,0.333,0.312,0.266,0.124,0.238,0.277,86.4
670990,Yohan Ramírez,PIT,R,1044,0.448,0.3,176.0,27.0,1.0,0.172,0.261,0.229,0.491,0.26,0.25,0.29,0.068,0.291,0.337,82.2
808967,Yoshinobu Yamamoto,LAD,L,2837,0.474,0.31,377.0,59.0,10.0,0.169,0.228,0.284,0.512,0.232,0.265,0.255,0.061,0.217,0.333,86.3
808967,Yoshinobu Yamamoto,LAD,R,2622,0.483,0.323,329.0,60.0,10.0,0.197,0.246,0.338,0.584,0.269,0.267,0.261,0.055,0.289,0.378,87.5
672442,Yovanny Cruz,WSH,L,123,0.512,0.283,31.0,9.0,1.0,0.333,0.419,0.444,0.864,0.387,0.403,0.226,0.097,0.286,0.55,92.2
672442,Yovanny Cruz,WSH,R,126,0.397,0.284,36.0,7.0,1.0,0.241,0.389,0.414,0.803,0.361,0.316,0.194,0.167,0.16,0.318,84.0
673513,Yuki Matsui,SD,L,974,0.475,0.275,133.0,15.0,2.0,0.128,0.226,0.205,0.431,0.21,0.238,0.278,0.098,0.296,0.316,84.8
673513,Yuki Matsui,SD,R,1174,0.472,0.326,123.0,20.0,5.0,0.2,0.325,0.39,0.715,0.328,0.307,0.236,0.163,0.306,0.278,85.0
805074,Yunior Marte,SF,L,175,0.411,0.216,41.0,6.0,1.0,0.182,0.341,0.333,0.675,0.312,0.345,0.049,0.195,0.181,0.355,85.4
628708,Yunior Marte,CIN,R,15,0.4,0.4,,,,,,,,,,,,,,
805074,Yunior Marte,SF,R,137,0.496,0.29,42.0,12.0,2.0,0.293,0.31,0.561,0.87,0.368,0.328,0.214,0.024,0.176,0.469,90.1
814305,Yunior Tur,ATH,L,142,0.437,0.304,38.0,9.0,0.0,0.29,0.421,0.419,0.84,0.403,0.353,0.211,0.158,0.29,0.304,86.3
814305,Yunior Tur,ATH,R,106,0.453,0.25,27.0,12.0,4.0,0.522,0.593,1.087,1.68,0.713,0.552,0.148,0.148,0.292,0.45,90.0
579328,Yusei Kikuchi,LAA,L,890,0.483,0.288,72.0,19.0,1.0,0.302,0.375,0.444,0.819,0.385,0.33,0.236,0.097,0.194,0.447,90.6
579328,Yusei Kikuchi,LAA,R,3335,0.479,0.261,209.0,49.0,6.0,0.269,0.34,0.462,0.801,0.353,0.347,0.206,0.1,0.202,0.465,91.3
668678,Zac Gallen,AZ,L,2468,0.437,0.29,251.0,70.0,9.0,0.31,0.367,0.5,0.867,0.381,0.412,0.108,0.072,0.164,0.465,91.2
668678,Zac Gallen,AZ,R,2451,0.464,0.301,218.0,58.0,10.0,0.289,0.341,0.502,0.844,0.381,0.353,0.17,0.073,0.197,0.409,89.5
804267,Zac Thornton,NYM,L,378,0.513,0.321,106.0,22.0,4.0,0.22,0.264,0.36,0.624,0.275,0.3,0.17,0.047,0.211,0.415,87.7
804267,Zac Thornton,NYM,R,798,0.519,0.33,212.0,52.0,9.0,0.265,0.313,0.449,0.762,0.34,0.344,0.193,0.057,0.155,0.414,88.7
688642,Zach Agnos,COL,L,1035,0.485,0.297,197.0,50.0,4.0,0.287,0.352,0.454,0.806,0.369,0.354,0.162,0.091,0.194,0.401,88.5
688642,Zach Agnos,COL,R,1003,0.502,0.304,207.0,52.0,6.0,0.283,0.338,0.473,0.811,0.36,0.345,0.126,0.068,0.207,0.426,88.6
694350,Zach Brzykcy,MIA,L,265,0.506,0.311,,,,,,,,,,,,,,
694350,Zach Brzykcy,MIA,R,243,0.481,0.326,,,,,,,,,,,,,,
621107,Zach Eflin,BAL,L,721,0.485,0.327,10.0,0.0,0.0,0.0,0.2,0.0,0.2,0.14,0.292,0.4,0.2,0.45,0.75,95.0
621107,Zach Eflin,BAL,R,480,0.51,0.295,,,,,,,,,,,,,,
687209,Zach Maxwell,CIN,L,205,0.463,0.299,31.0,7.0,0.0,0.269,0.387,0.346,0.733,0.339,0.372,0.258,0.161,0.136,0.316,91.7
687209,Zach Maxwell,CIN,R,253,0.431,0.183,35.0,10.0,3.0,0.345,0.429,0.655,1.084,0.451,0.348,0.114,0.143,0.145,0.423,91.1
685112,Zach Mccambley,CIN,L,92,0.435,0.26,21.0,1.0,0.0,0.062,0.286,0.062,0.348,0.24,0.342,0.19,0.19,0.25,0.636,95.5
685112,Zach Mccambley,CIN,R,101,0.495,0.4,26.0,10.0,1.0,0.4,0.423,0.6,1.023,0.442,0.372,0.231,0.038,0.3,0.421,87.9
656716,Zach Mckinstry,DET,L,24,0.417,0.333,,,,,,,,,,,,,,
656716,Zach Mckinstry,DET,R,37,0.189,0.188,,,,,,,,,,,,,,
647315,Zach Pop,PHI,L,119,0.412,0.224,16.0,1.0,0.0,0.1,0.312,0.2,0.512,0.253,0.297,0.188,0.188,0.2,0.444,92.1
647315,Zach Pop,PHI,R,138,0.42,0.273,15.0,4.0,0.0,0.267,0.267,0.4,0.667,0.287,0.339,0.2,0.0,0.083,0.5,94.2
677161,Zack Kelly,BOS,L,357,0.499,0.298,21.0,5.0,1.0,0.263,0.3,0.474,0.774,0.378,0.41,0.286,0.048,0.154,0.786,95.7
677161,Zack Kelly,BOS,R,513,0.442,0.292,49.0,8.0,0.0,0.2,0.306,0.2,0.506,0.265,0.351,0.163,0.122,0.207,0.229,83.7
641793,Zack Littell,AZ,L,2473,0.501,0.312,304.0,80.0,22.0,0.29,0.347,0.58,0.926,0.407,0.425,0.118,0.079,0.138,0.461,91.8
641793,Zack Littell,AZ,R,2295,0.515,0.294,238.0,56.0,8.0,0.26,0.307,0.419,0.725,0.321,0.334,0.151,0.063,0.154,0.408,90.2
554430,Zack Wheeler,PHI,L,2934,0.506,0.325,366.0,73.0,13.0,0.222,0.298,0.383,0.681,0.303,0.289,0.29,0.09,0.286,0.42,89.0
554430,Zack Wheeler,PHI,R,2012,0.488,0.356,255.0,45.0,7.0,0.189,0.235,0.319,0.555,0.251,0.229,0.322,0.055,0.284,0.252,82.6
687849,Zak Kent,WSH,L,344,0.439,0.276,39.0,10.0,2.0,0.278,0.333,0.528,0.861,0.414,0.288,0.179,0.077,0.213,0.414,87.9
687849,Zak Kent,WSH,R,258,0.473,0.235,38.0,9.0,1.0,0.281,0.368,0.562,0.931,0.413,0.412,0.132,0.132,0.194,0.464,92.3
805673,Zebby Matthews,MIN,L,1923,0.479,0.285,316.0,75.0,14.0,0.264,0.329,0.461,0.79,0.345,0.334,0.222,0.082,0.174,0.456,91.8
805673,Zebby Matthews,MIN,R,1547,0.495,0.289,229.0,50.0,10.0,0.234,0.279,0.425,0.705,0.309,0.303,0.201,0.057,0.251,0.385,88.8
