pitcher,pitcher_name,current_team,pitch_type,tendency_pitches,usage_rate,avg_velocity,avg_spin_rate,swing_rate_induced,chase_rate_induced,performance_pa,hits_allowed,home_runs_allowed,avg_against,slg_against,woba_against,xwoba_against,k_rate,whiff_rate_induced,hard_hit_rate_allowed,avg_exit_velo_allowed
621345,A. J. Minter,MIN,FC,457,0.534,89.1,2562.0,0.534,0.312,107.0,21.0,5.0,0.208,0.406,0.293,0.277,0.234,0.229,0.329,84.2
621345,A. J. Minter,MIN,FF,264,0.308,93.8,2465.0,0.443,0.243,48.0,16.0,3.0,0.348,0.63,0.446,0.423,0.208,0.185,0.5,90.3
621345,A. J. Minter,MIN,CH,102,0.119,86.4,1606.0,0.431,0.288,19.0,2.0,0.0,0.111,0.111,0.179,0.175,0.211,0.15,0.286,81.9
621345,A. J. Minter,MIN,SI,30,0.035,93.4,2465.0,0.433,0.333,,,,,,,,,,,
676879,Aaron Ashby,MIL,SI,1322,0.516,97.6,2117.0,0.422,0.225,185.0,48.0,5.0,0.3,0.438,0.396,0.351,0.108,0.127,0.454,90.9
676879,Aaron Ashby,MIL,CU,611,0.239,83.0,2725.0,0.29,0.257,74.0,9.0,0.0,0.136,0.152,0.19,0.172,0.608,0.485,0.333,85.0
676879,Aaron Ashby,MIL,CH,302,0.118,91.7,1843.0,0.526,0.374,45.0,10.0,1.0,0.256,0.333,0.302,0.246,0.289,0.489,0.259,80.3
676879,Aaron Ashby,MIL,SL,270,0.105,84.8,2574.0,0.422,0.365,58.0,7.0,1.0,0.13,0.185,0.176,0.147,0.569,0.561,0.286,79.6
676879,Aaron Ashby,MIL,FF,51,0.02,97.1,2239.0,0.529,0.323,,,,,,,,,,,
607481,Aaron Bummer,KC,SI,451,0.354,90.7,2105.0,0.368,0.179,31.0,10.0,3.0,0.4,0.8,0.544,0.401,0.129,0.115,0.571,92.4
607481,Aaron Bummer,KC,CU,398,0.312,80.9,2356.0,0.505,0.397,24.0,6.0,2.0,0.286,0.571,0.479,0.382,0.167,0.171,0.529,90.8
607481,Aaron Bummer,KC,ST,234,0.184,81.0,2396.0,0.419,0.257,18.0,5.0,1.0,0.312,0.688,0.444,0.301,0.222,0.333,0.231,84.5
607481,Aaron Bummer,KC,FF,143,0.112,91.4,2262.0,0.455,0.227,,,,,,,,,,,
607481,Aaron Bummer,KC,FC,34,0.027,87.7,2160.0,0.588,0.385,,,,,,,,,,,
650644,Aaron Civale,CHC,FC,1314,0.364,88.6,2645.0,0.482,0.316,168.0,39.0,5.0,0.257,0.414,0.325,0.285,0.214,0.211,0.381,87.1
650644,Aaron Civale,CHC,CU,802,0.222,77.5,3091.0,0.414,0.302,122.0,23.0,1.0,0.207,0.315,0.275,0.282,0.246,0.228,0.321,84.9
650644,Aaron Civale,CHC,SI,594,0.164,91.9,2272.0,0.449,0.234,84.0,26.0,5.0,0.338,0.61,0.438,0.376,0.179,0.088,0.484,90.5
650644,Aaron Civale,CHC,FF,465,0.129,91.8,2423.0,0.452,0.249,51.0,16.0,6.0,0.34,0.766,0.467,0.437,0.078,0.11,0.651,95.0
650644,Aaron Civale,CHC,FS,230,0.064,85.2,1876.0,0.452,0.305,36.0,11.0,0.0,0.314,0.4,0.324,0.273,0.083,0.237,0.25,86.6
650644,Aaron Civale,CHC,SL,194,0.054,83.1,2868.0,0.49,0.267,20.0,7.0,1.0,0.389,0.611,0.482,0.428,0.1,0.172,0.4,93.4
605400,Aaron Nola,PHI,KC,1429,0.317,78.3,2623.0,0.52,0.465,264.0,43.0,9.0,0.175,0.325,0.253,0.225,0.386,0.402,0.276,82.7
605400,Aaron Nola,PHI,FF,1174,0.261,92.1,2341.0,0.412,0.205,144.0,42.0,11.0,0.318,0.652,0.431,0.384,0.167,0.119,0.486,91.7
605400,Aaron Nola,PHI,SI,810,0.18,91.3,2256.0,0.395,0.212,157.0,46.0,12.0,0.333,0.645,0.444,0.386,0.191,0.103,0.422,90.6
605400,Aaron Nola,PHI,CH,721,0.16,85.4,1573.0,0.473,0.314,112.0,19.0,1.0,0.194,0.245,0.246,0.298,0.134,0.24,0.43,86.2
605400,Aaron Nola,PHI,FC,338,0.075,86.2,2292.0,0.524,0.37,51.0,21.0,2.0,0.429,0.653,0.475,0.357,0.118,0.217,0.442,90.9
605400,Aaron Nola,PHI,SL,21,0.005,83.2,2312.0,0.714,0.545,,,,,,,,,,,
682842,Abner Uribe,MIL,SI,1164,0.557,98.7,2306.0,0.449,0.241,148.0,32.0,2.0,0.241,0.308,0.298,0.307,0.176,0.169,0.4,88.8
682842,Abner Uribe,MIL,SL,881,0.422,87.5,2523.0,0.427,0.309,78.0,9.0,1.0,0.125,0.181,0.188,0.17,0.449,0.36,0.211,82.3
682842,Abner Uribe,MIL,FF,26,0.012,99.7,2406.0,0.654,0.2,,,,,,,,,,,
671936,Adam Macko,TEX,SL,231,0.394,85.2,2524.0,0.472,0.345,58.0,14.0,2.0,0.264,0.396,0.337,0.307,0.241,0.312,0.256,83.1
671936,Adam Macko,TEX,FF,230,0.392,94.6,2286.0,0.548,0.37,63.0,21.0,3.0,0.389,0.593,0.46,0.431,0.159,0.159,0.523,90.4
671936,Adam Macko,TEX,CH,84,0.143,84.5,1485.0,0.333,0.222,18.0,3.0,0.0,0.176,0.235,0.219,0.152,0.333,0.286,0.25,82.9
671936,Adam Macko,TEX,KC,32,0.055,78.8,2855.0,0.188,0.16,,,,,,,,,,,
605288,Adrian Houser,SF,SI,1661,0.458,94.7,2203.0,0.476,0.227,228.0,57.0,7.0,0.288,0.449,0.367,0.384,0.07,0.072,0.436,90.1
605288,Adrian Houser,SF,FF,597,0.165,95.6,2290.0,0.501,0.267,99.0,17.0,1.0,0.183,0.301,0.229,0.257,0.263,0.172,0.418,89.3
605288,Adrian Houser,SF,CH,564,0.156,85.6,1578.0,0.528,0.354,75.0,14.0,2.0,0.2,0.343,0.287,0.257,0.307,0.347,0.362,84.3
605288,Adrian Houser,SF,SL,461,0.127,88.2,2425.0,0.492,0.273,49.0,13.0,3.0,0.283,0.565,0.411,0.371,0.122,0.15,0.405,86.2
605288,Adrian Houser,SF,CU,340,0.094,81.9,1952.0,0.341,0.28,18.0,8.0,2.0,0.5,1.062,0.658,0.481,0.167,0.25,0.462,91.1
670970,Adrián Morejón,SD,SI,1227,0.529,98.6,2411.0,0.487,0.295,158.0,33.0,1.0,0.234,0.284,0.287,0.294,0.114,0.166,0.304,86.1
670970,Adrián Morejón,SD,SL,443,0.191,88.3,2867.0,0.429,0.257,46.0,10.0,2.0,0.227,0.409,0.336,0.268,0.37,0.293,0.407,87.6
670970,Adrián Morejón,SD,CH,364,0.157,91.8,1092.0,0.593,0.525,76.0,12.0,0.0,0.162,0.189,0.182,0.132,0.513,0.554,0.286,85.1
670970,Adrián Morejón,SD,FF,213,0.092,98.8,2450.0,0.592,0.423,55.0,9.0,1.0,0.18,0.26,0.254,0.186,0.527,0.397,0.333,87.7
670970,Adrián Morejón,SD,FC,33,0.014,94.0,2591.0,0.424,0.286,,,,,,,,,,,
805123,Aj Blubaugh,HOU,FF,1114,0.522,95.5,2292.0,0.498,0.244,212.0,36.0,8.0,0.201,0.419,0.327,0.335,0.231,0.2,0.421,90.4
805123,Aj Blubaugh,HOU,ST,476,0.223,84.1,2647.0,0.475,0.341,79.0,15.0,2.0,0.208,0.319,0.252,0.288,0.241,0.285,0.255,83.0
805123,Aj Blubaugh,HOU,CH,438,0.205,86.0,2357.0,0.475,0.328,93.0,20.0,2.0,0.247,0.358,0.304,0.289,0.258,0.323,0.393,88.6
805123,Aj Blubaugh,HOU,FC,73,0.034,88.7,2364.0,0.397,0.259,10.0,3.0,0.0,0.333,0.333,0.34,0.311,0.0,0.423,0.111,81.6
805123,Aj Blubaugh,HOU,CU,31,0.015,79.3,2321.0,0.355,0.182,,,,,,,,,,,
700363,Aj Smith-Shawver,ATL,FF,528,0.43,95.8,2123.0,0.46,0.204,44.0,8.0,3.0,0.216,0.486,0.387,0.343,0.136,0.1,0.367,88.2
700363,Aj Smith-Shawver,ATL,FS,428,0.349,83.0,1160.0,0.551,0.416,56.0,12.0,1.0,0.24,0.34,0.332,0.274,0.268,0.305,0.343,87.2
700363,Aj Smith-Shawver,ATL,CU,159,0.13,76.8,2308.0,0.346,0.202,,,,,,,,,,,
700363,Aj Smith-Shawver,ATL,SL,58,0.047,85.6,2159.0,0.397,0.219,10.0,3.0,0.0,0.333,0.333,0.34,0.268,0.2,0.308,0.429,86.7
700363,Aj Smith-Shawver,ATL,SI,40,0.033,95.0,2087.0,0.45,0.2,10.0,4.0,0.0,0.5,0.875,0.605,0.446,0.0,0.167,0.5,87.8
660604,Alan Rangel,PHI,FF,244,0.367,92.9,2275.0,0.516,0.324,44.0,9.0,2.0,0.25,0.528,0.393,0.374,0.136,0.08,0.467,93.4
660604,Alan Rangel,PHI,CH,237,0.356,81.1,2041.0,0.565,0.364,53.0,15.0,2.0,0.312,0.542,0.382,0.28,0.283,0.327,0.206,83.2
660604,Alan Rangel,PHI,SL,114,0.171,84.7,2271.0,0.386,0.275,18.0,2.0,0.0,0.125,0.125,0.178,0.229,0.389,0.353,0.111,78.7
660604,Alan Rangel,PHI,CU,70,0.105,73.2,2030.0,0.229,0.139,,,,,,,,,,,
544150,Albert Suárez,BAL,FF,564,0.517,93.7,2328.0,0.489,0.301,128.0,29.0,2.0,0.254,0.412,0.332,0.324,0.211,0.189,0.477,93.2
544150,Albert Suárez,BAL,FC,223,0.205,85.8,2177.0,0.543,0.308,51.0,9.0,3.0,0.188,0.396,0.262,0.26,0.137,0.245,0.372,80.6
544150,Albert Suárez,BAL,CH,172,0.158,85.0,2028.0,0.535,0.322,47.0,10.0,3.0,0.238,0.5,0.359,0.408,0.043,0.228,0.231,84.1
544150,Albert Suárez,BAL,CU,103,0.094,78.3,2288.0,0.359,0.164,21.0,6.0,0.0,0.286,0.429,0.307,0.25,0.238,0.233,0.438,88.3
687941,Alec Gamboa,BOS,FF,177,0.415,95.5,2158.0,0.525,0.211,48.0,7.0,0.0,0.184,0.237,0.272,0.238,0.208,0.118,0.323,86.5
687941,Alec Gamboa,BOS,SL,146,0.343,88.5,2155.0,0.589,0.41,42.0,10.0,1.0,0.256,0.436,0.329,0.309,0.143,0.186,0.353,88.1
687941,Alec Gamboa,BOS,SI,90,0.211,94.4,1913.0,0.411,0.227,27.0,6.0,0.0,0.231,0.308,0.252,0.237,0.148,0.081,0.591,94.1
689690,Alek Jacob,SD,FF,284,0.422,85.2,2320.0,0.458,0.222,11.0,3.0,1.0,0.333,0.778,0.505,0.321,0.182,0.211,0.429,92.1
689690,Alek Jacob,SD,CH,219,0.325,74.1,2157.0,0.521,0.368,,,,,,,,,,,
689690,Alek Jacob,SD,SI,103,0.153,84.2,2265.0,0.427,0.268,,,,,,,,,,,
689690,Alek Jacob,SD,ST,67,0.1,71.8,2239.0,0.373,0.111,,,,,,,,,,,
666201,Alek Manoah,LAA,CH,63,0.389,84.0,1907.0,0.397,0.243,14.0,4.0,1.0,0.333,0.75,0.55,0.346,0.143,0.12,0.3,83.8
666201,Alek Manoah,LAA,SI,56,0.346,87.7,2084.0,0.393,0.179,13.0,3.0,0.0,0.3,0.5,0.423,0.415,0.154,0.182,0.5,90.6
666201,Alek Manoah,LAA,SL,23,0.142,77.1,2137.0,0.217,0.125,,,,,,,,,,,
666201,Alek Manoah,LAA,FF,19,0.117,88.7,2280.0,0.474,0.222,,,,,,,,,,,
702047,Alex Cook,TB,FF,66,0.673,95.4,2333.0,0.439,0.2,13.0,3.0,1.0,0.273,0.636,0.427,0.334,0.0,0.138,0.455,91.1
702047,Alex Cook,TB,SL,19,0.194,88.1,2259.0,0.368,0.182,,,,,,,,,,,
695380,Alex Hoppe,BAL,FF,274,0.381,98.4,2287.0,0.471,0.194,74.0,13.0,1.0,0.213,0.344,0.329,0.33,0.203,0.163,0.37,88.0
695380,Alex Hoppe,BAL,SL,265,0.369,88.6,2351.0,0.43,0.295,65.0,16.0,2.0,0.267,0.433,0.348,0.29,0.354,0.395,0.579,92.6
695380,Alex Hoppe,BAL,SI,166,0.231,98.4,2144.0,0.482,0.295,44.0,10.0,0.0,0.244,0.293,0.268,0.253,0.136,0.15,0.2,80.7
656638,Alex Lange,KC,SL,362,0.327,88.0,2274.0,0.533,0.353,82.0,17.0,2.0,0.224,0.355,0.285,0.3,0.305,0.37,0.4,91.0
656638,Alex Lange,KC,SI,255,0.231,95.7,2153.0,0.4,0.209,66.0,16.0,4.0,0.308,0.596,0.449,0.407,0.182,0.19,0.525,93.4
656638,Alex Lange,KC,CH,235,0.212,90.7,1802.0,0.472,0.368,57.0,12.0,2.0,0.235,0.373,0.296,0.25,0.281,0.297,0.361,84.1
656638,Alex Lange,KC,FC,143,0.129,92.1,2289.0,0.427,0.205,32.0,9.0,2.0,0.346,0.731,0.497,0.435,0.031,0.131,0.36,90.3
656638,Alex Lange,KC,FF,111,0.1,95.9,2283.0,0.45,0.258,27.0,6.0,0.0,0.273,0.409,0.369,0.39,0.185,0.143,0.529,93.1
686934,Alex Mcfarlane,PHI,FF,106,0.403,99.7,2564.0,0.547,0.271,24.0,4.0,1.0,0.174,0.304,0.225,0.268,0.333,0.293,0.467,91.3
686934,Alex Mcfarlane,PHI,SI,72,0.274,99.3,2511.0,0.5,0.333,21.0,3.0,0.0,0.167,0.167,0.215,0.329,0.0,0.028,0.421,83.9
686934,Alex Mcfarlane,PHI,SL,52,0.198,87.1,2812.0,0.462,0.393,15.0,5.0,0.0,0.333,0.4,0.383,0.316,0.267,0.292,0.364,87.7
686934,Alex Mcfarlane,PHI,ST,33,0.125,86.5,2886.0,0.333,0.32,,,,,,,,,,,
681911,Alex Vesia,LAD,FF,1119,0.555,92.4,2489.0,0.509,0.303,132.0,17.0,2.0,0.15,0.239,0.258,0.276,0.273,0.233,0.39,90.0
681911,Alex Vesia,LAD,SL,668,0.332,84.7,2379.0,0.461,0.327,69.0,9.0,1.0,0.15,0.25,0.246,0.235,0.406,0.388,0.25,82.9
681911,Alex Vesia,LAD,CH,202,0.1,83.1,1830.0,0.46,0.255,28.0,4.0,1.0,0.154,0.308,0.23,0.234,0.25,0.455,0.316,85.7
695001,Alimber Santa,HOU,ST,90,0.377,82.6,2786.0,0.544,0.348,25.0,3.0,0.0,0.143,0.19,0.15,0.197,0.2,0.224,0.368,83.3
695001,Alimber Santa,HOU,SL,74,0.31,87.4,2327.0,0.392,0.2,18.0,3.0,1.0,0.214,0.429,0.367,0.371,0.111,0.241,0.333,92.6
695001,Alimber Santa,HOU,SI,56,0.234,93.9,1937.0,0.411,0.156,10.0,1.0,0.0,0.111,0.111,0.34,0.229,0.0,0.043,0.222,73.6
695001,Alimber Santa,HOU,FF,18,0.075,95.5,2119.0,0.389,0.182,,,,,,,,,,,
701552,Andre Granillo,WSH,SL,353,0.631,83.1,2331.0,0.465,0.246,30.0,9.0,2.0,0.321,0.571,0.402,0.348,0.1,0.125,0.32,88.0
701552,Andre Granillo,WSH,FF,151,0.27,94.4,2271.0,0.437,0.2,14.0,2.0,0.0,0.286,0.286,0.492,0.499,0.0,0.05,0.667,85.2
701552,Andre Granillo,WSH,SI,30,0.054,94.5,2279.0,0.467,0.368,,,,,,,,,,,
701552,Andre Granillo,WSH,CH,25,0.045,88.2,2018.0,0.28,0.176,,,,,,,,,,,
669467,Andre Pallante,STL,FF,2065,0.392,94.8,2269.0,0.466,0.209,228.0,53.0,4.0,0.259,0.356,0.323,0.33,0.079,0.123,0.399,87.6
669467,Andre Pallante,STL,SL,1513,0.287,87.6,2359.0,0.462,0.29,180.0,36.0,3.0,0.214,0.339,0.278,0.282,0.261,0.299,0.336,87.2
669467,Andre Pallante,STL,KC,823,0.156,78.4,2785.0,0.31,0.194,101.0,23.0,3.0,0.242,0.421,0.314,0.293,0.287,0.283,0.4,88.9
669467,Andre Pallante,STL,SI,793,0.15,95.2,2141.0,0.549,0.374,135.0,34.0,1.0,0.291,0.368,0.348,0.332,0.081,0.093,0.211,83.4
669467,Andre Pallante,STL,FS,74,0.014,88.8,1027.0,0.324,0.145,,,,,,,,,,,
671096,Andrew Abbott,CIN,FF,2538,0.458,92.6,2308.0,0.467,0.247,360.0,78.0,14.0,0.263,0.471,0.386,0.397,0.15,0.098,0.488,92.5
671096,Andrew Abbott,CIN,CH,1083,0.195,85.5,1996.0,0.495,0.357,135.0,33.0,3.0,0.266,0.363,0.297,0.291,0.163,0.355,0.217,82.8
671096,Andrew Abbott,CIN,ST,1023,0.184,82.4,2829.0,0.549,0.373,144.0,30.0,4.0,0.214,0.364,0.27,0.239,0.312,0.246,0.362,86.6
671096,Andrew Abbott,CIN,CU,681,0.123,80.1,2802.0,0.347,0.186,64.0,17.0,4.0,0.283,0.517,0.352,0.321,0.125,0.223,0.339,88.0
671096,Andrew Abbott,CIN,FC,210,0.038,88.7,2562.0,0.586,0.347,13.0,4.0,1.0,0.333,0.583,0.415,0.384,0.077,0.25,0.182,81.8
674841,Andrew Alvarez,WSH,CU,672,0.309,82.8,2726.0,0.457,0.335,159.0,24.0,0.0,0.164,0.219,0.215,0.213,0.428,0.332,0.475,88.2
674841,Andrew Alvarez,WSH,FF,637,0.293,92.1,2327.0,0.403,0.227,125.0,28.0,3.0,0.267,0.419,0.361,0.372,0.12,0.093,0.363,87.5
674841,Andrew Alvarez,WSH,SL,481,0.221,83.7,2660.0,0.464,0.331,90.0,17.0,2.0,0.221,0.416,0.334,0.358,0.222,0.345,0.375,90.2
674841,Andrew Alvarez,WSH,SI,266,0.122,91.7,2278.0,0.383,0.197,58.0,16.0,0.0,0.32,0.36,0.372,0.409,0.052,0.133,0.458,92.2
674841,Andrew Alvarez,WSH,CH,117,0.054,86.2,1827.0,0.368,0.244,18.0,3.0,0.0,0.167,0.167,0.15,0.189,0.056,0.314,0.118,82.1
694851,Andrew Hoffmann,AZ,FF,220,0.462,94.5,2275.0,0.445,0.208,35.0,9.0,2.0,0.31,0.552,0.456,0.34,0.2,0.083,0.565,91.4
694851,Andrew Hoffmann,AZ,CH,181,0.38,87.9,930.0,0.431,0.221,10.0,3.0,0.0,0.333,0.444,0.375,0.339,0.3,0.28,0.333,83.8
694851,Andrew Hoffmann,AZ,SL,67,0.141,86.5,2347.0,0.373,0.162,14.0,4.0,1.0,0.364,0.727,0.561,0.322,0.143,0.188,0.125,77.6
552640,Andrew Kittredge,BAL,SL,749,0.502,89.0,2638.0,0.578,0.506,107.0,24.0,3.0,0.233,0.359,0.306,0.259,0.327,0.335,0.309,86.1
552640,Andrew Kittredge,BAL,SI,555,0.372,95.1,2294.0,0.463,0.288,83.0,24.0,2.0,0.316,0.474,0.383,0.348,0.036,0.094,0.36,86.6
552640,Andrew Kittredge,BAL,FF,168,0.113,94.5,2494.0,0.571,0.307,23.0,7.0,1.0,0.318,0.455,0.352,0.396,0.087,0.078,0.65,91.3
702193,Andrew Morris,MIN,FF,576,0.444,97.4,2056.0,0.5,0.27,138.0,29.0,0.0,0.242,0.283,0.293,0.285,0.246,0.16,0.318,84.8
702193,Andrew Morris,MIN,FC,292,0.225,91.1,2304.0,0.514,0.354,76.0,16.0,3.0,0.219,0.384,0.31,0.263,0.25,0.233,0.426,89.9
702193,Andrew Morris,MIN,SI,151,0.116,96.6,2034.0,0.55,0.352,42.0,15.0,1.0,0.385,0.513,0.414,0.396,0.095,0.181,0.343,85.1
702193,Andrew Morris,MIN,CH,139,0.107,89.2,1495.0,0.374,0.191,27.0,7.0,0.0,0.28,0.44,0.337,0.281,0.148,0.25,0.429,88.9
702193,Andrew Morris,MIN,ST,104,0.08,81.9,2444.0,0.385,0.215,27.0,4.0,0.0,0.16,0.2,0.231,0.16,0.259,0.25,0.111,79.0
702193,Andrew Morris,MIN,CU,17,0.013,73.7,2254.0,0.294,0.1,,,,,,,,,,,
677053,Andrew Nardi,MIA,FF,181,0.479,94.6,2397.0,0.508,0.317,48.0,10.0,0.0,0.25,0.3,0.315,0.344,0.292,0.272,0.481,89.5
677053,Andrew Nardi,MIA,ST,87,0.23,82.7,2481.0,0.425,0.26,20.0,5.0,2.0,0.278,0.667,0.422,0.385,0.35,0.324,0.364,93.5
677053,Andrew Nardi,MIA,SL,59,0.156,85.8,2355.0,0.458,0.308,16.0,3.0,1.0,0.2,0.533,0.325,0.36,0.25,0.259,0.545,92.1
677053,Andrew Nardi,MIA,CH,44,0.116,89.7,1508.0,0.455,0.276,12.0,3.0,1.0,0.273,0.545,0.375,0.283,0.167,0.3,0.333,77.1
691725,Andrew Painter,PHI,FF,665,0.327,96.6,2316.0,0.493,0.312,184.0,57.0,9.0,0.354,0.571,0.431,0.393,0.109,0.125,0.371,88.7
691725,Andrew Painter,PHI,SL,365,0.18,88.0,2583.0,0.408,0.274,92.0,22.0,2.0,0.286,0.429,0.363,0.336,0.304,0.356,0.451,88.5
691725,Andrew Painter,PHI,ST,333,0.164,82.7,2674.0,0.456,0.343,61.0,13.0,3.0,0.236,0.436,0.323,0.302,0.164,0.283,0.283,85.1
691725,Andrew Painter,PHI,CH,202,0.099,90.6,1721.0,0.629,0.491,61.0,7.0,1.0,0.117,0.183,0.171,0.17,0.361,0.323,0.316,84.1
691725,Andrew Painter,PHI,SI,181,0.089,95.1,2179.0,0.525,0.337,54.0,15.0,3.0,0.319,0.532,0.393,0.411,0.056,0.063,0.37,85.6
691725,Andrew Painter,PHI,FS,164,0.081,87.4,1593.0,0.524,0.318,42.0,8.0,3.0,0.195,0.415,0.267,0.234,0.357,0.36,0.308,81.0
691725,Andrew Painter,PHI,CU,123,0.061,81.3,2650.0,0.52,0.383,34.0,5.0,0.0,0.167,0.233,0.241,0.216,0.265,0.25,0.273,86.1
808825,Andrew Sears,DET,FF,146,0.451,94.0,2188.0,0.459,0.236,40.0,10.0,1.0,0.278,0.472,0.358,0.318,0.125,0.149,0.355,91.2
808825,Andrew Sears,DET,SL,98,0.302,82.1,2330.0,0.459,0.355,20.0,4.0,1.0,0.25,0.625,0.472,0.361,0.15,0.356,0.308,89.1
808825,Andrew Sears,DET,CH,43,0.133,87.3,1571.0,0.488,0.387,12.0,3.0,0.0,0.273,0.364,0.388,0.212,0.417,0.524,0.333,79.1
808825,Andrew Sears,DET,SI,36,0.111,92.9,2370.0,0.444,0.235,10.0,3.0,0.0,0.333,0.444,0.375,0.205,0.0,0.062,0.111,84.8
681806,Andrew Wantz,CHC,FF,28,0.346,94.3,2394.0,0.5,0.333,,,,,,,,,,,
681806,Andrew Wantz,CHC,FC,22,0.272,89.5,2517.0,0.591,0.143,,,,,,,,,,,
681806,Andrew Wantz,CHC,SI,15,0.185,93.3,2335.0,0.467,0.125,,,,,,,,,,,
655316,Andruw Monasterio,BOS,SL,27,0.964,49.5,1256.0,0.296,0.15,,,,,,,,,,,
662253,Andrés Muñoz,SEA,SL,926,0.463,86.6,2369.0,0.512,0.413,108.0,17.0,5.0,0.168,0.356,0.251,0.257,0.472,0.491,0.451,89.0
662253,Andrés Muñoz,SEA,FF,771,0.386,99.1,2309.0,0.446,0.226,93.0,22.0,4.0,0.286,0.468,0.398,0.342,0.204,0.213,0.5,90.6
662253,Andrés Muñoz,SEA,SI,203,0.102,98.0,2106.0,0.394,0.253,19.0,7.0,0.0,0.467,0.467,0.442,0.382,0.053,0.115,0.2,85.1
662253,Andrés Muñoz,SEA,CH,88,0.044,92.6,1565.0,0.432,0.385,19.0,0.0,0.0,0.0,0.0,0.0,0.011,0.895,0.8,0.0,65.2
683409,Angel Chivilli,NYY,FF,528,0.402,97.2,2296.0,0.464,0.227,18.0,4.0,1.0,0.267,0.533,0.397,0.38,0.111,0.148,0.538,85.4
683409,Angel Chivilli,NYY,CH,493,0.375,88.9,1828.0,0.529,0.343,34.0,5.0,2.0,0.167,0.367,0.306,0.289,0.294,0.348,0.333,86.6
683409,Angel Chivilli,NYY,SL,286,0.218,90.6,2126.0,0.517,0.327,20.0,5.0,1.0,0.263,0.474,0.332,0.279,0.2,0.36,0.333,87.8
672582,Angel Zerpa,MIL,SI,630,0.479,96.4,2054.0,0.4,0.161,36.0,9.0,1.0,0.3,0.467,0.389,0.407,0.167,0.14,0.52,89.6
672582,Angel Zerpa,MIL,SL,396,0.301,85.4,2600.0,0.437,0.33,15.0,5.0,0.0,0.333,0.4,0.323,0.296,0.067,0.136,0.5,93.3
672582,Angel Zerpa,MIL,FF,236,0.179,96.2,2004.0,0.487,0.302,,,,,,,,,,,
672582,Angel Zerpa,MIL,CH,53,0.04,90.7,1643.0,0.415,0.143,,,,,,,,,,,
607455,Anthony Banda,MIN,SL,771,0.456,85.4,2271.0,0.454,0.322,67.0,12.0,1.0,0.197,0.344,0.309,0.24,0.373,0.372,0.417,89.3
607455,Anthony Banda,MIN,SI,414,0.245,95.4,2088.0,0.444,0.179,46.0,11.0,1.0,0.314,0.486,0.428,0.39,0.087,0.149,0.344,87.8
607455,Anthony Banda,MIN,FF,398,0.236,95.4,2170.0,0.513,0.246,35.0,8.0,1.0,0.267,0.5,0.388,0.423,0.114,0.129,0.52,89.6
607455,Anthony Banda,MIN,CH,79,0.047,88.6,1505.0,0.43,0.316,,,,,,,,,,,
669622,Anthony Bender,MIA,ST,639,0.478,83.7,2815.0,0.432,0.286,83.0,11.0,0.0,0.143,0.169,0.17,0.201,0.373,0.238,0.298,88.0
669622,Anthony Bender,MIA,SI,381,0.285,96.5,2317.0,0.349,0.157,40.0,7.0,1.0,0.212,0.364,0.37,0.33,0.175,0.164,0.346,89.1
669622,Anthony Bender,MIA,SL,244,0.183,87.1,2689.0,0.455,0.319,14.0,3.0,0.0,0.25,0.25,0.293,0.359,0.143,0.233,0.4,88.1
669622,Anthony Bender,MIA,CH,40,0.03,89.1,1692.0,0.35,0.042,,,,,,,,,,,
669622,Anthony Bender,MIA,FF,18,0.013,96.1,2401.0,0.333,0.0,,,,,,,,,,,
543238,Anthony Gose,KC,FF,98,0.62,95.7,2427.0,0.531,0.418,30.0,4.0,0.0,0.154,0.192,0.191,0.328,0.067,0.135,0.269,85.2
543238,Anthony Gose,KC,SL,50,0.316,85.5,2271.0,0.52,0.485,,,,,,,,,,,
641743,Anthony Kay,CWS,ST,633,0.233,82.7,2441.0,0.329,0.236,108.0,20.0,2.0,0.235,0.4,0.356,0.315,0.213,0.341,0.231,84.1
641743,Anthony Kay,CWS,FF,591,0.218,95.9,2350.0,0.516,0.33,163.0,38.0,5.0,0.268,0.486,0.364,0.365,0.184,0.17,0.405,86.8
641743,Anthony Kay,CWS,SI,487,0.179,95.3,2263.0,0.534,0.366,159.0,37.0,6.0,0.266,0.41,0.355,0.349,0.164,0.142,0.483,90.9
641743,Anthony Kay,CWS,FC,451,0.166,91.7,2393.0,0.508,0.322,98.0,24.0,4.0,0.289,0.482,0.4,0.439,0.061,0.166,0.316,83.2
641743,Anthony Kay,CWS,CH,379,0.14,86.1,1748.0,0.456,0.367,88.0,23.0,2.0,0.271,0.388,0.323,0.251,0.17,0.301,0.394,88.9
641743,Anthony Kay,CWS,SL,173,0.064,86.3,2563.0,0.555,0.434,70.0,14.0,2.0,0.222,0.349,0.33,0.295,0.357,0.26,0.474,89.6
683627,Anthony Molina,SF,FF,532,0.462,96.0,2189.0,0.513,0.276,69.0,15.0,1.0,0.242,0.387,0.313,0.307,0.261,0.163,0.341,84.4
683627,Anthony Molina,SF,CH,227,0.197,87.0,1931.0,0.471,0.292,29.0,6.0,1.0,0.207,0.379,0.248,0.336,0.138,0.15,0.48,92.5
683627,Anthony Molina,SF,CU,173,0.15,83.9,2206.0,0.486,0.37,19.0,4.0,1.0,0.211,0.368,0.295,0.24,0.158,0.326,0.312,85.8
683627,Anthony Molina,SF,SL,144,0.125,87.3,2047.0,0.458,0.356,14.0,4.0,0.0,0.286,0.429,0.307,0.253,0.286,0.304,0.2,81.4
683627,Anthony Molina,SF,SI,30,0.026,94.9,1999.0,0.233,0.136,,,,,,,,,,,
683627,Anthony Molina,SF,FC,21,0.018,91.0,2022.0,0.476,0.417,,,,,,,,,,,
689296,Anthony Nunez,BAL,ST,299,0.302,85.8,2906.0,0.472,0.441,81.0,8.0,0.0,0.111,0.139,0.189,0.204,0.42,0.447,0.256,81.7
689296,Anthony Nunez,BAL,FF,293,0.296,96.1,2614.0,0.464,0.292,66.0,17.0,3.0,0.298,0.544,0.407,0.363,0.152,0.213,0.438,88.5
689296,Anthony Nunez,BAL,CH,215,0.217,87.8,1180.0,0.488,0.362,55.0,5.0,0.0,0.106,0.17,0.214,0.285,0.309,0.4,0.484,88.3
689296,Anthony Nunez,BAL,SI,112,0.113,95.7,2387.0,0.464,0.25,29.0,11.0,1.0,0.458,0.667,0.555,0.452,0.069,0.135,0.409,87.8
689296,Anthony Nunez,BAL,FC,60,0.061,90.5,2514.0,0.517,0.32,17.0,2.0,1.0,0.125,0.312,0.212,0.316,0.176,0.29,0.538,86.9
622608,Antonio Senzatela,MIL,FF,1648,0.479,95.5,2246.0,0.499,0.236,100.0,25.0,2.0,0.287,0.437,0.363,0.313,0.27,0.245,0.443,89.7
622608,Antonio Senzatela,MIL,CU,436,0.127,81.1,2471.0,0.411,0.241,17.0,2.0,1.0,0.125,0.375,0.232,0.301,0.353,0.294,0.5,92.8
622608,Antonio Senzatela,MIL,SL,433,0.126,86.8,2295.0,0.455,0.267,,,,,,,,,,,
622608,Antonio Senzatela,MIL,FC,426,0.124,92.2,2270.0,0.462,0.309,102.0,22.0,2.0,0.234,0.33,0.281,0.285,0.167,0.216,0.325,85.3
622608,Antonio Senzatela,MIL,SI,249,0.072,96.5,2202.0,0.53,0.351,65.0,20.0,1.0,0.328,0.426,0.367,0.308,0.092,0.12,0.455,88.8
622608,Antonio Senzatela,MIL,CH,233,0.068,88.3,2213.0,0.403,0.228,13.0,4.0,0.0,0.333,0.417,0.358,0.541,0.077,0.1,0.545,93.1
699008,Antwone Kelly,PIT,FF,141,0.536,98.8,2217.0,0.539,0.226,35.0,9.0,0.0,0.29,0.484,0.397,0.384,0.086,0.092,0.5,88.8
699008,Antwone Kelly,PIT,SL,39,0.148,89.5,2211.0,0.462,0.143,11.0,3.0,1.0,0.333,0.667,0.473,0.404,0.091,0.167,0.25,87.9
699008,Antwone Kelly,PIT,ST,34,0.129,87.1,2498.0,0.588,0.444,10.0,1.0,0.0,0.1,0.1,0.09,0.104,0.5,0.35,0.2,89.8
699008,Antwone Kelly,PIT,CH,30,0.114,88.0,1413.0,0.333,0.19,,,,,,,,,,,
699008,Antwone Kelly,PIT,SI,19,0.072,97.0,2091.0,0.526,0.444,,,,,,,,,,,
547973,Aroldis Chapman,BOS,FF,677,0.384,97.7,2439.0,0.511,0.243,73.0,19.0,2.0,0.333,0.491,0.43,0.404,0.11,0.158,0.431,85.7
547973,Aroldis Chapman,BOS,SI,584,0.331,98.7,2444.0,0.589,0.347,74.0,8.0,0.0,0.119,0.224,0.221,0.198,0.419,0.27,0.444,90.0
547973,Aroldis Chapman,BOS,SL,292,0.166,86.3,2320.0,0.497,0.399,33.0,4.0,0.0,0.129,0.161,0.189,0.148,0.515,0.382,0.143,75.5
547973,Aroldis Chapman,BOS,FS,205,0.116,90.7,1245.0,0.58,0.457,33.0,4.0,1.0,0.125,0.219,0.164,0.155,0.455,0.397,0.294,86.2
595978,Austin Hedges,CLE,CH,15,0.135,71.3,1783.0,0.4,0.286,,,,,,,,,,,
608723,Austin Voth,MIN,FF,53,0.247,92.1,2334.0,0.434,0.138,16.0,5.0,1.0,0.333,0.6,0.416,0.45,0.125,0.087,0.538,94.0
608723,Austin Voth,MIN,FC,51,0.237,87.4,2401.0,0.549,0.333,13.0,5.0,0.0,0.417,0.5,0.496,0.314,0.0,0.179,0.417,87.7
608723,Austin Voth,MIN,ST,40,0.186,80.1,2795.0,0.525,0.333,11.0,3.0,0.0,0.273,0.273,0.245,0.263,0.0,0.143,0.273,89.3
608723,Austin Voth,MIN,CU,34,0.158,74.5,2842.0,0.412,0.296,,,,,,,,,,,
608723,Austin Voth,MIN,SI,28,0.13,91.2,2263.0,0.286,0.235,,,,,,,,,,,
681810,Austin Warren,NYM,ST,445,0.43,84.7,2759.0,0.393,0.241,74.0,17.0,1.0,0.258,0.364,0.316,0.337,0.162,0.244,0.327,87.2
681810,Austin Warren,NYM,SI,299,0.289,94.0,2271.0,0.365,0.169,72.0,11.0,2.0,0.19,0.362,0.314,0.319,0.319,0.094,0.405,88.0
681810,Austin Warren,NYM,FF,161,0.156,93.9,2391.0,0.416,0.257,22.0,5.0,2.0,0.25,0.6,0.384,0.291,0.455,0.492,0.7,93.2
681810,Austin Warren,NYM,CU,64,0.062,84.2,2758.0,0.578,0.511,29.0,8.0,1.0,0.308,0.538,0.395,0.359,0.241,0.216,0.368,89.5
681810,Austin Warren,NYM,FC,38,0.037,88.5,2442.0,0.447,0.2,,,,,,,,,,,
681810,Austin Warren,NYM,CH,26,0.025,87.3,1858.0,0.5,0.316,,,,,,,,,,,
663559,Bailey Falter,ATL,FF,1112,0.513,92.2,2124.0,0.476,0.239,40.0,15.0,2.0,0.429,0.686,0.506,0.415,0.05,0.1,0.364,90.2
663559,Bailey Falter,ATL,SL,410,0.189,84.9,2056.0,0.512,0.291,15.0,6.0,1.0,0.4,0.6,0.433,0.308,0.133,0.172,0.462,87.6
663559,Bailey Falter,ATL,CU,263,0.121,77.8,1854.0,0.384,0.185,,,,,,,,,,,
663559,Bailey Falter,ATL,SI,195,0.09,92.2,2028.0,0.487,0.361,,,,,,,,,,,
663559,Bailey Falter,ATL,FS,171,0.079,85.3,958.0,0.398,0.135,,,,,,,,,,,
641927,Bailey Ober,MIN,FF,1480,0.339,89.3,2271.0,0.502,0.283,159.0,44.0,8.0,0.299,0.544,0.392,0.356,0.119,0.132,0.449,91.3
641927,Bailey Ober,MIN,CH,1361,0.312,83.0,2043.0,0.529,0.349,189.0,43.0,6.0,0.25,0.401,0.324,0.355,0.148,0.208,0.35,87.8
641927,Bailey Ober,MIN,SL,777,0.178,83.1,2055.0,0.525,0.345,104.0,25.0,3.0,0.248,0.396,0.295,0.275,0.173,0.132,0.381,87.8
641927,Bailey Ober,MIN,ST,504,0.115,77.2,2152.0,0.456,0.344,64.0,4.0,0.0,0.068,0.085,0.116,0.17,0.406,0.385,0.091,82.6
641927,Bailey Ober,MIN,SI,135,0.031,89.6,2112.0,0.489,0.241,15.0,6.0,2.0,0.429,0.857,0.553,0.532,0.0,0.077,0.5,88.4
641927,Bailey Ober,MIN,CU,112,0.026,74.5,2099.0,0.286,0.08,,,,,,,,,,,
689225,Beau Brieske,DET,FF,348,0.454,95.6,2494.0,0.5,0.252,40.0,10.0,3.0,0.286,0.543,0.395,0.368,0.175,0.198,0.643,96.2
689225,Beau Brieske,DET,CH,147,0.192,89.8,2136.0,0.469,0.309,,,,,,,,,,,
689225,Beau Brieske,DET,SI,122,0.159,95.7,2505.0,0.426,0.2,10.0,4.0,1.0,0.4,0.8,0.505,0.396,0.2,0.1,0.5,87.6
689225,Beau Brieske,DET,SL,109,0.142,89.0,2426.0,0.495,0.269,23.0,5.0,1.0,0.227,0.409,0.289,0.238,0.217,0.244,0.235,83.4
689225,Beau Brieske,DET,CU,36,0.047,85.9,2494.0,0.389,0.269,,,,,,,,,,,
694360,Beck Way,KC,FC,164,0.422,91.3,2475.0,0.506,0.385,40.0,9.0,1.0,0.25,0.333,0.283,0.339,0.15,0.301,0.387,88.5
694360,Beck Way,KC,SI,96,0.247,96.8,2129.0,0.438,0.238,37.0,11.0,1.0,0.344,0.438,0.416,0.37,0.108,0.071,0.464,92.7
694360,Beck Way,KC,ST,61,0.157,88.2,2652.0,0.377,0.27,,,,,,,,,,,
694360,Beck Way,KC,FF,55,0.141,97.4,2091.0,0.382,0.229,17.0,5.0,2.0,0.385,0.923,0.538,0.422,0.353,0.19,0.75,95.7
641386,Ben Bowden,ATH,FF,138,0.608,93.5,2416.0,0.471,0.15,,,,,,,,,,,
641386,Ben Bowden,ATH,SL,55,0.242,84.0,2283.0,0.509,0.323,,,,,,,,,,,
641386,Ben Bowden,ATH,CH,31,0.137,86.4,1755.0,0.484,0.409,,,,,,,,,,,
676962,Ben Brown,CHC,FF,1320,0.489,96.0,2210.0,0.448,0.227,93.0,20.0,1.0,0.25,0.325,0.326,0.352,0.161,0.134,0.522,93.0
676962,Ben Brown,CHC,KC,1032,0.383,87.1,2291.0,0.528,0.369,103.0,12.0,1.0,0.124,0.186,0.16,0.222,0.408,0.416,0.393,88.1
676962,Ben Brown,CHC,SI,207,0.077,96.4,2149.0,0.444,0.258,52.0,11.0,0.0,0.229,0.25,0.268,0.277,0.077,0.087,0.333,86.3
676962,Ben Brown,CHC,CH,139,0.052,90.3,1290.0,0.388,0.218,15.0,2.0,0.0,0.133,0.267,0.167,0.229,0.267,0.348,0.455,92.2
676508,Ben Casparius,LAD,ST,433,0.321,85.4,3080.0,0.524,0.339,,,,,,,,,,,
676508,Ben Casparius,LAD,FF,415,0.307,96.1,2438.0,0.458,0.272,11.0,3.0,0.0,0.375,0.375,0.436,0.532,0.182,0.312,0.333,91.9
676508,Ben Casparius,LAD,FC,287,0.213,92.1,2753.0,0.554,0.31,,,,,,,,,,,
676508,Ben Casparius,LAD,CU,196,0.145,80.8,3021.0,0.383,0.218,,,,,,,,,,,
676508,Ben Casparius,LAD,SI,16,0.012,95.2,2401.0,0.5,0.4,,,,,,,,,,,
690829,Ben Joyce,LAA,FF,209,0.626,101.0,2364.0,0.469,0.205,47.0,7.0,1.0,0.179,0.282,0.29,0.311,0.298,0.227,0.292,88.2
690829,Ben Joyce,LAA,SI,94,0.281,94.8,1864.0,0.404,0.203,10.0,1.0,0.0,0.111,0.111,0.16,0.371,0.2,0.478,0.429,78.1
690829,Ben Joyce,LAA,SL,25,0.075,86.2,2659.0,0.44,0.25,,,,,,,,,,,
687239,Ben Peoples,TEX,FF,163,0.578,96.0,2304.0,0.528,0.349,40.0,7.0,2.0,0.219,0.438,0.344,0.342,0.1,0.186,0.31,86.5
687239,Ben Peoples,TEX,SL,107,0.379,87.8,2483.0,0.495,0.365,24.0,5.0,1.0,0.227,0.364,0.292,0.253,0.25,0.264,0.188,84.2
656986,Bennett Sousa,HOU,SL,769,0.619,85.6,2333.0,0.523,0.418,95.0,20.0,2.0,0.247,0.333,0.31,0.263,0.305,0.352,0.259,84.5
656986,Bennett Sousa,HOU,FF,416,0.335,94.8,2219.0,0.469,0.182,34.0,9.0,2.0,0.321,0.643,0.457,0.425,0.0,0.16,0.5,94.5
656986,Bennett Sousa,HOU,SI,53,0.043,93.2,2194.0,0.434,0.29,,,,,,,,,,,
694918,Blade Tidwell,SF,FF,441,0.348,95.3,2219.0,0.41,0.2,74.0,16.0,4.0,0.267,0.483,0.391,0.378,0.135,0.137,0.42,91.1
694918,Blade Tidwell,SF,ST,371,0.292,82.6,2849.0,0.474,0.312,66.0,15.0,0.0,0.246,0.295,0.263,0.235,0.303,0.315,0.262,84.6
694918,Blade Tidwell,SF,SI,225,0.177,93.6,2099.0,0.413,0.161,46.0,6.0,2.0,0.143,0.286,0.226,0.367,0.152,0.085,0.543,94.1
694918,Blade Tidwell,SF,SL,140,0.11,88.1,2435.0,0.464,0.237,26.0,6.0,2.0,0.273,0.591,0.413,0.386,0.077,0.214,0.35,85.2
694918,Blade Tidwell,SF,CH,52,0.041,83.3,1595.0,0.308,0.171,,,,,,,,,,,
694918,Blade Tidwell,SF,CU,39,0.031,83.4,2445.0,0.59,0.35,16.0,2.0,0.0,0.133,0.2,0.134,0.187,0.312,0.273,0.273,84.8
605483,Blake Snell,LAD,FF,771,0.454,95.5,2469.0,0.47,0.314,71.0,10.0,0.0,0.175,0.228,0.291,0.244,0.296,0.211,0.056,77.7
605483,Blake Snell,LAD,CU,370,0.218,80.3,2492.0,0.414,0.33,37.0,3.0,0.0,0.086,0.086,0.135,0.153,0.541,0.41,0.267,86.2
605483,Blake Snell,LAD,CH,363,0.214,85.2,1802.0,0.576,0.45,33.0,10.0,0.0,0.323,0.387,0.315,0.282,0.152,0.41,0.222,83.6
605483,Blake Snell,LAD,SL,188,0.111,88.4,2335.0,0.463,0.414,17.0,3.0,0.0,0.188,0.188,0.2,0.225,0.353,0.514,0.2,84.5
595014,Blake Treinen,LAD,ST,430,0.426,84.2,2588.0,0.463,0.388,49.0,10.0,2.0,0.233,0.419,0.314,0.373,0.306,0.353,0.414,84.9
595014,Blake Treinen,LAD,SI,328,0.325,95.5,2321.0,0.463,0.235,52.0,14.0,1.0,0.311,0.489,0.407,0.366,0.154,0.176,0.359,87.3
595014,Blake Treinen,LAD,FF,118,0.117,95.0,2403.0,0.483,0.21,17.0,3.0,0.0,0.188,0.375,0.262,0.276,0.294,0.2,0.545,82.5
595014,Blake Treinen,LAD,FC,111,0.11,91.5,2541.0,0.505,0.453,,,,,,,,,,,
686796,Blake Walston,AZ,FF,17,0.354,91.6,2094.0,0.294,0.0,,,,,,,,,,,
676620,Blake Weiman,LAA,ST,133,0.482,79.2,2636.0,0.556,0.403,42.0,8.0,2.0,0.2,0.4,0.285,0.229,0.31,0.27,0.276,79.2
676620,Blake Weiman,LAA,SL,67,0.243,83.8,2572.0,0.463,0.28,11.0,5.0,1.0,0.455,0.818,0.541,0.415,0.091,0.226,0.2,86.7
676620,Blake Weiman,LAA,SI,31,0.112,90.4,2242.0,0.516,0.3,10.0,7.0,0.0,0.7,0.7,0.63,0.393,0.0,0.125,0.5,95.0
676620,Blake Weiman,LAA,CH,21,0.076,86.5,2004.0,0.429,0.312,,,,,,,,,,,
676620,Blake Weiman,LAA,FF,16,0.058,90.1,2369.0,0.312,0.0,,,,,,,,,,,
680604,Blas Castano,COL,SI,189,0.371,94.1,2131.0,0.434,0.229,37.0,7.0,1.0,0.219,0.312,0.319,0.368,0.162,0.136,0.5,93.0
680604,Blas Castano,COL,ST,114,0.224,82.7,2581.0,0.439,0.25,24.0,4.0,1.0,0.174,0.391,0.254,0.228,0.375,0.34,0.429,87.6
680604,Blas Castano,COL,FC,84,0.165,90.3,2422.0,0.464,0.263,15.0,8.0,2.0,0.727,1.545,0.837,0.702,0.067,0.172,0.636,92.3
680604,Blas Castano,COL,CH,63,0.124,88.9,1535.0,0.492,0.257,14.0,5.0,0.0,0.357,0.5,0.371,0.289,0.071,0.174,0.462,91.8
680604,Blas Castano,COL,FF,60,0.118,94.4,2238.0,0.6,0.464,20.0,3.0,0.0,0.167,0.167,0.205,0.335,0.2,0.091,0.4,90.4
676272,Bobby Miller,LAD,CU,72,0.321,79.4,2798.0,0.375,0.317,,,,,,,,,,,
676272,Bobby Miller,LAD,FF,64,0.286,97.4,2305.0,0.484,0.276,,,,,,,,,,,
676272,Bobby Miller,LAD,SI,44,0.196,96.7,2295.0,0.455,0.25,,,,,,,,,,,
676272,Bobby Miller,LAD,CH,20,0.089,86.3,2174.0,0.3,0.067,,,,,,,,,,,
676272,Bobby Miller,LAD,SL,16,0.071,88.4,2446.0,0.375,0.2,,,,,,,,,,,
641745,Brad Keller,PHI,FF,640,0.389,97.1,2387.0,0.433,0.194,33.0,11.0,1.0,0.44,0.56,0.503,0.409,0.212,0.188,0.556,92.8
641745,Brad Keller,PHI,SL,312,0.189,87.2,2659.0,0.442,0.261,34.0,5.0,1.0,0.156,0.281,0.216,0.173,0.265,0.228,0.261,87.2
641745,Brad Keller,PHI,SI,266,0.162,96.7,2222.0,0.447,0.372,26.0,6.0,0.0,0.286,0.333,0.302,0.312,0.154,0.125,0.25,81.7
641745,Brad Keller,PHI,ST,227,0.138,86.0,2723.0,0.467,0.349,19.0,4.0,2.0,0.211,0.526,0.305,0.321,0.316,0.206,0.462,84.6
641745,Brad Keller,PHI,CH,201,0.122,92.7,1731.0,0.493,0.389,22.0,3.0,0.0,0.15,0.15,0.227,0.202,0.273,0.323,0.071,79.5
695418,Brad Lord,WSH,FF,1574,0.437,94.7,2372.0,0.526,0.248,114.0,24.0,3.0,0.253,0.379,0.351,0.29,0.325,0.189,0.426,86.9
695418,Brad Lord,WSH,SI,750,0.208,94.3,2278.0,0.515,0.293,101.0,15.0,0.0,0.169,0.191,0.242,0.27,0.109,0.12,0.296,86.6
695418,Brad Lord,WSH,SL,717,0.199,85.4,2537.0,0.435,0.271,67.0,16.0,2.0,0.267,0.4,0.358,0.352,0.179,0.209,0.479,89.9
695418,Brad Lord,WSH,CH,346,0.096,86.0,1958.0,0.488,0.267,18.0,5.0,1.0,0.278,0.5,0.381,0.353,0.056,0.062,0.235,78.8
695418,Brad Lord,WSH,ST,206,0.057,83.4,2697.0,0.437,0.316,50.0,9.0,4.0,0.196,0.5,0.32,0.33,0.32,0.211,0.367,86.4
699134,Bradgley Rodriguez,SD,CH,517,0.404,90.1,1795.0,0.563,0.416,123.0,16.0,1.0,0.137,0.239,0.208,0.182,0.358,0.38,0.247,82.2
699134,Bradgley Rodriguez,SD,FF,355,0.278,98.3,2411.0,0.442,0.242,75.0,13.0,2.0,0.203,0.375,0.309,0.26,0.307,0.214,0.318,88.3
699134,Bradgley Rodriguez,SD,SI,320,0.25,97.9,2279.0,0.491,0.311,75.0,24.0,3.0,0.338,0.479,0.374,0.304,0.093,0.126,0.308,88.3
699134,Bradgley Rodriguez,SD,SL,71,0.056,88.8,2558.0,0.465,0.293,19.0,5.0,0.0,0.263,0.421,0.339,0.248,0.263,0.303,0.429,91.1
687134,Bradley Blalock,MIA,FF,516,0.437,94.7,2106.0,0.49,0.252,,,,,,,,,,,
687134,Bradley Blalock,MIA,SL,188,0.159,85.6,2512.0,0.436,0.245,,,,,,,,,,,
687134,Bradley Blalock,MIA,FS,179,0.152,87.1,1265.0,0.547,0.277,,,,,,,,,,,
687134,Bradley Blalock,MIA,CU,159,0.135,81.4,2514.0,0.358,0.162,,,,,,,,,,,
687134,Bradley Blalock,MIA,FC,107,0.091,89.9,2347.0,0.505,0.167,,,,,,,,,,,
687134,Bradley Blalock,MIA,ST,20,0.017,85.6,2597.0,0.75,0.5,,,,,,,,,,,
690440,Bradley Hanner,NYY,FF,44,0.449,92.8,2515.0,0.568,0.36,13.0,4.0,3.0,0.333,1.083,0.585,0.395,0.308,0.16,0.75,93.8
690440,Bradley Hanner,NYY,SI,28,0.286,92.2,2485.0,0.464,0.214,,,,,,,,,,,
690440,Bradley Hanner,NYY,ST,25,0.255,78.6,3045.0,0.44,0.25,,,,,,,,,,,
669620,Brady Basso,ATH,FF,410,0.46,92.6,2296.0,0.539,0.27,89.0,25.0,3.0,0.301,0.482,0.361,0.305,0.135,0.137,0.394,89.6
669620,Brady Basso,ATH,CU,156,0.175,77.5,2253.0,0.385,0.283,23.0,5.0,0.0,0.238,0.238,0.226,0.232,0.304,0.381,0.267,81.1
669620,Brady Basso,ATH,FC,112,0.126,88.8,2217.0,0.545,0.227,19.0,7.0,0.0,0.389,0.667,0.424,0.462,0.0,0.098,0.632,93.1
669620,Brady Basso,ATH,SL,102,0.114,83.6,2114.0,0.598,0.472,37.0,12.0,0.0,0.324,0.541,0.368,0.264,0.27,0.23,0.296,87.8
669620,Brady Basso,ATH,SI,53,0.059,92.4,2168.0,0.472,0.312,16.0,5.0,0.0,0.357,0.357,0.42,0.356,0.062,0.08,0.143,77.1
669620,Brady Basso,ATH,CH,50,0.056,86.5,1895.0,0.38,0.256,,,,,,,,,,,
663903,Brady Singer,CIN,SI,2538,0.454,91.6,2358.0,0.39,0.17,377.0,92.0,12.0,0.29,0.451,0.384,0.374,0.172,0.151,0.471,91.4
663903,Brady Singer,CIN,SL,1609,0.288,82.6,2425.0,0.494,0.354,194.0,48.0,6.0,0.268,0.441,0.345,0.327,0.18,0.291,0.413,90.2
663903,Brady Singer,CIN,ST,632,0.113,81.8,2424.0,0.492,0.339,80.0,23.0,8.0,0.299,0.636,0.415,0.321,0.288,0.403,0.345,88.5
663903,Brady Singer,CIN,FC,449,0.08,87.4,2355.0,0.472,0.259,36.0,13.0,4.0,0.394,0.818,0.55,0.466,0.0,0.148,0.303,86.3
663903,Brady Singer,CIN,FF,360,0.064,91.2,2440.0,0.417,0.171,10.0,4.0,1.0,0.4,0.7,0.47,0.474,0.2,0.13,0.5,89.1
684049,Brandan Bidois,PIT,FF,178,0.548,96.9,2339.0,0.539,0.311,44.0,11.0,5.0,0.314,0.743,0.481,0.376,0.227,0.271,0.536,92.3
684049,Brandan Bidois,PIT,SL,136,0.418,86.4,2671.0,0.426,0.354,33.0,7.0,0.0,0.269,0.308,0.371,0.354,0.273,0.431,0.412,86.5
685126,Brandon Eisert,PIT,SL,702,0.35,84.6,2163.0,0.516,0.352,66.0,17.0,2.0,0.279,0.426,0.359,0.288,0.273,0.324,0.25,86.3
685126,Brandon Eisert,PIT,FF,687,0.342,89.8,2077.0,0.41,0.212,71.0,14.0,4.0,0.222,0.492,0.334,0.255,0.282,0.263,0.426,85.9
685126,Brandon Eisert,PIT,CH,500,0.249,83.9,1330.0,0.464,0.35,32.0,10.0,0.0,0.333,0.433,0.358,0.312,0.312,0.31,0.55,91.8
685126,Brandon Eisert,PIT,SI,94,0.047,88.6,1985.0,0.436,0.317,16.0,1.0,0.0,0.091,0.091,0.275,0.37,0.062,0.15,0.3,81.3
605335,Brandon Leibrandt,CIN,CH,27,0.27,79.7,1442.0,0.407,0.333,,,,,,,,,,,
605335,Brandon Leibrandt,CIN,FF,23,0.23,87.9,2196.0,0.478,0.562,,,,,,,,,,,
605335,Brandon Leibrandt,CIN,SL,22,0.22,83.9,2351.0,0.5,0.5,,,,,,,,,,,
694297,Brandon Pfaadt,AZ,FF,1203,0.247,93.4,2540.0,0.479,0.243,149.0,30.0,5.0,0.222,0.37,0.296,0.305,0.134,0.114,0.339,89.9
694297,Brandon Pfaadt,AZ,SI,1006,0.207,93.1,2399.0,0.496,0.235,105.0,29.0,4.0,0.299,0.474,0.368,0.336,0.086,0.105,0.427,88.8
694297,Brandon Pfaadt,AZ,ST,800,0.165,84.6,2818.0,0.501,0.338,74.0,13.0,0.0,0.183,0.239,0.205,0.209,0.297,0.318,0.306,86.9
694297,Brandon Pfaadt,AZ,CH,763,0.157,87.2,2108.0,0.522,0.382,77.0,20.0,3.0,0.274,0.479,0.331,0.325,0.182,0.22,0.317,84.8
694297,Brandon Pfaadt,AZ,CU,578,0.119,82.2,2589.0,0.4,0.314,67.0,15.0,2.0,0.246,0.393,0.302,0.32,0.269,0.316,0.386,89.9
694297,Brandon Pfaadt,AZ,FC,495,0.102,90.0,2702.0,0.574,0.372,58.0,13.0,0.0,0.241,0.315,0.278,0.306,0.069,0.238,0.294,87.9
687075,Brandon Sproat,MIL,SI,552,0.27,96.0,1979.0,0.424,0.252,121.0,28.0,3.0,0.28,0.4,0.373,0.331,0.174,0.154,0.432,88.5
687075,Brandon Sproat,MIL,FF,470,0.229,96.8,2050.0,0.487,0.169,107.0,18.0,2.0,0.2,0.333,0.317,0.334,0.271,0.202,0.424,90.9
687075,Brandon Sproat,MIL,FC,364,0.178,92.9,2144.0,0.478,0.23,65.0,20.0,5.0,0.357,0.714,0.485,0.42,0.123,0.201,0.4,87.6
687075,Brandon Sproat,MIL,ST,230,0.112,85.8,2496.0,0.426,0.293,47.0,7.0,2.0,0.171,0.341,0.297,0.253,0.404,0.361,0.273,87.2
687075,Brandon Sproat,MIL,CU,213,0.104,82.4,2505.0,0.465,0.377,49.0,9.0,5.0,0.214,0.595,0.385,0.365,0.388,0.316,0.542,94.0
687075,Brandon Sproat,MIL,CH,178,0.087,91.0,1689.0,0.483,0.296,25.0,5.0,0.0,0.227,0.273,0.278,0.339,0.12,0.317,0.421,92.0
682227,Brandon Williamson,CIN,FC,276,0.331,89.5,2432.0,0.464,0.22,76.0,14.0,1.0,0.222,0.302,0.312,0.308,0.171,0.188,0.431,87.2
682227,Brandon Williamson,CIN,CH,178,0.213,85.3,1885.0,0.461,0.304,40.0,12.0,2.0,0.308,0.487,0.351,0.324,0.175,0.341,0.406,88.1
682227,Brandon Williamson,CIN,FF,144,0.172,92.8,2194.0,0.34,0.122,37.0,8.0,3.0,0.333,0.792,0.53,0.557,0.027,0.102,0.375,89.8
682227,Brandon Williamson,CIN,ST,91,0.109,81.4,2621.0,0.549,0.426,31.0,1.0,0.0,0.034,0.034,0.103,0.206,0.387,0.38,0.176,81.7
682227,Brandon Williamson,CIN,CU,72,0.086,75.2,2646.0,0.236,0.098,,,,,,,,,,,
682227,Brandon Williamson,CIN,SI,70,0.084,93.1,2121.0,0.529,0.273,21.0,8.0,2.0,0.444,1.0,0.581,0.583,0.0,0.108,0.789,98.1
605540,Brandon Woodruff,MIL,FF,577,0.359,92.5,2340.0,0.549,0.32,81.0,8.0,2.0,0.113,0.239,0.221,0.249,0.333,0.227,0.295,88.5
605540,Brandon Woodruff,MIL,SI,422,0.263,92.7,2288.0,0.46,0.251,38.0,12.0,2.0,0.333,0.528,0.37,0.341,0.184,0.109,0.433,92.9
605540,Brandon Woodruff,MIL,CH,306,0.19,83.0,1848.0,0.542,0.366,30.0,4.0,0.0,0.133,0.167,0.132,0.177,0.367,0.382,0.158,85.8
605540,Brandon Woodruff,MIL,FC,217,0.135,89.2,2374.0,0.461,0.211,18.0,4.0,1.0,0.222,0.444,0.331,0.364,0.0,0.074,0.444,89.7
605540,Brandon Woodruff,MIL,CU,64,0.04,77.5,2555.0,0.281,0.242,,,,,,,,,,,
605540,Brandon Woodruff,MIL,ST,17,0.011,80.2,2417.0,0.529,0.333,,,,,,,,,,,
687064,Brandon Young,BAL,FF,1403,0.414,94.2,2231.0,0.53,0.344,248.0,47.0,8.0,0.221,0.376,0.319,0.339,0.145,0.181,0.381,89.2
687064,Brandon Young,BAL,FS,625,0.184,85.2,1460.0,0.512,0.344,123.0,31.0,2.0,0.267,0.388,0.31,0.289,0.211,0.28,0.438,89.6
687064,Brandon Young,BAL,SL,460,0.136,84.3,2048.0,0.487,0.36,112.0,22.0,4.0,0.206,0.346,0.258,0.243,0.384,0.399,0.364,87.8
687064,Brandon Young,BAL,CU,435,0.128,75.5,2715.0,0.34,0.231,52.0,13.0,2.0,0.295,0.523,0.375,0.339,0.212,0.241,0.286,88.2
687064,Brandon Young,BAL,SI,335,0.099,93.8,1874.0,0.513,0.321,115.0,34.0,6.0,0.333,0.539,0.433,0.375,0.087,0.07,0.441,88.2
687064,Brandon Young,BAL,FC,86,0.025,86.8,2067.0,0.372,0.208,,,,,,,,,,,
687064,Brandon Young,BAL,CH,43,0.013,87.1,1773.0,0.349,0.053,,,,,,,,,,,
805299,Brandyn Garcia,AZ,SI,483,0.498,97.1,2261.0,0.42,0.179,96.0,19.0,2.0,0.221,0.314,0.282,0.28,0.156,0.119,0.38,87.6
805299,Brandyn Garcia,AZ,ST,288,0.297,86.9,2646.0,0.451,0.309,65.0,3.0,0.0,0.049,0.049,0.098,0.12,0.585,0.479,0.13,81.9
805299,Brandyn Garcia,AZ,FC,145,0.15,94.2,2283.0,0.483,0.279,26.0,4.0,1.0,0.174,0.348,0.31,0.27,0.231,0.2,0.235,84.2
805299,Brandyn Garcia,AZ,SL,42,0.043,89.6,2433.0,0.381,0.143,,,,,,,,,,,
676428,Brant Hurter,DET,SI,823,0.529,92.1,2110.0,0.435,0.229,82.0,11.0,1.0,0.155,0.225,0.239,0.331,0.085,0.086,0.348,86.5
676428,Brant Hurter,DET,ST,475,0.305,81.9,2676.0,0.4,0.288,32.0,6.0,0.0,0.214,0.286,0.271,0.214,0.406,0.339,0.125,77.1
676428,Brant Hurter,DET,CH,163,0.105,86.4,1614.0,0.509,0.333,11.0,2.0,0.0,0.2,0.2,0.309,0.273,0.091,0.208,0.333,89.1
676428,Brant Hurter,DET,FF,79,0.051,92.0,2107.0,0.494,0.171,10.0,4.0,0.0,0.5,0.625,0.465,0.338,0.3,0.154,0.5,81.1
677952,Braxton Ashcraft,PIT,FF,1066,0.303,97.2,2373.0,0.504,0.295,190.0,54.0,12.0,0.314,0.599,0.41,0.337,0.189,0.136,0.45,90.8
677952,Braxton Ashcraft,PIT,SL,880,0.25,91.9,2605.0,0.58,0.396,150.0,37.0,4.0,0.264,0.414,0.332,0.284,0.28,0.288,0.404,88.4
677952,Braxton Ashcraft,PIT,CU,870,0.247,84.8,2740.0,0.449,0.376,169.0,20.0,4.0,0.129,0.219,0.192,0.228,0.45,0.382,0.366,88.4
677952,Braxton Ashcraft,PIT,SI,563,0.16,96.9,2331.0,0.536,0.337,138.0,26.0,2.0,0.202,0.271,0.253,0.292,0.123,0.15,0.421,89.1
677952,Braxton Ashcraft,PIT,FS,100,0.028,91.8,1899.0,0.43,0.196,19.0,7.0,0.0,0.368,0.368,0.332,0.294,0.105,0.093,0.412,88.1
677952,Braxton Ashcraft,PIT,CH,36,0.01,91.6,2109.0,0.472,0.273,,,,,,,,,,,
666129,Braxton Garrett,MIA,SI,37,0.285,91.1,2186.0,0.459,0.167,11.0,4.0,0.0,0.5,0.75,0.582,0.517,0.182,0.176,0.5,95.1
666129,Braxton Garrett,MIA,FF,28,0.215,91.7,2358.0,0.393,0.125,,,,,,,,,,,
666129,Braxton Garrett,MIA,ST,26,0.2,83.5,2483.0,0.5,0.357,,,,,,,,,,,
666129,Braxton Garrett,MIA,SL,21,0.162,86.9,2418.0,0.286,0.143,,,,,,,,,,,
666129,Braxton Garrett,MIA,CH,17,0.131,84.3,1606.0,0.235,0.154,,,,,,,,,,,
694820,Braxton Roxby,SF,ST,30,0.395,81.4,2708.0,0.567,0.385,,,,,,,,,,,
694820,Braxton Roxby,SF,SL,22,0.289,87.7,2610.0,0.409,0.111,,,,,,,,,,,
678394,Brayan Bello,BOS,SI,1660,0.364,95.3,2071.0,0.425,0.256,209.0,55.0,2.0,0.304,0.381,0.348,0.364,0.134,0.119,0.49,90.4
678394,Brayan Bello,BOS,CH,784,0.172,88.9,1798.0,0.537,0.358,100.0,20.0,1.0,0.213,0.298,0.24,0.276,0.17,0.22,0.272,84.0
678394,Brayan Bello,BOS,ST,765,0.168,85.8,2425.0,0.459,0.315,59.0,8.0,0.0,0.145,0.164,0.175,0.175,0.339,0.303,0.2,81.5
678394,Brayan Bello,BOS,FC,696,0.153,88.0,2419.0,0.478,0.302,52.0,15.0,5.0,0.319,0.723,0.477,0.455,0.212,0.435,0.333,87.5
678394,Brayan Bello,BOS,FF,576,0.126,95.3,2116.0,0.536,0.258,52.0,18.0,2.0,0.383,0.532,0.43,0.429,0.212,0.141,0.526,90.0
678394,Brayan Bello,BOS,CU,64,0.014,83.4,2439.0,0.422,0.243,14.0,3.0,2.0,0.214,0.643,0.35,0.378,0.214,0.259,0.455,92.5
680755,Braydon Fisher,TOR,SL,919,0.439,88.0,2299.0,0.487,0.332,163.0,28.0,6.0,0.207,0.37,0.315,0.315,0.215,0.297,0.362,83.6
680755,Braydon Fisher,TOR,CU,671,0.32,82.0,2489.0,0.349,0.239,73.0,14.0,2.0,0.209,0.343,0.265,0.332,0.301,0.227,0.543,93.8
680755,Braydon Fisher,TOR,FF,422,0.201,94.9,2242.0,0.436,0.275,58.0,7.0,0.0,0.152,0.174,0.255,0.285,0.276,0.216,0.323,84.1
680755,Braydon Fisher,TOR,FC,56,0.027,92.7,2173.0,0.571,0.467,,,,,,,,,,,
669724,Brenan Hanifee,DET,SI,787,0.615,95.2,2048.0,0.47,0.231,63.0,18.0,2.0,0.321,0.482,0.385,0.359,0.048,0.071,0.455,88.1
669724,Brenan Hanifee,DET,SL,274,0.214,87.8,2234.0,0.372,0.223,14.0,4.0,1.0,0.286,0.571,0.388,0.396,0.286,0.217,0.667,96.9
669724,Brenan Hanifee,DET,FF,141,0.11,96.1,2111.0,0.532,0.273,,,,,,,,,,,
669724,Brenan Hanifee,DET,CH,65,0.051,89.7,1681.0,0.369,0.239,,,,,,,,,,,
694341,Brendan Beck,NYY,FF,71,0.477,92.5,2186.0,0.394,0.238,15.0,4.0,2.0,0.333,0.917,0.55,0.489,0.0,0.179,0.75,98.4
694341,Brendan Beck,NYY,SL,50,0.336,83.9,2303.0,0.5,0.276,12.0,3.0,2.0,0.3,1.0,0.554,0.502,0.25,0.48,0.571,92.6
663893,Brendon Little,TOR,KC,726,0.399,86.9,1856.0,0.438,0.362,41.0,7.0,1.0,0.179,0.308,0.254,0.182,0.537,0.464,0.529,93.5
663893,Brendon Little,TOR,SI,716,0.394,93.6,2024.0,0.359,0.208,31.0,13.0,2.0,0.5,0.808,0.617,0.421,0.129,0.185,0.478,90.8
663893,Brendon Little,TOR,SL,151,0.083,88.9,2458.0,0.43,0.33,31.0,6.0,2.0,0.24,0.48,0.393,0.276,0.258,0.462,0.25,85.5
663893,Brendon Little,TOR,FC,99,0.054,93.4,2212.0,0.455,0.321,,,,,,,,,,,
663893,Brendon Little,TOR,FF,93,0.051,96.0,2140.0,0.398,0.25,22.0,3.0,0.0,0.2,0.333,0.395,0.312,0.364,0.378,0.2,77.9
657514,Brennan Bernardino,COL,SI,783,0.424,90.5,2186.0,0.448,0.238,126.0,34.0,2.0,0.296,0.417,0.358,0.304,0.127,0.137,0.333,89.0
657514,Brennan Bernardino,COL,CU,557,0.302,78.4,2683.0,0.406,0.24,78.0,11.0,1.0,0.157,0.257,0.232,0.22,0.321,0.331,0.25,82.6
657514,Brennan Bernardino,COL,FC,211,0.114,86.1,2329.0,0.431,0.184,24.0,5.0,1.0,0.25,0.55,0.384,0.404,0.0,0.216,0.273,78.7
657514,Brennan Bernardino,COL,CH,177,0.096,80.1,1544.0,0.514,0.362,18.0,4.0,1.0,0.222,0.389,0.261,0.363,0.278,0.235,0.385,87.1
657514,Brennan Bernardino,COL,FF,50,0.027,90.7,2146.0,0.56,0.32,10.0,3.0,0.0,0.375,0.5,0.445,0.384,0.2,0.107,0.0,82.6
657514,Brennan Bernardino,COL,SL,34,0.018,83.9,2370.0,0.471,0.211,,,,,,,,,,,
687396,Brent Headrick,NYY,FF,842,0.517,94.1,2337.0,0.563,0.308,167.0,35.0,4.0,0.235,0.403,0.317,0.29,0.269,0.178,0.434,90.3
687396,Brent Headrick,NYY,SL,473,0.29,83.9,2034.0,0.516,0.386,81.0,14.0,1.0,0.184,0.289,0.256,0.198,0.383,0.473,0.277,79.1
687396,Brent Headrick,NYY,FS,195,0.12,84.5,1015.0,0.487,0.403,35.0,7.0,0.0,0.2,0.257,0.2,0.196,0.486,0.487,0.222,77.7
687396,Brent Headrick,NYY,SI,112,0.069,93.4,2352.0,0.527,0.345,35.0,11.0,0.0,0.367,0.5,0.421,0.386,0.086,0.153,0.393,87.0
608718,Brent Suter,ATL,FF,853,0.324,87.5,2224.0,0.536,0.293,104.0,28.0,4.0,0.295,0.505,0.381,0.304,0.231,0.161,0.306,86.7
608718,Brent Suter,ATL,SI,762,0.29,89.1,2150.0,0.416,0.218,136.0,31.0,1.0,0.256,0.322,0.32,0.32,0.169,0.102,0.337,87.6
608718,Brent Suter,ATL,CH,659,0.25,76.6,1599.0,0.46,0.308,86.0,18.0,2.0,0.214,0.357,0.262,0.272,0.198,0.332,0.246,80.0
608718,Brent Suter,ATL,SL,325,0.123,78.3,2270.0,0.425,0.254,36.0,8.0,2.0,0.229,0.571,0.339,0.345,0.306,0.308,0.36,87.6
695049,Brett Kerry,LAA,FF,101,0.476,91.6,2175.0,0.446,0.269,24.0,5.0,0.0,0.227,0.409,0.304,0.275,0.125,0.089,0.526,91.9
695049,Brett Kerry,LAA,SL,58,0.274,85.8,1949.0,0.603,0.515,20.0,5.0,1.0,0.25,0.45,0.342,0.357,0.3,0.314,0.5,87.7
695049,Brett Kerry,LAA,CH,47,0.222,81.4,1886.0,0.489,0.321,,,,,,,,,,,
702153,Brian Fitzpatrick,MIL,CH,36,0.33,82.5,1849.0,0.556,0.25,11.0,2.0,0.0,0.182,0.182,0.245,0.179,0.182,0.15,0.0,74.2
702153,Brian Fitzpatrick,MIL,FF,23,0.211,94.0,2421.0,0.435,0.273,,,,,,,,,,,
702153,Brian Fitzpatrick,MIL,SI,20,0.183,93.4,2361.0,0.6,0.143,,,,,,,,,,,
702153,Brian Fitzpatrick,MIL,SL,20,0.183,87.9,2209.0,0.45,0.1,,,,,,,,,,,
656271,Brock Burke,CIN,FF,909,0.409,96.2,2288.0,0.494,0.23,122.0,21.0,3.0,0.204,0.34,0.311,0.266,0.311,0.224,0.371,90.8
656271,Brock Burke,CIN,SL,610,0.274,87.1,2247.0,0.436,0.253,67.0,10.0,1.0,0.164,0.295,0.257,0.282,0.284,0.359,0.31,85.7
656271,Brock Burke,CIN,CH,428,0.192,88.2,2109.0,0.549,0.371,60.0,13.0,1.0,0.241,0.389,0.313,0.348,0.217,0.255,0.395,86.7
656271,Brock Burke,CIN,SI,239,0.107,93.5,2121.0,0.46,0.315,50.0,9.0,0.0,0.225,0.225,0.32,0.324,0.08,0.129,0.135,82.6
592779,Brock Stewart,LAD,FF,466,0.474,96.1,2607.0,0.567,0.317,33.0,4.0,3.0,0.129,0.452,0.262,0.221,0.424,0.31,0.294,86.9
592779,Brock Stewart,LAD,ST,178,0.181,84.3,2540.0,0.399,0.306,23.0,5.0,0.0,0.227,0.227,0.265,0.261,0.217,0.342,0.235,80.0
592779,Brock Stewart,LAD,CH,121,0.123,90.0,1650.0,0.43,0.28,15.0,3.0,0.0,0.214,0.214,0.287,0.235,0.267,0.25,0.4,85.6
592779,Brock Stewart,LAD,SI,120,0.122,95.5,2305.0,0.525,0.426,17.0,3.0,0.0,0.188,0.25,0.221,0.229,0.0,0.107,0.25,76.4
592779,Brock Stewart,LAD,FC,89,0.091,92.8,2470.0,0.483,0.25,,,,,,,,,,,
621139,Brooks Kriske,ATH,FS,223,0.527,82.2,1062.0,0.453,0.316,,,,,,,,,,,
621139,Brooks Kriske,ATH,FF,145,0.343,93.3,2273.0,0.324,0.16,,,,,,,,,,,
621139,Brooks Kriske,ATH,FC,49,0.116,85.9,2257.0,0.327,0.182,,,,,,,,,,,
548384,Brooks Raley,PHI,ST,464,0.379,81.0,2924.0,0.506,0.323,90.0,22.0,3.0,0.272,0.481,0.358,0.34,0.267,0.204,0.316,87.0
548384,Brooks Raley,PHI,FC,326,0.267,86.8,2577.0,0.509,0.358,60.0,10.0,2.0,0.204,0.367,0.3,0.261,0.25,0.298,0.282,76.7
548384,Brooks Raley,PHI,SI,270,0.221,90.4,2393.0,0.319,0.149,33.0,7.0,1.0,0.259,0.481,0.411,0.385,0.03,0.125,0.462,92.6
548384,Brooks Raley,PHI,CH,159,0.13,84.3,1967.0,0.447,0.31,36.0,6.0,0.0,0.171,0.171,0.169,0.221,0.306,0.255,0.25,85.4
669145,Bruce Zimmermann,STL,SI,52,0.319,89.7,2321.0,0.423,0.174,,,,,,,,,,,
669145,Bruce Zimmermann,STL,FS,30,0.184,83.1,1602.0,0.633,0.5,,,,,,,,,,,
669145,Bruce Zimmermann,STL,SL,28,0.172,83.0,2376.0,0.321,0.273,,,,,,,,,,,
669145,Bruce Zimmermann,STL,CU,21,0.129,79.7,2403.0,0.333,0.182,,,,,,,,,,,
669145,Bruce Zimmermann,STL,FF,17,0.104,90.1,2415.0,0.294,0.091,,,,,,,,,,,
669145,Bruce Zimmermann,STL,FC,15,0.092,86.0,2415.0,0.467,0.273,,,,,,,,,,,
650556,Bryan Abreu,HOU,FF,1073,0.473,96.6,2277.0,0.432,0.216,121.0,14.0,5.0,0.149,0.351,0.317,0.324,0.289,0.245,0.45,88.6
650556,Bryan Abreu,HOU,SL,1054,0.464,86.5,2882.0,0.445,0.354,112.0,23.0,4.0,0.232,0.404,0.321,0.296,0.357,0.384,0.433,90.2
650556,Bryan Abreu,HOU,FC,121,0.053,93.0,2440.0,0.488,0.322,29.0,6.0,0.0,0.273,0.409,0.391,0.303,0.172,0.322,0.176,84.3
641329,Bryan Baker,TB,FF,1029,0.497,96.5,2285.0,0.553,0.34,110.0,12.0,0.0,0.129,0.161,0.222,0.306,0.227,0.204,0.406,89.0
641329,Bryan Baker,TB,CH,733,0.354,85.1,1856.0,0.494,0.337,120.0,20.0,3.0,0.177,0.319,0.24,0.228,0.308,0.298,0.273,82.2
641329,Bryan Baker,TB,SL,306,0.148,88.4,2389.0,0.448,0.284,10.0,3.0,1.0,0.333,0.778,0.485,0.434,0.1,0.188,0.625,91.0
663542,Bryan Hudson,CWS,FF,892,0.655,91.6,2201.0,0.476,0.194,194.0,42.0,4.0,0.241,0.328,0.293,0.274,0.237,0.211,0.386,86.7
663542,Bryan Hudson,CWS,ST,363,0.267,80.1,2083.0,0.446,0.323,69.0,21.0,1.0,0.339,0.452,0.382,0.273,0.159,0.211,0.352,86.5
663542,Bryan Hudson,CWS,SI,66,0.048,89.6,2144.0,0.258,0.057,,,,,,,,,,,
663542,Bryan Hudson,CWS,FC,24,0.018,84.8,2116.0,0.292,0.125,,,,,,,,,,,
687911,Bryan King,HOU,FF,1222,0.589,92.0,2114.0,0.526,0.302,165.0,38.0,6.0,0.268,0.444,0.357,0.316,0.2,0.158,0.407,86.7
687911,Bryan King,HOU,ST,590,0.284,80.6,2279.0,0.453,0.302,54.0,20.0,3.0,0.4,0.64,0.466,0.352,0.167,0.189,0.268,86.8
687911,Bryan King,HOU,SI,227,0.109,91.5,1992.0,0.449,0.34,41.0,7.0,0.0,0.184,0.211,0.279,0.247,0.098,0.111,0.314,83.0
687911,Bryan King,HOU,CH,25,0.012,87.0,1603.0,0.4,0.077,,,,,,,,,,,
693433,Bryan Woo,SEA,FF,2482,0.47,95.9,2282.0,0.561,0.312,297.0,65.0,8.0,0.237,0.401,0.303,0.314,0.232,0.216,0.461,90.6
693433,Bryan Woo,SEA,SI,1188,0.225,95.6,2289.0,0.515,0.309,148.0,35.0,6.0,0.255,0.401,0.328,0.329,0.142,0.092,0.475,88.9
693433,Bryan Woo,SEA,SL,657,0.124,87.7,2227.0,0.502,0.339,82.0,18.0,2.0,0.243,0.378,0.293,0.313,0.305,0.32,0.549,93.8
693433,Bryan Woo,SEA,ST,542,0.103,84.7,2482.0,0.502,0.383,89.0,17.0,2.0,0.193,0.318,0.234,0.214,0.371,0.357,0.255,85.3
693433,Bryan Woo,SEA,CH,357,0.068,89.6,1890.0,0.499,0.296,54.0,7.0,0.0,0.135,0.135,0.145,0.203,0.241,0.135,0.237,83.9
693433,Bryan Woo,SEA,CU,49,0.009,82.9,2295.0,0.327,0.235,13.0,3.0,0.0,0.25,0.417,0.385,0.181,0.462,0.312,0.167,83.7
693821,Bryce Elder,ATL,SI,1686,0.354,91.3,2091.0,0.389,0.196,191.0,40.0,6.0,0.233,0.355,0.309,0.31,0.209,0.105,0.451,89.8
693821,Bryce Elder,ATL,SL,1386,0.291,83.8,2477.0,0.53,0.37,161.0,37.0,9.0,0.25,0.473,0.349,0.316,0.248,0.27,0.417,89.7
693821,Bryce Elder,ATL,FF,813,0.171,92.6,2230.0,0.419,0.213,108.0,26.0,3.0,0.274,0.421,0.338,0.318,0.176,0.14,0.38,87.3
693821,Bryce Elder,ATL,CH,539,0.113,86.2,1864.0,0.497,0.348,79.0,15.0,1.0,0.2,0.267,0.226,0.231,0.215,0.294,0.254,83.7
693821,Bryce Elder,ATL,FC,335,0.07,88.5,2208.0,0.567,0.297,94.0,22.0,5.0,0.262,0.5,0.37,0.379,0.053,0.174,0.412,89.9
682243,Bryce Miller,SEA,FF,1345,0.402,95.4,2514.0,0.566,0.332,184.0,41.0,8.0,0.25,0.445,0.339,0.327,0.234,0.167,0.382,89.1
682243,Bryce Miller,SEA,FS,715,0.214,84.3,1058.0,0.568,0.344,115.0,21.0,4.0,0.184,0.342,0.235,0.218,0.365,0.283,0.324,86.2
682243,Bryce Miller,SEA,SI,401,0.12,94.8,2458.0,0.424,0.18,44.0,9.0,1.0,0.29,0.387,0.416,0.377,0.045,0.0,0.276,84.0
682243,Bryce Miller,SEA,SL,321,0.096,86.7,2506.0,0.483,0.273,39.0,10.0,2.0,0.263,0.526,0.346,0.312,0.179,0.291,0.344,87.3
682243,Bryce Miller,SEA,KC,239,0.071,83.3,2362.0,0.485,0.314,16.0,2.0,1.0,0.125,0.375,0.203,0.172,0.438,0.243,0.222,83.9
682243,Bryce Miller,SEA,ST,195,0.058,83.4,2372.0,0.374,0.269,34.0,4.0,0.0,0.118,0.118,0.106,0.2,0.324,0.245,0.087,80.5
682243,Bryce Miller,SEA,FC,118,0.035,91.0,2594.0,0.559,0.385,23.0,7.0,4.0,0.368,1.0,0.587,0.467,0.0,0.295,0.263,86.8
802408,Brycen Mautz,STL,FF,102,0.392,93.4,2239.0,0.471,0.173,22.0,7.0,1.0,0.389,0.611,0.48,0.43,0.091,0.292,0.25,88.7
802408,Brycen Mautz,STL,SL,69,0.265,83.5,2505.0,0.377,0.298,23.0,7.0,1.0,0.412,0.765,0.55,0.414,0.435,0.5,0.714,94.5
802408,Brycen Mautz,STL,CU,51,0.196,78.2,2357.0,0.333,0.278,10.0,1.0,0.0,0.125,0.125,0.278,0.186,0.5,0.353,0.5,73.5
802408,Brycen Mautz,STL,SI,36,0.138,93.1,2309.0,0.417,0.125,11.0,2.0,0.0,0.2,0.2,0.227,0.289,0.0,0.067,0.0,80.2
669060,Bryse Wilson,MIL,FC,394,0.284,88.0,2066.0,0.523,0.295,44.0,12.0,1.0,0.279,0.442,0.318,0.311,0.136,0.168,0.378,87.6
669060,Bryse Wilson,MIL,SI,368,0.265,92.1,2116.0,0.47,0.29,37.0,8.0,0.0,0.222,0.222,0.214,0.242,0.27,0.112,0.519,94.2
669060,Bryse Wilson,MIL,FF,245,0.177,92.8,2182.0,0.49,0.291,29.0,10.0,1.0,0.37,0.556,0.421,0.368,0.31,0.158,0.556,92.9
669060,Bryse Wilson,MIL,CH,190,0.137,85.8,1648.0,0.489,0.326,15.0,5.0,0.0,0.333,0.333,0.3,0.337,0.133,0.208,0.462,92.6
669060,Bryse Wilson,MIL,CU,181,0.13,80.8,2442.0,0.492,0.273,16.0,4.0,1.0,0.267,0.467,0.338,0.264,0.125,0.15,0.385,84.3
696149,Bubba Chandler,PIT,FF,1509,0.491,98.4,2402.0,0.494,0.276,308.0,60.0,7.0,0.23,0.383,0.334,0.331,0.214,0.191,0.418,88.4
696149,Bubba Chandler,PIT,SL,616,0.2,90.9,2391.0,0.511,0.356,153.0,37.0,4.0,0.266,0.417,0.349,0.307,0.216,0.232,0.462,88.7
696149,Bubba Chandler,PIT,CH,477,0.155,91.5,1978.0,0.447,0.281,104.0,19.0,1.0,0.204,0.269,0.268,0.285,0.212,0.236,0.229,85.2
696149,Bubba Chandler,PIT,SI,215,0.07,97.7,2272.0,0.414,0.298,48.0,10.0,2.0,0.256,0.41,0.369,0.369,0.125,0.101,0.382,90.4
696149,Bubba Chandler,PIT,CU,149,0.048,86.5,2372.0,0.342,0.128,26.0,4.0,1.0,0.182,0.409,0.288,0.275,0.192,0.146,0.333,90.5
696149,Bubba Chandler,PIT,ST,103,0.033,87.7,2503.0,0.369,0.213,17.0,3.0,0.0,0.2,0.267,0.221,0.216,0.294,0.263,0.273,90.7
572143,Burch Smith,DET,FF,125,0.436,93.8,2339.0,0.472,0.23,30.0,6.0,2.0,0.231,0.5,0.358,0.277,0.367,0.203,0.467,91.3
572143,Burch Smith,DET,CU,73,0.254,82.2,2467.0,0.507,0.343,18.0,5.0,0.0,0.294,0.353,0.297,0.208,0.333,0.243,0.615,88.1
572143,Burch Smith,DET,FC,60,0.209,87.7,2386.0,0.417,0.259,20.0,7.0,0.0,0.412,0.647,0.535,0.391,0.1,0.16,0.4,87.0
572143,Burch Smith,DET,CH,27,0.094,84.3,1709.0,0.407,0.25,,,,,,,,,,,
676917,Cade Cavalli,WSH,FF,1135,0.318,96.9,2305.0,0.495,0.272,216.0,55.0,8.0,0.282,0.467,0.358,0.328,0.264,0.191,0.453,91.6
676917,Cade Cavalli,WSH,KC,984,0.275,86.2,2269.0,0.454,0.372,181.0,33.0,2.0,0.2,0.248,0.247,0.241,0.381,0.377,0.32,84.9
676917,Cade Cavalli,WSH,SI,493,0.138,96.3,2178.0,0.515,0.278,103.0,31.0,1.0,0.341,0.418,0.385,0.344,0.097,0.098,0.481,92.6
676917,Cade Cavalli,WSH,ST,393,0.11,86.3,2302.0,0.433,0.386,116.0,12.0,1.0,0.115,0.154,0.195,0.228,0.422,0.341,0.357,85.6
676917,Cade Cavalli,WSH,CH,319,0.089,89.4,1965.0,0.464,0.321,50.0,9.0,3.0,0.209,0.419,0.344,0.356,0.22,0.258,0.312,84.6
676917,Cade Cavalli,WSH,FC,239,0.067,93.6,2299.0,0.506,0.272,36.0,8.0,3.0,0.229,0.571,0.321,0.381,0.083,0.159,0.441,90.8
806188,Cade Gibson,MIA,CU,443,0.247,78.9,3035.0,0.422,0.357,43.0,6.0,0.0,0.158,0.184,0.22,0.251,0.279,0.291,0.4,85.8
806188,Cade Gibson,MIA,SI,412,0.23,91.9,2274.0,0.383,0.202,57.0,12.0,1.0,0.286,0.381,0.417,0.319,0.07,0.012,0.35,82.8
806188,Cade Gibson,MIA,ST,363,0.203,80.0,3124.0,0.482,0.368,68.0,20.0,2.0,0.317,0.476,0.367,0.285,0.338,0.235,0.293,85.3
806188,Cade Gibson,MIA,SL,227,0.127,86.6,2844.0,0.458,0.229,31.0,5.0,1.0,0.192,0.308,0.293,0.337,0.065,0.213,0.385,82.8
806188,Cade Gibson,MIA,CH,205,0.115,85.5,1864.0,0.493,0.318,14.0,5.0,0.0,0.357,0.429,0.346,0.233,0.071,0.265,0.538,93.5
806188,Cade Gibson,MIA,FF,127,0.071,92.0,2271.0,0.307,0.125,,,,,,,,,,,
690990,Cade Horton,CHC,FF,945,0.502,95.7,2488.0,0.468,0.197,14.0,3.0,1.0,0.231,0.462,0.321,0.36,0.143,0.2,0.417,88.7
690990,Cade Horton,CHC,ST,398,0.211,83.4,2568.0,0.543,0.42,,,,,,,,,,,
690990,Cade Horton,CHC,CH,247,0.131,88.0,1915.0,0.498,0.341,,,,,,,,,,,
690990,Cade Horton,CHC,CU,183,0.097,83.9,2572.0,0.454,0.291,,,,,,,,,,,
690990,Cade Horton,CHC,SI,105,0.056,95.1,2337.0,0.429,0.254,,,,,,,,,,,
700249,Cade Povich,BAL,FF,1013,0.392,92.1,2381.0,0.459,0.23,68.0,12.0,2.0,0.194,0.323,0.263,0.301,0.162,0.159,0.353,92.1
700249,Cade Povich,BAL,CU,567,0.219,78.3,2542.0,0.453,0.347,32.0,5.0,0.0,0.192,0.231,0.283,0.276,0.281,0.373,0.235,81.8
700249,Cade Povich,BAL,CH,358,0.138,83.9,1208.0,0.444,0.3,20.0,10.0,1.0,0.5,0.65,0.505,0.404,0.15,0.156,0.471,91.2
700249,Cade Povich,BAL,SI,294,0.114,91.8,2212.0,0.435,0.239,18.0,7.0,0.0,0.5,0.714,0.564,0.421,0.0,0.091,0.533,93.1
700249,Cade Povich,BAL,ST,203,0.078,82.7,2457.0,0.414,0.216,,,,,,,,,,,
700249,Cade Povich,BAL,SL,114,0.044,85.8,2316.0,0.5,0.312,21.0,5.0,3.0,0.238,0.667,0.371,0.369,0.238,0.27,0.5,87.9
700249,Cade Povich,BAL,FC,33,0.013,91.5,2479.0,0.333,0.0,,,,,,,,,,,
671922,Cade Smith,CLE,FF,1599,0.662,96.9,2345.0,0.513,0.296,194.0,37.0,3.0,0.216,0.322,0.298,0.304,0.335,0.274,0.505,93.5
671922,Cade Smith,CLE,FS,555,0.23,87.3,639.0,0.519,0.392,70.0,6.0,0.0,0.095,0.095,0.127,0.169,0.443,0.404,0.265,86.7
671922,Cade Smith,CLE,ST,234,0.097,85.3,2080.0,0.415,0.287,21.0,4.0,2.0,0.2,0.55,0.326,0.208,0.286,0.354,0.286,84.5
685464,Cade Winquest,STL,FF,73,0.358,95.8,2483.0,0.37,0.194,17.0,2.0,0.0,0.133,0.133,0.188,0.165,0.529,0.37,0.286,84.0
685464,Cade Winquest,STL,FC,59,0.289,92.3,2551.0,0.559,0.37,15.0,5.0,0.0,0.357,0.429,0.43,0.279,0.067,0.152,0.308,86.9
685464,Cade Winquest,STL,CU,57,0.279,79.7,2274.0,0.316,0.147,13.0,1.0,1.0,0.1,0.4,0.358,0.222,0.308,0.333,0.167,83.8
615698,Cal Quantrill,TEX,SI,863,0.235,93.8,2098.0,0.476,0.29,120.0,24.0,1.0,0.214,0.312,0.274,0.285,0.167,0.122,0.337,86.5
615698,Cal Quantrill,TEX,FS,798,0.217,85.5,1082.0,0.503,0.356,112.0,22.0,4.0,0.204,0.343,0.257,0.266,0.214,0.245,0.345,88.8
615698,Cal Quantrill,TEX,FC,781,0.212,88.8,2290.0,0.485,0.256,83.0,26.0,5.0,0.338,0.571,0.422,0.425,0.084,0.108,0.371,88.9
615698,Cal Quantrill,TEX,FF,707,0.192,93.7,2138.0,0.438,0.237,104.0,15.0,3.0,0.167,0.278,0.246,0.285,0.26,0.211,0.439,91.1
615698,Cal Quantrill,TEX,CU,305,0.083,79.8,2499.0,0.459,0.302,11.0,2.0,0.0,0.182,0.182,0.164,0.246,0.091,0.074,0.2,92.4
615698,Cal Quantrill,TEX,SL,210,0.057,85.1,2420.0,0.424,0.263,11.0,0.0,0.0,0.0,0.0,0.0,0.19,0.182,0.071,0.333,85.2
657571,Caleb Ferguson,STL,FF,471,0.286,93.4,2320.0,0.49,0.25,37.0,11.0,2.0,0.344,0.594,0.422,0.337,0.054,0.099,0.29,88.2
657571,Caleb Ferguson,STL,SI,442,0.268,93.2,2259.0,0.437,0.302,51.0,11.0,0.0,0.244,0.356,0.325,0.284,0.294,0.157,0.367,87.6
657571,Caleb Ferguson,STL,FC,394,0.239,88.2,2615.0,0.528,0.303,37.0,7.0,2.0,0.226,0.419,0.343,0.402,0.243,0.203,0.455,92.0
668873,Caleb Kilian,PHI,FF,392,0.494,96.8,2380.0,0.49,0.283,90.0,17.0,1.0,0.224,0.289,0.337,0.29,0.222,0.167,0.356,83.9
668873,Caleb Kilian,PHI,KC,187,0.236,80.9,2703.0,0.439,0.348,51.0,13.0,2.0,0.271,0.438,0.327,0.283,0.392,0.39,0.321,88.0
668873,Caleb Kilian,PHI,SI,106,0.134,96.0,2408.0,0.453,0.279,32.0,9.0,0.0,0.346,0.346,0.384,0.343,0.094,0.188,0.333,84.5
668873,Caleb Kilian,PHI,SL,101,0.127,88.3,2535.0,0.574,0.423,33.0,4.0,3.0,0.129,0.419,0.252,0.264,0.394,0.414,0.389,88.1
573204,Caleb Thielbar,CHC,FF,674,0.402,93.1,2324.0,0.579,0.371,83.0,19.0,6.0,0.247,0.494,0.338,0.379,0.265,0.189,0.429,91.6
573204,Caleb Thielbar,CHC,CU,445,0.266,76.2,2598.0,0.413,0.311,52.0,10.0,1.0,0.2,0.32,0.241,0.229,0.404,0.274,0.345,85.3
573204,Caleb Thielbar,CHC,SL,300,0.179,88.0,2321.0,0.53,0.365,44.0,12.0,2.0,0.333,0.528,0.431,0.391,0.205,0.319,0.393,87.4
573204,Caleb Thielbar,CHC,ST,242,0.144,80.6,2535.0,0.446,0.303,23.0,5.0,2.0,0.227,0.545,0.37,0.28,0.304,0.263,0.312,79.9
676534,Calvin Faucher,MIA,FC,777,0.353,92.6,2808.0,0.471,0.239,88.0,22.0,0.0,0.314,0.371,0.383,0.393,0.114,0.238,0.459,89.1
676534,Calvin Faucher,MIA,ST,483,0.219,87.6,3035.0,0.472,0.329,86.0,12.0,0.0,0.154,0.205,0.199,0.233,0.36,0.268,0.333,87.1
676534,Calvin Faucher,MIA,SI,313,0.142,95.9,2295.0,0.364,0.269,52.0,5.0,0.0,0.119,0.143,0.228,0.283,0.135,0.101,0.429,87.0
676534,Calvin Faucher,MIA,CU,311,0.141,85.9,3020.0,0.373,0.271,40.0,10.0,1.0,0.256,0.385,0.293,0.253,0.325,0.25,0.296,85.3
676534,Calvin Faucher,MIA,FF,303,0.138,96.1,2451.0,0.34,0.173,19.0,2.0,0.0,0.133,0.133,0.242,0.237,0.526,0.349,0.2,87.0
592155,Cam Booser,TB,FF,511,0.457,95.6,2051.0,0.534,0.261,67.0,11.0,0.0,0.175,0.222,0.187,0.253,0.224,0.207,0.408,88.5
592155,Cam Booser,TB,FC,341,0.305,87.9,2124.0,0.501,0.312,52.0,11.0,4.0,0.229,0.479,0.329,0.316,0.231,0.244,0.389,87.9
592155,Cam Booser,TB,ST,241,0.216,81.3,2119.0,0.465,0.358,24.0,2.0,1.0,0.083,0.25,0.135,0.119,0.625,0.533,0.2,85.0
592155,Cam Booser,TB,CH,22,0.02,87.6,1472.0,0.455,0.389,,,,,,,,,,,
676742,Cam Sanders,BAL,FF,318,0.468,95.9,2579.0,0.456,0.28,58.0,9.0,1.0,0.214,0.31,0.358,0.373,0.259,0.324,0.296,88.2
676742,Cam Sanders,BAL,SL,240,0.353,85.8,2715.0,0.463,0.373,51.0,8.0,0.0,0.178,0.222,0.232,0.22,0.373,0.435,0.296,85.7
676742,Cam Sanders,BAL,CH,86,0.127,90.7,1706.0,0.43,0.306,17.0,4.0,0.0,0.267,0.333,0.315,0.368,0.176,0.233,0.417,89.0
676742,Cam Sanders,BAL,SI,16,0.024,95.6,2467.0,0.188,0.091,,,,,,,,,,,
676742,Cam Sanders,BAL,ST,15,0.022,83.0,2854.0,0.333,0.273,,,,,,,,,,,
693645,Cam Schlittler,NYY,FF,2012,0.476,98.0,2504.0,0.543,0.356,312.0,47.0,6.0,0.165,0.268,0.235,0.232,0.391,0.32,0.416,88.1
693645,Cam Schlittler,NYY,FC,1010,0.239,94.0,2575.0,0.521,0.296,195.0,38.0,7.0,0.211,0.389,0.297,0.287,0.241,0.217,0.336,86.0
693645,Cam Schlittler,NYY,SI,656,0.155,97.8,2369.0,0.477,0.312,174.0,28.0,3.0,0.176,0.264,0.241,0.268,0.236,0.142,0.367,86.9
693645,Cam Schlittler,NYY,CU,473,0.112,85.1,2565.0,0.423,0.302,58.0,13.0,0.0,0.236,0.327,0.268,0.325,0.362,0.43,0.5,92.5
693645,Cam Schlittler,NYY,SL,43,0.01,89.8,2499.0,0.326,0.161,,,,,,,,,,,
693645,Cam Schlittler,NYY,ST,29,0.007,87.9,2444.0,0.586,0.3,,,,,,,,,,,
671382,Cameron Foster,BAL,FF,110,0.582,96.1,2479.0,0.436,0.264,28.0,8.0,0.0,0.381,0.429,0.445,0.375,0.179,0.208,0.312,87.6
671382,Cameron Foster,BAL,SL,41,0.217,84.0,2575.0,0.415,0.286,,,,,,,,,,,
671382,Cameron Foster,BAL,FC,38,0.201,89.9,2510.0,0.553,0.235,12.0,5.0,1.0,0.455,0.727,0.525,0.356,0.167,0.333,0.2,86.8
666808,Camilo Doval,PIT,SL,837,0.393,89.0,2651.0,0.497,0.393,84.0,16.0,4.0,0.208,0.403,0.297,0.238,0.476,0.455,0.474,90.2
666808,Camilo Doval,PIT,FC,705,0.331,98.4,2548.0,0.417,0.169,63.0,17.0,1.0,0.347,0.449,0.444,0.363,0.079,0.142,0.413,89.8
666808,Camilo Doval,PIT,SI,543,0.255,97.8,2503.0,0.494,0.243,113.0,22.0,2.0,0.239,0.348,0.322,0.332,0.124,0.126,0.53,89.5
666808,Camilo Doval,PIT,CH,25,0.012,94.5,1807.0,0.32,0.238,,,,,,,,,,,
605218,Carl Edwards,NYM,FF,99,0.524,92.7,2530.0,0.444,0.244,11.0,1.0,0.0,0.111,0.111,0.209,0.239,0.455,0.476,0.25,93.0
605218,Carl Edwards,NYM,CU,61,0.323,79.3,2234.0,0.41,0.297,,,,,,,,,,,
605218,Carl Edwards,NYM,CH,29,0.153,88.7,1791.0,0.517,0.25,,,,,,,,,,,
471911,Carlos Carrasco,ATL,SI,244,0.238,90.5,2080.0,0.475,0.229,16.0,5.0,1.0,0.333,0.6,0.41,0.413,0.062,0.103,0.4,85.5
471911,Carlos Carrasco,ATL,CH,242,0.236,85.1,1267.0,0.537,0.401,20.0,6.0,0.0,0.316,0.368,0.322,0.354,0.15,0.19,0.375,86.0
471911,Carlos Carrasco,ATL,SL,228,0.222,84.7,2355.0,0.478,0.325,14.0,5.0,1.0,0.385,0.615,0.45,0.452,0.214,0.32,0.5,87.3
471911,Carlos Carrasco,ATL,FF,193,0.188,91.5,2193.0,0.482,0.148,12.0,1.0,0.0,0.091,0.091,0.1,0.469,0.0,0.1,0.5,87.2
471911,Carlos Carrasco,ATL,CU,78,0.076,77.8,2567.0,0.269,0.204,,,,,,,,,,,
471911,Carlos Carrasco,ATL,FC,38,0.037,89.5,2378.0,0.526,0.2,11.0,4.0,1.0,0.5,0.875,0.618,0.534,0.0,0.1,0.25,88.6
666126,Carlos Cortes,ATH,CH,22,0.138,72.1,1734.0,0.364,0.143,,,,,,,,,,,
679922,Carlos Duran,KC,FF,25,0.403,95.7,2236.0,0.2,0.067,,,,,,,,,,,
679922,Carlos Duran,KC,SI,22,0.355,94.7,2260.0,0.227,0.176,,,,,,,,,,,
608032,Carlos Estévez,KC,FF,573,0.525,95.7,2162.0,0.501,0.221,,,,,,,,,,,
608032,Carlos Estévez,KC,SL,328,0.301,87.3,2240.0,0.463,0.199,,,,,,,,,,,
608032,Carlos Estévez,KC,CH,169,0.155,87.7,1612.0,0.503,0.273,,,,,,,,,,,
672578,Carlos Hernández,CLE,FF,422,0.52,97.8,2411.0,0.531,0.246,,,,,,,,,,,
672578,Carlos Hernández,CLE,FS,163,0.201,88.8,1216.0,0.491,0.304,,,,,,,,,,,
672578,Carlos Hernández,CLE,SL,157,0.193,86.5,2054.0,0.503,0.319,,,,,,,,,,,
672578,Carlos Hernández,CLE,KC,53,0.065,82.6,2422.0,0.302,0.154,,,,,,,,,,,
692230,Carlos Rodriguez,MIL,CH,113,0.29,87.0,1768.0,0.487,0.342,20.0,5.0,1.0,0.294,0.529,0.402,0.314,0.35,0.444,0.3,85.4
692230,Carlos Rodriguez,MIL,FF,103,0.264,94.0,2273.0,0.447,0.161,,,,,,,,,,,
692230,Carlos Rodriguez,MIL,FC,92,0.236,89.5,2215.0,0.5,0.205,10.0,2.0,0.0,0.2,0.2,0.18,0.217,0.0,0.2,0.1,81.0
692230,Carlos Rodriguez,MIL,ST,54,0.138,80.7,2304.0,0.574,0.294,,,,,,,,,,,
692230,Carlos Rodriguez,MIL,CU,16,0.041,76.1,2343.0,0.375,0.273,,,,,,,,,,,
607074,Carlos Rodón,NYY,FF,2004,0.431,94.2,2357.0,0.44,0.224,134.0,19.0,3.0,0.184,0.311,0.326,0.384,0.194,0.197,0.487,92.0
607074,Carlos Rodón,NYY,SL,1277,0.275,86.0,2636.0,0.465,0.324,97.0,13.0,3.0,0.144,0.289,0.214,0.235,0.433,0.354,0.4,89.3
607074,Carlos Rodón,NYY,CH,728,0.157,85.1,1645.0,0.521,0.378,57.0,12.0,0.0,0.222,0.278,0.253,0.288,0.228,0.358,0.293,88.8
607074,Carlos Rodón,NYY,SI,488,0.105,92.5,2258.0,0.494,0.315,46.0,7.0,1.0,0.167,0.262,0.243,0.254,0.174,0.178,0.27,86.3
607074,Carlos Rodón,NYY,CU,148,0.032,80.1,2724.0,0.277,0.184,,,,,,,,,,,
672841,Carlos Vargas,SEA,SI,814,0.589,97.4,2158.0,0.467,0.3,36.0,9.0,1.0,0.3,0.467,0.392,0.404,0.139,0.097,0.52,90.5
672841,Carlos Vargas,SEA,SL,281,0.203,89.8,2423.0,0.562,0.338,24.0,3.0,1.0,0.125,0.333,0.188,0.215,0.375,0.233,0.125,86.1
672841,Carlos Vargas,SEA,FC,198,0.143,94.6,2264.0,0.505,0.169,14.0,4.0,0.0,0.308,0.462,0.357,0.307,0.214,0.156,0.1,82.6
672841,Carlos Vargas,SEA,FF,37,0.027,97.7,2182.0,0.378,0.125,,,,,,,,,,,
672841,Carlos Vargas,SEA,CH,30,0.022,93.5,1728.0,0.467,0.381,,,,,,,,,,,
669387,Carmen Mlodzinski,PIT,FF,1131,0.307,95.6,2125.0,0.469,0.216,145.0,41.0,5.0,0.323,0.52,0.405,0.375,0.179,0.145,0.539,91.8
669387,Carmen Mlodzinski,PIT,FS,763,0.207,86.4,1699.0,0.509,0.402,136.0,23.0,1.0,0.181,0.252,0.227,0.274,0.228,0.307,0.347,84.7
669387,Carmen Mlodzinski,PIT,SI,617,0.168,95.0,2076.0,0.397,0.174,100.0,30.0,1.0,0.333,0.411,0.385,0.409,0.07,0.034,0.524,93.5
669387,Carmen Mlodzinski,PIT,ST,389,0.106,83.7,2556.0,0.386,0.224,43.0,7.0,1.0,0.167,0.262,0.197,0.257,0.326,0.203,0.357,88.7
669387,Carmen Mlodzinski,PIT,CU,381,0.103,84.2,2616.0,0.423,0.335,57.0,13.0,0.0,0.25,0.327,0.307,0.32,0.193,0.243,0.537,93.0
669387,Carmen Mlodzinski,PIT,SL,304,0.083,89.1,2441.0,0.507,0.331,17.0,5.0,0.0,0.312,0.375,0.326,0.332,0.059,0.2,0.333,86.1
669387,Carmen Mlodzinski,PIT,FC,93,0.025,92.2,2398.0,0.559,0.3,26.0,5.0,2.0,0.208,0.458,0.346,0.396,0.077,0.118,0.455,91.1
687223,Carson Palmquist,WSH,FF,419,0.412,90.5,2159.0,0.477,0.189,,,,,,,,,,,
687223,Carson Palmquist,WSH,ST,353,0.347,73.9,1988.0,0.462,0.335,35.0,7.0,0.0,0.226,0.258,0.25,0.298,0.286,0.296,0.136,79.7
687223,Carson Palmquist,WSH,FC,119,0.117,82.0,1949.0,0.361,0.236,,,,,,,,,,,
687223,Carson Palmquist,WSH,SI,102,0.1,90.6,2159.0,0.412,0.333,30.0,11.0,0.0,0.44,0.56,0.481,0.35,0.067,0.071,0.333,87.8
687223,Carson Palmquist,WSH,CH,25,0.025,81.3,1527.0,0.28,0.143,,,,,,,,,,,
693313,Carson Seymour,SF,SI,437,0.384,96.3,2253.0,0.416,0.185,43.0,10.0,2.0,0.27,0.541,0.41,0.376,0.093,0.173,0.382,88.0
693313,Carson Seymour,SF,SL,256,0.225,87.8,2087.0,0.492,0.34,37.0,6.0,2.0,0.171,0.343,0.243,0.322,0.297,0.339,0.417,86.7
693313,Carson Seymour,SF,FF,220,0.193,97.0,2286.0,0.523,0.26,22.0,4.0,0.0,0.222,0.333,0.405,0.485,0.136,0.125,0.6,94.0
693313,Carson Seymour,SF,FC,174,0.153,94.1,2416.0,0.414,0.165,27.0,9.0,1.0,0.409,0.545,0.496,0.421,0.111,0.191,0.25,81.0
693313,Carson Seymour,SF,CU,30,0.026,85.1,1871.0,0.233,0.091,,,,,,,,,,,
686730,Carson Spiers,CIN,ST,83,0.269,80.7,2746.0,0.41,0.283,,,,,,,,,,,
686730,Carson Spiers,CIN,SI,73,0.237,91.9,2161.0,0.507,0.37,,,,,,,,,,,
686730,Carson Spiers,CIN,CH,61,0.198,87.0,1649.0,0.426,0.22,,,,,,,,,,,
686730,Carson Spiers,CIN,FC,47,0.153,87.9,2445.0,0.468,0.25,,,,,,,,,,,
686730,Carson Spiers,CIN,FF,43,0.14,92.2,2302.0,0.488,0.261,,,,,,,,,,,
687931,Carson Whisenhunt,SF,FF,410,0.4,92.7,2259.0,0.39,0.214,54.0,17.0,1.0,0.436,0.641,0.505,0.488,0.111,0.089,0.543,94.5
687931,Carson Whisenhunt,SF,CH,368,0.359,82.5,1977.0,0.56,0.406,66.0,13.0,3.0,0.213,0.393,0.291,0.314,0.197,0.379,0.417,88.0
687931,Carson Whisenhunt,SF,SL,158,0.154,84.4,2487.0,0.43,0.302,21.0,5.0,1.0,0.238,0.476,0.3,0.284,0.143,0.25,0.444,91.5
687931,Carson Whisenhunt,SF,SI,57,0.056,92.9,2195.0,0.316,0.179,15.0,4.0,0.0,0.308,0.308,0.333,0.301,0.2,0.167,0.4,88.9
691945,Carter Baumler,TEX,CU,56,0.479,84.3,2495.0,0.446,0.344,15.0,2.0,0.0,0.154,0.231,0.237,0.251,0.333,0.32,0.375,88.6
691945,Carter Baumler,TEX,FF,39,0.333,95.0,2291.0,0.462,0.25,11.0,2.0,1.0,0.286,0.714,0.518,0.472,0.091,0.111,0.667,96.2
668984,Casey Legumina,TB,FF,900,0.45,93.6,2393.0,0.543,0.286,133.0,25.0,4.0,0.212,0.39,0.293,0.311,0.263,0.201,0.419,89.1
668984,Casey Legumina,TB,SI,438,0.219,93.3,2292.0,0.468,0.358,68.0,20.0,1.0,0.333,0.433,0.377,0.402,0.059,0.097,0.351,83.4
668984,Casey Legumina,TB,ST,275,0.137,80.5,2686.0,0.502,0.287,33.0,11.0,1.0,0.379,0.552,0.376,0.283,0.242,0.338,0.292,85.5
668984,Casey Legumina,TB,CH,221,0.11,87.1,1545.0,0.471,0.311,34.0,6.0,0.0,0.188,0.281,0.237,0.207,0.176,0.115,0.407,86.2
668984,Casey Legumina,TB,SL,129,0.064,85.0,2587.0,0.45,0.288,24.0,8.0,1.0,0.364,0.545,0.419,0.289,0.083,0.207,0.35,84.3
663554,Casey Mize,SD,FF,1492,0.341,94.0,2251.0,0.443,0.213,172.0,32.0,5.0,0.208,0.396,0.306,0.287,0.203,0.176,0.463,92.3
663554,Casey Mize,SD,FS,1045,0.239,88.2,1477.0,0.587,0.411,149.0,33.0,2.0,0.239,0.341,0.297,0.269,0.275,0.294,0.289,84.5
663554,Casey Mize,SD,SL,940,0.215,87.7,2216.0,0.418,0.19,127.0,28.0,5.0,0.241,0.44,0.314,0.32,0.173,0.231,0.389,87.4
663554,Casey Mize,SD,SI,487,0.111,94.3,2247.0,0.567,0.403,61.0,16.0,2.0,0.296,0.537,0.382,0.36,0.098,0.14,0.431,90.9
689149,Chad Dallas,TOR,FC,87,0.383,92.9,2427.0,0.448,0.283,21.0,3.0,1.0,0.167,0.389,0.298,0.349,0.143,0.128,0.533,90.3
689149,Chad Dallas,TOR,ST,65,0.286,84.0,2687.0,0.677,0.667,20.0,5.0,0.0,0.25,0.25,0.225,0.11,0.4,0.364,0.167,86.4
689149,Chad Dallas,TOR,CU,62,0.273,84.0,2672.0,0.355,0.245,14.0,3.0,1.0,0.333,0.667,0.471,0.478,0.143,0.227,0.5,94.9
694477,Chad Patrick,MIL,FC,1547,0.417,88.9,2440.0,0.53,0.341,177.0,30.0,6.0,0.192,0.346,0.282,0.318,0.215,0.279,0.317,85.9
694477,Chad Patrick,MIL,FF,871,0.235,94.9,2335.0,0.503,0.292,105.0,16.0,1.0,0.176,0.275,0.259,0.286,0.286,0.264,0.377,87.9
694477,Chad Patrick,MIL,SI,859,0.231,94.8,2174.0,0.432,0.181,107.0,27.0,3.0,0.293,0.446,0.367,0.341,0.131,0.126,0.427,87.9
694477,Chad Patrick,MIL,CH,143,0.039,88.8,2002.0,0.385,0.257,,,,,,,,,,,
694477,Chad Patrick,MIL,SL,106,0.029,84.2,2441.0,0.415,0.194,,,,,,,,,,,
656212,Charlie Barnes,LAD,FF,67,0.333,89.3,2026.0,0.388,0.158,20.0,4.0,2.0,0.267,0.667,0.465,0.448,0.1,0.077,0.385,93.2
656212,Charlie Barnes,LAD,SI,43,0.214,89.2,2005.0,0.488,0.278,16.0,3.0,0.0,0.2,0.2,0.213,0.295,0.0,0.048,0.8,97.4
656212,Charlie Barnes,LAD,SL,42,0.209,83.6,2469.0,0.405,0.321,10.0,3.0,1.0,0.333,0.778,0.485,0.468,0.3,0.353,0.333,93.7
656212,Charlie Barnes,LAD,CH,36,0.179,82.4,1694.0,0.5,0.417,13.0,5.0,0.0,0.417,0.5,0.427,0.416,0.077,0.167,0.273,85.6
695505,Chase Burns,CIN,FF,1864,0.559,97.9,2626.0,0.497,0.274,337.0,75.0,10.0,0.256,0.42,0.348,0.334,0.16,0.146,0.388,90.2
695505,Chase Burns,CIN,SL,1258,0.377,90.4,2783.0,0.513,0.413,261.0,39.0,4.0,0.158,0.251,0.204,0.196,0.483,0.498,0.378,88.2
695505,Chase Burns,CIN,CH,177,0.053,90.4,1750.0,0.395,0.308,22.0,10.0,3.0,0.476,0.952,0.607,0.433,0.182,0.327,0.294,84.0
695505,Chase Burns,CIN,SI,20,0.006,98.3,2466.0,0.3,0.0,,,,,,,,,,,
801403,Chase Dollander,COL,FF,1147,0.455,98.2,2414.0,0.511,0.219,85.0,14.0,3.0,0.194,0.375,0.312,0.285,0.318,0.242,0.533,91.7
801403,Chase Dollander,COL,CU,438,0.174,79.3,2800.0,0.436,0.266,,,,,,,,,,,
801403,Chase Dollander,COL,SI,353,0.14,97.7,2403.0,0.476,0.265,47.0,9.0,1.0,0.225,0.325,0.331,0.344,0.064,0.141,0.447,86.2
801403,Chase Dollander,COL,SL,327,0.13,89.0,2625.0,0.419,0.273,26.0,6.0,0.0,0.25,0.417,0.315,0.365,0.192,0.312,0.684,95.1
801403,Chase Dollander,COL,CH,216,0.086,89.7,2005.0,0.444,0.257,19.0,8.0,2.0,0.444,0.833,0.513,0.314,0.316,0.286,0.385,85.9
801403,Chase Dollander,COL,ST,40,0.016,85.7,2716.0,0.275,0.2,,,,,,,,,,,
695445,Chase Lee,TOR,SI,282,0.372,89.1,2384.0,0.418,0.194,13.0,2.0,0.0,0.2,0.2,0.3,0.319,0.077,0.062,0.333,87.3
695445,Chase Lee,TOR,ST,262,0.346,80.0,2966.0,0.389,0.265,15.0,4.0,3.0,0.286,0.929,0.507,0.257,0.133,0.364,0.154,79.2
695445,Chase Lee,TOR,FF,152,0.201,89.6,2466.0,0.507,0.158,,,,,,,,,,,
695445,Chase Lee,TOR,CH,50,0.066,85.6,1628.0,0.48,0.214,,,,,,,,,,,
695534,Chase Petty,CIN,SI,203,0.314,96.1,2112.0,0.517,0.289,61.0,16.0,3.0,0.308,0.558,0.42,0.425,0.033,0.07,0.423,91.1
695534,Chase Petty,CIN,CH,130,0.201,87.5,1737.0,0.446,0.225,23.0,4.0,1.0,0.2,0.4,0.311,0.322,0.087,0.333,0.222,84.7
695534,Chase Petty,CIN,FF,108,0.167,96.7,2331.0,0.444,0.232,20.0,1.0,0.0,0.053,0.053,0.17,0.206,0.15,0.179,0.294,86.5
695534,Chase Petty,CIN,ST,106,0.164,83.7,2351.0,0.453,0.242,20.0,5.0,1.0,0.25,0.45,0.298,0.302,0.3,0.316,0.214,83.5
695534,Chase Petty,CIN,SL,99,0.153,90.3,2332.0,0.434,0.35,13.0,5.0,1.0,0.417,0.75,0.458,0.462,0.154,0.136,0.727,92.3
663767,Chase Shugart,PHI,FC,439,0.287,90.9,2456.0,0.435,0.217,53.0,11.0,2.0,0.262,0.476,0.354,0.357,0.038,0.152,0.372,87.5
663767,Chase Shugart,PHI,SI,376,0.245,94.8,2106.0,0.386,0.245,62.0,8.0,1.0,0.145,0.218,0.207,0.287,0.452,0.217,0.393,88.6
663767,Chase Shugart,PHI,ST,370,0.242,81.7,2698.0,0.451,0.304,52.0,11.0,4.0,0.234,0.532,0.342,0.248,0.288,0.275,0.242,87.2
663767,Chase Shugart,PHI,FF,208,0.136,95.6,2121.0,0.365,0.146,20.0,3.0,2.0,0.188,0.562,0.385,0.457,0.25,0.233,0.364,89.8
663767,Chase Shugart,PHI,CH,126,0.082,88.8,1827.0,0.444,0.31,24.0,7.0,1.0,0.304,0.609,0.367,0.228,0.208,0.25,0.316,83.8
681217,Chase Silseth,TEX,FF,520,0.4,95.8,2402.0,0.504,0.297,105.0,17.0,1.0,0.212,0.3,0.321,0.344,0.314,0.342,0.42,86.7
681217,Chase Silseth,TEX,FS,298,0.229,88.1,1061.0,0.456,0.31,69.0,11.0,2.0,0.177,0.323,0.262,0.252,0.348,0.359,0.289,85.8
681217,Chase Silseth,TEX,ST,290,0.223,85.7,2849.0,0.445,0.401,52.0,11.0,1.0,0.22,0.32,0.252,0.231,0.25,0.269,0.135,83.2
681217,Chase Silseth,TEX,SI,167,0.129,95.5,2328.0,0.467,0.182,34.0,14.0,1.0,0.483,0.69,0.538,0.427,0.029,0.077,0.448,88.9
686678,Chase Solesky,TB,SI,22,0.379,93.2,1974.0,0.364,0.0,,,,,,,,,,,
686678,Chase Solesky,TB,ST,15,0.259,82.8,2090.0,0.267,0.125,,,,,,,,,,,
694646,Chayce Mcdermott,NYM,FF,169,0.483,94.2,2204.0,0.402,0.163,12.0,3.0,0.0,0.25,0.25,0.3,0.284,0.167,0.194,0.5,91.5
694646,Chayce Mcdermott,NYM,FC,81,0.231,88.8,2530.0,0.432,0.261,13.0,4.0,1.0,0.4,1.0,0.612,0.355,0.077,0.276,0.2,82.5
694646,Chayce Mcdermott,NYM,SL,76,0.217,83.4,2628.0,0.329,0.2,10.0,1.0,1.0,0.125,0.5,0.34,0.408,0.3,0.182,0.4,93.0
694646,Chayce Mcdermott,NYM,FS,17,0.049,84.8,1144.0,0.235,0.0,,,,,,,,,,,
605135,Chris Bassitt,BAL,SI,1816,0.397,91.8,2107.0,0.465,0.232,196.0,58.0,3.0,0.335,0.434,0.377,0.362,0.122,0.116,0.477,89.7
605135,Chris Bassitt,BAL,CU,830,0.182,71.3,2300.0,0.47,0.308,104.0,19.0,2.0,0.211,0.322,0.304,0.286,0.24,0.286,0.182,83.8
605135,Chris Bassitt,BAL,FC,811,0.178,89.1,2195.0,0.487,0.258,70.0,21.0,2.0,0.328,0.531,0.398,0.356,0.157,0.194,0.423,89.3
605135,Chris Bassitt,BAL,FF,413,0.09,91.8,2151.0,0.475,0.217,36.0,10.0,3.0,0.303,0.576,0.4,0.392,0.139,0.151,0.25,84.3
605135,Chris Bassitt,BAL,ST,269,0.059,72.9,2357.0,0.498,0.338,28.0,5.0,0.0,0.2,0.32,0.273,0.281,0.286,0.326,0.176,82.7
605135,Chris Bassitt,BAL,CH,187,0.041,84.9,1829.0,0.348,0.157,15.0,5.0,0.0,0.357,0.429,0.37,0.401,0.067,0.231,0.692,96.4
605135,Chris Bassitt,BAL,SL,133,0.029,82.6,2400.0,0.406,0.162,13.0,2.0,0.0,0.167,0.167,0.262,0.215,0.0,0.048,0.25,85.0
605135,Chris Bassitt,BAL,FS,101,0.022,83.4,1303.0,0.386,0.26,,,,,,,,,,,
606965,Chris Devenski,NYM,CH,161,0.407,82.9,1666.0,0.484,0.396,15.0,5.0,1.0,0.333,0.533,0.4,0.202,0.267,0.267,0.5,89.8
606965,Chris Devenski,NYM,FF,109,0.275,92.6,2345.0,0.505,0.22,21.0,7.0,1.0,0.35,0.55,0.402,0.374,0.048,0.061,0.526,93.2
606965,Chris Devenski,NYM,ST,70,0.177,78.5,2353.0,0.343,0.194,,,,,,,,,,,
606965,Chris Devenski,NYM,FC,50,0.126,86.3,2297.0,0.4,0.233,,,,,,,,,,,
455119,Chris Martin,TEX,FC,334,0.372,91.4,2244.0,0.545,0.276,21.0,7.0,1.0,0.368,0.579,0.402,0.362,0.143,0.231,0.588,93.2
455119,Chris Martin,TEX,FF,254,0.283,94.7,2223.0,0.547,0.324,21.0,5.0,0.0,0.25,0.35,0.281,0.311,0.238,0.158,0.4,92.1
455119,Chris Martin,TEX,FS,139,0.155,88.3,1579.0,0.561,0.405,10.0,6.0,1.0,0.6,1.2,0.755,0.58,0.1,0.0,0.333,92.8
455119,Chris Martin,TEX,SI,122,0.136,94.2,2181.0,0.557,0.431,,,,,,,,,,,
455119,Chris Martin,TEX,ST,23,0.026,84.4,2579.0,0.522,0.333,,,,,,,,,,,
669684,Chris Murphy,CWS,FF,389,0.328,95.4,2371.0,0.501,0.282,47.0,13.0,1.0,0.342,0.553,0.414,0.304,0.277,0.224,0.37,86.2
669684,Chris Murphy,CWS,CU,324,0.273,77.4,2553.0,0.41,0.277,35.0,3.0,0.0,0.097,0.097,0.183,0.182,0.343,0.339,0.053,72.1
669684,Chris Murphy,CWS,SL,292,0.246,88.6,2306.0,0.483,0.254,46.0,10.0,1.0,0.27,0.486,0.403,0.4,0.043,0.283,0.412,91.4
669684,Chris Murphy,CWS,ST,66,0.056,79.5,2423.0,0.379,0.229,,,,,,,,,,,
669684,Chris Murphy,CWS,CH,51,0.043,84.7,1730.0,0.49,0.273,,,,,,,,,,,
669684,Chris Murphy,CWS,SI,45,0.038,92.8,2259.0,0.6,0.4,,,,,,,,,,,
663978,Chris Paddack,TEX,FF,1459,0.407,93.5,2236.0,0.521,0.283,84.0,27.0,2.0,0.38,0.507,0.426,0.357,0.179,0.126,0.373,88.5
663978,Chris Paddack,TEX,CH,880,0.246,84.6,1771.0,0.547,0.4,91.0,24.0,1.0,0.273,0.375,0.315,0.285,0.187,0.264,0.319,85.4
663978,Chris Paddack,TEX,FC,490,0.137,87.1,2009.0,0.471,0.265,30.0,7.0,3.0,0.28,0.68,0.485,0.365,0.1,0.226,0.478,91.0
663978,Chris Paddack,TEX,CU,419,0.117,77.8,2121.0,0.37,0.219,23.0,7.0,2.0,0.333,0.667,0.446,0.428,0.087,0.214,0.421,91.8
663978,Chris Paddack,TEX,SI,195,0.054,93.3,2113.0,0.667,0.524,20.0,7.0,0.0,0.389,0.5,0.42,0.427,0.0,0.075,0.444,90.7
663978,Chris Paddack,TEX,ST,78,0.022,79.3,2321.0,0.462,0.377,16.0,4.0,1.0,0.25,0.5,0.316,0.319,0.188,0.194,0.267,85.8
663978,Chris Paddack,TEX,SL,59,0.016,84.7,2000.0,0.424,0.257,,,,,,,,,,,
688297,Chris Roycroft,ATH,SI,523,0.508,96.0,2153.0,0.467,0.254,101.0,31.0,5.0,0.348,0.539,0.43,0.384,0.109,0.124,0.481,91.0
688297,Chris Roycroft,ATH,FF,247,0.24,95.3,2201.0,0.538,0.354,31.0,3.0,1.0,0.12,0.24,0.258,0.239,0.29,0.156,0.188,81.9
688297,Chris Roycroft,ATH,FC,218,0.212,88.8,2226.0,0.459,0.218,36.0,12.0,1.0,0.364,0.515,0.406,0.346,0.139,0.154,0.387,86.8
688297,Chris Roycroft,ATH,ST,35,0.034,85.9,2295.0,0.314,0.222,,,,,,,,,,,
519242,Chris Sale,ATL,SL,1987,0.431,79.4,2445.0,0.477,0.37,269.0,46.0,0.0,0.185,0.246,0.236,0.216,0.42,0.37,0.209,82.4
519242,Chris Sale,ATL,FF,1911,0.415,95.6,2313.0,0.511,0.292,259.0,51.0,9.0,0.216,0.36,0.289,0.299,0.305,0.237,0.452,92.1
519242,Chris Sale,ATL,CH,419,0.091,87.9,1849.0,0.527,0.38,68.0,19.0,1.0,0.284,0.343,0.273,0.331,0.044,0.271,0.431,90.0
519242,Chris Sale,ATL,SI,288,0.063,95.2,2186.0,0.486,0.407,53.0,13.0,0.0,0.265,0.286,0.293,0.294,0.075,0.068,0.304,83.4
685005,Christian Roa,HOU,SI,74,0.338,95.9,2059.0,0.446,0.121,18.0,5.0,0.0,0.455,0.727,0.542,0.43,0.0,0.074,0.5,90.5
685005,Christian Roa,HOU,SL,74,0.338,87.4,2374.0,0.419,0.214,10.0,1.0,0.0,0.111,0.111,0.16,0.268,0.4,0.296,1.0,98.5
685005,Christian Roa,HOU,FF,54,0.247,96.2,2179.0,0.407,0.188,11.0,1.0,1.0,0.125,0.5,0.373,0.459,0.182,0.222,0.667,94.2
685005,Christian Roa,HOU,CH,17,0.078,88.1,1906.0,0.529,0.125,,,,,,,,,,,
681035,Christian Scott,NYM,FF,926,0.471,95.5,2299.0,0.503,0.293,208.0,42.0,8.0,0.235,0.413,0.332,0.314,0.303,0.245,0.427,88.5
681035,Christian Scott,NYM,ST,448,0.228,81.4,2517.0,0.462,0.308,109.0,20.0,2.0,0.204,0.265,0.256,0.248,0.339,0.285,0.213,84.3
681035,Christian Scott,NYM,FC,372,0.189,89.6,2415.0,0.495,0.268,90.0,9.0,1.0,0.118,0.184,0.231,0.319,0.211,0.234,0.31,82.1
681035,Christian Scott,NYM,CU,100,0.051,81.9,2677.0,0.61,0.407,34.0,11.0,0.0,0.333,0.545,0.384,0.248,0.265,0.148,0.333,87.9
681035,Christian Scott,NYM,FS,84,0.043,84.7,1181.0,0.44,0.293,25.0,8.0,1.0,0.333,0.542,0.388,0.303,0.24,0.243,0.278,84.3
681035,Christian Scott,NYM,SI,33,0.017,92.2,2170.0,0.424,0.263,,,,,,,,,,,
672335,Cionel Pérez,NYM,SI,407,0.343,96.2,2154.0,0.415,0.234,53.0,15.0,3.0,0.312,0.5,0.383,0.373,0.075,0.124,0.533,90.4
672335,Cionel Pérez,NYM,FF,204,0.172,96.6,2139.0,0.485,0.205,41.0,13.0,1.0,0.361,0.5,0.415,0.445,0.195,0.2,0.571,93.6
672335,Cionel Pérez,NYM,CU,128,0.108,85.5,2660.0,0.453,0.307,34.0,6.0,1.0,0.188,0.312,0.269,0.347,0.265,0.259,0.565,95.5
672335,Cionel Pérez,NYM,SL,100,0.084,88.2,2353.0,0.55,0.312,,,,,,,,,,,
669310,Cj Van Eyk,TOR,FC,58,0.258,88.2,2147.0,0.586,0.407,16.0,6.0,2.0,0.4,0.933,0.562,0.515,0.0,0.088,0.467,88.8
669310,Cj Van Eyk,TOR,CU,49,0.218,81.1,2189.0,0.531,0.357,15.0,3.0,0.0,0.2,0.2,0.24,0.196,0.133,0.192,0.538,91.0
669310,Cj Van Eyk,TOR,FF,39,0.173,93.5,2103.0,0.436,0.111,10.0,2.0,0.0,0.25,0.375,0.355,0.64,0.1,0.235,0.714,98.5
669310,Cj Van Eyk,TOR,CH,36,0.16,83.7,1992.0,0.5,0.304,,,,,,,,,,,
669310,Cj Van Eyk,TOR,SI,29,0.129,92.6,1873.0,0.379,0.316,,,,,,,,,,,
657376,Clarke Schmidt,NYY,FC,509,0.407,92.2,2744.0,0.523,0.23,,,,,,,,,,,
657376,Clarke Schmidt,NYY,KC,227,0.181,85.0,3111.0,0.401,0.264,,,,,,,,,,,
657376,Clarke Schmidt,NYY,SL,166,0.133,85.2,3035.0,0.416,0.237,,,,,,,,,,,
657376,Clarke Schmidt,NYY,ST,149,0.119,83.1,3144.0,0.45,0.347,,,,,,,,,,,
657376,Clarke Schmidt,NYY,SI,104,0.083,92.6,2604.0,0.471,0.239,,,,,,,,,,,
657376,Clarke Schmidt,NYY,FF,95,0.076,94.3,2606.0,0.516,0.326,,,,,,,,,,,
605280,Clay Holmes,CHC,SI,1876,0.436,93.5,2156.0,0.451,0.262,200.0,42.0,4.0,0.243,0.353,0.32,0.364,0.055,0.102,0.438,90.5
605280,Clay Holmes,CHC,ST,803,0.187,81.7,2816.0,0.362,0.284,56.0,8.0,0.0,0.167,0.188,0.235,0.231,0.357,0.25,0.25,84.8
605280,Clay Holmes,CHC,CH,663,0.154,88.1,1014.0,0.529,0.404,70.0,13.0,0.0,0.186,0.229,0.195,0.208,0.286,0.317,0.469,92.2
605280,Clay Holmes,CHC,FC,387,0.09,88.3,2506.0,0.442,0.293,39.0,8.0,2.0,0.242,0.455,0.34,0.356,0.231,0.377,0.4,85.2
605280,Clay Holmes,CHC,SL,295,0.069,85.3,2598.0,0.481,0.313,,,,,,,,,,,
605280,Clay Holmes,CHC,FF,166,0.039,93.2,2295.0,0.494,0.224,,,,,,,,,,,
605280,Clay Holmes,CHC,CU,109,0.025,81.1,2952.0,0.431,0.38,29.0,1.0,0.0,0.038,0.077,0.122,0.192,0.448,0.234,0.286,83.0
690925,Clayton Beeter,WSH,FF,645,0.507,96.0,2424.0,0.405,0.18,87.0,19.0,4.0,0.302,0.524,0.436,0.449,0.115,0.182,0.5,92.4
690925,Clayton Beeter,WSH,SL,616,0.484,86.7,2818.0,0.49,0.352,119.0,16.0,4.0,0.148,0.278,0.228,0.25,0.303,0.34,0.375,86.4
676051,Codi Heuer,CLE,FF,120,0.435,95.1,2418.0,0.533,0.26,25.0,8.0,0.0,0.333,0.417,0.344,0.34,0.08,0.111,0.545,94.0
676051,Codi Heuer,CLE,SL,104,0.377,85.6,2265.0,0.394,0.324,11.0,4.0,0.0,0.5,0.75,0.6,0.401,0.0,0.263,0.556,91.7
676051,Codi Heuer,CLE,CH,51,0.185,87.1,2139.0,0.431,0.265,10.0,0.0,0.0,0.0,0.0,0.21,0.25,0.4,0.579,0.333,85.4
675989,Cody Bolton,HOU,FF,114,0.265,94.8,2335.0,0.43,0.254,29.0,7.0,0.0,0.333,0.429,0.432,0.418,0.345,0.208,0.5,87.7
675989,Cody Bolton,HOU,FC,96,0.223,90.7,2596.0,0.406,0.245,24.0,3.0,1.0,0.158,0.316,0.304,0.352,0.25,0.108,0.462,91.1
675989,Cody Bolton,HOU,SI,78,0.181,94.4,2276.0,0.474,0.31,13.0,5.0,2.0,0.417,0.917,0.569,0.466,0.077,0.067,0.545,91.1
675989,Cody Bolton,HOU,ST,56,0.13,82.3,2720.0,0.536,0.318,11.0,2.0,0.0,0.222,0.444,0.291,0.196,0.273,0.3,0.429,90.4
675989,Cody Bolton,HOU,CU,45,0.104,79.2,2684.0,0.289,0.091,12.0,3.0,0.0,0.273,0.455,0.342,0.411,0.167,0.0,0.444,85.3
675989,Cody Bolton,HOU,CH,42,0.097,89.5,2018.0,0.357,0.148,,,,,,,,,,,
674003,Cody Bradford,TEX,FF,359,0.516,88.6,2061.0,0.538,0.34,105.0,30.0,2.0,0.316,0.474,0.382,0.366,0.114,0.14,0.44,89.0
674003,Cody Bradford,TEX,CH,213,0.306,81.0,1590.0,0.521,0.363,52.0,13.0,1.0,0.26,0.36,0.287,0.281,0.135,0.198,0.25,86.3
674003,Cody Bradford,TEX,SL,77,0.111,80.7,2056.0,0.39,0.245,22.0,7.0,1.0,0.333,0.524,0.352,0.358,0.091,0.133,0.45,89.9
674003,Cody Bradford,TEX,CU,32,0.046,74.4,1957.0,0.156,0.05,,,,,,,,,,,
674003,Cody Bradford,TEX,SI,15,0.022,88.1,1934.0,0.533,0.444,,,,,,,,,,,
689520,Cody Laweryson,MIN,FF,261,0.671,92.7,2331.0,0.471,0.235,54.0,8.0,1.0,0.178,0.267,0.297,0.251,0.296,0.17,0.367,90.1
689520,Cody Laweryson,MIN,CH,68,0.175,83.2,1712.0,0.441,0.333,10.0,3.0,1.0,0.333,0.667,0.45,0.467,0.1,0.1,0.625,93.2
689520,Cody Laweryson,MIN,FC,60,0.154,84.4,2431.0,0.517,0.4,13.0,4.0,1.0,0.364,0.818,0.538,0.551,0.077,0.25,0.75,98.2
664074,Cody Ponce,TOR,SL,17,0.362,88.3,2314.0,0.588,0.562,,,,,,,,,,,
669371,Cole Henry,WSH,FF,624,0.499,94.3,2529.0,0.463,0.22,37.0,7.0,2.0,0.219,0.469,0.386,0.361,0.189,0.197,0.375,90.0
669371,Cole Henry,WSH,ST,416,0.333,81.2,2623.0,0.37,0.208,25.0,4.0,0.0,0.211,0.263,0.326,0.351,0.24,0.289,0.385,87.1
669371,Cole Henry,WSH,SI,126,0.101,94.4,2348.0,0.524,0.321,,,,,,,,,,,
669371,Cole Henry,WSH,FC,55,0.044,88.9,2473.0,0.473,0.143,,,,,,,,,,,
669371,Cole Henry,WSH,CH,27,0.022,87.3,2251.0,0.259,0.111,,,,,,,,,,,
608344,Cole Irvin,LAD,FC,29,0.284,85.0,1981.0,0.621,0.364,10.0,6.0,0.0,0.6,0.8,0.61,0.406,0.1,0.056,0.556,87.1
608344,Cole Irvin,LAD,SI,23,0.225,89.9,1962.0,0.348,0.214,,,,,,,,,,,
608344,Cole Irvin,LAD,CH,22,0.216,82.0,1420.0,0.636,0.385,,,,,,,,,,,
608344,Cole Irvin,LAD,FF,21,0.206,90.8,1967.0,0.476,0.2,,,,,,,,,,,
666142,Cole Ragans,KC,FF,892,0.519,95.1,2566.0,0.499,0.295,94.0,10.0,4.0,0.133,0.333,0.288,0.312,0.33,0.248,0.444,91.7
666142,Cole Ragans,KC,CH,312,0.182,84.3,2078.0,0.529,0.301,22.0,7.0,2.0,0.318,0.636,0.402,0.332,0.273,0.404,0.312,82.6
666142,Cole Ragans,KC,SL,234,0.136,84.9,2624.0,0.487,0.349,24.0,4.0,1.0,0.19,0.381,0.311,0.285,0.333,0.359,0.25,85.7
666142,Cole Ragans,KC,KC,192,0.112,79.9,2459.0,0.276,0.145,,,,,,,,,,,
666142,Cole Ragans,KC,FC,87,0.051,89.8,2584.0,0.506,0.333,,,,,,,,,,,
663485,Cole Sands,MIN,FF,387,0.284,94.6,2337.0,0.514,0.21,22.0,3.0,0.0,0.188,0.25,0.298,0.359,0.045,0.135,0.688,97.2
663485,Cole Sands,MIN,FC,321,0.236,89.2,2427.0,0.523,0.321,12.0,3.0,2.0,0.273,0.818,0.467,0.385,0.417,0.321,0.667,92.6
663485,Cole Sands,MIN,FS,281,0.206,88.1,1526.0,0.566,0.381,,,,,,,,,,,
663485,Cole Sands,MIN,CU,240,0.176,81.6,2926.0,0.283,0.196,,,,,,,,,,,
663485,Cole Sands,MIN,SI,119,0.087,93.7,2231.0,0.445,0.234,,,,,,,,,,,
642121,Cole Sulser,TB,FF,554,0.425,92.5,2374.0,0.552,0.346,99.0,22.0,4.0,0.237,0.452,0.313,0.359,0.222,0.199,0.528,92.2
642121,Cole Sulser,TB,CH,495,0.38,83.7,1681.0,0.489,0.373,83.0,17.0,1.0,0.224,0.329,0.28,0.265,0.313,0.36,0.288,82.8
642121,Cole Sulser,TB,FC,200,0.154,87.6,2345.0,0.505,0.324,32.0,10.0,0.0,0.333,0.4,0.325,0.344,0.062,0.18,0.3,81.1
642121,Cole Sulser,TB,ST,36,0.028,82.8,2597.0,0.306,0.219,,,,,,,,,,,
677961,Cole Wilcox,SEA,FF,144,0.271,96.6,2095.0,0.403,0.183,27.0,5.0,1.0,0.238,0.429,0.376,0.318,0.222,0.214,0.333,88.0
677961,Cole Wilcox,SEA,ST,139,0.262,86.5,2168.0,0.424,0.311,38.0,12.0,0.0,0.324,0.324,0.303,0.311,0.316,0.321,0.542,92.3
677961,Cole Wilcox,SEA,SL,94,0.177,87.5,2164.0,0.564,0.417,19.0,4.0,1.0,0.25,0.438,0.368,0.414,0.263,0.375,0.538,92.9
677961,Cole Wilcox,SEA,SI,92,0.173,96.6,1996.0,0.402,0.239,23.0,6.0,0.0,0.429,0.5,0.524,0.489,0.043,0.129,0.462,92.2
677961,Cole Wilcox,SEA,CH,58,0.109,87.8,1514.0,0.603,0.432,14.0,0.0,0.0,0.0,0.0,0.0,0.244,0.214,0.314,0.364,89.3
668390,Cole Winn,TEX,FF,420,0.297,95.8,2406.0,0.476,0.222,67.0,15.0,1.0,0.268,0.411,0.381,0.35,0.313,0.211,0.611,94.0
668390,Cole Winn,TEX,FC,343,0.242,91.2,2499.0,0.545,0.321,52.0,14.0,1.0,0.304,0.413,0.344,0.387,0.019,0.178,0.391,85.4
668390,Cole Winn,TEX,SL,306,0.216,86.0,2669.0,0.523,0.407,55.0,9.0,2.0,0.17,0.34,0.244,0.247,0.327,0.393,0.351,82.5
668390,Cole Winn,TEX,FS,188,0.133,87.5,1702.0,0.495,0.359,32.0,11.0,1.0,0.344,0.562,0.387,0.318,0.281,0.317,0.391,89.1
668390,Cole Winn,TEX,SI,142,0.1,95.2,2357.0,0.43,0.145,,,,,,,,,,,
689441,Coleman Crow,MIL,FC,107,0.358,87.4,2867.0,0.486,0.312,29.0,8.0,1.0,0.333,0.583,0.409,0.389,0.034,0.231,0.5,92.5
689441,Coleman Crow,MIL,CU,61,0.204,74.1,2953.0,0.525,0.355,18.0,2.0,0.0,0.125,0.125,0.178,0.288,0.444,0.219,0.25,89.4
689441,Coleman Crow,MIL,FF,54,0.181,91.3,2580.0,0.444,0.31,14.0,5.0,0.0,0.385,0.615,0.511,0.346,0.071,0.083,0.333,84.9
689441,Coleman Crow,MIL,SI,50,0.167,91.3,2510.0,0.54,0.25,14.0,4.0,1.0,0.286,0.643,0.45,0.36,0.0,0.074,0.357,91.7
689441,Coleman Crow,MIL,ST,23,0.077,79.1,2982.0,0.652,0.588,10.0,2.0,0.0,0.2,0.3,0.305,0.257,0.0,0.067,0.2,83.1
670059,Colin Holderman,CLE,SI,620,0.456,96.9,2259.0,0.447,0.276,112.0,22.0,0.0,0.227,0.278,0.296,0.353,0.089,0.138,0.467,89.4
670059,Colin Holderman,CLE,ST,423,0.311,84.1,2561.0,0.447,0.304,73.0,7.0,0.0,0.115,0.148,0.211,0.223,0.384,0.449,0.394,82.7
670059,Colin Holderman,CLE,FC,120,0.088,90.5,2322.0,0.475,0.309,,,,,,,,,,,
670059,Colin Holderman,CLE,CU,90,0.066,83.1,2749.0,0.422,0.378,24.0,3.0,0.0,0.143,0.19,0.215,0.264,0.25,0.342,0.333,82.2
670059,Colin Holderman,CLE,FF,76,0.056,97.0,2355.0,0.474,0.283,10.0,2.0,0.0,0.25,0.25,0.32,0.282,0.5,0.316,0.667,88.9
670059,Colin Holderman,CLE,FS,19,0.014,90.1,1838.0,0.526,0.364,,,,,,,,,,,
607067,Colin Rea,CHC,FF,1983,0.418,93.8,2185.0,0.477,0.241,235.0,60.0,8.0,0.293,0.468,0.37,0.38,0.136,0.134,0.446,89.0
607067,Colin Rea,CHC,CH,711,0.15,87.6,1402.0,0.499,0.359,110.0,18.0,0.0,0.186,0.216,0.248,0.304,0.191,0.226,0.421,90.0
607067,Colin Rea,CHC,SL,495,0.104,85.7,2173.0,0.489,0.348,81.0,14.0,5.0,0.184,0.395,0.262,0.307,0.333,0.27,0.48,90.3
607067,Colin Rea,CHC,SI,448,0.094,92.8,2142.0,0.496,0.317,52.0,16.0,5.0,0.333,0.667,0.443,0.439,0.038,0.037,0.413,89.5
607067,Colin Rea,CHC,ST,430,0.091,82.8,2444.0,0.509,0.343,54.0,6.0,1.0,0.118,0.235,0.179,0.202,0.315,0.283,0.176,86.7
607067,Colin Rea,CHC,CU,358,0.075,80.2,2203.0,0.302,0.187,20.0,10.0,1.0,0.526,0.842,0.638,0.564,0.0,0.152,0.526,91.0
607067,Colin Rea,CHC,FC,314,0.066,87.8,2201.0,0.436,0.262,29.0,11.0,1.0,0.423,0.577,0.495,0.458,0.034,0.175,0.36,88.9
676467,Colton Gordon,MIL,FF,672,0.387,91.1,2033.0,0.54,0.282,23.0,8.0,3.0,0.4,0.85,0.548,0.43,0.261,0.146,0.571,92.3
676467,Colton Gordon,MIL,ST,477,0.275,80.8,2620.0,0.501,0.276,15.0,7.0,1.0,0.5,0.786,0.554,0.366,0.133,0.158,0.167,76.3
676467,Colton Gordon,MIL,SI,215,0.124,91.5,2129.0,0.405,0.286,15.0,4.0,0.0,0.267,0.467,0.31,0.319,0.0,0.091,0.533,92.1
676467,Colton Gordon,MIL,CU,154,0.089,75.5,2602.0,0.422,0.264,,,,,,,,,,,
676467,Colton Gordon,MIL,CH,152,0.088,83.9,1452.0,0.553,0.318,13.0,3.0,0.0,0.25,0.25,0.331,0.241,0.308,0.261,0.25,85.3
676467,Colton Gordon,MIL,SL,53,0.031,84.5,2458.0,0.491,0.231,,,,,,,,,,,
813349,Connelly Early,BOS,FF,630,0.34,94.0,2332.0,0.497,0.293,120.0,23.0,6.0,0.219,0.448,0.327,0.326,0.283,0.217,0.431,91.1
813349,Connelly Early,BOS,SI,346,0.187,92.5,2166.0,0.384,0.214,73.0,17.0,1.0,0.279,0.344,0.345,0.365,0.151,0.091,0.385,85.7
813349,Connelly Early,BOS,CH,342,0.185,83.7,1287.0,0.553,0.424,83.0,22.0,3.0,0.272,0.407,0.314,0.318,0.157,0.22,0.485,92.1
813349,Connelly Early,BOS,CU,233,0.126,80.2,2415.0,0.433,0.303,38.0,9.0,3.0,0.29,0.613,0.438,0.401,0.289,0.206,0.35,90.6
813349,Connelly Early,BOS,SL,160,0.086,87.0,2306.0,0.45,0.265,31.0,5.0,2.0,0.2,0.52,0.4,0.367,0.097,0.286,0.435,87.7
813349,Connelly Early,BOS,ST,140,0.076,82.5,2421.0,0.5,0.449,43.0,4.0,0.0,0.103,0.103,0.149,0.131,0.488,0.414,0.158,85.4
641401,Connor Brogdon,CLE,FF,486,0.428,95.2,2298.0,0.475,0.235,35.0,8.0,3.0,0.258,0.613,0.394,0.34,0.314,0.222,0.455,90.5
641401,Connor Brogdon,CLE,CH,463,0.408,84.0,2014.0,0.54,0.369,27.0,6.0,1.0,0.24,0.4,0.402,0.336,0.111,0.226,0.478,88.1
641401,Connor Brogdon,CLE,FC,165,0.145,86.9,2353.0,0.376,0.186,,,,,,,,,,,
683175,Connor Phillips,CIN,FF,455,0.492,98.3,2512.0,0.365,0.121,61.0,13.0,1.0,0.31,0.476,0.466,0.438,0.148,0.106,0.333,90.5
683175,Connor Phillips,CIN,ST,433,0.469,86.0,2468.0,0.453,0.327,68.0,7.0,1.0,0.127,0.218,0.243,0.306,0.265,0.353,0.421,88.2
683175,Connor Phillips,CIN,CU,35,0.038,86.9,2240.0,0.343,0.087,,,,,,,,,,,
687570,Connor Prielipp,MIN,SL,615,0.297,87.9,2917.0,0.501,0.34,161.0,30.0,3.0,0.205,0.322,0.273,0.282,0.286,0.282,0.412,88.4
687570,Connor Prielipp,MIN,FF,546,0.264,95.6,2266.0,0.484,0.255,129.0,26.0,6.0,0.257,0.495,0.395,0.398,0.124,0.136,0.438,90.0
687570,Connor Prielipp,MIN,CU,383,0.185,83.3,3241.0,0.41,0.341,91.0,17.0,1.0,0.2,0.282,0.244,0.172,0.516,0.35,0.231,86.0
687570,Connor Prielipp,MIN,SI,316,0.153,95.0,2262.0,0.475,0.211,92.0,30.0,1.0,0.353,0.424,0.384,0.336,0.076,0.073,0.442,89.9
687570,Connor Prielipp,MIN,CH,207,0.1,86.7,1912.0,0.483,0.302,62.0,15.0,3.0,0.259,0.483,0.348,0.336,0.194,0.18,0.458,88.7
657756,Connor Seabold,KC,FF,346,0.523,93.3,2158.0,0.52,0.257,57.0,16.0,1.0,0.32,0.46,0.364,0.294,0.211,0.136,0.436,92.1
657756,Connor Seabold,KC,CH,149,0.225,82.6,2266.0,0.43,0.352,24.0,7.0,1.0,0.318,0.5,0.381,0.302,0.167,0.143,0.167,78.2
657756,Connor Seabold,KC,FC,83,0.126,86.6,2426.0,0.446,0.186,,,,,,,,,,,
657756,Connor Seabold,KC,SL,80,0.121,82.9,2648.0,0.475,0.283,24.0,5.0,0.0,0.25,0.3,0.29,0.341,0.167,0.222,0.529,90.1
671162,Connor Thomas,KC,SI,134,0.265,90.5,2309.0,0.433,0.148,31.0,8.0,2.0,0.296,0.556,0.405,0.298,0.129,0.098,0.391,87.4
671162,Connor Thomas,KC,CH,98,0.194,85.2,1395.0,0.439,0.288,19.0,6.0,0.0,0.353,0.353,0.358,0.404,0.053,0.219,0.625,96.7
671162,Connor Thomas,KC,FF,93,0.184,91.6,2495.0,0.452,0.271,23.0,2.0,0.0,0.111,0.167,0.215,0.225,0.348,0.275,0.273,88.5
671162,Connor Thomas,KC,FC,90,0.178,87.3,2714.0,0.533,0.243,17.0,8.0,1.0,0.5,0.75,0.562,0.455,0.176,0.167,0.429,86.1
671162,Connor Thomas,KC,ST,89,0.176,82.9,2764.0,0.416,0.315,17.0,7.0,1.0,0.467,0.733,0.497,0.308,0.059,0.207,0.2,82.9
681867,Cooper Criswell,SEA,CH,248,0.277,85.0,1527.0,0.569,0.466,52.0,11.0,1.0,0.234,0.362,0.299,0.258,0.212,0.225,0.237,83.6
681867,Cooper Criswell,SEA,SI,246,0.275,90.3,2066.0,0.459,0.25,47.0,18.0,0.0,0.419,0.488,0.427,0.364,0.021,0.083,0.524,89.8
681867,Cooper Criswell,SEA,FC,201,0.224,87.0,2283.0,0.483,0.34,27.0,3.0,2.0,0.13,0.435,0.29,0.353,0.333,0.232,0.333,83.0
681867,Cooper Criswell,SEA,ST,141,0.157,78.0,2610.0,0.369,0.26,24.0,5.0,0.0,0.227,0.227,0.226,0.211,0.292,0.25,0.333,86.0
681867,Cooper Criswell,SEA,FF,44,0.049,90.7,2269.0,0.432,0.276,,,,,,,,,,,
669203,Corbin Burnes,AZ,FC,661,0.547,93.7,2637.0,0.439,0.262,18.0,6.0,1.0,0.4,0.867,0.517,0.441,0.056,0.167,0.4,92.7
669203,Corbin Burnes,AZ,CU,241,0.2,79.6,2783.0,0.49,0.4,14.0,3.0,2.0,0.25,0.75,0.45,0.348,0.214,0.318,0.444,87.6
669203,Corbin Burnes,AZ,SI,112,0.093,95.3,2477.0,0.482,0.226,,,,,,,,,,,
669203,Corbin Burnes,AZ,SL,98,0.081,87.7,2834.0,0.571,0.413,,,,,,,,,,,
669203,Corbin Burnes,AZ,CH,95,0.079,87.7,2133.0,0.442,0.343,,,,,,,,,,,
656686,Corbin Martin,CHC,FF,203,0.458,95.6,2483.0,0.468,0.25,13.0,3.0,2.0,0.333,1.0,0.592,0.444,0.154,0.276,0.714,94.5
656686,Corbin Martin,CHC,SL,111,0.251,91.7,2454.0,0.405,0.238,,,,,,,,,,,
656686,Corbin Martin,CHC,CU,94,0.212,86.5,2587.0,0.5,0.364,,,,,,,,,,,
656686,Corbin Martin,CHC,CH,18,0.041,90.2,2245.0,0.278,0.143,,,,,,,,,,,
518886,Craig Kimbrel,KC,FF,656,0.644,93.6,2280.0,0.477,0.279,133.0,24.0,4.0,0.211,0.377,0.321,0.32,0.211,0.211,0.375,88.9
518886,Craig Kimbrel,KC,ST,136,0.134,85.5,2614.0,0.5,0.337,30.0,8.0,0.0,0.286,0.357,0.321,0.322,0.267,0.333,0.421,93.8
518886,Craig Kimbrel,KC,KC,115,0.113,84.1,2608.0,0.365,0.178,13.0,4.0,0.0,0.333,0.417,0.358,0.328,0.077,0.074,0.455,86.3
518886,Craig Kimbrel,KC,SI,62,0.061,93.8,2093.0,0.452,0.306,13.0,3.0,0.0,0.333,0.333,0.369,0.355,0.077,0.107,0.222,86.6
518886,Craig Kimbrel,KC,CH,36,0.035,88.4,1682.0,0.278,0.214,,,,,,,,,,,
684974,Craig Yoho,CLE,CH,418,0.522,78.6,2454.0,0.512,0.403,90.0,15.0,2.0,0.176,0.294,0.228,0.244,0.3,0.322,0.283,83.9
684974,Craig Yoho,CLE,FF,170,0.212,93.7,2396.0,0.347,0.112,30.0,3.0,1.0,0.136,0.318,0.325,0.349,0.333,0.135,0.5,86.6
684974,Craig Yoho,CLE,SI,104,0.13,94.4,2394.0,0.337,0.14,24.0,4.0,1.0,0.235,0.471,0.411,0.434,0.125,0.114,0.333,87.0
684974,Craig Yoho,CLE,FC,88,0.11,90.5,2533.0,0.42,0.283,14.0,4.0,2.0,0.333,0.917,0.539,0.42,0.071,0.294,0.273,82.6
684974,Craig Yoho,CLE,ST,21,0.026,76.4,2889.0,0.381,0.286,,,,,,,,,,,
664299,Cristian Javier,HOU,FF,760,0.44,93.1,2243.0,0.514,0.299,119.0,31.0,4.0,0.304,0.471,0.386,0.395,0.218,0.244,0.421,90.6
664299,Cristian Javier,HOU,ST,420,0.243,80.6,2577.0,0.421,0.28,66.0,10.0,3.0,0.161,0.339,0.239,0.204,0.273,0.356,0.273,87.5
664299,Cristian Javier,HOU,CH,293,0.17,84.9,2291.0,0.563,0.425,57.0,13.0,1.0,0.241,0.37,0.286,0.277,0.228,0.278,0.146,85.8
664299,Cristian Javier,HOU,KC,90,0.052,76.6,3010.0,0.267,0.246,,,,,,,,,,,
664299,Cristian Javier,HOU,FC,86,0.05,89.0,2304.0,0.651,0.387,25.0,7.0,2.0,0.35,0.65,0.452,0.461,0.08,0.196,0.474,91.0
664299,Cristian Javier,HOU,SI,71,0.041,92.7,2243.0,0.394,0.25,,,,,,,,,,,
650911,Cristopher Sánchez,PHI,SI,2690,0.452,95.2,2131.0,0.454,0.21,374.0,115.0,11.0,0.33,0.479,0.384,0.365,0.142,0.1,0.532,92.6
650911,Cristopher Sánchez,PHI,CH,2211,0.371,86.6,2044.0,0.546,0.424,308.0,54.0,4.0,0.186,0.266,0.225,0.2,0.373,0.434,0.282,83.1
650911,Cristopher Sánchez,PHI,SL,1053,0.177,86.0,2075.0,0.489,0.353,145.0,29.0,3.0,0.218,0.323,0.279,0.262,0.366,0.409,0.288,86.1
650960,Daniel Duarte,NYM,FC,153,0.33,89.9,2509.0,0.523,0.408,33.0,10.0,2.0,0.323,0.581,0.403,0.37,0.061,0.162,0.172,82.2
650960,Daniel Duarte,NYM,ST,121,0.261,81.5,2677.0,0.529,0.44,31.0,2.0,1.0,0.071,0.179,0.167,0.168,0.484,0.344,0.167,71.0
650960,Daniel Duarte,NYM,FF,72,0.156,95.0,2344.0,0.417,0.171,15.0,1.0,0.0,0.067,0.067,0.06,0.123,0.4,0.133,0.222,81.8
650960,Daniel Duarte,NYM,SI,68,0.147,93.3,2220.0,0.544,0.407,21.0,2.0,0.0,0.105,0.105,0.195,0.279,0.238,0.135,0.538,92.4
650960,Daniel Duarte,NYM,CH,49,0.106,88.4,1723.0,0.612,0.444,13.0,2.0,0.0,0.167,0.167,0.192,0.348,0.077,0.133,0.182,84.6
682982,Daniel Espino,CLE,FF,149,0.613,98.8,2433.0,0.503,0.26,30.0,4.0,1.0,0.167,0.333,0.308,0.301,0.5,0.387,0.556,93.2
682982,Daniel Espino,CLE,SL,75,0.309,92.0,2332.0,0.533,0.413,23.0,7.0,2.0,0.318,0.591,0.4,0.304,0.174,0.3,0.333,82.9
682982,Daniel Espino,CLE,CU,19,0.078,75.7,2508.0,0.211,0.0,,,,,,,,,,,
663738,Daniel Lynch,KC,SI,589,0.254,93.9,2134.0,0.424,0.267,100.0,18.0,2.0,0.205,0.307,0.304,0.339,0.11,0.124,0.367,86.2
663738,Daniel Lynch,KC,SL,553,0.239,87.0,2294.0,0.488,0.321,74.0,9.0,1.0,0.127,0.211,0.167,0.228,0.297,0.346,0.367,87.0
663738,Daniel Lynch,KC,CH,512,0.221,85.7,1570.0,0.506,0.343,91.0,23.0,3.0,0.277,0.47,0.345,0.338,0.143,0.236,0.352,88.8
663738,Daniel Lynch,KC,FF,436,0.188,94.2,2255.0,0.392,0.174,47.0,9.0,2.0,0.237,0.526,0.39,0.414,0.17,0.135,0.5,94.2
663738,Daniel Lynch,KC,KC,222,0.096,82.1,2250.0,0.356,0.26,21.0,7.0,1.0,0.333,0.571,0.386,0.382,0.0,0.22,0.429,89.4
694037,Daniel Palencia,CHC,FF,908,0.693,99.5,2352.0,0.51,0.26,76.0,14.0,1.0,0.203,0.304,0.266,0.316,0.25,0.196,0.327,90.1
694037,Daniel Palencia,CHC,SL,307,0.234,89.1,2297.0,0.505,0.322,28.0,8.0,2.0,0.32,0.6,0.423,0.27,0.321,0.431,0.312,86.7
694037,Daniel Palencia,CHC,FS,65,0.05,88.7,1132.0,0.415,0.235,,,,,,,,,,,
694037,Daniel Palencia,CHC,SI,20,0.015,98.6,2259.0,0.6,0.533,,,,,,,,,,,
543056,Danny Coulombe,BOS,FC,428,0.387,85.2,2579.0,0.537,0.397,34.0,5.0,1.0,0.167,0.267,0.247,0.261,0.147,0.18,0.12,74.3
543056,Danny Coulombe,BOS,SI,252,0.228,90.1,2263.0,0.377,0.14,32.0,9.0,0.0,0.36,0.36,0.406,0.418,0.0,0.085,0.4,88.2
543056,Danny Coulombe,BOS,ST,200,0.181,80.8,2616.0,0.53,0.427,14.0,2.0,0.0,0.154,0.231,0.204,0.23,0.286,0.242,0.222,80.2
543056,Danny Coulombe,BOS,FF,179,0.162,90.2,2412.0,0.441,0.238,11.0,2.0,0.0,0.286,0.286,0.418,0.446,0.0,0.062,0.0,80.4
543056,Danny Coulombe,BOS,KC,44,0.04,78.4,2752.0,0.432,0.389,,,,,,,,,,,
664849,Danny Young,ATL,SI,217,0.503,93.3,2346.0,0.364,0.173,39.0,12.0,2.0,0.4,0.7,0.522,0.454,0.128,0.102,0.692,93.4
664849,Danny Young,ATL,ST,197,0.457,82.6,2742.0,0.279,0.225,24.0,3.0,1.0,0.167,0.333,0.333,0.292,0.417,0.41,0.375,90.9
670280,David Bednar,NYY,FF,905,0.418,96.6,2393.0,0.535,0.323,91.0,22.0,1.0,0.286,0.429,0.36,0.331,0.209,0.207,0.407,86.7
670280,David Bednar,NYY,FS,668,0.309,91.3,1664.0,0.612,0.452,151.0,22.0,1.0,0.151,0.192,0.183,0.208,0.325,0.323,0.333,86.8
670280,David Bednar,NYY,CU,577,0.267,77.4,2438.0,0.341,0.262,30.0,7.0,2.0,0.259,0.481,0.33,0.325,0.233,0.405,0.286,82.6
688158,David Morgan,SD,FF,455,0.339,97.8,2453.0,0.552,0.29,50.0,12.0,0.0,0.316,0.395,0.374,0.358,0.22,0.228,0.4,87.1
688158,David Morgan,SD,SI,323,0.24,96.9,2147.0,0.446,0.313,40.0,12.0,1.0,0.364,0.485,0.45,0.347,0.1,0.181,0.267,80.2
688158,David Morgan,SD,CU,312,0.232,82.9,2569.0,0.474,0.328,31.0,4.0,1.0,0.143,0.321,0.265,0.193,0.419,0.379,0.286,87.3
688158,David Morgan,SD,SL,239,0.178,88.0,2314.0,0.494,0.311,28.0,8.0,0.0,0.308,0.346,0.32,0.261,0.321,0.453,0.353,88.0
656849,David Peterson,CHC,SI,1511,0.297,91.7,2124.0,0.421,0.209,214.0,49.0,6.0,0.282,0.431,0.385,0.424,0.07,0.135,0.509,91.6
656849,David Peterson,CHC,FF,1188,0.233,92.4,2149.0,0.458,0.251,131.0,31.0,4.0,0.267,0.431,0.348,0.315,0.214,0.181,0.264,83.0
656849,David Peterson,CHC,SL,1038,0.204,85.5,2290.0,0.539,0.373,147.0,30.0,1.0,0.213,0.27,0.237,0.247,0.333,0.284,0.379,86.4
656849,David Peterson,CHC,CH,726,0.143,85.0,1572.0,0.493,0.315,82.0,26.0,1.0,0.333,0.462,0.396,0.302,0.195,0.216,0.29,88.7
656849,David Peterson,CHC,CU,621,0.122,79.4,2383.0,0.414,0.294,67.0,16.0,3.0,0.271,0.492,0.396,0.309,0.313,0.297,0.487,89.3
689818,David Sandlin,CWS,FF,174,0.315,96.5,2292.0,0.437,0.247,46.0,13.0,2.0,0.333,0.487,0.409,0.368,0.174,0.145,0.355,88.0
689818,David Sandlin,CWS,CU,128,0.231,83.1,2568.0,0.453,0.388,34.0,6.0,3.0,0.188,0.469,0.297,0.233,0.235,0.207,0.292,84.7
689818,David Sandlin,CWS,FC,109,0.197,91.1,2356.0,0.459,0.185,27.0,7.0,1.0,0.292,0.5,0.411,0.429,0.185,0.28,0.421,89.9
689818,David Sandlin,CWS,ST,55,0.099,86.2,2651.0,0.455,0.361,12.0,2.0,0.0,0.167,0.333,0.208,0.288,0.417,0.4,0.429,88.6
689818,David Sandlin,CWS,SI,49,0.089,95.2,2134.0,0.449,0.231,14.0,1.0,0.0,0.083,0.083,0.164,0.207,0.286,0.045,0.25,84.1
689818,David Sandlin,CWS,CH,38,0.069,90.9,1314.0,0.447,0.344,12.0,2.0,0.0,0.167,0.417,0.238,0.183,0.25,0.235,0.222,83.8
663436,Davis Martin,CWS,FF,1366,0.294,93.9,2410.0,0.482,0.257,155.0,36.0,1.0,0.267,0.341,0.318,0.315,0.226,0.204,0.359,88.3
663436,Davis Martin,CWS,CH,896,0.193,90.1,2081.0,0.52,0.325,96.0,21.0,2.0,0.239,0.375,0.3,0.343,0.115,0.128,0.557,93.5
663436,Davis Martin,CWS,SL,794,0.171,87.7,2589.0,0.52,0.389,92.0,20.0,4.0,0.225,0.427,0.299,0.292,0.293,0.347,0.323,85.5
663436,Davis Martin,CWS,SI,673,0.145,92.8,2390.0,0.52,0.241,129.0,34.0,3.0,0.304,0.438,0.371,0.356,0.054,0.059,0.486,90.2
663436,Davis Martin,CWS,CU,441,0.095,81.0,2851.0,0.34,0.27,65.0,11.0,2.0,0.183,0.3,0.235,0.276,0.431,0.393,0.455,91.4
663436,Davis Martin,CWS,FC,331,0.071,89.7,2574.0,0.502,0.28,62.0,20.0,1.0,0.357,0.482,0.398,0.403,0.161,0.243,0.5,89.4
663436,Davis Martin,CWS,ST,98,0.021,83.4,2736.0,0.378,0.146,,,,,,,,,,,
690978,Dax Fulton,MIA,ST,140,0.32,84.0,2593.0,0.414,0.326,20.0,3.0,0.0,0.167,0.222,0.222,0.23,0.35,0.362,0.273,87.5
690978,Dax Fulton,MIA,FF,131,0.3,95.3,2357.0,0.481,0.207,47.0,8.0,1.0,0.222,0.389,0.348,0.335,0.277,0.238,0.417,89.9
690978,Dax Fulton,MIA,SL,88,0.201,89.2,2416.0,0.398,0.3,24.0,6.0,0.0,0.273,0.364,0.312,0.299,0.167,0.2,0.444,90.5
690978,Dax Fulton,MIA,SI,49,0.112,94.7,2177.0,0.429,0.154,12.0,1.0,0.0,0.1,0.1,0.267,0.284,0.167,0.048,0.667,97.8
690978,Dax Fulton,MIA,CH,29,0.066,88.6,1601.0,0.414,0.273,,,,,,,,,,,
665152,Dean Kremer,MIN,FF,1119,0.27,93.1,2288.0,0.475,0.26,98.0,20.0,6.0,0.244,0.524,0.365,0.379,0.173,0.156,0.418,90.9
665152,Dean Kremer,MIN,FS,926,0.223,82.1,1190.0,0.542,0.345,109.0,19.0,5.0,0.181,0.362,0.246,0.235,0.385,0.375,0.254,83.9
665152,Dean Kremer,MIN,FC,792,0.191,86.9,2397.0,0.489,0.335,62.0,13.0,2.0,0.228,0.386,0.298,0.273,0.242,0.317,0.268,81.0
665152,Dean Kremer,MIN,SI,708,0.171,92.6,2150.0,0.439,0.213,40.0,12.0,1.0,0.333,0.583,0.442,0.453,0.15,0.116,0.533,93.9
665152,Dean Kremer,MIN,CU,518,0.125,77.8,2786.0,0.421,0.306,32.0,7.0,3.0,0.25,0.607,0.398,0.403,0.0,0.279,0.393,89.7
665152,Dean Kremer,MIN,SL,20,0.005,83.5,2610.0,0.35,0.133,,,,,,,,,,,
673380,Dedniel Núñez,NYM,FF,204,0.53,96.4,2362.0,0.505,0.232,35.0,8.0,2.0,0.229,0.486,0.324,0.345,0.057,0.141,0.455,89.3
673380,Dedniel Núñez,NYM,SL,174,0.452,88.6,2438.0,0.621,0.541,33.0,8.0,2.0,0.242,0.424,0.285,0.257,0.455,0.536,0.333,91.2
642701,Dennis Santana,AZ,SL,773,0.412,86.3,2522.0,0.541,0.427,81.0,18.0,2.0,0.25,0.431,0.335,0.279,0.309,0.344,0.404,88.6
642701,Dennis Santana,AZ,FF,525,0.28,94.4,2434.0,0.497,0.26,67.0,12.0,3.0,0.218,0.455,0.37,0.386,0.209,0.123,0.366,88.8
642701,Dennis Santana,AZ,SI,195,0.104,94.2,2378.0,0.482,0.284,37.0,8.0,1.0,0.229,0.343,0.265,0.307,0.054,0.113,0.441,89.0
642701,Dennis Santana,AZ,FC,194,0.103,90.3,2549.0,0.397,0.172,15.0,4.0,0.0,0.286,0.286,0.287,0.291,0.067,0.209,0.385,89.4
642701,Dennis Santana,AZ,CH,186,0.099,88.2,2292.0,0.468,0.333,30.0,7.0,3.0,0.241,0.586,0.385,0.343,0.2,0.283,0.391,85.7
571882,Derek Law,AZ,FC,58,0.374,89.9,2260.0,0.397,0.273,12.0,1.0,0.0,0.083,0.083,0.075,0.312,0.25,0.043,0.444,90.1
571882,Derek Law,AZ,SL,49,0.316,86.0,2218.0,0.429,0.324,15.0,4.0,0.0,0.333,0.333,0.357,0.33,0.133,0.286,0.4,90.4
571882,Derek Law,AZ,FF,26,0.168,93.2,2069.0,0.462,0.231,,,,,,,,,,,
642207,Devin Williams,NYM,CH,927,0.497,83.7,2694.0,0.548,0.459,99.0,26.0,2.0,0.283,0.402,0.333,0.245,0.333,0.37,0.2,82.2
642207,Devin Williams,NYM,FF,918,0.492,94.0,2354.0,0.456,0.255,82.0,16.0,1.0,0.239,0.343,0.372,0.332,0.232,0.275,0.426,90.7
800311,Didier Fuentes,ATL,FF,999,0.663,97.0,2119.0,0.541,0.288,194.0,38.0,5.0,0.22,0.329,0.29,0.299,0.314,0.253,0.351,87.7
800311,Didier Fuentes,ATL,SL,289,0.192,85.4,2466.0,0.488,0.38,71.0,12.0,0.0,0.179,0.209,0.187,0.167,0.38,0.376,0.302,83.4
800311,Didier Fuentes,ATL,FS,90,0.06,88.9,1921.0,0.422,0.222,22.0,3.0,0.0,0.143,0.143,0.195,0.248,0.182,0.194,0.235,85.8
800311,Didier Fuentes,ATL,ST,80,0.053,83.4,2488.0,0.412,0.267,,,,,,,,,,,
800311,Didier Fuentes,ATL,CU,40,0.027,79.4,2616.0,0.4,0.276,,,,,,,,,,,
608650,Dietrich Enns,BAL,FF,500,0.477,93.9,2140.0,0.566,0.359,41.0,6.0,0.0,0.171,0.286,0.268,0.307,0.171,0.193,0.536,93.1
608650,Dietrich Enns,BAL,CH,278,0.265,84.5,1082.0,0.529,0.355,13.0,1.0,0.0,0.125,0.25,0.312,0.359,0.154,0.235,0.286,92.7
608650,Dietrich Enns,BAL,FC,152,0.145,85.4,2164.0,0.388,0.181,,,,,,,,,,,
608650,Dietrich Enns,BAL,CU,52,0.05,77.4,2126.0,0.365,0.176,,,,,,,,,,,
608650,Dietrich Enns,BAL,ST,27,0.026,80.4,2119.0,0.37,0.211,,,,,,,,,,,
608650,Dietrich Enns,BAL,SI,23,0.022,93.1,2112.0,0.565,0.222,,,,,,,,,,,
687792,Dj Herz,WSH,FF,30,0.476,93.0,2305.0,0.467,0.214,,,,,,,,,,,
687792,Dj Herz,WSH,CH,20,0.317,82.8,2291.0,0.5,0.364,,,,,,,,,,,
669084,Dl Hall,MIL,SI,389,0.249,95.4,2168.0,0.362,0.146,72.0,9.0,0.0,0.161,0.161,0.271,0.376,0.097,0.086,0.327,89.0
669084,Dl Hall,MIL,FF,294,0.188,94.5,2208.0,0.466,0.222,36.0,6.0,3.0,0.24,0.6,0.456,0.384,0.278,0.264,0.533,92.2
669084,Dl Hall,MIL,CH,256,0.164,85.0,2123.0,0.445,0.25,34.0,8.0,2.0,0.25,0.469,0.354,0.238,0.294,0.391,0.364,85.8
669084,Dl Hall,MIL,CU,215,0.138,81.5,2730.0,0.367,0.256,38.0,2.0,0.0,0.061,0.121,0.173,0.184,0.342,0.21,0.227,81.6
669084,Dl Hall,MIL,SL,213,0.136,86.8,2500.0,0.521,0.314,27.0,3.0,0.0,0.125,0.167,0.191,0.231,0.296,0.39,0.188,85.5
669084,Dl Hall,MIL,FC,116,0.074,92.2,2363.0,0.388,0.185,,,,,,,,,,,
669084,Dl Hall,MIL,ST,77,0.049,84.8,2678.0,0.481,0.426,22.0,0.0,0.0,0.0,0.0,0.0,0.132,0.636,0.514,0.5,91.9
682445,Domingo Gonzalez,SEA,FF,50,0.388,92.9,2252.0,0.46,0.174,10.0,2.0,1.0,0.286,0.857,0.535,0.453,0.2,0.13,0.6,88.4
682445,Domingo Gonzalez,SEA,SL,46,0.357,86.2,2358.0,0.435,0.222,11.0,2.0,0.0,0.182,0.182,0.227,0.388,0.182,0.35,0.625,97.9
682445,Domingo Gonzalez,SEA,SI,31,0.24,92.9,2214.0,0.548,0.214,14.0,5.0,0.0,0.417,0.5,0.446,0.532,0.071,0.059,0.455,92.3
680951,Doug Nikhazy,CWS,FF,68,0.463,89.5,1963.0,0.441,0.171,,,,,,,,,,,
680951,Doug Nikhazy,CWS,SL,34,0.231,86.1,2400.0,0.412,0.105,,,,,,,,,,,
623454,Drew Anderson,DET,FF,718,0.405,95.3,2260.0,0.521,0.323,194.0,35.0,6.0,0.216,0.358,0.32,0.319,0.201,0.168,0.331,87.8
623454,Drew Anderson,DET,CH,550,0.31,89.8,1516.0,0.536,0.425,151.0,31.0,5.0,0.223,0.381,0.305,0.292,0.305,0.339,0.409,89.3
623454,Drew Anderson,DET,CU,389,0.22,80.1,2709.0,0.355,0.282,81.0,18.0,2.0,0.247,0.411,0.322,0.256,0.333,0.326,0.435,90.2
623454,Drew Anderson,DET,SL,85,0.048,88.1,2574.0,0.541,0.366,21.0,6.0,3.0,0.3,0.8,0.431,0.441,0.095,0.261,0.45,89.5
623454,Drew Anderson,DET,SI,28,0.016,94.7,2096.0,0.464,0.2,,,,,,,,,,,
519141,Drew Pomeranz,CHC,FF,963,0.741,92.5,2621.0,0.522,0.285,98.0,26.0,7.0,0.31,0.595,0.42,0.361,0.102,0.163,0.355,87.9
519141,Drew Pomeranz,CHC,KC,315,0.242,84.0,2278.0,0.416,0.234,32.0,6.0,0.0,0.2,0.233,0.223,0.32,0.219,0.154,0.417,87.7
656876,Drew Rasmussen,TB,FF,1561,0.314,95.8,2492.0,0.519,0.349,176.0,31.0,6.0,0.195,0.321,0.274,0.271,0.33,0.237,0.38,90.4
656876,Drew Rasmussen,TB,FC,1496,0.301,90.1,2669.0,0.525,0.316,202.0,39.0,5.0,0.205,0.326,0.262,0.281,0.188,0.231,0.294,86.6
656876,Drew Rasmussen,TB,SI,1164,0.234,95.3,2412.0,0.459,0.264,170.0,31.0,2.0,0.197,0.293,0.251,0.275,0.235,0.144,0.37,85.9
656876,Drew Rasmussen,TB,CH,382,0.077,89.6,1206.0,0.497,0.36,90.0,15.0,0.0,0.167,0.167,0.16,0.193,0.367,0.332,0.298,86.7
656876,Drew Rasmussen,TB,CU,191,0.038,80.3,2684.0,0.262,0.15,11.0,1.0,1.0,0.091,0.364,0.182,0.401,0.273,0.25,0.375,93.9
656876,Drew Rasmussen,TB,ST,177,0.036,84.6,2614.0,0.429,0.241,21.0,8.0,0.0,0.381,0.429,0.36,0.405,0.095,0.167,0.368,92.4
680723,Drew Rom,ATH,FF,173,0.65,91.7,2275.0,0.451,0.203,51.0,11.0,0.0,0.25,0.409,0.339,0.345,0.275,0.231,0.5,94.3
680723,Drew Rom,ATH,SI,42,0.158,92.3,2245.0,0.476,0.188,12.0,2.0,0.0,0.182,0.182,0.208,0.216,0.25,0.15,0.5,92.0
680723,Drew Rom,ATH,ST,31,0.117,81.6,2435.0,0.129,0.0,,,,,,,,,,,
680723,Drew Rom,ATH,FS,16,0.06,87.8,1436.0,0.375,0.182,,,,,,,,,,,
805427,Drew Sommers,DET,SI,301,0.42,94.8,2148.0,0.439,0.292,69.0,19.0,1.0,0.333,0.404,0.402,0.31,0.174,0.121,0.261,79.9
805427,Drew Sommers,DET,FF,222,0.31,94.8,2201.0,0.532,0.357,58.0,9.0,1.0,0.161,0.232,0.219,0.156,0.586,0.426,0.409,84.5
805427,Drew Sommers,DET,SL,161,0.225,83.1,2300.0,0.46,0.34,29.0,5.0,1.0,0.185,0.296,0.241,0.193,0.379,0.339,0.188,88.0
805427,Drew Sommers,DET,CH,23,0.032,88.2,1771.0,0.565,0.5,,,,,,,,,,,
686753,Drey Jameson,AZ,SL,118,0.329,87.1,2539.0,0.466,0.333,32.0,9.0,1.0,0.3,0.467,0.353,0.331,0.25,0.392,0.273,86.4
686753,Drey Jameson,AZ,CH,77,0.214,89.7,1948.0,0.494,0.283,17.0,5.0,0.0,0.312,0.375,0.326,0.304,0.118,0.303,0.143,81.0
686753,Drey Jameson,AZ,FF,72,0.201,97.0,2353.0,0.417,0.262,15.0,2.0,0.0,0.222,0.556,0.423,0.447,0.133,0.16,0.5,89.3
686753,Drey Jameson,AZ,SI,70,0.195,95.9,2212.0,0.457,0.25,14.0,3.0,0.0,0.231,0.231,0.243,0.366,0.0,0.077,0.385,92.3
686753,Drey Jameson,AZ,ST,22,0.061,83.0,2686.0,0.409,0.167,,,,,,,,,,,
701474,Duncan Davitt,SF,FF,32,0.364,93.0,2422.0,0.406,0.158,,,,,,,,,,,
701474,Duncan Davitt,SF,ST,18,0.205,82.5,2746.0,0.333,0.167,,,,,,,,,,,
669160,Dustin May,MIL,ST,1273,0.281,85.5,3174.0,0.44,0.287,126.0,27.0,2.0,0.239,0.336,0.31,0.293,0.373,0.276,0.344,86.1
669160,Dustin May,MIL,SI,1197,0.265,95.3,2393.0,0.464,0.257,134.0,29.0,3.0,0.24,0.388,0.327,0.356,0.172,0.157,0.541,92.6
669160,Dustin May,MIL,FF,935,0.207,96.3,2338.0,0.459,0.231,139.0,27.0,4.0,0.223,0.364,0.3,0.311,0.245,0.188,0.551,92.0
669160,Dustin May,MIL,FC,768,0.17,92.8,2468.0,0.53,0.347,156.0,41.0,2.0,0.299,0.387,0.352,0.331,0.128,0.223,0.314,85.3
669160,Dustin May,MIL,CU,173,0.038,83.5,3108.0,0.364,0.307,22.0,5.0,0.0,0.25,0.35,0.309,0.269,0.364,0.302,0.615,97.4
669160,Dustin May,MIL,CH,163,0.036,90.2,1596.0,0.436,0.265,32.0,10.0,2.0,0.312,0.562,0.372,0.364,0.219,0.197,0.462,91.1
656302,Dylan Cease,TOR,FF,2355,0.396,97.0,2508.0,0.498,0.299,268.0,42.0,6.0,0.194,0.313,0.311,0.306,0.31,0.215,0.373,87.5
656302,Dylan Cease,TOR,SL,2114,0.355,88.9,2741.0,0.528,0.391,237.0,31.0,2.0,0.144,0.2,0.208,0.218,0.418,0.417,0.246,82.6
656302,Dylan Cease,TOR,KC,545,0.092,82.0,2702.0,0.27,0.182,33.0,7.0,1.0,0.219,0.312,0.3,0.305,0.303,0.286,0.409,88.9
656302,Dylan Cease,TOR,CH,368,0.062,81.1,1733.0,0.375,0.17,65.0,8.0,0.0,0.131,0.18,0.159,0.198,0.415,0.447,0.229,82.3
656302,Dylan Cease,TOR,SI,348,0.059,95.8,2422.0,0.48,0.31,66.0,12.0,1.0,0.207,0.31,0.281,0.326,0.242,0.124,0.357,88.2
656302,Dylan Cease,TOR,ST,209,0.035,83.9,2875.0,0.364,0.282,17.0,6.0,1.0,0.353,0.588,0.403,0.237,0.176,0.226,0.286,82.7
689266,Dylan Dodd,ATL,SI,631,0.496,93.8,2170.0,0.556,0.331,98.0,14.0,4.0,0.163,0.36,0.275,0.29,0.255,0.22,0.452,89.9
689266,Dylan Dodd,ATL,FC,542,0.426,87.1,2061.0,0.566,0.395,74.0,12.0,2.0,0.171,0.286,0.223,0.256,0.27,0.319,0.28,86.2
689266,Dylan Dodd,ATL,SL,82,0.064,82.6,2338.0,0.28,0.191,,,,,,,,,,,
669276,Dylan Lee,ATL,SL,1158,0.538,84.5,2142.0,0.543,0.376,129.0,25.0,2.0,0.208,0.333,0.252,0.236,0.31,0.407,0.289,82.9
669276,Dylan Lee,ATL,FF,674,0.313,93.7,2367.0,0.497,0.261,95.0,16.0,0.0,0.19,0.286,0.26,0.291,0.284,0.177,0.448,91.5
669276,Dylan Lee,ATL,CH,314,0.146,86.0,1681.0,0.468,0.291,34.0,6.0,1.0,0.176,0.324,0.238,0.207,0.265,0.386,0.16,83.1
681916,Dylan Smith,SF,FF,467,0.546,95.4,2464.0,0.495,0.242,87.0,16.0,3.0,0.222,0.389,0.326,0.298,0.299,0.206,0.62,91.1
681916,Dylan Smith,SF,ST,212,0.248,85.9,2504.0,0.533,0.319,44.0,12.0,0.0,0.279,0.326,0.261,0.24,0.25,0.284,0.273,80.9
681916,Dylan Smith,SF,SI,69,0.081,95.0,2229.0,0.449,0.219,18.0,4.0,0.0,0.364,0.364,0.433,0.476,0.056,0.087,0.364,90.1
681916,Dylan Smith,SF,FS,54,0.063,86.1,944.0,0.426,0.325,11.0,2.0,0.0,0.222,0.222,0.291,0.345,0.364,0.421,0.8,97.9
681916,Dylan Smith,SF,CU,40,0.047,80.8,2506.0,0.275,0.182,,,,,,,,,,,
668834,Easton Mcgee,KC,CU,106,0.258,80.1,2292.0,0.528,0.328,11.0,3.0,1.0,0.3,0.7,0.441,0.383,0.273,0.25,0.857,99.6
668834,Easton Mcgee,KC,SI,105,0.255,93.4,2363.0,0.476,0.282,10.0,3.0,0.0,0.375,0.375,0.41,0.411,0.1,0.105,0.429,86.0
668834,Easton Mcgee,KC,FF,83,0.202,92.7,2507.0,0.651,0.459,10.0,3.0,1.0,0.333,0.778,0.485,0.414,0.3,0.318,0.5,95.3
668834,Easton Mcgee,KC,FC,60,0.146,87.5,2389.0,0.65,0.458,,,,,,,,,,,
668834,Easton Mcgee,KC,ST,42,0.102,82.4,2276.0,0.524,0.25,,,,,,,,,,,
678868,Eddy Yean,WSH,SI,97,0.577,96.8,2349.0,0.423,0.105,25.0,4.0,1.0,0.182,0.364,0.322,0.317,0.12,0.122,0.368,91.2
678868,Eddy Yean,WSH,CH,50,0.298,89.4,1982.0,0.58,0.346,19.0,3.0,0.0,0.158,0.211,0.161,0.213,0.211,0.138,0.333,86.9
678868,Eddy Yean,WSH,SL,17,0.101,88.7,2518.0,0.294,0.2,,,,,,,,,,,
683618,Edgardo Henriquez,LAD,FF,413,0.33,100.7,2536.0,0.523,0.295,86.0,9.0,0.0,0.129,0.186,0.246,0.25,0.372,0.304,0.333,87.3
683618,Edgardo Henriquez,LAD,SI,320,0.256,100.9,2464.0,0.522,0.377,71.0,15.0,0.0,0.25,0.267,0.314,0.287,0.099,0.121,0.296,80.4
683618,Edgardo Henriquez,LAD,SL,247,0.197,87.9,2712.0,0.437,0.329,48.0,6.0,1.0,0.13,0.217,0.191,0.187,0.479,0.414,0.174,77.7
683618,Edgardo Henriquez,LAD,FC,196,0.157,95.1,2669.0,0.531,0.402,26.0,6.0,0.0,0.24,0.36,0.275,0.197,0.231,0.351,0.263,87.4
683618,Edgardo Henriquez,LAD,CU,71,0.057,82.8,2794.0,0.268,0.174,10.0,1.0,0.0,0.143,0.286,0.335,0.286,0.2,0.3,0.0,71.9
660825,Eduard Bazardo,SEA,SI,1174,0.503,95.6,2213.0,0.425,0.209,186.0,46.0,6.0,0.286,0.441,0.362,0.352,0.22,0.138,0.468,90.6
660825,Eduard Bazardo,SEA,ST,902,0.386,82.9,2596.0,0.452,0.288,91.0,23.0,6.0,0.271,0.541,0.368,0.314,0.286,0.344,0.3,84.9
660825,Eduard Bazardo,SEA,FF,191,0.082,94.9,2146.0,0.445,0.239,,,,,,,,,,,
660825,Eduard Bazardo,SEA,FS,49,0.021,90.6,1740.0,0.408,0.214,,,,,,,,,,,
700842,Eduardo Rivera,BOS,FF,114,0.543,95.3,2226.0,0.482,0.321,29.0,5.0,0.0,0.208,0.292,0.3,0.293,0.172,0.2,0.526,94.4
700842,Eduardo Rivera,BOS,SL,65,0.31,87.8,2302.0,0.369,0.184,,,,,,,,,,,
700842,Eduardo Rivera,BOS,CH,31,0.148,86.9,1175.0,0.548,0.35,,,,,,,,,,,
593958,Eduardo Rodríguez,AZ,FF,2387,0.428,92.1,2301.0,0.477,0.278,273.0,48.0,5.0,0.195,0.325,0.274,0.315,0.267,0.198,0.384,89.2
593958,Eduardo Rodríguez,AZ,CH,1320,0.237,85.6,1894.0,0.504,0.364,244.0,45.0,5.0,0.207,0.327,0.285,0.276,0.172,0.267,0.223,83.8
593958,Eduardo Rodríguez,AZ,FC,805,0.144,89.1,2273.0,0.486,0.248,91.0,28.0,3.0,0.318,0.466,0.362,0.331,0.099,0.144,0.38,85.4
593958,Eduardo Rodríguez,AZ,CU,481,0.086,79.6,2314.0,0.397,0.266,85.0,19.0,2.0,0.232,0.366,0.283,0.35,0.106,0.2,0.425,88.5
593958,Eduardo Rodríguez,AZ,SI,470,0.084,91.5,2261.0,0.453,0.277,69.0,24.0,3.0,0.387,0.581,0.447,0.417,0.101,0.052,0.309,84.5
593958,Eduardo Rodríguez,AZ,SL,99,0.018,84.6,2157.0,0.434,0.21,,,,,,,,,,,
665795,Edward Cabrera,CHC,CH,994,0.276,93.8,1748.0,0.534,0.389,118.0,29.0,3.0,0.261,0.378,0.318,0.303,0.237,0.296,0.41,89.6
665795,Edward Cabrera,CHC,CU,798,0.221,84.3,2583.0,0.39,0.327,58.0,9.0,4.0,0.176,0.431,0.294,0.281,0.379,0.326,0.433,90.3
665795,Edward Cabrera,CHC,SI,748,0.207,96.8,2280.0,0.469,0.237,95.0,25.0,3.0,0.325,0.494,0.411,0.429,0.063,0.062,0.438,90.9
665795,Edward Cabrera,CHC,SL,545,0.151,88.7,2507.0,0.477,0.309,31.0,6.0,1.0,0.207,0.31,0.232,0.223,0.29,0.403,0.238,83.7
665795,Edward Cabrera,CHC,FF,520,0.144,96.7,2300.0,0.385,0.178,47.0,14.0,5.0,0.359,0.821,0.541,0.498,0.106,0.153,0.545,94.1
621242,Edwin Díaz,LAD,FF,775,0.536,97.0,2328.0,0.448,0.245,42.0,14.0,1.0,0.389,0.667,0.485,0.36,0.262,0.205,0.538,93.7
621242,Edwin Díaz,LAD,SL,664,0.459,89.2,2268.0,0.497,0.365,45.0,11.0,2.0,0.289,0.447,0.362,0.333,0.311,0.244,0.44,88.7
669212,Eli Morgan,KC,FF,160,0.352,91.3,2269.0,0.469,0.312,33.0,11.0,2.0,0.393,0.643,0.511,0.475,0.061,0.167,0.519,93.3
669212,Eli Morgan,KC,CH,159,0.35,77.7,2196.0,0.516,0.404,32.0,6.0,2.0,0.207,0.414,0.303,0.319,0.156,0.175,0.208,82.7
669212,Eli Morgan,KC,SL,131,0.289,85.6,2453.0,0.443,0.333,25.0,7.0,1.0,0.318,0.545,0.408,0.401,0.36,0.37,0.615,91.6
622694,Elieser Hernández,ATL,FF,77,0.372,92.2,2290.0,0.494,0.233,19.0,4.0,2.0,0.222,0.556,0.342,0.24,0.211,0.132,0.5,92.1
622694,Elieser Hernández,ATL,ST,56,0.271,79.4,2173.0,0.411,0.324,12.0,2.0,0.0,0.182,0.182,0.208,0.273,0.25,0.261,0.25,84.5
622694,Elieser Hernández,ATL,CH,49,0.237,83.6,2125.0,0.449,0.323,14.0,3.0,1.0,0.273,0.545,0.421,0.292,0.286,0.364,0.286,85.3
622694,Elieser Hernández,ATL,FC,20,0.097,82.2,2199.0,0.4,0.333,,,,,,,,,,,
695684,Elmer Rodriguez,NYY,SI,229,0.461,95.8,1893.0,0.406,0.215,63.0,16.0,0.0,0.314,0.373,0.367,0.401,0.063,0.161,0.362,87.6
695684,Elmer Rodriguez,NYY,FF,94,0.189,95.4,1917.0,0.426,0.192,24.0,4.0,1.0,0.222,0.389,0.371,0.412,0.208,0.2,0.615,95.5
695684,Elmer Rodriguez,NYY,CU,72,0.145,78.2,2344.0,0.306,0.286,14.0,1.0,0.0,0.091,0.091,0.214,0.212,0.429,0.636,0.0,85.2
695684,Elmer Rodriguez,NYY,ST,62,0.125,80.4,2437.0,0.387,0.32,11.0,2.0,0.0,0.182,0.182,0.164,0.21,0.364,0.583,0.143,74.5
695684,Elmer Rodriguez,NYY,CH,39,0.078,88.0,1322.0,0.487,0.2,13.0,3.0,1.0,0.25,0.583,0.427,0.32,0.077,0.158,0.364,81.7
665660,Elvis Alvarado,ATH,FF,912,0.542,98.7,2441.0,0.519,0.268,126.0,20.0,6.0,0.194,0.408,0.341,0.327,0.317,0.287,0.484,91.0
665660,Elvis Alvarado,ATH,SL,421,0.25,88.6,2164.0,0.447,0.312,41.0,9.0,3.0,0.225,0.5,0.295,0.348,0.317,0.36,0.357,84.2
665660,Elvis Alvarado,ATH,SI,249,0.148,98.0,2465.0,0.494,0.259,33.0,10.0,0.0,0.323,0.452,0.385,0.356,0.03,0.113,0.633,94.2
665660,Elvis Alvarado,ATH,FS,62,0.037,87.8,1090.0,0.435,0.273,18.0,3.0,0.0,0.167,0.222,0.169,0.208,0.389,0.333,0.273,85.0
665660,Elvis Alvarado,ATH,CH,31,0.018,89.5,1917.0,0.387,0.071,,,,,,,,,,,
676106,Emerson Hancock,SEA,FF,1239,0.344,95.3,2366.0,0.592,0.304,240.0,48.0,9.0,0.215,0.377,0.289,0.32,0.246,0.195,0.482,91.0
676106,Emerson Hancock,SEA,SI,1049,0.291,94.7,2373.0,0.511,0.266,154.0,45.0,3.0,0.324,0.446,0.372,0.371,0.065,0.092,0.481,92.0
676106,Emerson Hancock,SEA,CH,399,0.111,86.6,1615.0,0.441,0.274,26.0,8.0,3.0,0.308,0.654,0.438,0.313,0.115,0.214,0.348,85.6
676106,Emerson Hancock,SEA,ST,395,0.11,77.4,2621.0,0.387,0.239,75.0,12.0,2.0,0.167,0.306,0.223,0.164,0.427,0.351,0.125,80.9
676106,Emerson Hancock,SEA,FC,253,0.07,85.8,2299.0,0.411,0.221,42.0,7.0,3.0,0.184,0.447,0.287,0.303,0.167,0.337,0.312,88.0
676106,Emerson Hancock,SEA,SL,162,0.045,81.8,2442.0,0.475,0.304,,,,,,,,,,,
676106,Emerson Hancock,SEA,CU,97,0.027,76.1,2578.0,0.423,0.321,27.0,6.0,0.0,0.24,0.28,0.265,0.243,0.519,0.366,0.182,81.5
693713,Emiliano Teodo,TEX,SI,25,0.581,99.4,2306.0,0.4,0.214,,,,,,,,,,,
693713,Emiliano Teodo,TEX,SL,15,0.349,91.9,2508.0,0.467,0.286,,,,,,,,,,,
641941,Emilio Pagán,CIN,FF,1070,0.618,95.4,2579.0,0.55,0.31,123.0,21.0,6.0,0.193,0.413,0.293,0.302,0.26,0.162,0.532,92.0
641941,Emilio Pagán,CIN,FC,331,0.191,86.5,2365.0,0.438,0.246,23.0,4.0,0.0,0.19,0.19,0.187,0.24,0.174,0.308,0.167,85.3
641941,Emilio Pagán,CIN,FS,327,0.189,83.5,936.0,0.517,0.375,23.0,7.0,1.0,0.318,0.545,0.383,0.275,0.348,0.391,0.357,84.9
686218,Emmet Sheehan,LAD,FF,1372,0.442,94.9,2446.0,0.513,0.333,167.0,36.0,14.0,0.24,0.58,0.376,0.346,0.269,0.275,0.481,90.6
686218,Emmet Sheehan,LAD,SL,921,0.297,87.1,2364.0,0.549,0.419,172.0,32.0,7.0,0.205,0.391,0.277,0.254,0.337,0.36,0.324,87.5
686218,Emmet Sheehan,LAD,CH,495,0.159,85.8,1222.0,0.511,0.311,93.0,25.0,0.0,0.291,0.372,0.331,0.287,0.226,0.217,0.415,88.4
686218,Emmet Sheehan,LAD,CU,311,0.1,77.8,2634.0,0.315,0.228,39.0,6.0,0.0,0.176,0.235,0.246,0.244,0.205,0.291,0.154,82.8
646241,Enmanuel De Jesus,DET,FF,283,0.423,94.2,2326.0,0.473,0.23,65.0,12.0,1.0,0.218,0.327,0.329,0.35,0.262,0.216,0.513,90.9
646241,Enmanuel De Jesus,DET,CH,147,0.22,87.6,2112.0,0.469,0.362,42.0,5.0,1.0,0.128,0.205,0.183,0.269,0.262,0.29,0.393,88.6
646241,Enmanuel De Jesus,DET,FC,109,0.163,85.5,2613.0,0.486,0.304,32.0,9.0,0.0,0.3,0.433,0.358,0.347,0.219,0.302,0.417,87.7
646241,Enmanuel De Jesus,DET,SI,89,0.133,94.2,2300.0,0.494,0.407,29.0,9.0,0.0,0.333,0.444,0.364,0.279,0.069,0.045,0.4,89.5
646241,Enmanuel De Jesus,DET,SL,41,0.061,80.2,2669.0,0.341,0.192,10.0,3.0,1.0,0.375,0.75,0.52,0.429,0.2,0.286,0.333,92.7
660853,Enyel De Los Santos,HOU,FF,1045,0.459,95.6,2272.0,0.554,0.301,135.0,38.0,6.0,0.309,0.528,0.387,0.327,0.17,0.153,0.451,91.1
660853,Enyel De Los Santos,HOU,SL,746,0.328,87.5,2181.0,0.469,0.282,79.0,16.0,2.0,0.229,0.414,0.33,0.261,0.253,0.34,0.314,84.3
660853,Enyel De Los Santos,HOU,CH,467,0.205,86.2,1906.0,0.552,0.362,86.0,15.0,3.0,0.181,0.337,0.249,0.245,0.279,0.358,0.3,84.2
672021,Eric Cerantola,KC,SL,49,0.402,84.2,2432.0,0.327,0.182,12.0,3.0,1.0,0.3,0.6,0.433,0.234,0.417,0.5,0.6,89.3
672021,Eric Cerantola,KC,FF,45,0.369,94.5,2157.0,0.267,0.074,13.0,1.0,1.0,0.2,0.8,0.585,0.549,0.077,0.167,0.5,87.8
672021,Eric Cerantola,KC,FC,28,0.23,90.3,2191.0,0.286,0.238,,,,,,,,,,,
641778,Eric Lauer,LAD,FF,1542,0.44,91.4,2214.0,0.549,0.313,190.0,41.0,14.0,0.247,0.548,0.376,0.384,0.205,0.158,0.457,90.4
641778,Eric Lauer,LAD,FC,767,0.219,87.0,2387.0,0.518,0.336,106.0,24.0,6.0,0.255,0.479,0.36,0.331,0.132,0.174,0.253,82.3
641778,Eric Lauer,LAD,CU,465,0.133,75.5,2414.0,0.391,0.272,51.0,11.0,4.0,0.244,0.533,0.356,0.327,0.196,0.167,0.306,87.8
641778,Eric Lauer,LAD,CH,403,0.115,84.8,1241.0,0.404,0.244,80.0,21.0,1.0,0.273,0.377,0.313,0.311,0.062,0.124,0.38,88.3
641778,Eric Lauer,LAD,SL,318,0.091,83.0,2298.0,0.522,0.291,40.0,10.0,1.0,0.263,0.368,0.296,0.252,0.1,0.104,0.265,87.1
679358,Eric Orze,MIN,FS,670,0.489,83.8,1634.0,0.512,0.342,98.0,22.0,1.0,0.253,0.368,0.312,0.278,0.224,0.268,0.243,84.5
679358,Eric Orze,MIN,FF,351,0.256,93.3,2264.0,0.439,0.208,56.0,12.0,0.0,0.279,0.442,0.401,0.356,0.214,0.069,0.424,88.8
679358,Eric Orze,MIN,SL,274,0.2,88.4,2572.0,0.409,0.189,23.0,4.0,0.0,0.2,0.25,0.263,0.299,0.043,0.188,0.211,82.4
679358,Eric Orze,MIN,CU,63,0.046,82.0,2888.0,0.365,0.212,,,,,,,,,,,
607200,Erick Fedde,CWS,ST,1540,0.321,82.3,2491.0,0.456,0.303,245.0,44.0,7.0,0.201,0.352,0.282,0.293,0.188,0.219,0.309,86.1
607200,Erick Fedde,CWS,SI,1529,0.319,93.6,2017.0,0.4,0.187,196.0,50.0,6.0,0.287,0.42,0.359,0.358,0.153,0.11,0.5,91.5
607200,Erick Fedde,CWS,FC,1108,0.231,90.7,2143.0,0.482,0.226,112.0,29.0,7.0,0.284,0.559,0.38,0.379,0.089,0.147,0.398,88.0
607200,Erick Fedde,CWS,CH,554,0.116,88.2,1827.0,0.368,0.249,50.0,15.0,3.0,0.306,0.49,0.35,0.344,0.26,0.242,0.514,91.6
607200,Erick Fedde,CWS,FF,51,0.011,93.8,2079.0,0.353,0.195,,,,,,,,,,,
669062,Erik Miller,BOS,SI,558,0.38,96.8,2340.0,0.407,0.193,121.0,19.0,2.0,0.204,0.29,0.315,0.316,0.198,0.15,0.257,83.2
669062,Erik Miller,BOS,SL,502,0.342,85.7,2572.0,0.442,0.377,84.0,12.0,1.0,0.158,0.211,0.221,0.195,0.56,0.529,0.241,77.2
669062,Erik Miller,BOS,FF,225,0.153,97.1,2319.0,0.356,0.171,,,,,,,,,,,
669062,Erik Miller,BOS,CH,159,0.108,87.2,1924.0,0.44,0.216,,,,,,,,,,,
681870,Erik Sabrowski,CLE,FF,854,0.655,94.1,2577.0,0.447,0.221,122.0,13.0,2.0,0.143,0.275,0.29,0.29,0.32,0.253,0.386,90.6
681870,Erik Sabrowski,CLE,CU,224,0.172,81.3,2655.0,0.424,0.326,33.0,7.0,1.0,0.219,0.375,0.267,0.211,0.485,0.328,0.312,87.4
681870,Erik Sabrowski,CLE,SL,213,0.163,86.9,2574.0,0.559,0.388,36.0,4.0,0.0,0.118,0.147,0.149,0.163,0.472,0.464,0.235,84.2
680899,Erik Tolman,WSH,FF,142,0.528,96.9,2351.0,0.451,0.21,25.0,6.0,1.0,0.316,0.526,0.442,0.421,0.28,0.281,0.417,84.5
680899,Erik Tolman,WSH,CH,73,0.271,84.9,1272.0,0.589,0.378,25.0,4.0,0.0,0.174,0.174,0.208,0.199,0.24,0.256,0.167,81.4
680899,Erik Tolman,WSH,SL,52,0.193,87.3,2241.0,0.481,0.31,11.0,2.0,0.0,0.222,0.333,0.259,0.232,0.182,0.28,0.125,80.0
814490,Ethan Pecko,HOU,SI,120,0.223,92.9,2240.0,0.55,0.467,37.0,6.0,0.0,0.194,0.226,0.269,0.312,0.108,0.136,0.464,89.3
814490,Ethan Pecko,HOU,FF,114,0.212,93.4,2234.0,0.404,0.237,23.0,6.0,3.0,0.261,0.696,0.393,0.439,0.174,0.217,0.526,92.1
814490,Ethan Pecko,HOU,FC,106,0.197,90.1,2249.0,0.453,0.254,27.0,4.0,1.0,0.19,0.381,0.356,0.411,0.111,0.146,0.529,89.7
814490,Ethan Pecko,HOU,ST,100,0.186,82.6,2371.0,0.49,0.327,25.0,4.0,0.0,0.182,0.273,0.256,0.215,0.28,0.286,0.133,86.2
814490,Ethan Pecko,HOU,CU,70,0.13,81.6,2571.0,0.386,0.211,13.0,3.0,1.0,0.231,0.462,0.292,0.32,0.154,0.148,0.364,88.9
814490,Ethan Pecko,HOU,CH,28,0.052,87.2,1647.0,0.286,0.208,,,,,,,,,,,
681799,Ethan Roberts,CHC,ST,252,0.434,83.1,3167.0,0.425,0.284,43.0,4.0,1.0,0.108,0.189,0.207,0.325,0.233,0.279,0.407,90.6
681799,Ethan Roberts,CHC,FC,248,0.427,92.6,2778.0,0.464,0.24,52.0,12.0,2.0,0.286,0.524,0.412,0.364,0.115,0.178,0.472,92.4
681799,Ethan Roberts,CHC,SI,80,0.138,93.5,2489.0,0.438,0.353,15.0,6.0,0.0,0.429,0.429,0.407,0.311,0.067,0.125,0.462,88.2
691587,Eury Pérez,MIA,FF,1815,0.427,98.1,2683.0,0.569,0.318,283.0,50.0,10.0,0.213,0.413,0.345,0.335,0.276,0.206,0.445,92.1
691587,Eury Pérez,MIA,SL,807,0.19,87.4,2458.0,0.472,0.296,84.0,14.0,4.0,0.187,0.373,0.286,0.301,0.25,0.423,0.396,84.5
691587,Eury Pérez,MIA,SI,474,0.112,97.6,2624.0,0.523,0.348,117.0,31.0,1.0,0.307,0.396,0.357,0.353,0.103,0.134,0.407,88.5
691587,Eury Pérez,MIA,ST,464,0.109,83.3,2529.0,0.444,0.255,67.0,12.0,2.0,0.188,0.328,0.245,0.224,0.373,0.4,0.237,77.7
691587,Eury Pérez,MIA,CH,349,0.082,89.9,1704.0,0.387,0.3,49.0,11.0,3.0,0.224,0.429,0.291,0.27,0.327,0.404,0.333,86.2
691587,Eury Pérez,MIA,CU,316,0.074,80.3,2777.0,0.408,0.279,32.0,5.0,0.0,0.172,0.241,0.234,0.293,0.25,0.25,0.364,87.1
691587,Eury Pérez,MIA,FC,16,0.004,84.0,2525.0,0.375,0.143,,,,,,,,,,,
623465,Evan Phillips,LAD,FF,203,0.417,96.6,2435.0,0.473,0.326,41.0,11.0,2.0,0.275,0.5,0.338,0.357,0.317,0.19,0.519,94.7
623465,Evan Phillips,LAD,ST,192,0.394,85.9,2621.0,0.422,0.268,33.0,2.0,2.0,0.067,0.267,0.164,0.275,0.394,0.305,0.444,92.4
623465,Evan Phillips,LAD,FC,45,0.092,92.4,2468.0,0.644,0.5,12.0,6.0,0.0,0.5,0.583,0.479,0.417,0.0,0.12,0.167,82.7
623465,Evan Phillips,LAD,SI,35,0.072,96.4,2234.0,0.571,0.333,,,,,,,,,,,
681895,Evan Sisk,PIT,SI,352,0.314,90.8,1993.0,0.366,0.234,53.0,11.0,1.0,0.289,0.474,0.457,0.44,0.113,0.152,0.438,87.9
681895,Evan Sisk,PIT,CU,241,0.215,77.5,2223.0,0.386,0.284,48.0,5.0,0.0,0.125,0.175,0.219,0.203,0.292,0.266,0.111,77.4
681895,Evan Sisk,PIT,ST,218,0.194,80.1,2249.0,0.422,0.244,36.0,7.0,0.0,0.219,0.219,0.233,0.239,0.306,0.302,0.273,84.0
681895,Evan Sisk,PIT,FF,201,0.179,91.2,2078.0,0.493,0.271,34.0,6.0,1.0,0.222,0.37,0.325,0.28,0.353,0.264,0.312,85.0
681895,Evan Sisk,PIT,CH,70,0.062,83.6,2130.0,0.371,0.156,15.0,4.0,0.0,0.308,0.462,0.38,0.249,0.267,0.269,0.444,89.9
681895,Evan Sisk,PIT,FC,34,0.03,87.1,2270.0,0.265,0.105,,,,,,,,,,,
518585,Fernando Cruz,NYY,FS,963,0.552,80.3,780.0,0.504,0.38,134.0,19.0,4.0,0.161,0.288,0.247,0.214,0.448,0.496,0.22,82.3
518585,Fernando Cruz,NYY,FF,454,0.26,93.4,2250.0,0.344,0.146,73.0,19.0,2.0,0.311,0.541,0.408,0.393,0.068,0.127,0.333,90.0
518585,Fernando Cruz,NYY,SL,147,0.084,82.4,2581.0,0.32,0.165,14.0,2.0,0.0,0.2,0.2,0.329,0.299,0.0,0.371,0.0,78.7
518585,Fernando Cruz,NYY,SI,141,0.081,93.0,2068.0,0.362,0.205,,,,,,,,,,,
518585,Fernando Cruz,NYY,ST,31,0.018,81.3,2599.0,0.29,0.2,,,,,,,,,,,
656492,Foster Griffin,CLE,FC,921,0.325,88.5,2244.0,0.559,0.321,242.0,59.0,9.0,0.265,0.439,0.335,0.345,0.14,0.163,0.38,86.7
656492,Foster Griffin,CLE,FF,457,0.161,91.5,2089.0,0.383,0.156,107.0,19.0,4.0,0.211,0.4,0.322,0.309,0.327,0.171,0.375,89.8
656492,Foster Griffin,CLE,ST,425,0.15,80.3,2529.0,0.454,0.331,109.0,29.0,5.0,0.279,0.481,0.341,0.344,0.312,0.28,0.429,88.8
656492,Foster Griffin,CLE,CH,327,0.115,82.5,1863.0,0.465,0.325,84.0,14.0,0.0,0.187,0.253,0.28,0.271,0.179,0.309,0.286,84.5
656492,Foster Griffin,CLE,SI,292,0.103,91.4,2042.0,0.442,0.324,61.0,10.0,1.0,0.192,0.25,0.298,0.309,0.115,0.132,0.289,84.3
656492,Foster Griffin,CLE,CU,251,0.089,77.8,2357.0,0.458,0.389,63.0,23.0,4.0,0.371,0.613,0.429,0.366,0.206,0.226,0.42,90.1
656492,Foster Griffin,CLE,FS,160,0.056,81.3,1337.0,0.512,0.43,51.0,10.0,0.0,0.196,0.255,0.197,0.215,0.373,0.256,0.375,87.2
664285,Framber Valdez,DET,SI,2537,0.448,94.0,2186.0,0.454,0.219,350.0,94.0,6.0,0.31,0.419,0.371,0.378,0.071,0.086,0.489,90.5
664285,Framber Valdez,DET,CU,1783,0.315,78.9,2898.0,0.447,0.345,187.0,29.0,4.0,0.18,0.298,0.279,0.262,0.332,0.298,0.347,86.8
664285,Framber Valdez,DET,CH,1012,0.179,89.4,1677.0,0.527,0.345,145.0,35.0,5.0,0.252,0.41,0.313,0.319,0.145,0.205,0.39,89.4
664285,Framber Valdez,DET,SL,217,0.038,85.1,2471.0,0.484,0.331,39.0,5.0,1.0,0.135,0.243,0.188,0.143,0.436,0.426,0.2,82.0
664285,Framber Valdez,DET,FF,109,0.019,94.8,2196.0,0.532,0.343,34.0,6.0,0.0,0.214,0.214,0.282,0.279,0.265,0.161,0.158,80.9
680916,Franco Aleman,CLE,FF,283,0.663,96.1,2517.0,0.435,0.221,63.0,13.0,2.0,0.245,0.377,0.343,0.291,0.254,0.211,0.417,90.8
680916,Franco Aleman,CLE,SL,116,0.272,86.0,2554.0,0.517,0.353,37.0,12.0,2.0,0.353,0.559,0.449,0.391,0.297,0.333,0.364,88.1
680916,Franco Aleman,CLE,CH,28,0.066,88.2,1803.0,0.357,0.062,,,,,,,,,,,
642547,Freddy Peralta,TB,FF,3169,0.532,94.5,2434.0,0.473,0.252,363.0,82.0,12.0,0.262,0.438,0.355,0.335,0.179,0.19,0.472,89.8
642547,Freddy Peralta,TB,CH,1325,0.222,88.1,1947.0,0.478,0.364,173.0,37.0,3.0,0.231,0.344,0.292,0.267,0.225,0.258,0.221,81.8
642547,Freddy Peralta,TB,CU,747,0.125,79.5,2312.0,0.456,0.328,97.0,24.0,5.0,0.258,0.484,0.33,0.246,0.278,0.302,0.348,85.3
642547,Freddy Peralta,TB,SL,400,0.067,83.6,2421.0,0.422,0.26,20.0,3.0,1.0,0.214,0.429,0.4,0.451,0.25,0.462,0.333,86.9
642547,Freddy Peralta,TB,ST,198,0.033,82.0,2496.0,0.485,0.263,42.0,10.0,1.0,0.25,0.45,0.315,0.247,0.214,0.253,0.258,87.0
642585,Félix Bautista,BAL,SI,400,0.601,97.2,2392.0,0.445,0.225,,,,,,,,,,,
642585,Félix Bautista,BAL,FS,197,0.296,88.9,1069.0,0.497,0.32,,,,,,,,,,,
642585,Félix Bautista,BAL,SL,63,0.095,85.2,2447.0,0.413,0.281,,,,,,,,,,,
642100,Gabe Speier,SEA,FF,685,0.424,95.2,2241.0,0.593,0.356,74.0,8.0,2.0,0.118,0.221,0.184,0.227,0.405,0.294,0.3,86.9
642100,Gabe Speier,SEA,SI,503,0.311,94.7,2105.0,0.467,0.268,71.0,18.0,2.0,0.29,0.484,0.38,0.34,0.085,0.097,0.414,88.9
642100,Gabe Speier,SEA,SL,413,0.255,83.6,2205.0,0.458,0.362,38.0,9.0,1.0,0.281,0.438,0.353,0.344,0.211,0.24,0.32,84.8
687312,Gabriel Hughes,COL,FF,568,0.496,92.4,2211.0,0.511,0.28,156.0,39.0,2.0,0.283,0.391,0.346,0.295,0.179,0.159,0.286,85.8
687312,Gabriel Hughes,COL,CU,138,0.121,78.7,2507.0,0.449,0.33,32.0,6.0,2.0,0.194,0.452,0.309,0.263,0.406,0.242,0.333,87.5
687312,Gabriel Hughes,COL,CH,127,0.111,87.8,1487.0,0.386,0.182,27.0,4.0,1.0,0.19,0.476,0.376,0.386,0.037,0.102,0.381,85.9
687312,Gabriel Hughes,COL,SI,119,0.104,92.9,2055.0,0.471,0.255,27.0,8.0,0.0,0.348,0.435,0.392,0.313,0.185,0.214,0.211,84.5
687312,Gabriel Hughes,COL,ST,98,0.086,85.5,2298.0,0.418,0.241,18.0,6.0,1.0,0.375,0.75,0.458,0.464,0.111,0.195,0.438,92.7
687312,Gabriel Hughes,COL,SL,92,0.08,86.5,2289.0,0.522,0.26,21.0,5.0,1.0,0.238,0.429,0.283,0.194,0.333,0.271,0.5,89.0
695611,Gage Jump,ATH,FF,817,0.464,96.3,2364.0,0.514,0.287,211.0,53.0,8.0,0.293,0.497,0.39,0.347,0.251,0.21,0.431,90.4
695611,Gage Jump,ATH,SL,396,0.225,87.2,2338.0,0.505,0.36,99.0,20.0,3.0,0.227,0.352,0.288,0.323,0.202,0.265,0.324,88.8
695611,Gage Jump,ATH,CU,188,0.107,82.3,2619.0,0.479,0.355,53.0,11.0,0.0,0.216,0.255,0.253,0.266,0.34,0.244,0.516,89.9
695611,Gage Jump,ATH,CH,164,0.093,87.6,1404.0,0.348,0.232,25.0,8.0,1.0,0.32,0.6,0.388,0.287,0.12,0.281,0.318,82.6
695611,Gage Jump,ATH,ST,103,0.058,83.8,2530.0,0.437,0.313,26.0,5.0,0.0,0.208,0.25,0.213,0.194,0.462,0.333,0.308,86.6
695611,Gage Jump,ATH,SI,88,0.05,95.0,2271.0,0.375,0.204,22.0,6.0,0.0,0.429,0.571,0.573,0.533,0.091,0.152,0.417,86.6
670183,Garrett Acton,MIN,FF,133,0.583,94.5,2479.0,0.421,0.215,29.0,5.0,0.0,0.227,0.273,0.312,0.34,0.241,0.216,0.438,91.9
670183,Garrett Acton,MIN,SL,83,0.364,86.1,2475.0,0.494,0.358,20.0,5.0,1.0,0.263,0.579,0.412,0.296,0.35,0.463,0.667,95.5
664076,Garrett Cleavinger,TB,SL,662,0.411,87.3,2637.0,0.508,0.389,72.0,13.0,3.0,0.2,0.354,0.281,0.261,0.361,0.311,0.359,84.2
664076,Garrett Cleavinger,TB,SI,532,0.33,95.9,2398.0,0.421,0.181,43.0,13.0,1.0,0.394,0.576,0.485,0.502,0.07,0.16,0.6,88.6
664076,Garrett Cleavinger,TB,FF,218,0.135,96.8,2362.0,0.509,0.29,33.0,3.0,1.0,0.107,0.286,0.221,0.253,0.424,0.204,0.4,83.8
664076,Garrett Cleavinger,TB,ST,181,0.112,80.8,2800.0,0.53,0.462,31.0,8.0,1.0,0.308,0.5,0.313,0.258,0.355,0.275,0.211,83.9
664076,Garrett Cleavinger,TB,FC,15,0.009,90.7,2569.0,0.667,0.5,,,,,,,,,,,
676979,Garrett Crochet,BOS,FF,1306,0.356,96.3,2449.0,0.494,0.252,39.0,9.0,2.0,0.243,0.486,0.327,0.304,0.256,0.233,0.393,89.2
676979,Garrett Crochet,BOS,FC,1002,0.273,90.9,2600.0,0.546,0.305,39.0,9.0,1.0,0.273,0.394,0.399,0.391,0.205,0.194,0.5,91.8
676979,Garrett Crochet,BOS,SI,621,0.169,95.9,2395.0,0.451,0.352,35.0,8.0,1.0,0.296,0.444,0.404,0.391,0.2,0.196,0.381,82.1
676979,Garrett Crochet,BOS,ST,578,0.158,82.8,2384.0,0.588,0.438,22.0,7.0,1.0,0.318,0.636,0.441,0.278,0.5,0.25,0.636,95.3
676979,Garrett Crochet,BOS,CH,156,0.043,87.8,1726.0,0.417,0.331,,,,,,,,,,,
668831,Garrett Stallings,MIL,CH,79,0.407,81.1,1636.0,0.532,0.377,28.0,3.0,0.0,0.12,0.16,0.184,0.199,0.429,0.381,0.0,81.9
668831,Garrett Stallings,MIL,FC,51,0.263,88.1,2155.0,0.392,0.25,10.0,0.0,0.0,0.0,0.0,0.07,0.087,0.4,0.3,0.2,84.8
668831,Garrett Stallings,MIL,SI,49,0.253,91.6,1833.0,0.531,0.429,12.0,1.0,0.0,0.091,0.091,0.133,0.149,0.083,0.154,0.3,86.2
676477,Garrett Whitlock,BOS,SI,972,0.503,95.5,2185.0,0.541,0.288,92.0,20.0,1.0,0.23,0.287,0.253,0.278,0.185,0.196,0.352,87.3
676477,Garrett Whitlock,BOS,SL,558,0.289,85.1,2065.0,0.53,0.442,63.0,9.0,1.0,0.153,0.254,0.202,0.248,0.429,0.464,0.364,87.0
676477,Garrett Whitlock,BOS,CH,380,0.197,84.3,2269.0,0.584,0.452,43.0,9.0,1.0,0.225,0.325,0.255,0.2,0.349,0.329,0.269,88.7
686560,Gavin Collyer,TEX,FC,153,0.34,90.5,2680.0,0.386,0.221,34.0,7.0,0.0,0.233,0.267,0.278,0.348,0.147,0.22,0.4,88.8
686560,Gavin Collyer,TEX,FF,114,0.253,97.3,2475.0,0.36,0.224,24.0,2.0,1.0,0.125,0.312,0.354,0.323,0.375,0.366,0.143,86.0
686560,Gavin Collyer,TEX,ST,99,0.22,85.7,2880.0,0.485,0.315,28.0,5.0,0.0,0.192,0.308,0.248,0.184,0.286,0.292,0.167,85.9
686560,Gavin Collyer,TEX,SI,80,0.178,95.8,2381.0,0.212,0.061,18.0,1.0,0.0,0.125,0.125,0.439,0.464,0.0,0.0,0.375,82.6
668970,Gavin Hollowell,CHC,FF,170,0.4,94.4,2715.0,0.476,0.299,28.0,1.0,0.0,0.042,0.083,0.15,0.312,0.179,0.209,0.389,87.4
668970,Gavin Hollowell,CHC,ST,141,0.332,84.7,2570.0,0.376,0.184,16.0,4.0,1.0,0.286,0.5,0.381,0.345,0.312,0.31,0.333,82.2
668970,Gavin Hollowell,CHC,SI,91,0.214,95.2,2618.0,0.418,0.295,14.0,5.0,1.0,0.455,0.818,0.575,0.448,0.071,0.16,0.2,82.9
668970,Gavin Hollowell,CHC,CH,23,0.054,85.3,1887.0,0.478,0.417,,,,,,,,,,,
668909,Gavin Williams,CLE,FF,1873,0.321,97.0,2305.0,0.494,0.261,187.0,31.0,5.0,0.189,0.317,0.274,0.302,0.358,0.284,0.444,89.2
668909,Gavin Williams,CLE,ST,1406,0.241,87.1,2289.0,0.485,0.365,206.0,29.0,6.0,0.154,0.282,0.23,0.23,0.471,0.437,0.308,86.2
668909,Gavin Williams,CLE,CU,1298,0.222,82.3,2461.0,0.425,0.317,161.0,32.0,7.0,0.208,0.37,0.273,0.273,0.304,0.297,0.485,89.5
668909,Gavin Williams,CLE,SI,650,0.111,96.6,2052.0,0.445,0.21,117.0,33.0,6.0,0.311,0.528,0.399,0.412,0.154,0.142,0.621,93.9
668909,Gavin Williams,CLE,FC,582,0.1,91.9,2270.0,0.505,0.237,49.0,11.0,3.0,0.262,0.619,0.419,0.4,0.143,0.233,0.429,88.7
664129,Geoff Hartlieb,ATH,SL,203,0.406,85.0,2485.0,0.458,0.349,35.0,6.0,1.0,0.182,0.303,0.216,0.2,0.371,0.42,0.381,88.1
664129,Geoff Hartlieb,ATH,FF,155,0.31,95.3,2326.0,0.445,0.235,36.0,7.0,0.0,0.259,0.333,0.35,0.363,0.139,0.143,0.391,92.3
664129,Geoff Hartlieb,ATH,SI,78,0.156,93.9,2319.0,0.526,0.436,21.0,8.0,0.0,0.4,0.55,0.426,0.287,0.048,0.294,0.368,87.8
664129,Geoff Hartlieb,ATH,FC,64,0.128,91.4,2449.0,0.531,0.276,20.0,5.0,0.0,0.294,0.412,0.33,0.361,0.05,0.118,0.588,92.6
669923,George Kirby,SEA,FF,1385,0.286,96.5,2272.0,0.574,0.347,227.0,52.0,9.0,0.25,0.423,0.324,0.33,0.198,0.207,0.404,90.9
669923,George Kirby,SEA,ST,1369,0.282,87.3,2377.0,0.467,0.354,205.0,48.0,4.0,0.247,0.376,0.293,0.285,0.273,0.264,0.343,87.6
669923,George Kirby,SEA,SI,1135,0.234,96.6,2282.0,0.481,0.216,166.0,50.0,2.0,0.329,0.434,0.359,0.293,0.145,0.116,0.438,88.7
669923,George Kirby,SEA,KC,517,0.107,84.2,2371.0,0.495,0.406,61.0,25.0,1.0,0.431,0.586,0.467,0.32,0.164,0.221,0.5,91.9
669923,George Kirby,SEA,CH,192,0.04,88.5,1559.0,0.453,0.228,37.0,8.0,2.0,0.242,0.515,0.382,0.373,0.189,0.269,0.462,87.6
669923,George Kirby,SEA,FS,130,0.027,86.7,1001.0,0.508,0.307,20.0,7.0,3.0,0.35,0.9,0.515,0.439,0.2,0.229,0.312,87.6
669923,George Kirby,SEA,FC,116,0.024,92.9,2300.0,0.474,0.262,24.0,6.0,1.0,0.273,0.5,0.358,0.382,0.0,0.273,0.318,83.9
691946,George Klassen,LAA,FF,187,0.381,96.4,2319.0,0.417,0.185,46.0,9.0,0.0,0.265,0.353,0.386,0.4,0.109,0.179,0.4,89.2
691946,George Klassen,LAA,SL,154,0.314,90.7,2283.0,0.526,0.391,42.0,4.0,1.0,0.105,0.184,0.221,0.252,0.405,0.432,0.455,87.4
691946,George Klassen,LAA,CH,84,0.171,87.0,1522.0,0.488,0.239,19.0,7.0,1.0,0.389,0.611,0.445,0.384,0.053,0.244,0.412,86.5
691946,George Klassen,LAA,SI,45,0.092,96.6,2298.0,0.378,0.143,14.0,1.0,0.0,0.125,0.125,0.364,0.468,0.0,0.118,0.75,97.6
691946,George Klassen,LAA,CU,21,0.043,85.2,2448.0,0.333,0.0,,,,,,,,,,,
666277,George Soriano,STL,CH,572,0.306,89.4,1586.0,0.509,0.37,106.0,18.0,3.0,0.191,0.319,0.271,0.231,0.387,0.337,0.259,86.3
666277,George Soriano,STL,FF,464,0.249,96.4,2170.0,0.474,0.226,84.0,17.0,1.0,0.239,0.366,0.327,0.381,0.095,0.147,0.484,89.2
666277,George Soriano,STL,SL,383,0.205,88.0,2618.0,0.465,0.337,50.0,9.0,1.0,0.22,0.341,0.328,0.336,0.16,0.365,0.412,90.7
666277,George Soriano,STL,SI,213,0.114,95.8,2194.0,0.385,0.237,25.0,9.0,4.0,0.474,1.158,0.626,0.597,0.0,0.054,0.476,94.4
666277,George Soriano,STL,ST,209,0.112,85.5,2833.0,0.474,0.368,21.0,4.0,1.0,0.2,0.4,0.274,0.252,0.381,0.41,0.333,86.8
672629,Gerardo Carrillo,AZ,FC,92,0.287,92.9,2381.0,0.37,0.125,25.0,5.0,0.0,0.333,0.467,0.516,0.401,0.04,0.088,0.385,88.5
672629,Gerardo Carrillo,AZ,FS,81,0.253,84.3,875.0,0.42,0.31,24.0,2.0,0.0,0.091,0.182,0.162,0.148,0.542,0.529,0.111,85.5
672629,Gerardo Carrillo,AZ,SI,68,0.212,96.9,2218.0,0.324,0.152,13.0,2.0,0.0,0.2,0.2,0.3,0.341,0.0,0.091,0.2,90.1
672629,Gerardo Carrillo,AZ,ST,38,0.119,86.8,2811.0,0.5,0.421,12.0,2.0,0.0,0.182,0.273,0.238,0.333,0.417,0.421,0.333,80.2
672629,Gerardo Carrillo,AZ,FF,34,0.106,96.9,2279.0,0.412,0.238,,,,,,,,,,,
608566,Germán Márquez,SD,FF,1087,0.361,94.8,2191.0,0.465,0.181,93.0,20.0,4.0,0.274,0.493,0.403,0.434,0.129,0.113,0.541,91.7
608566,Germán Márquez,SD,KC,959,0.318,85.5,2635.0,0.502,0.336,71.0,18.0,5.0,0.265,0.559,0.373,0.356,0.225,0.253,0.442,90.1
608566,Germán Márquez,SD,SI,541,0.18,94.2,2149.0,0.508,0.236,37.0,8.0,2.0,0.25,0.469,0.388,0.303,0.0,0.044,0.303,83.2
608566,Germán Márquez,SD,SL,337,0.112,88.4,2327.0,0.448,0.315,32.0,7.0,2.0,0.219,0.406,0.294,0.224,0.25,0.328,0.333,83.2
608566,Germán Márquez,SD,CH,79,0.026,88.0,1629.0,0.241,0.109,,,,,,,,,,,
543037,Gerrit Cole,NYY,FF,945,0.484,96.8,2322.0,0.498,0.27,253.0,54.0,11.0,0.226,0.41,0.298,0.295,0.312,0.191,0.494,93.5
543037,Gerrit Cole,NYY,SL,384,0.197,89.5,2498.0,0.516,0.295,100.0,20.0,3.0,0.208,0.365,0.269,0.273,0.23,0.247,0.389,89.0
543037,Gerrit Cole,NYY,KC,271,0.139,83.3,2816.0,0.413,0.304,67.0,18.0,4.0,0.286,0.54,0.37,0.318,0.179,0.196,0.49,90.7
543037,Gerrit Cole,NYY,CH,248,0.127,86.0,1929.0,0.492,0.314,68.0,15.0,3.0,0.224,0.388,0.268,0.263,0.206,0.197,0.264,84.4
543037,Gerrit Cole,NYY,SI,68,0.035,96.0,2315.0,0.441,0.31,19.0,6.0,0.0,0.4,0.467,0.45,0.54,0.053,0.067,0.571,91.8
700669,Gordon Graceffo,STL,FF,774,0.398,95.5,2063.0,0.483,0.251,111.0,19.0,3.0,0.2,0.337,0.291,0.398,0.117,0.092,0.602,95.6
700669,Gordon Graceffo,STL,SL,580,0.298,88.3,2385.0,0.5,0.327,110.0,22.0,1.0,0.227,0.34,0.273,0.278,0.255,0.296,0.37,89.0
700669,Gordon Graceffo,STL,CU,295,0.152,83.3,2688.0,0.383,0.227,24.0,2.0,1.0,0.1,0.25,0.238,0.416,0.25,0.121,0.357,91.1
700669,Gordon Graceffo,STL,CH,176,0.09,88.0,1349.0,0.42,0.27,37.0,2.0,0.0,0.057,0.086,0.096,0.169,0.216,0.222,0.333,87.0
700669,Gordon Graceffo,STL,SI,93,0.048,94.9,1983.0,0.366,0.288,23.0,4.0,0.0,0.235,0.294,0.38,0.315,0.174,0.129,0.071,70.7
700669,Gordon Graceffo,STL,FC,16,0.008,91.4,2242.0,0.75,0.75,,,,,,,,,,,
668933,Graham Ashcraft,CIN,FC,880,0.541,97.3,2583.0,0.459,0.295,72.0,19.0,0.0,0.358,0.472,0.458,0.4,0.097,0.191,0.388,87.6
668933,Graham Ashcraft,CIN,SL,744,0.458,90.1,2931.0,0.505,0.438,64.0,7.0,2.0,0.115,0.23,0.185,0.177,0.484,0.393,0.312,86.6
681982,Grant Anderson,MIL,ST,779,0.372,80.7,2663.0,0.462,0.33,78.0,13.0,1.0,0.173,0.293,0.218,0.198,0.359,0.399,0.255,83.0
681982,Grant Anderson,MIL,FF,706,0.337,93.5,2431.0,0.528,0.29,87.0,16.0,5.0,0.208,0.494,0.337,0.29,0.23,0.166,0.421,90.2
681982,Grant Anderson,MIL,SI,509,0.243,93.2,2278.0,0.432,0.202,59.0,11.0,1.0,0.22,0.36,0.32,0.313,0.051,0.092,0.417,88.8
681982,Grant Anderson,MIL,CH,79,0.038,86.6,1670.0,0.544,0.312,,,,,,,,,,,
680880,Grant Holman,PHI,FF,196,0.478,94.6,1970.0,0.413,0.165,,,,,,,,,,,
680880,Grant Holman,PHI,FS,161,0.393,87.2,1116.0,0.571,0.396,,,,,,,,,,,
680880,Grant Holman,PHI,SL,52,0.127,86.6,2085.0,0.365,0.212,,,,,,,,,,,
656550,Grant Holmes,ATL,SL,1551,0.361,85.4,2779.0,0.536,0.402,246.0,47.0,8.0,0.211,0.359,0.28,0.308,0.301,0.392,0.411,89.9
656550,Grant Holmes,ATL,FF,1307,0.304,94.3,2322.0,0.435,0.173,176.0,39.0,9.0,0.262,0.483,0.366,0.384,0.097,0.118,0.481,91.3
656550,Grant Holmes,ATL,FC,491,0.114,92.1,2498.0,0.483,0.232,51.0,15.0,3.0,0.349,0.605,0.471,0.414,0.0,0.143,0.349,89.8
656550,Grant Holmes,ATL,CU,478,0.111,83.3,2859.0,0.49,0.365,52.0,12.0,0.0,0.235,0.275,0.235,0.245,0.327,0.347,0.382,89.5
656550,Grant Holmes,ATL,SI,274,0.064,93.1,2247.0,0.412,0.217,60.0,15.0,1.0,0.278,0.426,0.346,0.404,0.0,0.133,0.618,95.4
656550,Grant Holmes,ATL,CH,191,0.044,89.4,1585.0,0.435,0.242,38.0,5.0,0.0,0.143,0.171,0.188,0.253,0.132,0.225,0.355,87.8
691799,Grant Taylor,CWS,FF,914,0.474,98.3,2373.0,0.507,0.316,156.0,32.0,5.0,0.234,0.401,0.326,0.298,0.333,0.237,0.517,91.6
691799,Grant Taylor,CWS,CU,489,0.253,84.2,2508.0,0.362,0.295,79.0,12.0,1.0,0.164,0.219,0.208,0.276,0.354,0.325,0.511,89.8
691799,Grant Taylor,CWS,SL,253,0.131,89.6,2629.0,0.494,0.32,55.0,10.0,1.0,0.189,0.264,0.215,0.215,0.364,0.33,0.333,91.3
691799,Grant Taylor,CWS,SI,164,0.085,98.9,2305.0,0.482,0.297,38.0,4.0,0.0,0.125,0.156,0.214,0.225,0.079,0.177,0.1,80.6
691799,Grant Taylor,CWS,FC,106,0.055,95.3,2572.0,0.5,0.326,,,,,,,,,,,
664991,Grant Wolfram,BAL,SI,560,0.394,95.9,2253.0,0.493,0.329,93.0,27.0,1.0,0.321,0.429,0.391,0.335,0.194,0.134,0.328,86.3
664991,Grant Wolfram,BAL,FF,289,0.204,95.5,2313.0,0.491,0.293,52.0,9.0,1.0,0.209,0.395,0.318,0.313,0.25,0.26,0.4,89.2
664991,Grant Wolfram,BAL,SL,230,0.162,86.9,2317.0,0.483,0.23,25.0,5.0,1.0,0.217,0.435,0.3,0.258,0.28,0.362,0.353,80.7
664991,Grant Wolfram,BAL,CU,214,0.151,85.0,2427.0,0.458,0.373,30.0,9.0,0.0,0.321,0.5,0.371,0.251,0.4,0.306,0.444,85.7
664991,Grant Wolfram,BAL,ST,107,0.075,85.9,2503.0,0.327,0.207,18.0,2.0,0.0,0.118,0.118,0.139,0.114,0.5,0.4,0.375,84.8
680570,Grayson Rodriguez,LAA,FF,860,0.514,96.1,2260.0,0.508,0.235,227.0,60.0,10.0,0.303,0.53,0.39,0.383,0.167,0.126,0.546,93.0
680570,Grayson Rodriguez,LAA,CH,432,0.258,83.2,1750.0,0.5,0.317,107.0,23.0,1.0,0.237,0.34,0.305,0.29,0.262,0.31,0.319,86.1
680570,Grayson Rodriguez,LAA,CU,191,0.114,80.8,2659.0,0.356,0.268,32.0,9.0,1.0,0.321,0.536,0.414,0.392,0.156,0.25,0.375,88.7
680570,Grayson Rodriguez,LAA,SL,184,0.11,85.0,2385.0,0.527,0.346,54.0,14.0,3.0,0.298,0.532,0.389,0.355,0.222,0.33,0.324,86.9
669711,Greg Weissert,BOS,FF,641,0.313,94.1,2329.0,0.594,0.33,80.0,15.0,3.0,0.2,0.347,0.271,0.24,0.275,0.209,0.308,84.8
669711,Greg Weissert,BOS,SI,628,0.307,93.9,2142.0,0.428,0.277,96.0,22.0,3.0,0.25,0.42,0.321,0.321,0.156,0.09,0.329,87.5
669711,Greg Weissert,BOS,SL,253,0.124,85.6,2563.0,0.395,0.215,12.0,4.0,1.0,0.364,0.727,0.479,0.52,0.167,0.103,0.333,92.3
669711,Greg Weissert,BOS,CH,231,0.113,85.6,1604.0,0.524,0.413,33.0,8.0,1.0,0.267,0.367,0.325,0.24,0.394,0.405,0.25,85.0
669711,Greg Weissert,BOS,ST,220,0.107,81.7,2906.0,0.377,0.209,22.0,5.0,0.0,0.25,0.25,0.236,0.287,0.273,0.373,0.2,80.5
669711,Greg Weissert,BOS,CU,65,0.032,81.4,2748.0,0.323,0.25,,,,,,,,,,,
666619,Gregory Santos,SF,SL,125,0.553,88.7,2504.0,0.448,0.135,,,,,,,,,,,
666619,Gregory Santos,SF,SI,80,0.354,97.2,2358.0,0.4,0.103,10.0,2.0,0.0,0.222,0.333,0.285,0.423,0.0,0.0,0.667,91.1
642397,Gregory Soto,PIT,SI,982,0.453,96.7,2312.0,0.394,0.226,99.0,23.0,2.0,0.288,0.45,0.421,0.396,0.04,0.101,0.39,85.9
642397,Gregory Soto,PIT,SL,656,0.303,84.9,2510.0,0.492,0.37,70.0,8.0,0.0,0.123,0.169,0.168,0.156,0.471,0.433,0.125,80.2
642397,Gregory Soto,PIT,ST,257,0.119,83.1,2584.0,0.502,0.406,57.0,9.0,1.0,0.167,0.278,0.217,0.171,0.561,0.442,0.318,83.8
642397,Gregory Soto,PIT,FF,255,0.118,97.1,2316.0,0.482,0.275,50.0,7.0,2.0,0.171,0.39,0.335,0.298,0.18,0.133,0.438,90.2
656288,Griffin Canning,SD,FF,834,0.295,94.3,2167.0,0.39,0.196,83.0,18.0,5.0,0.269,0.507,0.401,0.415,0.229,0.194,0.542,92.8
656288,Griffin Canning,SD,SL,755,0.267,87.8,2757.0,0.482,0.316,79.0,20.0,1.0,0.274,0.37,0.304,0.256,0.392,0.379,0.512,91.2
656288,Griffin Canning,SD,CH,679,0.24,89.9,1491.0,0.542,0.328,116.0,29.0,3.0,0.274,0.406,0.331,0.284,0.172,0.231,0.414,90.6
656288,Griffin Canning,SD,KC,214,0.076,81.8,2533.0,0.407,0.294,30.0,6.0,2.0,0.222,0.444,0.323,0.316,0.267,0.263,0.211,82.0
656288,Griffin Canning,SD,SI,144,0.051,93.8,2118.0,0.396,0.118,43.0,10.0,2.0,0.294,0.471,0.405,0.421,0.07,0.0,0.531,89.6
656288,Griffin Canning,SD,FC,138,0.049,89.9,2450.0,0.391,0.227,19.0,6.0,1.0,0.375,0.75,0.545,0.41,0.0,0.242,0.333,87.1
656288,Griffin Canning,SD,ST,59,0.021,86.3,2846.0,0.356,0.257,,,,,,,,,,,
643377,Griffin Jax,TB,ST,902,0.324,87.7,3064.0,0.433,0.335,85.0,16.0,4.0,0.222,0.417,0.305,0.332,0.259,0.323,0.389,86.9
643377,Griffin Jax,TB,CH,623,0.224,91.4,1846.0,0.589,0.461,120.0,25.0,1.0,0.223,0.277,0.286,0.263,0.367,0.396,0.437,86.9
643377,Griffin Jax,TB,SI,501,0.18,95.6,2510.0,0.505,0.335,130.0,30.0,4.0,0.263,0.421,0.35,0.325,0.131,0.097,0.337,85.4
643377,Griffin Jax,TB,FF,497,0.178,96.3,2515.0,0.491,0.3,72.0,16.0,4.0,0.25,0.484,0.349,0.35,0.25,0.258,0.457,92.4
643377,Griffin Jax,TB,CU,148,0.053,84.9,3018.0,0.358,0.309,28.0,4.0,0.0,0.143,0.179,0.141,0.245,0.5,0.412,0.4,92.4
643377,Griffin Jax,TB,FC,94,0.034,93.1,2684.0,0.479,0.25,14.0,4.0,2.0,0.308,0.769,0.464,0.661,0.0,0.125,0.462,90.8
681402,Gus Varland,WSH,FF,328,0.575,95.1,2308.0,0.497,0.323,87.0,26.0,2.0,0.347,0.56,0.423,0.4,0.184,0.19,0.557,93.5
681402,Gus Varland,WSH,SL,224,0.393,87.6,2209.0,0.491,0.325,59.0,15.0,4.0,0.283,0.585,0.388,0.377,0.22,0.209,0.429,89.2
696146,Hagen Smith,CWS,FF,218,0.483,93.8,2403.0,0.376,0.245,44.0,6.0,0.0,0.171,0.2,0.274,0.308,0.25,0.256,0.375,87.7
696146,Hagen Smith,CWS,SL,139,0.308,83.1,2412.0,0.518,0.391,45.0,4.0,1.0,0.095,0.19,0.159,0.169,0.467,0.431,0.333,85.8
696146,Hagen Smith,CWS,FC,83,0.184,88.5,2468.0,0.386,0.238,12.0,0.0,0.0,0.0,0.0,0.175,0.311,0.5,0.375,0.25,91.7
696522,Hayden Juenger,ATH,FF,102,0.349,94.6,2357.0,0.461,0.294,24.0,7.0,0.0,0.368,0.474,0.438,0.547,0.0,0.106,0.579,93.7
696522,Hayden Juenger,ATH,SL,65,0.223,88.0,2358.0,0.508,0.353,19.0,8.0,0.0,0.471,0.647,0.434,0.274,0.053,0.121,0.278,88.7
696522,Hayden Juenger,ATH,FC,63,0.216,91.1,2364.0,0.413,0.121,17.0,4.0,0.0,0.333,0.5,0.5,0.42,0.059,0.077,0.25,83.3
696522,Hayden Juenger,ATH,CH,62,0.212,88.5,2321.0,0.468,0.341,21.0,5.0,0.0,0.25,0.3,0.264,0.228,0.19,0.207,0.25,82.3
669713,Hayden Wesneski,HOU,FF,387,0.292,93.6,2235.0,0.519,0.23,61.0,14.0,1.0,0.255,0.345,0.305,0.374,0.148,0.097,0.5,92.1
669713,Hayden Wesneski,HOU,ST,363,0.274,82.0,2767.0,0.413,0.347,54.0,7.0,0.0,0.149,0.213,0.208,0.248,0.333,0.351,0.258,79.6
669713,Hayden Wesneski,HOU,SI,202,0.152,92.3,2028.0,0.53,0.362,39.0,9.0,0.0,0.25,0.417,0.338,0.301,0.051,0.101,0.471,88.2
669713,Hayden Wesneski,HOU,FC,191,0.144,89.1,2448.0,0.518,0.299,42.0,9.0,3.0,0.25,0.583,0.396,0.318,0.143,0.216,0.367,88.5
669713,Hayden Wesneski,HOU,CH,132,0.1,86.2,1647.0,0.462,0.354,22.0,4.0,0.0,0.182,0.182,0.205,0.227,0.273,0.333,0.312,84.1
669713,Hayden Wesneski,HOU,CU,49,0.037,76.9,2675.0,0.408,0.308,,,,,,,,,,,
571948,Hoby Milner,SEA,SI,639,0.354,87.2,1937.0,0.443,0.262,64.0,20.0,3.0,0.333,0.567,0.402,0.425,0.078,0.128,0.466,89.9
571948,Hoby Milner,SEA,ST,585,0.324,78.2,1811.0,0.366,0.18,36.0,3.0,1.0,0.094,0.219,0.184,0.233,0.194,0.181,0.269,86.1
571948,Hoby Milner,SEA,CH,311,0.172,80.9,1611.0,0.469,0.351,30.0,8.0,1.0,0.296,0.407,0.323,0.388,0.133,0.16,0.375,87.8
571948,Hoby Milner,SEA,FF,254,0.141,87.6,1975.0,0.555,0.277,33.0,8.0,0.0,0.286,0.393,0.356,0.313,0.152,0.111,0.391,85.5
663687,Hogan Harris,ATH,FF,1450,0.587,94.4,2320.0,0.458,0.221,192.0,34.0,3.0,0.212,0.306,0.309,0.294,0.286,0.192,0.33,87.4
663687,Hogan Harris,ATH,CU,608,0.246,73.8,2645.0,0.431,0.304,90.0,17.0,3.0,0.218,0.346,0.304,0.304,0.322,0.299,0.367,85.4
663687,Hogan Harris,ATH,CH,201,0.081,82.5,2118.0,0.403,0.186,,,,,,,,,,,
663687,Hogan Harris,ATH,SL,102,0.041,85.4,2101.0,0.333,0.147,12.0,3.0,0.0,0.273,0.273,0.283,0.207,0.167,0.286,0.0,79.4
663687,Hogan Harris,ATH,FC,44,0.018,90.0,2237.0,0.341,0.207,,,,,,,,,,,
663687,Hogan Harris,ATH,ST,35,0.014,78.2,2436.0,0.486,0.25,,,,,,,,,,,
623211,Huascar Brazobán,CWS,SI,885,0.435,96.3,2273.0,0.47,0.315,131.0,23.0,3.0,0.205,0.357,0.32,0.334,0.107,0.181,0.364,86.5
623211,Huascar Brazobán,CWS,CH,780,0.384,90.8,2023.0,0.512,0.355,100.0,15.0,1.0,0.169,0.258,0.247,0.231,0.28,0.328,0.19,82.6
623211,Huascar Brazobán,CWS,FF,191,0.094,96.6,2219.0,0.492,0.236,19.0,3.0,1.0,0.176,0.471,0.311,0.299,0.368,0.143,0.4,94.2
623211,Huascar Brazobán,CWS,FC,122,0.06,91.1,2342.0,0.393,0.232,,,,,,,,,,,
623211,Huascar Brazobán,CWS,SL,41,0.02,87.4,2314.0,0.537,0.318,,,,,,,,,,,
682995,Hunter Barco,PIT,FF,153,0.385,94.0,2355.0,0.425,0.225,31.0,10.0,2.0,0.37,0.63,0.463,0.432,0.194,0.113,0.524,93.6
682995,Hunter Barco,PIT,SL,96,0.242,82.4,2192.0,0.375,0.254,18.0,5.0,1.0,0.333,0.733,0.486,0.347,0.111,0.167,0.154,83.6
682995,Hunter Barco,PIT,SI,69,0.174,93.5,2090.0,0.42,0.179,21.0,4.0,1.0,0.25,0.5,0.374,0.372,0.143,0.103,0.467,89.9
682995,Hunter Barco,PIT,CH,30,0.076,85.8,1917.0,0.3,0.1,,,,,,,,,,,
682995,Hunter Barco,PIT,FS,28,0.071,85.1,712.0,0.357,0.19,,,,,,,,,,,
682995,Hunter Barco,PIT,ST,21,0.053,82.7,2364.0,0.476,0.286,,,,,,,,,,,
685801,Hunter Bigge,TB,FF,266,0.484,96.9,2390.0,0.474,0.238,46.0,7.0,1.0,0.179,0.256,0.267,0.297,0.13,0.157,0.364,88.9
685801,Hunter Bigge,TB,SL,232,0.422,88.9,2345.0,0.47,0.29,30.0,6.0,0.0,0.261,0.478,0.408,0.356,0.2,0.345,0.389,90.9
685801,Hunter Bigge,TB,CU,20,0.036,81.2,2338.0,0.45,0.273,,,,,,,,,,,
685801,Hunter Bigge,TB,FS,18,0.033,87.7,1280.0,0.333,0.214,,,,,,,,,,,
686613,Hunter Brown,HOU,FF,1658,0.349,96.4,2262.0,0.41,0.225,103.0,14.0,3.0,0.156,0.278,0.251,0.223,0.359,0.223,0.5,92.1
686613,Hunter Brown,HOU,SI,1215,0.256,95.8,2160.0,0.466,0.363,140.0,23.0,4.0,0.2,0.322,0.329,0.302,0.193,0.19,0.261,79.3
686613,Hunter Brown,HOU,KC,864,0.182,83.5,2558.0,0.434,0.318,96.0,22.0,1.0,0.242,0.297,0.261,0.242,0.406,0.366,0.462,89.8
686613,Hunter Brown,HOU,CH,516,0.109,88.0,1492.0,0.438,0.284,39.0,9.0,1.0,0.29,0.516,0.438,0.438,0.128,0.397,0.417,88.1
686613,Hunter Brown,HOU,SL,415,0.087,91.1,2217.0,0.472,0.276,46.0,11.0,2.0,0.268,0.415,0.359,0.297,0.217,0.192,0.258,83.9
686613,Hunter Brown,HOU,FC,65,0.014,93.2,2312.0,0.4,0.2,,,,,,,,,,,
690928,Hunter Dobbins,STL,FF,677,0.362,95.1,2374.0,0.473,0.261,71.0,21.0,1.0,0.368,0.491,0.439,0.395,0.169,0.146,0.478,88.9
690928,Hunter Dobbins,STL,SL,410,0.219,87.7,2596.0,0.451,0.235,31.0,5.0,1.0,0.172,0.379,0.26,0.32,0.194,0.185,0.348,88.9
690928,Hunter Dobbins,STL,ST,233,0.125,81.7,2653.0,0.476,0.296,40.0,9.0,3.0,0.231,0.513,0.32,0.199,0.3,0.246,0.259,86.6
690928,Hunter Dobbins,STL,CU,218,0.117,79.0,2531.0,0.45,0.362,28.0,5.0,1.0,0.2,0.36,0.288,0.264,0.357,0.372,0.2,83.1
690928,Hunter Dobbins,STL,FS,190,0.102,89.1,1875.0,0.411,0.262,25.0,3.0,1.0,0.13,0.304,0.222,0.252,0.24,0.273,0.294,87.9
690928,Hunter Dobbins,STL,SI,135,0.072,94.5,2210.0,0.393,0.214,36.0,6.0,0.0,0.194,0.194,0.272,0.313,0.167,0.146,0.6,92.2
683769,Hunter Gaddis,CLE,SL,1042,0.519,89.1,2291.0,0.512,0.351,127.0,24.0,3.0,0.216,0.324,0.287,0.305,0.236,0.307,0.259,83.4
683769,Hunter Gaddis,CLE,FF,618,0.308,94.9,2284.0,0.589,0.387,88.0,21.0,3.0,0.273,0.429,0.344,0.328,0.17,0.172,0.429,87.0
683769,Hunter Gaddis,CLE,CH,329,0.164,79.3,2169.0,0.359,0.21,31.0,6.0,0.0,0.2,0.2,0.197,0.238,0.323,0.379,0.0,80.2
668881,Hunter Greene,CIN,FF,1184,0.537,99.2,2429.0,0.57,0.28,59.0,10.0,2.0,0.192,0.346,0.315,0.342,0.203,0.142,0.537,92.7
668881,Hunter Greene,CIN,SL,756,0.343,89.5,2410.0,0.509,0.382,35.0,11.0,2.0,0.344,0.625,0.416,0.337,0.4,0.45,0.579,91.5
668881,Hunter Greene,CIN,FS,234,0.106,88.1,1305.0,0.385,0.245,15.0,2.0,0.0,0.133,0.133,0.12,0.096,0.467,0.286,0.125,82.4
668881,Hunter Greene,CIN,SI,28,0.013,98.3,2296.0,0.75,0.5,11.0,6.0,0.0,0.545,0.636,0.523,0.501,0.0,0.143,0.273,84.7
640451,Hunter Harvey,CHC,FF,127,0.523,96.3,2072.0,0.528,0.271,,,,,,,,,,,
640451,Hunter Harvey,CHC,FS,59,0.243,88.4,1086.0,0.441,0.333,,,,,,,,,,,
640451,Hunter Harvey,CHC,SL,38,0.156,86.7,2331.0,0.421,0.217,,,,,,,,,,,
640451,Hunter Harvey,CHC,CU,19,0.078,81.5,2067.0,0.526,0.4,,,,,,,,,,,
676702,Hunter Stratton,PIT,FF,185,0.464,96.1,2503.0,0.562,0.25,,,,,,,,,,,
676702,Hunter Stratton,PIT,SL,117,0.293,84.9,2679.0,0.496,0.306,,,,,,,,,,,
676702,Hunter Stratton,PIT,FC,84,0.211,93.4,2550.0,0.524,0.375,,,,,,,,,,,
694462,Hurston Waldrep,ATL,FS,320,0.29,86.4,766.0,0.487,0.315,12.0,2.0,1.0,0.2,0.5,0.358,0.357,0.167,0.312,0.125,84.3
694462,Hurston Waldrep,ATL,SI,245,0.222,95.4,2166.0,0.388,0.239,24.0,7.0,0.0,0.389,0.389,0.438,0.353,0.042,0.062,0.412,91.0
694462,Hurston Waldrep,ATL,FC,219,0.199,92.8,2283.0,0.466,0.107,,,,,,,,,,,
694462,Hurston Waldrep,ATL,CU,139,0.126,82.3,2280.0,0.309,0.179,,,,,,,,,,,
694462,Hurston Waldrep,ATL,SL,131,0.119,86.7,2249.0,0.473,0.254,,,,,,,,,,,
694462,Hurston Waldrep,ATL,FF,23,0.021,95.2,2210.0,0.522,0.0,,,,,,,,,,,
641656,Ian Hamilton,ATL,SI,324,0.441,94.8,2191.0,0.451,0.25,,,,,,,,,,,
641656,Ian Hamilton,ATL,SL,301,0.41,87.7,1522.0,0.518,0.388,16.0,4.0,0.0,0.286,0.429,0.469,0.319,0.188,0.321,0.455,91.2
641656,Ian Hamilton,ATL,FF,108,0.147,95.2,2232.0,0.509,0.232,,,,,,,,,,,
693855,Ian Seymour,TB,CH,912,0.296,83.5,1651.0,0.536,0.381,186.0,34.0,7.0,0.193,0.358,0.261,0.257,0.366,0.358,0.382,86.0
693855,Ian Seymour,TB,FF,881,0.286,91.5,2183.0,0.54,0.333,146.0,27.0,5.0,0.211,0.406,0.319,0.294,0.315,0.218,0.388,90.2
693855,Ian Seymour,TB,ST,464,0.151,81.6,2173.0,0.515,0.312,90.0,18.0,7.0,0.214,0.524,0.346,0.283,0.3,0.294,0.321,85.7
693855,Ian Seymour,TB,SI,388,0.126,90.1,1971.0,0.381,0.225,73.0,21.0,4.0,0.323,0.554,0.409,0.384,0.068,0.083,0.361,85.0
693855,Ian Seymour,TB,FC,225,0.073,88.2,2152.0,0.462,0.186,,,,,,,,,,,
693855,Ian Seymour,TB,SL,158,0.051,83.1,2121.0,0.551,0.338,32.0,11.0,2.0,0.355,0.645,0.439,0.299,0.281,0.293,0.348,83.7
693855,Ian Seymour,TB,CU,30,0.01,73.6,1961.0,0.233,0.056,,,,,,,,,,,
676755,Isaac Mattson,PIT,FF,1123,0.742,94.0,2363.0,0.508,0.277,126.0,28.0,1.0,0.259,0.38,0.338,0.377,0.183,0.163,0.529,91.5
676755,Isaac Mattson,PIT,CH,164,0.108,86.0,1504.0,0.433,0.248,10.0,3.0,0.0,0.3,0.4,0.305,0.326,0.2,0.143,0.5,84.6
676755,Isaac Mattson,PIT,SL,156,0.103,84.8,2157.0,0.538,0.365,21.0,9.0,1.0,0.429,0.762,0.505,0.388,0.238,0.25,0.562,87.7
676755,Isaac Mattson,PIT,ST,53,0.035,83.0,2326.0,0.528,0.231,19.0,4.0,1.0,0.235,0.412,0.321,0.357,0.263,0.25,0.417,92.6
641585,J. P. France,HOU,FC,57,0.295,86.3,2762.0,0.509,0.227,,,,,,,,,,,
641585,J. P. France,HOU,FF,53,0.275,92.4,2411.0,0.264,0.1,10.0,2.0,0.0,0.333,0.333,0.46,0.425,0.1,0.0,0.4,94.0
641585,J. P. France,HOU,CU,47,0.244,76.5,2591.0,0.426,0.267,,,,,,,,,,,
641585,J. P. France,HOU,CH,22,0.114,86.0,2059.0,0.5,0.25,,,,,,,,,,,
669372,J. T. Ginn,ATH,SI,1616,0.429,93.4,1932.0,0.419,0.25,234.0,45.0,6.0,0.225,0.345,0.31,0.319,0.226,0.199,0.373,87.8
669372,J. T. Ginn,ATH,SL,745,0.198,85.9,2254.0,0.468,0.33,80.0,22.0,3.0,0.278,0.443,0.315,0.253,0.275,0.323,0.386,86.3
669372,J. T. Ginn,ATH,CH,583,0.155,88.0,1502.0,0.523,0.386,118.0,20.0,0.0,0.185,0.241,0.241,0.228,0.229,0.329,0.253,82.4
669372,J. T. Ginn,ATH,FC,566,0.15,90.9,2101.0,0.412,0.221,75.0,15.0,4.0,0.246,0.508,0.369,0.427,0.053,0.205,0.373,86.7
669372,J. T. Ginn,ATH,FF,246,0.065,93.5,2039.0,0.411,0.204,70.0,12.0,4.0,0.214,0.446,0.362,0.379,0.186,0.168,0.395,89.8
681252,Jack Anderson,MIN,FF,60,0.33,90.8,2112.0,0.467,0.15,17.0,4.0,0.0,0.267,0.333,0.315,0.396,0.118,0.0,0.615,89.2
681252,Jack Anderson,MIN,FS,42,0.231,81.8,613.0,0.643,0.45,13.0,1.0,0.0,0.083,0.083,0.123,0.169,0.462,0.333,0.167,79.7
681252,Jack Anderson,MIN,SL,40,0.22,84.0,2190.0,0.475,0.32,,,,,,,,,,,
681252,Jack Anderson,MIN,ST,28,0.154,80.0,2263.0,0.643,0.545,10.0,2.0,0.0,0.2,0.2,0.18,0.17,0.2,0.278,0.0,79.9
676263,Jack Dreyer,LAD,FF,982,0.454,93.3,2429.0,0.483,0.27,114.0,20.0,4.0,0.208,0.365,0.314,0.305,0.316,0.243,0.508,89.1
676263,Jack Dreyer,LAD,SL,886,0.409,88.3,2374.0,0.551,0.312,108.0,24.0,3.0,0.233,0.369,0.296,0.294,0.259,0.303,0.347,86.4
676263,Jack Dreyer,LAD,CU,264,0.122,80.1,2545.0,0.341,0.262,27.0,2.0,0.0,0.077,0.077,0.126,0.216,0.259,0.226,0.4,90.5
656427,Jack Flaherty,DET,FF,2133,0.476,92.8,2260.0,0.457,0.198,200.0,38.0,5.0,0.225,0.391,0.324,0.333,0.26,0.181,0.533,92.4
656427,Jack Flaherty,DET,SL,1066,0.238,85.0,2433.0,0.446,0.303,101.0,25.0,4.0,0.281,0.494,0.372,0.326,0.238,0.296,0.455,86.7
656427,Jack Flaherty,DET,KC,1039,0.232,77.9,2393.0,0.479,0.398,68.0,15.0,2.0,0.25,0.433,0.377,0.302,0.368,0.362,0.333,85.8
656427,Jack Flaherty,DET,SI,118,0.026,90.8,2066.0,0.356,0.226,14.0,2.0,0.0,0.167,0.25,0.204,0.252,0.0,0.208,0.308,88.5
656427,Jack Flaherty,DET,CH,114,0.025,85.7,1785.0,0.246,0.19,,,,,,,,,,,
686799,Jack Kochanowicz,LAA,SI,1298,0.435,95.6,2137.0,0.478,0.271,120.0,30.0,3.0,0.288,0.394,0.353,0.379,0.092,0.165,0.546,92.6
686799,Jack Kochanowicz,LAA,FF,592,0.198,95.8,2264.0,0.465,0.257,68.0,13.0,3.0,0.232,0.464,0.344,0.358,0.191,0.168,0.356,87.1
686799,Jack Kochanowicz,LAA,CH,518,0.173,89.9,2138.0,0.556,0.325,72.0,20.0,1.0,0.317,0.429,0.397,0.327,0.222,0.311,0.277,85.2
686799,Jack Kochanowicz,LAA,SL,453,0.152,86.6,2769.0,0.344,0.194,31.0,2.0,0.0,0.083,0.083,0.194,0.352,0.226,0.339,0.368,83.8
686799,Jack Kochanowicz,LAA,ST,103,0.034,82.4,2838.0,0.398,0.25,,,,,,,,,,,
683004,Jack Leiter,TEX,FF,1539,0.386,97.1,2430.0,0.495,0.26,119.0,25.0,4.0,0.238,0.438,0.335,0.324,0.21,0.199,0.412,89.0
683004,Jack Leiter,TEX,SL,857,0.215,87.3,2574.0,0.506,0.322,72.0,14.0,4.0,0.222,0.444,0.346,0.347,0.292,0.322,0.488,90.7
683004,Jack Leiter,TEX,CH,669,0.168,90.4,1536.0,0.456,0.243,79.0,18.0,3.0,0.254,0.423,0.322,0.318,0.253,0.303,0.365,86.3
683004,Jack Leiter,TEX,SI,412,0.103,96.0,2349.0,0.502,0.279,30.0,9.0,1.0,0.346,0.462,0.4,0.386,0.067,0.059,0.375,84.5
683004,Jack Leiter,TEX,CU,366,0.092,81.9,2672.0,0.339,0.222,16.0,4.0,1.0,0.267,0.6,0.438,0.327,0.438,0.385,0.25,87.4
683004,Jack Leiter,TEX,FC,137,0.034,93.0,2456.0,0.518,0.329,39.0,10.0,1.0,0.294,0.382,0.349,0.359,0.205,0.211,0.346,85.2
678022,Jack Perkins,ATH,FF,854,0.322,95.8,2244.0,0.457,0.246,152.0,37.0,9.0,0.298,0.605,0.434,0.376,0.197,0.154,0.406,90.4
678022,Jack Perkins,ATH,ST,766,0.289,86.3,2765.0,0.483,0.394,140.0,29.0,5.0,0.228,0.386,0.303,0.281,0.371,0.352,0.377,88.7
678022,Jack Perkins,ATH,CH,440,0.166,89.5,1194.0,0.486,0.394,104.0,19.0,0.0,0.19,0.23,0.231,0.2,0.356,0.351,0.375,85.6
678022,Jack Perkins,ATH,FC,385,0.145,92.8,2469.0,0.512,0.279,62.0,22.0,2.0,0.386,0.561,0.423,0.38,0.048,0.158,0.309,86.5
678022,Jack Perkins,ATH,SI,103,0.039,94.8,2265.0,0.515,0.186,34.0,9.0,3.0,0.31,0.655,0.475,0.35,0.029,0.151,0.321,87.6
678022,Jack Perkins,ATH,SL,56,0.021,86.0,2753.0,0.446,0.324,16.0,2.0,0.0,0.143,0.214,0.222,0.265,0.375,0.24,0.25,83.7
667652,Jack Ralston,MIA,FS,134,0.525,82.4,887.0,0.388,0.203,32.0,6.0,1.0,0.194,0.323,0.227,0.229,0.281,0.231,0.261,78.8
667652,Jack Ralston,MIA,FF,64,0.251,93.6,2245.0,0.312,0.179,16.0,1.0,0.0,0.091,0.091,0.275,0.279,0.375,0.2,0.6,95.5
667652,Jack Ralston,MIA,SL,56,0.22,85.2,2014.0,0.321,0.148,13.0,2.0,2.0,0.2,0.8,0.469,0.475,0.0,0.056,0.5,89.2
674073,Jack Weisenburger,NYM,FF,54,0.292,95.2,2194.0,0.463,0.257,10.0,2.0,0.0,0.222,0.444,0.32,0.236,0.2,0.24,0.571,89.3
674073,Jack Weisenburger,NYM,ST,47,0.254,82.1,2350.0,0.511,0.406,10.0,0.0,0.0,0.0,0.0,0.0,0.133,0.4,0.333,0.167,89.3
674073,Jack Weisenburger,NYM,SI,34,0.184,94.1,2119.0,0.529,0.286,,,,,,,,,,,
674073,Jack Weisenburger,NYM,FC,34,0.184,89.6,2306.0,0.559,0.476,13.0,4.0,0.0,0.364,0.364,0.385,0.3,0.231,0.105,0.125,83.7
695549,Jackson Jobe,DET,FF,491,0.314,97.0,2401.0,0.464,0.264,53.0,13.0,4.0,0.289,0.644,0.462,0.44,0.226,0.139,0.438,90.3
695549,Jackson Jobe,DET,SL,439,0.281,89.2,2730.0,0.467,0.328,38.0,9.0,1.0,0.281,0.375,0.339,0.286,0.237,0.256,0.231,84.0
695549,Jackson Jobe,DET,SI,242,0.155,95.6,2411.0,0.496,0.306,34.0,5.0,0.0,0.156,0.25,0.204,0.248,0.088,0.111,0.345,89.3
695549,Jackson Jobe,DET,CH,218,0.14,85.6,1824.0,0.408,0.235,16.0,3.0,1.0,0.214,0.5,0.347,0.273,0.312,0.3,0.333,87.0
695549,Jackson Jobe,DET,CU,135,0.086,83.6,2821.0,0.452,0.383,23.0,2.0,1.0,0.091,0.227,0.196,0.159,0.522,0.333,0.3,86.9
695549,Jackson Jobe,DET,KC,21,0.013,81.1,2858.0,0.19,0.071,,,,,,,,,,,
800600,Jackson Kent,WSH,FF,212,0.313,93.1,2096.0,0.42,0.231,50.0,12.0,0.0,0.308,0.436,0.441,0.422,0.12,0.067,0.485,91.6
800600,Jackson Kent,WSH,SL,143,0.211,86.4,2279.0,0.573,0.458,39.0,10.0,1.0,0.27,0.459,0.349,0.292,0.205,0.268,0.379,87.2
800600,Jackson Kent,WSH,CH,139,0.205,85.4,1808.0,0.496,0.411,38.0,9.0,1.0,0.273,0.424,0.353,0.357,0.237,0.348,0.333,83.6
800600,Jackson Kent,WSH,CU,96,0.142,79.1,2518.0,0.292,0.238,16.0,3.0,0.0,0.188,0.188,0.169,0.146,0.438,0.321,0.222,76.7
800600,Jackson Kent,WSH,SI,87,0.129,92.9,2238.0,0.414,0.211,27.0,6.0,0.0,0.3,0.35,0.394,0.433,0.0,0.139,0.45,89.5
671131,Jackson Rutledge,WSH,SI,449,0.324,95.2,2265.0,0.488,0.25,,,,,,,,,,,
671131,Jackson Rutledge,WSH,SL,351,0.253,85.3,2050.0,0.447,0.28,,,,,,,,,,,
671131,Jackson Rutledge,WSH,FF,250,0.181,95.6,2385.0,0.472,0.24,,,,,,,,,,,
671131,Jackson Rutledge,WSH,FC,195,0.141,88.8,2166.0,0.508,0.376,,,,,,,,,,,
671131,Jackson Rutledge,WSH,FS,138,0.1,85.3,1384.0,0.449,0.258,,,,,,,,,,,
594798,Jacob Degrom,TEX,FF,2315,0.439,97.4,2498.0,0.553,0.294,262.0,59.0,12.0,0.25,0.453,0.338,0.34,0.256,0.232,0.515,93.1
594798,Jacob Degrom,TEX,SL,1903,0.361,90.8,2674.0,0.506,0.39,264.0,42.0,4.0,0.171,0.252,0.219,0.234,0.364,0.374,0.404,87.8
594798,Jacob Degrom,TEX,CH,655,0.124,89.8,1627.0,0.452,0.3,62.0,13.0,0.0,0.213,0.246,0.226,0.235,0.339,0.453,0.35,89.4
594798,Jacob Degrom,TEX,CU,306,0.058,80.8,2758.0,0.379,0.31,31.0,9.0,2.0,0.29,0.516,0.344,0.295,0.355,0.375,0.5,90.5
594798,Jacob Degrom,TEX,SI,81,0.015,96.5,2325.0,0.679,0.37,26.0,8.0,2.0,0.32,0.6,0.463,0.331,0.038,0.145,0.391,81.8
656641,Jacob Latz,TEX,FF,1307,0.516,94.5,2311.0,0.536,0.293,159.0,22.0,3.0,0.154,0.28,0.231,0.287,0.258,0.191,0.491,92.5
656641,Jacob Latz,TEX,CH,542,0.214,85.2,2020.0,0.542,0.392,50.0,4.0,0.0,0.082,0.122,0.1,0.15,0.36,0.459,0.161,77.3
656641,Jacob Latz,TEX,SL,479,0.189,84.9,2532.0,0.461,0.338,31.0,7.0,2.0,0.233,0.5,0.319,0.318,0.29,0.409,0.429,82.0
656641,Jacob Latz,TEX,CU,171,0.068,79.4,2708.0,0.257,0.17,20.0,2.0,1.0,0.105,0.316,0.198,0.177,0.6,0.296,0.286,84.3
682052,Jacob Lopez,ATH,FF,1327,0.348,90.5,2169.0,0.404,0.239,172.0,36.0,7.0,0.242,0.443,0.344,0.296,0.203,0.175,0.345,87.8
682052,Jacob Lopez,ATH,SL,1234,0.323,77.0,2380.0,0.501,0.352,191.0,38.0,6.0,0.225,0.373,0.316,0.238,0.272,0.276,0.233,76.8
682052,Jacob Lopez,ATH,FC,668,0.175,86.6,2214.0,0.49,0.205,100.0,24.0,4.0,0.282,0.471,0.372,0.341,0.16,0.222,0.414,87.4
682052,Jacob Lopez,ATH,CH,403,0.106,82.6,2122.0,0.469,0.315,45.0,23.0,3.0,0.535,0.791,0.564,0.394,0.089,0.218,0.325,84.4
682052,Jacob Lopez,ATH,SI,166,0.044,90.0,2070.0,0.373,0.179,17.0,2.0,1.0,0.167,0.417,0.335,0.399,0.0,0.087,0.231,85.7
694819,Jacob Misiorowski,MIL,FF,2275,0.607,100.2,2622.0,0.505,0.322,371.0,58.0,8.0,0.173,0.263,0.245,0.228,0.439,0.369,0.387,87.4
694819,Jacob Misiorowski,MIL,SL,576,0.154,92.9,2498.0,0.533,0.337,90.0,16.0,3.0,0.186,0.337,0.243,0.237,0.244,0.331,0.266,85.6
694819,Jacob Misiorowski,MIL,CU,425,0.113,87.7,2324.0,0.492,0.362,85.0,9.0,0.0,0.114,0.114,0.155,0.155,0.506,0.421,0.222,83.7
694819,Jacob Misiorowski,MIL,FC,367,0.098,95.8,2581.0,0.493,0.319,91.0,11.0,3.0,0.131,0.262,0.209,0.256,0.176,0.204,0.314,86.7
694819,Jacob Misiorowski,MIL,CH,97,0.026,92.3,2096.0,0.474,0.382,,,,,,,,,,,
621097,Jacob Waguespack,DET,FF,274,0.423,92.9,2135.0,0.522,0.336,80.0,11.0,3.0,0.164,0.299,0.267,0.309,0.125,0.154,0.305,86.4
621097,Jacob Waguespack,DET,FC,209,0.323,86.9,1946.0,0.416,0.194,54.0,8.0,3.0,0.178,0.378,0.308,0.33,0.111,0.218,0.35,84.7
621097,Jacob Waguespack,DET,CH,127,0.196,84.5,1577.0,0.465,0.306,40.0,3.0,0.0,0.079,0.079,0.138,0.097,0.4,0.39,0.087,72.8
621097,Jacob Waguespack,DET,CU,38,0.059,76.5,2236.0,0.263,0.19,,,,,,,,,,,
657097,Jacob Webb,CHC,FF,920,0.435,93.8,2472.0,0.491,0.255,118.0,26.0,4.0,0.255,0.402,0.35,0.364,0.28,0.249,0.556,93.9
657097,Jacob Webb,CHC,CH,777,0.367,85.3,2273.0,0.593,0.416,126.0,24.0,4.0,0.211,0.325,0.27,0.261,0.294,0.391,0.3,83.3
657097,Jacob Webb,CHC,ST,230,0.109,82.0,2606.0,0.383,0.256,,,,,,,,,,,
657097,Jacob Webb,CHC,SL,95,0.045,85.7,2604.0,0.432,0.261,20.0,5.0,2.0,0.25,0.55,0.38,0.38,0.1,0.268,0.222,84.3
657097,Jacob Webb,CHC,CU,85,0.04,81.8,2596.0,0.212,0.083,12.0,3.0,0.0,0.273,0.273,0.283,0.405,0.0,0.111,0.545,93.5
677955,Jaden Hill,COL,FF,327,0.279,96.8,2414.0,0.502,0.279,52.0,8.0,0.0,0.178,0.244,0.284,0.26,0.231,0.221,0.219,86.2
677955,Jaden Hill,COL,SL,301,0.256,88.4,2486.0,0.395,0.25,44.0,7.0,1.0,0.184,0.342,0.272,0.297,0.318,0.338,0.44,90.7
677955,Jaden Hill,COL,SI,279,0.238,97.2,2322.0,0.53,0.245,42.0,15.0,2.0,0.469,0.781,0.574,0.476,0.024,0.081,0.548,93.4
677955,Jaden Hill,COL,CH,258,0.22,85.1,1617.0,0.547,0.386,37.0,5.0,0.0,0.143,0.171,0.169,0.191,0.297,0.417,0.208,83.5
687562,Jake Bennett,BOS,FF,546,0.35,92.8,2152.0,0.548,0.319,151.0,36.0,7.0,0.267,0.474,0.344,0.348,0.185,0.184,0.429,88.6
687562,Jake Bennett,BOS,CH,411,0.263,83.6,1987.0,0.586,0.458,114.0,27.0,2.0,0.243,0.342,0.254,0.207,0.254,0.307,0.333,85.3
687562,Jake Bennett,BOS,SI,378,0.242,92.4,2043.0,0.495,0.329,119.0,27.0,2.0,0.235,0.33,0.267,0.28,0.176,0.091,0.389,86.5
687562,Jake Bennett,BOS,ST,118,0.076,79.6,2235.0,0.441,0.341,30.0,4.0,0.0,0.148,0.148,0.19,0.21,0.333,0.308,0.235,82.8
687562,Jake Bennett,BOS,FC,60,0.038,85.0,2063.0,0.55,0.25,14.0,5.0,1.0,0.385,0.615,0.45,0.396,0.0,0.333,0.538,91.0
687562,Jake Bennett,BOS,CU,40,0.026,78.8,2219.0,0.425,0.353,11.0,2.0,0.0,0.222,0.222,0.291,0.428,0.182,0.118,0.286,84.3
656234,Jake Bird,WSH,ST,648,0.392,84.1,2713.0,0.384,0.312,56.0,10.0,2.0,0.192,0.365,0.256,0.228,0.339,0.362,0.265,86.7
656234,Jake Bird,WSH,SI,553,0.334,94.5,2190.0,0.452,0.184,68.0,18.0,2.0,0.305,0.458,0.392,0.353,0.118,0.188,0.412,90.9
656234,Jake Bird,WSH,CU,294,0.178,80.7,2888.0,0.435,0.29,22.0,10.0,2.0,0.526,1.0,0.62,0.541,0.182,0.167,0.5,88.8
656234,Jake Bird,WSH,FF,110,0.067,93.4,2488.0,0.5,0.312,25.0,4.0,0.0,0.19,0.19,0.256,0.238,0.36,0.236,0.25,88.3
656234,Jake Bird,WSH,FC,24,0.015,92.6,2502.0,0.375,0.143,,,,,,,,,,,
671109,Jake Eder,LAD,FF,169,0.469,93.5,2004.0,0.503,0.185,13.0,2.0,0.0,0.182,0.182,0.192,0.415,0.077,0.048,0.636,93.7
671109,Jake Eder,LAD,SL,74,0.206,87.3,2286.0,0.541,0.351,,,,,,,,,,,
671109,Jake Eder,LAD,ST,59,0.164,83.0,2460.0,0.525,0.323,,,,,,,,,,,
671109,Jake Eder,LAD,CH,54,0.15,84.5,1709.0,0.389,0.176,,,,,,,,,,,
663623,Jake Irvin,WSH,FF,1523,0.318,92.7,2322.0,0.467,0.226,151.0,28.0,5.0,0.231,0.405,0.353,0.375,0.265,0.215,0.571,93.1
663623,Jake Irvin,WSH,CU,1297,0.271,77.8,2507.0,0.471,0.319,103.0,14.0,2.0,0.152,0.239,0.234,0.238,0.34,0.324,0.228,85.0
663623,Jake Irvin,WSH,SI,999,0.209,92.0,2278.0,0.458,0.244,83.0,24.0,8.0,0.333,0.681,0.487,0.46,0.084,0.085,0.5,91.1
663623,Jake Irvin,WSH,CH,373,0.078,85.7,2167.0,0.453,0.197,27.0,4.0,1.0,0.16,0.28,0.226,0.226,0.259,0.288,0.444,86.3
663623,Jake Irvin,WSH,FC,316,0.066,88.6,2400.0,0.468,0.237,42.0,12.0,1.0,0.286,0.5,0.333,0.375,0.119,0.128,0.486,88.0
663623,Jake Irvin,WSH,ST,152,0.032,81.9,2535.0,0.48,0.312,40.0,11.0,1.0,0.314,0.457,0.38,0.324,0.25,0.233,0.32,82.2
663623,Jake Irvin,WSH,SL,122,0.025,83.6,2484.0,0.451,0.222,,,,,,,,,,,
663765,Jake Woodford,CHC,SI,329,0.303,93.4,2054.0,0.492,0.306,41.0,15.0,1.0,0.417,0.556,0.424,0.386,0.146,0.083,0.531,93.0
663765,Jake Woodford,CHC,FC,232,0.214,89.9,2235.0,0.461,0.27,43.0,15.0,3.0,0.395,0.737,0.505,0.475,0.093,0.195,0.5,89.7
663765,Jake Woodford,CHC,ST,214,0.197,81.2,2558.0,0.407,0.25,23.0,7.0,0.0,0.304,0.304,0.274,0.239,0.391,0.273,0.357,87.2
663765,Jake Woodford,CHC,FS,184,0.169,86.1,1215.0,0.511,0.24,13.0,3.0,0.0,0.231,0.385,0.331,0.274,0.154,0.138,0.545,93.5
663765,Jake Woodford,CHC,FF,112,0.103,93.1,2167.0,0.375,0.171,,,,,,,,,,,
596001,Jakob Junis,TEX,ST,810,0.437,82.6,2468.0,0.423,0.299,90.0,18.0,2.0,0.209,0.291,0.239,0.283,0.189,0.182,0.217,84.2
596001,Jakob Junis,TEX,SI,419,0.226,91.4,2114.0,0.475,0.275,49.0,12.0,1.0,0.267,0.356,0.307,0.345,0.163,0.068,0.514,91.6
596001,Jakob Junis,TEX,CH,363,0.196,86.5,1322.0,0.537,0.337,50.0,10.0,0.0,0.204,0.286,0.222,0.292,0.12,0.167,0.442,89.4
596001,Jakob Junis,TEX,FF,247,0.133,91.9,2122.0,0.381,0.136,34.0,10.0,1.0,0.385,0.538,0.472,0.411,0.176,0.238,0.3,87.8
656222,Jalen Beeks,TEX,FF,687,0.515,94.1,2153.0,0.52,0.217,61.0,16.0,2.0,0.286,0.464,0.347,0.317,0.18,0.131,0.447,88.8
656222,Jalen Beeks,TEX,CH,508,0.381,88.5,2105.0,0.47,0.311,46.0,10.0,2.0,0.238,0.405,0.312,0.368,0.196,0.347,0.364,85.2
656222,Jalen Beeks,TEX,FC,128,0.096,83.4,2347.0,0.336,0.203,,,,,,,,,,,
675916,James Karinchak,ATL,FF,98,0.605,95.0,2407.0,0.449,0.255,26.0,3.0,0.0,0.143,0.19,0.225,0.29,0.231,0.182,0.438,92.2
675916,James Karinchak,ATL,CU,64,0.395,84.0,2504.0,0.297,0.167,11.0,1.0,1.0,0.1,0.4,0.245,0.217,0.091,0.316,0.125,80.8
592791,Jameson Taillon,TOR,FF,1148,0.335,92.1,2329.0,0.453,0.238,84.0,25.0,9.0,0.325,0.701,0.452,0.447,0.19,0.192,0.443,92.8
592791,Jameson Taillon,TOR,FC,563,0.164,86.0,2529.0,0.458,0.197,65.0,16.0,8.0,0.286,0.714,0.454,0.488,0.138,0.25,0.511,91.3
592791,Jameson Taillon,TOR,ST,544,0.159,80.2,2732.0,0.557,0.423,79.0,11.0,3.0,0.143,0.273,0.189,0.169,0.367,0.309,0.333,84.3
592791,Jameson Taillon,TOR,CH,448,0.131,84.3,1791.0,0.531,0.405,65.0,16.0,4.0,0.254,0.476,0.335,0.303,0.215,0.291,0.204,86.0
592791,Jameson Taillon,TOR,CU,423,0.123,79.4,2573.0,0.355,0.213,32.0,5.0,0.0,0.192,0.308,0.315,0.422,0.094,0.26,0.545,91.6
592791,Jameson Taillon,TOR,SI,283,0.083,92.1,2230.0,0.488,0.25,41.0,11.0,3.0,0.324,0.647,0.459,0.453,0.122,0.136,0.414,87.2
676083,Janson Junk,MIA,FF,1274,0.36,93.9,2320.0,0.507,0.287,176.0,38.0,2.0,0.252,0.358,0.335,0.311,0.216,0.097,0.377,90.0
676083,Janson Junk,MIA,SL,820,0.232,86.7,2397.0,0.549,0.312,108.0,26.0,4.0,0.257,0.455,0.357,0.338,0.167,0.135,0.415,88.8
676083,Janson Junk,MIA,ST,524,0.148,81.0,2435.0,0.55,0.353,79.0,21.0,6.0,0.273,0.545,0.345,0.319,0.114,0.134,0.304,85.6
676083,Janson Junk,MIA,CH,468,0.132,87.5,1422.0,0.436,0.245,78.0,20.0,0.0,0.267,0.307,0.265,0.305,0.141,0.194,0.485,90.8
676083,Janson Junk,MIA,CU,368,0.104,81.3,2512.0,0.397,0.27,37.0,9.0,1.0,0.257,0.4,0.305,0.266,0.135,0.141,0.333,86.2
676083,Janson Junk,MIA,SI,76,0.021,93.6,2239.0,0.539,0.25,25.0,9.0,0.0,0.375,0.417,0.394,0.354,0.04,0.049,0.318,90.5
683003,Jared Jones,PIT,FF,739,0.468,98.2,2539.0,0.497,0.261,190.0,33.0,7.0,0.194,0.394,0.286,0.313,0.242,0.202,0.409,88.9
683003,Jared Jones,PIT,SL,538,0.341,89.8,2702.0,0.52,0.398,148.0,30.0,4.0,0.219,0.343,0.29,0.239,0.351,0.386,0.286,86.9
683003,Jared Jones,PIT,CH,173,0.11,92.8,1626.0,0.445,0.308,38.0,9.0,1.0,0.257,0.429,0.349,0.313,0.263,0.377,0.6,91.5
683003,Jared Jones,PIT,CU,129,0.082,85.7,2935.0,0.411,0.362,27.0,6.0,0.0,0.24,0.32,0.278,0.237,0.37,0.396,0.333,86.3
657649,Jared Koenig,MIL,SI,668,0.549,95.6,2349.0,0.409,0.205,20.0,5.0,0.0,0.312,0.312,0.41,0.339,0.2,0.129,0.583,97.4
657649,Jared Koenig,MIL,FC,224,0.184,90.7,2414.0,0.482,0.17,,,,,,,,,,,
657649,Jared Koenig,MIL,CU,170,0.14,81.5,2545.0,0.441,0.33,,,,,,,,,,,
657649,Jared Koenig,MIL,CH,126,0.104,85.8,1725.0,0.468,0.246,,,,,,,,,,,
657649,Jared Koenig,MIL,FF,16,0.013,96.4,2434.0,0.375,0.1,,,,,,,,,,,
694363,Jared Shuster,STL,FF,140,0.304,92.9,2169.0,0.471,0.241,14.0,4.0,0.0,0.308,0.462,0.357,0.198,0.071,0.053,0.333,86.0
694363,Jared Shuster,STL,CH,136,0.295,84.4,1797.0,0.478,0.319,11.0,3.0,0.0,0.333,0.333,0.373,0.308,0.182,0.273,0.143,84.0
694363,Jared Shuster,STL,SL,108,0.234,85.5,2267.0,0.5,0.298,,,,,,,,,,,
694363,Jared Shuster,STL,SI,32,0.069,91.9,2087.0,0.438,0.2,,,,,,,,,,,
694363,Jared Shuster,STL,FC,28,0.061,88.6,2320.0,0.571,0.3,,,,,,,,,,,
592094,Jason Adam,SD,SL,592,0.359,84.2,2574.0,0.524,0.382,52.0,10.0,0.0,0.2,0.28,0.244,0.258,0.173,0.364,0.366,85.4
592094,Jason Adam,SD,CH,540,0.328,88.2,2045.0,0.504,0.32,46.0,12.0,1.0,0.279,0.349,0.304,0.23,0.174,0.284,0.286,87.9
592094,Jason Adam,SD,FF,373,0.226,94.2,2561.0,0.48,0.32,26.0,6.0,4.0,0.273,0.864,0.498,0.445,0.077,0.062,0.5,91.1
592094,Jason Adam,SD,ST,130,0.079,77.7,2599.0,0.408,0.235,10.0,2.0,0.0,0.222,0.222,0.25,0.299,0.3,0.176,0.333,84.0
669920,Jason Alexander,HOU,SI,570,0.367,90.9,2054.0,0.409,0.105,18.0,3.0,1.0,0.25,0.583,0.464,0.493,0.111,0.167,0.6,92.0
669920,Jason Alexander,HOU,CH,515,0.332,80.3,1775.0,0.546,0.35,31.0,5.0,1.0,0.167,0.267,0.203,0.274,0.226,0.275,0.174,83.1
669920,Jason Alexander,HOU,ST,218,0.14,78.5,2621.0,0.317,0.161,,,,,,,,,,,
669920,Jason Alexander,HOU,FF,196,0.126,91.8,2286.0,0.393,0.164,22.0,8.0,1.0,0.4,0.8,0.52,0.293,0.136,0.086,0.5,91.2
669920,Jason Alexander,HOU,FC,35,0.023,86.1,2251.0,0.314,0.05,,,,,,,,,,,
669920,Jason Alexander,HOU,SL,17,0.011,81.8,2427.0,0.647,0.2,,,,,,,,,,,
671345,Jason Foley,SF,SI,173,0.413,95.6,2124.0,0.428,0.145,44.0,15.0,0.0,0.366,0.415,0.37,0.329,0.114,0.081,0.472,88.5
671345,Jason Foley,SF,SL,108,0.258,85.9,2336.0,0.435,0.258,27.0,6.0,1.0,0.222,0.444,0.313,0.299,0.074,0.191,0.32,84.8
671345,Jason Foley,SF,FF,70,0.167,96.2,2184.0,0.414,0.24,17.0,5.0,1.0,0.333,0.6,0.432,0.378,0.353,0.276,0.556,92.5
671345,Jason Foley,SF,FS,60,0.143,89.1,1003.0,0.45,0.317,19.0,1.0,0.0,0.067,0.2,0.195,0.228,0.053,0.185,0.133,82.7
665871,Javier Assad,CHC,SI,855,0.419,93.1,1995.0,0.457,0.179,185.0,38.0,4.0,0.23,0.339,0.292,0.334,0.135,0.069,0.493,90.2
665871,Javier Assad,CHC,FF,347,0.17,93.2,2126.0,0.507,0.283,68.0,18.0,5.0,0.29,0.532,0.379,0.384,0.147,0.155,0.472,89.0
665871,Javier Assad,CHC,FC,310,0.152,88.9,2116.0,0.465,0.216,30.0,8.0,3.0,0.296,0.667,0.462,0.446,0.0,0.128,0.519,92.3
665871,Javier Assad,CHC,ST,181,0.089,81.4,2421.0,0.359,0.203,21.0,2.0,0.0,0.095,0.095,0.086,0.134,0.381,0.289,0.077,80.3
665871,Javier Assad,CHC,CU,142,0.07,77.5,2470.0,0.317,0.179,14.0,0.0,0.0,0.0,0.0,0.1,0.161,0.357,0.167,0.143,75.2
665871,Javier Assad,CHC,CH,139,0.068,85.9,1394.0,0.439,0.32,32.0,9.0,3.0,0.281,0.594,0.367,0.308,0.281,0.3,0.333,87.5
665871,Javier Assad,CHC,SL,64,0.031,85.1,2220.0,0.453,0.289,18.0,5.0,1.0,0.278,0.444,0.311,0.274,0.167,0.208,0.333,90.1
681151,Jayden Murray,CHC,FF,245,0.509,95.6,2461.0,0.535,0.291,44.0,12.0,0.0,0.324,0.432,0.373,0.331,0.25,0.33,0.519,92.3
681151,Jayden Murray,CHC,ST,109,0.227,81.4,2443.0,0.514,0.311,18.0,8.0,2.0,0.444,0.889,0.561,0.357,0.167,0.194,0.267,91.3
681151,Jayden Murray,CHC,SI,68,0.141,95.3,2346.0,0.368,0.19,,,,,,,,,,,
681151,Jayden Murray,CHC,CH,29,0.06,89.4,1925.0,0.483,0.263,,,,,,,,,,,
681151,Jayden Murray,CHC,FC,24,0.05,91.8,2363.0,0.5,0.333,,,,,,,,,,,
699151,Jedixson Paez,BOS,FF,45,0.296,91.9,2438.0,0.489,0.28,13.0,5.0,2.0,0.455,1.0,0.569,0.519,0.154,0.182,0.7,100.0
699151,Jedixson Paez,BOS,CH,41,0.27,83.7,1681.0,0.537,0.393,13.0,2.0,1.0,0.25,0.625,0.438,0.519,0.0,0.318,0.333,83.5
699151,Jedixson Paez,BOS,CU,25,0.164,79.0,2745.0,0.32,0.2,,,,,,,,,,,
699151,Jedixson Paez,BOS,FC,21,0.138,87.0,2390.0,0.524,0.222,,,,,,,,,,,
699151,Jedixson Paez,BOS,SI,20,0.132,91.4,2309.0,0.4,0.091,,,,,,,,,,,
676105,Jeff Criswell,COL,SL,37,0.468,87.8,2495.0,0.405,0.1,,,,,,,,,,,
676105,Jeff Criswell,COL,FF,33,0.418,95.4,2367.0,0.545,0.316,,,,,,,,,,,
656546,Jeff Hoffman,MIN,SL,877,0.372,86.7,2768.0,0.47,0.405,130.0,23.0,0.0,0.202,0.281,0.282,0.236,0.477,0.475,0.377,86.8
656546,Jeff Hoffman,MIN,FF,799,0.339,96.4,2551.0,0.512,0.286,85.0,15.0,4.0,0.211,0.437,0.352,0.338,0.318,0.22,0.383,88.9
656546,Jeff Hoffman,MIN,FS,508,0.215,89.7,1684.0,0.547,0.394,55.0,16.0,0.0,0.302,0.396,0.319,0.269,0.2,0.299,0.31,86.3
656546,Jeff Hoffman,MIN,SI,154,0.065,96.3,2464.0,0.474,0.323,17.0,2.0,0.0,0.167,0.167,0.271,0.419,0.118,0.148,0.455,92.4
605488,Jeffrey Springs,ATH,FF,2278,0.429,91.0,2159.0,0.433,0.219,275.0,64.0,14.0,0.276,0.517,0.392,0.359,0.175,0.124,0.413,90.8
605488,Jeffrey Springs,ATH,CH,1335,0.251,79.3,1388.0,0.572,0.457,178.0,41.0,6.0,0.246,0.389,0.311,0.27,0.225,0.346,0.24,81.1
605488,Jeffrey Springs,ATH,SL,1117,0.21,83.8,2249.0,0.432,0.227,135.0,35.0,11.0,0.28,0.656,0.413,0.391,0.141,0.19,0.398,88.9
605488,Jeffrey Springs,ATH,ST,316,0.059,76.8,2302.0,0.383,0.184,19.0,4.0,2.0,0.222,0.667,0.342,0.381,0.053,0.14,0.333,83.5
605488,Jeffrey Springs,ATH,FC,265,0.05,87.1,2205.0,0.355,0.141,19.0,4.0,0.0,0.25,0.25,0.3,0.281,0.211,0.147,0.083,82.4
642376,Jefry Yan,NYM,SI,143,0.455,97.7,2494.0,0.427,0.239,34.0,9.0,0.0,0.36,0.36,0.382,0.405,0.059,0.18,0.28,87.3
642376,Jefry Yan,NYM,FF,76,0.242,97.5,2476.0,0.5,0.341,19.0,4.0,2.0,0.25,0.688,0.431,0.343,0.316,0.237,0.818,93.3
642376,Jefry Yan,NYM,SL,68,0.217,86.4,2584.0,0.441,0.38,20.0,1.0,0.0,0.062,0.062,0.195,0.194,0.5,0.533,0.4,77.0
642376,Jefry Yan,NYM,CH,27,0.086,89.2,1512.0,0.593,0.545,,,,,,,,,,,
669093,Jeremiah Estrada,SD,FF,1001,0.57,97.3,2168.0,0.551,0.353,78.0,13.0,0.0,0.2,0.231,0.284,0.335,0.205,0.228,0.36,83.2
669093,Jeremiah Estrada,SD,FS,451,0.257,83.1,1379.0,0.463,0.316,41.0,5.0,1.0,0.132,0.237,0.218,0.203,0.512,0.444,0.235,84.5
669093,Jeremiah Estrada,SD,SL,296,0.168,88.1,2205.0,0.385,0.258,,,,,,,,,,,
669947,Jesse Scholtens,TB,SL,273,0.311,88.2,2375.0,0.502,0.248,57.0,15.0,5.0,0.278,0.611,0.436,0.438,0.088,0.164,0.469,88.8
669947,Jesse Scholtens,TB,FF,215,0.245,93.7,2221.0,0.474,0.279,31.0,5.0,2.0,0.208,0.5,0.385,0.341,0.323,0.239,0.308,87.1
669947,Jesse Scholtens,TB,SI,169,0.192,92.1,2171.0,0.533,0.419,53.0,10.0,1.0,0.213,0.34,0.293,0.321,0.151,0.178,0.275,84.2
669947,Jesse Scholtens,TB,ST,112,0.128,80.6,2485.0,0.446,0.317,22.0,5.0,1.0,0.238,0.429,0.302,0.194,0.364,0.257,0.308,83.5
669947,Jesse Scholtens,TB,FS,108,0.123,84.2,1039.0,0.519,0.308,33.0,11.0,1.0,0.344,0.531,0.377,0.344,0.061,0.151,0.3,89.6
666200,Jesús Luzardo,PHI,ST,2061,0.351,86.1,2370.0,0.426,0.358,255.0,26.0,3.0,0.111,0.158,0.165,0.18,0.518,0.451,0.284,83.1
666200,Jesús Luzardo,PHI,FF,1751,0.298,96.6,2234.0,0.483,0.261,197.0,48.0,6.0,0.276,0.443,0.35,0.308,0.254,0.158,0.344,88.8
666200,Jesús Luzardo,PHI,CH,1043,0.178,86.9,1797.0,0.542,0.351,137.0,35.0,4.0,0.273,0.445,0.334,0.294,0.226,0.364,0.276,84.4
666200,Jesús Luzardo,PHI,SI,821,0.14,95.8,2227.0,0.438,0.246,138.0,30.0,2.0,0.248,0.364,0.347,0.316,0.051,0.103,0.407,88.7
666200,Jesús Luzardo,PHI,SL,197,0.034,86.6,2390.0,0.538,0.387,,,,,,,,,,,
661395,Jhoan Durán,PHI,FS,861,0.428,97.7,1764.0,0.583,0.367,115.0,34.0,2.0,0.304,0.393,0.316,0.279,0.191,0.253,0.467,89.6
661395,Jhoan Durán,PHI,FF,635,0.316,100.5,2095.0,0.542,0.291,63.0,7.0,0.0,0.13,0.148,0.206,0.215,0.492,0.385,0.304,90.1
661395,Jhoan Durán,PHI,KC,297,0.148,88.0,2646.0,0.428,0.335,15.0,5.0,0.0,0.333,0.4,0.323,0.272,0.467,0.417,0.375,91.0
661395,Jhoan Durán,PHI,ST,156,0.078,88.6,2597.0,0.378,0.349,22.0,1.0,0.0,0.048,0.048,0.073,0.061,0.727,0.641,0.0,76.5
661395,Jhoan Durán,PHI,CH,44,0.022,88.7,939.0,0.386,0.179,12.0,0.0,0.0,0.0,0.0,0.0,0.025,0.417,0.118,0.0,84.0
646242,Jhonathan Díaz,SEA,SI,18,0.353,88.6,2181.0,0.389,0.0,,,,,,,,,,,
666745,Jhony Brito,SD,CH,39,0.317,88.0,1600.0,0.821,0.684,16.0,3.0,1.0,0.188,0.438,0.259,0.261,0.25,0.375,0.25,86.6
666745,Jhony Brito,SD,SI,34,0.276,94.6,2036.0,0.618,0.333,12.0,4.0,1.0,0.333,0.583,0.467,0.297,0.0,0.095,0.333,88.9
666745,Jhony Brito,SD,ST,21,0.171,82.6,2208.0,0.286,0.294,,,,,,,,,,,
666745,Jhony Brito,SD,SL,19,0.154,88.5,2059.0,0.368,0.333,,,,,,,,,,,
623474,Jimmy Herget,COL,SL,654,0.298,85.7,2669.0,0.482,0.29,52.0,10.0,0.0,0.233,0.349,0.331,0.332,0.173,0.301,0.265,85.6
623474,Jimmy Herget,COL,ST,648,0.296,77.9,3003.0,0.559,0.382,82.0,20.0,5.0,0.278,0.556,0.368,0.242,0.268,0.273,0.264,83.0
623474,Jimmy Herget,COL,SI,553,0.252,91.5,2422.0,0.34,0.088,45.0,16.0,2.0,0.421,0.632,0.462,0.479,0.022,0.07,0.615,95.3
623474,Jimmy Herget,COL,FF,173,0.079,92.5,2436.0,0.474,0.294,30.0,3.0,1.0,0.125,0.25,0.267,0.294,0.367,0.2,0.538,93.1
623474,Jimmy Herget,COL,CH,149,0.068,85.9,1611.0,0.423,0.283,14.0,3.0,1.0,0.231,0.538,0.335,0.329,0.0,0.194,0.143,77.8
671212,Joe Boyle,TB,FF,530,0.413,98.3,2577.0,0.443,0.159,20.0,3.0,0.0,0.2,0.267,0.328,0.456,0.25,0.243,0.5,89.8
671212,Joe Boyle,TB,SL,440,0.343,90.4,2622.0,0.45,0.295,22.0,4.0,0.0,0.211,0.316,0.314,0.302,0.136,0.234,0.25,82.5
671212,Joe Boyle,TB,FS,202,0.157,92.9,2013.0,0.436,0.215,13.0,1.0,0.0,0.083,0.167,0.219,0.262,0.385,0.296,0.625,94.2
671212,Joe Boyle,TB,SI,65,0.051,97.3,2439.0,0.415,0.333,13.0,2.0,0.0,0.167,0.25,0.288,0.333,0.077,0.148,0.364,83.4
671212,Joe Boyle,TB,ST,44,0.034,84.8,2637.0,0.409,0.304,13.0,2.0,1.0,0.154,0.462,0.25,0.107,0.538,0.167,0.333,88.0
686747,Joe La Sorsa,BOS,SI,41,0.38,91.7,2145.0,0.341,0.154,,,,,,,,,,,
686747,Joe La Sorsa,BOS,FF,27,0.25,92.6,2190.0,0.519,0.2,,,,,,,,,,,
686747,Joe La Sorsa,BOS,ST,26,0.241,78.4,2176.0,0.462,0.0,,,,,,,,,,,
573009,Joe Mantiply,TOR,SI,263,0.442,88.3,2182.0,0.422,0.178,56.0,17.0,2.0,0.347,0.51,0.4,0.424,0.107,0.047,0.455,90.7
573009,Joe Mantiply,TOR,CU,175,0.294,79.6,2431.0,0.469,0.327,25.0,6.0,1.0,0.24,0.4,0.274,0.32,0.28,0.245,0.389,89.4
573009,Joe Mantiply,TOR,CH,149,0.25,80.5,1582.0,0.611,0.524,31.0,4.0,0.0,0.138,0.207,0.2,0.236,0.29,0.267,0.238,76.3
697812,Joe Rock,ATH,FF,137,0.385,93.6,2313.0,0.401,0.174,21.0,4.0,0.0,0.333,0.333,0.471,0.498,0.143,0.179,0.556,95.5
697812,Joe Rock,ATH,SL,117,0.329,85.3,2539.0,0.513,0.323,29.0,7.0,0.0,0.292,0.292,0.338,0.359,0.276,0.317,0.5,88.4
697812,Joe Rock,ATH,SI,85,0.239,93.6,2306.0,0.341,0.15,,,,,,,,,,,
697812,Joe Rock,ATH,CH,17,0.048,87.7,2014.0,0.294,0.091,,,,,,,,,,,
605452,Joe Ross,TEX,FF,348,0.325,94.4,2214.0,0.483,0.224,13.0,1.0,0.0,0.083,0.083,0.123,0.37,0.154,0.333,0.4,82.0
605452,Joe Ross,TEX,SI,296,0.277,94.8,2167.0,0.476,0.238,11.0,5.0,1.0,0.556,1.0,0.668,0.473,0.0,0.16,0.444,92.4
605452,Joe Ross,TEX,SL,249,0.233,87.7,1952.0,0.542,0.326,22.0,6.0,2.0,0.316,0.684,0.498,0.454,0.091,0.176,0.412,88.3
605452,Joe Ross,TEX,CH,72,0.067,90.0,1952.0,0.583,0.3,,,,,,,,,,,
605452,Joe Ross,TEX,CU,60,0.056,83.6,2069.0,0.633,0.387,,,,,,,,,,,
605452,Joe Ross,TEX,FS,42,0.039,90.4,1478.0,0.548,0.393,,,,,,,,,,,
657746,Joe Ryan,MIN,FF,2442,0.475,93.6,2292.0,0.54,0.269,250.0,58.0,11.0,0.256,0.485,0.355,0.325,0.24,0.209,0.458,89.7
657746,Joe Ryan,MIN,ST,734,0.143,80.5,2781.0,0.455,0.34,92.0,16.0,3.0,0.184,0.31,0.25,0.208,0.38,0.374,0.245,82.0
657746,Joe Ryan,MIN,FS,594,0.116,87.7,2074.0,0.428,0.257,74.0,14.0,2.0,0.194,0.319,0.245,0.274,0.176,0.222,0.407,90.0
657746,Joe Ryan,MIN,SI,571,0.111,93.2,2155.0,0.483,0.224,70.0,21.0,3.0,0.339,0.548,0.416,0.4,0.129,0.09,0.463,91.7
657746,Joe Ryan,MIN,SL,418,0.081,87.3,2325.0,0.447,0.25,28.0,11.0,1.0,0.44,0.68,0.48,0.451,0.071,0.233,0.458,94.1
657746,Joe Ryan,MIN,KC,373,0.073,79.1,2783.0,0.496,0.391,77.0,13.0,1.0,0.178,0.247,0.232,0.194,0.416,0.254,0.293,86.1
669270,Joel Kuhnel,SF,SI,384,0.527,95.2,2270.0,0.495,0.275,122.0,27.0,1.0,0.265,0.343,0.327,0.375,0.082,0.126,0.406,89.8
669270,Joel Kuhnel,SF,FC,208,0.286,90.5,2483.0,0.409,0.317,37.0,12.0,3.0,0.343,0.6,0.419,0.352,0.162,0.341,0.433,86.6
669270,Joel Kuhnel,SF,FF,49,0.067,95.3,2275.0,0.388,0.152,11.0,6.0,3.0,0.545,1.455,0.823,0.546,0.273,0.211,0.5,92.9
669270,Joel Kuhnel,SF,CH,42,0.058,90.3,1430.0,0.5,0.286,13.0,2.0,0.0,0.154,0.231,0.165,0.31,0.154,0.238,0.364,87.1
669270,Joel Kuhnel,SF,CU,28,0.038,83.5,2460.0,0.5,0.357,,,,,,,,,,,
606303,Joel Payamps,ATL,ST,280,0.464,83.7,2793.0,0.421,0.273,18.0,5.0,1.0,0.312,0.562,0.408,0.377,0.222,0.161,0.25,89.8
606303,Joel Payamps,ATL,FF,223,0.369,94.5,2468.0,0.457,0.231,12.0,1.0,0.0,0.091,0.273,0.192,0.247,0.417,0.345,0.5,94.4
606303,Joel Payamps,ATL,SI,86,0.142,94.5,2307.0,0.419,0.205,,,,,,,,,,,
666711,Joel Peguero,SF,FF,176,0.359,100.0,2257.0,0.534,0.308,19.0,1.0,0.0,0.067,0.133,0.225,0.27,0.158,0.233,0.364,87.0
666711,Joel Peguero,SF,SI,165,0.337,99.5,2326.0,0.448,0.164,19.0,5.0,0.0,0.278,0.278,0.274,0.271,0.053,0.097,0.294,84.2
666711,Joel Peguero,SF,SL,143,0.292,92.1,2639.0,0.517,0.333,11.0,4.0,0.0,0.4,0.6,0.536,0.206,0.091,0.2,0.0,82.0
676282,Joey Cantillo,CLE,FF,1564,0.363,92.0,1861.0,0.403,0.167,217.0,53.0,9.0,0.294,0.517,0.407,0.38,0.147,0.138,0.551,92.8
676282,Joey Cantillo,CLE,CH,1146,0.266,79.8,1476.0,0.478,0.285,157.0,26.0,4.0,0.195,0.338,0.293,0.262,0.318,0.382,0.23,78.5
676282,Joey Cantillo,CLE,CU,1124,0.261,79.2,2658.0,0.423,0.326,213.0,38.0,1.0,0.198,0.255,0.269,0.242,0.371,0.345,0.381,87.7
676282,Joey Cantillo,CLE,SL,254,0.059,84.1,2150.0,0.496,0.292,23.0,7.0,0.0,0.333,0.524,0.396,0.381,0.043,0.268,0.35,88.7
676282,Joey Cantillo,CLE,FC,216,0.05,87.0,2006.0,0.495,0.247,57.0,18.0,3.0,0.346,0.558,0.423,0.399,0.053,0.252,0.327,87.4
683155,Joey Estes,ATH,FF,134,0.431,91.8,2367.0,0.537,0.302,,,,,,,,,,,
683155,Joey Estes,ATH,ST,51,0.164,77.7,2513.0,0.431,0.3,,,,,,,,,,,
683155,Joey Estes,ATH,SL,45,0.145,82.6,2425.0,0.533,0.158,,,,,,,,,,,
683155,Joey Estes,ATH,SI,31,0.1,90.0,2213.0,0.548,0.312,,,,,,,,,,,
683155,Joey Estes,ATH,CH,25,0.08,84.1,1584.0,0.6,0.308,,,,,,,,,,,
683155,Joey Estes,ATH,FC,25,0.08,87.7,2458.0,0.44,0.0,,,,,,,,,,,
680702,Joey Gerber,NYM,FF,115,0.596,93.6,2325.0,0.435,0.22,20.0,2.0,0.0,0.125,0.188,0.248,0.342,0.2,0.107,0.583,96.5
680702,Joey Gerber,NYM,FC,54,0.28,88.7,2308.0,0.352,0.182,12.0,4.0,1.0,0.333,0.75,0.45,0.291,0.25,0.211,0.556,93.3
680702,Joey Gerber,NYM,SL,21,0.109,84.9,2289.0,0.524,0.333,,,,,,,,,,,
664192,Joey Lucchesi,LAA,SI,361,0.482,92.4,2270.0,0.438,0.296,10.0,3.0,1.0,0.375,0.75,0.52,0.446,0.2,0.0,0.833,97.8
664192,Joey Lucchesi,LAA,CU,199,0.266,77.8,2160.0,0.407,0.273,,,,,,,,,,,
664192,Joey Lucchesi,LAA,FF,174,0.232,92.7,2290.0,0.489,0.216,,,,,,,,,,,
686894,Joey Wiemer,WSH,SL,16,0.356,61.9,1485.0,0.5,0.2,,,,,,,,,,,
670912,Johan Oviedo,BOS,FF,271,0.367,95.3,2332.0,0.41,0.167,,,,,,,,,,,
670912,Johan Oviedo,BOS,SL,228,0.309,86.5,2384.0,0.447,0.277,,,,,,,,,,,
670912,Johan Oviedo,BOS,CU,123,0.166,77.6,2287.0,0.407,0.288,,,,,,,,,,,
670912,Johan Oviedo,BOS,SI,75,0.101,94.5,2274.0,0.48,0.311,,,,,,,,,,,
670912,Johan Oviedo,BOS,CH,39,0.053,88.6,1880.0,0.462,0.308,,,,,,,,,,,
605154,John Brebbia,COL,FF,262,0.473,92.5,2245.0,0.462,0.24,,,,,,,,,,,
605154,John Brebbia,COL,SL,244,0.44,84.1,2581.0,0.533,0.268,11.0,4.0,1.0,0.364,0.636,0.591,0.426,0.091,0.103,0.4,91.7
605154,John Brebbia,COL,CH,38,0.069,86.5,1812.0,0.342,0.148,,,,,,,,,,,
667463,John King,MIA,SI,692,0.46,92.2,2221.0,0.512,0.288,69.0,11.0,0.0,0.196,0.321,0.311,0.292,0.116,0.14,0.392,88.5
667463,John King,MIA,CH,295,0.196,84.8,1636.0,0.522,0.398,34.0,3.0,1.0,0.094,0.188,0.153,0.243,0.294,0.278,0.364,88.3
667463,John King,MIA,SL,251,0.167,83.3,2828.0,0.45,0.285,36.0,7.0,3.0,0.206,0.529,0.306,0.412,0.111,0.183,0.419,92.4
667463,John King,MIA,CU,125,0.083,79.4,2884.0,0.352,0.214,20.0,7.0,2.0,0.412,0.765,0.53,0.428,0.2,0.071,0.462,92.2
667463,John King,MIA,ST,113,0.075,81.5,2810.0,0.469,0.361,33.0,4.0,0.0,0.129,0.161,0.141,0.178,0.212,0.212,0.24,83.8
667463,John King,MIA,FF,20,0.013,92.2,2144.0,0.35,0.214,,,,,,,,,,,
804619,John Klein,MIN,FF,41,0.5,94.9,2385.0,0.463,0.25,,,,,,,,,,,
804619,John Klein,MIN,CH,23,0.28,86.4,1523.0,0.478,0.286,,,,,,,,,,,
670167,John Schreiber,NYY,FF,609,0.297,93.8,2263.0,0.501,0.268,71.0,12.0,3.0,0.188,0.375,0.295,0.255,0.338,0.231,0.325,87.4
670167,John Schreiber,NYY,ST,560,0.273,82.4,2621.0,0.409,0.246,51.0,10.0,3.0,0.222,0.511,0.384,0.341,0.157,0.228,0.395,84.6
670167,John Schreiber,NYY,SI,457,0.223,93.3,2230.0,0.444,0.236,80.0,20.0,0.0,0.286,0.329,0.344,0.35,0.025,0.13,0.456,88.5
670167,John Schreiber,NYY,FC,322,0.157,89.5,2469.0,0.494,0.333,22.0,4.0,1.0,0.211,0.368,0.318,0.348,0.091,0.179,0.278,90.4
670167,John Schreiber,NYY,CH,86,0.042,86.5,1217.0,0.419,0.333,15.0,3.0,0.0,0.2,0.333,0.227,0.232,0.2,0.154,0.308,90.1
668941,Jojo Romero,MIL,SI,717,0.378,93.7,2193.0,0.388,0.165,101.0,24.0,2.0,0.27,0.393,0.344,0.354,0.139,0.125,0.5,93.2
668941,Jojo Romero,MIL,ST,695,0.367,83.0,2833.0,0.424,0.291,77.0,17.0,3.0,0.239,0.423,0.312,0.32,0.312,0.193,0.292,83.8
668941,Jojo Romero,MIL,CH,369,0.195,87.3,1358.0,0.453,0.323,39.0,8.0,1.0,0.222,0.333,0.299,0.269,0.231,0.279,0.259,89.5
668941,Jojo Romero,MIL,FF,74,0.039,94.3,2316.0,0.378,0.224,,,,,,,,,,,
804636,Jonah Tong,NYM,FF,414,0.502,95.1,2251.0,0.447,0.226,45.0,8.0,1.0,0.222,0.333,0.369,0.344,0.178,0.231,0.276,83.9
804636,Jonah Tong,NYM,CH,215,0.261,86.5,1645.0,0.507,0.317,30.0,4.0,0.0,0.138,0.138,0.143,0.161,0.4,0.297,0.333,90.2
804636,Jonah Tong,NYM,FC,100,0.121,90.8,2200.0,0.58,0.362,28.0,7.0,1.0,0.318,0.591,0.402,0.355,0.071,0.224,0.5,91.0
804636,Jonah Tong,NYM,CU,84,0.102,78.3,2662.0,0.381,0.208,10.0,2.0,0.0,0.222,0.222,0.25,0.184,0.3,0.308,0.333,84.2
680742,Jonathan Bowlan,PHI,FF,709,0.419,96.5,2388.0,0.518,0.368,95.0,10.0,3.0,0.116,0.233,0.194,0.193,0.495,0.336,0.385,87.4
680742,Jonathan Bowlan,PHI,SL,406,0.24,86.3,2488.0,0.495,0.362,50.0,8.0,1.0,0.174,0.326,0.29,0.234,0.3,0.326,0.406,85.8
680742,Jonathan Bowlan,PHI,SI,234,0.138,96.6,2260.0,0.517,0.386,29.0,9.0,0.0,0.346,0.346,0.445,0.399,0.069,0.036,0.32,80.4
680742,Jonathan Bowlan,PHI,CH,189,0.112,89.8,1563.0,0.503,0.267,40.0,9.0,2.0,0.25,0.444,0.345,0.32,0.125,0.284,0.333,91.9
680742,Jonathan Bowlan,PHI,CU,79,0.047,81.2,2416.0,0.253,0.164,,,,,,,,,,,
680742,Jonathan Bowlan,PHI,ST,76,0.045,84.7,2594.0,0.329,0.185,15.0,5.0,2.0,0.333,0.733,0.479,0.351,0.267,0.28,0.4,85.9
686563,Jonathan Cannon,CWS,FC,423,0.225,89.3,2314.0,0.473,0.207,,,,,,,,,,,
686563,Jonathan Cannon,CWS,SI,402,0.214,93.0,2166.0,0.45,0.187,,,,,,,,,,,
686563,Jonathan Cannon,CWS,CH,390,0.208,85.6,1835.0,0.533,0.323,,,,,,,,,,,
686563,Jonathan Cannon,CWS,FF,369,0.196,93.9,2279.0,0.566,0.305,10.0,2.0,0.0,0.286,0.429,0.425,0.479,0.2,0.292,0.2,87.2
686563,Jonathan Cannon,CWS,ST,279,0.148,81.7,2622.0,0.351,0.205,,,,,,,,,,,
669169,Jonathan Heasley,TB,FF,25,0.391,91.4,2100.0,0.76,0.7,10.0,4.0,1.0,0.4,0.9,0.54,0.521,0.1,0.053,0.667,96.0
669169,Jonathan Heasley,TB,SL,21,0.328,83.2,2018.0,0.476,0.1,,,,,,,,,,,
642546,Jonathan Hernández,LAD,SL,185,0.443,89.0,2475.0,0.405,0.282,38.0,7.0,0.0,0.194,0.278,0.254,0.246,0.316,0.293,0.333,85.0
642546,Jonathan Hernández,LAD,SI,151,0.361,97.0,2262.0,0.464,0.269,43.0,11.0,3.0,0.297,0.568,0.413,0.409,0.093,0.071,0.412,89.8
642546,Jonathan Hernández,LAD,FF,71,0.17,97.3,2357.0,0.451,0.189,22.0,2.0,0.0,0.105,0.105,0.177,0.269,0.182,0.094,0.467,89.7
642528,Jonathan Loáisiga,AZ,SI,594,0.417,97.4,2279.0,0.537,0.436,91.0,22.0,0.0,0.253,0.31,0.275,0.248,0.121,0.126,0.325,83.0
642528,Jonathan Loáisiga,AZ,CH,342,0.24,90.8,1778.0,0.576,0.423,86.0,19.0,2.0,0.241,0.354,0.277,0.28,0.256,0.306,0.339,84.3
642528,Jonathan Loáisiga,AZ,CU,218,0.153,88.2,2628.0,0.436,0.262,32.0,7.0,1.0,0.233,0.367,0.264,0.275,0.156,0.258,0.231,84.2
642528,Jonathan Loáisiga,AZ,FF,173,0.121,97.5,2397.0,0.532,0.308,30.0,4.0,0.0,0.148,0.185,0.191,0.268,0.267,0.159,0.35,85.7
642528,Jonathan Loáisiga,AZ,FC,78,0.055,95.1,2444.0,0.5,0.189,12.0,3.0,0.0,0.25,0.333,0.254,0.314,0.083,0.194,0.273,86.4
702752,Jonathan Pintaro,NYM,FC,289,0.539,91.2,2720.0,0.464,0.261,60.0,13.0,5.0,0.26,0.58,0.408,0.371,0.117,0.244,0.311,86.2
702752,Jonathan Pintaro,NYM,SI,103,0.192,94.9,2238.0,0.427,0.24,28.0,7.0,0.0,0.28,0.32,0.312,0.341,0.179,0.114,0.75,95.2
702752,Jonathan Pintaro,NYM,FF,85,0.159,95.8,2460.0,0.471,0.351,22.0,2.0,0.0,0.118,0.176,0.257,0.19,0.591,0.359,0.25,87.9
702752,Jonathan Pintaro,NYM,CH,34,0.063,87.4,2058.0,0.471,0.238,12.0,1.0,0.0,0.1,0.1,0.164,0.253,0.167,0.125,0.222,79.9
702752,Jonathan Pintaro,NYM,ST,16,0.03,82.0,2955.0,0.375,0.308,,,,,,,,,,,
678391,Jorbit Vivas,WSH,CU,22,0.407,45.1,1115.0,0.636,0.529,10.0,7.0,1.0,0.7,1.3,0.845,0.695,0.0,0.0,0.5,93.9
678391,Jorbit Vivas,WSH,SL,16,0.296,48.0,1183.0,0.375,0.231,,,,,,,,,,,
663855,Jordan Hicks,CWS,SI,1050,0.504,98.1,1946.0,0.43,0.22,103.0,30.0,1.0,0.345,0.483,0.423,0.32,0.155,0.105,0.324,88.5
663855,Jordan Hicks,CWS,ST,535,0.257,84.5,2286.0,0.417,0.296,49.0,6.0,3.0,0.146,0.366,0.292,0.248,0.429,0.51,0.4,86.7
663855,Jordan Hicks,CWS,FF,289,0.139,98.6,2234.0,0.512,0.309,44.0,2.0,0.0,0.054,0.054,0.152,0.177,0.432,0.234,0.222,85.5
663855,Jordan Hicks,CWS,FS,103,0.049,89.8,993.0,0.485,0.351,11.0,3.0,0.0,0.273,0.273,0.245,0.203,0.545,0.538,0.6,94.3
663855,Jordan Hicks,CWS,SL,92,0.044,84.3,2294.0,0.402,0.246,,,,,,,,,,,
673929,Jordan Leasure,CWS,FF,769,0.53,96.1,2364.0,0.502,0.277,40.0,5.0,3.0,0.143,0.4,0.265,0.367,0.2,0.178,0.5,94.9
673929,Jordan Leasure,CWS,SL,609,0.42,87.3,2440.0,0.481,0.33,32.0,10.0,3.0,0.345,0.724,0.472,0.482,0.281,0.367,0.4,89.8
673929,Jordan Leasure,CWS,FS,40,0.028,87.1,948.0,0.5,0.269,,,,,,,,,,,
673929,Jordan Leasure,CWS,SI,25,0.017,95.7,2295.0,0.56,0.353,,,,,,,,,,,
656756,Jordan Montgomery,TEX,SI,141,0.378,90.5,2166.0,0.525,0.351,44.0,11.0,2.0,0.282,0.487,0.37,0.368,0.068,0.068,0.444,90.5
656756,Jordan Montgomery,TEX,SL,62,0.166,83.0,2354.0,0.339,0.179,10.0,1.0,0.0,0.1,0.1,0.09,0.15,0.4,0.381,0.167,85.2
656756,Jordan Montgomery,TEX,CU,60,0.161,76.8,2246.0,0.367,0.31,,,,,,,,,,,
656756,Jordan Montgomery,TEX,FF,59,0.158,90.3,2311.0,0.542,0.375,16.0,2.0,0.0,0.133,0.2,0.178,0.228,0.062,0.062,0.143,82.4
656756,Jordan Montgomery,TEX,CH,46,0.123,81.6,1545.0,0.543,0.357,11.0,2.0,1.0,0.182,0.455,0.264,0.205,0.455,0.44,0.333,79.4
605447,Jordan Romano,COL,SL,782,0.596,85.1,2055.0,0.512,0.329,87.0,16.0,3.0,0.205,0.359,0.29,0.289,0.276,0.329,0.321,86.5
605447,Jordan Romano,COL,FF,509,0.388,94.7,2287.0,0.395,0.224,52.0,11.0,0.0,0.256,0.326,0.332,0.3,0.212,0.196,0.344,88.3
696136,Jordan Wicks,CHC,FF,155,0.39,93.8,2317.0,0.645,0.4,22.0,8.0,0.0,0.381,0.571,0.423,0.295,0.136,0.15,0.444,90.6
696136,Jordan Wicks,CHC,CH,104,0.262,83.0,1489.0,0.51,0.364,13.0,3.0,0.0,0.231,0.308,0.235,0.249,0.385,0.375,0.375,88.5
696136,Jordan Wicks,CHC,SL,64,0.161,86.5,2498.0,0.469,0.233,,,,,,,,,,,
696136,Jordan Wicks,CHC,SI,37,0.093,93.3,2175.0,0.568,0.435,,,,,,,,,,,
696136,Jordan Wicks,CHC,ST,27,0.068,82.6,2801.0,0.593,0.375,,,,,,,,,,,
703615,Jose Cabrera,AZ,FF,106,0.25,93.8,2308.0,0.377,0.19,27.0,4.0,0.0,0.182,0.182,0.263,0.462,0.111,0.1,0.421,76.9
703615,Jose Cabrera,AZ,FC,105,0.248,89.9,2406.0,0.476,0.3,25.0,8.0,1.0,0.364,0.545,0.466,0.357,0.04,0.12,0.238,84.3
703615,Jose Cabrera,AZ,ST,66,0.156,83.5,2524.0,0.348,0.282,13.0,5.0,2.0,0.417,0.917,0.569,0.36,0.231,0.348,0.444,79.5
703615,Jose Cabrera,AZ,CH,51,0.12,86.5,1784.0,0.529,0.382,15.0,3.0,0.0,0.2,0.267,0.203,0.242,0.067,0.074,0.286,86.0
703615,Jose Cabrera,AZ,CU,49,0.116,86.0,2300.0,0.51,0.355,23.0,3.0,0.0,0.143,0.238,0.209,0.21,0.391,0.24,0.25,85.9
703615,Jose Cabrera,AZ,SI,46,0.108,93.1,2130.0,0.457,0.118,16.0,4.0,1.0,0.308,0.538,0.42,0.362,0.062,0.19,0.385,85.5
692030,Jose Corniell,TEX,FF,47,0.315,95.1,2075.0,0.553,0.167,,,,,,,,,,,
692030,Jose Corniell,TEX,CH,35,0.235,86.2,1558.0,0.457,0.273,,,,,,,,,,,
692030,Jose Corniell,TEX,FC,27,0.181,91.5,2115.0,0.593,0.143,,,,,,,,,,,
692030,Jose Corniell,TEX,ST,19,0.128,80.4,2357.0,0.316,0.167,,,,,,,,,,,
664744,Jose Espada,BAL,FF,20,0.444,94.0,2247.0,0.7,0.333,,,,,,,,,,,
683742,Jose Franco,CIN,FF,160,0.46,95.1,2345.0,0.456,0.205,48.0,9.0,3.0,0.243,0.514,0.405,0.417,0.125,0.082,0.452,92.1
683742,Jose Franco,CIN,SL,141,0.405,85.1,2508.0,0.468,0.278,34.0,7.0,0.0,0.233,0.4,0.299,0.243,0.235,0.273,0.24,83.3
683742,Jose Franco,CIN,CH,47,0.135,88.3,1709.0,0.34,0.188,,,,,,,,,,,
500779,Jose Quintana,COL,SI,1104,0.376,90.4,2098.0,0.4,0.173,40.0,11.0,2.0,0.333,0.576,0.442,0.455,0.1,0.068,0.586,92.8
500779,Jose Quintana,COL,CH,634,0.216,85.5,1355.0,0.434,0.33,38.0,11.0,1.0,0.355,0.484,0.388,0.391,0.079,0.284,0.194,82.7
500779,Jose Quintana,COL,FF,477,0.162,90.1,2115.0,0.491,0.308,67.0,15.0,2.0,0.263,0.439,0.336,0.325,0.119,0.186,0.346,86.6
500779,Jose Quintana,COL,CU,419,0.143,78.4,2187.0,0.463,0.319,28.0,7.0,0.0,0.269,0.423,0.364,0.336,0.036,0.2,0.308,89.2
694795,Josh Ekness,MIA,FF,279,0.539,97.9,2527.0,0.434,0.235,64.0,12.0,1.0,0.25,0.333,0.353,0.353,0.203,0.165,0.324,86.3
694795,Josh Ekness,MIA,ST,126,0.243,85.3,2633.0,0.373,0.247,29.0,5.0,1.0,0.2,0.36,0.295,0.347,0.103,0.234,0.261,83.3
694795,Josh Ekness,MIA,SI,59,0.114,98.4,2308.0,0.373,0.167,18.0,5.0,0.0,0.294,0.294,0.289,0.222,0.278,0.182,0.5,91.0
694795,Josh Ekness,MIA,CU,46,0.089,85.9,2711.0,0.413,0.154,12.0,1.0,0.0,0.091,0.182,0.238,0.185,0.167,0.105,0.333,82.3
676596,Josh Fleming,TOR,SI,29,0.377,89.5,1711.0,0.483,0.357,,,,,,,,,,,
676596,Josh Fleming,TOR,CU,26,0.338,77.1,2218.0,0.462,0.154,,,,,,,,,,,
676596,Josh Fleming,TOR,CH,18,0.234,81.4,1618.0,0.444,0.308,,,,,,,,,,,
623352,Josh Hader,HOU,SI,894,0.585,95.3,2295.0,0.57,0.384,109.0,11.0,1.0,0.109,0.158,0.159,0.176,0.339,0.251,0.312,87.3
623352,Josh Hader,HOU,SL,592,0.388,83.8,2533.0,0.51,0.412,58.0,8.0,0.0,0.157,0.196,0.221,0.287,0.31,0.455,0.333,83.2
623352,Josh Hader,HOU,CH,37,0.024,88.7,1683.0,0.405,0.222,,,,,,,,,,,
681006,Josh Simpson,SEA,ST,200,0.259,82.0,2474.0,0.44,0.304,13.0,2.0,1.0,0.182,0.455,0.331,0.339,0.231,0.294,0.25,86.8
681006,Josh Simpson,SEA,SI,195,0.252,93.7,2221.0,0.4,0.159,13.0,5.0,2.0,0.417,0.917,0.569,0.376,0.231,0.091,0.556,95.3
681006,Josh Simpson,SEA,CU,184,0.238,80.4,2539.0,0.418,0.307,10.0,3.0,1.0,0.333,0.667,0.45,0.361,0.4,0.263,0.4,94.5
681006,Josh Simpson,SEA,FF,79,0.102,94.2,2372.0,0.532,0.231,,,,,,,,,,,
681006,Josh Simpson,SEA,CH,73,0.094,89.0,1969.0,0.534,0.349,,,,,,,,,,,
681006,Josh Simpson,SEA,SL,35,0.045,88.0,2430.0,0.514,0.231,,,,,,,,,,,
677020,Josh Walker,BAL,SL,230,0.396,83.3,2075.0,0.461,0.315,35.0,3.0,1.0,0.097,0.226,0.204,0.192,0.314,0.289,0.35,86.2
677020,Josh Walker,BAL,FF,159,0.274,93.0,2208.0,0.478,0.315,33.0,7.0,1.0,0.226,0.355,0.277,0.287,0.303,0.169,0.286,87.3
677020,Josh Walker,BAL,SI,137,0.236,92.5,2127.0,0.54,0.24,43.0,12.0,0.0,0.308,0.359,0.353,0.276,0.07,0.042,0.417,86.7
677020,Josh Walker,BAL,CH,47,0.081,85.7,1821.0,0.383,0.182,,,,,,,,,,,
687985,Josh White,MIA,FF,22,0.512,94.4,2178.0,0.364,0.167,,,,,,,,,,,
680686,Josiah Gray,WSH,SL,16,0.4,86.4,1945.0,0.438,0.2,,,,,,,,,,,
621237,José Alvarado,PHI,SI,974,0.624,98.2,2042.0,0.455,0.261,164.0,43.0,2.0,0.307,0.414,0.377,0.344,0.165,0.175,0.351,86.9
621237,José Alvarado,PHI,FC,492,0.315,92.0,2124.0,0.502,0.374,86.0,17.0,3.0,0.218,0.397,0.302,0.241,0.43,0.391,0.195,83.0
621237,José Alvarado,PHI,CU,51,0.033,84.8,2382.0,0.314,0.205,,,,,,,,,,,
621237,José Alvarado,PHI,FF,31,0.02,97.8,2006.0,0.419,0.393,,,,,,,,,,,
676130,José Buttó,SF,FF,351,0.3,95.2,2417.0,0.425,0.198,,,,,,,,,,,
676130,José Buttó,SF,SL,341,0.292,86.5,2644.0,0.528,0.35,,,,,,,,,,,
676130,José Buttó,SF,SI,214,0.183,94.4,2183.0,0.481,0.29,,,,,,,,,,,
676130,José Buttó,SF,CH,174,0.149,88.3,1910.0,0.443,0.336,,,,,,,,,,,
676130,José Buttó,SF,ST,77,0.066,83.6,2561.0,0.364,0.213,,,,,,,,,,,
621016,José Cuas,KC,SI,147,0.352,92.1,2436.0,0.463,0.373,36.0,12.0,0.0,0.4,0.5,0.426,0.367,0.111,0.103,0.407,83.9
621016,José Cuas,KC,FF,129,0.309,92.0,2371.0,0.488,0.333,27.0,3.0,0.0,0.13,0.13,0.204,0.314,0.333,0.286,0.357,86.6
621016,José Cuas,KC,ST,113,0.27,82.9,2747.0,0.434,0.271,24.0,6.0,0.0,0.261,0.304,0.269,0.268,0.375,0.388,0.071,77.5
621016,José Cuas,KC,FC,23,0.055,88.1,2522.0,0.478,0.154,,,,,,,,,,,
820862,José Fermin,LAA,SL,884,0.541,90.2,2549.0,0.493,0.363,134.0,25.0,4.0,0.195,0.312,0.253,0.27,0.373,0.344,0.423,90.2
820862,José Fermin,LAA,FF,373,0.228,96.8,2301.0,0.469,0.215,16.0,4.0,1.0,0.5,1.125,0.644,0.57,0.062,0.156,0.5,92.7
820862,José Fermin,LAA,SI,313,0.191,96.4,2331.0,0.431,0.162,68.0,18.0,0.0,0.321,0.446,0.398,0.39,0.118,0.146,0.438,91.2
820862,José Fermin,LAA,CH,49,0.03,93.0,2109.0,0.49,0.226,14.0,2.0,1.0,0.154,0.385,0.257,0.337,0.143,0.174,0.455,84.5
678606,José Ferrer,SEA,SI,1484,0.647,97.6,2131.0,0.515,0.27,202.0,54.0,6.0,0.295,0.437,0.368,0.326,0.144,0.114,0.4,87.9
678606,José Ferrer,SEA,CH,455,0.199,87.7,2214.0,0.486,0.352,49.0,7.0,0.0,0.149,0.17,0.183,0.207,0.347,0.425,0.267,80.8
678606,José Ferrer,SEA,SL,223,0.097,88.9,2432.0,0.426,0.294,34.0,12.0,1.0,0.4,0.567,0.479,0.325,0.206,0.273,0.292,81.8
678606,José Ferrer,SEA,FF,112,0.049,97.9,2142.0,0.455,0.061,,,,,,,,,,,
667755,José Soriano,TOR,SI,2219,0.392,96.8,1926.0,0.48,0.275,233.0,59.0,3.0,0.294,0.383,0.356,0.367,0.09,0.159,0.47,91.1
667755,José Soriano,TOR,KC,1480,0.262,85.3,2421.0,0.404,0.335,168.0,29.0,3.0,0.191,0.289,0.26,0.278,0.369,0.409,0.322,86.3
667755,José Soriano,TOR,FF,840,0.148,97.3,2191.0,0.452,0.206,161.0,33.0,10.0,0.246,0.493,0.375,0.37,0.224,0.183,0.33,88.4
667755,José Soriano,TOR,FS,795,0.141,92.3,1576.0,0.477,0.353,140.0,23.0,1.0,0.173,0.203,0.193,0.252,0.271,0.32,0.295,84.2
667755,José Soriano,TOR,SL,308,0.054,89.6,2392.0,0.464,0.307,25.0,3.0,0.0,0.136,0.136,0.192,0.253,0.32,0.275,0.214,79.8
660761,José Suarez,ATH,FF,510,0.372,92.9,2379.0,0.418,0.187,89.0,23.0,4.0,0.311,0.527,0.408,0.357,0.202,0.195,0.368,90.7
660761,José Suarez,ATH,SL,342,0.25,81.8,2844.0,0.468,0.298,60.0,16.0,1.0,0.281,0.386,0.311,0.251,0.25,0.267,0.256,84.3
660761,José Suarez,ATH,CH,341,0.249,83.0,1601.0,0.572,0.444,77.0,19.0,1.0,0.279,0.412,0.336,0.3,0.286,0.371,0.319,86.2
660761,José Suarez,ATH,SI,125,0.091,91.8,2216.0,0.496,0.298,34.0,13.0,0.0,0.433,0.6,0.483,0.419,0.0,0.094,0.344,86.8
660761,José Suarez,ATH,ST,37,0.027,77.8,2841.0,0.459,0.385,13.0,0.0,0.0,0.0,0.0,0.108,0.173,0.462,0.333,0.2,82.9
664353,José Urquidy,PHI,CH,172,0.28,83.4,2139.0,0.634,0.473,46.0,15.0,3.0,0.333,0.6,0.423,0.278,0.261,0.296,0.303,86.5
664353,José Urquidy,PHI,FF,134,0.218,92.5,2324.0,0.522,0.25,36.0,8.0,0.0,0.25,0.281,0.312,0.33,0.083,0.159,0.414,88.7
664353,José Urquidy,PHI,SI,115,0.187,93.0,2184.0,0.47,0.22,32.0,9.0,0.0,0.31,0.414,0.33,0.315,0.156,0.037,0.423,90.4
664353,José Urquidy,PHI,CU,104,0.169,77.6,2770.0,0.337,0.212,16.0,5.0,1.0,0.333,0.6,0.416,0.234,0.188,0.226,0.417,88.2
664353,José Urquidy,PHI,ST,73,0.119,80.2,2642.0,0.493,0.359,16.0,4.0,0.0,0.267,0.333,0.291,0.239,0.25,0.25,0.182,82.5
663558,Jovani Morán,BOS,FF,434,0.383,92.8,2365.0,0.412,0.221,110.0,13.0,2.0,0.153,0.259,0.305,0.324,0.191,0.159,0.288,87.1
663558,Jovani Morán,BOS,CH,399,0.352,83.2,1783.0,0.501,0.363,99.0,17.0,4.0,0.187,0.352,0.263,0.215,0.414,0.5,0.264,81.7
663558,Jovani Morán,BOS,FC,138,0.122,85.2,2564.0,0.449,0.253,23.0,5.0,2.0,0.227,0.545,0.337,0.4,0.13,0.328,0.368,84.6
663558,Jovani Morán,BOS,SI,98,0.086,92.8,2366.0,0.398,0.195,22.0,4.0,1.0,0.2,0.35,0.277,0.283,0.136,0.077,0.333,83.3
663558,Jovani Morán,BOS,ST,52,0.046,79.7,2723.0,0.538,0.387,,,,,,,,,,,
676664,Jp Sears,SD,FF,1131,0.391,92.3,2007.0,0.5,0.25,57.0,12.0,2.0,0.226,0.34,0.289,0.318,0.211,0.179,0.425,90.8
676664,Jp Sears,SD,ST,716,0.247,79.3,2305.0,0.411,0.244,13.0,3.0,2.0,0.25,0.75,0.431,0.29,0.385,0.348,0.571,90.8
676664,Jp Sears,SD,CH,464,0.16,83.8,1557.0,0.453,0.225,30.0,9.0,1.0,0.333,0.519,0.4,0.427,0.133,0.226,0.542,92.2
676664,Jp Sears,SD,SI,238,0.082,90.9,1927.0,0.5,0.299,19.0,5.0,0.0,0.333,0.333,0.384,0.427,0.053,0.1,0.429,88.3
676664,Jp Sears,SD,SL,235,0.081,80.9,2293.0,0.536,0.294,21.0,2.0,0.0,0.105,0.105,0.162,0.228,0.143,0.139,0.294,85.6
676664,Jp Sears,SD,CU,86,0.03,79.5,2354.0,0.453,0.333,,,,,,,,,,,
676664,Jp Sears,SD,FC,25,0.009,88.1,2081.0,0.52,0.333,,,,,,,,,,,
702275,Jr Ritchie,ATL,CU,325,0.272,83.0,2629.0,0.437,0.332,88.0,16.0,4.0,0.208,0.39,0.305,0.291,0.364,0.296,0.378,89.6
702275,Jr Ritchie,ATL,SI,254,0.213,94.2,2308.0,0.343,0.139,59.0,7.0,0.0,0.149,0.213,0.267,0.364,0.068,0.103,0.364,86.6
702275,Jr Ritchie,ATL,FF,231,0.193,94.7,2361.0,0.368,0.191,60.0,12.0,4.0,0.25,0.562,0.411,0.35,0.233,0.212,0.441,90.1
702275,Jr Ritchie,ATL,CH,208,0.174,88.1,1664.0,0.529,0.354,58.0,14.0,3.0,0.269,0.462,0.356,0.332,0.241,0.236,0.462,91.7
702275,Jr Ritchie,ATL,FC,101,0.085,89.2,2478.0,0.416,0.23,21.0,6.0,0.0,0.4,0.6,0.507,0.453,0.048,0.167,0.286,85.8
702275,Jr Ritchie,ATL,SL,72,0.06,85.1,2560.0,0.458,0.286,13.0,2.0,1.0,0.167,0.417,0.277,0.319,0.077,0.121,0.364,88.5
664141,Jt Brubaker,SF,SI,682,0.462,93.6,2236.0,0.412,0.202,113.0,25.0,3.0,0.253,0.424,0.338,0.383,0.159,0.077,0.488,91.2
664141,Jt Brubaker,SF,SL,378,0.256,86.9,2578.0,0.497,0.376,65.0,11.0,2.0,0.2,0.345,0.283,0.296,0.169,0.353,0.217,83.7
664141,Jt Brubaker,SF,CH,210,0.142,88.4,1991.0,0.486,0.374,35.0,5.0,0.0,0.156,0.156,0.194,0.257,0.114,0.172,0.185,82.7
664141,Jt Brubaker,SF,CU,136,0.092,81.8,2718.0,0.412,0.337,22.0,4.0,0.0,0.211,0.263,0.275,0.342,0.227,0.212,0.214,87.3
664141,Jt Brubaker,SF,FF,63,0.043,93.2,2110.0,0.587,0.4,17.0,4.0,0.0,0.267,0.333,0.315,0.411,0.059,0.056,0.571,90.8
686228,Juan Burgos,AZ,FC,92,0.332,91.8,2470.0,0.446,0.34,,,,,,,,,,,
686228,Juan Burgos,AZ,SI,91,0.329,95.9,2411.0,0.418,0.208,,,,,,,,,,,
686228,Juan Burgos,AZ,ST,82,0.296,85.3,2819.0,0.598,0.421,,,,,,,,,,,
675848,Juan Mejia,COL,FF,1406,0.595,96.8,2524.0,0.482,0.267,173.0,50.0,2.0,0.352,0.451,0.415,0.374,0.145,0.165,0.413,87.9
675848,Juan Mejia,COL,ST,829,0.351,83.6,2859.0,0.458,0.353,112.0,20.0,4.0,0.2,0.35,0.272,0.279,0.321,0.332,0.348,88.5
675848,Juan Mejia,COL,SI,60,0.025,96.0,2490.0,0.517,0.407,15.0,2.0,0.0,0.154,0.231,0.218,0.208,0.133,0.161,0.333,84.5
675848,Juan Mejia,COL,CH,28,0.012,93.2,2057.0,0.357,0.125,,,,,,,,,,,
675848,Juan Mejia,COL,SL,24,0.01,87.9,2860.0,0.375,0.25,,,,,,,,,,,
666661,Juan Morillo,AZ,FF,771,0.47,98.8,2249.0,0.505,0.278,123.0,16.0,1.0,0.148,0.222,0.229,0.215,0.382,0.264,0.381,89.6
666661,Juan Morillo,AZ,SI,316,0.193,98.7,2200.0,0.535,0.45,46.0,6.0,0.0,0.158,0.184,0.266,0.28,0.065,0.162,0.229,81.2
666661,Juan Morillo,AZ,CH,298,0.182,92.3,2239.0,0.493,0.385,65.0,12.0,1.0,0.203,0.305,0.26,0.221,0.277,0.33,0.214,81.2
666661,Juan Morillo,AZ,SL,251,0.153,87.2,2642.0,0.382,0.239,22.0,8.0,1.0,0.4,0.65,0.441,0.385,0.227,0.409,0.529,91.4
687924,Julian Aguiar,CIN,SI,22,0.407,93.3,2090.0,0.591,0.364,,,,,,,,,,,
642759,Julian Fernández,WSH,FF,94,0.639,96.9,2382.0,0.489,0.25,12.0,3.0,1.0,0.3,0.6,0.45,0.393,0.0,0.143,0.636,87.4
642759,Julian Fernández,WSH,CH,53,0.361,86.7,1669.0,0.396,0.256,,,,,,,,,,,
670062,Julian Garcia,CIN,ST,368,0.516,82.4,2956.0,0.514,0.392,98.0,18.0,5.0,0.194,0.409,0.261,0.236,0.265,0.307,0.271,85.6
670062,Julian Garcia,CIN,FF,217,0.304,92.4,2702.0,0.396,0.134,59.0,8.0,1.0,0.178,0.267,0.318,0.324,0.203,0.14,0.469,90.0
670062,Julian Garcia,CIN,SL,127,0.178,85.6,2972.0,0.425,0.216,22.0,3.0,1.0,0.158,0.316,0.268,0.251,0.136,0.259,0.25,83.0
677865,Justin Bruihl,STL,SI,676,0.44,90.2,2169.0,0.432,0.261,152.0,36.0,1.0,0.283,0.354,0.34,0.373,0.059,0.081,0.45,87.2
677865,Justin Bruihl,STL,ST,619,0.403,78.0,2556.0,0.46,0.298,136.0,27.0,2.0,0.225,0.333,0.288,0.273,0.243,0.225,0.283,84.1
677865,Justin Bruihl,STL,CH,112,0.073,80.3,1429.0,0.42,0.337,27.0,3.0,0.0,0.12,0.24,0.224,0.236,0.185,0.277,0.143,80.4
677865,Justin Bruihl,STL,FF,79,0.051,91.7,2255.0,0.38,0.237,17.0,5.0,1.0,0.357,0.643,0.485,0.333,0.353,0.2,0.222,81.6
677865,Justin Bruihl,STL,FC,28,0.018,87.2,2446.0,0.571,0.333,,,,,,,,,,,
663795,Justin Hagenman,NYM,FC,143,0.321,86.4,2369.0,0.566,0.41,,,,,,,,,,,
663795,Justin Hagenman,NYM,CH,99,0.222,86.6,1765.0,0.515,0.328,,,,,,,,,,,
663795,Justin Hagenman,NYM,SI,96,0.216,93.0,2228.0,0.354,0.12,,,,,,,,,,,
663795,Justin Hagenman,NYM,SL,79,0.178,84.2,2509.0,0.582,0.354,,,,,,,,,,,
663795,Justin Hagenman,NYM,FF,28,0.063,90.8,2087.0,0.214,0.067,,,,,,,,,,,
664875,Justin Lawrence,WSH,ST,434,0.449,82.4,2982.0,0.357,0.259,67.0,9.0,3.0,0.161,0.357,0.296,0.265,0.463,0.42,0.32,89.2
664875,Justin Lawrence,WSH,SI,402,0.416,95.4,2404.0,0.423,0.219,87.0,24.0,4.0,0.369,0.677,0.541,0.479,0.034,0.127,0.492,89.4
664875,Justin Lawrence,WSH,FF,118,0.122,95.5,2497.0,0.525,0.312,22.0,6.0,2.0,0.286,0.667,0.409,0.338,0.409,0.224,0.333,89.0
679885,Justin Martinez,AZ,SI,154,0.33,100.3,2114.0,0.403,0.197,14.0,3.0,0.0,0.25,0.25,0.357,0.319,0.071,0.077,0.4,88.8
679885,Justin Martinez,AZ,FF,144,0.308,100.8,2282.0,0.396,0.195,18.0,1.0,0.0,0.067,0.067,0.128,0.128,0.333,0.286,0.1,83.9
679885,Justin Martinez,AZ,FS,132,0.283,88.8,711.0,0.386,0.271,15.0,1.0,0.0,0.083,0.25,0.247,0.198,0.533,0.455,0.5,84.8
679885,Justin Martinez,AZ,SL,33,0.071,91.9,2367.0,0.273,0.067,,,,,,,,,,,
686580,Justin Slaten,BOS,FC,383,0.378,93.2,2556.0,0.473,0.253,48.0,16.0,2.0,0.372,0.581,0.438,0.367,0.146,0.184,0.436,88.0
686580,Justin Slaten,BOS,FF,308,0.304,96.7,2459.0,0.591,0.328,37.0,10.0,1.0,0.286,0.429,0.354,0.251,0.351,0.171,0.455,89.6
686580,Justin Slaten,BOS,ST,144,0.142,85.7,2633.0,0.514,0.376,26.0,4.0,1.0,0.167,0.333,0.248,0.158,0.423,0.415,0.231,84.7
686580,Justin Slaten,BOS,CU,107,0.106,84.8,2742.0,0.514,0.379,,,,,,,,,,,
686580,Justin Slaten,BOS,SI,65,0.064,97.3,2380.0,0.523,0.333,19.0,3.0,0.0,0.167,0.167,0.226,0.273,0.211,0.265,0.214,84.2
686993,Justin Sterner,ATH,FF,857,0.468,93.5,2361.0,0.517,0.278,70.0,17.0,4.0,0.274,0.532,0.38,0.345,0.171,0.173,0.5,90.0
686993,Justin Sterner,ATH,FC,575,0.314,87.9,2673.0,0.515,0.352,65.0,20.0,3.0,0.333,0.55,0.42,0.306,0.154,0.29,0.431,88.4
686993,Justin Sterner,ATH,ST,386,0.211,81.4,2723.0,0.474,0.373,47.0,8.0,4.0,0.178,0.467,0.269,0.196,0.383,0.423,0.393,83.5
623437,Justin Topa,NYY,SI,517,0.368,93.9,2183.0,0.455,0.196,43.0,17.0,1.0,0.459,0.568,0.508,0.398,0.116,0.099,0.5,93.1
623437,Justin Topa,NYY,ST,369,0.263,82.6,2631.0,0.39,0.301,17.0,5.0,2.0,0.312,0.75,0.509,0.425,0.176,0.207,0.308,88.7
623437,Justin Topa,NYY,FC,305,0.217,91.3,2325.0,0.534,0.349,25.0,3.0,1.0,0.167,0.333,0.348,0.349,0.08,0.157,0.375,85.7
623437,Justin Topa,NYY,CH,201,0.143,86.9,1840.0,0.502,0.333,21.0,6.0,0.0,0.316,0.421,0.29,0.277,0.238,0.2,0.438,89.2
434378,Justin Verlander,DET,FF,1216,0.452,93.9,2433.0,0.483,0.261,,,,,,,,,,,
434378,Justin Verlander,DET,SL,629,0.234,87.1,2500.0,0.574,0.355,,,,,,,,,,,
434378,Justin Verlander,DET,CU,395,0.147,78.5,2746.0,0.372,0.264,,,,,,,,,,,
434378,Justin Verlander,DET,CH,230,0.085,84.6,1728.0,0.461,0.244,,,,,,,,,,,
434378,Justin Verlander,DET,ST,208,0.077,80.7,2670.0,0.457,0.252,,,,,,,,,,,
680736,Justin Wrobleski,LAD,FF,1339,0.419,95.0,2451.0,0.516,0.341,269.0,49.0,10.0,0.2,0.343,0.279,0.305,0.268,0.224,0.431,88.8
680736,Justin Wrobleski,LAD,SL,858,0.269,86.9,2453.0,0.523,0.326,169.0,34.0,6.0,0.214,0.377,0.295,0.316,0.195,0.189,0.508,91.9
680736,Justin Wrobleski,LAD,SI,396,0.124,94.5,2166.0,0.444,0.252,62.0,19.0,2.0,0.328,0.483,0.388,0.371,0.048,0.069,0.309,86.5
680736,Justin Wrobleski,LAD,CU,192,0.06,78.2,2314.0,0.438,0.214,18.0,7.0,0.0,0.389,0.667,0.447,0.371,0.0,0.071,0.5,87.9
680736,Justin Wrobleski,LAD,FC,184,0.058,91.9,2461.0,0.565,0.319,,,,,,,,,,,
680736,Justin Wrobleski,LAD,CH,143,0.045,86.2,1461.0,0.378,0.21,23.0,5.0,0.0,0.217,0.217,0.235,0.329,0.087,0.182,0.333,88.1
680736,Justin Wrobleski,LAD,ST,71,0.022,84.8,2644.0,0.423,0.261,16.0,6.0,1.0,0.375,0.562,0.406,0.407,0.188,0.1,0.385,87.6
807739,Kade Anderson,SEA,FF,195,0.405,93.4,2039.0,0.59,0.294,52.0,14.0,2.0,0.304,0.522,0.392,0.364,0.173,0.183,0.514,89.1
807739,Kade Anderson,SEA,SL,117,0.243,87.8,2337.0,0.564,0.34,37.0,9.0,1.0,0.257,0.429,0.296,0.273,0.27,0.227,0.385,86.1
807739,Kade Anderson,SEA,CH,87,0.18,84.5,1515.0,0.621,0.4,26.0,6.0,1.0,0.25,0.375,0.277,0.278,0.154,0.296,0.381,87.9
807739,Kade Anderson,SEA,CU,76,0.158,81.9,2542.0,0.303,0.342,14.0,2.0,0.0,0.143,0.143,0.129,0.226,0.357,0.348,0.222,84.7
695034,Kade Morris,ATH,SI,121,0.375,93.6,2056.0,0.554,0.361,37.0,15.0,1.0,0.484,0.677,0.518,0.37,0.054,0.09,0.5,91.0
695034,Kade Morris,ATH,FF,59,0.183,94.5,2302.0,0.559,0.227,19.0,5.0,2.0,0.312,0.688,0.463,0.404,0.053,0.061,0.467,92.4
695034,Kade Morris,ATH,SL,53,0.164,88.3,2138.0,0.377,0.179,,,,,,,,,,,
695034,Kade Morris,ATH,CH,42,0.13,88.3,1739.0,0.548,0.455,11.0,6.0,1.0,0.545,0.909,0.623,0.482,0.091,0.217,0.364,90.0
695034,Kade Morris,ATH,ST,30,0.093,81.5,2493.0,0.367,0.238,,,,,,,,,,,
695034,Kade Morris,ATH,CU,17,0.053,76.8,2608.0,0.235,0.154,,,,,,,,,,,
669704,Kade Strowd,AZ,FC,209,0.449,91.6,2574.0,0.45,0.299,12.0,2.0,0.0,0.286,0.286,0.442,0.486,0.083,0.0,0.167,74.8
669704,Kade Strowd,AZ,FF,76,0.163,95.8,2341.0,0.382,0.176,,,,,,,,,,,
669704,Kade Strowd,AZ,SI,68,0.146,96.1,2247.0,0.368,0.1,,,,,,,,,,,
669704,Kade Strowd,AZ,CU,59,0.127,83.1,2943.0,0.542,0.4,,,,,,,,,,,
669704,Kade Strowd,AZ,ST,53,0.114,84.6,2814.0,0.585,0.345,,,,,,,,,,,
678906,Kai-Wei Teng,HOU,ST,669,0.364,84.3,2744.0,0.472,0.369,134.0,22.0,3.0,0.191,0.348,0.297,0.314,0.291,0.3,0.307,86.4
678906,Kai-Wei Teng,HOU,FF,488,0.265,93.3,2494.0,0.459,0.228,87.0,23.0,4.0,0.299,0.506,0.394,0.334,0.161,0.171,0.391,90.2
678906,Kai-Wei Teng,HOU,SI,280,0.152,93.1,2404.0,0.35,0.189,48.0,10.0,1.0,0.263,0.421,0.405,0.392,0.062,0.179,0.529,91.4
678906,Kai-Wei Teng,HOU,CU,195,0.106,82.6,2655.0,0.379,0.2,28.0,5.0,1.0,0.217,0.348,0.325,0.309,0.429,0.4,0.455,92.1
678906,Kai-Wei Teng,HOU,CH,186,0.101,87.2,1688.0,0.452,0.277,30.0,9.0,1.0,0.31,0.483,0.353,0.407,0.133,0.259,0.44,88.5
678906,Kai-Wei Teng,HOU,SL,21,0.011,85.5,2677.0,0.429,0.412,,,,,,,,,,,
676775,Keaton Winn,SF,FS,366,0.45,89.3,1551.0,0.546,0.358,83.0,13.0,1.0,0.186,0.286,0.28,0.287,0.289,0.325,0.292,84.8
676775,Keaton Winn,SF,FF,201,0.247,96.0,2341.0,0.453,0.196,37.0,12.0,2.0,0.375,0.719,0.507,0.432,0.135,0.087,0.481,94.2
676775,Keaton Winn,SF,SI,186,0.229,95.3,2311.0,0.403,0.186,40.0,6.0,0.0,0.162,0.162,0.21,0.259,0.0,0.068,0.324,85.7
676775,Keaton Winn,SF,SL,56,0.069,88.3,2286.0,0.482,0.281,15.0,3.0,0.0,0.214,0.214,0.18,0.26,0.267,0.304,0.182,76.8
669211,Keegan Akin,BAL,FF,762,0.505,93.7,2363.0,0.504,0.274,46.0,9.0,1.0,0.237,0.421,0.318,0.291,0.239,0.143,0.419,89.6
669211,Keegan Akin,BAL,SL,414,0.274,85.9,2551.0,0.478,0.307,32.0,9.0,1.0,0.3,0.433,0.37,0.3,0.031,0.19,0.172,84.3
669211,Keegan Akin,BAL,CH,325,0.215,86.6,2083.0,0.529,0.309,34.0,11.0,1.0,0.344,0.5,0.412,0.306,0.147,0.2,0.25,78.3
624522,Keegan Thompson,COL,FF,56,0.287,92.3,2445.0,0.536,0.357,21.0,7.0,1.0,0.368,0.684,0.469,0.427,0.19,0.167,0.4,91.6
624522,Keegan Thompson,COL,FC,47,0.241,88.3,2683.0,0.574,0.278,13.0,3.0,0.0,0.25,0.5,0.288,0.28,0.154,0.259,0.818,94.6
624522,Keegan Thompson,COL,SI,44,0.226,92.1,2512.0,0.477,0.176,13.0,7.0,0.0,0.538,0.615,0.512,0.55,0.154,0.143,0.545,97.0
624522,Keegan Thompson,COL,ST,19,0.097,83.5,2818.0,0.421,0.286,,,,,,,,,,,
624522,Keegan Thompson,COL,CU,16,0.082,80.4,2563.0,0.375,0.222,,,,,,,,,,,
672456,Keider Montero,DET,FF,1144,0.302,94.1,2229.0,0.47,0.221,180.0,34.0,5.0,0.207,0.341,0.276,0.309,0.144,0.113,0.406,89.4
672456,Keider Montero,DET,SI,822,0.217,94.3,2226.0,0.443,0.246,151.0,32.0,3.0,0.235,0.36,0.305,0.324,0.093,0.084,0.416,88.7
672456,Keider Montero,DET,SL,774,0.205,85.2,2640.0,0.492,0.329,116.0,21.0,1.0,0.198,0.283,0.246,0.234,0.302,0.256,0.27,87.7
672456,Keider Montero,DET,KC,533,0.141,79.8,2898.0,0.499,0.326,88.0,23.0,6.0,0.274,0.56,0.367,0.329,0.193,0.18,0.377,87.2
672456,Keider Montero,DET,CH,503,0.133,86.9,1980.0,0.485,0.26,88.0,14.0,2.0,0.167,0.286,0.226,0.231,0.17,0.26,0.275,84.1
686610,Ken Waldichuk,WSH,CU,61,0.409,81.5,2331.0,0.459,0.294,17.0,3.0,1.0,0.188,0.375,0.306,0.264,0.294,0.357,0.364,86.6
686610,Ken Waldichuk,WSH,FF,49,0.329,93.1,2408.0,0.347,0.133,16.0,3.0,1.0,0.273,0.545,0.456,0.444,0.125,0.059,0.333,76.1
686610,Ken Waldichuk,WSH,FC,27,0.181,87.6,2326.0,0.519,0.429,,,,,,,,,,,
696070,Kendry Rojas,MIN,FF,226,0.434,96.0,2253.0,0.438,0.235,53.0,8.0,1.0,0.19,0.286,0.305,0.26,0.34,0.273,0.2,83.1
696070,Kendry Rojas,MIN,SL,144,0.276,89.0,2401.0,0.417,0.302,38.0,8.0,1.0,0.258,0.419,0.366,0.321,0.263,0.317,0.333,79.5
696070,Kendry Rojas,MIN,CH,76,0.146,89.0,1416.0,0.487,0.279,20.0,4.0,0.0,0.222,0.333,0.311,0.262,0.2,0.243,0.5,85.1
696070,Kendry Rojas,MIN,SI,75,0.144,94.8,2034.0,0.373,0.171,19.0,3.0,0.0,0.231,0.231,0.363,0.325,0.105,0.071,0.273,91.4
445276,Kenley Jansen,DET,FC,1298,0.814,92.7,2629.0,0.519,0.262,134.0,19.0,5.0,0.17,0.321,0.284,0.324,0.239,0.224,0.407,87.5
445276,Kenley Jansen,DET,SI,128,0.08,93.5,2344.0,0.508,0.375,19.0,3.0,2.0,0.167,0.5,0.258,0.249,0.474,0.276,0.5,94.8
445276,Kenley Jansen,DET,SL,126,0.079,84.3,2493.0,0.611,0.464,23.0,2.0,0.0,0.095,0.095,0.139,0.179,0.348,0.342,0.077,83.4
445276,Kenley Jansen,DET,ST,29,0.018,82.0,2513.0,0.552,0.353,,,,,,,,,,,
592288,Kent Emanuel,CIN,SI,27,0.281,89.9,2132.0,0.519,0.0,10.0,2.0,0.0,0.25,0.375,0.355,0.329,0.0,0.0,0.5,90.0
592288,Kent Emanuel,CIN,ST,26,0.271,78.2,2614.0,0.385,0.312,,,,,,,,,,,
592288,Kent Emanuel,CIN,CH,23,0.24,82.3,1723.0,0.391,0.333,,,,,,,,,,,
592288,Kent Emanuel,CIN,SL,20,0.208,85.6,2362.0,0.5,0.308,,,,,,,,,,,
665645,Kervin Castro,NYY,FF,49,0.521,93.9,2388.0,0.469,0.345,,,,,,,,,,,
665645,Kervin Castro,NYY,FC,18,0.191,92.5,2399.0,0.667,0.286,,,,,,,,,,,
665645,Kervin Castro,NYY,SI,16,0.17,93.5,2259.0,0.625,0.5,,,,,,,,,,,
592332,Kevin Gausman,CHC,FF,3148,0.521,94.2,2277.0,0.523,0.281,416.0,110.0,13.0,0.288,0.45,0.351,0.343,0.197,0.12,0.477,90.7
592332,Kevin Gausman,CHC,FS,2331,0.386,84.4,1626.0,0.523,0.394,289.0,56.0,8.0,0.208,0.331,0.266,0.243,0.315,0.411,0.242,82.9
592332,Kevin Gausman,CHC,SL,518,0.086,83.6,2295.0,0.363,0.214,40.0,12.0,5.0,0.324,0.757,0.469,0.433,0.225,0.347,0.571,89.4
592332,Kevin Gausman,CHC,ST,21,0.003,79.1,2448.0,0.286,0.267,,,,,,,,,,,
656464,Kevin Ginkel,AZ,FF,740,0.477,95.5,2415.0,0.481,0.287,112.0,29.0,6.0,0.29,0.54,0.385,0.372,0.188,0.156,0.524,89.7
656464,Kevin Ginkel,AZ,SL,713,0.46,85.4,2401.0,0.502,0.379,134.0,21.0,3.0,0.167,0.278,0.217,0.233,0.321,0.402,0.349,89.8
656464,Kevin Ginkel,AZ,SI,91,0.059,94.8,2256.0,0.473,0.364,19.0,7.0,0.0,0.389,0.5,0.453,0.317,0.053,0.103,0.059,74.9
643361,Kevin Herget,NYM,FF,99,0.436,92.0,2230.0,0.485,0.256,,,,,,,,,,,
643361,Kevin Herget,NYM,CH,83,0.366,81.3,2020.0,0.458,0.244,,,,,,,,,,,
643361,Kevin Herget,NYM,FC,43,0.189,86.8,2224.0,0.512,0.176,,,,,,,,,,,
687330,Kevin Kelly,TB,SI,910,0.575,91.2,2087.0,0.484,0.297,157.0,38.0,4.0,0.259,0.388,0.322,0.332,0.127,0.138,0.438,89.0
687330,Kevin Kelly,TB,CH,274,0.173,85.9,1878.0,0.551,0.428,80.0,12.0,1.0,0.152,0.203,0.173,0.229,0.338,0.325,0.5,90.7
687330,Kevin Kelly,TB,ST,184,0.116,78.5,2620.0,0.435,0.239,14.0,2.0,1.0,0.143,0.429,0.296,0.208,0.286,0.2,0.2,84.6
687330,Kevin Kelly,TB,FF,120,0.076,92.7,2131.0,0.417,0.241,20.0,2.0,0.0,0.111,0.222,0.16,0.173,0.55,0.345,0.5,89.2
687330,Kevin Kelly,TB,FC,78,0.049,89.4,2319.0,0.41,0.294,,,,,,,,,,,
694753,Khristian Curtis,PIT,FF,122,0.35,95.4,2402.0,0.443,0.235,27.0,7.0,0.0,0.333,0.381,0.376,0.323,0.074,0.222,0.2,86.4
694753,Khristian Curtis,PIT,FC,111,0.318,91.7,2560.0,0.468,0.327,29.0,6.0,0.0,0.261,0.391,0.367,0.319,0.103,0.231,0.316,84.4
694753,Khristian Curtis,PIT,CH,62,0.178,85.8,2533.0,0.484,0.308,18.0,1.0,1.0,0.056,0.222,0.111,0.24,0.111,0.2,0.312,82.7
694753,Khristian Curtis,PIT,SL,39,0.112,85.5,2714.0,0.59,0.556,11.0,0.0,0.0,0.0,0.0,0.127,0.273,0.455,0.261,0.5,91.4
694753,Khristian Curtis,PIT,CU,15,0.043,77.2,2661.0,0.133,0.0,,,,,,,,,,,
489446,Kirby Yates,PIT,FF,886,0.616,91.7,2322.0,0.541,0.296,117.0,22.0,1.0,0.218,0.307,0.278,0.266,0.308,0.226,0.471,90.6
489446,Kirby Yates,PIT,FS,541,0.376,85.3,1229.0,0.475,0.343,53.0,9.0,1.0,0.2,0.311,0.309,0.314,0.208,0.33,0.441,89.3
673540,Kodai Senga,NYM,FF,1078,0.355,95.4,2377.0,0.445,0.181,118.0,28.0,6.0,0.28,0.55,0.397,0.384,0.203,0.126,0.39,90.3
673540,Kodai Senga,NYM,FC,540,0.178,89.7,2458.0,0.45,0.227,38.0,10.0,1.0,0.345,0.517,0.45,0.357,0.053,0.221,0.259,83.4
673540,Kodai Senga,NYM,ST,239,0.079,80.6,2565.0,0.314,0.15,14.0,7.0,1.0,0.538,0.846,0.604,0.535,0.0,0.222,0.615,91.3
673540,Kodai Senga,NYM,SI,150,0.049,89.0,2215.0,0.373,0.177,,,,,,,,,,,
673540,Kodai Senga,NYM,SL,144,0.047,85.1,2500.0,0.542,0.329,22.0,5.0,4.0,0.25,0.9,0.484,0.387,0.273,0.488,0.5,88.8
673540,Kodai Senga,NYM,CU,34,0.011,68.3,2431.0,0.147,0.091,,,,,,,,,,,
681892,Kody Funderburk,MIN,SI,532,0.334,93.1,2350.0,0.378,0.2,73.0,15.0,2.0,0.25,0.4,0.371,0.34,0.164,0.126,0.294,81.1
681892,Kody Funderburk,MIN,FC,482,0.303,92.4,2298.0,0.508,0.296,71.0,14.0,0.0,0.233,0.267,0.296,0.259,0.268,0.298,0.244,81.2
681892,Kody Funderburk,MIN,ST,316,0.198,81.8,2466.0,0.396,0.275,55.0,7.0,1.0,0.146,0.208,0.211,0.286,0.291,0.203,0.212,81.9
681892,Kody Funderburk,MIN,CH,138,0.087,89.0,1869.0,0.464,0.254,13.0,6.0,0.0,0.545,0.545,0.469,0.381,0.0,0.095,0.5,88.7
681892,Kody Funderburk,MIN,SL,114,0.072,86.7,2433.0,0.395,0.182,,,,,,,,,,,
684442,Kohl Drake,AZ,FF,165,0.432,91.6,2272.0,0.473,0.2,51.0,13.0,1.0,0.302,0.512,0.375,0.405,0.176,0.103,0.556,91.4
684442,Kohl Drake,AZ,CH,73,0.191,81.6,1903.0,0.493,0.462,18.0,2.0,1.0,0.118,0.294,0.2,0.21,0.333,0.333,0.182,75.5
684442,Kohl Drake,AZ,CU,65,0.17,78.5,2513.0,0.277,0.105,,,,,,,,,,,
684442,Kohl Drake,AZ,FC,44,0.115,86.2,2285.0,0.409,0.174,,,,,,,,,,,
684442,Kohl Drake,AZ,SL,35,0.092,81.7,2380.0,0.486,0.125,,,,,,,,,,,
663465,Kolby Allard,CLE,FF,449,0.376,90.0,2020.0,0.49,0.281,13.0,5.0,0.0,0.455,0.545,0.481,0.372,0.308,0.069,0.429,95.1
663465,Kolby Allard,CLE,CH,233,0.195,81.6,1536.0,0.567,0.323,,,,,,,,,,,
663465,Kolby Allard,CLE,FC,233,0.195,84.6,2030.0,0.472,0.255,11.0,4.0,0.0,0.364,0.636,0.423,0.358,0.273,0.25,0.375,82.8
663465,Kolby Allard,CLE,CU,156,0.131,72.0,1857.0,0.391,0.183,,,,,,,,,,,
663465,Kolby Allard,CLE,SI,106,0.089,90.5,1997.0,0.547,0.333,,,,,,,,,,,
663460,Kris Bubic,LAD,FF,1043,0.391,92.1,2410.0,0.481,0.249,91.0,16.0,2.0,0.216,0.378,0.336,0.366,0.253,0.223,0.373,90.7
663460,Kris Bubic,LAD,CH,558,0.209,85.6,1574.0,0.559,0.411,43.0,5.0,0.0,0.122,0.122,0.158,0.215,0.256,0.298,0.355,88.5
663460,Kris Bubic,LAD,ST,519,0.194,82.8,2665.0,0.432,0.311,36.0,9.0,2.0,0.257,0.514,0.335,0.307,0.361,0.25,0.364,89.8
663460,Kris Bubic,LAD,SL,318,0.119,85.4,2507.0,0.465,0.321,21.0,4.0,0.0,0.211,0.211,0.238,0.259,0.381,0.333,0.364,86.9
663460,Kris Bubic,LAD,SI,227,0.085,91.5,2250.0,0.449,0.237,30.0,5.0,0.0,0.208,0.25,0.302,0.362,0.0,0.082,0.5,87.4
677958,Kumar Rocker,TEX,SL,1087,0.306,83.3,2185.0,0.489,0.388,232.0,44.0,5.0,0.201,0.333,0.249,0.226,0.401,0.408,0.349,86.6
677958,Kumar Rocker,TEX,SI,1016,0.286,94.7,2143.0,0.475,0.222,217.0,56.0,6.0,0.306,0.464,0.407,0.377,0.065,0.08,0.444,89.2
677958,Kumar Rocker,TEX,FC,633,0.178,90.1,2185.0,0.517,0.345,75.0,22.0,4.0,0.333,0.621,0.436,0.435,0.133,0.194,0.446,90.5
677958,Kumar Rocker,TEX,FF,572,0.161,95.0,2171.0,0.497,0.24,82.0,17.0,3.0,0.233,0.411,0.321,0.339,0.195,0.189,0.333,90.6
677958,Kumar Rocker,TEX,CH,150,0.042,89.1,1632.0,0.493,0.247,18.0,4.0,1.0,0.235,0.412,0.261,0.491,0.056,0.243,0.471,92.7
677958,Kumar Rocker,TEX,CU,71,0.02,77.5,2272.0,0.183,0.119,,,,,,,,,,,
677958,Kumar Rocker,TEX,FS,20,0.006,88.0,1602.0,0.35,0.083,,,,,,,,,,,
679775,Kyle Backhus,PHI,SI,469,0.598,90.9,2228.0,0.446,0.22,58.0,18.0,1.0,0.353,0.431,0.404,0.377,0.172,0.092,0.357,86.7
679775,Kyle Backhus,PHI,ST,237,0.302,78.4,2174.0,0.456,0.321,29.0,5.0,2.0,0.185,0.519,0.291,0.194,0.31,0.34,0.211,84.1
679775,Kyle Backhus,PHI,CH,78,0.099,79.3,1553.0,0.359,0.263,,,,,,,,,,,
680694,Kyle Bradish,BAL,SI,1122,0.359,94.8,2187.0,0.423,0.235,284.0,60.0,4.0,0.244,0.35,0.316,0.319,0.197,0.095,0.398,88.9
680694,Kyle Bradish,BAL,SL,794,0.254,87.3,2606.0,0.508,0.378,145.0,34.0,10.0,0.266,0.586,0.402,0.334,0.276,0.349,0.341,85.5
680694,Kyle Bradish,BAL,CU,635,0.203,84.8,2645.0,0.461,0.345,120.0,27.0,4.0,0.241,0.411,0.3,0.26,0.283,0.341,0.427,90.9
680694,Kyle Bradish,BAL,FF,558,0.179,94.2,2404.0,0.432,0.23,113.0,34.0,2.0,0.343,0.485,0.418,0.39,0.106,0.131,0.375,86.0
640448,Kyle Finnegan,DET,FF,1041,0.542,96.2,2230.0,0.465,0.231,148.0,42.0,6.0,0.347,0.57,0.459,0.417,0.142,0.158,0.5,91.4
640448,Kyle Finnegan,DET,FS,650,0.339,87.3,1048.0,0.503,0.324,83.0,16.0,2.0,0.211,0.329,0.272,0.257,0.241,0.304,0.357,86.8
640448,Kyle Finnegan,DET,SL,217,0.113,85.3,2184.0,0.502,0.271,40.0,9.0,2.0,0.25,0.417,0.328,0.381,0.15,0.348,0.433,86.3
607536,Kyle Freeland,COL,FF,1328,0.288,91.5,2395.0,0.505,0.226,127.0,40.0,9.0,0.357,0.696,0.476,0.397,0.11,0.103,0.444,91.3
607536,Kyle Freeland,COL,KC,1114,0.241,82.5,2383.0,0.499,0.388,137.0,36.0,8.0,0.283,0.559,0.381,0.334,0.299,0.324,0.523,93.0
607536,Kyle Freeland,COL,FC,842,0.182,87.5,2372.0,0.517,0.272,115.0,38.0,5.0,0.342,0.577,0.411,0.379,0.113,0.18,0.408,88.3
607536,Kyle Freeland,COL,ST,532,0.115,83.2,2328.0,0.551,0.393,75.0,11.0,2.0,0.157,0.286,0.222,0.253,0.32,0.281,0.255,84.0
607536,Kyle Freeland,COL,CH,433,0.094,86.2,1604.0,0.487,0.296,88.0,26.0,2.0,0.302,0.465,0.374,0.366,0.114,0.197,0.533,93.5
607536,Kyle Freeland,COL,SI,358,0.078,91.2,2306.0,0.508,0.303,51.0,19.0,1.0,0.388,0.612,0.439,0.379,0.078,0.125,0.378,88.0
690986,Kyle Harrison,MIL,FF,1525,0.571,94.7,2351.0,0.527,0.326,285.0,71.0,13.0,0.277,0.492,0.37,0.323,0.295,0.252,0.444,91.2
690986,Kyle Harrison,MIL,CH,235,0.088,85.9,1413.0,0.477,0.309,42.0,13.0,4.0,0.325,0.65,0.446,0.371,0.167,0.239,0.424,90.2
690986,Kyle Harrison,MIL,SI,50,0.019,94.0,2269.0,0.44,0.5,,,,,,,,,,,
690986,Kyle Harrison,MIL,FC,23,0.009,86.9,2103.0,0.304,0.25,,,,,,,,,,,
606996,Kyle Hart,SD,ST,492,0.284,82.3,2690.0,0.425,0.286,59.0,14.0,2.0,0.255,0.455,0.328,0.29,0.169,0.237,0.348,86.2
606996,Kyle Hart,SD,SI,479,0.276,93.0,2140.0,0.384,0.196,81.0,12.0,0.0,0.169,0.183,0.215,0.238,0.247,0.125,0.192,85.0
606996,Kyle Hart,SD,FS,242,0.139,85.4,1136.0,0.475,0.363,50.0,7.0,0.0,0.167,0.262,0.238,0.221,0.32,0.38,0.179,80.7
606996,Kyle Hart,SD,SL,222,0.128,88.6,2392.0,0.482,0.21,33.0,12.0,1.0,0.387,0.645,0.483,0.436,0.061,0.182,0.452,88.5
606996,Kyle Hart,SD,FF,204,0.118,92.7,2235.0,0.466,0.182,36.0,5.0,2.0,0.172,0.448,0.337,0.371,0.25,0.053,0.429,87.0
606996,Kyle Hart,SD,CH,95,0.055,83.2,2088.0,0.463,0.333,,,,,,,,,,,
669165,Kyle Hurt,LAD,FF,409,0.548,96.6,2076.0,0.509,0.246,114.0,23.0,2.0,0.237,0.361,0.333,0.298,0.316,0.269,0.459,91.4
669165,Kyle Hurt,LAD,CH,263,0.353,88.7,1350.0,0.567,0.364,70.0,10.0,3.0,0.156,0.297,0.259,0.299,0.3,0.369,0.349,87.0
669165,Kyle Hurt,LAD,SL,70,0.094,88.0,2159.0,0.386,0.325,14.0,5.0,0.0,0.385,0.538,0.486,0.311,0.071,0.37,0.333,85.3
681517,Kyle Leahy,STL,FF,1001,0.275,94.7,2258.0,0.401,0.188,121.0,37.0,5.0,0.343,0.574,0.422,0.424,0.14,0.127,0.565,93.2
681517,Kyle Leahy,STL,SL,656,0.18,90.1,2341.0,0.515,0.245,91.0,22.0,3.0,0.259,0.412,0.313,0.323,0.154,0.22,0.423,90.1
681517,Kyle Leahy,STL,CU,618,0.17,83.3,2354.0,0.455,0.295,94.0,18.0,3.0,0.205,0.375,0.274,0.301,0.266,0.263,0.508,92.2
681517,Kyle Leahy,STL,ST,499,0.137,85.5,2657.0,0.557,0.388,76.0,21.0,1.0,0.288,0.438,0.328,0.308,0.289,0.212,0.412,89.4
681517,Kyle Leahy,STL,CH,463,0.127,89.1,1464.0,0.492,0.297,95.0,21.0,1.0,0.247,0.329,0.299,0.312,0.263,0.301,0.367,88.9
681517,Kyle Leahy,STL,SI,403,0.111,94.5,2199.0,0.496,0.289,111.0,25.0,2.0,0.25,0.34,0.324,0.328,0.225,0.092,0.486,89.6
693312,Kyle Nicolas,CIN,FF,426,0.501,97.4,2370.0,0.462,0.247,27.0,5.0,1.0,0.294,0.529,0.48,0.44,0.185,0.069,0.333,87.4
693312,Kyle Nicolas,CIN,SL,240,0.282,90.3,2568.0,0.471,0.289,,,,,,,,,,,
693312,Kyle Nicolas,CIN,CU,177,0.208,83.8,2670.0,0.316,0.212,,,,,,,,,,,
669199,Lake Bachar,PIT,FF,855,0.332,94.6,2715.0,0.49,0.258,111.0,18.0,6.0,0.186,0.402,0.297,0.311,0.153,0.146,0.388,89.0
669199,Lake Bachar,PIT,SL,582,0.226,89.5,2674.0,0.462,0.326,77.0,13.0,5.0,0.2,0.446,0.328,0.319,0.286,0.374,0.295,88.1
669199,Lake Bachar,PIT,ST,534,0.207,86.6,2949.0,0.412,0.293,59.0,12.0,1.0,0.226,0.321,0.285,0.3,0.339,0.364,0.485,92.1
669199,Lake Bachar,PIT,CU,286,0.111,86.4,2893.0,0.402,0.323,66.0,10.0,0.0,0.172,0.19,0.216,0.217,0.394,0.365,0.303,86.4
669199,Lake Bachar,PIT,FS,243,0.094,84.1,1457.0,0.453,0.304,23.0,5.0,1.0,0.238,0.381,0.335,0.284,0.174,0.348,0.062,78.4
669199,Lake Bachar,PIT,SI,62,0.024,93.2,2678.0,0.532,0.172,15.0,3.0,0.0,0.214,0.286,0.25,0.257,0.0,0.121,0.286,88.4
621121,Lance Mccullers,MIL,ST,504,0.26,82.7,2831.0,0.403,0.22,45.0,8.0,1.0,0.229,0.4,0.363,0.3,0.333,0.283,0.35,87.2
621121,Lance Mccullers,MIL,SI,457,0.236,91.4,2173.0,0.387,0.168,43.0,8.0,2.0,0.222,0.444,0.37,0.361,0.116,0.087,0.516,92.3
621121,Lance Mccullers,MIL,CH,313,0.161,86.2,1800.0,0.403,0.212,24.0,6.0,1.0,0.261,0.435,0.315,0.293,0.25,0.362,0.412,87.2
621121,Lance Mccullers,MIL,KC,304,0.157,82.0,2926.0,0.451,0.338,32.0,6.0,1.0,0.214,0.429,0.323,0.277,0.438,0.386,0.643,96.4
621121,Lance Mccullers,MIL,FC,271,0.14,89.0,2369.0,0.406,0.205,47.0,11.0,1.0,0.275,0.45,0.376,0.366,0.17,0.174,0.484,89.6
621121,Lance Mccullers,MIL,FF,91,0.047,91.8,2243.0,0.385,0.224,,,,,,,,,,,
694738,Landen Roupp,SF,SI,1669,0.365,93.1,2080.0,0.364,0.147,226.0,46.0,6.0,0.251,0.421,0.383,0.389,0.102,0.069,0.395,88.9
694738,Landen Roupp,SF,CU,1353,0.296,76.7,3054.0,0.453,0.358,174.0,31.0,2.0,0.203,0.281,0.267,0.256,0.322,0.33,0.214,81.8
694738,Landen Roupp,SF,CH,867,0.19,86.9,1847.0,0.524,0.426,149.0,25.0,1.0,0.181,0.254,0.238,0.259,0.208,0.259,0.224,82.2
694738,Landen Roupp,SF,FC,505,0.111,89.5,2327.0,0.446,0.239,73.0,17.0,1.0,0.258,0.379,0.328,0.286,0.219,0.255,0.28,83.3
694738,Landen Roupp,SF,FF,169,0.037,92.9,2148.0,0.396,0.238,35.0,7.0,1.0,0.219,0.344,0.261,0.197,0.457,0.333,0.412,91.1
689017,Landon Knack,LAD,FF,445,0.478,93.2,2407.0,0.472,0.249,25.0,9.0,3.0,0.375,0.833,0.548,0.399,0.04,0.119,0.478,92.8
689017,Landon Knack,LAD,CH,239,0.257,84.7,1670.0,0.506,0.299,,,,,,,,,,,
689017,Landon Knack,LAD,KC,124,0.133,80.1,2898.0,0.331,0.131,,,,,,,,,,,
689017,Landon Knack,LAD,SL,122,0.131,85.7,2611.0,0.459,0.219,14.0,2.0,1.0,0.167,0.5,0.332,0.307,0.214,0.118,0.444,88.7
681751,Lazaro Estrada,TOR,FF,159,0.452,93.1,2252.0,0.478,0.271,29.0,4.0,1.0,0.2,0.35,0.355,0.371,0.207,0.195,0.533,89.2
681751,Lazaro Estrada,TOR,SL,102,0.29,85.5,2397.0,0.5,0.345,11.0,2.0,0.0,0.2,0.2,0.227,0.28,0.091,0.258,0.111,82.5
681751,Lazaro Estrada,TOR,CU,50,0.142,76.0,2616.0,0.4,0.286,,,,,,,,,,,
681751,Lazaro Estrada,TOR,FS,21,0.06,84.3,924.0,0.381,0.25,,,,,,,,,,,
681751,Lazaro Estrada,TOR,FC,15,0.043,86.3,2309.0,0.467,0.143,,,,,,,,,,,
671106,Logan Allen,CLE,FF,988,0.325,91.2,2228.0,0.446,0.2,25.0,7.0,0.0,0.35,0.45,0.428,0.28,0.16,0.116,0.588,90.6
671106,Logan Allen,CLE,ST,700,0.23,78.1,2304.0,0.39,0.22,11.0,4.0,1.0,0.4,0.8,0.523,0.414,0.091,0.333,0.333,91.5
671106,Logan Allen,CLE,CH,540,0.178,82.4,965.0,0.522,0.325,,,,,,,,,,,
671106,Logan Allen,CLE,SI,419,0.138,89.1,1968.0,0.427,0.233,12.0,3.0,0.0,0.3,0.3,0.342,0.309,0.167,0.036,0.111,88.7
671106,Logan Allen,CLE,FC,383,0.126,85.5,2275.0,0.452,0.238,23.0,7.0,2.0,0.318,0.636,0.415,0.363,0.261,0.233,0.625,94.2
669302,Logan Gilbert,SEA,FF,1967,0.387,96.0,2185.0,0.523,0.255,271.0,62.0,15.0,0.251,0.49,0.349,0.348,0.185,0.187,0.482,91.3
669302,Logan Gilbert,SEA,SL,1490,0.293,87.2,1967.0,0.507,0.341,205.0,40.0,8.0,0.22,0.418,0.314,0.309,0.268,0.351,0.432,88.4
669302,Logan Gilbert,SEA,FS,857,0.169,81.8,703.0,0.529,0.386,131.0,17.0,1.0,0.138,0.203,0.19,0.189,0.473,0.407,0.217,81.3
669302,Logan Gilbert,SEA,CU,317,0.062,81.5,2274.0,0.47,0.314,39.0,7.0,0.0,0.179,0.282,0.221,0.234,0.308,0.367,0.222,81.7
669302,Logan Gilbert,SEA,CH,211,0.041,85.8,1488.0,0.36,0.223,42.0,11.0,1.0,0.275,0.375,0.304,0.279,0.238,0.329,0.333,84.6
669302,Logan Gilbert,SEA,FC,150,0.029,91.2,2332.0,0.453,0.222,40.0,12.0,2.0,0.333,0.556,0.412,0.335,0.075,0.118,0.485,94.6
669302,Logan Gilbert,SEA,ST,54,0.011,81.7,2388.0,0.389,0.308,11.0,4.0,2.0,0.364,0.909,0.527,0.241,0.455,0.333,0.5,88.4
669302,Logan Gilbert,SEA,SI,31,0.006,94.3,2105.0,0.387,0.25,,,,,,,,,,,
701656,Logan Henderson,MIL,FF,898,0.469,93.1,2326.0,0.546,0.325,173.0,25.0,5.0,0.155,0.273,0.22,0.234,0.341,0.164,0.485,91.2
701656,Logan Henderson,MIL,CH,694,0.362,82.7,2544.0,0.527,0.349,130.0,21.0,6.0,0.171,0.358,0.247,0.245,0.323,0.359,0.21,83.1
701656,Logan Henderson,MIL,FC,262,0.137,87.8,2370.0,0.515,0.236,55.0,15.0,2.0,0.283,0.509,0.365,0.328,0.091,0.171,0.417,89.4
701656,Logan Henderson,MIL,ST,47,0.025,81.1,2350.0,0.447,0.29,15.0,3.0,1.0,0.2,0.467,0.277,0.359,0.267,0.143,0.273,80.4
701121,Logan Vanwey,HOU,FF,172,0.528,93.2,2331.0,0.5,0.264,18.0,3.0,1.0,0.176,0.353,0.235,0.154,0.278,0.279,0.538,85.1
701121,Logan Vanwey,HOU,ST,83,0.255,82.8,2435.0,0.482,0.237,11.0,4.0,0.0,0.4,0.4,0.327,0.407,0.0,0.1,0.273,88.8
701121,Logan Vanwey,HOU,CH,32,0.098,86.6,1762.0,0.5,0.435,,,,,,,,,,,
701121,Logan Vanwey,HOU,SI,27,0.083,91.9,2157.0,0.481,0.4,,,,,,,,,,,
657277,Logan Webb,SF,SI,1836,0.318,92.4,1956.0,0.42,0.198,224.0,46.0,5.0,0.231,0.352,0.312,0.354,0.098,0.116,0.511,91.0
657277,Logan Webb,SF,CH,1388,0.241,86.2,1490.0,0.56,0.448,171.0,39.0,1.0,0.242,0.329,0.287,0.283,0.263,0.263,0.331,86.6
657277,Logan Webb,SF,ST,1372,0.238,84.5,2565.0,0.374,0.273,103.0,20.0,3.0,0.217,0.337,0.297,0.311,0.282,0.204,0.349,87.7
657277,Logan Webb,SF,FF,596,0.103,92.5,2098.0,0.544,0.287,88.0,18.0,1.0,0.217,0.301,0.252,0.254,0.307,0.228,0.339,86.7
657277,Logan Webb,SF,FC,578,0.1,90.3,2275.0,0.524,0.284,80.0,24.0,3.0,0.316,0.513,0.387,0.312,0.125,0.161,0.242,82.2
642152,Lou Trivino,PHI,FC,248,0.251,91.8,2353.0,0.516,0.295,,,,,,,,,,,
642152,Lou Trivino,PHI,SI,229,0.232,95.1,2053.0,0.45,0.223,13.0,4.0,0.0,0.4,0.4,0.385,0.344,0.154,0.059,0.556,89.6
642152,Lou Trivino,PHI,ST,194,0.197,80.3,2575.0,0.376,0.257,,,,,,,,,,,
642152,Lou Trivino,PHI,CH,165,0.167,87.1,1747.0,0.455,0.206,,,,,,,,,,,
642152,Lou Trivino,PHI,FF,139,0.141,94.8,2050.0,0.489,0.238,,,,,,,,,,,
686973,Louis Varland,TOR,FF,988,0.43,98.5,2221.0,0.525,0.29,130.0,22.0,0.0,0.195,0.23,0.249,0.248,0.338,0.192,0.406,85.1
686973,Louis Varland,TOR,KC,771,0.335,87.8,2473.0,0.516,0.38,88.0,21.0,2.0,0.25,0.345,0.292,0.263,0.295,0.341,0.431,89.6
686973,Louis Varland,TOR,CH,271,0.118,92.9,1710.0,0.531,0.422,59.0,7.0,0.0,0.123,0.14,0.17,0.18,0.356,0.336,0.27,84.1
686973,Louis Varland,TOR,SL,174,0.076,91.9,2464.0,0.534,0.256,22.0,3.0,0.0,0.15,0.2,0.243,0.23,0.091,0.182,0.222,84.5
686973,Louis Varland,TOR,SI,87,0.038,97.0,2113.0,0.414,0.256,,,,,,,,,,,
668674,Lucas Erceg,KC,FF,536,0.291,97.4,2125.0,0.487,0.226,49.0,15.0,1.0,0.349,0.535,0.419,0.387,0.122,0.186,0.459,89.5
668674,Lucas Erceg,KC,SL,526,0.285,84.8,2038.0,0.466,0.304,68.0,13.0,1.0,0.22,0.322,0.299,0.239,0.265,0.261,0.262,79.4
668674,Lucas Erceg,KC,SI,473,0.257,97.2,1895.0,0.49,0.333,65.0,13.0,0.0,0.255,0.294,0.35,0.322,0.123,0.106,0.432,86.4
668674,Lucas Erceg,KC,CH,278,0.151,89.8,1904.0,0.482,0.31,30.0,13.0,3.0,0.542,1.0,0.64,0.488,0.0,0.175,0.36,90.2
608337,Lucas Giolito,SD,FF,1374,0.47,92.8,2217.0,0.441,0.23,62.0,15.0,1.0,0.319,0.404,0.41,0.434,0.081,0.157,0.643,95.0
608337,Lucas Giolito,SD,CH,725,0.248,81.0,1638.0,0.526,0.283,54.0,13.0,2.0,0.283,0.457,0.391,0.319,0.148,0.247,0.289,83.3
608337,Lucas Giolito,SD,SL,700,0.239,85.6,1948.0,0.444,0.273,13.0,2.0,0.0,0.167,0.167,0.192,0.165,0.385,0.457,0.143,85.0
608337,Lucas Giolito,SD,CU,119,0.041,78.1,2395.0,0.328,0.138,,,,,,,,,,,
608371,Lucas Sims,CWS,FF,203,0.451,94.5,2521.0,0.369,0.181,22.0,4.0,1.0,0.25,0.5,0.417,0.428,0.136,0.061,0.643,91.7
608371,Lucas Sims,CWS,ST,158,0.351,84.8,3059.0,0.392,0.253,,,,,,,,,,,
608371,Lucas Sims,CWS,SL,47,0.104,85.8,2952.0,0.404,0.25,12.0,4.0,0.0,0.444,0.444,0.45,0.276,0.167,0.235,0.125,67.6
608371,Lucas Sims,CWS,CU,24,0.053,82.3,3087.0,0.333,0.091,,,,,,,,,,,
679883,Luinder Avila,KC,SI,406,0.269,96.3,2408.0,0.461,0.263,95.0,21.0,0.0,0.276,0.342,0.36,0.363,0.147,0.162,0.387,88.4
679883,Luinder Avila,KC,FF,399,0.264,96.1,2489.0,0.426,0.221,84.0,21.0,1.0,0.296,0.423,0.374,0.344,0.155,0.141,0.322,86.0
679883,Luinder Avila,KC,SL,305,0.202,87.8,2704.0,0.397,0.296,67.0,11.0,4.0,0.193,0.456,0.347,0.3,0.313,0.316,0.27,85.5
679883,Luinder Avila,KC,CU,261,0.173,82.9,2774.0,0.425,0.327,35.0,10.0,2.0,0.333,0.633,0.41,0.382,0.114,0.24,0.429,90.8
679883,Luinder Avila,KC,CH,139,0.092,89.3,2066.0,0.41,0.242,29.0,7.0,0.0,0.25,0.321,0.275,0.285,0.31,0.37,0.389,86.7
622491,Luis Castillo,CWS,FF,2386,0.445,95.1,2234.0,0.564,0.299,252.0,52.0,13.0,0.243,0.509,0.377,0.332,0.23,0.232,0.435,89.5
622491,Luis Castillo,CWS,SL,1192,0.222,85.0,2243.0,0.454,0.313,123.0,33.0,9.0,0.287,0.6,0.402,0.331,0.195,0.251,0.387,89.4
622491,Luis Castillo,CWS,SI,1089,0.203,95.0,2052.0,0.486,0.249,120.0,35.0,1.0,0.312,0.393,0.351,0.4,0.133,0.094,0.495,89.8
622491,Luis Castillo,CWS,CH,686,0.128,87.3,1969.0,0.497,0.336,94.0,30.0,2.0,0.333,0.433,0.363,0.308,0.128,0.234,0.329,87.0
681168,Luis Curvelo,TEX,SL,187,0.357,84.4,2213.0,0.476,0.235,14.0,7.0,3.0,0.538,1.308,0.761,0.546,0.0,0.29,0.385,91.4
681168,Luis Curvelo,TEX,FF,151,0.288,96.1,2375.0,0.51,0.278,13.0,2.0,0.0,0.182,0.273,0.273,0.305,0.077,0.037,0.5,90.1
681168,Luis Curvelo,TEX,SI,119,0.227,95.2,2336.0,0.479,0.28,12.0,6.0,1.0,0.545,1.0,0.733,0.581,0.083,0.125,0.8,100.7
681168,Luis Curvelo,TEX,FS,37,0.071,83.5,1186.0,0.514,0.294,13.0,2.0,0.0,0.154,0.231,0.165,0.12,0.308,0.316,0.333,81.3
681168,Luis Curvelo,TEX,CH,18,0.034,89.0,1761.0,0.333,0.167,,,,,,,,,,,
472610,Luis García,MIN,SI,493,0.427,96.5,2189.0,0.511,0.274,38.0,15.0,1.0,0.441,0.618,0.485,0.419,0.053,0.079,0.515,90.3
472610,Luis García,MIN,ST,343,0.297,82.7,2465.0,0.431,0.251,12.0,4.0,0.0,0.333,0.583,0.388,0.374,0.083,0.3,0.455,91.4
472610,Luis García,MIN,FS,279,0.242,88.3,1331.0,0.523,0.354,18.0,3.0,0.0,0.214,0.286,0.325,0.314,0.167,0.293,0.214,72.2
472610,Luis García,MIN,FF,21,0.018,96.6,2234.0,0.714,0.556,,,,,,,,,,,
703725,Luis Gastelum,STL,CH,211,0.369,81.7,1545.0,0.583,0.479,66.0,10.0,3.0,0.161,0.355,0.234,0.248,0.47,0.496,0.344,84.9
703725,Luis Gastelum,STL,FF,180,0.315,94.1,2551.0,0.472,0.222,40.0,11.0,2.0,0.306,0.556,0.399,0.393,0.175,0.141,0.276,87.8
703725,Luis Gastelum,STL,ST,132,0.231,84.5,2400.0,0.364,0.219,28.0,10.0,1.0,0.417,0.667,0.498,0.447,0.107,0.333,0.381,86.0
703725,Luis Gastelum,STL,SI,49,0.086,93.3,2374.0,0.327,0.105,13.0,2.0,0.0,0.182,0.182,0.246,0.271,0.077,0.062,0.2,88.8
661563,Luis Gil,NYY,FF,721,0.506,95.4,2455.0,0.455,0.207,62.0,14.0,3.0,0.259,0.463,0.373,0.357,0.145,0.131,0.556,94.0
661563,Luis Gil,NYY,SL,346,0.243,86.4,2640.0,0.445,0.249,23.0,3.0,1.0,0.158,0.368,0.302,0.337,0.174,0.186,0.4,88.9
661563,Luis Gil,NYY,CH,313,0.22,90.5,1718.0,0.38,0.207,16.0,2.0,1.0,0.133,0.333,0.225,0.261,0.25,0.259,0.273,88.8
661563,Luis Gil,NYY,SI,45,0.032,94.5,2477.0,0.222,0.074,13.0,2.0,1.0,0.25,0.625,0.492,0.469,0.0,0.0,0.5,84.6
665622,Luis Medina,ATH,FF,362,0.286,97.7,2405.0,0.461,0.253,104.0,28.0,3.0,0.333,0.524,0.43,0.351,0.269,0.18,0.464,90.5
665622,Luis Medina,ATH,SI,327,0.258,97.3,2410.0,0.422,0.191,78.0,18.0,1.0,0.281,0.375,0.351,0.379,0.051,0.072,0.403,90.7
665622,Luis Medina,ATH,SL,209,0.165,86.6,2553.0,0.416,0.303,42.0,2.0,0.0,0.053,0.053,0.11,0.183,0.357,0.483,0.13,82.4
665622,Luis Medina,ATH,CH,189,0.149,90.3,1653.0,0.487,0.313,54.0,7.0,1.0,0.143,0.224,0.208,0.202,0.593,0.587,0.353,88.8
665622,Luis Medina,ATH,CU,166,0.131,81.2,2599.0,0.343,0.265,30.0,6.0,1.0,0.214,0.393,0.263,0.263,0.433,0.509,0.438,87.7
682825,Luis Mey,CIN,SI,667,0.638,98.4,2276.0,0.415,0.239,88.0,20.0,1.0,0.299,0.418,0.403,0.357,0.25,0.268,0.458,91.4
682825,Luis Mey,CIN,SL,338,0.323,85.6,2363.0,0.385,0.194,53.0,8.0,1.0,0.163,0.245,0.216,0.265,0.434,0.341,0.444,92.0
682825,Luis Mey,CIN,FF,34,0.033,97.6,2330.0,0.529,0.375,10.0,5.0,1.0,0.625,1.0,0.63,0.471,0.1,0.125,0.375,89.9
806960,Luis Morales,ATH,FF,581,0.498,97.2,2494.0,0.465,0.236,45.0,11.0,3.0,0.306,0.667,0.504,0.461,0.156,0.083,0.552,91.4
806960,Luis Morales,ATH,ST,244,0.209,82.2,2991.0,0.365,0.223,,,,,,,,,,,
806960,Luis Morales,ATH,SL,158,0.135,85.8,2844.0,0.475,0.306,22.0,10.0,4.0,0.5,1.15,0.698,0.374,0.136,0.333,0.333,89.6
806960,Luis Morales,ATH,CH,138,0.118,89.7,2061.0,0.406,0.185,,,,,,,,,,,
806960,Luis Morales,ATH,SI,46,0.039,96.6,2414.0,0.478,0.419,10.0,3.0,0.0,0.3,0.3,0.27,0.255,0.2,0.118,0.25,83.2
691384,Luis Perales,WSH,FS,81,0.324,87.6,1341.0,0.568,0.404,16.0,1.0,1.0,0.062,0.25,0.125,0.104,0.562,0.478,0.143,85.5
691384,Luis Perales,WSH,FC,79,0.316,93.3,2339.0,0.443,0.125,20.0,6.0,2.0,0.375,0.812,0.538,0.51,0.05,0.229,0.533,89.5
691384,Luis Perales,WSH,FF,56,0.224,99.1,2263.0,0.536,0.24,19.0,8.0,2.0,0.615,1.154,0.734,0.507,0.105,0.167,0.727,96.4
691384,Luis Perales,WSH,SL,34,0.136,87.7,2235.0,0.382,0.176,,,,,,,,,,,
622663,Luis Severino,ATH,FF,996,0.261,96.3,2276.0,0.504,0.262,52.0,14.0,0.0,0.298,0.447,0.357,0.3,0.308,0.21,0.484,90.1
622663,Luis Severino,ATH,ST,944,0.247,84.6,2586.0,0.438,0.287,71.0,13.0,4.0,0.21,0.419,0.32,0.281,0.338,0.263,0.395,89.2
622663,Luis Severino,ATH,SI,810,0.212,95.9,2125.0,0.502,0.286,76.0,21.0,3.0,0.323,0.508,0.417,0.397,0.145,0.113,0.446,87.9
622663,Luis Severino,ATH,FC,706,0.185,93.6,2291.0,0.483,0.309,49.0,12.0,2.0,0.3,0.475,0.438,0.349,0.082,0.147,0.222,85.6
622663,Luis Severino,ATH,CH,206,0.054,86.3,1583.0,0.413,0.174,10.0,1.0,0.0,0.1,0.3,0.16,0.195,0.3,0.3,0.286,88.2
622663,Luis Severino,ATH,SL,155,0.041,87.0,2519.0,0.374,0.28,13.0,0.0,0.0,0.0,0.0,0.054,0.123,0.538,0.421,0.4,86.9
681432,Luke Little,CHC,FF,55,0.573,93.9,2284.0,0.364,0.167,,,,,,,,,,,
681432,Luke Little,CHC,ST,39,0.406,82.7,2432.0,0.231,0.192,,,,,,,,,,,
684665,Luke Murphy,LAA,FF,189,0.538,95.7,2241.0,0.413,0.266,39.0,7.0,0.0,0.219,0.312,0.314,0.288,0.333,0.179,0.5,91.4
684665,Luke Murphy,LAA,FC,81,0.231,90.4,2309.0,0.481,0.25,21.0,5.0,1.0,0.294,0.471,0.42,0.41,0.048,0.154,0.2,81.2
684665,Luke Murphy,LAA,SL,53,0.151,84.4,2249.0,0.547,0.367,15.0,3.0,0.0,0.2,0.267,0.323,0.207,0.267,0.31,0.364,85.3
684665,Luke Murphy,LAA,CH,28,0.08,92.3,1573.0,0.464,0.312,,,,,,,,,,,
596133,Luke Weaver,PIT,FF,1076,0.552,95.2,2439.0,0.514,0.295,111.0,19.0,1.0,0.188,0.248,0.244,0.254,0.288,0.171,0.366,87.3
596133,Luke Weaver,PIT,CH,615,0.316,88.1,1937.0,0.585,0.435,96.0,18.0,3.0,0.205,0.386,0.296,0.261,0.302,0.392,0.322,87.7
596133,Luke Weaver,PIT,FC,230,0.118,91.0,2448.0,0.426,0.226,25.0,4.0,1.0,0.182,0.318,0.244,0.392,0.08,0.296,0.333,85.7
596133,Luke Weaver,PIT,SL,17,0.009,86.8,2367.0,0.353,0.111,,,,,,,,,,,
680689,Lyon Richardson,MIL,CH,301,0.4,86.6,1800.0,0.478,0.29,,,,,,,,,,,
680689,Lyon Richardson,MIL,SI,220,0.293,95.1,2283.0,0.341,0.186,,,,,,,,,,,
680689,Lyon Richardson,MIL,FF,146,0.194,95.7,2372.0,0.37,0.165,,,,,,,,,,,
680689,Lyon Richardson,MIL,CU,65,0.086,79.2,2541.0,0.323,0.174,,,,,,,,,,,
669022,Mackenzie Gore,TEX,FF,2781,0.483,95.2,2251.0,0.516,0.258,339.0,73.0,6.0,0.25,0.39,0.326,0.319,0.204,0.198,0.395,89.6
669022,Mackenzie Gore,TEX,CU,1207,0.209,81.5,2309.0,0.428,0.331,128.0,28.0,6.0,0.237,0.458,0.336,0.321,0.266,0.269,0.494,89.3
669022,Mackenzie Gore,TEX,CH,670,0.116,86.2,2024.0,0.463,0.349,98.0,19.0,1.0,0.198,0.25,0.221,0.223,0.347,0.342,0.254,83.3
669022,Mackenzie Gore,TEX,SL,630,0.109,86.2,2084.0,0.5,0.292,72.0,16.0,2.0,0.239,0.358,0.289,0.277,0.25,0.284,0.469,86.9
669022,Mackenzie Gore,TEX,FC,312,0.054,90.1,1942.0,0.497,0.297,51.0,11.0,4.0,0.256,0.651,0.425,0.41,0.255,0.239,0.567,91.7
669022,Mackenzie Gore,TEX,SI,155,0.027,95.1,2124.0,0.51,0.373,50.0,12.0,0.0,0.293,0.439,0.384,0.357,0.12,0.076,0.371,87.1
655889,Manuel Rodríguez,TB,SL,260,0.49,89.4,2344.0,0.519,0.39,11.0,1.0,0.0,0.111,0.111,0.209,0.246,0.364,0.227,0.4,90.0
655889,Manuel Rodríguez,TB,SI,178,0.335,97.1,2169.0,0.472,0.36,,,,,,,,,,,
655889,Manuel Rodríguez,TB,FF,89,0.168,96.6,2340.0,0.438,0.17,,,,,,,,,,,
594835,Marco Gonzales,TEX,FF,38,0.314,89.9,2056.0,0.421,0.333,,,,,,,,,,,
594835,Marco Gonzales,TEX,CH,25,0.207,81.0,2019.0,0.56,0.385,,,,,,,,,,,
594835,Marco Gonzales,TEX,FC,20,0.165,87.1,2102.0,0.4,0.357,,,,,,,,,,,
694397,Marco Raya,MIN,FF,45,0.45,94.6,2247.0,0.444,0.217,11.0,2.0,1.0,0.222,0.556,0.391,0.426,0.091,0.15,0.375,87.5
694397,Marco Raya,MIN,ST,27,0.27,84.4,2783.0,0.407,0.444,,,,,,,,,,,
694397,Marco Raya,MIN,CH,17,0.17,89.1,1837.0,0.529,0.417,,,,,,,,,,,
643410,Mark Leiter,ATH,SI,465,0.336,93.3,2023.0,0.437,0.22,36.0,7.0,0.0,0.212,0.212,0.247,0.331,0.056,0.102,0.172,82.4
643410,Mark Leiter,ATH,FS,435,0.314,85.2,703.0,0.556,0.397,57.0,10.0,0.0,0.185,0.241,0.201,0.204,0.544,0.448,0.25,83.8
643410,Mark Leiter,ATH,CU,318,0.23,74.0,2297.0,0.355,0.26,18.0,4.0,1.0,0.25,0.5,0.358,0.346,0.111,0.349,0.286,90.5
643410,Mark Leiter,ATH,FC,76,0.055,90.1,2115.0,0.368,0.069,12.0,5.0,0.0,0.556,0.556,0.55,0.483,0.167,0.25,0.571,92.0
643410,Mark Leiter,ATH,FF,68,0.049,92.3,1973.0,0.397,0.143,19.0,5.0,0.0,0.333,0.4,0.403,0.387,0.053,0.077,0.643,95.0
643410,Mark Leiter,ATH,SL,21,0.015,83.2,2242.0,0.619,0.455,,,,,,,,,,,
815081,Mark Manfredi,COL,FF,163,0.604,94.2,2432.0,0.509,0.286,43.0,13.0,1.0,0.333,0.538,0.403,0.364,0.233,0.157,0.552,92.4
815081,Mark Manfredi,COL,SL,73,0.27,85.4,2323.0,0.315,0.184,17.0,1.0,0.0,0.071,0.071,0.176,0.252,0.235,0.391,0.3,87.8
527048,Martín Pérez,ATL,SI,1072,0.34,89.3,1992.0,0.374,0.223,211.0,44.0,3.0,0.246,0.33,0.325,0.358,0.118,0.073,0.445,88.5
527048,Martín Pérez,ATL,CH,958,0.304,81.8,1640.0,0.53,0.365,212.0,35.0,6.0,0.181,0.301,0.25,0.28,0.231,0.321,0.228,83.1
527048,Martín Pérez,ATL,FC,748,0.237,85.3,2234.0,0.398,0.181,126.0,28.0,3.0,0.262,0.449,0.356,0.344,0.198,0.149,0.369,89.1
527048,Martín Pérez,ATL,CU,238,0.076,76.6,2422.0,0.349,0.228,25.0,6.0,1.0,0.25,0.542,0.337,0.296,0.0,0.224,0.28,83.8
527048,Martín Pérez,ATL,FF,130,0.041,89.8,2098.0,0.362,0.232,20.0,6.0,1.0,0.316,0.526,0.423,0.389,0.15,0.114,0.562,91.6
690279,Mason Adams,COL,FF,147,0.314,93.1,2301.0,0.503,0.2,48.0,11.0,4.0,0.282,0.641,0.444,0.361,0.25,0.176,0.556,92.2
690279,Mason Adams,COL,SI,119,0.254,92.3,2307.0,0.454,0.157,29.0,10.0,0.0,0.4,0.48,0.431,0.388,0.034,0.074,0.565,94.9
690279,Mason Adams,COL,CU,88,0.188,82.0,2340.0,0.375,0.397,18.0,1.0,1.0,0.056,0.222,0.161,0.16,0.722,0.515,0.2,90.2
690279,Mason Adams,COL,ST,62,0.132,85.7,2360.0,0.5,0.417,15.0,4.0,0.0,0.286,0.5,0.31,0.323,0.133,0.194,0.615,91.5
690279,Mason Adams,COL,FC,29,0.062,88.4,2344.0,0.552,0.2,,,,,,,,,,,
690279,Mason Adams,COL,CH,23,0.049,88.1,1782.0,0.522,0.417,,,,,,,,,,,
686930,Mason Barnett,ATH,FF,633,0.503,94.7,2245.0,0.444,0.212,109.0,26.0,6.0,0.299,0.529,0.423,0.394,0.174,0.15,0.382,89.6
686930,Mason Barnett,ATH,ST,209,0.166,84.1,2739.0,0.478,0.345,29.0,8.0,3.0,0.276,0.621,0.405,0.315,0.241,0.172,0.227,86.4
686930,Mason Barnett,ATH,SL,152,0.121,87.4,2508.0,0.48,0.316,32.0,6.0,1.0,0.222,0.407,0.345,0.327,0.219,0.26,0.556,93.2
686930,Mason Barnett,ATH,CU,148,0.118,78.8,2768.0,0.358,0.205,21.0,6.0,1.0,0.316,0.632,0.426,0.333,0.19,0.161,0.467,90.8
686930,Mason Barnett,ATH,CH,111,0.088,85.4,1053.0,0.387,0.267,14.0,3.0,1.0,0.214,0.429,0.271,0.183,0.286,0.375,0.3,89.7
696131,Mason Black,KC,SI,159,0.252,93.7,2091.0,0.434,0.182,39.0,7.0,1.0,0.219,0.375,0.315,0.412,0.103,0.153,0.483,92.4
696131,Mason Black,KC,FF,147,0.233,93.8,2139.0,0.456,0.295,33.0,6.0,2.0,0.286,0.571,0.485,0.425,0.152,0.118,0.438,87.9
696131,Mason Black,KC,ST,136,0.216,82.8,2614.0,0.456,0.212,31.0,6.0,1.0,0.2,0.333,0.244,0.325,0.161,0.163,0.44,90.4
696131,Mason Black,KC,SL,78,0.124,87.0,2354.0,0.436,0.243,18.0,4.0,1.0,0.235,0.412,0.3,0.396,0.167,0.176,0.571,94.8
696131,Mason Black,KC,FC,48,0.076,90.5,2169.0,0.333,0.176,,,,,,,,,,,
696131,Mason Black,KC,CU,37,0.059,81.1,2546.0,0.459,0.071,,,,,,,,,,,
696131,Mason Black,KC,CH,25,0.04,87.8,1324.0,0.36,0.231,,,,,,,,,,,
669438,Mason Englert,TB,CH,426,0.3,87.1,2095.0,0.547,0.413,50.0,12.0,4.0,0.245,0.551,0.346,0.271,0.34,0.307,0.355,87.6
669438,Mason Englert,TB,FF,258,0.182,93.4,2320.0,0.547,0.283,27.0,9.0,6.0,0.391,1.217,0.64,0.515,0.222,0.259,0.579,93.0
669438,Mason Englert,TB,SI,256,0.181,92.3,2200.0,0.48,0.157,49.0,18.0,3.0,0.391,0.674,0.473,0.471,0.102,0.053,0.429,88.4
669438,Mason Englert,TB,FC,208,0.147,87.2,2247.0,0.51,0.293,20.0,5.0,0.0,0.263,0.368,0.311,0.325,0.15,0.229,0.2,84.6
669438,Mason Englert,TB,CU,181,0.128,75.5,2729.0,0.42,0.35,15.0,3.0,0.0,0.214,0.214,0.227,0.256,0.2,0.308,0.273,87.9
669438,Mason Englert,TB,SL,37,0.026,81.7,2351.0,0.432,0.318,,,,,,,,,,,
689254,Mason Fluharty,TOR,FC,1007,0.53,90.5,2700.0,0.481,0.283,132.0,29.0,2.0,0.257,0.336,0.32,0.29,0.25,0.191,0.378,86.2
689254,Mason Fluharty,TOR,ST,762,0.401,81.9,2709.0,0.471,0.351,97.0,17.0,4.0,0.198,0.36,0.286,0.234,0.258,0.346,0.213,82.3
689254,Mason Fluharty,TOR,CH,105,0.055,87.3,1856.0,0.467,0.364,30.0,4.0,0.0,0.143,0.179,0.178,0.227,0.2,0.265,0.364,85.9
695243,Mason Miller,SD,FF,1041,0.497,101.3,2532.0,0.524,0.308,123.0,16.0,1.0,0.15,0.187,0.216,0.258,0.366,0.343,0.387,88.8
695243,Mason Miller,SD,SL,994,0.475,87.9,2403.0,0.446,0.414,133.0,16.0,1.0,0.13,0.163,0.177,0.126,0.586,0.542,0.136,82.2
695243,Mason Miller,SD,CH,44,0.021,94.7,2062.0,0.341,0.206,,,,,,,,,,,
682254,Mason Montgomery,PIT,FF,1098,0.553,98.6,2270.0,0.497,0.286,136.0,24.0,1.0,0.198,0.289,0.265,0.244,0.426,0.272,0.46,88.0
682254,Mason Montgomery,PIT,SL,450,0.227,89.7,2597.0,0.531,0.388,33.0,1.0,0.0,0.034,0.034,0.112,0.203,0.333,0.37,0.111,75.3
682254,Mason Montgomery,PIT,SI,254,0.128,98.7,2210.0,0.465,0.252,46.0,6.0,1.0,0.146,0.244,0.249,0.296,0.261,0.305,0.5,93.1
682254,Mason Montgomery,PIT,CU,152,0.077,86.5,2688.0,0.48,0.398,45.0,10.0,3.0,0.233,0.442,0.324,0.259,0.378,0.342,0.385,86.8
682254,Mason Montgomery,PIT,CH,23,0.012,89.8,1663.0,0.435,0.25,,,,,,,,,,,
571510,Matt Boyd,CHC,FF,2117,0.459,93.1,2312.0,0.543,0.281,223.0,58.0,8.0,0.293,0.46,0.37,0.386,0.117,0.135,0.535,92.0
571510,Matt Boyd,CHC,CH,1167,0.253,78.7,1799.0,0.56,0.385,158.0,35.0,6.0,0.236,0.378,0.296,0.321,0.171,0.259,0.254,82.9
571510,Matt Boyd,CHC,SL,675,0.146,82.4,2506.0,0.452,0.309,70.0,10.0,1.0,0.156,0.219,0.209,0.243,0.414,0.348,0.286,85.9
571510,Matt Boyd,CHC,CU,545,0.118,73.4,2366.0,0.27,0.151,36.0,5.0,0.0,0.156,0.25,0.232,0.228,0.306,0.259,0.095,82.4
571510,Matt Boyd,CHC,SI,109,0.024,91.6,2288.0,0.495,0.36,,,,,,,,,,,
666374,Matt Brash,SEA,SL,654,0.599,86.2,2944.0,0.417,0.345,37.0,3.0,0.0,0.097,0.161,0.197,0.257,0.324,0.371,0.35,81.6
666374,Matt Brash,SEA,SI,234,0.214,96.6,2264.0,0.397,0.2,16.0,4.0,0.0,0.333,0.333,0.356,0.415,0.188,0.15,0.7,97.0
666374,Matt Brash,SEA,CH,133,0.122,90.2,1748.0,0.444,0.33,10.0,1.0,0.0,0.1,0.1,0.1,0.402,0.0,0.278,0.222,90.9
666374,Matt Brash,SEA,FF,57,0.052,96.0,2195.0,0.351,0.152,,,,,,,,,,,
670036,Matt Festa,CLE,FF,843,0.443,92.5,2525.0,0.504,0.286,124.0,30.0,2.0,0.265,0.381,0.322,0.302,0.29,0.271,0.429,87.4
670036,Matt Festa,CLE,ST,743,0.39,83.3,2690.0,0.501,0.333,115.0,26.0,3.0,0.257,0.436,0.362,0.31,0.174,0.233,0.341,87.0
670036,Matt Festa,CLE,FC,180,0.095,90.8,2496.0,0.517,0.256,25.0,3.0,1.0,0.136,0.318,0.222,0.285,0.2,0.147,0.333,84.4
670036,Matt Festa,CLE,SI,131,0.069,93.3,2424.0,0.359,0.169,21.0,6.0,0.0,0.3,0.3,0.29,0.214,0.381,0.13,0.5,91.0
657424,Matt Gage,SF,SL,506,0.476,84.9,2295.0,0.466,0.313,57.0,15.0,5.0,0.312,0.667,0.46,0.432,0.123,0.234,0.381,87.8
657424,Matt Gage,SF,FF,320,0.301,92.3,2127.0,0.478,0.32,35.0,6.0,1.0,0.214,0.429,0.389,0.285,0.229,0.182,0.15,83.2
657424,Matt Gage,SF,CH,122,0.115,85.3,1155.0,0.451,0.279,19.0,3.0,0.0,0.167,0.222,0.161,0.159,0.263,0.167,0.214,80.4
657424,Matt Gage,SF,SI,91,0.086,93.0,2171.0,0.484,0.292,16.0,4.0,0.0,0.333,0.417,0.422,0.433,0.125,0.227,0.5,92.7
657424,Matt Gage,SF,ST,18,0.017,80.9,2388.0,0.444,0.286,,,,,,,,,,,
640454,Matt Krook,WSH,ST,112,0.444,82.2,2742.0,0.375,0.286,26.0,6.0,2.0,0.3,0.7,0.481,0.41,0.269,0.361,0.385,86.1
640454,Matt Krook,WSH,SI,101,0.401,89.6,2035.0,0.396,0.2,18.0,2.0,0.0,0.154,0.154,0.344,0.384,0.111,0.161,0.364,89.4
640454,Matt Krook,WSH,FC,24,0.095,87.3,2511.0,0.625,0.417,,,,,,,,,,,
690155,Matt Pushard,STL,FF,54,0.45,95.0,2198.0,0.426,0.276,17.0,3.0,0.0,0.25,0.25,0.406,0.445,0.176,0.217,0.75,94.7
690155,Matt Pushard,STL,SL,26,0.217,88.5,2442.0,0.385,0.176,,,,,,,,,,,
690155,Matt Pushard,STL,ST,15,0.125,84.9,2565.0,0.467,0.273,,,,,,,,,,,
690155,Matt Pushard,STL,CU,15,0.125,82.8,2571.0,0.2,0.0,,,,,,,,,,,
676910,Matt Seelinger,NYM,FC,22,0.423,86.6,2384.0,0.5,0.308,,,,,,,,,,,
676910,Matt Seelinger,NYM,FF,20,0.385,92.8,2452.0,0.45,0.4,,,,,,,,,,,
621381,Matt Strahm,KC,FF,619,0.38,91.9,2536.0,0.504,0.311,61.0,12.0,5.0,0.207,0.5,0.313,0.243,0.262,0.209,0.405,92.5
621381,Matt Strahm,KC,SL,495,0.304,82.1,2686.0,0.501,0.321,43.0,13.0,6.0,0.351,0.892,0.54,0.46,0.233,0.256,0.37,89.7
621381,Matt Strahm,KC,SI,244,0.15,92.0,2438.0,0.504,0.385,20.0,6.0,0.0,0.316,0.421,0.385,0.204,0.05,0.07,0.333,82.6
621381,Matt Strahm,KC,FC,190,0.117,87.6,2562.0,0.537,0.296,12.0,3.0,1.0,0.3,0.6,0.433,0.478,0.083,0.286,0.333,88.9
621381,Matt Strahm,KC,CH,78,0.048,82.3,1664.0,0.564,0.362,24.0,4.0,0.0,0.19,0.238,0.252,0.257,0.083,0.175,0.474,89.5
694335,Matt Svanson,STL,SI,811,0.463,96.6,2263.0,0.481,0.226,116.0,35.0,3.0,0.357,0.531,0.42,0.394,0.155,0.104,0.458,91.2
694335,Matt Svanson,STL,ST,590,0.337,86.9,2250.0,0.441,0.272,54.0,10.0,1.0,0.196,0.294,0.256,0.3,0.315,0.232,0.353,88.8
694335,Matt Svanson,STL,FC,329,0.188,92.1,2285.0,0.453,0.199,35.0,10.0,1.0,0.333,0.467,0.379,0.393,0.171,0.159,0.56,89.3
694335,Matt Svanson,STL,FF,22,0.013,96.5,2233.0,0.409,0.083,,,,,,,,,,,
663362,Matt Waldron,WSH,FC,145,0.183,87.9,2134.0,0.552,0.423,39.0,11.0,0.0,0.297,0.324,0.281,0.176,0.179,0.138,0.161,79.1
663362,Matt Waldron,WSH,FF,138,0.174,91.8,2058.0,0.486,0.32,35.0,10.0,2.0,0.323,0.645,0.453,0.351,0.171,0.169,0.417,91.4
663362,Matt Waldron,WSH,SI,122,0.154,91.4,2001.0,0.516,0.283,37.0,13.0,1.0,0.394,0.576,0.429,0.378,0.135,0.14,0.567,88.6
663362,Matt Waldron,WSH,ST,104,0.131,80.9,2221.0,0.404,0.17,25.0,6.0,2.0,0.286,0.619,0.43,0.362,0.04,0.1,0.35,87.3
683363,Matt Wilkinson,SF,FF,222,0.581,90.4,2047.0,0.482,0.31,60.0,12.0,3.0,0.214,0.446,0.32,0.25,0.217,0.159,0.395,87.8
683363,Matt Wilkinson,SF,CH,86,0.225,83.8,1581.0,0.349,0.182,18.0,3.0,0.0,0.167,0.167,0.15,0.195,0.167,0.267,0.4,87.5
683363,Matt Wilkinson,SF,SL,53,0.139,79.2,2301.0,0.434,0.226,15.0,4.0,0.0,0.267,0.267,0.24,0.377,0.067,0.13,0.5,92.2
683363,Matt Wilkinson,SF,FC,21,0.055,83.7,2141.0,0.429,0.308,,,,,,,,,,,
669461,Matthew Liberatore,STL,FF,1461,0.292,94.1,2110.0,0.498,0.261,221.0,56.0,12.0,0.286,0.515,0.384,0.398,0.131,0.111,0.449,91.4
669461,Matthew Liberatore,STL,SL,1197,0.239,86.2,2675.0,0.529,0.396,190.0,37.0,7.0,0.215,0.366,0.293,0.265,0.395,0.346,0.444,90.1
669461,Matthew Liberatore,STL,CU,849,0.17,78.6,3011.0,0.349,0.257,72.0,14.0,4.0,0.206,0.412,0.275,0.248,0.472,0.372,0.343,86.3
669461,Matthew Liberatore,STL,CH,617,0.123,88.5,1793.0,0.467,0.254,89.0,31.0,3.0,0.378,0.573,0.432,0.416,0.034,0.195,0.333,86.5
669461,Matthew Liberatore,STL,SI,493,0.099,94.1,2112.0,0.473,0.204,75.0,22.0,1.0,0.344,0.484,0.433,0.378,0.12,0.074,0.547,93.3
669461,Matthew Liberatore,STL,FC,354,0.071,90.3,2480.0,0.452,0.222,24.0,12.0,1.0,0.545,0.727,0.569,0.373,0.0,0.191,0.364,85.9
669461,Matthew Liberatore,STL,ST,15,0.003,85.0,2689.0,0.533,0.5,,,,,,,,,,,
608331,Max Fried,NYY,FC,1272,0.265,93.0,2298.0,0.523,0.333,94.0,13.0,1.0,0.159,0.207,0.222,0.226,0.309,0.245,0.345,88.4
608331,Max Fried,NYY,SI,904,0.188,93.7,2106.0,0.49,0.274,98.0,24.0,0.0,0.264,0.352,0.301,0.272,0.092,0.168,0.337,87.0
608331,Max Fried,NYY,CU,768,0.16,74.8,2887.0,0.383,0.252,57.0,12.0,0.0,0.214,0.232,0.224,0.203,0.246,0.27,0.182,80.4
608331,Max Fried,NYY,FF,677,0.141,95.4,2172.0,0.51,0.282,81.0,16.0,3.0,0.242,0.455,0.359,0.31,0.272,0.153,0.326,85.3
608331,Max Fried,NYY,ST,567,0.118,80.9,2813.0,0.326,0.184,33.0,1.0,0.0,0.031,0.031,0.048,0.172,0.394,0.284,0.211,82.0
608331,Max Fried,NYY,CH,546,0.114,85.4,1654.0,0.493,0.354,64.0,12.0,0.0,0.194,0.226,0.216,0.237,0.234,0.302,0.298,83.4
608331,Max Fried,NYY,SL,71,0.015,85.4,2514.0,0.423,0.229,,,,,,,,,,,
668820,Max Kranick,WSH,FF,341,0.392,95.5,2234.0,0.528,0.276,37.0,11.0,3.0,0.44,0.92,0.615,0.493,0.054,0.127,0.375,88.2
668820,Max Kranick,WSH,SL,308,0.354,89.5,2127.0,0.532,0.24,29.0,9.0,0.0,0.333,0.407,0.352,0.31,0.103,0.176,0.208,84.0
668820,Max Kranick,WSH,CU,145,0.167,79.8,2321.0,0.462,0.357,19.0,3.0,0.0,0.158,0.263,0.179,0.201,0.211,0.405,0.333,85.7
668820,Max Kranick,WSH,ST,65,0.075,82.7,2202.0,0.646,0.382,,,,,,,,,,,
676661,Max Lazar,PHI,FF,407,0.519,94.5,2494.0,0.489,0.244,15.0,6.0,3.0,0.462,1.154,0.733,0.507,0.0,0.0,0.385,93.4
676661,Max Lazar,PHI,KC,194,0.247,81.3,2488.0,0.371,0.257,,,,,,,,,,,
676661,Max Lazar,PHI,FC,128,0.163,88.2,2393.0,0.477,0.21,,,,,,,,,,,
676661,Max Lazar,PHI,FS,55,0.07,86.5,1210.0,0.564,0.353,,,,,,,,,,,
676974,Max Meyer,MIA,SL,833,0.294,90.0,2659.0,0.509,0.393,111.0,19.0,1.0,0.198,0.281,0.285,0.284,0.315,0.368,0.361,86.1
676974,Max Meyer,MIA,FF,661,0.233,95.1,2579.0,0.451,0.227,103.0,18.0,7.0,0.2,0.489,0.35,0.378,0.107,0.103,0.513,92.5
676974,Max Meyer,MIA,ST,656,0.232,88.6,2739.0,0.453,0.335,177.0,32.0,1.0,0.199,0.267,0.245,0.258,0.384,0.341,0.394,88.9
676974,Max Meyer,MIA,CH,363,0.128,88.2,1687.0,0.427,0.216,31.0,8.0,0.0,0.276,0.345,0.3,0.348,0.161,0.325,0.4,91.0
676974,Max Meyer,MIA,SI,315,0.111,93.9,2468.0,0.476,0.25,40.0,8.0,2.0,0.229,0.429,0.426,0.339,0.025,0.038,0.4,87.5
691008,Max Rajcic,STL,FF,66,0.405,95.5,2262.0,0.333,0.114,14.0,2.0,0.0,0.2,0.4,0.379,0.4,0.071,0.227,0.333,86.5
691008,Max Rajcic,STL,CU,42,0.258,82.7,2885.0,0.381,0.259,,,,,,,,,,,
691008,Max Rajcic,STL,CH,19,0.117,85.7,1964.0,0.579,0.364,,,,,,,,,,,
691008,Max Rajcic,STL,ST,19,0.117,83.9,2558.0,0.579,0.333,,,,,,,,,,,
453286,Max Scherzer,TOR,FF,1315,0.48,93.3,2361.0,0.493,0.24,142.0,24.0,4.0,0.205,0.333,0.326,0.348,0.127,0.14,0.374,88.1
453286,Max Scherzer,TOR,SL,564,0.206,86.0,2416.0,0.569,0.405,71.0,19.0,6.0,0.288,0.606,0.411,0.338,0.239,0.265,0.375,86.8
453286,Max Scherzer,TOR,CH,397,0.145,84.4,1356.0,0.431,0.266,57.0,13.0,1.0,0.255,0.373,0.304,0.257,0.193,0.168,0.268,87.8
453286,Max Scherzer,TOR,CU,361,0.132,75.6,2697.0,0.449,0.313,51.0,11.0,1.0,0.224,0.327,0.257,0.262,0.255,0.267,0.306,82.6
453286,Max Scherzer,TOR,FC,100,0.036,87.8,2538.0,0.57,0.419,17.0,5.0,3.0,0.294,0.824,0.459,0.404,0.059,0.17,0.25,87.7
518876,Merrill Kelly,AZ,CH,1492,0.273,88.4,2162.0,0.581,0.477,226.0,46.0,4.0,0.228,0.337,0.292,0.347,0.235,0.285,0.351,86.8
518876,Merrill Kelly,AZ,FF,1376,0.252,92.0,2367.0,0.435,0.229,168.0,39.0,13.0,0.285,0.613,0.432,0.461,0.095,0.124,0.48,91.4
518876,Merrill Kelly,AZ,FC,932,0.171,90.8,2371.0,0.49,0.287,99.0,29.0,6.0,0.322,0.611,0.434,0.398,0.101,0.107,0.5,90.6
518876,Merrill Kelly,AZ,SI,612,0.112,92.3,2230.0,0.484,0.217,76.0,21.0,3.0,0.313,0.493,0.37,0.388,0.092,0.057,0.419,89.8
518876,Merrill Kelly,AZ,CU,573,0.105,82.1,2595.0,0.394,0.266,56.0,10.0,1.0,0.192,0.308,0.249,0.315,0.179,0.202,0.452,86.5
518876,Merrill Kelly,AZ,SL,464,0.085,86.1,2337.0,0.509,0.333,80.0,21.0,1.0,0.28,0.413,0.318,0.3,0.212,0.341,0.3,86.8
605242,Michael Fulmer,NYY,FC,133,0.403,88.7,2593.0,0.481,0.369,18.0,5.0,1.0,0.357,0.714,0.506,0.478,0.222,0.357,0.6,96.6
605242,Michael Fulmer,NYY,ST,70,0.212,81.6,2770.0,0.486,0.417,16.0,1.0,0.0,0.067,0.133,0.122,0.169,0.438,0.406,0.0,76.1
605242,Michael Fulmer,NYY,FF,43,0.13,93.5,2401.0,0.372,0.2,,,,,,,,,,,
605242,Michael Fulmer,NYY,CH,41,0.124,88.1,1816.0,0.439,0.303,,,,,,,,,,,
605242,Michael Fulmer,NYY,SI,29,0.088,94.1,2348.0,0.517,0.2,,,,,,,,,,,
675627,Michael Grove,TB,SL,34,0.382,85.1,2341.0,0.529,0.4,10.0,1.0,0.0,0.111,0.111,0.09,0.215,0.4,0.444,0.333,95.4
675627,Michael Grove,TB,SI,18,0.202,93.7,2264.0,0.556,0.75,,,,,,,,,,,
675627,Michael Grove,TB,FF,16,0.18,94.2,2302.0,0.312,0.125,,,,,,,,,,,
547184,Michael Kelly,ATH,ST,382,0.486,83.1,2806.0,0.479,0.275,11.0,4.0,1.0,0.444,0.889,0.586,0.443,0.0,0.28,0.444,87.3
547184,Michael Kelly,ATH,FF,219,0.279,95.8,2395.0,0.365,0.171,,,,,,,,,,,
547184,Michael Kelly,ATH,SL,126,0.16,90.2,2745.0,0.397,0.182,,,,,,,,,,,
547184,Michael Kelly,ATH,SI,41,0.052,95.1,2338.0,0.39,0.182,,,,,,,,,,,
547179,Michael Lorenzen,TOR,FF,965,0.205,94.0,2370.0,0.451,0.215,114.0,34.0,7.0,0.347,0.673,0.45,0.422,0.14,0.087,0.576,95.0
547179,Michael Lorenzen,TOR,SI,904,0.192,93.2,2226.0,0.441,0.234,148.0,56.0,3.0,0.441,0.575,0.505,0.418,0.054,0.079,0.479,91.6
547179,Michael Lorenzen,TOR,CH,890,0.189,84.2,2040.0,0.476,0.284,119.0,27.0,3.0,0.26,0.404,0.32,0.307,0.21,0.276,0.293,85.4
547179,Michael Lorenzen,TOR,FC,594,0.126,90.2,2515.0,0.46,0.222,86.0,28.0,3.0,0.373,0.6,0.445,0.394,0.07,0.128,0.437,91.1
547179,Michael Lorenzen,TOR,CU,514,0.109,82.4,2532.0,0.418,0.294,52.0,17.0,3.0,0.34,0.62,0.405,0.332,0.173,0.217,0.476,91.9
547179,Michael Lorenzen,TOR,SL,463,0.098,85.6,2565.0,0.523,0.322,63.0,15.0,1.0,0.254,0.39,0.321,0.33,0.27,0.217,0.535,91.1
547179,Michael Lorenzen,TOR,ST,387,0.082,82.5,2560.0,0.478,0.284,36.0,9.0,3.0,0.257,0.571,0.356,0.321,0.25,0.321,0.481,90.4
700241,Michael Mcgreevy,STL,FF,1032,0.249,92.3,2237.0,0.436,0.189,161.0,44.0,6.0,0.289,0.48,0.346,0.381,0.143,0.115,0.454,92.0
700241,Michael Mcgreevy,STL,SI,769,0.185,91.2,2194.0,0.494,0.257,137.0,26.0,3.0,0.21,0.323,0.274,0.314,0.182,0.11,0.374,88.0
700241,Michael Mcgreevy,STL,CH,687,0.166,87.2,1721.0,0.486,0.378,165.0,29.0,3.0,0.196,0.291,0.262,0.313,0.182,0.257,0.286,85.5
700241,Michael Mcgreevy,STL,ST,582,0.14,82.8,2464.0,0.419,0.259,59.0,17.0,3.0,0.315,0.574,0.396,0.41,0.169,0.27,0.5,92.7
700241,Michael Mcgreevy,STL,CU,516,0.124,78.9,2529.0,0.366,0.298,57.0,13.0,2.0,0.241,0.481,0.315,0.288,0.211,0.24,0.568,91.4
700241,Michael Mcgreevy,STL,FC,446,0.108,87.9,2312.0,0.484,0.239,69.0,21.0,4.0,0.333,0.603,0.437,0.409,0.087,0.148,0.379,85.9
700241,Michael Mcgreevy,STL,SL,115,0.028,83.6,2394.0,0.443,0.25,28.0,9.0,0.0,0.321,0.429,0.327,0.429,0.25,0.216,0.571,96.7
656848,Michael Petersen,MIA,FF,855,0.591,97.9,2347.0,0.581,0.388,171.0,26.0,4.0,0.176,0.318,0.278,0.308,0.316,0.221,0.467,92.3
656848,Michael Petersen,MIA,SL,433,0.299,88.2,2354.0,0.411,0.276,67.0,13.0,1.0,0.203,0.312,0.243,0.229,0.358,0.384,0.366,87.4
656848,Michael Petersen,MIA,CH,132,0.091,89.7,1130.0,0.379,0.227,26.0,5.0,0.0,0.227,0.318,0.32,0.276,0.115,0.24,0.333,89.9
621074,Michael Rucker,SEA,FF,232,0.33,96.2,2338.0,0.53,0.353,57.0,15.0,3.0,0.306,0.551,0.427,0.378,0.211,0.211,0.486,92.7
621074,Michael Rucker,SEA,CU,216,0.307,82.3,2790.0,0.468,0.376,54.0,9.0,1.0,0.176,0.255,0.227,0.223,0.444,0.337,0.214,80.3
621074,Michael Rucker,SEA,FC,152,0.216,89.7,2569.0,0.454,0.288,37.0,11.0,2.0,0.333,0.545,0.412,0.362,0.162,0.174,0.444,91.3
621074,Michael Rucker,SEA,SI,91,0.129,95.7,2267.0,0.341,0.133,23.0,3.0,0.0,0.15,0.15,0.209,0.304,0.087,0.129,0.278,86.3
647336,Michael Soroka,AZ,FF,1264,0.384,93.6,2532.0,0.5,0.264,145.0,35.0,3.0,0.263,0.406,0.319,0.341,0.2,0.134,0.406,88.4
647336,Michael Soroka,AZ,CH,374,0.114,85.2,2216.0,0.46,0.274,60.0,16.0,3.0,0.271,0.492,0.33,0.374,0.083,0.183,0.259,85.5
647336,Michael Soroka,AZ,SI,327,0.099,93.3,2363.0,0.572,0.37,43.0,7.0,1.0,0.175,0.3,0.253,0.277,0.093,0.062,0.306,89.3
647336,Michael Soroka,AZ,FC,212,0.064,89.0,2612.0,0.472,0.31,47.0,12.0,2.0,0.279,0.512,0.356,0.354,0.128,0.18,0.316,85.5
608379,Michael Wacha,KC,FF,1528,0.273,93.1,2156.0,0.49,0.278,197.0,41.0,5.0,0.222,0.362,0.287,0.327,0.198,0.159,0.421,89.4
608379,Michael Wacha,KC,CH,1409,0.251,80.2,1533.0,0.575,0.372,222.0,39.0,6.0,0.187,0.306,0.249,0.224,0.252,0.251,0.247,83.8
608379,Michael Wacha,KC,FC,839,0.15,88.8,2137.0,0.503,0.27,128.0,31.0,7.0,0.267,0.552,0.376,0.349,0.117,0.131,0.402,87.1
608379,Michael Wacha,KC,SI,745,0.133,93.2,2056.0,0.491,0.256,131.0,24.0,6.0,0.216,0.441,0.355,0.375,0.183,0.116,0.448,88.5
608379,Michael Wacha,KC,SL,582,0.104,84.9,1982.0,0.474,0.295,64.0,18.0,1.0,0.295,0.475,0.344,0.305,0.172,0.304,0.314,86.2
608379,Michael Wacha,KC,CU,500,0.089,75.6,2265.0,0.296,0.186,42.0,9.0,3.0,0.231,0.487,0.351,0.326,0.167,0.256,0.394,89.0
690953,Mick Abel,MIN,FF,456,0.422,95.9,2535.0,0.526,0.301,29.0,9.0,0.0,0.391,0.522,0.46,0.477,0.241,0.262,0.5,89.6
690953,Mick Abel,MIN,CU,197,0.182,82.2,2671.0,0.426,0.31,13.0,2.0,0.0,0.182,0.182,0.246,0.215,0.308,0.19,0.0,72.4
690953,Mick Abel,MIN,SL,131,0.121,87.3,2414.0,0.489,0.316,14.0,5.0,0.0,0.357,0.429,0.346,0.371,0.286,0.143,0.3,83.9
690953,Mick Abel,MIN,CH,126,0.117,88.3,1695.0,0.476,0.222,24.0,4.0,0.0,0.182,0.273,0.237,0.263,0.292,0.281,0.6,90.9
690953,Mick Abel,MIN,SI,107,0.099,95.2,2460.0,0.514,0.302,,,,,,,,,,,
690953,Mick Abel,MIN,ST,60,0.056,83.9,2743.0,0.483,0.317,,,,,,,,,,,
699044,Miguel Ullola,HOU,FF,132,0.721,94.8,2543.0,0.455,0.261,31.0,3.0,1.0,0.111,0.259,0.224,0.253,0.258,0.183,0.421,87.5
699044,Miguel Ullola,HOU,SL,42,0.23,86.0,2291.0,0.476,0.286,13.0,2.0,1.0,0.167,0.417,0.277,0.277,0.231,0.25,0.222,84.2
681347,Mike Burrows,HOU,FF,1049,0.337,95.3,2293.0,0.479,0.232,104.0,30.0,12.0,0.316,0.716,0.454,0.397,0.173,0.103,0.532,92.7
681347,Mike Burrows,HOU,CH,789,0.254,87.0,1496.0,0.561,0.384,119.0,26.0,1.0,0.248,0.305,0.305,0.28,0.218,0.311,0.266,84.9
681347,Mike Burrows,HOU,SL,558,0.179,88.3,2532.0,0.491,0.291,77.0,22.0,4.0,0.301,0.521,0.369,0.305,0.195,0.263,0.328,86.0
681347,Mike Burrows,HOU,CU,409,0.131,78.8,2903.0,0.315,0.227,44.0,8.0,1.0,0.2,0.425,0.3,0.32,0.273,0.244,0.379,88.9
681347,Mike Burrows,HOU,SI,299,0.096,94.9,2165.0,0.559,0.412,76.0,26.0,3.0,0.371,0.571,0.441,0.373,0.053,0.091,0.424,88.2
650633,Mike King,SD,SI,1191,0.284,93.0,2267.0,0.403,0.246,207.0,43.0,10.0,0.249,0.451,0.367,0.388,0.198,0.143,0.444,89.1
650633,Mike King,SD,CH,1049,0.25,86.6,1903.0,0.561,0.387,241.0,45.0,4.0,0.202,0.274,0.241,0.283,0.166,0.252,0.237,84.4
650633,Mike King,SD,FF,901,0.215,94.1,2358.0,0.447,0.265,131.0,24.0,3.0,0.214,0.348,0.325,0.343,0.313,0.245,0.397,87.9
650633,Mike King,SD,ST,787,0.187,82.1,2814.0,0.418,0.274,124.0,26.0,3.0,0.23,0.372,0.297,0.295,0.194,0.258,0.295,84.7
650633,Mike King,SD,SL,272,0.065,85.1,2534.0,0.419,0.237,52.0,8.0,0.0,0.167,0.208,0.206,0.255,0.231,0.209,0.297,86.8
702474,Mike Paredes,MIN,FF,204,0.37,93.0,2125.0,0.48,0.186,55.0,15.0,3.0,0.326,0.63,0.465,0.397,0.055,0.112,0.667,94.3
702474,Mike Paredes,MIN,CH,141,0.255,87.7,1452.0,0.489,0.333,38.0,11.0,1.0,0.314,0.4,0.368,0.323,0.079,0.174,0.5,92.5
702474,Mike Paredes,MIN,ST,121,0.219,79.2,2518.0,0.496,0.351,37.0,7.0,1.0,0.219,0.375,0.276,0.297,0.27,0.267,0.25,86.0
702474,Mike Paredes,MIN,FC,85,0.154,87.4,2390.0,0.541,0.275,24.0,3.0,1.0,0.136,0.364,0.235,0.362,0.125,0.217,0.5,88.2
571945,Miles Mikolas,WSH,FF,1137,0.264,93.1,2221.0,0.532,0.289,124.0,30.0,3.0,0.265,0.416,0.331,0.368,0.121,0.119,0.556,93.7
571945,Miles Mikolas,WSH,SL,1004,0.233,87.8,2258.0,0.481,0.265,110.0,29.0,8.0,0.274,0.547,0.36,0.312,0.1,0.157,0.34,85.7
571945,Miles Mikolas,WSH,SI,857,0.199,92.6,2131.0,0.545,0.305,150.0,44.0,10.0,0.312,0.567,0.384,0.381,0.107,0.069,0.426,91.8
571945,Miles Mikolas,WSH,CU,702,0.163,76.4,2558.0,0.33,0.214,47.0,14.0,0.0,0.333,0.405,0.35,0.309,0.213,0.212,0.353,85.9
571945,Miles Mikolas,WSH,CH,431,0.1,85.8,1628.0,0.473,0.259,42.0,12.0,3.0,0.293,0.634,0.426,0.367,0.048,0.088,0.462,89.1
571945,Miles Mikolas,WSH,ST,168,0.039,81.4,2424.0,0.464,0.301,22.0,7.0,3.0,0.333,0.762,0.509,0.379,0.182,0.146,0.471,84.8
683352,Mitch Bratt,AZ,FF,338,0.463,91.0,2336.0,0.494,0.246,93.0,18.0,3.0,0.237,0.408,0.351,0.349,0.172,0.126,0.361,85.8
683352,Mitch Bratt,AZ,CH,71,0.097,84.7,1675.0,0.521,0.378,21.0,7.0,0.0,0.333,0.381,0.317,0.282,0.048,0.108,0.5,87.6
683352,Mitch Bratt,AZ,SL,65,0.089,86.6,2421.0,0.538,0.324,13.0,3.0,0.0,0.375,0.625,0.533,0.467,0.0,0.257,0.333,78.3
683352,Mitch Bratt,AZ,SI,57,0.078,90.8,2224.0,0.491,0.167,13.0,4.0,2.0,0.308,0.769,0.446,0.254,0.0,0.0,0.385,87.9
683352,Mitch Bratt,AZ,CU,25,0.034,76.8,2312.0,0.2,0.154,,,,,,,,,,,
815083,Mitch Farris,LAA,FF,623,0.458,91.3,2160.0,0.435,0.179,117.0,24.0,5.0,0.242,0.485,0.38,0.385,0.222,0.098,0.521,92.3
815083,Mitch Farris,LAA,CH,342,0.252,78.4,1611.0,0.471,0.384,52.0,9.0,2.0,0.184,0.367,0.259,0.207,0.442,0.439,0.346,82.8
815083,Mitch Farris,LAA,SL,218,0.16,81.6,2328.0,0.422,0.313,21.0,7.0,1.0,0.35,0.6,0.462,0.323,0.238,0.37,0.467,92.3
815083,Mitch Farris,LAA,FC,140,0.103,88.7,2104.0,0.55,0.328,49.0,13.0,1.0,0.295,0.386,0.34,0.361,0.082,0.26,0.4,86.4
656605,Mitch Keller,PIT,FF,1602,0.337,93.8,2389.0,0.493,0.229,141.0,30.0,1.0,0.236,0.323,0.289,0.365,0.113,0.153,0.495,90.7
656605,Mitch Keller,PIT,ST,849,0.178,82.2,2708.0,0.515,0.381,100.0,19.0,7.0,0.209,0.484,0.325,0.294,0.25,0.233,0.343,84.0
656605,Mitch Keller,PIT,SI,832,0.175,92.7,2428.0,0.438,0.154,93.0,29.0,2.0,0.367,0.506,0.438,0.439,0.086,0.12,0.535,94.2
656605,Mitch Keller,PIT,SL,581,0.122,87.0,2529.0,0.54,0.355,52.0,11.0,1.0,0.234,0.362,0.286,0.33,0.173,0.194,0.359,87.4
656605,Mitch Keller,PIT,CU,381,0.08,77.6,2629.0,0.297,0.217,37.0,5.0,1.0,0.161,0.323,0.284,0.278,0.459,0.365,0.5,93.5
656605,Mitch Keller,PIT,CH,369,0.078,89.0,1805.0,0.496,0.307,44.0,13.0,1.0,0.295,0.477,0.351,0.362,0.227,0.22,0.324,90.0
656605,Mitch Keller,PIT,FC,143,0.03,89.8,2487.0,0.545,0.325,35.0,10.0,2.0,0.323,0.613,0.456,0.38,0.086,0.195,0.214,82.6
687765,Mitch Spence,KC,FC,686,0.439,91.2,2673.0,0.5,0.23,25.0,7.0,1.0,0.35,0.5,0.408,0.366,0.08,0.095,0.316,90.8
687765,Mitch Spence,KC,SL,402,0.257,84.5,2754.0,0.527,0.385,10.0,4.0,1.0,0.571,1.143,0.715,0.382,0.1,0.308,0.333,89.0
687765,Mitch Spence,KC,CU,271,0.173,81.8,2797.0,0.52,0.395,,,,,,,,,,,
687765,Mitch Spence,KC,SI,160,0.102,92.7,2380.0,0.419,0.234,10.0,4.0,0.0,0.444,0.778,0.535,0.335,0.0,0.0,0.444,91.2
687765,Mitch Spence,KC,CH,34,0.022,88.0,1786.0,0.294,0.143,,,,,,,,,,,
680730,Mitchell Parker,WSH,FF,1726,0.512,93.0,2168.0,0.51,0.235,74.0,19.0,1.0,0.302,0.413,0.378,0.386,0.162,0.127,0.415,88.2
680730,Mitchell Parker,WSH,CU,697,0.207,80.8,2277.0,0.451,0.35,20.0,6.0,2.0,0.3,0.65,0.398,0.256,0.15,0.293,0.294,88.9
680730,Mitchell Parker,WSH,SL,657,0.195,84.1,2270.0,0.542,0.363,82.0,21.0,6.0,0.284,0.554,0.408,0.343,0.207,0.343,0.458,86.6
680730,Mitchell Parker,WSH,FS,288,0.085,85.4,956.0,0.556,0.311,,,,,,,,,,,
681320,Nate Lavender,NYM,FF,193,0.723,92.4,2287.0,0.492,0.329,48.0,6.0,1.0,0.13,0.304,0.201,0.19,0.375,0.232,0.393,89.8
681320,Nate Lavender,NYM,SL,31,0.116,85.0,2508.0,0.484,0.083,10.0,2.0,0.0,0.25,0.25,0.32,0.444,0.0,0.133,0.25,87.2
681320,Nate Lavender,NYM,CH,23,0.086,81.3,1726.0,0.478,0.214,,,,,,,,,,,
681320,Nate Lavender,NYM,ST,20,0.075,79.5,2629.0,0.5,0.385,,,,,,,,,,,
663878,Nate Pearson,KC,FF,457,0.453,97.6,2297.0,0.505,0.269,92.0,19.0,0.0,0.25,0.303,0.326,0.349,0.152,0.162,0.41,91.1
663878,Nate Pearson,KC,SL,320,0.317,89.4,2524.0,0.447,0.294,59.0,15.0,2.0,0.288,0.5,0.394,0.357,0.254,0.248,0.342,87.3
663878,Nate Pearson,KC,SI,106,0.105,97.1,2201.0,0.443,0.327,23.0,2.0,0.0,0.111,0.111,0.2,0.264,0.087,0.111,0.353,81.3
663878,Nate Pearson,KC,CU,103,0.102,81.7,2659.0,0.282,0.217,14.0,0.0,0.0,0.0,0.0,0.0,0.069,0.643,0.48,0.2,83.4
663878,Nate Pearson,KC,CH,17,0.017,85.7,1390.0,0.353,0.182,,,,,,,,,,,
543135,Nathan Eovaldi,TEX,FS,1404,0.345,88.1,1534.0,0.585,0.41,252.0,46.0,7.0,0.197,0.343,0.26,0.288,0.266,0.299,0.476,89.9
543135,Nathan Eovaldi,TEX,CU,855,0.21,76.1,1901.0,0.463,0.36,101.0,20.0,4.0,0.213,0.362,0.27,0.24,0.307,0.393,0.297,83.7
543135,Nathan Eovaldi,TEX,FC,793,0.195,90.4,2271.0,0.482,0.244,102.0,24.0,5.0,0.261,0.446,0.359,0.374,0.176,0.238,0.338,88.2
543135,Nathan Eovaldi,TEX,FF,730,0.179,94.2,2209.0,0.422,0.156,82.0,29.0,6.0,0.382,0.737,0.497,0.419,0.256,0.213,0.556,93.9
543135,Nathan Eovaldi,TEX,SI,246,0.06,93.4,2131.0,0.642,0.489,56.0,18.0,2.0,0.353,0.49,0.413,0.356,0.036,0.076,0.327,84.2
543135,Nathan Eovaldi,TEX,SL,40,0.01,86.0,2105.0,0.45,0.1,,,,,,,,,,,
689546,Nick Davila,SEA,SL,290,0.649,87.4,2079.0,0.452,0.308,82.0,15.0,1.0,0.211,0.282,0.274,0.308,0.134,0.153,0.242,87.0
689546,Nick Davila,SEA,SI,108,0.242,94.8,2066.0,0.435,0.286,26.0,6.0,1.0,0.261,0.435,0.344,0.37,0.038,0.106,0.318,89.8
689546,Nick Davila,SEA,FF,47,0.105,94.8,2048.0,0.447,0.25,11.0,3.0,0.0,0.5,0.833,0.627,0.514,0.091,0.238,0.6,95.8
693308,Nick Frasso,COL,FF,203,0.556,95.5,2287.0,0.483,0.286,55.0,17.0,3.0,0.362,0.681,0.465,0.351,0.182,0.102,0.41,91.8
693308,Nick Frasso,COL,CH,93,0.255,82.7,2401.0,0.473,0.408,21.0,3.0,0.0,0.167,0.167,0.229,0.279,0.381,0.477,0.0,86.0
693308,Nick Frasso,COL,FC,46,0.126,90.2,2372.0,0.457,0.217,11.0,4.0,0.0,0.364,0.455,0.359,0.347,0.0,0.095,0.364,82.6
693308,Nick Frasso,COL,SL,22,0.06,84.3,2473.0,0.5,0.467,,,,,,,,,,,
666157,Nick Lodolo,CIN,FF,1170,0.273,93.9,2279.0,0.455,0.233,114.0,25.0,6.0,0.258,0.505,0.371,0.337,0.211,0.151,0.467,91.9
666157,Nick Lodolo,CIN,CU,1156,0.269,82.1,2572.0,0.461,0.345,89.0,18.0,2.0,0.231,0.321,0.297,0.314,0.416,0.417,0.268,84.0
666157,Nick Lodolo,CIN,SI,1015,0.237,93.7,2302.0,0.47,0.245,152.0,38.0,9.0,0.317,0.642,0.459,0.463,0.086,0.069,0.487,92.9
666157,Nick Lodolo,CIN,CH,944,0.22,87.9,1854.0,0.54,0.383,102.0,26.0,3.0,0.283,0.457,0.325,0.356,0.059,0.212,0.33,85.5
607259,Nick Martínez,TB,SI,1219,0.241,92.4,2297.0,0.478,0.272,234.0,60.0,8.0,0.269,0.408,0.305,0.332,0.175,0.083,0.362,86.7
607259,Nick Martínez,TB,CH,1151,0.228,78.4,1929.0,0.5,0.342,185.0,32.0,6.0,0.181,0.311,0.23,0.241,0.205,0.295,0.229,82.5
607259,Nick Martínez,TB,FC,1078,0.213,89.1,2344.0,0.544,0.285,166.0,37.0,4.0,0.233,0.365,0.277,0.311,0.072,0.123,0.297,86.8
607259,Nick Martínez,TB,FF,855,0.169,92.7,2298.0,0.531,0.277,91.0,21.0,4.0,0.25,0.488,0.341,0.303,0.187,0.131,0.448,91.1
607259,Nick Martínez,TB,CU,386,0.076,79.9,2567.0,0.251,0.112,11.0,4.0,0.0,0.364,0.545,0.391,0.463,0.0,0.167,0.182,85.9
607259,Nick Martínez,TB,SL,360,0.071,85.0,2424.0,0.453,0.274,19.0,10.0,0.0,0.526,0.684,0.576,0.457,0.0,0.238,0.526,91.6
683232,Nick Mears,KC,FF,577,0.484,95.3,2279.0,0.518,0.228,31.0,4.0,0.0,0.167,0.208,0.263,0.376,0.097,0.094,0.455,84.6
683232,Nick Mears,KC,SL,451,0.378,86.2,2515.0,0.548,0.454,25.0,7.0,1.0,0.318,0.682,0.45,0.401,0.32,0.304,0.467,95.1
683232,Nick Mears,KC,CU,81,0.068,81.9,2577.0,0.358,0.205,,,,,,,,,,,
683232,Nick Mears,KC,SI,41,0.034,93.8,2201.0,0.561,0.2,15.0,5.0,1.0,0.333,0.6,0.397,0.418,0.067,0.0,0.714,96.6
683232,Nick Mears,KC,CH,36,0.03,84.5,1537.0,0.333,0.267,,,,,,,,,,,
601713,Nick Pivetta,SD,FF,1610,0.481,93.8,2328.0,0.501,0.31,65.0,11.0,1.0,0.183,0.3,0.245,0.265,0.323,0.14,0.462,91.6
601713,Nick Pivetta,SD,CU,742,0.222,79.0,2787.0,0.404,0.216,19.0,5.0,0.0,0.294,0.294,0.311,0.304,0.211,0.229,0.231,91.1
601713,Nick Pivetta,SD,ST,581,0.174,81.9,2440.0,0.515,0.357,14.0,2.0,1.0,0.143,0.357,0.207,0.218,0.5,0.393,0.429,86.5
601713,Nick Pivetta,SD,FC,318,0.095,90.5,2354.0,0.456,0.286,18.0,4.0,0.0,0.222,0.278,0.219,0.284,0.111,0.081,0.25,83.3
601713,Nick Pivetta,SD,SI,70,0.021,93.3,2237.0,0.414,0.194,,,,,,,,,,,
601713,Nick Pivetta,SD,SL,16,0.005,86.9,2318.0,0.438,0.273,,,,,,,,,,,
675919,Nick Raquet,BAL,ST,44,0.431,82.6,2427.0,0.5,0.318,12.0,3.0,1.0,0.273,0.636,0.404,0.405,0.083,0.059,0.4,90.7
675919,Nick Raquet,BAL,SI,28,0.275,91.6,2090.0,0.321,0.154,,,,,,,,,,,
675919,Nick Raquet,BAL,SL,20,0.196,84.5,2392.0,0.35,0.25,,,,,,,,,,,
680704,Nick Sandlin,LAA,SL,226,0.506,77.9,2635.0,0.407,0.302,21.0,5.0,1.0,0.312,0.5,0.5,0.386,0.19,0.312,0.182,84.8
680704,Nick Sandlin,LAA,FS,94,0.21,84.3,1731.0,0.5,0.358,,,,,,,,,,,
680704,Nick Sandlin,LAA,FF,81,0.181,91.4,2374.0,0.37,0.136,,,,,,,,,,,
680704,Nick Sandlin,LAA,SI,45,0.101,91.6,2262.0,0.467,0.167,,,,,,,,,,,
702070,Noah Cameron,KC,FF,1243,0.251,92.4,2300.0,0.438,0.2,149.0,33.0,3.0,0.25,0.394,0.338,0.369,0.128,0.132,0.5,91.7
702070,Noah Cameron,KC,FC,1060,0.214,89.1,2392.0,0.528,0.327,156.0,41.0,2.0,0.289,0.43,0.346,0.322,0.109,0.193,0.365,86.4
702070,Noah Cameron,KC,CH,966,0.195,81.1,1583.0,0.498,0.279,143.0,27.0,4.0,0.211,0.367,0.299,0.287,0.224,0.35,0.24,83.8
702070,Noah Cameron,KC,CU,880,0.177,81.3,2341.0,0.407,0.287,126.0,18.0,2.0,0.151,0.244,0.206,0.232,0.365,0.275,0.342,87.4
702070,Noah Cameron,KC,SL,674,0.136,84.7,2505.0,0.539,0.42,106.0,22.0,6.0,0.222,0.455,0.316,0.304,0.349,0.327,0.422,89.3
702070,Noah Cameron,KC,SI,132,0.027,91.5,2244.0,0.341,0.159,36.0,12.0,2.0,0.4,0.6,0.477,0.385,0.111,0.067,0.407,90.7
668716,Noah Murdock,PIT,SI,251,0.536,94.5,2112.0,0.41,0.246,,,,,,,,,,,
668716,Noah Murdock,PIT,FC,98,0.209,89.4,2364.0,0.347,0.152,,,,,,,,,,,
668716,Noah Murdock,PIT,ST,78,0.167,82.2,2616.0,0.359,0.283,,,,,,,,,,,
668716,Noah Murdock,PIT,CU,23,0.049,84.4,2626.0,0.348,0.3,,,,,,,,,,,
702273,Noah Schultz,CWS,SI,315,0.258,95.2,2448.0,0.419,0.2,88.0,19.0,2.0,0.268,0.394,0.359,0.381,0.091,0.083,0.439,86.8
702273,Noah Schultz,CWS,FF,270,0.221,95.3,2469.0,0.467,0.297,81.0,12.0,2.0,0.174,0.333,0.308,0.315,0.259,0.198,0.417,90.1
702273,Noah Schultz,CWS,FC,264,0.216,89.9,2634.0,0.443,0.232,56.0,11.0,1.0,0.229,0.354,0.321,0.327,0.196,0.214,0.308,85.4
702273,Noah Schultz,CWS,ST,211,0.173,82.6,2818.0,0.379,0.28,44.0,9.0,4.0,0.237,0.605,0.395,0.443,0.295,0.288,0.48,88.6
702273,Noah Schultz,CWS,CH,120,0.098,89.2,1985.0,0.533,0.378,34.0,11.0,0.0,0.344,0.406,0.379,0.304,0.235,0.266,0.292,84.9
702273,Noah Schultz,CWS,CU,40,0.033,82.2,2733.0,0.525,0.455,,,,,,,,,,,
676510,Nolan Hoffman,KC,FF,66,0.299,93.6,2444.0,0.53,0.333,22.0,4.0,0.0,0.235,0.235,0.281,0.218,0.364,0.172,0.364,84.6
676510,Nolan Hoffman,KC,FC,53,0.24,88.5,2333.0,0.415,0.087,10.0,3.0,0.0,0.333,0.333,0.34,0.382,0.0,0.0,0.333,80.0
676510,Nolan Hoffman,KC,SI,48,0.217,92.9,2227.0,0.5,0.458,15.0,5.0,0.0,0.357,0.429,0.37,0.397,0.067,0.125,0.308,79.1
676510,Nolan Hoffman,KC,ST,21,0.095,80.7,2510.0,0.381,0.312,,,,,,,,,,,
676510,Nolan Hoffman,KC,CH,18,0.081,85.7,1850.0,0.444,0.231,,,,,,,,,,,
676510,Nolan Hoffman,KC,CU,15,0.068,78.6,2473.0,0.467,0.222,,,,,,,,,,,
690997,Nolan Mclean,NYM,SI,1218,0.333,95.0,2217.0,0.439,0.268,308.0,53.0,4.0,0.193,0.265,0.253,0.276,0.231,0.108,0.364,87.2
690997,Nolan Mclean,NYM,FF,662,0.181,96.0,2341.0,0.434,0.224,120.0,23.0,7.0,0.23,0.46,0.354,0.39,0.217,0.258,0.455,91.0
690997,Nolan Mclean,NYM,CU,537,0.147,81.6,3344.0,0.467,0.339,123.0,15.0,1.0,0.132,0.184,0.18,0.166,0.537,0.348,0.286,86.4
690997,Nolan Mclean,NYM,ST,502,0.137,85.1,2982.0,0.329,0.186,56.0,15.0,2.0,0.366,0.537,0.474,0.385,0.161,0.22,0.188,80.5
690997,Nolan Mclean,NYM,FC,369,0.101,91.9,2550.0,0.507,0.303,75.0,22.0,2.0,0.338,0.554,0.459,0.362,0.12,0.223,0.439,89.1
690997,Nolan Mclean,NYM,CH,245,0.067,87.8,1357.0,0.518,0.351,45.0,11.0,1.0,0.262,0.405,0.334,0.313,0.2,0.255,0.273,84.3
690997,Nolan Mclean,NYM,SL,115,0.031,85.9,2962.0,0.4,0.221,17.0,1.0,0.0,0.077,0.077,0.2,0.237,0.176,0.348,0.091,82.1
689147,Orion Kerkering,PHI,ST,975,0.447,86.9,2911.0,0.421,0.28,112.0,20.0,4.0,0.192,0.337,0.259,0.279,0.268,0.246,0.311,86.1
689147,Orion Kerkering,PHI,FF,725,0.333,97.3,2380.0,0.439,0.24,94.0,16.0,1.0,0.229,0.4,0.37,0.337,0.277,0.287,0.422,88.8
689147,Orion Kerkering,PHI,SI,401,0.184,96.3,2291.0,0.411,0.283,47.0,11.0,0.0,0.297,0.405,0.426,0.321,0.043,0.105,0.194,79.9
689147,Orion Kerkering,PHI,FS,65,0.03,92.2,1713.0,0.323,0.259,13.0,3.0,0.0,0.231,0.231,0.346,0.192,0.385,0.381,0.222,83.7
687377,Orlando Ribalta,WSH,SL,409,0.327,86.9,2135.0,0.487,0.333,60.0,11.0,2.0,0.212,0.365,0.307,0.336,0.2,0.279,0.3,83.1
687377,Orlando Ribalta,WSH,FF,394,0.315,96.7,2622.0,0.525,0.351,52.0,7.0,2.0,0.156,0.333,0.267,0.285,0.308,0.254,0.548,90.1
687377,Orlando Ribalta,WSH,CH,228,0.182,86.0,1985.0,0.456,0.245,29.0,2.0,0.0,0.08,0.08,0.159,0.147,0.414,0.438,0.0,77.9
687377,Orlando Ribalta,WSH,SI,220,0.176,96.4,2447.0,0.523,0.403,37.0,14.0,1.0,0.4,0.514,0.399,0.365,0.027,0.1,0.257,82.4
674370,Osvaldo Bido,CWS,FF,615,0.361,94.5,2433.0,0.494,0.245,26.0,3.0,0.0,0.158,0.263,0.319,0.411,0.115,0.167,0.5,92.0
674370,Osvaldo Bido,CWS,SL,488,0.287,85.5,2246.0,0.496,0.328,16.0,5.0,1.0,0.385,0.692,0.503,0.431,0.125,0.29,0.455,88.4
674370,Osvaldo Bido,CWS,SI,269,0.158,94.8,2331.0,0.483,0.271,20.0,4.0,2.0,0.25,0.625,0.43,0.462,0.05,0.062,0.467,91.6
674370,Osvaldo Bido,CWS,CH,166,0.097,88.8,2172.0,0.422,0.162,,,,,,,,,,,
674370,Osvaldo Bido,CWS,FC,94,0.055,86.6,2191.0,0.5,0.271,,,,,,,,,,,
674370,Osvaldo Bido,CWS,ST,63,0.037,85.2,2481.0,0.54,0.45,16.0,3.0,0.0,0.188,0.188,0.169,0.202,0.312,0.382,0.273,81.3
702566,Owen Murphy,ATL,FF,110,0.519,92.9,2460.0,0.573,0.318,33.0,8.0,2.0,0.276,0.552,0.391,0.333,0.212,0.159,0.318,91.1
702566,Owen Murphy,ATL,CH,42,0.198,85.4,1425.0,0.738,0.591,12.0,4.0,1.0,0.333,0.583,0.392,0.545,0.083,0.194,0.818,100.0
702566,Owen Murphy,ATL,CU,33,0.156,79.3,2618.0,0.364,0.19,,,,,,,,,,,
702566,Owen Murphy,ATL,SL,25,0.118,87.8,2489.0,0.56,0.308,,,,,,,,,,,
800048,Parker Messick,CLE,FF,1426,0.406,94.1,2173.0,0.498,0.276,307.0,50.0,5.0,0.179,0.29,0.246,0.256,0.326,0.226,0.348,87.2
800048,Parker Messick,CLE,CH,824,0.234,85.7,1859.0,0.534,0.416,197.0,40.0,0.0,0.213,0.303,0.242,0.202,0.355,0.344,0.24,85.1
800048,Parker Messick,CLE,SI,517,0.147,92.6,2061.0,0.493,0.239,124.0,24.0,1.0,0.214,0.295,0.264,0.351,0.065,0.079,0.434,89.8
800048,Parker Messick,CLE,CU,326,0.093,78.7,2281.0,0.291,0.203,36.0,11.0,4.0,0.324,0.735,0.456,0.361,0.028,0.104,0.242,80.3
800048,Parker Messick,CLE,SL,276,0.079,86.8,2387.0,0.442,0.26,42.0,12.0,4.0,0.308,0.615,0.412,0.385,0.167,0.259,0.438,86.1
800048,Parker Messick,CLE,FC,140,0.04,90.6,2155.0,0.4,0.221,22.0,6.0,3.0,0.3,0.75,0.459,0.34,0.227,0.25,0.333,77.4
656786,Parker Mushinski,COL,ST,40,0.288,82.1,2740.0,0.55,0.389,10.0,1.0,0.0,0.1,0.2,0.215,0.105,0.0,0.136,0.1,84.7
656786,Parker Mushinski,COL,FF,28,0.201,92.4,2458.0,0.286,0.125,10.0,4.0,0.0,0.667,0.833,0.675,0.648,0.0,0.0,0.667,98.7
656786,Parker Mushinski,COL,CU,23,0.165,82.5,2764.0,0.435,0.294,,,,,,,,,,,
656786,Parker Mushinski,COL,FC,22,0.158,88.7,2618.0,0.364,0.2,,,,,,,,,,,
656786,Parker Mushinski,COL,SI,21,0.151,91.3,2424.0,0.333,0.091,,,,,,,,,,,
571578,Patrick Corbin,TOR,SL,1255,0.314,80.0,2220.0,0.452,0.35,93.0,14.0,3.0,0.167,0.298,0.241,0.227,0.344,0.354,0.25,80.3
571578,Patrick Corbin,TOR,SI,1131,0.283,91.5,2077.0,0.449,0.199,114.0,36.0,4.0,0.353,0.529,0.423,0.423,0.096,0.07,0.533,92.2
571578,Patrick Corbin,TOR,FC,862,0.215,87.2,2309.0,0.53,0.327,63.0,24.0,3.0,0.453,0.774,0.564,0.489,0.048,0.13,0.569,92.3
571578,Patrick Corbin,TOR,CH,487,0.122,79.9,1364.0,0.429,0.281,51.0,10.0,0.0,0.208,0.271,0.242,0.29,0.157,0.262,0.293,85.8
571578,Patrick Corbin,TOR,FF,228,0.057,91.2,2144.0,0.487,0.293,40.0,14.0,2.0,0.359,0.564,0.405,0.338,0.225,0.075,0.3,86.0
571578,Patrick Corbin,TOR,CU,36,0.009,68.6,1909.0,0.25,0.286,,,,,,,,,,,
687287,Patrick Monteverde,MIA,FC,50,0.327,86.2,2215.0,0.68,0.421,,,,,,,,,,,
687287,Patrick Monteverde,MIA,CU,26,0.17,77.3,2510.0,0.423,0.167,,,,,,,,,,,
687287,Patrick Monteverde,MIA,SI,22,0.144,89.6,1969.0,0.591,0.273,,,,,,,,,,,
687287,Patrick Monteverde,MIA,FF,20,0.131,90.2,2101.0,0.35,0.1,,,,,,,,,,,
663776,Patrick Sandoval,BOS,CH,289,0.261,83.4,1706.0,0.498,0.331,82.0,11.0,0.0,0.149,0.162,0.198,0.198,0.366,0.41,0.261,81.4
663776,Patrick Sandoval,BOS,FF,272,0.245,93.4,2060.0,0.526,0.27,77.0,24.0,3.0,0.358,0.597,0.446,0.404,0.13,0.112,0.421,89.4
663776,Patrick Sandoval,BOS,SL,241,0.217,86.7,2549.0,0.432,0.25,56.0,15.0,1.0,0.306,0.429,0.354,0.316,0.196,0.231,0.256,86.2
663776,Patrick Sandoval,BOS,SI,202,0.182,93.9,2059.0,0.426,0.174,55.0,17.0,2.0,0.395,0.581,0.483,0.522,0.145,0.105,0.5,89.8
663776,Patrick Sandoval,BOS,ST,58,0.052,80.6,2655.0,0.603,0.514,22.0,10.0,1.0,0.455,0.636,0.475,0.3,0.318,0.171,0.267,83.5
663776,Patrick Sandoval,BOS,CU,47,0.042,75.7,2706.0,0.17,0.125,,,,,,,,,,,
621112,Paul Blackburn,NYY,SI,614,0.325,93.7,2004.0,0.412,0.195,115.0,27.0,1.0,0.27,0.34,0.34,0.362,0.148,0.083,0.47,90.7
621112,Paul Blackburn,NYY,FC,419,0.222,91.0,2474.0,0.477,0.258,53.0,14.0,2.0,0.286,0.449,0.345,0.368,0.113,0.161,0.405,88.8
621112,Paul Blackburn,NYY,CH,327,0.173,87.3,1775.0,0.572,0.391,80.0,7.0,1.0,0.091,0.156,0.128,0.217,0.225,0.276,0.271,83.2
621112,Paul Blackburn,NYY,CU,261,0.138,80.9,2690.0,0.429,0.366,41.0,3.0,1.0,0.081,0.162,0.161,0.191,0.439,0.397,0.211,82.8
621112,Paul Blackburn,NYY,ST,196,0.104,82.6,2752.0,0.5,0.333,27.0,4.0,1.0,0.16,0.28,0.226,0.25,0.259,0.304,0.053,80.3
621112,Paul Blackburn,NYY,FF,60,0.032,93.8,2241.0,0.35,0.121,10.0,2.0,1.0,0.333,0.833,0.57,0.36,0.1,0.091,0.4,89.6
801434,Paul Gervase,LAD,FF,135,0.519,93.4,2195.0,0.415,0.238,17.0,3.0,0.0,0.214,0.214,0.282,0.248,0.412,0.348,0.571,86.0
801434,Paul Gervase,LAD,SL,88,0.338,83.5,2392.0,0.443,0.283,10.0,2.0,0.0,0.222,0.222,0.278,0.289,0.1,0.235,0.429,88.1
801434,Paul Gervase,LAD,FC,35,0.135,90.0,2292.0,0.429,0.176,,,,,,,,,,,
623149,Paul Sewald,TOR,FF,651,0.564,91.1,2559.0,0.544,0.328,128.0,25.0,9.0,0.219,0.482,0.333,0.351,0.211,0.188,0.456,91.2
623149,Paul Sewald,TOR,ST,485,0.42,82.7,2496.0,0.466,0.299,84.0,14.0,4.0,0.179,0.41,0.28,0.267,0.31,0.289,0.302,87.5
623149,Paul Sewald,TOR,FC,15,0.013,88.6,2469.0,0.267,0.2,,,,,,,,,,,
694973,Paul Skenes,PIT,FF,2310,0.399,97.5,2214.0,0.541,0.295,287.0,57.0,12.0,0.22,0.409,0.307,0.283,0.317,0.272,0.456,89.9
694973,Paul Skenes,PIT,ST,914,0.158,84.4,2332.0,0.429,0.242,77.0,11.0,3.0,0.157,0.3,0.254,0.23,0.286,0.26,0.224,80.0
694973,Paul Skenes,PIT,FS,691,0.119,93.5,1660.0,0.533,0.356,71.0,21.0,0.0,0.333,0.381,0.358,0.333,0.099,0.175,0.375,86.4
694973,Paul Skenes,PIT,CH,673,0.116,88.7,1816.0,0.514,0.395,91.0,20.0,1.0,0.235,0.388,0.29,0.255,0.319,0.335,0.196,81.4
694973,Paul Skenes,PIT,SI,642,0.111,97.1,2208.0,0.455,0.304,90.0,24.0,2.0,0.293,0.439,0.36,0.315,0.167,0.122,0.448,89.5
694973,Paul Skenes,PIT,SL,407,0.07,86.1,2311.0,0.504,0.326,74.0,10.0,1.0,0.154,0.262,0.253,0.261,0.365,0.328,0.395,86.9
694973,Paul Skenes,PIT,CU,154,0.027,83.8,2437.0,0.351,0.229,,,,,,,,,,,
687606,Paxton Schultz,WSH,FC,401,0.378,88.8,2251.0,0.446,0.27,58.0,17.0,3.0,0.333,0.608,0.462,0.4,0.103,0.197,0.386,87.7
687606,Paxton Schultz,WSH,FF,373,0.352,93.7,2252.0,0.477,0.283,71.0,14.0,0.0,0.219,0.234,0.245,0.249,0.338,0.134,0.4,90.7
687606,Paxton Schultz,WSH,CH,174,0.164,86.5,1751.0,0.385,0.277,13.0,7.0,2.0,0.538,1.077,0.681,0.481,0.0,0.241,0.385,91.8
687606,Paxton Schultz,WSH,SL,110,0.104,85.1,2243.0,0.427,0.219,11.0,5.0,0.0,0.455,0.636,0.473,0.477,0.091,0.235,0.4,92.5
801139,Payton Tolle,BOS,FF,1212,0.468,96.2,2280.0,0.566,0.336,253.0,43.0,7.0,0.189,0.333,0.276,0.246,0.348,0.267,0.35,86.4
801139,Payton Tolle,BOS,SI,549,0.212,94.8,2265.0,0.494,0.297,150.0,43.0,3.0,0.319,0.467,0.389,0.309,0.1,0.14,0.382,87.0
801139,Payton Tolle,BOS,FC,481,0.186,88.7,2364.0,0.59,0.4,112.0,24.0,2.0,0.226,0.349,0.274,0.267,0.223,0.266,0.275,84.7
801139,Payton Tolle,BOS,CU,230,0.089,82.9,2437.0,0.487,0.412,72.0,11.0,1.0,0.157,0.271,0.197,0.137,0.569,0.415,0.345,88.6
801139,Payton Tolle,BOS,CH,85,0.033,88.9,1023.0,0.435,0.185,13.0,2.0,2.0,0.154,0.615,0.308,0.348,0.154,0.179,0.364,91.8
801139,Payton Tolle,BOS,SL,29,0.011,88.6,2369.0,0.724,0.417,,,,,,,,,,,
664126,Pete Fairbanks,MIA,FF,877,0.5,97.3,2421.0,0.505,0.29,81.0,20.0,6.0,0.286,0.586,0.412,0.366,0.296,0.234,0.587,93.9
664126,Pete Fairbanks,MIA,SL,595,0.339,84.8,2533.0,0.418,0.296,45.0,5.0,0.0,0.122,0.146,0.174,0.24,0.356,0.385,0.308,87.9
664126,Pete Fairbanks,MIA,FC,219,0.125,89.8,2495.0,0.543,0.366,52.0,10.0,2.0,0.233,0.465,0.363,0.329,0.327,0.333,0.308,86.3
664126,Pete Fairbanks,MIA,CH,62,0.035,94.1,1978.0,0.484,0.3,,,,,,,,,,,
663567,Peter Lambert,HOU,FF,808,0.318,93.9,2303.0,0.524,0.327,204.0,42.0,10.0,0.23,0.426,0.321,0.33,0.284,0.208,0.496,91.2
663567,Peter Lambert,HOU,CH,604,0.238,86.9,1554.0,0.535,0.377,172.0,32.0,1.0,0.215,0.262,0.294,0.249,0.244,0.313,0.202,82.5
663567,Peter Lambert,HOU,SL,289,0.114,85.6,2635.0,0.453,0.232,67.0,10.0,2.0,0.172,0.328,0.273,0.287,0.179,0.244,0.34,88.3
663567,Peter Lambert,HOU,FC,262,0.103,91.6,2327.0,0.481,0.195,69.0,15.0,0.0,0.273,0.327,0.356,0.345,0.174,0.135,0.364,89.6
663567,Peter Lambert,HOU,SI,243,0.096,93.4,2186.0,0.461,0.333,66.0,16.0,1.0,0.258,0.323,0.296,0.267,0.106,0.071,0.345,83.5
663567,Peter Lambert,HOU,ST,193,0.076,82.8,2729.0,0.456,0.345,45.0,11.0,0.0,0.256,0.349,0.282,0.264,0.244,0.273,0.344,86.4
657265,Peter Strzelecki,STL,SI,99,0.394,92.2,2348.0,0.444,0.159,29.0,9.0,1.0,0.375,0.583,0.438,0.382,0.034,0.045,0.458,89.5
657265,Peter Strzelecki,STL,CU,69,0.275,81.6,2893.0,0.377,0.271,16.0,1.0,0.0,0.071,0.071,0.144,0.203,0.188,0.192,0.273,88.8
657265,Peter Strzelecki,STL,FF,29,0.116,92.5,2408.0,0.552,0.312,,,,,,,,,,,
657265,Peter Strzelecki,STL,CH,27,0.108,85.6,1663.0,0.407,0.35,,,,,,,,,,,
657265,Peter Strzelecki,STL,ST,27,0.108,81.7,2932.0,0.333,0.167,,,,,,,,,,,
682608,Peyton Gray,TEX,FF,394,0.413,93.1,2324.0,0.485,0.268,92.0,22.0,3.0,0.272,0.42,0.364,0.315,0.304,0.183,0.5,90.5
682608,Peyton Gray,TEX,CH,375,0.393,83.4,1794.0,0.547,0.411,115.0,24.0,4.0,0.222,0.407,0.303,0.252,0.261,0.283,0.21,83.2
682608,Peyton Gray,TEX,SL,175,0.183,86.6,2552.0,0.417,0.204,37.0,10.0,2.0,0.303,0.545,0.469,0.36,0.054,0.219,0.424,87.1
688883,Peyton Pallette,CLE,FF,231,0.523,95.4,2278.0,0.442,0.173,55.0,11.0,1.0,0.275,0.425,0.41,0.423,0.164,0.255,0.516,92.4
688883,Peyton Pallette,CLE,CU,106,0.24,81.6,2773.0,0.33,0.207,22.0,3.0,0.0,0.15,0.15,0.186,0.288,0.409,0.229,0.455,92.3
688883,Peyton Pallette,CLE,SL,99,0.224,85.6,2531.0,0.354,0.282,19.0,3.0,1.0,0.176,0.412,0.292,0.253,0.211,0.314,0.231,81.5
664208,Phil Maton,CHC,FC,564,0.361,90.2,2581.0,0.459,0.237,50.0,13.0,0.0,0.325,0.375,0.346,0.396,0.22,0.194,0.469,91.7
664208,Phil Maton,CHC,CU,543,0.347,75.8,3162.0,0.554,0.417,49.0,11.0,3.0,0.25,0.523,0.359,0.295,0.388,0.296,0.385,83.1
664208,Phil Maton,CHC,SI,226,0.145,89.9,2320.0,0.336,0.191,25.0,5.0,1.0,0.294,0.471,0.448,0.521,0.0,0.14,0.294,82.2
664208,Phil Maton,CHC,ST,221,0.141,83.5,2701.0,0.412,0.219,12.0,5.0,1.0,0.5,1.1,0.671,0.462,0.083,0.235,0.667,94.0
691769,Philip Abner,SF,FF,226,0.589,90.5,2360.0,0.482,0.273,51.0,15.0,2.0,0.349,0.558,0.425,0.46,0.118,0.143,0.421,88.7
691769,Philip Abner,SF,CU,68,0.177,81.1,2307.0,0.397,0.156,15.0,1.0,0.0,0.083,0.083,0.2,0.262,0.067,0.2,0.091,87.3
691769,Philip Abner,SF,SL,66,0.172,80.2,2371.0,0.515,0.342,14.0,4.0,3.0,0.308,1.0,0.543,0.441,0.143,0.034,0.636,94.3
691769,Philip Abner,SF,CH,23,0.06,83.3,1555.0,0.435,0.35,,,,,,,,,,,
572955,Pierce Johnson,CIN,CU,1219,0.677,86.2,2883.0,0.472,0.326,127.0,31.0,4.0,0.263,0.424,0.316,0.329,0.165,0.238,0.327,88.2
572955,Pierce Johnson,CIN,FF,519,0.288,95.5,2345.0,0.41,0.262,77.0,14.0,4.0,0.219,0.453,0.344,0.345,0.26,0.178,0.444,93.2
572955,Pierce Johnson,CIN,FC,51,0.028,92.3,2585.0,0.333,0.0,,,,,,,,,,,
676571,Pj Poulin,WSH,FF,375,0.354,90.5,2184.0,0.376,0.138,48.0,9.0,2.0,0.22,0.39,0.324,0.407,0.125,0.099,0.514,94.6
676571,Pj Poulin,WSH,ST,325,0.307,78.9,2378.0,0.443,0.306,53.0,8.0,2.0,0.178,0.378,0.303,0.335,0.264,0.273,0.452,88.9
676571,Pj Poulin,WSH,SI,185,0.175,89.1,2096.0,0.422,0.273,36.0,5.0,0.0,0.167,0.233,0.286,0.314,0.083,0.056,0.345,91.6
676571,Pj Poulin,WSH,CH,169,0.16,80.3,1527.0,0.438,0.319,13.0,5.0,0.0,0.385,0.462,0.373,0.337,0.154,0.069,0.455,86.8
687273,Quinn Mathews,STL,FF,304,0.387,93.4,2245.0,0.464,0.255,74.0,19.0,2.0,0.297,0.438,0.373,0.331,0.149,0.199,0.423,90.1
687273,Quinn Mathews,STL,SL,179,0.228,84.8,2344.0,0.508,0.27,56.0,9.0,2.0,0.184,0.327,0.265,0.287,0.232,0.231,0.378,87.3
687273,Quinn Mathews,STL,CH,130,0.165,83.0,1349.0,0.462,0.311,33.0,7.0,0.0,0.241,0.241,0.255,0.269,0.212,0.417,0.174,80.0
687273,Quinn Mathews,STL,CU,105,0.134,75.7,2449.0,0.343,0.236,16.0,5.0,0.0,0.333,0.533,0.391,0.242,0.25,0.194,0.182,86.6
687273,Quinn Mathews,STL,SI,68,0.087,92.8,2241.0,0.397,0.107,12.0,3.0,0.0,0.273,0.273,0.225,0.322,0.25,0.148,0.444,94.6
628452,Raisel Iglesias,ATL,FF,719,0.382,94.6,2337.0,0.524,0.257,75.0,18.0,2.0,0.254,0.366,0.296,0.299,0.28,0.208,0.469,92.1
628452,Raisel Iglesias,ATL,CH,590,0.314,88.6,1949.0,0.631,0.506,105.0,20.0,3.0,0.202,0.343,0.277,0.257,0.314,0.373,0.269,86.0
628452,Raisel Iglesias,ATL,SI,393,0.209,94.5,2336.0,0.356,0.25,37.0,9.0,1.0,0.29,0.484,0.391,0.409,0.081,0.103,0.464,86.6
628452,Raisel Iglesias,ATL,SL,163,0.087,83.4,2660.0,0.479,0.324,17.0,0.0,0.0,0.0,0.0,0.041,0.151,0.412,0.321,0.333,84.3
677976,Randy Dobnak,KC,SI,502,0.386,91.5,1950.0,0.466,0.174,136.0,33.0,2.0,0.27,0.385,0.33,0.379,0.059,0.063,0.482,92.7
677976,Randy Dobnak,KC,ST,328,0.252,82.4,2478.0,0.338,0.227,56.0,10.0,3.0,0.217,0.5,0.364,0.347,0.214,0.308,0.382,90.6
677976,Randy Dobnak,KC,CH,284,0.218,84.8,1455.0,0.528,0.454,68.0,16.0,2.0,0.25,0.359,0.281,0.255,0.265,0.27,0.277,83.9
677976,Randy Dobnak,KC,FF,127,0.098,92.2,2037.0,0.433,0.2,31.0,7.0,0.0,0.241,0.276,0.26,0.263,0.161,0.082,0.25,85.9
677976,Randy Dobnak,KC,SL,60,0.046,83.7,2227.0,0.583,0.415,19.0,5.0,0.0,0.278,0.278,0.274,0.297,0.263,0.286,0.385,83.9
681190,Randy Vásquez,SD,FF,1132,0.262,94.4,2413.0,0.478,0.251,170.0,34.0,3.0,0.218,0.327,0.275,0.317,0.182,0.171,0.421,91.5
681190,Randy Vásquez,SD,FC,1043,0.242,90.6,2604.0,0.494,0.269,108.0,32.0,5.0,0.33,0.629,0.421,0.415,0.093,0.183,0.449,92.0
681190,Randy Vásquez,SD,SI,770,0.178,94.0,2360.0,0.496,0.257,121.0,26.0,2.0,0.241,0.352,0.298,0.376,0.132,0.066,0.462,91.9
681190,Randy Vásquez,SD,CU,443,0.103,82.3,3078.0,0.515,0.316,47.0,12.0,1.0,0.279,0.465,0.403,0.355,0.17,0.189,0.486,89.6
681190,Randy Vásquez,SD,ST,392,0.091,82.7,3023.0,0.469,0.259,33.0,10.0,2.0,0.333,0.533,0.394,0.452,0.091,0.14,0.407,90.8
681190,Randy Vásquez,SD,CH,336,0.078,87.9,2030.0,0.384,0.193,43.0,11.0,0.0,0.275,0.35,0.287,0.31,0.186,0.271,0.424,90.9
681190,Randy Vásquez,SD,SL,190,0.044,86.1,2925.0,0.532,0.389,45.0,13.0,3.0,0.289,0.533,0.349,0.309,0.2,0.244,0.389,86.8
624133,Ranger Suarez,BOS,SI,1254,0.265,90.2,1985.0,0.41,0.236,180.0,45.0,3.0,0.273,0.364,0.309,0.334,0.178,0.105,0.403,86.7
624133,Ranger Suarez,BOS,FF,867,0.183,91.5,1994.0,0.391,0.193,104.0,20.0,0.0,0.225,0.258,0.296,0.323,0.212,0.147,0.333,86.9
624133,Ranger Suarez,BOS,FC,861,0.182,87.2,2109.0,0.534,0.301,110.0,23.0,3.0,0.235,0.388,0.324,0.311,0.109,0.133,0.292,84.7
624133,Ranger Suarez,BOS,CU,777,0.164,74.8,2159.0,0.485,0.39,102.0,21.0,1.0,0.226,0.301,0.265,0.209,0.431,0.387,0.28,86.0
624133,Ranger Suarez,BOS,CH,751,0.159,80.1,1276.0,0.533,0.389,65.0,13.0,1.0,0.206,0.349,0.251,0.277,0.169,0.255,0.25,84.2
624133,Ranger Suarez,BOS,SL,218,0.046,79.2,2215.0,0.44,0.358,31.0,5.0,1.0,0.179,0.393,0.282,0.3,0.419,0.421,0.467,92.6
678061,Ray Kerr,ATL,FF,64,0.356,95.0,2266.0,0.5,0.286,20.0,2.0,1.0,0.105,0.263,0.145,0.209,0.3,0.25,0.357,92.9
678061,Ray Kerr,ATL,CU,59,0.328,81.1,2029.0,0.559,0.471,16.0,4.0,1.0,0.286,0.571,0.443,0.362,0.188,0.333,0.417,82.5
678061,Ray Kerr,ATL,SI,37,0.206,94.6,2070.0,0.486,0.3,14.0,1.0,0.0,0.083,0.083,0.164,0.299,0.071,0.0,0.364,78.8
670103,Raymond Burgos,BOS,SI,100,0.433,90.4,2184.0,0.52,0.241,23.0,10.0,0.0,0.455,0.5,0.434,0.334,0.043,0.077,0.5,89.4
670103,Raymond Burgos,BOS,ST,66,0.286,77.7,2298.0,0.53,0.395,25.0,3.0,0.0,0.12,0.2,0.136,0.122,0.36,0.371,0.118,79.7
670103,Raymond Burgos,BOS,FC,33,0.143,86.0,2199.0,0.485,0.133,12.0,2.0,2.0,0.182,0.727,0.392,0.455,0.0,0.0,0.273,90.6
670103,Raymond Burgos,BOS,CH,26,0.113,84.6,1640.0,0.615,0.375,,,,,,,,,,,
672282,Reid Detmers,LAA,FF,1800,0.453,94.5,2146.0,0.519,0.293,341.0,76.0,11.0,0.244,0.407,0.313,0.314,0.217,0.166,0.463,91.5
672282,Reid Detmers,LAA,SL,1288,0.324,86.6,2415.0,0.523,0.413,255.0,44.0,4.0,0.183,0.254,0.226,0.218,0.396,0.339,0.3,86.8
672282,Reid Detmers,LAA,CU,547,0.138,72.8,2510.0,0.335,0.247,57.0,9.0,1.0,0.191,0.362,0.306,0.307,0.333,0.366,0.2,83.1
672282,Reid Detmers,LAA,CH,267,0.067,83.8,1613.0,0.487,0.273,56.0,12.0,3.0,0.226,0.434,0.289,0.294,0.161,0.349,0.311,86.6
672282,Reid Detmers,LAA,SI,52,0.013,94.4,2091.0,0.519,0.414,,,,,,,,,,,
665665,Reiver Sanmartin,SF,SI,135,0.359,91.8,2311.0,0.452,0.294,33.0,9.0,1.0,0.3,0.467,0.409,0.385,0.091,0.175,0.464,87.2
665665,Reiver Sanmartin,SF,CH,108,0.287,86.7,2193.0,0.537,0.44,31.0,6.0,0.0,0.207,0.276,0.242,0.248,0.161,0.192,0.292,85.0
665665,Reiver Sanmartin,SF,SL,96,0.255,82.6,2582.0,0.396,0.283,22.0,4.0,1.0,0.2,0.45,0.309,0.237,0.227,0.314,0.2,82.7
665665,Reiver Sanmartin,SF,FF,31,0.082,92.3,2311.0,0.226,0.111,,,,,,,,,,,
625643,Reynaldo López,ATL,FF,787,0.538,94.2,2063.0,0.488,0.256,195.0,53.0,6.0,0.303,0.469,0.375,0.365,0.185,0.132,0.403,89.5
625643,Reynaldo López,ATL,SL,456,0.311,84.2,2313.0,0.404,0.292,102.0,19.0,3.0,0.216,0.352,0.304,0.319,0.255,0.339,0.333,85.3
625643,Reynaldo López,ATL,CU,160,0.109,74.5,2295.0,0.45,0.292,41.0,6.0,2.0,0.162,0.432,0.288,0.239,0.171,0.221,0.194,78.8
625643,Reynaldo López,ATL,CH,59,0.04,84.4,1592.0,0.322,0.188,,,,,,,,,,,
695076,Rhett Lowder,CIN,SI,657,0.296,93.1,2263.0,0.438,0.21,192.0,46.0,4.0,0.279,0.418,0.371,0.401,0.115,0.059,0.449,91.7
695076,Rhett Lowder,CIN,SL,592,0.266,85.1,2789.0,0.48,0.352,153.0,42.0,7.0,0.292,0.521,0.376,0.305,0.281,0.317,0.406,90.1
695076,Rhett Lowder,CIN,FF,453,0.204,93.7,2268.0,0.444,0.221,124.0,28.0,3.0,0.267,0.429,0.359,0.373,0.161,0.109,0.402,87.9
695076,Rhett Lowder,CIN,CH,451,0.203,86.5,1939.0,0.399,0.24,94.0,24.0,3.0,0.27,0.438,0.324,0.309,0.149,0.206,0.244,88.6
695076,Rhett Lowder,CIN,CU,63,0.028,80.8,3089.0,0.317,0.262,,,,,,,,,,,
663992,Richard Lovelady,WSH,ST,363,0.429,82.3,2484.0,0.493,0.339,83.0,18.0,2.0,0.247,0.425,0.354,0.301,0.217,0.233,0.241,83.4
663992,Richard Lovelady,WSH,SI,254,0.3,91.2,2242.0,0.398,0.285,43.0,14.0,0.0,0.412,0.471,0.455,0.413,0.093,0.149,0.406,84.8
663992,Richard Lovelady,WSH,FF,159,0.188,91.4,2391.0,0.465,0.241,25.0,4.0,1.0,0.211,0.368,0.35,0.353,0.24,0.153,0.143,83.4
663992,Richard Lovelady,WSH,SL,56,0.066,86.7,2436.0,0.518,0.286,,,,,,,,,,,
694357,Ricky Tiedemann,TOR,ST,62,0.5,82.1,2588.0,0.371,0.314,19.0,3.0,0.0,0.2,0.2,0.289,0.342,0.263,0.391,0.4,81.6
694357,Ricky Tiedemann,TOR,FF,47,0.379,95.9,2291.0,0.277,0.172,,,,,,,,,,,
676568,Ricky Vanasco,DET,FF,87,0.509,93.7,2188.0,0.379,0.184,20.0,7.0,2.0,0.438,0.875,0.628,0.394,0.1,0.03,0.5,87.9
676568,Ricky Vanasco,DET,CH,44,0.257,84.6,1381.0,0.545,0.385,11.0,3.0,0.0,0.273,0.364,0.277,0.325,0.182,0.208,0.333,85.3
676568,Ricky Vanasco,DET,CU,39,0.228,82.6,2290.0,0.282,0.12,,,,,,,,,,,
670329,Rico Garcia,BAL,FF,561,0.352,95.4,2508.0,0.503,0.26,76.0,16.0,3.0,0.25,0.469,0.366,0.365,0.211,0.176,0.438,92.9
670329,Rico Garcia,BAL,CH,402,0.252,86.7,2343.0,0.542,0.311,76.0,9.0,4.0,0.125,0.306,0.218,0.204,0.342,0.397,0.174,78.8
670329,Rico Garcia,BAL,CU,354,0.222,86.5,2502.0,0.438,0.285,63.0,9.0,0.0,0.148,0.213,0.17,0.185,0.317,0.318,0.415,86.2
670329,Rico Garcia,BAL,SL,266,0.167,88.2,2401.0,0.481,0.284,48.0,9.0,2.0,0.209,0.349,0.283,0.307,0.125,0.256,0.342,83.6
683000,Riley Cornelio,WSH,SL,335,0.509,85.0,2307.0,0.463,0.358,66.0,9.0,2.0,0.155,0.293,0.241,0.217,0.424,0.49,0.355,86.1
683000,Riley Cornelio,WSH,FF,246,0.374,96.5,2362.0,0.496,0.233,71.0,14.0,0.0,0.269,0.327,0.366,0.398,0.085,0.09,0.531,87.9
683000,Riley Cornelio,WSH,FC,73,0.111,90.2,2295.0,0.411,0.333,16.0,2.0,0.0,0.182,0.182,0.331,0.312,0.25,0.4,0.286,82.9
702303,Riley Martin,CHC,FF,65,0.551,94.5,2409.0,0.6,0.214,22.0,3.0,0.0,0.158,0.158,0.205,0.218,0.227,0.179,0.333,84.8
702303,Riley Martin,CHC,CU,35,0.297,85.5,2541.0,0.257,0.136,,,,,,,,,,,
702303,Riley Martin,CHC,SL,18,0.153,89.4,2474.0,0.556,0.375,,,,,,,,,,,
676617,Riley O'Brien,STL,SI,986,0.535,97.8,2193.0,0.452,0.241,169.0,41.0,3.0,0.279,0.388,0.352,0.373,0.166,0.146,0.418,87.5
676617,Riley O'Brien,STL,ST,510,0.277,83.0,2358.0,0.41,0.341,76.0,9.0,1.0,0.141,0.219,0.241,0.257,0.408,0.458,0.324,84.4
676617,Riley O'Brien,STL,SL,312,0.169,90.2,2507.0,0.474,0.293,25.0,3.0,1.0,0.143,0.333,0.25,0.361,0.2,0.195,0.647,92.3
592662,Robbie Ray,SD,FF,2486,0.419,93.4,2350.0,0.508,0.279,238.0,47.0,12.0,0.244,0.477,0.372,0.377,0.223,0.173,0.431,89.2
592662,Robbie Ray,SD,SL,1360,0.229,87.0,2244.0,0.487,0.284,132.0,30.0,4.0,0.25,0.392,0.316,0.342,0.242,0.328,0.333,87.4
592662,Robbie Ray,SD,CH,929,0.157,85.6,1634.0,0.477,0.289,150.0,25.0,3.0,0.18,0.288,0.241,0.263,0.18,0.231,0.295,87.0
592662,Robbie Ray,SD,KC,700,0.118,80.4,2180.0,0.384,0.291,68.0,10.0,1.0,0.159,0.238,0.21,0.233,0.279,0.348,0.364,87.9
592662,Robbie Ray,SD,SI,436,0.074,92.6,2237.0,0.406,0.218,115.0,28.0,2.0,0.304,0.424,0.4,0.391,0.07,0.079,0.43,89.9
695239,Robby Ahlstrom,TEX,FF,211,0.32,94.4,2182.0,0.427,0.191,38.0,9.0,2.0,0.29,0.548,0.418,0.332,0.342,0.278,0.278,89.0
695239,Robby Ahlstrom,TEX,SL,167,0.253,85.9,2335.0,0.479,0.26,48.0,9.0,3.0,0.205,0.455,0.31,0.234,0.229,0.325,0.364,85.9
695239,Robby Ahlstrom,TEX,SI,144,0.218,94.4,2094.0,0.535,0.333,38.0,10.0,0.0,0.294,0.324,0.334,0.331,0.105,0.104,0.233,80.9
695239,Robby Ahlstrom,TEX,CH,102,0.155,86.7,1324.0,0.51,0.271,32.0,8.0,2.0,0.25,0.531,0.327,0.401,0.188,0.212,0.308,88.3
695239,Robby Ahlstrom,TEX,CU,24,0.036,81.0,2599.0,0.417,0.25,,,,,,,,,,,
702281,Robby Snelling,MIA,CU,29,0.337,83.4,2599.0,0.552,0.308,11.0,3.0,0.0,0.333,0.444,0.405,0.347,0.091,0.312,0.625,85.8
702281,Robby Snelling,MIA,FF,28,0.326,95.3,2517.0,0.429,0.077,,,,,,,,,,,
676395,Robert Garcia,TEX,FF,548,0.445,94.3,2255.0,0.495,0.228,26.0,5.0,1.0,0.227,0.409,0.337,0.34,0.192,0.226,0.529,88.1
676395,Robert Garcia,TEX,CH,365,0.297,88.8,1692.0,0.515,0.394,29.0,6.0,0.0,0.222,0.222,0.234,0.229,0.172,0.186,0.091,80.3
676395,Robert Garcia,TEX,SL,309,0.251,86.6,2407.0,0.466,0.243,,,,,,,,,,,
688107,Robert Gasser,MIL,ST,473,0.258,80.6,2460.0,0.484,0.304,118.0,23.0,6.0,0.211,0.45,0.31,0.252,0.305,0.248,0.27,83.4
688107,Robert Gasser,MIL,FF,422,0.23,92.9,2235.0,0.564,0.304,109.0,22.0,2.0,0.218,0.337,0.281,0.283,0.303,0.233,0.25,84.0
688107,Robert Gasser,MIL,SI,412,0.225,92.7,2101.0,0.393,0.159,98.0,22.0,1.0,0.268,0.39,0.351,0.376,0.163,0.099,0.507,89.2
688107,Robert Gasser,MIL,FC,327,0.178,88.5,2419.0,0.529,0.281,68.0,14.0,3.0,0.241,0.466,0.355,0.401,0.029,0.158,0.316,89.1
688107,Robert Gasser,MIL,CH,188,0.103,88.3,1973.0,0.436,0.297,44.0,13.0,2.0,0.317,0.463,0.364,0.386,0.159,0.238,0.382,86.5
476594,Robert Stock,NYM,FC,202,0.326,90.8,2391.0,0.446,0.216,37.0,10.0,1.0,0.323,0.516,0.415,0.458,0.081,0.21,0.464,88.3
476594,Robert Stock,NYM,SI,144,0.232,94.1,2179.0,0.438,0.257,35.0,11.0,0.0,0.393,0.464,0.469,0.432,0.0,0.103,0.357,87.4
476594,Robert Stock,NYM,FF,140,0.226,95.7,2280.0,0.571,0.292,46.0,9.0,0.0,0.22,0.244,0.266,0.2,0.391,0.278,0.182,82.1
476594,Robert Stock,NYM,ST,73,0.118,81.0,2503.0,0.342,0.2,11.0,3.0,1.0,0.3,0.6,0.409,0.391,0.091,0.261,0.667,97.9
476594,Robert Stock,NYM,CH,51,0.082,80.8,1569.0,0.549,0.4,13.0,3.0,0.0,0.231,0.308,0.235,0.25,0.308,0.423,0.111,84.7
663158,Robert Suarez,ATL,FF,912,0.582,98.6,2405.0,0.541,0.291,57.0,7.0,1.0,0.132,0.208,0.213,0.277,0.246,0.149,0.447,89.5
663158,Robert Suarez,ATL,CH,408,0.261,90.6,1860.0,0.525,0.369,45.0,7.0,0.0,0.167,0.167,0.171,0.225,0.267,0.352,0.188,78.6
663158,Robert Suarez,ATL,SI,164,0.105,98.4,2383.0,0.61,0.415,12.0,3.0,0.0,0.25,0.417,0.358,0.364,0.0,0.0,0.417,85.2
663158,Robert Suarez,ATL,FC,71,0.045,96.0,2363.0,0.423,0.372,10.0,5.0,0.0,0.5,0.5,0.45,0.448,0.0,0.233,0.2,80.0
682610,Roddery Muñoz,HOU,SL,116,0.339,87.3,2470.0,0.491,0.388,12.0,3.0,2.0,0.3,1.0,0.554,0.4,0.333,0.632,0.667,94.7
682610,Roddery Muñoz,HOU,FC,83,0.243,91.7,2449.0,0.506,0.239,,,,,,,,,,,
682610,Roddery Muñoz,HOU,FF,67,0.196,95.6,2351.0,0.448,0.156,,,,,,,,,,,
682610,Roddery Muñoz,HOU,SI,63,0.184,95.3,2309.0,0.46,0.179,,,,,,,,,,,
808963,Roki Sasaki,LAD,FF,1141,0.432,97.4,2234.0,0.503,0.265,222.0,61.0,12.0,0.324,0.59,0.436,0.411,0.153,0.162,0.571,92.8
808963,Roki Sasaki,LAD,FS,593,0.225,90.2,915.0,0.553,0.403,159.0,25.0,4.0,0.168,0.295,0.231,0.264,0.296,0.338,0.35,87.5
808963,Roki Sasaki,LAD,SL,447,0.169,86.6,2050.0,0.454,0.346,96.0,19.0,4.0,0.221,0.5,0.335,0.251,0.271,0.384,0.295,85.0
808963,Roki Sasaki,LAD,ST,97,0.037,81.9,1870.0,0.258,0.133,,,,,,,,,,,
691548,Rolddy Muñoz,ATL,SL,63,0.496,89.4,2471.0,0.476,0.281,,,,,,,,,,,
691548,Rolddy Muñoz,ATL,SI,57,0.449,96.3,2179.0,0.316,0.225,,,,,,,,,,,
676760,Ron Marinaccio,CIN,FF,523,0.433,93.8,2198.0,0.497,0.267,117.0,27.0,5.0,0.278,0.485,0.389,0.379,0.248,0.227,0.515,92.0
676760,Ron Marinaccio,CIN,CH,319,0.264,81.9,2230.0,0.458,0.328,69.0,15.0,2.0,0.242,0.435,0.347,0.301,0.116,0.236,0.226,83.9
676760,Ron Marinaccio,CIN,FC,248,0.205,86.6,2211.0,0.468,0.239,53.0,12.0,2.0,0.261,0.435,0.368,0.356,0.132,0.206,0.41,88.8
676760,Ron Marinaccio,CIN,ST,116,0.096,82.1,2425.0,0.491,0.226,22.0,7.0,2.0,0.318,0.682,0.418,0.295,0.182,0.217,0.556,92.7
669854,Ronel Blanco,HOU,FF,482,0.361,93.3,2277.0,0.409,0.202,45.0,12.0,2.0,0.324,0.541,0.427,0.399,0.133,0.131,0.406,91.9
669854,Ronel Blanco,HOU,SL,363,0.272,85.8,2131.0,0.562,0.369,33.0,7.0,4.0,0.241,0.655,0.409,0.402,0.273,0.15,0.3,89.6
669854,Ronel Blanco,HOU,CH,244,0.183,84.8,1494.0,0.578,0.418,42.0,7.0,1.0,0.179,0.333,0.273,0.263,0.19,0.307,0.355,84.4
669854,Ronel Blanco,HOU,CU,244,0.183,80.1,2213.0,0.418,0.31,16.0,4.0,2.0,0.286,0.714,0.45,0.294,0.188,0.229,0.455,91.8
621366,Ryan Borucki,SF,SL,387,0.394,85.9,2280.0,0.512,0.355,37.0,10.0,0.0,0.294,0.412,0.319,0.275,0.243,0.392,0.385,86.7
621366,Ryan Borucki,SF,SI,289,0.294,93.7,2272.0,0.408,0.16,37.0,10.0,1.0,0.333,0.467,0.439,0.391,0.054,0.096,0.464,89.7
621366,Ryan Borucki,SF,FS,153,0.156,83.6,1321.0,0.556,0.322,14.0,5.0,1.0,0.385,0.846,0.525,0.348,0.071,0.267,0.417,89.4
621366,Ryan Borucki,SF,ST,127,0.129,81.0,2546.0,0.362,0.212,,,,,,,,,,,
621366,Ryan Borucki,SF,FC,18,0.018,90.6,2336.0,0.722,0.545,,,,,,,,,,,
663372,Ryan Feltner,COL,FF,740,0.295,94.5,2386.0,0.473,0.237,178.0,50.0,6.0,0.331,0.536,0.429,0.407,0.135,0.122,0.452,90.0
663372,Ryan Feltner,COL,SL,546,0.218,88.9,2518.0,0.474,0.252,101.0,23.0,5.0,0.261,0.568,0.391,0.392,0.079,0.247,0.312,85.2
663372,Ryan Feltner,COL,CH,462,0.184,85.0,1611.0,0.539,0.343,108.0,20.0,2.0,0.204,0.327,0.245,0.19,0.407,0.407,0.241,82.4
663372,Ryan Feltner,COL,SI,344,0.137,94.1,2331.0,0.512,0.26,75.0,19.0,0.0,0.279,0.382,0.345,0.307,0.08,0.127,0.371,87.3
663372,Ryan Feltner,COL,ST,267,0.106,81.8,2623.0,0.483,0.285,52.0,12.0,5.0,0.245,0.633,0.378,0.328,0.135,0.156,0.318,84.7
663372,Ryan Feltner,COL,CU,148,0.059,79.2,2654.0,0.405,0.188,19.0,6.0,2.0,0.333,0.667,0.4,0.426,0.0,0.167,0.421,89.9
681676,Ryan Fernandez,STL,SL,414,0.45,87.1,2618.0,0.529,0.345,46.0,7.0,1.0,0.171,0.317,0.264,0.251,0.391,0.388,0.333,84.7
681676,Ryan Fernandez,STL,FF,356,0.387,95.0,2183.0,0.455,0.25,44.0,10.0,0.0,0.25,0.35,0.32,0.3,0.159,0.149,0.424,89.2
681676,Ryan Fernandez,STL,CH,88,0.096,87.2,1450.0,0.523,0.34,,,,,,,,,,,
681676,Ryan Fernandez,STL,FC,53,0.058,91.5,2336.0,0.415,0.161,,,,,,,,,,,
687473,Ryan Gusto,MIA,FF,1180,0.369,94.3,2414.0,0.503,0.251,120.0,25.0,4.0,0.238,0.4,0.326,0.348,0.292,0.193,0.478,90.0
687473,Ryan Gusto,MIA,CU,394,0.123,79.7,2460.0,0.439,0.302,46.0,14.0,0.0,0.326,0.419,0.37,0.294,0.217,0.153,0.424,90.2
687473,Ryan Gusto,MIA,ST,369,0.115,82.0,2392.0,0.499,0.283,49.0,14.0,1.0,0.304,0.5,0.365,0.338,0.122,0.143,0.3,87.5
687473,Ryan Gusto,MIA,FC,366,0.114,89.2,2388.0,0.549,0.248,43.0,9.0,0.0,0.231,0.282,0.291,0.32,0.14,0.222,0.455,91.4
687473,Ryan Gusto,MIA,SI,361,0.113,93.3,2268.0,0.46,0.305,38.0,15.0,2.0,0.429,0.657,0.511,0.399,0.105,0.21,0.4,83.6
687473,Ryan Gusto,MIA,CH,358,0.112,87.2,1529.0,0.441,0.248,41.0,9.0,1.0,0.25,0.361,0.318,0.369,0.122,0.171,0.387,87.6
687473,Ryan Gusto,MIA,SL,168,0.053,85.4,2355.0,0.565,0.303,56.0,13.0,3.0,0.241,0.481,0.337,0.32,0.107,0.147,0.51,93.3
664854,Ryan Helsley,BAL,SL,570,0.448,88.7,2404.0,0.539,0.384,25.0,5.0,1.0,0.227,0.409,0.335,0.248,0.32,0.37,0.462,78.9
664854,Ryan Helsley,BAL,FF,568,0.447,99.2,2546.0,0.509,0.23,32.0,6.0,2.0,0.222,0.481,0.386,0.328,0.281,0.296,0.556,95.1
664854,Ryan Helsley,BAL,CU,68,0.054,80.9,2517.0,0.265,0.128,,,,,,,,,,,
664854,Ryan Helsley,BAL,FS,33,0.026,90.1,1447.0,0.667,0.444,,,,,,,,,,,
696270,Ryan Johnson,LAA,FC,741,0.387,89.9,2501.0,0.462,0.288,161.0,28.0,6.0,0.199,0.333,0.287,0.317,0.267,0.218,0.378,87.8
696270,Ryan Johnson,LAA,ST,439,0.229,81.2,2436.0,0.51,0.347,91.0,21.0,5.0,0.256,0.463,0.343,0.279,0.198,0.294,0.323,84.3
696270,Ryan Johnson,LAA,FS,363,0.189,84.7,1846.0,0.441,0.289,75.0,13.0,0.0,0.183,0.268,0.236,0.254,0.187,0.31,0.172,82.2
696270,Ryan Johnson,LAA,SI,349,0.182,92.7,2225.0,0.427,0.166,84.0,27.0,7.0,0.397,0.735,0.523,0.515,0.012,0.017,0.529,92.7
696270,Ryan Johnson,LAA,SL,16,0.008,86.5,2535.0,0.5,0.167,,,,,,,,,,,
669020,Ryan Rolison,CHC,FF,701,0.419,93.9,2295.0,0.432,0.177,110.0,20.0,3.0,0.222,0.389,0.34,0.339,0.209,0.12,0.429,88.6
669020,Ryan Rolison,CHC,CU,387,0.231,79.5,2660.0,0.47,0.332,34.0,11.0,3.0,0.344,0.656,0.453,0.359,0.265,0.229,0.455,91.7
669020,Ryan Rolison,CHC,SL,238,0.142,86.2,2525.0,0.475,0.271,36.0,11.0,0.0,0.333,0.394,0.353,0.348,0.111,0.153,0.448,87.2
669020,Ryan Rolison,CHC,ST,149,0.089,85.1,2601.0,0.51,0.347,37.0,4.0,0.0,0.108,0.108,0.097,0.189,0.378,0.303,0.391,86.0
669020,Ryan Rolison,CHC,SI,143,0.085,95.0,2204.0,0.483,0.338,31.0,4.0,0.0,0.138,0.172,0.173,0.226,0.129,0.174,0.08,81.8
669020,Ryan Rolison,CHC,CH,35,0.021,88.4,1738.0,0.4,0.105,,,,,,,,,,,
657044,Ryan Thompson,AZ,SI,743,0.562,89.5,1993.0,0.475,0.356,112.0,34.0,1.0,0.34,0.46,0.393,0.332,0.107,0.141,0.393,88.4
657044,Ryan Thompson,AZ,SL,481,0.364,77.9,2275.0,0.503,0.379,62.0,14.0,1.0,0.233,0.333,0.249,0.245,0.226,0.254,0.213,83.9
657044,Ryan Thompson,AZ,FF,78,0.059,91.2,2172.0,0.385,0.182,,,,,,,,,,,
676254,Ryan Walker,SF,SI,1027,0.625,95.6,2355.0,0.419,0.234,97.0,28.0,2.0,0.346,0.481,0.418,0.331,0.155,0.104,0.377,85.1
676254,Ryan Walker,SF,SL,569,0.346,83.7,2631.0,0.459,0.289,48.0,9.0,2.0,0.214,0.381,0.31,0.283,0.146,0.19,0.263,82.6
676254,Ryan Walker,SF,FF,27,0.016,94.3,2292.0,0.333,0.214,,,,,,,,,,,
670245,Ryan Watson,LAA,FC,278,0.245,90.0,2063.0,0.525,0.33,68.0,23.0,3.0,0.377,0.672,0.471,0.47,0.088,0.158,0.375,89.4
670245,Ryan Watson,LAA,ST,268,0.236,85.0,2118.0,0.485,0.322,62.0,9.0,1.0,0.148,0.23,0.174,0.222,0.323,0.338,0.357,85.8
670245,Ryan Watson,LAA,FF,213,0.187,94.2,2218.0,0.521,0.37,64.0,16.0,0.0,0.286,0.375,0.34,0.331,0.203,0.189,0.419,91.4
670245,Ryan Watson,LAA,CU,197,0.173,83.3,2255.0,0.416,0.328,57.0,9.0,0.0,0.17,0.189,0.192,0.195,0.386,0.341,0.375,88.8
670245,Ryan Watson,LAA,SI,163,0.143,93.6,2175.0,0.503,0.322,49.0,11.0,4.0,0.268,0.585,0.399,0.447,0.041,0.134,0.317,84.2
677960,Ryan Weathers,NYY,FF,797,0.273,96.2,2378.0,0.481,0.187,121.0,31.0,9.0,0.284,0.596,0.41,0.404,0.24,0.165,0.512,94.5
677960,Ryan Weathers,NYY,CH,764,0.261,86.1,1928.0,0.512,0.371,156.0,32.0,4.0,0.215,0.322,0.248,0.265,0.269,0.345,0.351,85.5
677960,Ryan Weathers,NYY,ST,579,0.198,81.7,2612.0,0.318,0.236,79.0,17.0,1.0,0.243,0.329,0.292,0.284,0.367,0.37,0.244,82.4
677960,Ryan Weathers,NYY,SI,494,0.169,94.1,2283.0,0.439,0.222,129.0,32.0,2.0,0.276,0.362,0.343,0.367,0.07,0.072,0.449,90.2
677960,Ryan Weathers,NYY,SL,288,0.099,87.1,2649.0,0.538,0.363,81.0,18.0,2.0,0.234,0.364,0.279,0.257,0.395,0.343,0.4,87.8
680802,Ryan Weiss,HOU,FF,196,0.37,95.2,2448.0,0.49,0.244,52.0,18.0,6.0,0.409,0.886,0.566,0.49,0.173,0.125,0.571,94.7
680802,Ryan Weiss,HOU,ST,171,0.323,83.8,2616.0,0.433,0.364,39.0,8.0,2.0,0.25,0.469,0.376,0.316,0.359,0.311,0.556,90.4
680802,Ryan Weiss,HOU,CH,79,0.149,89.1,1313.0,0.367,0.232,15.0,3.0,0.0,0.231,0.231,0.273,0.322,0.2,0.379,0.3,85.9
680802,Ryan Weiss,HOU,SI,66,0.125,93.1,2282.0,0.47,0.333,21.0,5.0,0.0,0.278,0.278,0.357,0.29,0.19,0.194,0.357,82.6
680802,Ryan Weiss,HOU,CU,18,0.034,80.8,2355.0,0.278,0.1,,,,,,,,,,,
642232,Ryan Yarbrough,NYY,FC,543,0.267,84.1,2081.0,0.442,0.188,61.0,11.0,1.0,0.204,0.259,0.272,0.313,0.098,0.141,0.245,83.0
642232,Ryan Yarbrough,NYY,CH,432,0.212,77.8,1930.0,0.516,0.408,68.0,17.0,0.0,0.254,0.299,0.251,0.29,0.221,0.299,0.288,82.0
642232,Ryan Yarbrough,NYY,ST,403,0.198,71.7,2246.0,0.476,0.208,52.0,5.0,1.0,0.114,0.25,0.23,0.168,0.269,0.4,0.097,76.3
642232,Ryan Yarbrough,NYY,SI,343,0.169,86.9,1849.0,0.461,0.262,36.0,9.0,0.0,0.273,0.394,0.347,0.319,0.056,0.015,0.226,79.3
642232,Ryan Yarbrough,NYY,FF,308,0.152,87.8,1929.0,0.416,0.18,38.0,9.0,1.0,0.3,0.6,0.468,0.352,0.184,0.123,0.435,91.2
666171,Ryan Zeferjahn,CHC,ST,779,0.334,85.0,2688.0,0.449,0.312,122.0,16.0,5.0,0.15,0.336,0.267,0.249,0.344,0.343,0.262,85.9
666171,Ryan Zeferjahn,CHC,FF,737,0.316,97.4,2249.0,0.407,0.213,86.0,14.0,1.0,0.203,0.275,0.298,0.281,0.442,0.325,0.5,93.9
666171,Ryan Zeferjahn,CHC,SL,290,0.125,88.4,2514.0,0.448,0.222,32.0,7.0,0.0,0.269,0.346,0.378,0.318,0.125,0.204,0.409,89.9
666171,Ryan Zeferjahn,CHC,FC,226,0.097,91.0,2395.0,0.46,0.172,,,,,,,,,,,
666171,Ryan Zeferjahn,CHC,SI,205,0.088,96.4,2061.0,0.395,0.231,44.0,10.0,1.0,0.256,0.385,0.325,0.308,0.136,0.114,0.441,89.5
666171,Ryan Zeferjahn,CHC,CU,52,0.022,84.0,2719.0,0.481,0.415,,,,,,,,,,,
669194,Ryne Nelson,AZ,FF,2287,0.6,95.9,2274.0,0.558,0.333,218.0,45.0,10.0,0.226,0.427,0.325,0.357,0.179,0.147,0.469,91.2
669194,Ryne Nelson,AZ,SL,628,0.165,87.5,2398.0,0.478,0.278,85.0,22.0,4.0,0.275,0.5,0.364,0.32,0.235,0.243,0.426,89.5
669194,Ryne Nelson,AZ,CU,392,0.103,80.3,2595.0,0.413,0.251,25.0,4.0,1.0,0.182,0.409,0.272,0.318,0.2,0.214,0.389,90.8
669194,Ryne Nelson,AZ,FC,381,0.1,91.7,2208.0,0.462,0.26,25.0,6.0,1.0,0.273,0.455,0.358,0.402,0.0,0.119,0.273,88.5
669194,Ryne Nelson,AZ,CH,70,0.018,87.0,1799.0,0.271,0.083,,,,,,,,,,,
669194,Ryne Nelson,AZ,SI,48,0.013,95.3,2116.0,0.583,0.481,11.0,4.0,2.0,0.364,1.0,0.559,0.418,0.0,0.143,0.455,91.4
592773,Ryne Stanek,STL,FF,1151,0.542,98.3,2341.0,0.559,0.334,141.0,30.0,6.0,0.256,0.436,0.365,0.372,0.22,0.225,0.435,91.6
592773,Ryne Stanek,STL,SL,477,0.225,88.7,2461.0,0.43,0.273,49.0,10.0,1.0,0.222,0.4,0.299,0.275,0.245,0.402,0.333,86.6
592773,Ryne Stanek,STL,FS,294,0.138,89.7,1112.0,0.449,0.273,48.0,9.0,2.0,0.191,0.34,0.251,0.163,0.375,0.316,0.214,83.2
592773,Ryne Stanek,STL,SI,99,0.047,97.0,2165.0,0.485,0.205,22.0,3.0,0.0,0.15,0.15,0.186,0.32,0.091,0.167,0.333,88.8
592773,Ryne Stanek,STL,ST,100,0.047,84.4,2574.0,0.47,0.217,,,,,,,,,,,
691951,Sam Aldegheri,LAA,FF,431,0.472,91.9,2250.0,0.427,0.219,77.0,14.0,1.0,0.215,0.308,0.315,0.365,0.104,0.098,0.293,84.9
691951,Sam Aldegheri,LAA,CH,261,0.286,80.8,1861.0,0.54,0.373,49.0,10.0,3.0,0.222,0.444,0.311,0.294,0.224,0.333,0.4,85.8
691951,Sam Aldegheri,LAA,SL,81,0.089,82.1,2259.0,0.469,0.265,,,,,,,,,,,
691951,Sam Aldegheri,LAA,CU,81,0.089,75.0,2065.0,0.247,0.256,,,,,,,,,,,
691951,Sam Aldegheri,LAA,FC,59,0.065,86.6,2203.0,0.407,0.242,19.0,4.0,0.0,0.267,0.4,0.374,0.391,0.105,0.083,0.385,87.5
696147,Sam Bachman,LAA,SL,599,0.524,88.2,2662.0,0.501,0.382,113.0,19.0,2.0,0.192,0.293,0.27,0.281,0.248,0.369,0.26,83.7
696147,Sam Bachman,LAA,SI,362,0.317,98.2,2340.0,0.367,0.18,61.0,10.0,1.0,0.204,0.306,0.344,0.348,0.18,0.189,0.421,87.1
696147,Sam Bachman,LAA,CH,142,0.124,91.5,1845.0,0.43,0.296,27.0,6.0,2.0,0.261,0.609,0.427,0.339,0.185,0.333,0.333,88.9
696147,Sam Bachman,LAA,FF,32,0.028,98.0,2292.0,0.312,0.19,,,,,,,,,,,
656529,Sam Hentges,SF,FF,220,0.333,94.5,2212.0,0.427,0.161,58.0,12.0,0.0,0.261,0.326,0.359,0.295,0.241,0.234,0.344,84.9
656529,Sam Hentges,SF,SI,175,0.265,94.0,2112.0,0.423,0.276,50.0,10.0,0.0,0.233,0.279,0.324,0.294,0.22,0.176,0.312,87.0
656529,Sam Hentges,SF,SL,147,0.222,87.8,2193.0,0.49,0.311,29.0,9.0,0.0,0.346,0.346,0.328,0.36,0.138,0.278,0.304,86.6
656529,Sam Hentges,SF,CU,113,0.171,80.5,2320.0,0.327,0.263,26.0,3.0,0.0,0.15,0.2,0.279,0.288,0.346,0.378,0.091,85.6
594580,Sam Moll,CIN,ST,535,0.379,81.2,2864.0,0.396,0.278,70.0,12.0,2.0,0.185,0.308,0.262,0.227,0.329,0.349,0.268,83.6
594580,Sam Moll,CIN,SI,467,0.331,91.5,2450.0,0.411,0.188,98.0,30.0,1.0,0.395,0.513,0.466,0.404,0.092,0.098,0.443,85.6
594580,Sam Moll,CIN,CH,205,0.145,84.8,1705.0,0.41,0.304,30.0,4.0,1.0,0.167,0.417,0.332,0.338,0.267,0.254,0.421,91.7
594580,Sam Moll,CIN,FF,198,0.14,92.4,2608.0,0.47,0.228,46.0,8.0,1.0,0.205,0.308,0.314,0.298,0.348,0.154,0.308,88.7
671111,Sammy Peralta,LAA,SL,145,0.297,80.7,2424.0,0.503,0.333,20.0,5.0,2.0,0.263,0.632,0.382,0.249,0.35,0.323,0.462,85.1
671111,Sammy Peralta,LAA,SI,140,0.286,88.9,2146.0,0.414,0.22,25.0,11.0,0.0,0.524,0.571,0.522,0.431,0.16,0.083,0.471,90.6
671111,Sammy Peralta,LAA,CH,71,0.145,83.8,1899.0,0.507,0.308,17.0,6.0,1.0,0.375,0.625,0.472,0.458,0.118,0.143,0.538,90.7
671111,Sammy Peralta,LAA,FF,61,0.125,88.6,2200.0,0.426,0.303,21.0,3.0,0.0,0.2,0.267,0.345,0.403,0.429,0.182,0.5,88.9
671111,Sammy Peralta,LAA,ST,60,0.123,79.8,2431.0,0.383,0.194,,,,,,,,,,,
696519,Samy Natera,LAA,FF,463,0.798,94.9,2317.0,0.484,0.25,100.0,18.0,0.0,0.207,0.264,0.259,0.271,0.31,0.272,0.386,88.8
696519,Samy Natera,LAA,SL,112,0.193,85.4,2577.0,0.429,0.304,31.0,4.0,1.0,0.148,0.296,0.253,0.177,0.516,0.542,0.182,79.0
645261,Sandy Alcántara,MIA,SI,1608,0.26,97.2,2305.0,0.502,0.277,277.0,69.0,4.0,0.274,0.361,0.316,0.304,0.144,0.092,0.397,88.5
645261,Sandy Alcántara,MIA,CH,1349,0.218,90.6,2083.0,0.554,0.397,218.0,50.0,5.0,0.246,0.374,0.316,0.281,0.179,0.26,0.301,85.8
645261,Sandy Alcántara,MIA,FF,1087,0.176,97.6,2263.0,0.512,0.227,152.0,41.0,6.0,0.299,0.54,0.404,0.388,0.151,0.178,0.478,93.0
645261,Sandy Alcántara,MIA,FC,975,0.158,89.6,2277.0,0.464,0.281,113.0,19.0,2.0,0.188,0.267,0.249,0.29,0.186,0.21,0.329,86.7
645261,Sandy Alcántara,MIA,SL,726,0.118,85.2,2407.0,0.449,0.266,49.0,8.0,2.0,0.17,0.34,0.235,0.195,0.265,0.224,0.235,83.4
645261,Sandy Alcántara,MIA,ST,289,0.047,84.1,2353.0,0.45,0.248,55.0,9.0,2.0,0.176,0.294,0.238,0.271,0.255,0.223,0.324,85.9
645261,Sandy Alcántara,MIA,CU,140,0.023,82.8,2399.0,0.407,0.2,27.0,8.0,3.0,0.296,0.741,0.428,0.293,0.0,0.175,0.259,87.2
605130,Scott Barlow,ATH,ST,568,0.303,80.7,2473.0,0.417,0.318,41.0,8.0,1.0,0.235,0.353,0.352,0.409,0.122,0.317,0.448,89.1
605130,Scott Barlow,ATH,CU,408,0.218,77.3,2567.0,0.431,0.364,56.0,4.0,1.0,0.077,0.173,0.121,0.172,0.375,0.433,0.182,84.2
605130,Scott Barlow,ATH,FF,347,0.185,91.6,2415.0,0.427,0.201,27.0,7.0,3.0,0.35,0.9,0.563,0.481,0.111,0.107,0.588,92.5
605130,Scott Barlow,ATH,SI,264,0.141,91.5,2262.0,0.405,0.215,21.0,7.0,2.0,0.467,1.0,0.638,0.59,0.0,0.179,0.333,87.9
605130,Scott Barlow,ATH,SL,265,0.141,84.1,2632.0,0.4,0.247,,,,,,,,,,,
656240,Scott Blewett,ATH,SL,447,0.36,84.3,2148.0,0.544,0.366,43.0,4.0,0.0,0.098,0.098,0.107,0.147,0.442,0.416,0.261,82.5
656240,Scott Blewett,ATH,FF,384,0.309,94.1,2272.0,0.43,0.174,34.0,11.0,1.0,0.379,0.552,0.479,0.344,0.206,0.153,0.522,93.3
656240,Scott Blewett,ATH,FC,176,0.142,89.3,2321.0,0.58,0.419,44.0,12.0,1.0,0.324,0.486,0.374,0.376,0.114,0.265,0.324,87.4
656240,Scott Blewett,ATH,FS,172,0.138,85.4,1026.0,0.494,0.308,10.0,3.0,0.0,0.3,0.3,0.27,0.371,0.1,0.133,0.333,93.6
656240,Scott Blewett,ATH,SI,59,0.047,94.4,2110.0,0.458,0.294,12.0,3.0,0.0,0.25,0.333,0.254,0.317,0.0,0.074,0.25,78.5
680732,Sean Burke,CWS,FF,2055,0.397,94.6,2572.0,0.524,0.303,280.0,47.0,7.0,0.188,0.324,0.273,0.274,0.321,0.212,0.362,88.7
680732,Sean Burke,CWS,KC,1125,0.218,79.4,2500.0,0.38,0.268,123.0,24.0,2.0,0.211,0.342,0.276,0.25,0.317,0.264,0.355,88.2
680732,Sean Burke,CWS,SL,1011,0.196,86.6,2519.0,0.514,0.342,132.0,33.0,4.0,0.277,0.445,0.362,0.334,0.227,0.313,0.43,88.3
680732,Sean Burke,CWS,SI,504,0.097,94.5,2400.0,0.488,0.284,105.0,24.0,3.0,0.261,0.424,0.347,0.368,0.095,0.09,0.378,89.7
680732,Sean Burke,CWS,FC,264,0.051,90.0,2641.0,0.458,0.276,53.0,10.0,2.0,0.233,0.442,0.35,0.352,0.17,0.264,0.543,93.6
680732,Sean Burke,CWS,CH,206,0.04,85.8,1827.0,0.374,0.18,,,,,,,,,,,
640455,Sean Manaea,NYM,FF,1588,0.455,91.5,2053.0,0.547,0.299,254.0,52.0,11.0,0.227,0.445,0.316,0.336,0.268,0.217,0.533,92.3
640455,Sean Manaea,NYM,ST,1103,0.316,76.4,2276.0,0.46,0.316,175.0,35.0,6.0,0.235,0.43,0.345,0.275,0.303,0.294,0.242,83.6
640455,Sean Manaea,NYM,SI,448,0.128,90.4,2055.0,0.471,0.286,129.0,39.0,2.0,0.336,0.483,0.407,0.395,0.078,0.062,0.415,88.2
640455,Sean Manaea,NYM,FC,184,0.053,84.6,2138.0,0.527,0.379,39.0,12.0,3.0,0.333,0.611,0.459,0.396,0.154,0.258,0.31,84.3
640455,Sean Manaea,NYM,CH,165,0.047,84.3,1575.0,0.515,0.299,30.0,7.0,1.0,0.25,0.536,0.358,0.342,0.1,0.107,0.5,89.1
656794,Sean Newcomb,CWS,FF,1023,0.341,94.2,2287.0,0.515,0.28,139.0,25.0,2.0,0.205,0.311,0.284,0.3,0.302,0.242,0.329,85.7
656794,Sean Newcomb,CWS,SI,641,0.214,93.0,2295.0,0.451,0.248,97.0,28.0,1.0,0.329,0.447,0.383,0.409,0.072,0.07,0.436,88.0
656794,Sean Newcomb,CWS,FC,236,0.079,89.6,2516.0,0.398,0.179,,,,,,,,,,,
656794,Sean Newcomb,CWS,CH,149,0.05,85.7,1531.0,0.537,0.384,12.0,4.0,0.0,0.333,0.5,0.433,0.364,0.0,0.048,0.417,88.3
656794,Sean Newcomb,CWS,CU,143,0.048,79.8,2935.0,0.378,0.24,18.0,0.0,0.0,0.0,0.0,0.039,0.123,0.333,0.167,0.455,92.6
807743,Sean Sullivan,COL,FF,189,0.459,87.6,2256.0,0.471,0.232,52.0,18.0,2.0,0.419,0.814,0.549,0.385,0.135,0.146,0.472,90.9
807743,Sean Sullivan,COL,ST,72,0.175,75.4,2331.0,0.431,0.257,18.0,7.0,1.0,0.412,0.765,0.508,0.258,0.167,0.097,0.286,81.3
807743,Sean Sullivan,COL,CH,65,0.158,77.1,1676.0,0.554,0.306,26.0,5.0,1.0,0.208,0.417,0.296,0.281,0.154,0.222,0.2,86.6
807743,Sean Sullivan,COL,FC,62,0.15,82.7,2287.0,0.5,0.333,11.0,1.0,0.0,0.111,0.222,0.177,0.208,0.182,0.161,0.25,91.7
807743,Sean Sullivan,COL,SI,24,0.058,86.6,2261.0,0.417,0.385,,,,,,,,,,,
622554,Seranthony Domínguez,SEA,FF,943,0.426,97.5,2348.0,0.475,0.253,111.0,21.0,3.0,0.231,0.385,0.342,0.313,0.225,0.222,0.319,88.2
622554,Seranthony Domínguez,SEA,ST,547,0.247,85.7,2487.0,0.422,0.305,62.0,11.0,3.0,0.19,0.362,0.281,0.232,0.274,0.297,0.262,83.5
622554,Seranthony Domínguez,SEA,SI,329,0.149,97.7,2262.0,0.468,0.25,45.0,11.0,2.0,0.297,0.486,0.401,0.449,0.067,0.095,0.471,90.8
622554,Seranthony Domínguez,SEA,FS,309,0.14,86.6,898.0,0.495,0.345,33.0,2.0,1.0,0.062,0.156,0.109,0.158,0.576,0.55,0.231,82.6
622554,Seranthony Domínguez,SEA,CU,69,0.031,83.6,2446.0,0.246,0.119,,,,,,,,,,,
678020,Seth Halvorsen,LAD,FF,659,0.563,99.5,2289.0,0.437,0.227,80.0,22.0,4.0,0.324,0.574,0.441,0.434,0.088,0.105,0.443,90.8
678020,Seth Halvorsen,LAD,SL,277,0.237,87.9,2575.0,0.495,0.319,39.0,5.0,0.0,0.139,0.222,0.219,0.208,0.308,0.373,0.25,86.7
678020,Seth Halvorsen,LAD,FS,211,0.18,90.8,1664.0,0.592,0.418,16.0,5.0,2.0,0.333,0.733,0.462,0.497,0.25,0.25,0.455,89.5
686751,Seth Johnson,ATH,FF,367,0.477,97.6,2371.0,0.463,0.241,71.0,17.0,1.0,0.304,0.464,0.408,0.369,0.268,0.243,0.514,91.0
686751,Seth Johnson,ATH,SL,257,0.334,88.2,2561.0,0.51,0.371,41.0,11.0,3.0,0.289,0.579,0.412,0.356,0.22,0.299,0.414,86.5
686751,Seth Johnson,ATH,SI,53,0.069,95.7,2150.0,0.453,0.185,16.0,4.0,0.0,0.267,0.4,0.312,0.33,0.062,0.083,0.429,88.5
686751,Seth Johnson,ATH,CU,44,0.057,80.8,2787.0,0.386,0.294,,,,,,,,,,,
686751,Seth Johnson,ATH,ST,26,0.034,84.8,2732.0,0.654,0.5,13.0,3.0,0.0,0.231,0.308,0.235,0.173,0.385,0.294,0.25,87.9
686751,Seth Johnson,ATH,FS,22,0.029,89.2,1608.0,0.591,0.375,,,,,,,,,,,
675920,Seth Lonsway,SF,SI,15,0.455,91.6,2003.0,0.267,0.0,,,,,,,,,,,
607625,Seth Lugo,KC,FF,969,0.185,91.7,2316.0,0.393,0.186,100.0,38.0,3.0,0.418,0.692,0.494,0.382,0.2,0.12,0.479,92.6
607625,Seth Lugo,KC,SI,905,0.173,91.4,2362.0,0.435,0.181,169.0,42.0,6.0,0.29,0.49,0.378,0.402,0.107,0.107,0.515,91.0
607625,Seth Lugo,KC,CU,863,0.165,78.1,3218.0,0.438,0.326,111.0,26.0,5.0,0.255,0.461,0.353,0.29,0.207,0.199,0.329,85.7
607625,Seth Lugo,KC,FC,790,0.151,89.6,2394.0,0.503,0.228,135.0,33.0,3.0,0.282,0.427,0.352,0.343,0.237,0.218,0.477,88.8
607625,Seth Lugo,KC,CH,487,0.093,85.6,1705.0,0.485,0.273,68.0,15.0,1.0,0.234,0.312,0.249,0.321,0.118,0.133,0.404,88.8
607625,Seth Lugo,KC,SL,397,0.076,83.9,2653.0,0.451,0.236,59.0,16.0,1.0,0.281,0.439,0.322,0.305,0.237,0.238,0.395,89.0
607625,Seth Lugo,KC,ST,375,0.072,79.4,2889.0,0.448,0.281,79.0,21.0,4.0,0.288,0.507,0.364,0.346,0.127,0.145,0.359,84.3
661527,Seth Martinez,BOS,ST,53,0.373,77.7,2425.0,0.491,0.333,,,,,,,,,,,
661527,Seth Martinez,BOS,FF,36,0.254,90.2,2159.0,0.528,0.267,,,,,,,,,,,
661527,Seth Martinez,BOS,FC,20,0.141,84.8,2379.0,0.45,0.143,,,,,,,,,,,
661527,Seth Martinez,BOS,SI,18,0.127,88.9,2102.0,0.5,0.2,,,,,,,,,,,
661527,Seth Martinez,BOS,CH,15,0.106,82.6,1592.0,0.267,0.091,,,,,,,,,,,
669358,Shane Baz,BAL,FF,2184,0.387,96.5,2428.0,0.478,0.258,241.0,49.0,7.0,0.237,0.411,0.322,0.341,0.212,0.131,0.448,90.8
669358,Shane Baz,BAL,KC,1691,0.3,85.1,2656.0,0.475,0.349,273.0,71.0,2.0,0.282,0.385,0.319,0.281,0.275,0.267,0.431,90.1
669358,Shane Baz,BAL,FC,834,0.148,89.9,2332.0,0.532,0.331,131.0,29.0,4.0,0.252,0.417,0.332,0.337,0.122,0.21,0.37,89.6
669358,Shane Baz,BAL,CH,580,0.103,88.5,2006.0,0.462,0.248,58.0,17.0,2.0,0.315,0.463,0.366,0.366,0.138,0.203,0.34,85.7
669358,Shane Baz,BAL,SI,257,0.046,95.3,2275.0,0.482,0.232,62.0,13.0,0.0,0.232,0.268,0.26,0.293,0.048,0.121,0.382,88.7
669358,Shane Baz,BAL,SL,82,0.015,86.7,2331.0,0.5,0.195,,,,,,,,,,,
669456,Shane Bieber,TOR,FF,572,0.363,92.4,2389.0,0.381,0.196,71.0,12.0,4.0,0.194,0.452,0.325,0.361,0.169,0.092,0.471,93.1
669456,Shane Bieber,TOR,KC,292,0.185,82.6,2519.0,0.479,0.39,54.0,19.0,1.0,0.38,0.52,0.415,0.394,0.222,0.325,0.605,93.5
669456,Shane Bieber,TOR,CH,253,0.161,88.5,1408.0,0.411,0.291,43.0,5.0,1.0,0.135,0.27,0.244,0.319,0.116,0.214,0.469,91.0
669456,Shane Bieber,TOR,SL,217,0.138,85.3,2606.0,0.59,0.394,34.0,10.0,2.0,0.312,0.5,0.371,0.392,0.382,0.347,0.526,91.4
669456,Shane Bieber,TOR,FC,201,0.128,87.4,2569.0,0.438,0.239,25.0,7.0,2.0,0.304,0.565,0.396,0.422,0.04,0.22,0.318,82.1
669456,Shane Bieber,TOR,SI,40,0.025,92.2,2305.0,0.475,0.32,15.0,2.0,0.0,0.154,0.154,0.213,0.302,0.067,0.053,0.083,74.2
675660,Shane Drohan,MIL,FF,523,0.271,94.9,2443.0,0.482,0.301,121.0,19.0,6.0,0.174,0.376,0.284,0.257,0.322,0.254,0.414,86.5
675660,Shane Drohan,MIL,SL,419,0.217,86.5,2860.0,0.537,0.411,137.0,23.0,2.0,0.18,0.273,0.225,0.213,0.394,0.373,0.329,86.6
675660,Shane Drohan,MIL,SI,408,0.211,94.8,2394.0,0.451,0.228,118.0,41.0,3.0,0.383,0.598,0.449,0.376,0.093,0.114,0.475,92.0
675660,Shane Drohan,MIL,CU,250,0.129,80.6,2886.0,0.412,0.356,54.0,17.0,2.0,0.37,0.587,0.453,0.375,0.241,0.282,0.343,86.0
675660,Shane Drohan,MIL,FC,235,0.122,90.9,2685.0,0.54,0.353,64.0,15.0,1.0,0.278,0.352,0.36,0.372,0.031,0.15,0.321,84.5
675660,Shane Drohan,MIL,CH,98,0.051,86.2,1641.0,0.337,0.25,13.0,3.0,0.0,0.273,0.364,0.342,0.352,0.154,0.333,0.111,82.3
663556,Shane Mcclanahan,TB,FF,704,0.385,95.6,2221.0,0.484,0.24,185.0,37.0,3.0,0.233,0.358,0.325,0.375,0.146,0.155,0.492,89.6
663556,Shane Mcclanahan,TB,CH,516,0.282,86.9,1551.0,0.508,0.388,151.0,23.0,2.0,0.16,0.229,0.223,0.234,0.331,0.359,0.333,83.4
663556,Shane Mcclanahan,TB,SL,337,0.184,88.2,2359.0,0.561,0.377,97.0,21.0,3.0,0.226,0.355,0.269,0.33,0.206,0.27,0.419,88.8
663556,Shane Mcclanahan,TB,CU,273,0.149,82.2,2508.0,0.322,0.225,53.0,11.0,2.0,0.244,0.422,0.358,0.341,0.151,0.216,0.342,87.6
681343,Shane Smith,CWS,FF,1163,0.439,95.6,2278.0,0.498,0.224,13.0,1.0,0.0,0.125,0.125,0.392,0.325,0.385,0.269,0.0,83.4
681343,Shane Smith,CWS,CH,447,0.169,90.0,1588.0,0.494,0.279,10.0,5.0,0.0,0.5,0.8,0.555,0.267,0.2,0.286,0.375,78.9
681343,Shane Smith,CWS,CU,406,0.153,82.1,2203.0,0.392,0.286,13.0,0.0,0.0,0.0,0.0,0.285,0.352,0.231,0.385,0.333,74.6
681343,Shane Smith,CWS,SI,332,0.125,95.7,2124.0,0.461,0.295,,,,,,,,,,,
681343,Shane Smith,CWS,SL,293,0.111,89.6,2200.0,0.495,0.199,,,,,,,,,,,
641312,Shaun Anderson,LAA,SL,161,0.283,88.8,2692.0,0.466,0.183,31.0,10.0,1.0,0.435,0.609,0.548,0.476,0.161,0.279,0.421,88.0
641312,Shaun Anderson,LAA,FF,154,0.271,92.8,2528.0,0.487,0.24,27.0,5.0,0.0,0.217,0.217,0.27,0.344,0.185,0.25,0.333,82.4
641312,Shaun Anderson,LAA,CH,138,0.243,86.3,1502.0,0.464,0.316,20.0,7.0,3.0,0.35,0.8,0.48,0.434,0.15,0.214,0.412,87.2
641312,Shaun Anderson,LAA,ST,81,0.143,82.1,2843.0,0.469,0.352,12.0,2.0,0.0,0.167,0.167,0.15,0.222,0.333,0.333,0.25,90.1
641312,Shaun Anderson,LAA,SI,33,0.058,93.7,2428.0,0.333,0.267,,,,,,,,,,,
542888,Shawn Armstrong,CLE,FF,512,0.298,93.5,2299.0,0.516,0.222,58.0,12.0,3.0,0.235,0.451,0.333,0.361,0.276,0.163,0.486,90.4
542888,Shawn Armstrong,CLE,ST,425,0.247,84.9,2604.0,0.409,0.252,28.0,4.0,0.0,0.167,0.25,0.254,0.196,0.321,0.266,0.2,83.0
542888,Shawn Armstrong,CLE,FC,415,0.241,90.6,2457.0,0.535,0.291,39.0,7.0,1.0,0.212,0.333,0.325,0.282,0.154,0.181,0.214,85.0
542888,Shawn Armstrong,CLE,SI,363,0.211,94.0,2111.0,0.444,0.204,22.0,6.0,0.0,0.353,0.412,0.42,0.349,0.091,0.154,0.4,87.3
660271,Shohei Ohtani,LAD,FF,894,0.428,98.2,2481.0,0.534,0.293,166.0,29.0,4.0,0.193,0.307,0.263,0.261,0.253,0.245,0.394,89.0
660271,Shohei Ohtani,LAD,ST,565,0.271,85.0,2686.0,0.469,0.356,91.0,11.0,0.0,0.129,0.176,0.17,0.226,0.352,0.374,0.208,84.1
660271,Shohei Ohtani,LAD,CU,199,0.095,76.3,2652.0,0.251,0.189,22.0,2.0,0.0,0.111,0.111,0.209,0.223,0.364,0.333,0.2,80.1
660271,Shohei Ohtani,LAD,FS,149,0.071,89.3,1551.0,0.456,0.321,35.0,10.0,0.0,0.294,0.382,0.301,0.237,0.286,0.31,0.36,85.1
660271,Shohei Ohtani,LAD,SI,122,0.058,96.4,2183.0,0.418,0.203,20.0,2.0,0.0,0.143,0.214,0.318,0.348,0.15,0.207,0.455,89.5
660271,Shohei Ohtani,LAD,SL,100,0.048,88.1,2554.0,0.64,0.383,,,,,,,,,,,
660271,Shohei Ohtani,LAD,FC,59,0.028,93.6,2508.0,0.542,0.15,,,,,,,,,,,
684007,Shota Imanaga,CHC,FF,2154,0.439,91.2,2488.0,0.502,0.256,264.0,61.0,16.0,0.246,0.48,0.33,0.324,0.216,0.17,0.464,90.8
684007,Shota Imanaga,CHC,FS,1623,0.331,82.8,1188.0,0.608,0.442,274.0,52.0,9.0,0.196,0.336,0.249,0.234,0.314,0.395,0.251,84.3
684007,Shota Imanaga,CHC,ST,756,0.154,80.7,2542.0,0.446,0.313,84.0,20.0,6.0,0.267,0.547,0.38,0.366,0.25,0.282,0.333,88.4
684007,Shota Imanaga,CHC,SI,192,0.039,89.9,2355.0,0.542,0.393,64.0,16.0,3.0,0.296,0.519,0.391,0.387,0.094,0.17,0.49,92.3
684007,Shota Imanaga,CHC,CU,114,0.023,73.6,2508.0,0.246,0.059,,,,,,,,,,,
684007,Shota Imanaga,CHC,SL,66,0.013,85.5,2486.0,0.545,0.303,10.0,3.0,0.0,0.333,0.333,0.34,0.331,0.1,0.276,0.125,78.1
680573,Simeon Woods Richardson,TOR,FF,1360,0.447,93.0,2235.0,0.486,0.235,144.0,35.0,3.0,0.292,0.442,0.39,0.341,0.132,0.15,0.416,88.3
680573,Simeon Woods Richardson,TOR,SL,767,0.252,85.6,2270.0,0.471,0.288,66.0,20.0,3.0,0.333,0.567,0.427,0.396,0.106,0.182,0.453,89.3
680573,Simeon Woods Richardson,TOR,FS,474,0.156,86.5,1113.0,0.462,0.26,76.0,21.0,4.0,0.323,0.585,0.445,0.404,0.158,0.186,0.444,88.3
680573,Simeon Woods Richardson,TOR,CU,357,0.117,77.6,2580.0,0.319,0.148,19.0,3.0,1.0,0.167,0.333,0.237,0.323,0.105,0.094,0.562,93.7
680573,Simeon Woods Richardson,TOR,CH,80,0.026,83.2,2314.0,0.388,0.17,,,,,,,,,,,
677944,Slade Cecconi,CLE,FF,1438,0.353,94.1,2387.0,0.457,0.206,135.0,35.0,5.0,0.28,0.464,0.357,0.344,0.244,0.159,0.478,93.2
677944,Slade Cecconi,CLE,CU,635,0.156,75.7,2413.0,0.4,0.273,61.0,14.0,2.0,0.255,0.418,0.317,0.322,0.246,0.252,0.341,86.0
677944,Slade Cecconi,CLE,SI,625,0.153,93.6,2271.0,0.509,0.258,136.0,44.0,4.0,0.352,0.52,0.417,0.375,0.096,0.096,0.438,89.5
677944,Slade Cecconi,CLE,FC,575,0.141,88.6,2259.0,0.503,0.276,132.0,27.0,6.0,0.233,0.422,0.326,0.313,0.197,0.208,0.355,86.6
677944,Slade Cecconi,CLE,SL,467,0.115,84.1,2564.0,0.495,0.293,25.0,2.0,0.0,0.087,0.087,0.188,0.212,0.16,0.304,0.35,81.1
677944,Slade Cecconi,CLE,CH,196,0.048,84.1,1578.0,0.408,0.239,11.0,5.0,0.0,0.455,0.455,0.409,0.302,0.273,0.278,0.375,87.5
677944,Slade Cecconi,CLE,ST,122,0.03,83.1,2509.0,0.475,0.286,24.0,7.0,2.0,0.318,0.682,0.413,0.323,0.208,0.273,0.5,87.0
543243,Sonny Gray,BOS,SI,1028,0.198,92.2,2381.0,0.452,0.212,171.0,34.0,3.0,0.218,0.301,0.268,0.282,0.257,0.121,0.372,88.2
543243,Sonny Gray,BOS,ST,1029,0.198,85.0,2672.0,0.589,0.485,162.0,22.0,2.0,0.138,0.238,0.167,0.188,0.463,0.369,0.407,89.3
543243,Sonny Gray,BOS,FF,1022,0.197,91.6,2494.0,0.459,0.237,124.0,32.0,3.0,0.299,0.477,0.392,0.38,0.081,0.12,0.38,88.8
543243,Sonny Gray,BOS,CU,891,0.171,80.0,2593.0,0.412,0.339,75.0,22.0,4.0,0.328,0.567,0.409,0.342,0.2,0.287,0.407,90.2
543243,Sonny Gray,BOS,FC,802,0.154,88.1,2651.0,0.476,0.251,124.0,32.0,4.0,0.291,0.455,0.365,0.371,0.024,0.133,0.389,89.2
543243,Sonny Gray,BOS,CH,371,0.071,86.2,1817.0,0.38,0.213,24.0,6.0,0.0,0.25,0.375,0.269,0.358,0.083,0.192,0.273,85.6
543243,Sonny Gray,BOS,SL,45,0.009,84.4,2623.0,0.489,0.263,,,,,,,,,,,
681293,Spencer Arrighetti,TOR,CU,807,0.315,76.7,2827.0,0.378,0.279,171.0,22.0,1.0,0.157,0.207,0.268,0.263,0.357,0.367,0.215,82.8
681293,Spencer Arrighetti,TOR,FF,742,0.29,92.6,2327.0,0.461,0.222,121.0,27.0,7.0,0.267,0.525,0.385,0.425,0.157,0.174,0.429,90.6
681293,Spencer Arrighetti,TOR,ST,306,0.119,79.8,2775.0,0.415,0.291,61.0,11.0,2.0,0.212,0.346,0.334,0.269,0.262,0.255,0.162,83.5
681293,Spencer Arrighetti,TOR,SI,259,0.101,92.2,2291.0,0.402,0.219,56.0,14.0,4.0,0.341,0.659,0.485,0.52,0.036,0.086,0.325,87.5
681293,Spencer Arrighetti,TOR,FC,217,0.085,87.5,2370.0,0.475,0.212,43.0,9.0,4.0,0.237,0.605,0.409,0.385,0.163,0.125,0.424,90.2
681293,Spencer Arrighetti,TOR,CH,213,0.083,84.4,1519.0,0.432,0.287,35.0,4.0,0.0,0.129,0.161,0.193,0.299,0.029,0.222,0.267,83.4
681293,Spencer Arrighetti,TOR,SL,16,0.006,82.2,2672.0,0.5,0.333,,,,,,,,,,,
702352,Spencer Bivens,SF,SI,538,0.378,94.8,1890.0,0.435,0.252,,,,,,,,,,,
702352,Spencer Bivens,SF,FC,361,0.253,91.0,2127.0,0.482,0.261,,,,,,,,,,,
702352,Spencer Bivens,SF,CH,210,0.147,88.4,1607.0,0.538,0.318,,,,,,,,,,,
702352,Spencer Bivens,SF,ST,138,0.097,82.9,2255.0,0.478,0.289,,,,,,,,,,,
702352,Spencer Bivens,SF,FF,101,0.071,95.1,2000.0,0.505,0.231,,,,,,,,,,,
693686,Spencer Miles,TOR,SI,662,0.447,96.3,2279.0,0.483,0.212,174.0,34.0,2.0,0.212,0.256,0.247,0.296,0.155,0.116,0.376,87.1
693686,Spencer Miles,TOR,CU,358,0.242,80.8,2859.0,0.45,0.323,95.0,17.0,2.0,0.191,0.303,0.243,0.266,0.337,0.236,0.339,85.7
693686,Spencer Miles,TOR,SL,240,0.162,87.3,2536.0,0.475,0.3,62.0,17.0,0.0,0.279,0.328,0.29,0.23,0.242,0.184,0.304,86.0
693686,Spencer Miles,TOR,FF,212,0.143,96.0,2228.0,0.5,0.287,50.0,9.0,1.0,0.2,0.333,0.286,0.212,0.34,0.217,0.346,86.1
675911,Spencer Strider,ATL,FF,1410,0.503,95.4,2309.0,0.491,0.209,84.0,20.0,5.0,0.286,0.6,0.417,0.382,0.155,0.134,0.431,90.8
675911,Spencer Strider,ATL,SL,935,0.334,84.1,2265.0,0.503,0.385,39.0,9.0,3.0,0.265,0.618,0.409,0.256,0.385,0.351,0.368,86.2
675911,Spencer Strider,ATL,CU,288,0.103,78.3,2656.0,0.354,0.284,29.0,3.0,1.0,0.111,0.259,0.191,0.113,0.448,0.429,0.143,82.9
675911,Spencer Strider,ATL,CH,168,0.06,85.7,2016.0,0.351,0.195,13.0,1.0,0.0,0.091,0.091,0.123,0.196,0.385,0.52,0.286,87.2
663568,Stephen Kolek,KC,FF,670,0.265,94.1,2200.0,0.43,0.184,44.0,10.0,1.0,0.244,0.39,0.342,0.287,0.068,0.168,0.237,86.9
663568,Stephen Kolek,KC,SI,589,0.233,93.6,2168.0,0.499,0.282,63.0,19.0,1.0,0.328,0.534,0.409,0.314,0.063,0.045,0.473,89.9
663568,Stephen Kolek,KC,SL,416,0.164,85.5,2516.0,0.546,0.375,45.0,7.0,2.0,0.167,0.333,0.249,0.273,0.333,0.403,0.423,88.0
663568,Stephen Kolek,KC,FC,359,0.142,90.4,2372.0,0.493,0.232,20.0,3.0,2.0,0.15,0.45,0.245,0.249,0.25,0.173,0.375,87.6
663568,Stephen Kolek,KC,CH,296,0.117,87.4,1475.0,0.456,0.322,32.0,9.0,0.0,0.3,0.3,0.297,0.344,0.156,0.16,0.24,84.4
663568,Stephen Kolek,KC,ST,195,0.077,81.5,2564.0,0.364,0.149,19.0,6.0,1.0,0.333,0.611,0.416,0.36,0.105,0.091,0.438,92.2
674444,Steven Cruz,KC,FF,845,0.533,98.4,2216.0,0.495,0.235,131.0,31.0,8.0,0.267,0.491,0.365,0.334,0.275,0.259,0.407,90.1
674444,Steven Cruz,KC,FC,436,0.275,93.8,2159.0,0.528,0.242,72.0,14.0,1.0,0.212,0.303,0.285,0.263,0.194,0.258,0.283,82.8
674444,Steven Cruz,KC,SL,288,0.182,89.3,2200.0,0.562,0.322,40.0,9.0,5.0,0.231,0.641,0.366,0.317,0.375,0.219,0.458,90.5
571927,Steven Matz,TB,SI,1333,0.539,94.1,2220.0,0.482,0.224,158.0,36.0,8.0,0.265,0.522,0.405,0.372,0.146,0.147,0.404,89.1
571927,Steven Matz,TB,CH,587,0.237,83.3,2375.0,0.537,0.402,117.0,23.0,4.0,0.209,0.382,0.273,0.31,0.214,0.218,0.253,84.6
571927,Steven Matz,TB,CU,424,0.172,79.2,2282.0,0.389,0.267,33.0,5.0,1.0,0.156,0.281,0.18,0.219,0.242,0.25,0.36,87.3
571927,Steven Matz,TB,SL,124,0.05,83.3,2294.0,0.54,0.328,25.0,8.0,1.0,0.333,0.458,0.36,0.444,0.08,0.155,0.364,87.9
595345,Steven Okert,HOU,SL,1310,0.621,80.9,2449.0,0.538,0.329,178.0,30.0,5.0,0.185,0.327,0.254,0.253,0.281,0.337,0.286,85.0
595345,Steven Okert,HOU,FF,724,0.343,91.7,2232.0,0.46,0.216,68.0,14.0,2.0,0.23,0.361,0.29,0.312,0.265,0.163,0.545,91.9
595345,Steven Okert,HOU,SI,57,0.027,90.4,2245.0,0.333,0.276,13.0,1.0,0.0,0.083,0.167,0.15,0.345,0.0,0.053,0.333,81.5
592836,Taijuan Walker,PHI,FC,705,0.284,87.0,2429.0,0.457,0.237,22.0,7.0,3.0,0.368,0.842,0.582,0.434,0.091,0.146,0.222,87.7
592836,Taijuan Walker,PHI,FS,561,0.226,87.3,1445.0,0.504,0.31,36.0,13.0,1.0,0.371,0.6,0.449,0.428,0.139,0.172,0.452,89.2
592836,Taijuan Walker,PHI,SI,512,0.206,92.0,1961.0,0.395,0.211,20.0,6.0,1.0,0.375,0.625,0.482,0.372,0.2,0.103,0.417,89.2
592836,Taijuan Walker,PHI,SL,282,0.113,83.1,2454.0,0.514,0.296,13.0,4.0,0.0,0.333,0.333,0.331,0.308,0.154,0.148,0.2,83.5
592836,Taijuan Walker,PHI,FF,238,0.096,92.2,2120.0,0.37,0.159,11.0,4.0,2.0,0.571,1.571,0.814,0.684,0.091,0.0,0.667,96.5
592836,Taijuan Walker,PHI,CU,187,0.075,74.8,2392.0,0.406,0.282,12.0,2.0,1.0,0.167,0.417,0.242,0.242,0.25,0.13,0.222,78.1
671737,Taj Bradley,MIN,FF,2275,0.427,96.8,2317.0,0.501,0.256,357.0,69.0,10.0,0.231,0.395,0.34,0.385,0.185,0.136,0.523,92.9
671737,Taj Bradley,MIN,FC,1248,0.234,89.7,2191.0,0.49,0.331,192.0,31.0,6.0,0.179,0.306,0.256,0.246,0.318,0.349,0.33,87.3
671737,Taj Bradley,MIN,FS,931,0.175,91.4,1726.0,0.477,0.252,134.0,32.0,3.0,0.246,0.354,0.274,0.239,0.306,0.33,0.461,89.8
671737,Taj Bradley,MIN,CU,613,0.115,82.2,2489.0,0.321,0.231,65.0,10.0,4.0,0.161,0.355,0.249,0.204,0.569,0.352,0.32,85.0
671737,Taj Bradley,MIN,SI,202,0.038,96.0,2150.0,0.515,0.349,,,,,,,,,,,
681084,Tanner Andrews,TOR,FS,18,0.419,85.7,1021.0,0.444,0.25,,,,,,,,,,,
681084,Tanner Andrews,TOR,FF,16,0.372,95.0,1982.0,0.375,0.182,,,,,,,,,,,
621383,Tanner Banks,PHI,SL,617,0.355,87.1,2347.0,0.52,0.256,52.0,16.0,4.0,0.364,0.705,0.489,0.405,0.115,0.195,0.333,83.0
621383,Tanner Banks,PHI,ST,411,0.236,81.9,2346.0,0.438,0.271,34.0,10.0,1.0,0.312,0.438,0.349,0.27,0.265,0.239,0.261,87.2
621383,Tanner Banks,PHI,FF,364,0.209,92.4,2161.0,0.596,0.372,51.0,13.0,2.0,0.271,0.5,0.366,0.247,0.333,0.238,0.355,84.9
621383,Tanner Banks,PHI,SI,237,0.136,91.8,2020.0,0.43,0.305,21.0,9.0,0.0,0.474,0.632,0.545,0.356,0.095,0.111,0.389,87.8
621383,Tanner Banks,PHI,CH,103,0.059,83.1,1763.0,0.398,0.244,11.0,4.0,1.0,0.4,0.7,0.427,0.304,0.273,0.286,0.25,83.7
676440,Tanner Bibee,CLE,FF,1507,0.258,94.2,2207.0,0.443,0.201,176.0,46.0,5.0,0.282,0.429,0.337,0.336,0.136,0.13,0.475,90.4
676440,Tanner Bibee,CLE,FC,1313,0.224,86.0,2691.0,0.494,0.307,181.0,37.0,11.0,0.223,0.452,0.311,0.322,0.227,0.294,0.394,89.1
676440,Tanner Bibee,CLE,SI,1042,0.178,93.6,2177.0,0.448,0.232,170.0,45.0,4.0,0.296,0.441,0.364,0.355,0.153,0.143,0.453,90.9
676440,Tanner Bibee,CLE,CH,885,0.151,81.3,1915.0,0.487,0.288,111.0,18.0,3.0,0.176,0.304,0.247,0.232,0.279,0.324,0.181,82.8
676440,Tanner Bibee,CLE,ST,626,0.107,82.8,2663.0,0.463,0.283,39.0,9.0,2.0,0.25,0.444,0.327,0.316,0.179,0.162,0.414,87.2
676440,Tanner Bibee,CLE,CU,470,0.08,78.6,2606.0,0.457,0.319,75.0,13.0,4.0,0.194,0.418,0.313,0.31,0.16,0.199,0.321,85.4
685299,Tanner Gordon,COL,FF,1338,0.47,92.5,2242.0,0.544,0.267,193.0,62.0,8.0,0.346,0.581,0.415,0.364,0.212,0.179,0.507,92.4
685299,Tanner Gordon,COL,SL,659,0.231,85.6,2090.0,0.49,0.253,93.0,29.0,5.0,0.322,0.556,0.377,0.305,0.161,0.204,0.403,89.0
685299,Tanner Gordon,COL,CH,617,0.217,84.0,2099.0,0.585,0.401,100.0,23.0,2.0,0.247,0.43,0.315,0.314,0.16,0.243,0.329,88.2
685299,Tanner Gordon,COL,CU,153,0.054,81.1,2245.0,0.444,0.356,42.0,15.0,3.0,0.375,0.7,0.467,0.272,0.262,0.231,0.276,84.7
685299,Tanner Gordon,COL,SI,38,0.013,92.2,2072.0,0.474,0.211,,,,,,,,,,,
685299,Tanner Gordon,COL,FC,35,0.012,89.6,2033.0,0.371,0.125,10.0,3.0,0.0,0.333,0.333,0.34,0.324,0.1,0.077,0.375,83.6
701780,Tanner Mcdougal,CWS,FF,20,0.8,98.1,2453.0,0.25,0.176,,,,,,,,,,,
663432,Tanner Rainey,DET,FF,168,0.512,95.8,2404.0,0.452,0.133,21.0,2.0,0.0,0.125,0.188,0.269,0.281,0.238,0.304,0.182,85.9
663432,Tanner Rainey,DET,SL,146,0.445,86.9,2359.0,0.418,0.313,,,,,,,,,,,
656945,Tanner Scott,LAD,FF,922,0.496,96.7,2548.0,0.586,0.338,110.0,23.0,4.0,0.225,0.392,0.301,0.308,0.291,0.258,0.394,88.5
656945,Tanner Scott,LAD,SL,910,0.49,89.1,2642.0,0.525,0.424,130.0,24.0,0.0,0.195,0.268,0.221,0.241,0.354,0.377,0.291,87.0
669373,Tarik Skubal,LAD,FF,1695,0.33,97.2,2343.0,0.575,0.324,217.0,46.0,7.0,0.227,0.389,0.293,0.284,0.276,0.214,0.408,86.3
669373,Tarik Skubal,LAD,CH,1478,0.288,87.9,1841.0,0.596,0.473,171.0,32.0,4.0,0.194,0.315,0.246,0.237,0.392,0.467,0.296,82.6
669373,Tarik Skubal,LAD,SI,1085,0.211,97.1,2230.0,0.48,0.224,101.0,24.0,0.0,0.27,0.337,0.33,0.313,0.178,0.151,0.343,88.1
669373,Tarik Skubal,LAD,SL,676,0.132,89.9,2219.0,0.45,0.247,78.0,17.0,2.0,0.23,0.365,0.296,0.278,0.218,0.255,0.356,87.6
669373,Tarik Skubal,LAD,CU,193,0.038,80.7,2529.0,0.389,0.342,31.0,4.0,1.0,0.138,0.276,0.208,0.226,0.452,0.404,0.267,86.7
837227,Tatsuya Imai,HOU,SL,659,0.457,86.6,2274.0,0.517,0.391,180.0,27.0,6.0,0.17,0.314,0.263,0.266,0.383,0.381,0.404,86.6
837227,Tatsuya Imai,HOU,FF,637,0.441,94.8,1996.0,0.377,0.165,132.0,28.0,2.0,0.28,0.38,0.376,0.403,0.152,0.179,0.47,89.6
837227,Tatsuya Imai,HOU,SI,61,0.042,94.5,1952.0,0.443,0.194,15.0,2.0,0.0,0.182,0.182,0.307,0.457,0.067,0.185,0.5,87.1
837227,Tatsuya Imai,HOU,FS,42,0.029,84.7,1251.0,0.19,0.154,,,,,,,,,,,
837227,Tatsuya Imai,HOU,CH,36,0.025,86.9,1960.0,0.278,0.15,,,,,,,,,,,
642048,Tayler Saucedo,LAA,SI,172,0.302,91.4,2284.0,0.465,0.265,17.0,5.0,0.0,0.333,0.333,0.347,0.341,0.118,0.185,0.385,86.9
642048,Tayler Saucedo,LAA,ST,144,0.253,81.7,2370.0,0.465,0.352,28.0,3.0,0.0,0.115,0.115,0.121,0.15,0.357,0.404,0.176,83.9
642048,Tayler Saucedo,LAA,SL,116,0.204,86.2,2374.0,0.44,0.322,19.0,5.0,0.0,0.417,0.5,0.513,0.471,0.053,0.385,0.273,87.8
642048,Tayler Saucedo,LAA,CH,77,0.135,85.7,2231.0,0.532,0.375,10.0,0.0,0.0,0.0,0.0,0.0,0.044,0.7,0.471,0.333,88.0
642048,Tayler Saucedo,LAA,FF,61,0.107,92.3,2430.0,0.393,0.216,12.0,2.0,1.0,0.182,0.545,0.314,0.241,0.417,0.2,0.429,83.9
664199,Taylor Clarke,AZ,SL,645,0.342,88.0,2271.0,0.491,0.308,74.0,7.0,2.0,0.1,0.214,0.153,0.266,0.297,0.356,0.367,88.9
664199,Taylor Clarke,AZ,CH,455,0.242,89.9,1752.0,0.495,0.322,83.0,18.0,1.0,0.237,0.316,0.257,0.329,0.181,0.211,0.323,86.0
664199,Taylor Clarke,AZ,SI,382,0.203,95.1,2256.0,0.487,0.321,68.0,9.0,1.0,0.15,0.233,0.244,0.312,0.088,0.128,0.291,87.3
664199,Taylor Clarke,AZ,FF,203,0.108,94.8,2329.0,0.453,0.208,,,,,,,,,,,
664199,Taylor Clarke,AZ,FC,190,0.101,94.3,2268.0,0.468,0.259,46.0,16.0,2.0,0.364,0.591,0.422,0.396,0.022,0.067,0.372,83.9
688497,Taylor Rashi,ATH,FF,215,0.528,90.0,2197.0,0.409,0.191,13.0,3.0,0.0,0.3,0.3,0.369,0.386,0.154,0.105,0.625,93.7
688497,Taylor Rashi,ATH,FS,93,0.229,84.8,1308.0,0.473,0.348,,,,,,,,,,,
688497,Taylor Rashi,ATH,SL,58,0.143,83.8,2138.0,0.379,0.179,,,,,,,,,,,
688497,Taylor Rashi,ATH,CU,40,0.098,75.5,2038.0,0.35,0.222,,,,,,,,,,,
573124,Taylor Rogers,MIN,ST,977,0.494,78.0,2830.0,0.487,0.346,133.0,34.0,3.0,0.286,0.437,0.346,0.279,0.18,0.207,0.216,81.6
573124,Taylor Rogers,MIN,SI,819,0.414,92.4,2166.0,0.363,0.136,102.0,20.0,2.0,0.244,0.39,0.356,0.346,0.255,0.107,0.328,88.8
573124,Taylor Rogers,MIN,FC,146,0.074,88.1,2352.0,0.377,0.227,26.0,8.0,0.0,0.32,0.32,0.324,0.372,0.115,0.182,0.435,83.1
622088,Tejay Antone,CIN,ST,470,0.528,83.8,2862.0,0.47,0.386,115.0,18.0,2.0,0.176,0.275,0.273,0.26,0.296,0.308,0.246,81.4
622088,Tejay Antone,CIN,FC,151,0.17,90.1,2773.0,0.424,0.21,36.0,6.0,2.0,0.222,0.481,0.41,0.41,0.111,0.188,0.44,87.4
622088,Tejay Antone,CIN,CU,104,0.117,81.7,2873.0,0.404,0.271,21.0,7.0,1.0,0.368,0.632,0.452,0.364,0.143,0.143,0.278,87.9
622088,Tejay Antone,CIN,SI,101,0.113,93.9,2599.0,0.436,0.255,25.0,5.0,0.0,0.227,0.273,0.278,0.328,0.24,0.25,0.5,92.2
622088,Tejay Antone,CIN,FF,45,0.051,95.0,2573.0,0.644,0.4,21.0,7.0,1.0,0.35,0.65,0.436,0.244,0.286,0.207,0.438,91.0
623381,Thomas Pannone,MIL,FC,25,0.446,88.0,2481.0,0.4,0.182,,,,,,,,,,,
682120,Tim Herrin,CLE,CU,587,0.339,80.8,2361.0,0.445,0.341,70.0,9.0,0.0,0.15,0.2,0.224,0.233,0.343,0.331,0.289,84.2
682120,Tim Herrin,CLE,FF,387,0.223,94.7,2383.0,0.437,0.212,53.0,12.0,1.0,0.308,0.462,0.39,0.357,0.17,0.149,0.364,85.9
682120,Tim Herrin,CLE,SL,381,0.22,87.3,2193.0,0.496,0.305,55.0,10.0,3.0,0.2,0.46,0.3,0.307,0.309,0.441,0.5,91.2
682120,Tim Herrin,CLE,SI,356,0.206,93.6,2231.0,0.39,0.247,55.0,12.0,1.0,0.255,0.383,0.334,0.331,0.055,0.175,0.386,88.1
657612,Tim Hill,NYY,SI,1405,0.815,88.4,2059.0,0.521,0.332,200.0,43.0,8.0,0.232,0.384,0.311,0.317,0.07,0.084,0.434,88.6
657612,Tim Hill,NYY,FF,170,0.099,89.7,2109.0,0.506,0.247,19.0,5.0,2.0,0.333,0.733,0.5,0.462,0.316,0.19,0.667,96.9
657612,Tim Hill,NYY,SL,89,0.052,75.9,2284.0,0.371,0.146,16.0,4.0,2.0,0.267,0.667,0.406,0.292,0.312,0.333,0.3,69.8
657612,Tim Hill,NYY,FC,39,0.023,84.7,2033.0,0.436,0.208,,,,,,,,,,,
641835,Tim Mayza,PHI,SI,793,0.585,94.1,2061.0,0.462,0.283,152.0,34.0,1.0,0.243,0.329,0.289,0.275,0.197,0.167,0.455,87.8
641835,Tim Mayza,PHI,SL,404,0.298,87.3,2206.0,0.428,0.274,70.0,13.0,5.0,0.197,0.47,0.324,0.318,0.257,0.269,0.469,91.4
641835,Tim Mayza,PHI,FF,127,0.094,94.4,2046.0,0.488,0.261,31.0,6.0,0.0,0.214,0.25,0.253,0.254,0.419,0.298,0.4,85.6
641835,Tim Mayza,PHI,FS,23,0.017,91.4,1589.0,0.348,0.125,,,,,,,,,,,
669298,Tj Shook,COL,FF,59,0.437,92.5,2158.0,0.424,0.267,12.0,2.0,1.0,0.182,0.455,0.3,0.232,0.25,0.2,0.25,85.9
669298,Tj Shook,COL,ST,31,0.23,81.6,2293.0,0.548,0.25,11.0,4.0,1.0,0.364,0.818,0.491,0.444,0.091,0.176,0.5,94.3
669298,Tj Shook,COL,CH,28,0.207,86.2,1773.0,0.464,0.409,,,,,,,,,,,
669298,Tj Shook,COL,FC,16,0.119,89.0,2272.0,0.562,0.4,,,,,,,,,,,
668964,Tobias Myers,NYM,FF,752,0.455,93.0,2258.0,0.532,0.269,112.0,31.0,3.0,0.298,0.481,0.36,0.354,0.143,0.115,0.506,93.2
668964,Tobias Myers,NYM,FS,337,0.204,81.3,1475.0,0.525,0.278,54.0,7.0,3.0,0.149,0.383,0.251,0.231,0.315,0.33,0.364,83.6
668964,Tobias Myers,NYM,FC,268,0.162,87.3,2157.0,0.504,0.333,27.0,8.0,2.0,0.333,0.625,0.41,0.326,0.111,0.203,0.292,85.6
668964,Tobias Myers,NYM,SL,253,0.153,83.4,2106.0,0.486,0.256,27.0,8.0,1.0,0.32,0.6,0.411,0.312,0.074,0.143,0.435,90.7
668964,Tobias Myers,NYM,CU,16,0.01,75.5,2306.0,0.125,0.143,,,,,,,,,,,
676680,Tom Cosgrove,WSH,ST,205,0.617,73.7,2777.0,0.473,0.291,46.0,9.0,1.0,0.243,0.459,0.334,0.278,0.239,0.141,0.333,80.5
676680,Tom Cosgrove,WSH,FF,91,0.274,88.6,2498.0,0.582,0.282,22.0,7.0,2.0,0.35,0.75,0.482,0.368,0.136,0.163,0.471,94.1
676680,Tom Cosgrove,WSH,SI,36,0.108,87.7,2415.0,0.611,0.444,,,,,,,,,,,
592454,Tommy Kahnle,BOS,CH,992,0.823,86.8,1279.0,0.46,0.277,31.0,10.0,2.0,0.357,0.679,0.463,0.376,0.161,0.186,0.609,95.1
592454,Tommy Kahnle,BOS,FF,196,0.163,93.5,2191.0,0.388,0.144,11.0,1.0,0.0,0.125,0.25,0.305,0.412,0.0,0.08,0.5,83.5
592454,Tommy Kahnle,BOS,SL,15,0.012,85.1,2267.0,0.133,0.182,,,,,,,,,,,
667297,Tommy Nance,MIN,SL,617,0.43,89.0,2626.0,0.511,0.358,113.0,22.0,3.0,0.214,0.34,0.283,0.324,0.292,0.324,0.4,88.8
667297,Tommy Nance,MIN,CU,418,0.291,84.8,2869.0,0.462,0.389,69.0,9.0,1.0,0.143,0.206,0.192,0.176,0.449,0.228,0.265,86.9
667297,Tommy Nance,MIN,SI,393,0.274,94.5,2278.0,0.412,0.243,72.0,28.0,4.0,0.459,0.672,0.513,0.453,0.056,0.11,0.424,87.6
608372,Tomoyuki Sugano,COL,FS,1114,0.222,87.1,1618.0,0.487,0.358,141.0,25.0,6.0,0.191,0.359,0.274,0.313,0.213,0.291,0.255,84.0
608372,Tomoyuki Sugano,COL,FF,991,0.198,92.7,2404.0,0.487,0.24,139.0,42.0,8.0,0.326,0.636,0.426,0.413,0.187,0.146,0.602,96.1
608372,Tomoyuki Sugano,COL,SI,873,0.174,92.7,2290.0,0.463,0.223,131.0,38.0,2.0,0.322,0.517,0.376,0.444,0.061,0.042,0.535,94.1
608372,Tomoyuki Sugano,COL,ST,773,0.154,83.7,2594.0,0.485,0.287,44.0,11.0,2.0,0.262,0.5,0.323,0.321,0.068,0.215,0.3,89.2
608372,Tomoyuki Sugano,COL,FC,570,0.114,88.5,2480.0,0.468,0.238,71.0,22.0,7.0,0.328,0.716,0.464,0.474,0.056,0.163,0.5,91.3
608372,Tomoyuki Sugano,COL,CU,442,0.088,78.9,2684.0,0.382,0.267,41.0,9.0,2.0,0.225,0.45,0.294,0.325,0.146,0.207,0.294,82.5
608372,Tomoyuki Sugano,COL,SL,234,0.047,85.4,2599.0,0.44,0.272,62.0,14.0,4.0,0.25,0.5,0.345,0.306,0.226,0.184,0.364,91.8
664062,Tony Gonsolin,KC,FF,282,0.42,93.3,2232.0,0.44,0.185,,,,,,,,,,,
664062,Tony Gonsolin,KC,FS,179,0.266,84.0,1527.0,0.475,0.277,,,,,,,,,,,
664062,Tony Gonsolin,KC,SL,106,0.158,88.0,2505.0,0.462,0.342,,,,,,,,,,,
664062,Tony Gonsolin,KC,CU,105,0.156,81.7,2748.0,0.276,0.174,,,,,,,,,,,
663574,Tony Santillan,CIN,FF,1238,0.64,95.6,2344.0,0.519,0.244,128.0,26.0,7.0,0.25,0.471,0.373,0.372,0.18,0.126,0.425,88.4
663574,Tony Santillan,CIN,SL,224,0.116,86.1,2168.0,0.406,0.227,16.0,1.0,0.0,0.083,0.083,0.231,0.225,0.375,0.375,0.167,86.0
701519,Travis Adams,MIN,FF,412,0.262,94.6,2412.0,0.481,0.233,42.0,11.0,3.0,0.344,0.719,0.506,0.514,0.119,0.122,0.444,90.3
701519,Travis Adams,MIN,SL,356,0.226,86.4,2335.0,0.447,0.322,66.0,10.0,2.0,0.161,0.339,0.239,0.232,0.364,0.385,0.316,83.6
701519,Travis Adams,MIN,CH,342,0.217,86.6,1936.0,0.471,0.342,66.0,17.0,1.0,0.274,0.419,0.326,0.242,0.273,0.33,0.222,83.3
701519,Travis Adams,MIN,FC,309,0.196,91.4,2509.0,0.498,0.279,49.0,11.0,2.0,0.262,0.429,0.34,0.344,0.204,0.202,0.364,86.0
701519,Travis Adams,MIN,SI,127,0.081,94.1,2229.0,0.488,0.291,16.0,2.0,0.0,0.143,0.214,0.203,0.335,0.062,0.0,0.286,82.4
701519,Travis Adams,MIN,CU,27,0.017,79.1,2468.0,0.37,0.2,,,,,,,,,,,
805345,Trent Harris,SF,FC,101,0.298,93.9,2260.0,0.455,0.273,27.0,5.0,0.0,0.208,0.25,0.291,0.24,0.185,0.174,0.158,80.0
805345,Trent Harris,SF,ST,94,0.277,84.9,2631.0,0.404,0.308,20.0,5.0,0.0,0.278,0.444,0.348,0.24,0.3,0.237,0.25,86.0
805345,Trent Harris,SF,SI,78,0.23,93.8,2260.0,0.41,0.308,20.0,5.0,0.0,0.25,0.35,0.26,0.206,0.4,0.281,0.333,88.2
805345,Trent Harris,SF,CU,63,0.186,78.3,2659.0,0.365,0.244,17.0,1.0,0.0,0.067,0.133,0.156,0.185,0.412,0.261,0.25,82.5
663423,Trent Thornton,CHC,FF,445,0.322,94.8,2429.0,0.485,0.229,70.0,15.0,5.0,0.242,0.516,0.359,0.417,0.129,0.164,0.537,90.9
663423,Trent Thornton,CHC,FC,302,0.219,90.6,2713.0,0.556,0.354,33.0,7.0,1.0,0.219,0.406,0.277,0.289,0.152,0.279,0.444,89.2
663423,Trent Thornton,CHC,ST,257,0.186,80.8,2890.0,0.479,0.323,34.0,6.0,1.0,0.188,0.312,0.243,0.276,0.147,0.22,0.333,88.1
663423,Trent Thornton,CHC,CU,237,0.171,81.3,3088.0,0.414,0.313,28.0,6.0,1.0,0.24,0.36,0.307,0.318,0.357,0.171,0.4,93.5
663423,Trent Thornton,CHC,SI,91,0.066,94.4,2291.0,0.56,0.37,28.0,7.0,0.0,0.304,0.391,0.375,0.305,0.071,0.093,0.333,87.5
663423,Trent Thornton,CHC,FS,15,0.011,84.8,1265.0,0.267,0.214,,,,,,,,,,,
694680,Trevor Martin,LAA,FF,104,0.454,94.9,2270.0,0.51,0.261,26.0,5.0,2.0,0.217,0.478,0.338,0.274,0.269,0.321,0.438,85.7
694680,Trevor Martin,LAA,FC,53,0.231,88.8,2078.0,0.472,0.16,15.0,8.0,2.0,0.615,1.231,0.767,0.549,0.0,0.08,0.538,91.6
694680,Trevor Martin,LAA,FS,47,0.205,86.9,1017.0,0.468,0.312,17.0,3.0,0.0,0.176,0.176,0.212,0.313,0.059,0.136,0.375,88.1
686790,Trevor Mcdonald,SF,SI,737,0.546,93.4,2277.0,0.418,0.228,188.0,48.0,2.0,0.287,0.365,0.347,0.31,0.122,0.093,0.404,90.2
686790,Trevor Mcdonald,SF,SL,402,0.298,85.8,2737.0,0.47,0.383,72.0,9.0,2.0,0.15,0.3,0.274,0.304,0.306,0.371,0.342,88.1
686790,Trevor Mcdonald,SF,CH,179,0.132,83.8,1626.0,0.536,0.383,42.0,9.0,2.0,0.237,0.5,0.324,0.299,0.262,0.307,0.276,81.5
686790,Trevor Mcdonald,SF,FC,20,0.015,89.7,2482.0,0.5,0.538,,,,,,,,,,,
656730,Trevor Megill,MIL,FF,1013,0.618,98.5,2428.0,0.513,0.296,145.0,26.0,1.0,0.197,0.28,0.246,0.294,0.234,0.185,0.461,89.9
656730,Trevor Megill,MIL,KC,603,0.368,87.8,2772.0,0.514,0.433,89.0,13.0,0.0,0.155,0.167,0.179,0.18,0.382,0.459,0.308,86.5
670950,Trevor Richards,CWS,FF,848,0.619,91.8,2259.0,0.521,0.278,217.0,51.0,10.0,0.258,0.48,0.349,0.338,0.171,0.111,0.429,92.4
670950,Trevor Richards,CWS,CH,376,0.274,79.9,2558.0,0.42,0.329,81.0,14.0,1.0,0.187,0.293,0.234,0.243,0.346,0.403,0.347,84.6
670950,Trevor Richards,CWS,SL,124,0.09,84.9,2164.0,0.468,0.321,26.0,3.0,0.0,0.125,0.167,0.144,0.276,0.154,0.308,0.381,89.5
669432,Trevor Rogers,BAL,FF,1897,0.445,93.5,2450.0,0.546,0.314,293.0,60.0,11.0,0.225,0.423,0.316,0.302,0.239,0.216,0.407,90.1
669432,Trevor Rogers,BAL,CH,947,0.222,86.7,1541.0,0.561,0.403,149.0,48.0,4.0,0.336,0.483,0.388,0.34,0.107,0.218,0.408,89.2
669432,Trevor Rogers,BAL,SI,507,0.119,93.1,2351.0,0.462,0.2,77.0,17.0,1.0,0.233,0.329,0.268,0.258,0.247,0.115,0.339,86.7
669432,Trevor Rogers,BAL,ST,503,0.118,78.2,2108.0,0.497,0.34,114.0,20.0,2.0,0.192,0.317,0.25,0.212,0.377,0.306,0.194,81.1
669432,Trevor Rogers,BAL,FC,407,0.095,82.2,2210.0,0.472,0.321,46.0,11.0,1.0,0.25,0.409,0.304,0.315,0.109,0.214,0.275,82.2
592866,Trevor Williams,TEX,FF,803,0.415,88.2,2224.0,0.555,0.275,54.0,11.0,2.0,0.229,0.417,0.308,0.333,0.37,0.221,0.379,88.7
592866,Trevor Williams,TEX,ST,530,0.274,77.2,2241.0,0.447,0.302,24.0,1.0,0.0,0.043,0.043,0.075,0.127,0.333,0.359,0.25,85.2
592866,Trevor Williams,TEX,CH,241,0.125,81.3,1476.0,0.365,0.278,10.0,3.0,1.0,0.333,0.667,0.54,0.246,0.2,0.391,0.286,79.1
592866,Trevor Williams,TEX,SI,199,0.103,87.3,1955.0,0.432,0.303,21.0,7.0,1.0,0.467,0.733,0.536,0.468,0.048,0.031,0.533,90.0
592866,Trevor Williams,TEX,SL,161,0.083,81.1,2224.0,0.298,0.144,,,,,,,,,,,
694346,Trey Gibson,BAL,SI,163,0.229,94.5,2000.0,0.356,0.212,42.0,7.0,1.0,0.212,0.303,0.31,0.346,0.143,0.155,0.393,89.2
694346,Trey Gibson,BAL,FF,151,0.212,95.4,2018.0,0.404,0.186,38.0,7.0,0.0,0.233,0.267,0.322,0.303,0.368,0.18,0.438,88.3
694346,Trey Gibson,BAL,SL,148,0.208,87.8,2209.0,0.547,0.44,45.0,6.0,2.0,0.143,0.286,0.276,0.306,0.267,0.259,0.452,89.5
694346,Trey Gibson,BAL,FC,140,0.197,91.6,2381.0,0.386,0.222,30.0,12.0,0.0,0.48,0.56,0.5,0.441,0.033,0.185,0.417,93.4
694346,Trey Gibson,BAL,CU,97,0.136,84.1,2428.0,0.381,0.241,25.0,7.0,3.0,0.333,0.81,0.51,0.527,0.16,0.243,0.556,93.9
702056,Trey Yesavage,TOR,FF,849,0.464,94.3,2255.0,0.463,0.269,196.0,33.0,6.0,0.199,0.373,0.31,0.313,0.184,0.171,0.398,90.5
702056,Trey Yesavage,TOR,FS,523,0.286,83.1,1411.0,0.457,0.327,112.0,13.0,2.0,0.133,0.224,0.214,0.251,0.312,0.392,0.197,81.2
702056,Trey Yesavage,TOR,SL,456,0.249,87.8,2258.0,0.511,0.346,85.0,16.0,3.0,0.219,0.438,0.332,0.259,0.271,0.376,0.365,85.6
663941,Tristan Beck,SF,FF,388,0.354,94.7,2116.0,0.433,0.203,27.0,6.0,2.0,0.273,0.727,0.463,0.475,0.111,0.096,0.579,92.1
663941,Tristan Beck,SF,ST,339,0.309,83.1,2784.0,0.558,0.38,30.0,6.0,0.0,0.207,0.207,0.203,0.192,0.1,0.214,0.192,85.1
663941,Tristan Beck,SF,SL,214,0.195,89.6,2467.0,0.486,0.245,11.0,3.0,0.0,0.3,0.3,0.29,0.209,0.091,0.217,0.3,83.9
663941,Tristan Beck,SF,CU,153,0.14,80.7,2367.0,0.503,0.246,,,,,,,,,,,
687859,Troy Johnston,COL,CH,20,0.571,75.4,1678.0,0.55,0.462,,,,,,,,,,,
687859,Troy Johnston,COL,SL,15,0.429,71.3,1561.0,0.533,0.417,,,,,,,,,,,
675512,Troy Melton,DET,FF,861,0.354,96.6,2259.0,0.484,0.227,150.0,32.0,7.0,0.235,0.434,0.323,0.346,0.14,0.158,0.4,89.2
675512,Troy Melton,DET,SL,457,0.188,86.5,2426.0,0.519,0.36,89.0,18.0,5.0,0.222,0.481,0.33,0.283,0.337,0.316,0.385,87.9
675512,Troy Melton,DET,FC,452,0.186,91.9,2336.0,0.531,0.314,111.0,18.0,1.0,0.184,0.296,0.271,0.292,0.135,0.174,0.325,88.7
675512,Troy Melton,DET,SI,231,0.095,95.7,2131.0,0.472,0.339,39.0,8.0,0.0,0.242,0.273,0.347,0.331,0.103,0.198,0.448,88.4
675512,Troy Melton,DET,CU,175,0.072,79.3,2465.0,0.446,0.333,34.0,6.0,0.0,0.214,0.286,0.303,0.275,0.353,0.323,0.444,83.1
675512,Troy Melton,DET,FS,151,0.062,88.6,1287.0,0.457,0.274,26.0,5.0,0.0,0.192,0.269,0.2,0.256,0.231,0.239,0.35,87.3
675512,Troy Melton,DET,CH,102,0.042,89.7,1316.0,0.451,0.303,21.0,5.0,0.0,0.238,0.333,0.248,0.179,0.286,0.304,0.4,90.5
621389,Ty Blach,CHC,SI,19,0.633,91.1,,0.368,0.2,,,,,,,,,,,
680744,Ty Madden,DET,FF,235,0.326,93.4,2303.0,0.553,0.288,69.0,14.0,3.0,0.237,0.39,0.345,0.295,0.188,0.162,0.435,90.1
680744,Ty Madden,DET,SL,156,0.217,83.8,2633.0,0.481,0.384,40.0,8.0,0.0,0.205,0.333,0.241,0.229,0.375,0.293,0.25,86.4
680744,Ty Madden,DET,FC,144,0.2,87.5,2549.0,0.479,0.373,38.0,4.0,1.0,0.114,0.2,0.179,0.23,0.263,0.348,0.16,81.3
680744,Ty Madden,DET,FS,101,0.14,85.4,1462.0,0.436,0.239,22.0,4.0,0.0,0.19,0.286,0.238,0.289,0.136,0.182,0.235,84.6
680744,Ty Madden,DET,SI,77,0.107,92.3,2255.0,0.455,0.237,12.0,3.0,1.0,0.273,0.636,0.479,0.404,0.167,0.2,0.333,90.7
641302,Tyler Alexander,TEX,FF,622,0.226,91.2,2235.0,0.498,0.27,52.0,8.0,1.0,0.167,0.229,0.213,0.216,0.404,0.25,0.333,88.8
641302,Tyler Alexander,TEX,ST,562,0.204,80.3,2498.0,0.475,0.271,49.0,13.0,1.0,0.265,0.388,0.301,0.243,0.102,0.243,0.233,85.3
641302,Tyler Alexander,TEX,CH,522,0.19,84.1,1499.0,0.502,0.389,87.0,19.0,1.0,0.232,0.317,0.297,0.273,0.218,0.255,0.46,89.1
641302,Tyler Alexander,TEX,FC,515,0.187,87.6,2354.0,0.406,0.184,37.0,7.0,0.0,0.233,0.367,0.317,0.304,0.135,0.186,0.222,81.9
641302,Tyler Alexander,TEX,SI,505,0.184,90.9,2101.0,0.475,0.276,73.0,21.0,0.0,0.35,0.4,0.397,0.319,0.11,0.053,0.278,83.1
682997,Tyler Callihan,PIT,SL,18,0.34,69.8,1624.0,0.278,0.077,,,,,,,,,,,
699823,Tyler Davis,CWS,FF,292,0.61,96.3,2408.0,0.534,0.366,82.0,11.0,2.0,0.164,0.284,0.27,0.305,0.244,0.212,0.438,90.2
699823,Tyler Davis,CWS,SL,148,0.309,87.5,2558.0,0.507,0.333,33.0,6.0,0.0,0.188,0.188,0.239,0.244,0.091,0.2,0.379,88.7
699823,Tyler Davis,CWS,FS,30,0.063,86.1,1233.0,0.367,0.261,,,,,,,,,,,
621053,Tyler Ferguson,CHC,FF,515,0.399,94.9,2313.0,0.559,0.309,35.0,8.0,4.0,0.258,0.71,0.431,0.391,0.286,0.225,0.667,92.9
621053,Tyler Ferguson,CHC,ST,374,0.29,83.7,2560.0,0.42,0.308,15.0,3.0,2.0,0.214,0.643,0.373,0.257,0.533,0.423,0.333,92.0
621053,Tyler Ferguson,CHC,SI,175,0.136,94.4,2165.0,0.446,0.385,11.0,2.0,0.0,0.222,0.222,0.291,0.274,0.182,0.125,0.0,85.5
621053,Tyler Ferguson,CHC,FC,137,0.106,89.3,2425.0,0.387,0.102,,,,,,,,,,,
621053,Tyler Ferguson,CHC,CH,58,0.045,86.4,1590.0,0.345,0.196,,,,,,,,,,,
621053,Tyler Ferguson,CHC,SL,24,0.019,83.3,2651.0,0.292,0.316,,,,,,,,,,,
656457,Tyler Gilbert,CWS,SI,316,0.32,89.8,2134.0,0.465,0.282,18.0,8.0,1.0,0.5,0.875,0.597,0.49,0.056,0.034,0.667,96.6
656457,Tyler Gilbert,CWS,ST,303,0.307,80.8,2467.0,0.426,0.241,,,,,,,,,,,
656457,Tyler Gilbert,CWS,FC,171,0.173,87.7,2305.0,0.556,0.247,,,,,,,,,,,
656457,Tyler Gilbert,CWS,FF,114,0.115,90.6,2247.0,0.465,0.328,,,,,,,,,,,
656457,Tyler Gilbert,CWS,FS,69,0.07,83.0,1405.0,0.377,0.163,,,,,,,,,,,
607192,Tyler Glasnow,LAD,FF,912,0.358,95.6,2532.0,0.453,0.215,88.0,20.0,4.0,0.25,0.475,0.326,0.34,0.205,0.152,0.469,92.0
607192,Tyler Glasnow,LAD,SL,518,0.203,89.5,2657.0,0.456,0.312,39.0,7.0,0.0,0.184,0.211,0.188,0.233,0.308,0.396,0.269,88.6
607192,Tyler Glasnow,LAD,SI,510,0.2,95.9,2501.0,0.353,0.128,54.0,6.0,1.0,0.14,0.233,0.282,0.325,0.167,0.198,0.314,89.6
607192,Tyler Glasnow,LAD,CU,379,0.149,82.2,2828.0,0.398,0.29,18.0,0.0,0.0,0.0,0.0,0.0,0.01,0.889,0.571,0.0,78.5
607192,Tyler Glasnow,LAD,KC,219,0.086,80.6,2819.0,0.406,0.338,64.0,9.0,2.0,0.158,0.316,0.243,0.207,0.5,0.506,0.462,88.0
663947,Tyler Holton,DET,FC,708,0.309,88.2,2372.0,0.514,0.289,100.0,24.0,3.0,0.261,0.391,0.319,0.314,0.13,0.185,0.457,88.5
663947,Tyler Holton,DET,SI,483,0.211,91.2,2120.0,0.451,0.212,68.0,20.0,1.0,0.333,0.433,0.379,0.345,0.103,0.096,0.415,88.4
663947,Tyler Holton,DET,ST,390,0.17,80.7,2765.0,0.418,0.331,44.0,7.0,1.0,0.163,0.279,0.2,0.209,0.409,0.423,0.2,81.9
663947,Tyler Holton,DET,CH,355,0.155,84.0,1556.0,0.504,0.359,47.0,11.0,2.0,0.234,0.426,0.299,0.195,0.213,0.295,0.289,82.8
663947,Tyler Holton,DET,FF,274,0.119,91.7,2218.0,0.438,0.219,33.0,7.0,0.0,0.269,0.308,0.35,0.373,0.182,0.121,0.3,89.0
663947,Tyler Holton,DET,CU,78,0.034,79.8,2797.0,0.333,0.222,,,,,,,,,,,
641755,Tyler Kinley,DET,SL,1389,0.643,87.3,2553.0,0.51,0.323,159.0,26.0,8.0,0.19,0.394,0.301,0.272,0.214,0.279,0.245,82.5
641755,Tyler Kinley,DET,FF,418,0.194,94.9,2382.0,0.361,0.161,20.0,5.0,1.0,0.294,0.471,0.405,0.46,0.1,0.128,0.533,94.4
641755,Tyler Kinley,DET,CU,299,0.138,83.4,2736.0,0.448,0.338,44.0,7.0,1.0,0.167,0.286,0.216,0.252,0.273,0.246,0.267,85.2
641816,Tyler Mahle,ATL,FF,1796,0.486,92.5,2314.0,0.414,0.24,229.0,43.0,11.0,0.213,0.416,0.31,0.295,0.279,0.205,0.397,90.7
641816,Tyler Mahle,ATL,FS,1062,0.287,85.5,1665.0,0.598,0.421,226.0,50.0,4.0,0.235,0.333,0.276,0.292,0.226,0.253,0.337,87.0
641816,Tyler Mahle,ATL,FC,522,0.141,87.0,2439.0,0.448,0.21,90.0,24.0,2.0,0.3,0.425,0.348,0.314,0.122,0.143,0.417,89.9
641816,Tyler Mahle,ATL,SL,295,0.08,84.3,2465.0,0.42,0.189,44.0,14.0,1.0,0.35,0.525,0.427,0.386,0.136,0.226,0.343,89.9
641816,Tyler Mahle,ATL,SI,17,0.005,91.9,2294.0,0.412,0.25,,,,,,,,,,,
663969,Tyler Phillips,MIA,SI,856,0.278,95.5,2054.0,0.452,0.236,155.0,38.0,8.0,0.288,0.5,0.399,0.387,0.045,0.045,0.435,90.0
663969,Tyler Phillips,MIA,ST,720,0.234,84.2,2481.0,0.414,0.347,110.0,23.0,2.0,0.223,0.369,0.29,0.28,0.273,0.304,0.384,87.7
663969,Tyler Phillips,MIA,FS,611,0.199,87.0,1231.0,0.534,0.403,117.0,14.0,2.0,0.13,0.213,0.206,0.267,0.274,0.336,0.4,86.9
663969,Tyler Phillips,MIA,CU,598,0.194,83.7,2560.0,0.482,0.398,92.0,18.0,0.0,0.228,0.266,0.294,0.339,0.272,0.401,0.604,92.1
663969,Tyler Phillips,MIA,FF,259,0.084,95.6,2210.0,0.448,0.15,42.0,15.0,4.0,0.405,0.757,0.518,0.374,0.119,0.118,0.235,86.4
663969,Tyler Phillips,MIA,SL,29,0.009,87.1,2287.0,0.31,0.133,,,,,,,,,,,
643511,Tyler Rogers,TOR,SI,1494,0.746,83.4,1977.0,0.539,0.274,217.0,49.0,2.0,0.245,0.305,0.29,0.287,0.111,0.101,0.292,84.5
643511,Tyler Rogers,TOR,SL,489,0.244,73.8,2433.0,0.468,0.307,66.0,11.0,0.0,0.177,0.21,0.23,0.197,0.227,0.224,0.17,81.2
701719,Tyler Samaniego,BOS,SI,128,0.406,93.0,2206.0,0.406,0.2,37.0,9.0,0.0,0.321,0.321,0.389,0.319,0.135,0.135,0.385,86.8
701719,Tyler Samaniego,BOS,FF,84,0.267,93.6,2160.0,0.488,0.333,29.0,7.0,0.0,0.28,0.36,0.338,0.334,0.207,0.22,0.421,83.9
701719,Tyler Samaniego,BOS,ST,59,0.187,82.2,2392.0,0.407,0.231,16.0,3.0,0.0,0.188,0.188,0.169,0.27,0.312,0.25,0.364,87.9
701719,Tyler Samaniego,BOS,FC,24,0.076,88.4,2315.0,0.5,0.364,,,,,,,,,,,
701719,Tyler Samaniego,BOS,CH,19,0.06,85.4,1738.0,0.316,0.167,,,,,,,,,,,
805326,Tyler Schweitzer,CWS,FF,217,0.383,94.0,2400.0,0.548,0.23,53.0,13.0,1.0,0.265,0.408,0.321,0.399,0.075,0.16,0.511,94.2
805326,Tyler Schweitzer,CWS,SL,212,0.375,88.2,2405.0,0.542,0.345,62.0,15.0,2.0,0.268,0.482,0.352,0.385,0.145,0.235,0.458,87.9
805326,Tyler Schweitzer,CWS,CH,58,0.102,88.7,2247.0,0.569,0.389,17.0,6.0,0.0,0.375,0.375,0.359,0.239,0.059,0.121,0.333,83.5
805326,Tyler Schweitzer,CWS,ST,42,0.074,82.4,2662.0,0.357,0.143,13.0,2.0,0.0,0.154,0.231,0.179,0.291,0.231,0.067,0.5,94.7
805326,Tyler Schweitzer,CWS,SI,19,0.034,92.5,2440.0,0.421,0.125,,,,,,,,,,,
805326,Tyler Schweitzer,CWS,CU,18,0.032,81.9,2645.0,0.333,0.2,,,,,,,,,,,
669330,Tyler Wells,TB,FF,425,0.301,93.2,2408.0,0.515,0.325,72.0,16.0,2.0,0.267,0.517,0.37,0.331,0.125,0.229,0.426,88.2
669330,Tyler Wells,TB,FC,369,0.261,90.4,2451.0,0.55,0.338,83.0,13.0,2.0,0.167,0.256,0.204,0.188,0.398,0.308,0.25,86.4
669330,Tyler Wells,TB,CH,317,0.224,86.9,2183.0,0.612,0.442,74.0,11.0,2.0,0.164,0.284,0.239,0.254,0.216,0.31,0.18,83.1
669330,Tyler Wells,TB,SL,222,0.157,86.8,2453.0,0.509,0.339,41.0,6.0,2.0,0.15,0.3,0.202,0.326,0.293,0.309,0.536,90.7
669330,Tyler Wells,TB,CU,77,0.054,78.3,2589.0,0.234,0.14,,,,,,,,,,,
676604,Tyler Zuber,MIA,FF,342,0.363,95.3,2372.0,0.462,0.25,67.0,13.0,1.0,0.22,0.322,0.304,0.29,0.284,0.204,0.5,92.3
676604,Tyler Zuber,MIA,ST,263,0.279,83.4,2741.0,0.498,0.377,41.0,10.0,5.0,0.256,0.667,0.413,0.272,0.268,0.22,0.393,91.5
676604,Tyler Zuber,MIA,SL,161,0.171,88.7,2655.0,0.503,0.31,30.0,16.0,3.0,0.552,0.931,0.637,0.456,0.2,0.25,0.478,89.4
676604,Tyler Zuber,MIA,SI,112,0.119,94.5,2179.0,0.366,0.222,24.0,4.0,0.0,0.19,0.19,0.246,0.23,0.125,0.029,0.421,83.1
676604,Tyler Zuber,MIA,CU,39,0.041,83.3,2978.0,0.462,0.296,13.0,3.0,1.0,0.25,0.667,0.346,0.225,0.231,0.278,0.3,91.9
676604,Tyler Zuber,MIA,CH,17,0.018,88.0,1214.0,0.471,0.4,,,,,,,,,,,
594027,Tyron Guerrero,BOS,SI,523,0.855,100.2,2219.0,0.568,0.341,133.0,29.0,1.0,0.234,0.282,0.258,0.25,0.248,0.212,0.347,84.7
594027,Tyron Guerrero,BOS,SL,57,0.093,91.5,2117.0,0.544,0.323,19.0,3.0,0.0,0.167,0.222,0.245,0.186,0.316,0.29,0.167,81.7
678368,Valente Bellozo,COL,FC,503,0.335,84.7,2507.0,0.493,0.197,12.0,4.0,2.0,0.4,1.0,0.6,0.574,0.167,0.25,0.5,96.1
678368,Valente Bellozo,COL,FF,416,0.277,90.8,2140.0,0.51,0.267,10.0,2.0,1.0,0.222,0.556,0.36,0.573,0.1,0.158,0.875,99.6
678368,Valente Bellozo,COL,ST,241,0.161,78.7,2716.0,0.573,0.326,,,,,,,,,,,
678368,Valente Bellozo,COL,CH,222,0.148,81.4,2000.0,0.455,0.285,,,,,,,,,,,
678368,Valente Bellozo,COL,CU,67,0.045,76.4,2795.0,0.328,0.209,,,,,,,,,,,
678368,Valente Bellozo,COL,FS,24,0.016,80.4,1458.0,0.25,0.105,,,,,,,,,,,
678368,Valente Bellozo,COL,SI,19,0.013,88.3,2019.0,0.368,0.231,,,,,,,,,,,
682989,Victor Mederos,ATL,FC,334,0.386,91.3,2515.0,0.47,0.324,66.0,12.0,1.0,0.211,0.386,0.327,0.312,0.227,0.297,0.381,87.8
682989,Victor Mederos,ATL,SI,226,0.261,95.2,2401.0,0.46,0.218,20.0,5.0,0.0,0.294,0.353,0.348,0.414,0.05,0.094,0.562,90.7
682989,Victor Mederos,ATL,FF,131,0.151,97.3,2429.0,0.473,0.296,36.0,5.0,0.0,0.167,0.167,0.214,0.221,0.194,0.21,0.32,84.8
682989,Victor Mederos,ATL,ST,85,0.098,82.3,2496.0,0.459,0.292,,,,,,,,,,,
682989,Victor Mederos,ATL,FS,58,0.067,91.9,1522.0,0.448,0.286,10.0,2.0,0.0,0.2,0.2,0.18,0.24,0.6,0.333,0.5,90.8
682989,Victor Mederos,ATL,CH,27,0.031,90.3,1680.0,0.444,0.3,,,,,,,,,,,
680767,Victor Vodnik,MIA,FF,964,0.501,98.6,2291.0,0.465,0.188,123.0,36.0,0.0,0.346,0.433,0.404,0.363,0.106,0.139,0.467,90.7
680767,Victor Vodnik,MIA,SL,394,0.205,88.5,2335.0,0.416,0.275,53.0,7.0,0.0,0.163,0.233,0.261,0.26,0.17,0.314,0.316,87.5
680767,Victor Vodnik,MIA,CH,387,0.201,92.1,1890.0,0.473,0.312,45.0,7.0,2.0,0.179,0.333,0.293,0.284,0.222,0.243,0.345,90.5
680767,Victor Vodnik,MIA,FC,64,0.033,92.3,2303.0,0.391,0.152,10.0,3.0,1.0,0.3,0.9,0.485,0.356,0.1,0.167,0.444,94.3
680767,Victor Vodnik,MIA,SI,38,0.02,98.8,2196.0,0.474,0.381,,,,,,,,,,,
592826,Vince Velasquez,CHC,FF,21,0.488,92.2,2427.0,0.429,0.182,,,,,,,,,,,
700712,Walbert Ureña,LAA,CH,850,0.341,91.0,1764.0,0.508,0.396,232.0,35.0,2.0,0.17,0.233,0.244,0.221,0.306,0.354,0.265,83.4
700712,Walbert Ureña,LAA,SI,823,0.331,98.1,2182.0,0.463,0.287,213.0,50.0,6.0,0.267,0.406,0.348,0.345,0.113,0.165,0.396,88.3
700712,Walbert Ureña,LAA,FF,459,0.184,97.9,2259.0,0.451,0.242,114.0,19.0,2.0,0.211,0.333,0.348,0.316,0.237,0.188,0.444,88.7
700712,Walbert Ureña,LAA,ST,348,0.14,87.2,2465.0,0.385,0.263,64.0,10.0,0.0,0.164,0.213,0.182,0.229,0.312,0.351,0.326,88.8
621111,Walker Buehler,SD,FF,1058,0.224,94.0,2214.0,0.359,0.173,107.0,29.0,3.0,0.312,0.462,0.383,0.372,0.131,0.13,0.481,92.9
621111,Walker Buehler,SD,FC,986,0.208,90.5,2386.0,0.502,0.302,144.0,33.0,5.0,0.262,0.444,0.353,0.315,0.139,0.156,0.321,87.3
621111,Walker Buehler,SD,SI,858,0.181,94.0,2106.0,0.395,0.175,128.0,24.0,0.0,0.216,0.27,0.275,0.287,0.188,0.093,0.368,88.7
621111,Walker Buehler,SD,SL,597,0.126,87.3,2493.0,0.529,0.313,70.0,9.0,2.0,0.134,0.224,0.177,0.234,0.286,0.219,0.404,88.7
621111,Walker Buehler,SD,KC,497,0.105,77.8,2450.0,0.469,0.33,65.0,16.0,2.0,0.271,0.458,0.347,0.346,0.292,0.287,0.375,89.5
621111,Walker Buehler,SD,CH,392,0.083,89.4,1357.0,0.426,0.239,59.0,21.0,5.0,0.362,0.672,0.458,0.393,0.254,0.271,0.558,91.4
621111,Walker Buehler,SD,ST,334,0.071,81.7,2683.0,0.554,0.395,58.0,12.0,4.0,0.218,0.473,0.31,0.262,0.241,0.263,0.225,85.5
593974,Wandy Peralta,SD,SI,1020,0.433,95.7,2087.0,0.476,0.267,139.0,37.0,4.0,0.296,0.488,0.374,0.314,0.101,0.121,0.387,86.9
593974,Wandy Peralta,SD,CH,799,0.339,89.2,2172.0,0.562,0.413,119.0,29.0,2.0,0.252,0.365,0.278,0.318,0.21,0.294,0.356,87.3
593974,Wandy Peralta,SD,SL,367,0.156,88.6,2205.0,0.431,0.252,34.0,7.0,1.0,0.25,0.464,0.368,0.301,0.206,0.28,0.182,82.6
593974,Wandy Peralta,SD,FF,151,0.064,96.1,2123.0,0.43,0.193,23.0,6.0,0.0,0.3,0.3,0.326,0.335,0.13,0.082,0.294,85.7
700327,Welinton Herrera,COL,FF,28,0.622,94.5,2228.0,0.5,0.364,,,,,,,,,,,
696062,Wilber Dotel,PIT,FF,304,0.457,98.3,2296.0,0.474,0.276,75.0,16.0,0.0,0.239,0.299,0.273,0.287,0.267,0.146,0.531,90.8
696062,Wilber Dotel,PIT,FC,158,0.238,92.5,2244.0,0.513,0.242,43.0,10.0,1.0,0.294,0.382,0.365,0.405,0.116,0.235,0.467,90.3
696062,Wilber Dotel,PIT,SL,146,0.22,88.0,2221.0,0.493,0.342,41.0,11.0,1.0,0.268,0.39,0.285,0.196,0.317,0.292,0.286,85.7
696062,Wilber Dotel,PIT,CH,46,0.069,88.6,1380.0,0.435,0.267,,,,,,,,,,,
678576,Wilkin Ramos,SF,SI,37,0.607,94.5,2129.0,0.243,0.059,,,,,,,,,,,
702021,Will Dion,WSH,FF,321,0.425,91.1,2337.0,0.601,0.424,90.0,17.0,4.0,0.207,0.415,0.303,0.247,0.322,0.233,0.444,89.1
702021,Will Dion,WSH,CH,197,0.261,78.0,1532.0,0.503,0.344,53.0,6.0,1.0,0.125,0.208,0.199,0.264,0.321,0.364,0.167,77.6
702021,Will Dion,WSH,CU,147,0.195,80.9,2461.0,0.327,0.197,25.0,8.0,2.0,0.364,0.636,0.46,0.384,0.16,0.146,0.389,90.0
702021,Will Dion,WSH,FC,62,0.082,86.9,2402.0,0.516,0.436,18.0,7.0,1.0,0.438,0.812,0.547,0.418,0.111,0.25,0.286,84.4
702021,Will Dion,WSH,SI,28,0.037,89.8,2361.0,0.429,0.0,,,,,,,,,,,
694361,Will Klein,LAD,FF,563,0.525,97.6,2213.0,0.426,0.288,97.0,22.0,3.0,0.256,0.36,0.336,0.292,0.247,0.175,0.444,90.8
694361,Will Klein,LAD,ST,230,0.215,88.7,2511.0,0.535,0.36,62.0,13.0,0.0,0.236,0.273,0.279,0.265,0.323,0.265,0.257,84.4
694361,Will Klein,LAD,CU,190,0.177,85.3,2424.0,0.311,0.176,19.0,5.0,0.0,0.294,0.353,0.329,0.278,0.263,0.242,0.308,87.6
694361,Will Klein,LAD,FC,49,0.046,92.6,2306.0,0.51,0.32,,,,,,,,,,,
694361,Will Klein,LAD,SL,35,0.033,91.3,2384.0,0.4,0.211,,,,,,,,,,,
676684,Will Vest,DET,FF,810,0.498,96.5,2254.0,0.469,0.2,56.0,17.0,2.0,0.362,0.532,0.436,0.343,0.232,0.154,0.457,91.0
676684,Will Vest,DET,SL,411,0.253,88.4,2719.0,0.472,0.333,32.0,8.0,0.0,0.258,0.323,0.247,0.258,0.312,0.343,0.304,88.3
676684,Will Vest,DET,SI,265,0.163,95.9,2144.0,0.517,0.423,20.0,3.0,0.0,0.176,0.235,0.348,0.324,0.05,0.057,0.25,83.0
676684,Will Vest,DET,CH,135,0.083,90.0,1643.0,0.452,0.414,,,,,,,,,,,
701542,Will Warren,NYY,FF,2078,0.385,93.5,2560.0,0.466,0.228,225.0,45.0,11.0,0.227,0.46,0.333,0.321,0.253,0.197,0.469,92.6
701542,Will Warren,NYY,SI,1238,0.229,93.2,2416.0,0.414,0.211,199.0,55.0,4.0,0.312,0.443,0.392,0.352,0.176,0.159,0.482,91.8
701542,Will Warren,NYY,ST,1091,0.202,83.3,3012.0,0.387,0.285,111.0,31.0,4.0,0.307,0.545,0.381,0.35,0.18,0.207,0.417,88.9
701542,Will Warren,NYY,CH,630,0.117,87.1,1688.0,0.456,0.361,88.0,14.0,1.0,0.167,0.238,0.22,0.27,0.284,0.281,0.407,86.9
701542,Will Warren,NYY,CU,344,0.064,80.6,2839.0,0.378,0.307,34.0,10.0,1.0,0.294,0.471,0.349,0.255,0.353,0.286,0.286,85.2
687531,William Kempner,MIA,FF,96,0.482,95.5,2395.0,0.427,0.283,24.0,6.0,1.0,0.316,0.579,0.446,0.411,0.333,0.366,0.364,91.9
687531,William Kempner,MIA,ST,44,0.221,81.6,2906.0,0.636,0.435,14.0,2.0,0.0,0.154,0.154,0.179,0.242,0.143,0.286,0.091,84.5
687531,William Kempner,MIA,SI,29,0.146,94.0,2252.0,0.379,0.3,,,,,,,,,,,
687531,William Kempner,MIA,FC,25,0.126,87.3,2623.0,0.36,0.182,,,,,,,,,,,
692437,Winston Santos,TEX,FF,18,0.545,97.7,2263.0,0.333,0.111,,,,,,,,,,,
808970,Woo Suk Go,MIN,FF,34,0.395,94.5,2233.0,0.412,0.118,,,,,,,,,,,
808970,Woo Suk Go,MIN,SL,29,0.337,90.5,2345.0,0.552,0.308,,,,,,,,,,,
670090,Wyatt Mills,LAD,SL,44,0.291,83.0,2350.0,0.432,0.143,,,,,,,,,,,
670090,Wyatt Mills,LAD,FF,42,0.278,90.5,1994.0,0.405,0.125,13.0,2.0,0.0,0.25,0.25,0.475,0.392,0.231,0.0,0.333,81.3
670090,Wyatt Mills,LAD,SI,40,0.265,90.1,1910.0,0.425,0.143,,,,,,,,,,,
670090,Wyatt Mills,LAD,ST,23,0.152,81.0,2495.0,0.348,0.333,,,,,,,,,,,
681544,Wyatt Olds,BOS,FF,140,0.526,96.6,2365.0,0.529,0.25,29.0,5.0,1.0,0.217,0.391,0.35,0.384,0.241,0.203,0.312,90.5
681544,Wyatt Olds,BOS,SL,85,0.32,87.1,2468.0,0.529,0.438,28.0,5.0,1.0,0.185,0.333,0.295,0.184,0.464,0.444,0.357,90.6
681544,Wyatt Olds,BOS,FC,36,0.135,90.1,2377.0,0.389,0.111,,,,,,,,,,,
675540,Xzavion Curry,NYM,FF,152,0.374,90.7,2114.0,0.441,0.176,38.0,8.0,2.0,0.242,0.455,0.349,0.347,0.211,0.103,0.6,95.7
675540,Xzavion Curry,NYM,SL,121,0.298,83.1,2369.0,0.397,0.246,22.0,5.0,1.0,0.263,0.474,0.383,0.307,0.045,0.154,0.235,85.4
675540,Xzavion Curry,NYM,FS,56,0.138,84.1,1699.0,0.482,0.306,16.0,3.0,1.0,0.2,0.4,0.281,0.247,0.312,0.333,0.3,87.5
675540,Xzavion Curry,NYM,CU,47,0.116,73.0,2511.0,0.553,0.273,12.0,4.0,3.0,0.333,1.167,0.604,0.476,0.0,0.048,0.417,91.8
675540,Xzavion Curry,NYM,SI,27,0.067,89.3,2172.0,0.519,0.2,,,,,,,,,,,
682274,Yaramil Hiraldo,BAL,FF,205,0.404,95.3,2335.0,0.488,0.255,20.0,1.0,1.0,0.1,0.4,0.45,0.436,0.2,0.256,0.333,90.0
682274,Yaramil Hiraldo,BAL,FS,170,0.335,86.7,1455.0,0.629,0.477,17.0,6.0,0.0,0.375,0.5,0.359,0.24,0.353,0.471,0.455,91.0
682274,Yaramil Hiraldo,BAL,SL,130,0.256,86.6,2307.0,0.469,0.303,11.0,2.0,1.0,0.2,0.5,0.327,0.22,0.273,0.381,0.143,84.6
684320,Yariel Rodríguez,TOR,SL,546,0.406,85.6,2754.0,0.496,0.351,18.0,4.0,1.0,0.25,0.438,0.339,0.382,0.111,0.1,0.357,92.6
684320,Yariel Rodríguez,TOR,FF,509,0.379,95.7,2443.0,0.411,0.146,,,,,,,,,,,
684320,Yariel Rodríguez,TOR,FS,180,0.134,89.1,1577.0,0.394,0.246,12.0,5.0,1.0,0.417,0.75,0.496,0.404,0.333,0.235,0.5,89.4
684320,Yariel Rodríguez,TOR,SI,95,0.071,95.6,2384.0,0.453,0.298,10.0,1.0,0.0,0.167,0.167,0.46,0.406,0.0,0.111,0.167,79.4
666974,Yennier Cano,BAL,SI,888,0.497,95.0,2075.0,0.447,0.256,112.0,18.0,1.0,0.18,0.24,0.265,0.275,0.152,0.187,0.368,87.7
666974,Yennier Cano,BAL,FS,291,0.163,90.8,1513.0,0.536,0.448,58.0,16.0,0.0,0.286,0.321,0.289,0.314,0.328,0.308,0.432,91.2
666974,Yennier Cano,BAL,ST,278,0.156,85.9,2481.0,0.356,0.179,19.0,2.0,0.0,0.105,0.105,0.095,0.1,0.316,0.25,0.231,88.6
666974,Yennier Cano,BAL,FF,150,0.084,94.8,2199.0,0.38,0.165,11.0,2.0,1.0,0.222,0.667,0.465,0.564,0.273,0.333,1.0,101.9
666974,Yennier Cano,BAL,CH,123,0.069,91.8,1850.0,0.528,0.427,,,,,,,,,,,
666974,Yennier Cano,BAL,FC,28,0.016,92.0,2146.0,0.393,0.333,,,,,,,,,,,
666974,Yennier Cano,BAL,SL,22,0.012,87.2,2386.0,0.364,0.25,,,,,,,,,,,
660787,Yerry De Los Santos,NYY,SI,499,0.548,95.5,2147.0,0.467,0.223,53.0,10.0,2.0,0.222,0.378,0.351,0.361,0.094,0.105,0.463,90.2
660787,Yerry De Los Santos,NYY,CH,230,0.252,88.1,1537.0,0.509,0.329,18.0,3.0,0.0,0.167,0.167,0.15,0.235,0.389,0.294,0.273,86.8
660787,Yerry De Los Santos,NYY,FF,100,0.11,95.1,2127.0,0.43,0.105,,,,,,,,,,,
660787,Yerry De Los Santos,NYY,SL,76,0.083,85.4,2062.0,0.421,0.245,,,,,,,,,,,
700270,Yilber Díaz,DET,FF,102,0.495,96.2,2247.0,0.49,0.196,17.0,6.0,1.0,0.429,0.786,0.547,0.568,0.118,0.182,0.417,90.6
700270,Yilber Díaz,DET,SL,95,0.461,86.0,2605.0,0.358,0.254,17.0,6.0,1.0,0.4,0.8,0.526,0.381,0.235,0.207,0.455,93.0
672782,Yoendrys Gómez,MIN,FF,881,0.389,95.0,2476.0,0.487,0.257,127.0,23.0,4.0,0.23,0.45,0.381,0.4,0.236,0.225,0.486,90.2
672782,Yoendrys Gómez,MIN,ST,456,0.202,83.7,2724.0,0.447,0.28,68.0,12.0,1.0,0.185,0.262,0.206,0.216,0.368,0.374,0.39,87.2
672782,Yoendrys Gómez,MIN,SI,313,0.138,93.6,2329.0,0.479,0.284,28.0,7.0,0.0,0.304,0.348,0.357,0.461,0.036,0.163,0.261,83.3
672782,Yoendrys Gómez,MIN,FC,243,0.107,91.3,2531.0,0.457,0.268,48.0,11.0,2.0,0.256,0.419,0.332,0.408,0.104,0.189,0.447,87.8
672782,Yoendrys Gómez,MIN,CU,158,0.07,80.8,2562.0,0.373,0.229,,,,,,,,,,,
672782,Yoendrys Gómez,MIN,CH,147,0.065,90.4,1867.0,0.469,0.267,12.0,3.0,0.0,0.273,0.364,0.312,0.283,0.167,0.222,0.444,81.5
672782,Yoendrys Gómez,MIN,SL,15,0.007,86.8,2517.0,0.533,0.333,,,,,,,,,,,
670990,Yohan Ramírez,PIT,ST,733,0.365,84.1,2654.0,0.439,0.342,130.0,14.0,1.0,0.123,0.167,0.218,0.212,0.415,0.358,0.186,79.1
670990,Yohan Ramírez,PIT,FF,560,0.279,96.5,2348.0,0.502,0.247,87.0,16.0,2.0,0.229,0.4,0.366,0.348,0.241,0.234,0.375,87.3
670990,Yohan Ramírez,PIT,SI,376,0.187,96.4,2248.0,0.465,0.226,94.0,19.0,0.0,0.218,0.276,0.27,0.297,0.138,0.135,0.365,85.4
670990,Yohan Ramírez,PIT,CU,267,0.133,84.1,2460.0,0.367,0.281,33.0,7.0,1.0,0.259,0.481,0.383,0.329,0.303,0.278,0.294,87.5
670990,Yohan Ramírez,PIT,SL,23,0.011,87.0,2568.0,0.565,0.357,,,,,,,,,,,
808967,Yoshinobu Yamamoto,LAD,FF,1670,0.306,95.7,2222.0,0.432,0.212,154.0,22.0,8.0,0.161,0.358,0.261,0.331,0.305,0.236,0.484,89.9
808967,Yoshinobu Yamamoto,LAD,FS,1409,0.258,91.2,1433.0,0.528,0.388,210.0,32.0,6.0,0.158,0.271,0.2,0.208,0.271,0.321,0.329,87.4
808967,Yoshinobu Yamamoto,LAD,CU,842,0.154,76.8,2783.0,0.418,0.284,72.0,15.0,1.0,0.221,0.324,0.286,0.289,0.222,0.241,0.245,83.8
808967,Yoshinobu Yamamoto,LAD,FC,715,0.131,91.4,2456.0,0.543,0.358,101.0,21.0,2.0,0.239,0.364,0.309,0.307,0.168,0.203,0.264,82.7
808967,Yoshinobu Yamamoto,LAD,SI,571,0.105,95.2,2284.0,0.461,0.265,110.0,18.0,3.0,0.178,0.287,0.249,0.256,0.264,0.127,0.431,89.3
808967,Yoshinobu Yamamoto,LAD,SL,243,0.045,86.7,2778.0,0.588,0.439,57.0,11.0,0.0,0.2,0.273,0.242,0.225,0.263,0.337,0.317,84.9
672442,Yovanny Cruz,WSH,SL,125,0.502,91.4,2391.0,0.504,0.355,36.0,10.0,2.0,0.303,0.515,0.379,0.324,0.278,0.317,0.478,89.0
672442,Yovanny Cruz,WSH,FF,63,0.253,99.8,2114.0,0.333,0.212,17.0,3.0,0.0,0.3,0.4,0.468,0.485,0.0,0.048,0.4,90.9
672442,Yovanny Cruz,WSH,SI,42,0.169,100.1,2116.0,0.452,0.136,,,,,,,,,,,
672442,Yovanny Cruz,WSH,FS,19,0.076,89.6,1346.0,0.526,0.4,,,,,,,,,,,
673513,Yuki Matsui,SD,FF,820,0.382,92.0,2444.0,0.484,0.245,97.0,16.0,3.0,0.213,0.373,0.341,0.341,0.165,0.168,0.41,87.9
673513,Yuki Matsui,SD,FS,622,0.29,83.7,1172.0,0.542,0.413,76.0,10.0,3.0,0.152,0.318,0.245,0.219,0.421,0.454,0.222,82.1
673513,Yuki Matsui,SD,SL,490,0.228,85.5,2700.0,0.431,0.227,67.0,8.0,0.0,0.129,0.161,0.175,0.225,0.224,0.338,0.222,84.0
673513,Yuki Matsui,SD,ST,145,0.068,81.3,2872.0,0.345,0.235,,,,,,,,,,,
673513,Yuki Matsui,SD,SI,46,0.021,91.1,2157.0,0.435,0.314,,,,,,,,,,,
805074,Yunior Marte,SF,FF,141,0.452,93.2,1847.0,0.39,0.117,41.0,9.0,1.0,0.257,0.457,0.361,0.333,0.122,0.055,0.567,92.4
805074,Yunior Marte,SF,SL,131,0.42,85.2,2272.0,0.534,0.347,34.0,8.0,2.0,0.258,0.516,0.359,0.361,0.147,0.243,0.308,84.9
805074,Yunior Marte,SF,FS,40,0.128,82.7,980.0,0.375,0.25,,,,,,,,,,,
814305,Yunior Tur,ATH,FC,92,0.371,90.7,2259.0,0.413,0.208,23.0,6.0,1.0,0.316,0.474,0.404,0.372,0.087,0.289,0.412,87.9
814305,Yunior Tur,ATH,FS,83,0.335,86.8,638.0,0.494,0.396,24.0,7.0,0.0,0.333,0.524,0.446,0.271,0.333,0.39,0.214,84.3
814305,Yunior Tur,ATH,FF,71,0.286,95.1,2104.0,0.423,0.243,17.0,7.0,2.0,0.538,1.077,0.738,0.676,0.118,0.167,0.455,91.1
579328,Yusei Kikuchi,LAA,FF,1541,0.365,95.0,2204.0,0.487,0.21,110.0,28.0,0.0,0.28,0.38,0.314,0.304,0.191,0.135,0.524,92.9
579328,Yusei Kikuchi,LAA,SL,1401,0.332,87.1,2314.0,0.487,0.29,83.0,20.0,3.0,0.294,0.5,0.417,0.356,0.205,0.229,0.423,88.3
579328,Yusei Kikuchi,LAA,CU,590,0.14,79.8,2538.0,0.483,0.322,27.0,6.0,0.0,0.25,0.417,0.311,0.301,0.185,0.241,0.333,86.7
579328,Yusei Kikuchi,LAA,CH,376,0.089,85.6,1542.0,0.487,0.308,,,,,,,,,,,
579328,Yusei Kikuchi,LAA,FS,192,0.045,86.6,1611.0,0.427,0.27,43.0,9.0,4.0,0.209,0.535,0.307,0.344,0.349,0.28,0.393,92.2
579328,Yusei Kikuchi,LAA,FC,66,0.016,90.2,2307.0,0.455,0.185,18.0,5.0,0.0,0.5,0.7,0.6,0.581,0.111,0.267,0.625,98.5
579328,Yusei Kikuchi,LAA,SI,34,0.008,92.9,2179.0,0.412,0.15,,,,,,,,,,,
668678,Zac Gallen,AZ,FF,2034,0.413,93.5,2318.0,0.394,0.156,165.0,49.0,8.0,0.325,0.53,0.403,0.439,0.109,0.06,0.489,92.5
668678,Zac Gallen,AZ,KC,1075,0.219,81.2,2438.0,0.5,0.425,81.0,27.0,1.0,0.36,0.587,0.426,0.36,0.16,0.231,0.452,89.4
668678,Zac Gallen,AZ,SL,813,0.165,88.8,2357.0,0.492,0.299,119.0,31.0,6.0,0.292,0.509,0.38,0.375,0.151,0.269,0.427,89.7
668678,Zac Gallen,AZ,CH,804,0.163,86.4,1526.0,0.468,0.33,77.0,10.0,1.0,0.143,0.186,0.209,0.279,0.182,0.243,0.333,87.7
668678,Zac Gallen,AZ,SI,178,0.036,92.9,2160.0,0.539,0.435,23.0,10.0,2.0,0.476,0.905,0.593,0.491,0.0,0.078,0.429,90.7
804267,Zac Thornton,NYM,FC,365,0.31,88.5,2411.0,0.575,0.377,97.0,23.0,4.0,0.267,0.43,0.355,0.355,0.082,0.148,0.375,85.7
804267,Zac Thornton,NYM,FF,302,0.257,92.3,2284.0,0.517,0.324,86.0,19.0,5.0,0.221,0.43,0.275,0.294,0.279,0.167,0.468,93.1
804267,Zac Thornton,NYM,ST,188,0.16,80.0,2474.0,0.457,0.294,46.0,8.0,1.0,0.19,0.333,0.264,0.281,0.196,0.256,0.364,86.4
804267,Zac Thornton,NYM,SL,99,0.084,84.7,2394.0,0.556,0.393,35.0,8.0,2.0,0.267,0.5,0.379,0.401,0.229,0.2,0.591,89.3
804267,Zac Thornton,NYM,SI,96,0.082,92.3,2302.0,0.427,0.227,22.0,5.0,0.0,0.238,0.238,0.236,0.369,0.182,0.171,0.412,88.4
804267,Zac Thornton,NYM,CU,72,0.061,82.8,2384.0,0.5,0.27,17.0,5.0,0.0,0.312,0.438,0.347,0.324,0.176,0.139,0.385,87.9
804267,Zac Thornton,NYM,CH,51,0.043,84.5,1830.0,0.471,0.25,15.0,6.0,1.0,0.4,0.6,0.433,0.302,0.2,0.125,0.25,85.9
688642,Zach Agnos,COL,FF,524,0.257,94.8,2362.0,0.469,0.214,100.0,26.0,6.0,0.31,0.655,0.454,0.424,0.09,0.14,0.487,92.8
688642,Zach Agnos,COL,FC,501,0.246,92.1,2342.0,0.517,0.25,89.0,28.0,2.0,0.354,0.494,0.408,0.386,0.079,0.149,0.452,89.6
688642,Zach Agnos,COL,ST,341,0.167,84.3,2523.0,0.408,0.3,44.0,9.0,1.0,0.22,0.439,0.289,0.288,0.295,0.33,0.414,87.5
688642,Zach Agnos,COL,FS,271,0.133,86.4,1441.0,0.531,0.385,39.0,7.0,0.0,0.2,0.286,0.26,0.276,0.282,0.419,0.2,83.9
688642,Zach Agnos,COL,SI,206,0.101,93.5,2265.0,0.519,0.333,72.0,23.0,1.0,0.371,0.5,0.385,0.359,0.028,0.028,0.438,88.7
688642,Zach Agnos,COL,SL,184,0.09,84.9,2314.0,0.598,0.453,58.0,9.0,0.0,0.164,0.236,0.226,0.246,0.276,0.255,0.3,81.9
694350,Zach Brzykcy,MIA,FF,268,0.528,94.6,2277.0,0.537,0.309,,,,,,,,,,,
694350,Zach Brzykcy,MIA,CU,118,0.232,83.1,2660.0,0.373,0.29,,,,,,,,,,,
694350,Zach Brzykcy,MIA,CH,109,0.215,88.2,2079.0,0.541,0.377,,,,,,,,,,,
621107,Zach Eflin,BAL,FC,256,0.213,88.5,2228.0,0.414,0.153,,,,,,,,,,,
621107,Zach Eflin,BAL,SI,219,0.182,91.7,2075.0,0.534,0.348,,,,,,,,,,,
621107,Zach Eflin,BAL,CH,206,0.172,86.7,1652.0,0.573,0.42,,,,,,,,,,,
621107,Zach Eflin,BAL,CU,197,0.164,78.1,2485.0,0.518,0.407,,,,,,,,,,,
621107,Zach Eflin,BAL,ST,167,0.139,79.2,2395.0,0.563,0.349,,,,,,,,,,,
621107,Zach Eflin,BAL,FF,156,0.13,92.0,2171.0,0.372,0.122,,,,,,,,,,,
687209,Zach Maxwell,CIN,FF,265,0.579,99.1,2487.0,0.449,0.241,41.0,14.0,2.0,0.389,0.583,0.455,0.38,0.195,0.101,0.429,90.7
687209,Zach Maxwell,CIN,FC,97,0.212,93.4,2296.0,0.454,0.227,12.0,2.0,0.0,0.286,0.429,0.413,0.433,0.0,0.211,0.5,94.2
687209,Zach Maxwell,CIN,ST,94,0.205,87.0,2729.0,0.415,0.222,11.0,1.0,1.0,0.1,0.4,0.245,0.239,0.364,0.214,0.143,91.6
685112,Zach Mccambley,CIN,FC,80,0.415,88.4,2655.0,0.487,0.444,22.0,7.0,0.0,0.318,0.409,0.318,0.344,0.182,0.282,0.556,91.4
685112,Zach Mccambley,CIN,FF,65,0.337,93.9,2506.0,0.492,0.258,17.0,1.0,0.0,0.091,0.091,0.3,0.401,0.235,0.281,0.429,91.2
685112,Zach Mccambley,CIN,ST,42,0.218,83.7,2787.0,0.429,0.29,,,,,,,,,,,
647315,Zach Pop,PHI,SI,151,0.588,96.3,2186.0,0.444,0.288,21.0,2.0,0.0,0.111,0.167,0.169,0.272,0.19,0.097,0.467,94.3
647315,Zach Pop,PHI,SL,60,0.233,86.0,2590.0,0.333,0.2,,,,,,,,,,,
647315,Zach Pop,PHI,FC,41,0.16,94.1,2244.0,0.415,0.158,,,,,,,,,,,
677161,Zack Kelly,BOS,FC,306,0.352,91.3,2434.0,0.487,0.281,31.0,7.0,1.0,0.259,0.407,0.34,0.463,0.161,0.196,0.545,89.7
677161,Zack Kelly,BOS,ST,182,0.209,81.7,2650.0,0.445,0.25,15.0,2.0,0.0,0.133,0.133,0.12,0.151,0.267,0.286,0.25,87.0
677161,Zack Kelly,BOS,FF,154,0.177,96.1,2159.0,0.539,0.319,11.0,1.0,0.0,0.143,0.143,0.48,0.271,0.364,0.095,0.25,76.2
677161,Zack Kelly,BOS,SI,137,0.157,96.0,2163.0,0.445,0.375,13.0,3.0,0.0,0.3,0.3,0.262,0.467,0.077,0.105,0.273,86.5
677161,Zack Kelly,BOS,CH,79,0.091,83.2,2085.0,0.342,0.241,,,,,,,,,,,
641793,Zack Littell,AZ,SL,1327,0.278,87.7,2161.0,0.507,0.307,146.0,31.0,5.0,0.256,0.438,0.347,0.406,0.11,0.156,0.45,90.3
641793,Zack Littell,AZ,FS,1218,0.255,83.7,1120.0,0.54,0.346,133.0,31.0,4.0,0.237,0.374,0.289,0.312,0.15,0.171,0.378,90.1
641793,Zack Littell,AZ,FF,1170,0.245,91.9,2013.0,0.494,0.285,141.0,39.0,13.0,0.32,0.68,0.47,0.428,0.17,0.12,0.521,94.7
641793,Zack Littell,AZ,SI,727,0.152,91.4,2000.0,0.524,0.261,81.0,26.0,7.0,0.333,0.679,0.43,0.449,0.074,0.112,0.486,90.6
641793,Zack Littell,AZ,ST,321,0.067,79.4,2174.0,0.405,0.261,41.0,9.0,1.0,0.231,0.308,0.241,0.269,0.146,0.183,0.242,88.2
554430,Zack Wheeler,PHI,FF,1892,0.383,95.7,2452.0,0.52,0.286,205.0,37.0,9.0,0.204,0.398,0.311,0.282,0.317,0.259,0.474,90.3
554430,Zack Wheeler,PHI,SI,806,0.163,95.1,2301.0,0.494,0.356,112.0,27.0,2.0,0.255,0.358,0.29,0.284,0.161,0.094,0.258,81.7
554430,Zack Wheeler,PHI,ST,704,0.142,82.5,2717.0,0.428,0.298,73.0,13.0,2.0,0.2,0.369,0.284,0.274,0.288,0.37,0.239,84.3
554430,Zack Wheeler,PHI,FS,619,0.125,87.3,1554.0,0.556,0.435,109.0,19.0,3.0,0.183,0.298,0.229,0.225,0.385,0.449,0.258,85.5
554430,Zack Wheeler,PHI,FC,476,0.096,91.3,2546.0,0.515,0.302,64.0,15.0,3.0,0.263,0.456,0.35,0.319,0.172,0.182,0.413,86.9
554430,Zack Wheeler,PHI,CU,449,0.091,80.6,2822.0,0.437,0.378,58.0,7.0,1.0,0.13,0.204,0.185,0.167,0.534,0.447,0.417,89.5
687849,Zak Kent,WSH,SL,234,0.389,86.6,2803.0,0.466,0.296,26.0,7.0,1.0,0.35,0.7,0.473,0.45,0.192,0.288,0.5,93.3
687849,Zak Kent,WSH,FF,212,0.352,92.7,2713.0,0.509,0.247,37.0,8.0,2.0,0.229,0.486,0.393,0.263,0.108,0.109,0.419,87.5
687849,Zak Kent,WSH,CU,129,0.214,81.8,2837.0,0.364,0.259,12.0,3.0,0.0,0.273,0.364,0.312,0.336,0.25,0.304,0.375,91.3
687849,Zak Kent,WSH,SI,23,0.038,93.7,2607.0,0.304,0.0,,,,,,,,,,,
805673,Zebby Matthews,MIN,FF,1314,0.379,95.6,2308.0,0.487,0.213,183.0,46.0,7.0,0.289,0.491,0.386,0.375,0.158,0.127,0.454,91.8
805673,Zebby Matthews,MIN,SL,825,0.238,87.7,2401.0,0.558,0.413,153.0,24.0,5.0,0.164,0.288,0.216,0.235,0.346,0.328,0.409,89.3
805673,Zebby Matthews,MIN,FC,438,0.126,91.2,2492.0,0.509,0.297,67.0,21.0,5.0,0.344,0.639,0.432,0.406,0.075,0.123,0.368,90.5
805673,Zebby Matthews,MIN,CH,423,0.122,87.0,1511.0,0.409,0.207,73.0,21.0,3.0,0.309,0.529,0.364,0.323,0.137,0.181,0.41,90.2
805673,Zebby Matthews,MIN,CU,313,0.09,80.6,2375.0,0.39,0.279,47.0,7.0,3.0,0.152,0.37,0.232,0.184,0.383,0.33,0.519,89.7
805673,Zebby Matthews,MIN,SI,157,0.045,95.4,2318.0,0.439,0.219,22.0,6.0,1.0,0.333,0.556,0.439,0.488,0.045,0.163,0.389,89.2
