pitcher,pitcher_name,current_team,throws,total_pitches,total_pa,at_bats,hits_allowed,home_runs_allowed,walks_allowed,strikeouts,avg_against,obp_against,slg_against,ops_against,woba_against,xwoba_against,xba_against,xwobacon_against,k_rate,bb_rate,strike_rate,zone_rate,csw_rate,chase_rate_induced,whiff_rate_induced,hard_hit_rate_allowed,avg_exit_velo_allowed
668831,Garrett Stallings,MIL,R,194,51,46,4,0,5,17,0.087,0.176,0.109,0.285,0.146,0.169,0.189,0.176,0.333,0.098,0.649,0.459,0.314,0.324,0.292,0.172,84.6
623352,Josh Hader,HOU,L,676,167,152,19,1,15,55,0.125,0.204,0.171,0.375,0.18,0.215,0.234,0.261,0.329,0.09,0.686,0.453,0.318,0.411,0.319,0.32,85.9
665645,Kervin Castro,NYY,R,94,24,22,3,0,2,8,0.136,0.208,0.182,0.39,0.193,0.235,0.315,0.308,0.333,0.083,0.66,0.457,0.266,0.333,0.229,0.308,92.5
695243,Mason Miller,SD,R,1113,260,234,33,3,23,124,0.141,0.223,0.188,0.411,0.203,0.193,0.282,0.299,0.477,0.088,0.652,0.449,0.383,0.362,0.43,0.287,86.0
696146,Hagen Smith,CWS,L,451,106,91,11,1,15,40,0.121,0.245,0.187,0.432,0.213,0.243,0.289,0.3,0.377,0.142,0.625,0.455,0.348,0.293,0.346,0.346,87.5
656641,Jacob Latz,TEX,L,1135,262,243,35,6,16,80,0.144,0.195,0.276,0.471,0.217,0.256,0.286,0.338,0.305,0.061,0.651,0.465,0.282,0.355,0.285,0.412,88.0
678061,Ray Kerr,ATL,L,180,55,50,7,2,1,11,0.14,0.185,0.28,0.465,0.219,0.266,0.28,0.306,0.2,0.018,0.683,0.528,0.283,0.341,0.228,0.341,84.8
656730,Trevor Megill,MIL,R,875,235,217,39,1,12,68,0.18,0.223,0.235,0.458,0.222,0.251,0.291,0.325,0.289,0.051,0.69,0.498,0.312,0.379,0.286,0.409,88.8
805299,Brandyn Garcia,AZ,L,692,188,171,26,3,10,59,0.152,0.225,0.222,0.447,0.224,0.222,0.249,0.27,0.314,0.053,0.645,0.525,0.318,0.259,0.251,0.306,85.9
694819,Jacob Misiorowski,MIL,R,2581,645,592,94,14,42,247,0.159,0.225,0.25,0.475,0.225,0.223,0.293,0.311,0.383,0.065,0.676,0.503,0.339,0.351,0.345,0.33,86.6
592155,Cam Booser,TB,L,545,146,138,24,5,6,43,0.174,0.205,0.312,0.517,0.226,0.251,0.293,0.336,0.295,0.041,0.688,0.514,0.272,0.333,0.253,0.381,87.7
666374,Matt Brash,SEA,R,263,65,55,8,0,5,15,0.145,0.25,0.182,0.432,0.227,0.316,0.326,0.356,0.231,0.077,0.589,0.43,0.304,0.282,0.301,0.4,87.5
681320,Nate Lavender,NYM,L,267,73,69,12,1,4,25,0.174,0.219,0.304,0.524,0.23,0.237,0.303,0.329,0.342,0.055,0.697,0.558,0.318,0.297,0.237,0.341,87.5
650960,Daniel Duarte,NYM,R,463,113,105,17,3,7,29,0.162,0.221,0.267,0.488,0.23,0.263,0.29,0.323,0.257,0.062,0.693,0.482,0.27,0.388,0.199,0.243,82.5
663158,Robert Suarez,ATL,R,480,124,117,22,1,6,26,0.188,0.226,0.239,0.465,0.231,0.28,0.322,0.333,0.21,0.048,0.658,0.444,0.24,0.387,0.221,0.326,84.2
675916,James Karinchak,ATL,R,162,37,31,4,1,5,7,0.129,0.243,0.258,0.501,0.231,0.268,0.213,0.268,0.189,0.135,0.593,0.463,0.284,0.218,0.222,0.333,88.4
543238,Anthony Gose,KC,L,158,42,38,8,0,2,4,0.211,0.244,0.263,0.507,0.232,0.303,0.277,0.315,0.095,0.048,0.684,0.405,0.266,0.426,0.229,0.222,84.9
679885,Justin Martinez,AZ,R,194,47,39,5,0,6,15,0.128,0.255,0.179,0.435,0.234,0.207,0.212,0.201,0.319,0.128,0.598,0.515,0.304,0.202,0.273,0.292,86.1
676477,Garrett Whitlock,BOS,R,743,198,186,38,3,9,59,0.204,0.239,0.285,0.524,0.238,0.252,0.321,0.335,0.298,0.045,0.715,0.505,0.308,0.421,0.291,0.338,87.5
669622,Anthony Bender,MIA,R,543,140,125,21,1,11,41,0.168,0.25,0.224,0.474,0.24,0.254,0.289,0.302,0.293,0.079,0.669,0.541,0.355,0.257,0.218,0.333,88.4
676962,Ben Brown,CHC,R,1004,263,240,45,2,19,65,0.188,0.251,0.25,0.501,0.24,0.279,0.305,0.332,0.247,0.072,0.648,0.496,0.293,0.306,0.246,0.43,89.7
660271,Shohei Ohtani,LAD,R,1335,340,305,55,4,26,95,0.18,0.257,0.262,0.519,0.242,0.257,0.292,0.304,0.279,0.076,0.646,0.503,0.306,0.298,0.285,0.338,86.9
641329,Bryan Baker,TB,R,970,240,215,35,4,21,63,0.163,0.243,0.27,0.512,0.242,0.272,0.291,0.32,0.262,0.088,0.676,0.486,0.28,0.36,0.244,0.351,85.7
690990,Cade Horton,CHC,R,92,25,23,4,1,2,4,0.174,0.24,0.304,0.544,0.244,0.283,0.301,0.298,0.16,0.08,0.663,0.467,0.293,0.347,0.214,0.35,85.8
661395,Jhoan Durán,PHI,R,925,227,214,47,2,9,81,0.22,0.264,0.276,0.54,0.245,0.226,0.306,0.317,0.357,0.04,0.65,0.463,0.297,0.339,0.329,0.393,89.0
601713,Nick Pivetta,SD,R,491,120,113,23,2,7,35,0.204,0.25,0.301,0.551,0.246,0.265,0.304,0.345,0.292,0.058,0.658,0.509,0.265,0.344,0.176,0.359,88.5
674073,Jack Weisenburger,NYM,R,185,46,42,9,0,3,13,0.214,0.267,0.262,0.529,0.247,0.235,0.269,0.293,0.283,0.065,0.659,0.411,0.265,0.349,0.226,0.333,87.4
695001,Alimber Santa,HOU,R,239,59,50,8,1,6,9,0.16,0.237,0.24,0.477,0.248,0.267,0.252,0.263,0.153,0.102,0.615,0.477,0.243,0.242,0.176,0.341,83.9
605540,Brandon Woodruff,MIL,R,643,175,163,28,5,9,47,0.172,0.217,0.301,0.518,0.248,0.263,0.283,0.332,0.269,0.051,0.683,0.523,0.288,0.337,0.222,0.345,89.4
808967,Yoshinobu Yamamoto,LAD,R,2740,706,654,119,20,41,182,0.182,0.237,0.309,0.545,0.249,0.266,0.292,0.324,0.258,0.058,0.659,0.48,0.288,0.339,0.25,0.354,86.8
690829,Ben Joyce,LAA,R,263,61,52,8,1,8,18,0.154,0.279,0.231,0.509,0.249,0.301,0.318,0.357,0.295,0.131,0.589,0.494,0.293,0.202,0.278,0.303,85.6
605483,Blake Snell,LAD,L,665,158,139,26,0,16,52,0.187,0.274,0.223,0.497,0.249,0.228,0.282,0.272,0.329,0.101,0.647,0.412,0.314,0.4,0.329,0.159,81.8
656876,Drew Rasmussen,TB,R,2660,670,628,125,14,32,174,0.199,0.245,0.298,0.543,0.251,0.271,0.314,0.337,0.26,0.048,0.668,0.497,0.28,0.33,0.227,0.338,87.6
621097,Jacob Waguespack,DET,R,648,177,153,23,6,18,33,0.15,0.247,0.268,0.515,0.251,0.268,0.253,0.269,0.186,0.102,0.636,0.488,0.272,0.277,0.224,0.282,83.2
686973,Louis Varland,TOR,R,1229,305,279,55,2,22,93,0.197,0.253,0.247,0.501,0.251,0.24,0.311,0.309,0.305,0.072,0.668,0.465,0.283,0.364,0.258,0.366,86.3
608331,Max Fried,NYY,L,1696,431,392,78,4,33,104,0.199,0.263,0.273,0.536,0.251,0.246,0.271,0.28,0.241,0.077,0.632,0.468,0.275,0.301,0.226,0.298,85.2
686934,Alex Mcfarlane,PHI,R,263,68,62,12,1,5,16,0.194,0.254,0.258,0.512,0.251,0.292,0.337,0.349,0.235,0.074,0.658,0.502,0.285,0.321,0.248,0.404,86.4
701656,Logan Henderson,MIL,R,1505,373,352,64,14,19,110,0.182,0.226,0.347,0.572,0.253,0.257,0.294,0.337,0.295,0.051,0.683,0.536,0.275,0.322,0.234,0.369,87.6
699044,Miguel Ullola,HOU,R,183,48,42,6,2,4,12,0.143,0.25,0.31,0.56,0.253,0.261,0.224,0.277,0.25,0.083,0.634,0.486,0.262,0.255,0.202,0.367,87.1
693645,Cam Schlittler,NYY,R,2974,745,684,126,16,47,233,0.184,0.242,0.301,0.543,0.253,0.262,0.312,0.345,0.313,0.063,0.668,0.49,0.287,0.34,0.268,0.384,87.5
669276,Dylan Lee,ATL,L,1049,258,238,47,3,16,76,0.197,0.246,0.315,0.561,0.253,0.252,0.293,0.326,0.295,0.062,0.672,0.488,0.318,0.348,0.33,0.325,85.9
682254,Mason Montgomery,PIT,L,1126,266,240,42,5,24,99,0.175,0.252,0.275,0.527,0.253,0.25,0.322,0.346,0.372,0.09,0.656,0.488,0.312,0.327,0.3,0.411,87.0
702303,Riley Martin,CHC,L,118,32,28,5,1,3,10,0.179,0.258,0.286,0.544,0.255,0.25,0.263,0.315,0.312,0.094,0.695,0.627,0.288,0.205,0.19,0.421,87.7
689266,Dylan Dodd,ATL,L,737,181,165,28,6,13,50,0.17,0.239,0.327,0.566,0.255,0.272,0.282,0.335,0.276,0.072,0.647,0.452,0.25,0.348,0.267,0.374,88.3
681911,Alex Vesia,LAD,L,1002,232,202,30,4,29,71,0.149,0.254,0.248,0.502,0.256,0.259,0.259,0.303,0.306,0.125,0.63,0.452,0.299,0.319,0.306,0.344,87.6
696519,Samy Natera,LAA,L,580,132,115,22,1,13,48,0.191,0.28,0.27,0.55,0.256,0.246,0.308,0.32,0.364,0.098,0.633,0.49,0.305,0.267,0.318,0.353,87.2
607192,Tyler Glasnow,LAD,R,1065,264,237,42,7,22,87,0.177,0.247,0.312,0.559,0.256,0.266,0.307,0.352,0.33,0.083,0.621,0.457,0.325,0.291,0.3,0.392,90.0
669330,Tyler Wells,TB,R,1072,277,252,47,8,17,71,0.187,0.24,0.329,0.569,0.257,0.266,0.283,0.325,0.256,0.061,0.681,0.501,0.308,0.345,0.286,0.33,86.8
595345,Steven Okert,HOU,L,1051,259,235,45,7,14,68,0.191,0.246,0.328,0.574,0.258,0.274,0.296,0.337,0.263,0.054,0.663,0.511,0.306,0.294,0.287,0.354,86.5
671922,Cade Smith,CLE,R,1221,290,259,48,5,22,104,0.185,0.256,0.282,0.538,0.259,0.263,0.32,0.364,0.359,0.076,0.66,0.485,0.321,0.334,0.317,0.428,91.0
693686,Spencer Miles,TOR,R,1482,382,356,78,5,23,91,0.219,0.268,0.292,0.56,0.259,0.267,0.31,0.32,0.238,0.06,0.662,0.524,0.267,0.272,0.17,0.355,86.6
656302,Dylan Cease,TOR,R,2896,686,600,106,11,78,238,0.177,0.273,0.267,0.54,0.26,0.265,0.32,0.343,0.347,0.114,0.617,0.424,0.298,0.316,0.305,0.315,85.4
670280,David Bednar,NYY,R,1132,273,251,51,4,16,75,0.203,0.253,0.295,0.548,0.26,0.262,0.309,0.328,0.275,0.059,0.672,0.453,0.292,0.392,0.286,0.352,86.3
664199,Taylor Clarke,AZ,R,1019,274,253,52,6,12,44,0.206,0.246,0.32,0.566,0.26,0.32,0.312,0.359,0.161,0.044,0.626,0.449,0.235,0.307,0.206,0.332,86.5
656945,Tanner Scott,LAD,L,949,242,227,47,4,11,78,0.207,0.246,0.322,0.567,0.261,0.272,0.36,0.38,0.322,0.045,0.691,0.488,0.314,0.411,0.317,0.34,87.7
669084,Dl Hall,MIL,L,973,232,194,28,5,34,63,0.144,0.277,0.242,0.519,0.261,0.285,0.286,0.307,0.272,0.147,0.612,0.477,0.3,0.258,0.261,0.331,87.2
681870,Erik Sabrowski,CLE,L,801,194,160,24,3,28,73,0.15,0.28,0.262,0.542,0.262,0.251,0.263,0.306,0.376,0.144,0.622,0.454,0.303,0.295,0.308,0.344,88.8
682842,Abner Uribe,MIL,R,916,229,208,41,3,17,61,0.197,0.26,0.26,0.52,0.262,0.26,0.31,0.314,0.266,0.074,0.633,0.477,0.309,0.264,0.237,0.349,87.1
683618,Edgardo Henriquez,LAD,R,972,241,208,37,1,25,70,0.178,0.285,0.24,0.525,0.262,0.244,0.256,0.264,0.29,0.104,0.631,0.444,0.278,0.338,0.284,0.271,82.5
666661,Juan Morillo,AZ,R,1023,257,226,42,3,22,73,0.186,0.27,0.274,0.544,0.263,0.243,0.262,0.277,0.284,0.086,0.647,0.463,0.287,0.356,0.271,0.318,85.6
605218,Carl Edwards,NYM,R,99,25,21,3,1,4,11,0.143,0.28,0.286,0.566,0.264,0.258,0.334,0.367,0.44,0.16,0.626,0.485,0.374,0.275,0.419,0.4,93.6
445276,Kenley Jansen,DET,R,716,177,152,24,7,22,49,0.158,0.266,0.309,0.575,0.264,0.297,0.29,0.348,0.277,0.124,0.645,0.489,0.275,0.304,0.241,0.375,87.7
666974,Yennier Cano,BAL,R,794,201,185,38,2,12,45,0.205,0.264,0.27,0.534,0.264,0.283,0.302,0.329,0.224,0.06,0.628,0.462,0.287,0.302,0.236,0.399,89.3
700669,Gordon Graceffo,STL,R,1189,312,270,50,5,32,59,0.185,0.273,0.293,0.566,0.264,0.325,0.311,0.353,0.189,0.103,0.601,0.437,0.234,0.285,0.189,0.435,90.1
687531,William Kempner,MIA,R,199,50,44,8,1,4,14,0.182,0.28,0.295,0.575,0.264,0.306,0.339,0.369,0.28,0.08,0.638,0.447,0.322,0.3,0.308,0.233,85.8
592779,Brock Stewart,LAD,R,369,96,89,16,3,7,24,0.18,0.24,0.315,0.554,0.265,0.247,0.26,0.29,0.25,0.073,0.65,0.472,0.285,0.363,0.262,0.277,81.6
519242,Chris Sale,ATL,L,2575,650,601,129,10,31,200,0.215,0.27,0.304,0.574,0.265,0.267,0.324,0.349,0.308,0.048,0.681,0.495,0.313,0.363,0.277,0.351,87.5
670329,Rico Garcia,BAL,R,1007,265,242,43,9,19,68,0.178,0.243,0.331,0.574,0.265,0.265,0.285,0.317,0.257,0.072,0.638,0.483,0.292,0.292,0.29,0.341,85.5
642048,Tayler Saucedo,LAA,L,338,86,74,15,1,7,25,0.203,0.294,0.27,0.564,0.265,0.259,0.272,0.299,0.291,0.081,0.618,0.423,0.302,0.328,0.344,0.294,85.7
621112,Paul Blackburn,NYY,R,1222,328,296,58,7,31,67,0.196,0.274,0.294,0.568,0.265,0.296,0.306,0.328,0.204,0.095,0.619,0.452,0.256,0.288,0.208,0.349,86.8
687330,Kevin Kelly,TB,R,990,272,259,54,6,8,62,0.208,0.24,0.32,0.56,0.266,0.283,0.331,0.349,0.228,0.029,0.669,0.488,0.284,0.341,0.212,0.445,89.2
800311,Didier Fuentes,ATL,R,1213,290,264,55,5,19,92,0.208,0.264,0.295,0.559,0.266,0.266,0.331,0.355,0.317,0.066,0.664,0.502,0.285,0.314,0.276,0.335,86.7
596133,Luke Weaver,PIT,R,895,234,213,41,5,15,63,0.192,0.253,0.31,0.563,0.266,0.273,0.3,0.335,0.269,0.064,0.669,0.487,0.284,0.348,0.273,0.349,87.3
805345,Trent Harris,SF,R,339,85,78,16,0,7,27,0.205,0.271,0.295,0.565,0.266,0.218,0.272,0.268,0.318,0.082,0.655,0.516,0.327,0.28,0.23,0.235,83.7
673513,Yuki Matsui,SD,L,1075,256,217,35,7,33,66,0.161,0.273,0.29,0.564,0.267,0.271,0.246,0.291,0.258,0.129,0.611,0.418,0.285,0.313,0.301,0.298,84.9
642528,Jonathan Loáisiga,AZ,R,946,253,237,55,3,10,47,0.232,0.263,0.316,0.579,0.267,0.268,0.293,0.309,0.186,0.04,0.665,0.475,0.248,0.36,0.205,0.316,84.0
607074,Carlos Rodón,NYY,L,1438,339,293,51,7,38,91,0.174,0.27,0.287,0.557,0.267,0.304,0.326,0.361,0.268,0.112,0.616,0.445,0.261,0.298,0.262,0.383,89.4
670970,Adrián Morejón,SD,L,1312,338,312,64,4,19,103,0.205,0.26,0.272,0.533,0.268,0.236,0.295,0.299,0.305,0.056,0.668,0.479,0.318,0.381,0.322,0.317,86.3
691799,Grant Taylor,CWS,R,1316,329,296,59,7,30,103,0.199,0.274,0.307,0.581,0.268,0.271,0.309,0.346,0.313,0.091,0.663,0.487,0.321,0.326,0.263,0.418,89.5
647315,Zach Pop,PHI,R,130,31,25,5,0,3,6,0.2,0.29,0.32,0.61,0.269,0.317,0.326,0.334,0.194,0.097,0.608,0.477,0.262,0.235,0.143,0.476,93.3
670059,Colin Holderman,CLE,R,864,221,189,35,1,19,49,0.185,0.291,0.243,0.534,0.269,0.303,0.298,0.327,0.222,0.086,0.61,0.433,0.288,0.298,0.271,0.444,87.1
681252,Jack Anderson,MIN,R,182,48,45,10,1,3,12,0.222,0.271,0.333,0.604,0.269,0.301,0.313,0.375,0.25,0.062,0.67,0.467,0.286,0.358,0.263,0.364,85.4
701121,Logan Vanwey,HOU,R,144,36,34,9,1,0,7,0.265,0.257,0.353,0.61,0.269,0.261,0.33,0.326,0.194,0.0,0.694,0.549,0.285,0.308,0.216,0.448,88.0
594027,Tyron Guerrero,BOS,R,612,162,152,36,2,7,41,0.237,0.28,0.303,0.582,0.27,0.254,0.301,0.312,0.253,0.043,0.722,0.578,0.276,0.352,0.217,0.33,84.3
677020,Josh Walker,BAL,L,489,119,109,23,2,8,26,0.211,0.269,0.303,0.572,0.272,0.247,0.268,0.278,0.218,0.067,0.632,0.474,0.239,0.285,0.194,0.361,86.9
676428,Brant Hurter,DET,L,492,136,118,23,1,14,24,0.195,0.281,0.263,0.544,0.272,0.3,0.305,0.312,0.176,0.103,0.632,0.508,0.274,0.261,0.172,0.32,84.8
678868,Eddy Yean,WSH,R,168,45,42,8,1,2,7,0.19,0.244,0.333,0.578,0.274,0.273,0.288,0.29,0.156,0.044,0.631,0.518,0.22,0.198,0.117,0.343,89.3
656848,Michael Petersen,MIA,R,1111,265,235,44,5,26,81,0.187,0.279,0.315,0.594,0.275,0.284,0.293,0.354,0.306,0.098,0.645,0.467,0.273,0.337,0.259,0.424,90.7
656756,Jordan Montgomery,TEX,L,373,90,84,18,3,5,16,0.214,0.267,0.357,0.624,0.275,0.289,0.289,0.321,0.178,0.056,0.627,0.456,0.252,0.313,0.195,0.338,86.1
605280,Clay Holmes,CHC,R,1536,398,354,74,6,39,73,0.209,0.29,0.297,0.586,0.275,0.304,0.313,0.328,0.183,0.098,0.633,0.456,0.266,0.326,0.199,0.411,89.3
669093,Jeremiah Estrada,SD,R,513,126,109,20,2,16,38,0.183,0.288,0.266,0.554,0.276,0.286,0.322,0.346,0.302,0.127,0.604,0.411,0.271,0.316,0.291,0.333,83.3
800048,Parker Messick,CLE,L,2890,730,674,143,17,46,191,0.212,0.265,0.349,0.614,0.276,0.272,0.31,0.336,0.262,0.063,0.64,0.473,0.267,0.312,0.231,0.338,86.4
547973,Aroldis Chapman,BOS,L,843,213,187,35,3,23,71,0.187,0.28,0.294,0.574,0.277,0.253,0.288,0.315,0.333,0.108,0.667,0.489,0.286,0.331,0.268,0.381,85.9
699823,Tyler Davis,CWS,R,479,124,108,20,2,14,26,0.185,0.274,0.269,0.543,0.278,0.287,0.293,0.309,0.21,0.113,0.645,0.468,0.246,0.346,0.211,0.42,90.0
676534,Calvin Faucher,MIA,R,1147,288,246,51,1,35,71,0.207,0.314,0.264,0.578,0.278,0.295,0.319,0.323,0.247,0.122,0.61,0.44,0.285,0.283,0.237,0.384,87.4
670062,Julian Garcia,CIN,R,713,179,157,29,7,19,41,0.185,0.274,0.357,0.63,0.28,0.267,0.265,0.286,0.229,0.106,0.644,0.487,0.3,0.299,0.255,0.322,86.5
672282,Reid Detmers,LAA,L,2874,717,657,142,19,46,204,0.216,0.27,0.349,0.618,0.28,0.279,0.316,0.356,0.285,0.064,0.661,0.501,0.294,0.329,0.258,0.379,89.0
643511,Tyler Rogers,TOR,R,1025,287,266,60,2,17,39,0.226,0.276,0.278,0.554,0.281,0.266,0.273,0.275,0.136,0.059,0.682,0.547,0.253,0.275,0.127,0.267,83.8
687941,Alec Gamboa,BOS,L,426,120,106,23,1,10,22,0.217,0.286,0.321,0.606,0.281,0.26,0.25,0.27,0.183,0.083,0.653,0.505,0.207,0.289,0.14,0.409,89.2
669373,Tarik Skubal,LAD,L,2282,598,560,123,14,27,176,0.22,0.261,0.35,0.611,0.282,0.271,0.336,0.36,0.294,0.045,0.68,0.492,0.3,0.361,0.289,0.355,85.9
666200,Jesús Luzardo,PHI,L,2860,727,657,139,15,52,220,0.212,0.279,0.327,0.607,0.282,0.262,0.309,0.331,0.303,0.072,0.646,0.465,0.32,0.336,0.297,0.332,86.5
554430,Zack Wheeler,PHI,R,2552,621,567,118,20,47,188,0.208,0.272,0.356,0.628,0.282,0.265,0.304,0.337,0.303,0.076,0.638,0.418,0.28,0.358,0.285,0.35,86.4
615698,Cal Quantrill,TEX,R,1673,442,410,89,13,24,81,0.217,0.269,0.349,0.618,0.282,0.303,0.302,0.341,0.183,0.054,0.64,0.486,0.24,0.3,0.167,0.363,88.7
680744,Ty Madden,DET,R,720,181,165,33,5,14,43,0.2,0.271,0.339,0.61,0.283,0.273,0.29,0.313,0.238,0.077,0.629,0.422,0.25,0.313,0.232,0.306,86.8
628452,Raisel Iglesias,ATL,R,906,234,217,47,6,16,64,0.217,0.274,0.346,0.619,0.284,0.287,0.324,0.361,0.274,0.068,0.695,0.491,0.315,0.393,0.27,0.373,88.0
594798,Jacob Degrom,TEX,R,2658,647,601,131,20,40,196,0.218,0.268,0.358,0.626,0.285,0.284,0.336,0.379,0.303,0.062,0.648,0.453,0.294,0.351,0.312,0.449,90.0
672456,Keider Montero,DET,R,2310,625,576,124,17,35,107,0.215,0.266,0.358,0.623,0.285,0.29,0.284,0.321,0.171,0.056,0.653,0.519,0.255,0.265,0.166,0.364,87.9
695049,Brett Kerry,LAA,R,212,54,52,11,1,2,12,0.212,0.241,0.385,0.625,0.285,0.27,0.3,0.33,0.222,0.037,0.66,0.453,0.278,0.345,0.229,0.425,88.5
663556,Shane Mcclanahan,TB,L,1830,486,441,92,10,39,105,0.209,0.279,0.322,0.601,0.285,0.318,0.323,0.37,0.216,0.08,0.65,0.49,0.284,0.313,0.247,0.415,87.5
663558,Jovani Morán,BOS,L,1053,265,229,40,9,30,72,0.175,0.274,0.328,0.601,0.285,0.279,0.283,0.321,0.272,0.113,0.617,0.463,0.301,0.288,0.307,0.29,84.7
683627,Anthony Molina,SF,R,541,136,129,29,3,7,31,0.225,0.265,0.372,0.637,0.285,0.297,0.317,0.362,0.228,0.051,0.66,0.501,0.248,0.326,0.204,0.367,86.7
699134,Bradgley Rodriguez,SD,R,1150,293,272,58,6,18,79,0.213,0.261,0.346,0.607,0.286,0.237,0.267,0.292,0.27,0.061,0.677,0.495,0.301,0.341,0.275,0.296,86.2
663460,Kris Bubic,LAD,L,871,221,193,39,4,26,55,0.202,0.303,0.316,0.619,0.287,0.317,0.326,0.365,0.249,0.118,0.631,0.474,0.265,0.293,0.238,0.388,89.2
669199,Lake Bachar,PIT,R,1421,351,308,61,13,35,89,0.198,0.288,0.351,0.638,0.287,0.289,0.285,0.331,0.254,0.1,0.609,0.45,0.284,0.285,0.279,0.341,88.1
647336,Michael Soroka,AZ,R,1763,454,417,94,9,26,108,0.225,0.28,0.355,0.635,0.287,0.311,0.343,0.379,0.238,0.057,0.656,0.469,0.259,0.342,0.2,0.339,87.2
693433,Bryan Woo,SEA,R,2564,684,638,145,18,35,167,0.227,0.273,0.365,0.639,0.288,0.293,0.323,0.36,0.244,0.051,0.676,0.512,0.259,0.344,0.218,0.428,89.3
801434,Paul Gervase,LAD,R,124,35,30,7,0,5,8,0.233,0.343,0.233,0.576,0.288,0.306,0.328,0.33,0.229,0.143,0.605,0.444,0.298,0.261,0.24,0.429,86.4
702056,Trey Yesavage,TOR,R,1589,393,337,62,11,46,94,0.184,0.282,0.344,0.626,0.288,0.284,0.276,0.311,0.239,0.117,0.619,0.437,0.281,0.302,0.285,0.339,87.0
671212,Joe Boyle,TB,R,347,81,71,12,1,9,21,0.169,0.259,0.296,0.555,0.288,0.307,0.336,0.366,0.259,0.111,0.628,0.499,0.277,0.27,0.224,0.392,86.5
596001,Jakob Junis,TEX,R,818,224,207,50,4,12,37,0.242,0.299,0.333,0.632,0.288,0.318,0.333,0.349,0.165,0.054,0.661,0.509,0.279,0.299,0.166,0.349,87.6
694753,Khristian Curtis,PIT,R,349,87,73,15,1,12,12,0.205,0.322,0.301,0.623,0.289,0.298,0.239,0.276,0.138,0.138,0.602,0.421,0.241,0.302,0.224,0.295,85.5
676263,Jack Dreyer,LAD,L,1017,251,227,46,7,19,71,0.203,0.27,0.33,0.601,0.289,0.29,0.331,0.369,0.283,0.076,0.643,0.473,0.289,0.311,0.265,0.418,88.0
667463,John King,MIA,L,723,195,172,33,7,15,33,0.192,0.268,0.372,0.64,0.289,0.31,0.284,0.33,0.169,0.077,0.636,0.459,0.256,0.33,0.185,0.378,89.0
687377,Orlando Ribalta,WSH,R,750,178,157,34,5,18,41,0.217,0.294,0.344,0.638,0.29,0.296,0.285,0.341,0.23,0.101,0.652,0.44,0.269,0.362,0.258,0.322,84.2
687562,Jake Bennett,BOS,L,1562,440,411,101,12,18,90,0.246,0.28,0.375,0.655,0.292,0.286,0.299,0.339,0.205,0.041,0.677,0.48,0.252,0.368,0.211,0.384,86.9
607259,Nick Martínez,TB,R,2475,706,673,164,22,25,108,0.244,0.273,0.392,0.665,0.292,0.305,0.311,0.343,0.153,0.035,0.681,0.526,0.255,0.319,0.161,0.325,86.4
623211,Huascar Brazobán,CWS,R,1016,260,227,43,5,28,54,0.189,0.279,0.326,0.605,0.292,0.291,0.291,0.314,0.208,0.108,0.634,0.471,0.26,0.318,0.241,0.309,85.7
668909,Gavin Williams,CLE,R,2917,730,664,139,27,57,242,0.209,0.278,0.372,0.65,0.292,0.299,0.349,0.413,0.332,0.078,0.666,0.478,0.327,0.337,0.31,0.458,89.5
667652,Jack Ralston,MIA,R,255,61,52,9,3,7,15,0.173,0.283,0.365,0.649,0.292,0.296,0.265,0.328,0.246,0.115,0.6,0.49,0.302,0.186,0.189,0.368,83.7
681751,Lazaro Estrada,TOR,R,233,56,45,8,2,9,9,0.178,0.321,0.311,0.633,0.293,0.334,0.271,0.315,0.161,0.161,0.597,0.446,0.253,0.282,0.224,0.405,86.2
641941,Emilio Pagán,CIN,R,662,171,154,32,7,10,44,0.208,0.269,0.396,0.665,0.293,0.29,0.286,0.352,0.257,0.058,0.645,0.48,0.243,0.297,0.215,0.45,90.0
689254,Mason Fluharty,TOR,L,1026,260,228,50,6,26,64,0.219,0.3,0.325,0.624,0.293,0.262,0.266,0.294,0.246,0.1,0.642,0.455,0.278,0.348,0.258,0.315,84.7
683003,Jared Jones,PIT,R,1579,403,367,78,12,31,118,0.213,0.276,0.373,0.649,0.293,0.281,0.314,0.358,0.293,0.077,0.645,0.483,0.299,0.324,0.299,0.382,88.3
700712,Walbert Ureña,LAA,R,2490,624,545,114,10,66,142,0.209,0.303,0.306,0.61,0.293,0.281,0.281,0.302,0.228,0.106,0.623,0.456,0.278,0.315,0.262,0.352,86.8
571882,Derek Law,AZ,R,155,35,31,8,0,2,5,0.258,0.314,0.323,0.637,0.294,0.364,0.38,0.394,0.143,0.057,0.581,0.381,0.219,0.302,0.176,0.423,89.2
683363,Matt Wilkinson,SF,L,382,99,95,21,4,4,18,0.221,0.253,0.411,0.663,0.294,0.277,0.28,0.32,0.182,0.04,0.631,0.479,0.262,0.261,0.172,0.429,88.5
660787,Yerry De Los Santos,NYY,R,319,83,74,16,2,7,15,0.216,0.284,0.311,0.595,0.294,0.308,0.32,0.34,0.181,0.084,0.652,0.552,0.248,0.216,0.163,0.41,88.5
682989,Victor Mederos,ATL,R,552,140,122,27,1,13,32,0.221,0.309,0.32,0.629,0.294,0.294,0.318,0.325,0.229,0.093,0.625,0.431,0.261,0.333,0.262,0.391,87.4
624133,Ranger Suarez,BOS,L,2301,593,537,127,9,44,135,0.236,0.301,0.339,0.64,0.294,0.298,0.33,0.346,0.228,0.074,0.634,0.44,0.275,0.314,0.206,0.335,86.1
801139,Payton Tolle,BOS,L,2286,600,552,123,15,39,171,0.223,0.28,0.368,0.648,0.295,0.255,0.289,0.316,0.285,0.065,0.69,0.526,0.276,0.359,0.25,0.345,86.5
683769,Hunter Gaddis,CLE,R,949,247,219,51,6,21,56,0.233,0.305,0.342,0.647,0.295,0.304,0.327,0.349,0.227,0.085,0.65,0.473,0.275,0.337,0.273,0.292,84.3
669713,Hayden Wesneski,HOU,R,817,218,196,43,4,18,41,0.219,0.29,0.352,0.642,0.295,0.304,0.31,0.333,0.188,0.083,0.646,0.446,0.259,0.341,0.207,0.401,87.3
606996,Kyle Hart,SD,L,1043,259,228,50,5,23,57,0.219,0.296,0.36,0.655,0.296,0.29,0.288,0.323,0.22,0.089,0.625,0.482,0.281,0.274,0.213,0.303,85.5
696062,Wilber Dotel,PIT,R,665,167,150,38,2,14,39,0.253,0.313,0.333,0.647,0.296,0.296,0.336,0.349,0.234,0.084,0.644,0.505,0.266,0.282,0.208,0.442,89.3
489446,Kirby Yates,PIT,R,698,172,148,32,3,17,48,0.216,0.31,0.331,0.641,0.296,0.286,0.312,0.334,0.279,0.099,0.658,0.447,0.266,0.347,0.256,0.466,90.3
680742,Jonathan Bowlan,PHI,R,967,231,210,42,8,15,73,0.2,0.264,0.343,0.607,0.296,0.262,0.298,0.34,0.316,0.065,0.644,0.452,0.286,0.35,0.288,0.365,86.7
670990,Yohan Ramírez,PIT,R,1400,353,307,56,4,34,98,0.182,0.289,0.274,0.563,0.296,0.281,0.312,0.322,0.278,0.096,0.617,0.459,0.296,0.292,0.263,0.308,84.2
664141,Jt Brubaker,SF,R,1002,252,220,49,5,26,39,0.223,0.306,0.345,0.651,0.297,0.342,0.334,0.359,0.155,0.103,0.624,0.447,0.255,0.299,0.181,0.361,87.7
650633,Mike King,SD,R,2981,755,669,146,20,70,158,0.218,0.304,0.344,0.648,0.297,0.322,0.316,0.36,0.209,0.093,0.632,0.466,0.27,0.302,0.222,0.327,86.3
674841,Andrew Alvarez,WSH,L,1756,450,396,88,5,48,107,0.222,0.31,0.326,0.635,0.297,0.31,0.333,0.356,0.238,0.107,0.616,0.448,0.281,0.297,0.242,0.397,88.7
656794,Sean Newcomb,CWS,L,1443,363,322,72,4,30,80,0.224,0.305,0.323,0.628,0.297,0.32,0.343,0.366,0.22,0.083,0.644,0.502,0.284,0.269,0.204,0.38,87.0
676974,Max Meyer,MIA,R,1791,462,411,85,11,41,120,0.207,0.288,0.338,0.626,0.297,0.304,0.323,0.364,0.26,0.089,0.639,0.472,0.295,0.316,0.266,0.42,89.3
690978,Dax Fulton,MIA,L,437,109,92,19,1,15,26,0.207,0.321,0.304,0.625,0.297,0.298,0.297,0.317,0.239,0.138,0.597,0.432,0.268,0.27,0.254,0.412,89.6
641835,Tim Mayza,PHI,L,1054,260,241,55,6,15,63,0.228,0.275,0.361,0.636,0.297,0.284,0.314,0.346,0.242,0.058,0.633,0.48,0.277,0.269,0.212,0.45,88.6
642397,Gregory Soto,PIT,L,1132,276,240,47,5,27,78,0.196,0.296,0.325,0.621,0.298,0.27,0.286,0.308,0.283,0.098,0.616,0.44,0.304,0.299,0.272,0.337,85.3
642100,Gabe Speier,SEA,L,692,184,163,35,5,13,44,0.215,0.29,0.362,0.652,0.298,0.296,0.294,0.342,0.239,0.071,0.673,0.53,0.273,0.309,0.219,0.358,87.4
695505,Chase Burns,CIN,R,2569,621,562,124,17,56,184,0.221,0.291,0.365,0.656,0.298,0.279,0.309,0.352,0.296,0.09,0.631,0.437,0.285,0.341,0.295,0.382,89.3
677161,Zack Kelly,BOS,R,283,70,59,13,1,7,14,0.22,0.304,0.288,0.592,0.298,0.368,0.38,0.421,0.2,0.1,0.601,0.47,0.247,0.273,0.19,0.388,87.2
690997,Nolan Mclean,NYM,R,2915,745,651,140,17,70,194,0.215,0.304,0.332,0.636,0.298,0.294,0.313,0.342,0.26,0.094,0.631,0.474,0.283,0.279,0.216,0.355,87.2
666745,Jhony Brito,SD,R,123,35,34,7,2,1,6,0.206,0.229,0.412,0.64,0.299,0.285,0.273,0.332,0.171,0.029,0.707,0.48,0.285,0.406,0.282,0.321,88.1
671737,Taj Bradley,MIN,R,2998,748,664,142,23,76,205,0.214,0.298,0.36,0.658,0.299,0.307,0.329,0.376,0.274,0.102,0.632,0.487,0.275,0.282,0.242,0.454,90.5
689296,Anthony Nunez,BAL,R,991,250,218,43,5,24,66,0.197,0.287,0.321,0.609,0.299,0.3,0.32,0.357,0.264,0.096,0.627,0.411,0.303,0.358,0.323,0.405,86.5
543243,Sonny Gray,BOS,R,2475,680,624,148,16,46,149,0.237,0.294,0.373,0.667,0.3,0.303,0.328,0.355,0.219,0.068,0.642,0.468,0.267,0.328,0.212,0.383,88.9
642232,Ryan Yarbrough,NYY,L,1015,256,229,51,3,21,44,0.223,0.299,0.332,0.631,0.3,0.284,0.285,0.296,0.172,0.082,0.642,0.5,0.27,0.279,0.214,0.253,82.0
543056,Danny Coulombe,BOS,L,386,96,80,18,1,15,10,0.225,0.354,0.275,0.629,0.301,0.321,0.287,0.28,0.104,0.156,0.596,0.461,0.223,0.255,0.156,0.214,81.5
687396,Brent Headrick,NYY,L,1259,319,291,67,5,24,96,0.23,0.289,0.364,0.653,0.301,0.267,0.325,0.346,0.301,0.075,0.672,0.477,0.3,0.341,0.296,0.372,86.0
694297,Brandon Pfaadt,AZ,R,1931,530,491,120,14,29,87,0.244,0.293,0.385,0.678,0.301,0.303,0.302,0.333,0.164,0.055,0.655,0.481,0.257,0.319,0.199,0.35,88.3
641755,Tyler Kinley,DET,R,921,227,199,39,10,22,48,0.196,0.284,0.377,0.661,0.301,0.285,0.265,0.307,0.211,0.097,0.62,0.46,0.292,0.266,0.257,0.276,83.9
667755,José Soriano,TOR,R,2873,728,643,147,17,72,165,0.229,0.314,0.337,0.652,0.302,0.321,0.335,0.369,0.227,0.099,0.628,0.444,0.283,0.327,0.262,0.371,87.9
663432,Tanner Rainey,DET,R,127,32,23,3,0,8,6,0.13,0.375,0.174,0.549,0.302,0.317,0.215,0.219,0.188,0.25,0.528,0.402,0.315,0.158,0.372,0.188,84.9
663738,Daniel Lynch,KC,L,1224,333,301,66,9,26,54,0.219,0.289,0.375,0.665,0.302,0.327,0.316,0.353,0.162,0.078,0.633,0.473,0.266,0.296,0.215,0.384,88.3
675512,Troy Melton,DET,R,1773,470,423,92,13,37,94,0.217,0.29,0.374,0.664,0.302,0.303,0.308,0.335,0.2,0.079,0.641,0.481,0.252,0.316,0.217,0.383,88.4
677952,Braxton Ashcraft,PIT,R,2413,666,615,144,22,35,173,0.234,0.28,0.385,0.665,0.302,0.287,0.323,0.358,0.26,0.053,0.698,0.516,0.299,0.368,0.235,0.416,89.3
681892,Kody Funderburk,MIN,L,863,217,184,42,3,26,47,0.228,0.327,0.304,0.631,0.302,0.299,0.302,0.319,0.217,0.12,0.612,0.472,0.264,0.258,0.21,0.282,82.1
694477,Chad Patrick,MIL,R,1697,432,378,82,10,43,92,0.217,0.304,0.352,0.656,0.302,0.311,0.313,0.348,0.213,0.1,0.629,0.471,0.265,0.291,0.236,0.367,87.1
680755,Braydon Fisher,TOR,R,1256,303,255,52,8,37,73,0.204,0.308,0.333,0.641,0.302,0.317,0.317,0.359,0.241,0.122,0.608,0.43,0.289,0.294,0.261,0.396,86.3
694918,Blade Tidwell,SF,R,960,235,206,46,8,21,46,0.223,0.311,0.369,0.68,0.303,0.317,0.307,0.342,0.196,0.089,0.618,0.499,0.265,0.244,0.204,0.377,88.4
681982,Grant Anderson,MIL,R,924,235,212,43,8,21,52,0.203,0.277,0.396,0.673,0.303,0.275,0.273,0.307,0.221,0.089,0.623,0.466,0.251,0.287,0.231,0.371,87.6
669062,Erik Miller,BOS,L,971,222,182,37,3,31,73,0.203,0.332,0.286,0.618,0.303,0.275,0.303,0.319,0.329,0.14,0.571,0.409,0.303,0.26,0.331,0.259,81.9
656240,Scott Blewett,ATH,R,532,143,129,33,2,10,32,0.256,0.303,0.349,0.652,0.303,0.295,0.331,0.349,0.224,0.07,0.635,0.43,0.241,0.362,0.257,0.347,87.1
662253,Andrés Muñoz,SEA,R,953,239,212,46,9,24,88,0.217,0.297,0.373,0.67,0.303,0.28,0.346,0.396,0.368,0.1,0.643,0.426,0.344,0.367,0.378,0.437,88.9
666171,Ryan Zeferjahn,CHC,R,1290,297,252,49,7,34,94,0.194,0.311,0.321,0.632,0.303,0.275,0.296,0.323,0.316,0.114,0.588,0.434,0.295,0.267,0.293,0.363,88.8
663878,Nate Pearson,KC,R,742,191,163,36,2,21,41,0.221,0.33,0.313,0.643,0.303,0.316,0.301,0.335,0.215,0.11,0.609,0.461,0.248,0.286,0.208,0.366,88.0
676917,Cade Cavalli,WSH,R,2782,702,633,148,18,48,199,0.234,0.302,0.354,0.656,0.304,0.296,0.338,0.371,0.283,0.068,0.655,0.488,0.296,0.32,0.248,0.405,88.9
686613,Hunter Brown,HOU,R,1781,429,373,79,11,51,120,0.212,0.312,0.327,0.639,0.304,0.279,0.291,0.32,0.28,0.119,0.606,0.45,0.29,0.279,0.257,0.373,85.8
657277,Logan Webb,SF,R,2489,666,611,147,13,41,133,0.241,0.3,0.357,0.656,0.304,0.311,0.331,0.355,0.2,0.062,0.653,0.467,0.269,0.329,0.193,0.389,87.8
689149,Chad Dallas,TOR,R,227,57,49,11,2,7,14,0.224,0.316,0.367,0.683,0.304,0.285,0.288,0.316,0.246,0.123,0.617,0.383,0.26,0.364,0.25,0.389,89.9
680702,Joey Gerber,NYM,R,129,34,30,6,1,4,8,0.2,0.294,0.4,0.694,0.304,0.309,0.314,0.35,0.235,0.118,0.62,0.496,0.287,0.231,0.157,0.545,93.7
669020,Ryan Rolison,CHC,L,996,252,224,52,6,26,54,0.232,0.311,0.357,0.668,0.305,0.31,0.317,0.348,0.214,0.103,0.624,0.473,0.25,0.269,0.179,0.378,87.5
663567,Peter Lambert,HOU,R,2541,643,567,128,15,57,146,0.226,0.308,0.342,0.65,0.305,0.296,0.296,0.332,0.227,0.089,0.641,0.468,0.26,0.311,0.223,0.358,87.1
681035,Christian Scott,NYM,R,1965,474,416,93,12,47,134,0.224,0.314,0.356,0.67,0.305,0.297,0.326,0.357,0.283,0.099,0.644,0.492,0.271,0.298,0.245,0.345,86.0
684974,Craig Yoho,CLE,R,625,159,136,26,6,18,41,0.191,0.299,0.375,0.674,0.305,0.311,0.31,0.36,0.258,0.113,0.637,0.454,0.299,0.317,0.267,0.316,84.6
694973,Paul Skenes,PIT,R,2794,691,625,143,19,47,191,0.229,0.292,0.379,0.671,0.305,0.28,0.315,0.347,0.276,0.068,0.646,0.469,0.265,0.323,0.257,0.379,86.9
670950,Trevor Richards,CWS,R,1255,325,297,68,11,21,69,0.229,0.278,0.407,0.685,0.305,0.31,0.313,0.366,0.212,0.065,0.641,0.476,0.257,0.301,0.201,0.408,90.5
676395,Robert Garcia,TEX,L,250,62,53,12,1,9,11,0.226,0.339,0.321,0.659,0.305,0.299,0.278,0.292,0.177,0.145,0.628,0.524,0.292,0.227,0.222,0.286,84.1
676775,Keaton Winn,SF,R,648,176,154,34,3,16,33,0.221,0.303,0.338,0.641,0.305,0.308,0.307,0.33,0.188,0.091,0.636,0.488,0.267,0.271,0.219,0.333,86.4
593958,Eduardo Rodríguez,AZ,L,2976,762,695,164,18,62,140,0.236,0.299,0.371,0.671,0.305,0.318,0.313,0.355,0.184,0.081,0.637,0.464,0.248,0.301,0.198,0.33,86.4
656464,Kevin Ginkel,AZ,R,1059,267,246,57,9,15,66,0.232,0.274,0.398,0.673,0.305,0.296,0.32,0.37,0.247,0.056,0.646,0.445,0.281,0.361,0.273,0.401,88.3
676742,Cam Sanders,BAL,R,532,127,103,22,1,19,37,0.214,0.357,0.282,0.639,0.306,0.31,0.33,0.346,0.291,0.15,0.596,0.425,0.31,0.315,0.356,0.313,87.4
804636,Jonah Tong,NYM,R,452,113,96,21,2,13,25,0.219,0.312,0.323,0.635,0.306,0.284,0.279,0.301,0.221,0.115,0.631,0.467,0.254,0.299,0.252,0.36,87.5
650911,Cristopher Sánchez,PHI,L,3058,827,772,198,18,44,221,0.256,0.301,0.372,0.673,0.306,0.285,0.332,0.362,0.267,0.053,0.664,0.469,0.306,0.357,0.291,0.418,88.6
543037,Gerrit Cole,NYY,R,1953,515,488,115,22,25,131,0.236,0.276,0.424,0.7,0.306,0.299,0.339,0.379,0.254,0.049,0.679,0.52,0.284,0.29,0.197,0.437,90.8
702047,Alex Cook,TB,R,98,24,22,4,1,2,5,0.182,0.25,0.364,0.614,0.306,0.222,0.198,0.231,0.208,0.083,0.612,0.531,0.276,0.196,0.175,0.353,89.6
622554,Seranthony Domínguez,SEA,R,1104,253,220,45,9,29,64,0.205,0.304,0.359,0.663,0.307,0.297,0.293,0.336,0.253,0.115,0.605,0.451,0.261,0.285,0.261,0.327,87.0
643410,Mark Leiter,ATH,R,552,146,131,33,2,10,38,0.252,0.322,0.336,0.658,0.307,0.316,0.382,0.387,0.26,0.068,0.639,0.451,0.313,0.338,0.292,0.319,86.8
694738,Landen Roupp,SF,R,2715,657,572,126,11,75,142,0.22,0.315,0.334,0.648,0.307,0.302,0.31,0.329,0.216,0.114,0.604,0.422,0.266,0.299,0.226,0.3,85.1
670103,Raymond Burgos,BOS,L,231,68,66,17,3,1,12,0.258,0.269,0.439,0.708,0.307,0.294,0.299,0.352,0.176,0.015,0.719,0.563,0.273,0.317,0.179,0.339,87.3
518585,Fernando Cruz,NYY,R,952,233,199,41,7,30,67,0.206,0.313,0.367,0.68,0.307,0.281,0.28,0.323,0.288,0.129,0.598,0.418,0.326,0.293,0.376,0.271,85.8
656271,Brock Burke,CIN,L,1197,303,262,53,5,34,74,0.202,0.302,0.317,0.619,0.307,0.296,0.303,0.331,0.244,0.112,0.612,0.464,0.276,0.281,0.251,0.318,87.2
683000,Riley Cornelio,WSH,R,658,153,121,25,2,27,38,0.207,0.342,0.298,0.64,0.308,0.31,0.293,0.324,0.248,0.176,0.594,0.413,0.274,0.317,0.322,0.448,86.9
680732,Sean Burke,CWS,R,2791,700,625,140,18,61,178,0.224,0.301,0.374,0.675,0.308,0.303,0.324,0.361,0.254,0.087,0.66,0.492,0.283,0.315,0.227,0.39,89.1
623465,Evan Phillips,LAD,R,395,93,88,21,5,3,28,0.239,0.269,0.455,0.723,0.308,0.335,0.358,0.464,0.301,0.032,0.656,0.491,0.289,0.333,0.208,0.41,91.0
807739,Kade Anderson,SEA,L,482,131,121,31,4,8,28,0.256,0.298,0.413,0.711,0.308,0.308,0.334,0.366,0.214,0.061,0.674,0.525,0.253,0.341,0.232,0.421,87.6
694397,Marco Raya,MIN,R,100,25,22,5,1,3,4,0.227,0.32,0.364,0.684,0.308,0.341,0.335,0.358,0.16,0.12,0.58,0.41,0.27,0.305,0.262,0.278,87.0
669302,Logan Gilbert,SEA,R,2930,740,679,153,29,46,197,0.225,0.28,0.409,0.69,0.308,0.297,0.328,0.374,0.266,0.062,0.648,0.485,0.284,0.324,0.278,0.412,88.5
527048,Martín Pérez,ATL,L,2247,595,523,119,14,61,102,0.228,0.309,0.359,0.668,0.309,0.326,0.326,0.347,0.171,0.103,0.608,0.452,0.264,0.272,0.199,0.35,86.6
621345,A. J. Minter,MIN,L,670,182,173,39,8,7,41,0.225,0.26,0.416,0.676,0.309,0.3,0.317,0.369,0.225,0.038,0.648,0.473,0.233,0.308,0.205,0.371,85.9
669711,Greg Weissert,BOS,R,974,249,229,55,8,17,59,0.24,0.297,0.389,0.686,0.309,0.294,0.314,0.351,0.237,0.068,0.658,0.482,0.264,0.33,0.21,0.31,86.2
623149,Paul Sewald,TOR,R,838,214,194,39,13,12,53,0.201,0.258,0.448,0.707,0.309,0.315,0.302,0.388,0.248,0.056,0.674,0.514,0.276,0.325,0.225,0.393,89.5
608650,Dietrich Enns,BAL,L,291,70,55,13,0,11,13,0.236,0.348,0.327,0.675,0.309,0.301,0.277,0.291,0.186,0.157,0.615,0.478,0.244,0.263,0.195,0.391,88.7
676106,Emerson Hancock,SEA,R,2176,565,524,126,20,31,125,0.24,0.29,0.399,0.689,0.309,0.308,0.319,0.368,0.221,0.055,0.653,0.515,0.243,0.284,0.209,0.416,89.5
605447,Jordan Romano,COL,R,607,142,122,27,3,17,36,0.221,0.317,0.344,0.661,0.309,0.297,0.316,0.336,0.254,0.12,0.638,0.456,0.311,0.329,0.28,0.33,87.2
608379,Michael Wacha,KC,R,2941,785,722,162,28,52,152,0.224,0.282,0.404,0.687,0.31,0.307,0.306,0.349,0.194,0.066,0.651,0.498,0.255,0.298,0.192,0.364,87.0
684007,Shota Imanaga,CHC,L,2799,702,656,153,34,37,171,0.233,0.281,0.428,0.709,0.31,0.301,0.318,0.371,0.244,0.053,0.653,0.461,0.278,0.35,0.277,0.368,88.0
814490,Ethan Pecko,HOU,R,538,130,114,24,5,14,21,0.211,0.308,0.386,0.694,0.31,0.34,0.297,0.354,0.162,0.108,0.593,0.42,0.223,0.295,0.189,0.419,89.4
691008,Max Rajcic,STL,R,163,39,33,6,1,6,8,0.182,0.308,0.394,0.702,0.31,0.281,0.222,0.27,0.205,0.154,0.589,0.454,0.27,0.213,0.231,0.36,87.0
682120,Tim Herrin,CLE,L,976,236,199,43,5,25,53,0.216,0.311,0.357,0.667,0.311,0.302,0.286,0.33,0.225,0.106,0.614,0.438,0.284,0.316,0.29,0.383,87.3
571510,Matt Boyd,CHC,L,1867,493,448,109,15,37,93,0.243,0.311,0.379,0.69,0.311,0.332,0.335,0.373,0.189,0.075,0.653,0.479,0.266,0.318,0.209,0.382,87.6
805123,Aj Blubaugh,HOU,R,1625,395,342,75,13,42,92,0.219,0.305,0.392,0.697,0.311,0.316,0.311,0.364,0.233,0.106,0.617,0.454,0.251,0.284,0.25,0.371,88.1
680736,Justin Wrobleski,LAD,L,2098,565,526,124,21,30,113,0.236,0.282,0.397,0.68,0.311,0.327,0.34,0.385,0.2,0.053,0.673,0.533,0.268,0.321,0.189,0.433,89.3
669372,J. T. Ginn,ATH,R,2189,580,507,114,17,56,120,0.225,0.31,0.367,0.677,0.311,0.312,0.317,0.344,0.207,0.097,0.607,0.426,0.263,0.295,0.248,0.354,86.5
641302,Tyler Alexander,TEX,L,1147,299,269,68,3,22,58,0.253,0.316,0.338,0.655,0.311,0.275,0.289,0.298,0.194,0.074,0.642,0.47,0.27,0.305,0.204,0.322,85.9
687273,Quinn Mathews,STL,L,786,191,168,43,4,18,38,0.256,0.326,0.369,0.695,0.312,0.299,0.324,0.33,0.199,0.094,0.613,0.472,0.267,0.258,0.239,0.348,87.6
669467,Andre Pallante,STL,R,2551,652,593,146,11,49,106,0.246,0.309,0.359,0.668,0.312,0.31,0.313,0.333,0.163,0.075,0.621,0.486,0.26,0.26,0.194,0.342,86.7
665871,Javier Assad,CHC,R,1476,369,338,80,16,25,60,0.237,0.294,0.402,0.697,0.312,0.329,0.324,0.363,0.163,0.068,0.623,0.509,0.242,0.227,0.135,0.441,89.1
689225,Beau Brieske,DET,R,357,91,85,20,5,6,21,0.235,0.286,0.435,0.721,0.312,0.3,0.31,0.361,0.231,0.066,0.658,0.482,0.249,0.324,0.207,0.469,90.3
685801,Hunter Bigge,TB,R,323,85,71,14,1,13,14,0.197,0.318,0.324,0.642,0.312,0.311,0.287,0.299,0.165,0.153,0.582,0.424,0.251,0.269,0.232,0.368,89.6
685464,Cade Winquest,STL,R,204,48,41,8,1,5,15,0.195,0.292,0.293,0.584,0.312,0.22,0.241,0.236,0.312,0.104,0.623,0.505,0.324,0.238,0.274,0.296,86.0
669060,Bryse Wilson,MIL,R,533,144,139,40,3,3,30,0.288,0.312,0.396,0.708,0.312,0.303,0.353,0.368,0.208,0.021,0.715,0.567,0.259,0.32,0.153,0.464,90.5
665622,Luis Medina,ATH,R,1267,309,264,61,6,35,92,0.231,0.326,0.348,0.674,0.312,0.3,0.331,0.369,0.298,0.113,0.605,0.453,0.304,0.264,0.305,0.385,89.1
682243,Bryce Miller,SEA,R,1798,456,417,94,20,35,112,0.225,0.288,0.415,0.703,0.312,0.295,0.306,0.354,0.246,0.077,0.669,0.488,0.246,0.349,0.216,0.32,86.8
837227,Tatsuya Imai,HOU,R,1443,334,276,58,9,51,94,0.21,0.339,0.341,0.68,0.312,0.331,0.339,0.392,0.281,0.153,0.593,0.437,0.288,0.277,0.301,0.446,88.2
641816,Tyler Mahle,ATL,R,2313,591,537,132,18,44,133,0.246,0.304,0.393,0.697,0.312,0.303,0.325,0.356,0.225,0.074,0.633,0.468,0.272,0.289,0.216,0.374,89.1
676879,Aaron Ashby,MIL,L,1527,370,326,76,8,40,112,0.233,0.319,0.334,0.653,0.313,0.273,0.314,0.331,0.303,0.108,0.608,0.435,0.324,0.293,0.296,0.405,87.9
702070,Noah Cameron,KC,L,2794,717,651,153,19,53,155,0.235,0.296,0.387,0.683,0.313,0.31,0.321,0.36,0.216,0.074,0.633,0.475,0.263,0.294,0.239,0.377,87.8
605242,Michael Fulmer,NYY,R,240,53,46,9,2,6,15,0.196,0.302,0.413,0.715,0.313,0.289,0.301,0.336,0.283,0.113,0.625,0.412,0.325,0.365,0.355,0.258,87.0
680899,Erik Tolman,WSH,L,269,61,51,12,1,8,15,0.235,0.328,0.333,0.661,0.313,0.296,0.305,0.328,0.246,0.131,0.651,0.517,0.283,0.281,0.273,0.237,82.1
673380,Dedniel Núñez,NYM,R,201,69,69,17,4,0,17,0.246,0.246,0.464,0.71,0.314,0.306,0.332,0.405,0.246,0.0,0.746,0.507,0.333,0.475,0.322,0.404,90.0
663767,Chase Shugart,PHI,R,831,212,184,40,10,18,55,0.217,0.292,0.435,0.727,0.314,0.304,0.307,0.364,0.259,0.085,0.614,0.484,0.297,0.261,0.216,0.336,87.3
676571,Pj Poulin,WSH,L,639,151,130,27,4,20,25,0.208,0.318,0.354,0.672,0.314,0.353,0.318,0.368,0.166,0.132,0.598,0.471,0.261,0.234,0.154,0.443,91.3
668970,Gavin Hollowell,CHC,R,253,63,54,11,2,8,13,0.204,0.317,0.37,0.688,0.314,0.351,0.318,0.386,0.206,0.127,0.625,0.498,0.312,0.26,0.269,0.35,86.0
656546,Jeff Hoffman,MIN,R,1227,291,254,56,4,25,102,0.22,0.303,0.339,0.642,0.314,0.283,0.338,0.384,0.351,0.086,0.641,0.416,0.319,0.374,0.344,0.366,87.7
805427,Drew Sommers,DET,L,638,166,150,35,4,11,60,0.233,0.299,0.327,0.625,0.314,0.23,0.299,0.31,0.361,0.066,0.674,0.498,0.318,0.35,0.281,0.3,83.2
592094,Jason Adam,SD,R,551,134,124,30,5,8,22,0.242,0.299,0.403,0.702,0.315,0.288,0.273,0.309,0.164,0.06,0.659,0.459,0.263,0.352,0.262,0.363,87.3
643377,Griffin Jax,TB,R,1680,450,404,95,15,34,115,0.235,0.294,0.384,0.677,0.315,0.32,0.355,0.399,0.256,0.076,0.646,0.449,0.299,0.344,0.279,0.397,87.7
702193,Andrew Morris,MIN,R,1297,313,285,72,4,23,68,0.253,0.311,0.351,0.662,0.315,0.283,0.309,0.323,0.217,0.073,0.648,0.509,0.261,0.278,0.194,0.339,86.0
676510,Nolan Hoffman,KC,R,195,56,47,14,0,4,10,0.298,0.364,0.319,0.683,0.315,0.322,0.366,0.345,0.179,0.071,0.641,0.487,0.246,0.3,0.163,0.325,82.1
676617,Riley O'Brien,STL,R,1075,273,234,53,5,25,64,0.226,0.326,0.333,0.659,0.315,0.34,0.354,0.393,0.234,0.092,0.613,0.454,0.283,0.288,0.249,0.422,87.4
657097,Jacob Webb,CHC,R,1129,278,249,59,10,25,72,0.237,0.306,0.378,0.683,0.315,0.322,0.356,0.396,0.259,0.09,0.655,0.487,0.314,0.325,0.314,0.415,88.4
669432,Trevor Rogers,BAL,L,2635,679,631,156,19,39,153,0.247,0.292,0.407,0.699,0.315,0.291,0.313,0.348,0.225,0.057,0.692,0.518,0.278,0.349,0.22,0.361,87.7
677976,Randy Dobnak,KC,R,1222,310,279,71,7,25,48,0.254,0.32,0.38,0.7,0.315,0.329,0.343,0.353,0.155,0.081,0.623,0.441,0.25,0.293,0.179,0.397,89.4
677960,Ryan Weathers,NYY,L,2281,566,521,130,18,38,141,0.25,0.303,0.395,0.698,0.315,0.32,0.351,0.398,0.249,0.067,0.635,0.466,0.299,0.288,0.25,0.406,88.6
595978,Austin Hedges,CLE,R,55,20,20,7,0,0,1,0.35,0.35,0.35,0.7,0.315,0.24,0.263,0.253,0.05,0.0,0.727,0.491,0.218,0.393,0.034,0.263,90.2
670245,Ryan Watson,LAA,R,1137,301,273,68,8,21,63,0.249,0.308,0.403,0.711,0.316,0.332,0.342,0.389,0.209,0.07,0.646,0.475,0.271,0.333,0.233,0.367,88.0
646241,Enmanuel De Jesus,DET,L,669,178,159,38,3,15,39,0.239,0.312,0.358,0.671,0.316,0.323,0.335,0.374,0.219,0.084,0.652,0.508,0.283,0.292,0.226,0.434,89.6
663554,Casey Mize,SD,R,2012,531,484,116,15,36,109,0.24,0.292,0.411,0.703,0.316,0.298,0.303,0.343,0.205,0.068,0.637,0.481,0.265,0.292,0.219,0.386,88.5
694037,Daniel Palencia,CHC,R,466,118,107,25,4,9,30,0.234,0.297,0.393,0.689,0.316,0.301,0.325,0.366,0.254,0.076,0.633,0.483,0.26,0.295,0.252,0.321,88.9
666711,Joel Peguero,SF,R,169,49,43,10,0,4,5,0.233,0.327,0.302,0.629,0.316,0.256,0.218,0.217,0.102,0.082,0.68,0.515,0.225,0.354,0.181,0.243,84.5
645261,Sandy Alcántara,MIA,R,3283,891,818,204,24,59,150,0.249,0.306,0.39,0.696,0.317,0.302,0.309,0.331,0.168,0.066,0.664,0.506,0.25,0.31,0.186,0.361,87.9
681916,Dylan Smith,SF,R,690,168,142,35,3,18,43,0.246,0.331,0.345,0.676,0.317,0.305,0.32,0.355,0.256,0.107,0.622,0.49,0.254,0.277,0.23,0.471,87.8
642376,Jefry Yan,NYM,L,314,82,66,15,2,12,24,0.227,0.346,0.333,0.679,0.317,0.301,0.351,0.347,0.293,0.146,0.615,0.414,0.299,0.337,0.317,0.409,86.4
810938,Ben Williamson,TB,R,50,21,20,5,1,1,0,0.25,0.286,0.45,0.736,0.317,0.369,0.297,0.352,0.0,0.048,0.66,0.54,0.24,0.261,0.0,0.4,92.9
592773,Ryne Stanek,STL,R,1060,262,231,52,9,29,64,0.225,0.317,0.381,0.698,0.317,0.31,0.319,0.36,0.244,0.111,0.616,0.447,0.258,0.3,0.268,0.366,88.8
805326,Tyler Schweitzer,CWS,L,566,154,141,36,3,12,18,0.255,0.314,0.397,0.711,0.317,0.36,0.333,0.379,0.117,0.078,0.664,0.537,0.239,0.29,0.186,0.468,90.2
656550,Grant Holmes,ATL,R,2331,624,555,133,21,59,113,0.24,0.313,0.398,0.711,0.318,0.339,0.327,0.376,0.181,0.095,0.628,0.451,0.264,0.319,0.256,0.445,90.8
642546,Jonathan Hernández,LAD,R,418,107,96,21,4,11,22,0.219,0.299,0.385,0.684,0.318,0.321,0.332,0.36,0.206,0.103,0.615,0.467,0.258,0.266,0.177,0.405,88.4
641745,Brad Keller,PHI,R,533,134,117,29,4,13,32,0.248,0.328,0.368,0.696,0.318,0.284,0.311,0.316,0.239,0.097,0.617,0.458,0.259,0.277,0.205,0.318,85.5
804267,Zac Thornton,NYM,L,1176,318,296,74,13,17,59,0.25,0.297,0.419,0.715,0.318,0.329,0.333,0.38,0.186,0.053,0.673,0.501,0.242,0.327,0.173,0.414,88.4
691587,Eury Pérez,MIA,R,2573,632,553,123,20,66,160,0.222,0.315,0.387,0.702,0.319,0.315,0.31,0.37,0.253,0.104,0.631,0.456,0.258,0.316,0.267,0.395,88.1
694795,Josh Ekness,MIA,R,518,123,101,23,2,17,23,0.228,0.347,0.317,0.664,0.319,0.315,0.288,0.314,0.187,0.138,0.604,0.485,0.264,0.224,0.177,0.333,85.7
669165,Kyle Hurt,LAD,R,746,199,175,38,5,22,58,0.217,0.308,0.349,0.657,0.319,0.299,0.322,0.37,0.291,0.111,0.658,0.509,0.306,0.301,0.315,0.405,89.2
664129,Geoff Hartlieb,ATH,R,391,112,97,26,1,11,20,0.268,0.339,0.381,0.721,0.319,0.297,0.302,0.311,0.179,0.098,0.634,0.463,0.269,0.352,0.264,0.425,90.2
681895,Evan Sisk,PIT,L,792,187,151,33,2,23,48,0.219,0.351,0.318,0.669,0.319,0.292,0.291,0.3,0.257,0.123,0.581,0.439,0.266,0.237,0.239,0.302,84.2
702021,Will Dion,WSH,L,755,194,176,41,8,16,53,0.233,0.299,0.42,0.719,0.319,0.285,0.307,0.35,0.273,0.082,0.665,0.486,0.285,0.345,0.253,0.333,86.0
686560,Gavin Collyer,TEX,R,450,105,81,15,1,18,22,0.185,0.371,0.272,0.643,0.319,0.318,0.265,0.279,0.21,0.171,0.564,0.458,0.289,0.221,0.255,0.293,86.7
657514,Brennan Bernardino,COL,L,992,258,233,57,5,14,48,0.245,0.298,0.378,0.676,0.319,0.295,0.306,0.329,0.186,0.054,0.619,0.483,0.255,0.25,0.207,0.297,85.8
642121,Cole Sulser,TB,R,911,225,210,52,7,12,53,0.248,0.286,0.419,0.705,0.319,0.323,0.34,0.404,0.236,0.053,0.62,0.42,0.246,0.345,0.256,0.403,87.0
672841,Carlos Vargas,SEA,R,265,74,67,16,2,3,17,0.239,0.311,0.418,0.729,0.319,0.324,0.334,0.38,0.23,0.041,0.679,0.528,0.23,0.304,0.153,0.314,87.6
695418,Brad Lord,WSH,R,1476,352,310,69,10,30,77,0.223,0.306,0.352,0.657,0.32,0.305,0.305,0.341,0.219,0.085,0.665,0.52,0.255,0.29,0.172,0.37,86.8
663687,Hogan Harris,ATH,L,1328,307,262,59,8,39,87,0.225,0.336,0.344,0.679,0.32,0.297,0.308,0.344,0.283,0.127,0.613,0.492,0.28,0.237,0.223,0.333,86.6
700842,Eduardo Rivera,BOS,L,210,44,38,8,1,6,10,0.211,0.318,0.342,0.66,0.32,0.297,0.279,0.317,0.227,0.136,0.605,0.457,0.257,0.281,0.24,0.429,91.8
573009,Joe Mantiply,TOR,L,399,112,103,27,3,5,22,0.262,0.3,0.398,0.698,0.32,0.352,0.365,0.421,0.196,0.045,0.657,0.464,0.243,0.336,0.165,0.386,86.7
663423,Trent Thornton,CHC,R,718,195,176,41,8,15,31,0.233,0.304,0.415,0.719,0.32,0.34,0.311,0.368,0.159,0.077,0.636,0.475,0.245,0.308,0.196,0.441,89.9
676440,Tanner Bibee,CLE,R,2874,752,686,168,29,54,141,0.245,0.304,0.418,0.722,0.321,0.318,0.316,0.358,0.188,0.072,0.638,0.495,0.268,0.275,0.213,0.394,88.6
686218,Emmet Sheehan,LAD,R,1960,472,427,99,21,32,132,0.232,0.295,0.44,0.735,0.321,0.292,0.316,0.366,0.28,0.068,0.645,0.449,0.287,0.354,0.294,0.385,88.4
688107,Robert Gasser,MIL,L,1730,442,396,94,14,33,94,0.237,0.311,0.407,0.718,0.321,0.322,0.332,0.367,0.213,0.075,0.661,0.523,0.26,0.278,0.197,0.334,86.1
681217,Chase Silseth,TEX,R,1083,261,222,53,5,31,71,0.239,0.34,0.36,0.7,0.321,0.308,0.322,0.36,0.272,0.119,0.61,0.452,0.284,0.299,0.298,0.325,86.0
548384,Brooks Raley,PHI,L,835,220,193,45,6,19,51,0.233,0.307,0.394,0.701,0.321,0.306,0.318,0.354,0.232,0.086,0.648,0.481,0.291,0.31,0.231,0.322,85.0
641927,Bailey Ober,MIN,R,2013,536,497,123,19,36,91,0.247,0.301,0.419,0.719,0.321,0.325,0.307,0.363,0.17,0.067,0.652,0.493,0.251,0.298,0.187,0.37,88.5
669022,Mackenzie Gore,TEX,L,2944,738,657,159,19,68,174,0.242,0.318,0.399,0.717,0.321,0.311,0.33,0.363,0.236,0.092,0.628,0.466,0.253,0.299,0.232,0.41,88.4
700241,Michael Mcgreevy,STL,R,2682,676,623,159,21,46,113,0.255,0.305,0.422,0.727,0.321,0.35,0.343,0.395,0.167,0.068,0.612,0.45,0.246,0.287,0.181,0.41,89.2
669387,Carmen Mlodzinski,PIT,R,2034,524,478,124,10,41,92,0.259,0.321,0.377,0.697,0.322,0.339,0.35,0.379,0.176,0.078,0.634,0.492,0.265,0.289,0.188,0.463,90.1
669358,Shane Baz,BAL,R,2921,768,685,179,15,61,153,0.261,0.321,0.394,0.715,0.322,0.318,0.33,0.361,0.199,0.079,0.639,0.494,0.252,0.297,0.194,0.412,89.7
681676,Ryan Fernandez,STL,R,387,100,88,19,2,11,28,0.216,0.3,0.364,0.664,0.322,0.291,0.32,0.351,0.28,0.11,0.623,0.439,0.284,0.3,0.303,0.393,87.1
544150,Albert Suárez,BAL,R,913,248,225,54,8,20,41,0.24,0.298,0.427,0.725,0.322,0.322,0.313,0.353,0.165,0.081,0.618,0.45,0.226,0.287,0.212,0.398,88.0
690925,Clayton Beeter,WSH,R,808,209,174,35,8,27,46,0.201,0.314,0.362,0.676,0.322,0.334,0.314,0.371,0.22,0.129,0.594,0.426,0.274,0.285,0.269,0.43,89.0
656492,Foster Griffin,CLE,L,2835,718,658,164,23,45,158,0.249,0.306,0.406,0.712,0.322,0.32,0.344,0.378,0.22,0.063,0.66,0.482,0.274,0.316,0.205,0.37,87.2
689546,Nick Davila,SEA,R,447,119,100,24,2,13,13,0.24,0.345,0.35,0.695,0.322,0.34,0.315,0.321,0.109,0.109,0.642,0.503,0.255,0.294,0.151,0.281,88.2
702153,Brian Fitzpatrick,MIL,L,109,30,27,7,0,3,5,0.259,0.333,0.296,0.63,0.322,0.257,0.26,0.255,0.167,0.1,0.651,0.523,0.248,0.212,0.214,0.227,80.8
657746,Joe Ryan,MIN,R,2340,591,546,133,21,30,151,0.244,0.293,0.419,0.712,0.322,0.298,0.318,0.37,0.255,0.051,0.671,0.51,0.285,0.321,0.231,0.406,88.9
681867,Cooper Criswell,SEA,R,620,160,145,39,3,10,31,0.269,0.316,0.379,0.696,0.322,0.293,0.321,0.333,0.194,0.062,0.652,0.452,0.265,0.354,0.186,0.379,86.5
663542,Bryan Hudson,CWS,L,1035,275,246,66,5,15,59,0.268,0.314,0.358,0.671,0.322,0.275,0.309,0.318,0.215,0.055,0.673,0.561,0.296,0.257,0.211,0.378,86.5
693821,Bryce Elder,ATL,R,2247,633,574,140,24,49,121,0.244,0.305,0.406,0.711,0.323,0.313,0.32,0.352,0.191,0.077,0.628,0.476,0.254,0.273,0.192,0.399,88.6
663969,Tyler Phillips,MIA,R,1964,522,465,109,17,52,99,0.234,0.315,0.387,0.702,0.323,0.33,0.325,0.364,0.19,0.1,0.64,0.465,0.295,0.322,0.248,0.425,88.9
592662,Robbie Ray,SD,L,2855,703,607,140,22,84,139,0.231,0.323,0.384,0.707,0.323,0.335,0.321,0.368,0.198,0.119,0.598,0.429,0.239,0.282,0.225,0.374,88.3
664285,Framber Valdez,DET,L,2771,756,669,169,16,67,135,0.253,0.332,0.369,0.701,0.323,0.321,0.323,0.344,0.179,0.089,0.642,0.473,0.261,0.306,0.188,0.419,88.9
813349,Connelly Early,BOS,L,1529,388,342,80,15,34,93,0.234,0.318,0.401,0.718,0.324,0.321,0.322,0.374,0.24,0.088,0.642,0.464,0.275,0.313,0.218,0.409,89.5
623454,Drew Anderson,DET,R,1772,455,402,93,16,43,114,0.231,0.313,0.398,0.711,0.324,0.305,0.316,0.359,0.251,0.095,0.652,0.445,0.285,0.35,0.254,0.379,88.9
663436,Davis Martin,CWS,R,2324,604,545,143,14,45,121,0.262,0.328,0.394,0.723,0.324,0.331,0.347,0.377,0.2,0.075,0.639,0.466,0.259,0.315,0.213,0.442,89.7
695380,Alex Hoppe,BAL,R,719,184,163,40,3,17,44,0.245,0.322,0.368,0.691,0.324,0.3,0.348,0.35,0.239,0.092,0.606,0.471,0.255,0.261,0.24,0.383,87.3
592332,Kevin Gausman,CHC,R,3005,751,693,179,26,46,184,0.258,0.303,0.418,0.722,0.324,0.309,0.341,0.384,0.245,0.061,0.66,0.456,0.286,0.349,0.256,0.4,87.9
692230,Carlos Rodriguez,MIL,R,182,42,38,10,1,4,8,0.263,0.333,0.395,0.728,0.324,0.282,0.289,0.302,0.19,0.095,0.599,0.467,0.231,0.278,0.267,0.167,83.5
694357,Ricky Tiedemann,TOR,L,124,29,22,5,0,6,8,0.227,0.414,0.227,0.641,0.324,0.347,0.376,0.368,0.276,0.207,0.573,0.427,0.347,0.229,0.333,0.286,82.7
687570,Connor Prielipp,MIN,L,2069,535,475,118,14,44,128,0.248,0.318,0.389,0.707,0.325,0.306,0.324,0.36,0.239,0.082,0.646,0.49,0.269,0.298,0.211,0.411,88.9
592866,Trevor Williams,TEX,R,486,113,98,23,4,10,31,0.235,0.31,0.398,0.708,0.325,0.31,0.347,0.38,0.274,0.088,0.619,0.43,0.253,0.31,0.242,0.371,86.6
594835,Marco Gonzales,TEX,L,121,28,25,7,0,3,3,0.28,0.357,0.36,0.717,0.325,0.267,0.236,0.245,0.107,0.107,0.612,0.463,0.231,0.306,0.118,0.227,81.9
677865,Justin Bruihl,STL,L,1306,336,290,74,4,26,53,0.255,0.332,0.359,0.691,0.325,0.323,0.315,0.335,0.158,0.077,0.636,0.47,0.257,0.292,0.165,0.351,85.3
518886,Craig Kimbrel,KC,R,786,196,170,40,4,20,40,0.235,0.323,0.371,0.694,0.325,0.316,0.32,0.344,0.204,0.102,0.602,0.429,0.229,0.287,0.214,0.366,89.0
667297,Tommy Nance,MIN,R,975,255,228,59,8,21,68,0.259,0.319,0.39,0.709,0.325,0.32,0.363,0.403,0.267,0.082,0.656,0.459,0.297,0.345,0.245,0.38,88.0
663947,Tyler Holton,DET,L,1129,299,272,71,8,19,55,0.261,0.323,0.393,0.717,0.325,0.301,0.311,0.33,0.184,0.064,0.64,0.49,0.27,0.278,0.214,0.377,86.8
696149,Bubba Chandler,PIT,R,2615,657,570,133,15,75,137,0.233,0.328,0.372,0.7,0.325,0.316,0.31,0.343,0.209,0.114,0.627,0.484,0.253,0.281,0.2,0.389,88.2
665660,Elvis Alvarado,ATH,R,917,218,192,42,9,23,61,0.219,0.307,0.417,0.724,0.325,0.325,0.322,0.407,0.28,0.106,0.634,0.484,0.268,0.285,0.28,0.473,89.8
696147,Sam Bachman,LAA,R,808,208,178,37,7,27,47,0.208,0.322,0.371,0.693,0.325,0.308,0.302,0.328,0.226,0.13,0.616,0.453,0.318,0.313,0.317,0.326,85.7
657265,Peter Strzelecki,STL,R,251,61,52,13,1,6,8,0.25,0.344,0.385,0.729,0.325,0.294,0.237,0.273,0.131,0.098,0.586,0.442,0.223,0.243,0.142,0.378,89.7
669160,Dustin May,MIL,R,2342,609,544,139,13,49,139,0.256,0.327,0.381,0.708,0.325,0.324,0.341,0.379,0.228,0.08,0.649,0.491,0.274,0.299,0.213,0.444,89.4
820862,José Fermin,LAA,R,980,234,206,49,6,23,61,0.238,0.325,0.383,0.708,0.326,0.331,0.364,0.402,0.261,0.098,0.647,0.467,0.291,0.32,0.273,0.434,90.2
681810,Austin Warren,NYM,R,888,205,178,42,6,23,53,0.236,0.332,0.404,0.736,0.326,0.326,0.348,0.385,0.259,0.112,0.615,0.449,0.314,0.26,0.25,0.383,87.9
650556,Bryan Abreu,HOU,R,1079,263,216,43,9,40,80,0.199,0.337,0.38,0.717,0.326,0.311,0.311,0.364,0.304,0.152,0.598,0.436,0.309,0.273,0.316,0.413,88.9
686753,Drey Jameson,AZ,R,306,86,74,19,1,10,13,0.257,0.349,0.378,0.727,0.326,0.341,0.333,0.349,0.151,0.116,0.644,0.487,0.297,0.306,0.264,0.306,87.1
543135,Nathan Eovaldi,TEX,R,2149,596,548,138,24,33,139,0.252,0.304,0.432,0.737,0.326,0.319,0.342,0.388,0.233,0.055,0.671,0.479,0.295,0.362,0.278,0.415,88.5
690928,Hunter Dobbins,STL,R,932,231,204,49,7,24,52,0.24,0.326,0.397,0.723,0.326,0.306,0.313,0.344,0.225,0.104,0.611,0.468,0.256,0.262,0.206,0.392,88.4
665152,Dean Kremer,MIN,R,1393,342,309,71,17,29,81,0.23,0.295,0.456,0.752,0.326,0.324,0.325,0.39,0.237,0.085,0.625,0.452,0.286,0.294,0.262,0.358,87.5
681544,Wyatt Olds,BOS,R,266,64,56,11,2,7,20,0.196,0.297,0.339,0.636,0.327,0.282,0.293,0.345,0.312,0.109,0.643,0.481,0.282,0.297,0.284,0.306,90.4
608718,Brent Suter,ATL,L,1491,363,336,85,9,24,75,0.253,0.305,0.408,0.712,0.327,0.307,0.326,0.358,0.207,0.066,0.651,0.5,0.283,0.292,0.207,0.307,85.4
672782,Yoendrys Gómez,MIN,R,1159,293,252,58,7,36,64,0.23,0.332,0.377,0.709,0.327,0.355,0.351,0.404,0.218,0.123,0.61,0.459,0.261,0.268,0.247,0.426,87.8
664076,Garrett Cleavinger,TB,L,738,180,153,37,6,20,54,0.242,0.328,0.412,0.74,0.327,0.317,0.37,0.401,0.3,0.111,0.634,0.438,0.28,0.338,0.256,0.408,85.4
670036,Matt Festa,CLE,R,1081,285,256,65,6,20,69,0.254,0.319,0.391,0.71,0.327,0.298,0.317,0.35,0.242,0.07,0.641,0.479,0.275,0.306,0.241,0.386,87.2
572955,Pierce Johnson,CIN,R,821,204,182,45,8,19,41,0.247,0.315,0.434,0.749,0.327,0.335,0.335,0.383,0.201,0.093,0.655,0.495,0.294,0.335,0.217,0.363,89.8
678394,Brayan Bello,BOS,R,1858,486,438,119,12,33,90,0.272,0.328,0.397,0.725,0.327,0.34,0.357,0.385,0.185,0.068,0.641,0.469,0.255,0.327,0.222,0.399,87.8
621074,Michael Rucker,SEA,R,703,173,155,38,6,15,45,0.245,0.32,0.394,0.713,0.328,0.313,0.346,0.382,0.26,0.087,0.647,0.475,0.29,0.325,0.238,0.369,87.9
682982,Daniel Espino,CLE,R,243,59,52,12,3,7,22,0.231,0.322,0.423,0.745,0.328,0.291,0.351,0.409,0.373,0.119,0.638,0.465,0.321,0.3,0.353,0.367,85.0
666277,George Soriano,STL,R,1171,289,248,57,10,33,66,0.23,0.324,0.403,0.727,0.328,0.325,0.314,0.368,0.228,0.114,0.638,0.443,0.292,0.331,0.275,0.392,89.0
668984,Casey Legumina,TB,R,1132,299,267,71,7,16,55,0.266,0.32,0.412,0.732,0.328,0.318,0.33,0.356,0.184,0.054,0.666,0.505,0.246,0.319,0.188,0.376,86.4
622608,Antonio Senzatela,MIL,R,1149,304,276,73,6,23,57,0.264,0.323,0.384,0.707,0.328,0.309,0.327,0.346,0.188,0.076,0.645,0.483,0.254,0.309,0.204,0.406,88.2
663941,Tristan Beck,SF,R,279,72,64,17,2,5,7,0.266,0.324,0.422,0.746,0.328,0.316,0.273,0.314,0.097,0.069,0.645,0.487,0.233,0.273,0.161,0.373,88.0
801403,Chase Dollander,COL,R,743,190,165,39,6,18,47,0.236,0.317,0.406,0.724,0.329,0.307,0.304,0.358,0.247,0.095,0.634,0.493,0.273,0.276,0.249,0.521,89.8
701519,Travis Adams,MIN,R,910,239,212,51,8,24,58,0.241,0.315,0.429,0.744,0.329,0.314,0.327,0.372,0.243,0.1,0.625,0.433,0.264,0.322,0.252,0.318,85.1
693855,Ian Seymour,TB,L,2078,535,491,113,25,32,155,0.23,0.282,0.446,0.728,0.329,0.295,0.324,0.386,0.29,0.06,0.677,0.501,0.299,0.351,0.264,0.373,86.8
621111,Walker Buehler,SD,R,2542,633,571,144,21,54,126,0.252,0.323,0.413,0.736,0.329,0.315,0.316,0.354,0.199,0.085,0.627,0.483,0.256,0.269,0.181,0.386,89.2
689818,David Sandlin,CWS,R,553,145,131,31,6,13,33,0.237,0.31,0.427,0.738,0.329,0.31,0.318,0.359,0.228,0.09,0.626,0.465,0.271,0.291,0.21,0.337,86.9
703725,Luis Gastelum,STL,R,572,147,133,33,6,11,42,0.248,0.313,0.451,0.764,0.33,0.327,0.355,0.424,0.286,0.075,0.647,0.453,0.327,0.329,0.331,0.315,86.5
668941,Jojo Romero,MIL,L,887,226,204,50,7,16,50,0.245,0.312,0.397,0.71,0.33,0.331,0.346,0.39,0.221,0.071,0.63,0.467,0.293,0.275,0.185,0.391,89.6
805673,Zebby Matthews,MIN,R,2117,545,498,125,24,39,116,0.251,0.308,0.446,0.754,0.33,0.321,0.325,0.375,0.213,0.072,0.634,0.487,0.257,0.28,0.207,0.425,90.5
681517,Kyle Leahy,STL,R,2291,588,539,144,15,41,128,0.267,0.324,0.416,0.74,0.331,0.337,0.358,0.402,0.218,0.07,0.633,0.491,0.262,0.268,0.2,0.47,90.8
668933,Graham Ashcraft,CIN,R,587,137,115,26,2,21,38,0.226,0.35,0.339,0.689,0.331,0.294,0.307,0.325,0.277,0.153,0.615,0.445,0.29,0.333,0.285,0.358,87.2
677955,Jaden Hill,COL,R,685,177,152,35,3,21,38,0.23,0.333,0.362,0.695,0.331,0.307,0.304,0.326,0.215,0.119,0.628,0.482,0.272,0.277,0.257,0.357,88.6
681799,Ethan Roberts,CHC,R,437,110,93,22,3,14,17,0.237,0.355,0.376,0.731,0.331,0.342,0.312,0.337,0.155,0.127,0.6,0.469,0.252,0.251,0.205,0.447,91.1
642547,Freddy Peralta,TB,R,2867,708,633,157,23,60,152,0.248,0.32,0.419,0.738,0.331,0.301,0.307,0.34,0.215,0.085,0.612,0.423,0.246,0.312,0.235,0.375,86.9
663855,Jordan Hicks,CWS,R,882,210,179,41,4,29,62,0.229,0.338,0.346,0.684,0.331,0.266,0.305,0.297,0.295,0.138,0.612,0.46,0.285,0.302,0.255,0.333,88.0
688883,Peyton Pallette,CLE,R,442,97,78,17,2,16,22,0.218,0.371,0.346,0.717,0.332,0.356,0.348,0.378,0.227,0.165,0.581,0.464,0.285,0.215,0.257,0.429,89.5
607200,Erick Fedde,CWS,R,2422,606,547,139,23,50,99,0.254,0.318,0.424,0.743,0.332,0.334,0.316,0.364,0.163,0.083,0.601,0.456,0.252,0.242,0.174,0.405,88.7
542888,Shawn Armstrong,CLE,R,602,148,126,29,4,18,33,0.23,0.333,0.373,0.706,0.332,0.307,0.283,0.331,0.223,0.122,0.625,0.508,0.233,0.24,0.19,0.344,87.1
687239,Ben Peoples,TEX,R,282,68,58,14,3,8,10,0.241,0.338,0.414,0.752,0.332,0.306,0.268,0.295,0.147,0.118,0.645,0.45,0.238,0.361,0.212,0.265,84.9
687064,Brandon Young,BAL,R,2448,650,582,147,22,58,126,0.253,0.323,0.412,0.735,0.332,0.319,0.322,0.356,0.194,0.089,0.642,0.467,0.257,0.338,0.221,0.394,88.8
694361,Will Klein,LAD,R,767,187,165,43,3,19,49,0.261,0.348,0.339,0.687,0.332,0.288,0.336,0.333,0.262,0.102,0.623,0.476,0.286,0.285,0.215,0.379,88.5
668873,Caleb Kilian,PHI,R,794,208,183,43,6,20,56,0.235,0.312,0.355,0.667,0.332,0.292,0.314,0.355,0.269,0.096,0.641,0.477,0.281,0.322,0.255,0.349,85.5
702752,Jonathan Pintaro,NYM,R,507,126,106,24,5,15,30,0.226,0.339,0.396,0.735,0.332,0.317,0.305,0.351,0.238,0.119,0.617,0.456,0.264,0.28,0.234,0.405,87.9
621016,José Cuas,KC,R,418,93,81,23,0,11,23,0.284,0.366,0.346,0.711,0.332,0.334,0.4,0.398,0.247,0.118,0.605,0.409,0.249,0.321,0.249,0.328,83.2
676083,Janson Junk,MIA,R,1919,506,466,124,14,32,84,0.266,0.317,0.414,0.731,0.333,0.316,0.314,0.35,0.166,0.063,0.66,0.526,0.236,0.284,0.13,0.385,88.8
622088,Tejay Antone,CIN,R,890,222,194,44,6,16,54,0.227,0.306,0.387,0.693,0.333,0.301,0.317,0.352,0.243,0.072,0.662,0.483,0.316,0.334,0.256,0.338,85.5
672629,Gerardo Carrillo,AZ,R,320,81,65,14,0,15,21,0.215,0.37,0.292,0.663,0.333,0.299,0.275,0.296,0.259,0.185,0.556,0.425,0.272,0.233,0.272,0.286,87.4
696070,Kendry Rojas,MIN,L,521,130,104,23,2,22,34,0.221,0.362,0.327,0.689,0.333,0.288,0.266,0.293,0.262,0.169,0.585,0.445,0.257,0.256,0.254,0.315,83.8
815081,Mark Manfredi,COL,L,270,68,59,15,1,9,15,0.254,0.353,0.39,0.743,0.333,0.332,0.314,0.371,0.221,0.132,0.607,0.496,0.27,0.213,0.202,0.455,90.8
689147,Orion Kerkering,PHI,R,1097,267,225,50,5,33,63,0.222,0.338,0.36,0.698,0.333,0.303,0.299,0.321,0.236,0.124,0.605,0.458,0.286,0.281,0.24,0.311,85.3
681190,Randy Vásquez,SD,R,2162,568,520,138,16,36,85,0.265,0.316,0.431,0.746,0.333,0.358,0.345,0.396,0.15,0.063,0.656,0.515,0.237,0.282,0.168,0.437,91.1
571927,Steven Matz,TB,L,1312,333,302,72,14,25,58,0.238,0.298,0.44,0.739,0.333,0.34,0.338,0.381,0.174,0.075,0.651,0.511,0.258,0.293,0.18,0.343,87.2
670167,John Schreiber,NYY,R,1001,242,216,49,7,22,39,0.227,0.299,0.38,0.678,0.333,0.312,0.304,0.331,0.161,0.091,0.616,0.467,0.262,0.275,0.193,0.384,87.7
571948,Hoby Milner,SEA,L,636,164,148,39,5,9,21,0.264,0.315,0.426,0.74,0.333,0.353,0.345,0.378,0.128,0.055,0.648,0.502,0.261,0.284,0.144,0.397,88.0
663568,Stephen Kolek,KC,R,838,223,209,54,7,12,34,0.258,0.305,0.431,0.736,0.334,0.303,0.314,0.33,0.152,0.054,0.64,0.504,0.245,0.267,0.181,0.369,88.2
660853,Enyel De Los Santos,HOU,R,1159,301,277,69,11,19,67,0.249,0.298,0.44,0.738,0.334,0.286,0.296,0.338,0.223,0.063,0.663,0.483,0.263,0.331,0.255,0.376,87.5
664126,Pete Fairbanks,MIA,R,768,182,158,35,8,20,57,0.222,0.319,0.424,0.743,0.334,0.322,0.332,0.417,0.313,0.11,0.65,0.466,0.331,0.311,0.29,0.431,90.3
656529,Sam Hentges,SF,L,661,165,136,34,0,23,38,0.25,0.37,0.294,0.664,0.334,0.308,0.309,0.318,0.23,0.139,0.593,0.455,0.275,0.246,0.249,0.296,86.1
690953,Mick Abel,MIN,R,361,93,81,22,0,9,23,0.272,0.366,0.346,0.711,0.334,0.349,0.384,0.415,0.247,0.097,0.662,0.504,0.294,0.331,0.249,0.404,85.6
621053,Tyler Ferguson,CHC,R,293,78,71,15,6,4,21,0.211,0.282,0.507,0.789,0.334,0.324,0.317,0.406,0.269,0.051,0.666,0.447,0.3,0.346,0.259,0.46,90.4
691946,George Klassen,LAA,R,491,124,101,22,2,21,24,0.218,0.355,0.317,0.672,0.335,0.358,0.341,0.372,0.194,0.169,0.587,0.462,0.259,0.254,0.281,0.456,89.0
675660,Shane Drohan,MIL,L,1933,507,455,118,14,42,121,0.259,0.326,0.418,0.744,0.335,0.302,0.316,0.355,0.239,0.083,0.646,0.478,0.282,0.326,0.247,0.383,87.6
686580,Justin Slaten,BOS,R,508,136,126,34,4,8,39,0.27,0.313,0.413,0.726,0.335,0.266,0.323,0.345,0.287,0.059,0.671,0.522,0.283,0.333,0.236,0.367,87.0
671345,Jason Foley,SF,R,419,107,98,27,2,8,14,0.276,0.327,0.418,0.745,0.335,0.311,0.304,0.326,0.131,0.075,0.585,0.468,0.229,0.233,0.158,0.376,86.8
686790,Trevor Mcdonald,SF,R,1138,308,270,69,7,23,57,0.256,0.339,0.385,0.724,0.335,0.312,0.312,0.33,0.185,0.075,0.632,0.482,0.276,0.289,0.203,0.378,88.7
683409,Angel Chivilli,NYY,R,285,72,64,14,4,7,16,0.219,0.306,0.438,0.743,0.336,0.309,0.293,0.346,0.222,0.097,0.618,0.428,0.27,0.313,0.315,0.388,86.7
453286,Max Scherzer,TOR,R,1348,338,300,72,15,34,60,0.24,0.32,0.427,0.747,0.336,0.32,0.3,0.345,0.178,0.101,0.642,0.472,0.239,0.321,0.185,0.338,87.0
691951,Sam Aldegheri,LAA,L,610,152,131,31,5,17,22,0.237,0.322,0.397,0.719,0.336,0.355,0.326,0.369,0.145,0.112,0.618,0.461,0.248,0.277,0.19,0.351,86.0
593974,Wandy Peralta,SD,L,1205,317,289,79,7,22,49,0.273,0.33,0.422,0.752,0.336,0.317,0.33,0.342,0.155,0.069,0.634,0.444,0.226,0.325,0.202,0.35,86.6
657612,Tim Hill,NYY,L,812,237,217,52,12,11,25,0.24,0.297,0.424,0.721,0.336,0.327,0.296,0.334,0.105,0.046,0.672,0.537,0.236,0.272,0.111,0.438,88.1
607067,Colin Rea,CHC,R,2206,581,522,135,21,47,100,0.259,0.327,0.425,0.752,0.336,0.354,0.339,0.393,0.172,0.081,0.636,0.474,0.251,0.302,0.177,0.419,89.3
664991,Grant Wolfram,BAL,L,895,222,199,52,3,15,59,0.261,0.324,0.397,0.721,0.337,0.289,0.33,0.358,0.266,0.068,0.648,0.477,0.276,0.317,0.233,0.357,85.9
664854,Ryan Helsley,BAL,R,277,69,61,13,3,8,21,0.213,0.304,0.393,0.698,0.337,0.265,0.287,0.321,0.304,0.116,0.603,0.44,0.318,0.298,0.363,0.474,88.3
676282,Joey Cantillo,CLE,L,2672,668,578,142,17,79,165,0.246,0.341,0.393,0.734,0.337,0.31,0.32,0.355,0.247,0.118,0.621,0.473,0.3,0.277,0.281,0.401,87.6
676664,Jp Sears,SD,L,529,142,128,33,6,11,25,0.258,0.324,0.422,0.746,0.338,0.345,0.328,0.384,0.176,0.077,0.62,0.473,0.234,0.272,0.187,0.452,90.1
677958,Kumar Rocker,TEX,R,2428,627,560,144,20,59,134,0.257,0.33,0.429,0.759,0.338,0.328,0.335,0.376,0.214,0.094,0.619,0.459,0.256,0.311,0.243,0.402,89.0
681293,Spencer Arrighetti,TOR,R,1944,491,406,88,18,64,106,0.217,0.342,0.384,0.726,0.338,0.349,0.324,0.378,0.216,0.13,0.597,0.448,0.275,0.261,0.234,0.314,86.5
669456,Shane Bieber,TOR,R,930,242,217,55,10,24,44,0.253,0.326,0.438,0.764,0.338,0.368,0.354,0.415,0.182,0.099,0.603,0.409,0.263,0.295,0.211,0.46,89.9
666808,Camilo Doval,PIT,R,1019,266,224,55,7,30,62,0.246,0.332,0.379,0.712,0.338,0.304,0.318,0.339,0.233,0.113,0.605,0.45,0.258,0.286,0.247,0.479,89.7
696270,Ryan Johnson,LAA,R,1636,411,362,89,18,39,76,0.246,0.327,0.425,0.752,0.338,0.337,0.318,0.369,0.185,0.095,0.632,0.487,0.271,0.283,0.224,0.36,87.0
673929,Jordan Leasure,CWS,R,318,78,70,15,6,7,18,0.214,0.282,0.5,0.782,0.339,0.406,0.364,0.507,0.231,0.09,0.616,0.412,0.236,0.341,0.253,0.442,92.4
695549,Jackson Jobe,DET,R,685,172,152,35,7,14,43,0.23,0.308,0.434,0.742,0.339,0.312,0.324,0.369,0.25,0.081,0.628,0.444,0.239,0.328,0.2,0.351,88.3
668881,Hunter Greene,CIN,R,456,120,110,29,4,9,33,0.264,0.317,0.427,0.744,0.339,0.325,0.382,0.419,0.275,0.075,0.671,0.507,0.274,0.32,0.256,0.468,90.2
695684,Elmer Rodriguez,NYY,R,497,125,103,26,2,16,20,0.252,0.376,0.35,0.726,0.339,0.357,0.324,0.359,0.16,0.128,0.581,0.443,0.292,0.242,0.273,0.361,86.8
690155,Matt Pushard,STL,R,120,32,26,6,0,4,6,0.231,0.344,0.269,0.613,0.339,0.347,0.366,0.362,0.188,0.125,0.592,0.408,0.242,0.239,0.163,0.5,89.2
664299,Cristian Javier,HOU,R,1110,276,245,64,10,28,59,0.261,0.341,0.433,0.773,0.34,0.334,0.335,0.38,0.214,0.101,0.639,0.46,0.263,0.334,0.269,0.337,89.0
669145,Bruce Zimmermann,STL,L,72,21,20,6,0,1,2,0.3,0.333,0.45,0.783,0.34,0.261,0.261,0.265,0.095,0.048,0.639,0.486,0.278,0.243,0.107,0.278,87.2
805074,Yunior Marte,SF,R,312,83,74,18,3,9,11,0.243,0.325,0.459,0.785,0.34,0.336,0.295,0.343,0.133,0.108,0.599,0.474,0.231,0.244,0.179,0.413,87.8
677961,Cole Wilcox,SEA,R,492,122,103,27,2,16,27,0.262,0.369,0.34,0.709,0.34,0.355,0.391,0.404,0.221,0.131,0.634,0.467,0.303,0.31,0.279,0.461,91.1
656605,Mitch Keller,PIT,R,1888,502,450,117,15,42,88,0.26,0.333,0.427,0.759,0.34,0.355,0.359,0.394,0.175,0.084,0.636,0.485,0.251,0.292,0.188,0.423,89.2
701719,Tyler Samaniego,BOS,L,315,90,77,22,1,8,17,0.286,0.364,0.351,0.714,0.34,0.331,0.344,0.362,0.189,0.089,0.622,0.489,0.26,0.256,0.193,0.365,85.8
605288,Adrian Houser,SF,R,1732,469,423,109,15,34,74,0.258,0.315,0.435,0.75,0.34,0.339,0.326,0.372,0.158,0.072,0.633,0.492,0.245,0.256,0.162,0.42,88.8
674370,Osvaldo Bido,CWS,R,317,81,67,15,3,10,11,0.224,0.358,0.403,0.761,0.341,0.377,0.326,0.368,0.136,0.123,0.625,0.416,0.268,0.319,0.221,0.411,88.5
679358,Eric Orze,MIN,R,685,188,161,42,1,19,36,0.261,0.339,0.373,0.711,0.341,0.313,0.327,0.337,0.191,0.101,0.631,0.48,0.291,0.276,0.21,0.292,85.5
656427,Jack Flaherty,DET,R,1643,388,334,80,11,41,101,0.24,0.332,0.416,0.748,0.341,0.323,0.341,0.385,0.26,0.106,0.61,0.444,0.27,0.275,0.247,0.462,89.3
676661,Max Lazar,PHI,R,138,37,34,7,3,3,6,0.206,0.27,0.471,0.741,0.341,0.307,0.272,0.331,0.162,0.081,0.652,0.529,0.254,0.246,0.179,0.379,91.6
573204,Caleb Thielbar,CHC,L,846,204,187,46,11,14,59,0.246,0.302,0.455,0.757,0.341,0.332,0.361,0.443,0.289,0.069,0.664,0.472,0.28,0.358,0.246,0.388,87.8
642701,Dennis Santana,AZ,R,876,232,207,49,9,21,48,0.237,0.316,0.43,0.746,0.341,0.324,0.32,0.365,0.207,0.091,0.64,0.449,0.269,0.331,0.233,0.399,88.4
669194,Ryne Nelson,AZ,R,1345,365,335,81,18,23,64,0.242,0.299,0.463,0.761,0.341,0.351,0.324,0.397,0.175,0.063,0.669,0.5,0.222,0.336,0.169,0.438,90.6
806188,Cade Gibson,MIA,L,873,221,189,49,4,20,43,0.259,0.342,0.365,0.708,0.342,0.29,0.305,0.302,0.195,0.09,0.647,0.467,0.292,0.315,0.199,0.362,85.2
703615,Jose Cabrera,AZ,R,424,119,105,27,4,10,18,0.257,0.339,0.41,0.749,0.342,0.339,0.303,0.354,0.151,0.084,0.606,0.458,0.238,0.275,0.161,0.33,82.9
685126,Brandon Eisert,PIT,L,767,185,165,42,6,14,49,0.255,0.317,0.43,0.747,0.342,0.287,0.326,0.355,0.265,0.076,0.608,0.422,0.279,0.298,0.288,0.372,86.6
625643,Reynaldo López,ATL,R,1370,345,307,80,11,34,72,0.261,0.334,0.43,0.764,0.342,0.335,0.344,0.385,0.209,0.099,0.617,0.47,0.258,0.272,0.21,0.359,87.1
682227,Brandon Williamson,CIN,L,835,214,181,43,8,26,33,0.238,0.341,0.42,0.761,0.343,0.365,0.326,0.378,0.154,0.121,0.593,0.463,0.25,0.243,0.223,0.417,88.1
702275,Jr Ritchie,ATL,R,1195,300,252,57,12,40,66,0.226,0.343,0.417,0.76,0.343,0.338,0.319,0.368,0.22,0.133,0.583,0.435,0.253,0.261,0.212,0.396,89.1
663623,Jake Irvin,WSH,R,1838,446,387,93,18,46,104,0.24,0.332,0.424,0.756,0.343,0.346,0.337,0.403,0.233,0.103,0.63,0.505,0.266,0.248,0.216,0.446,89.0
665665,Reiver Sanmartin,SF,L,349,92,85,22,3,6,16,0.259,0.308,0.435,0.743,0.343,0.309,0.322,0.347,0.174,0.065,0.619,0.444,0.275,0.321,0.212,0.371,86.2
671096,Andrew Abbott,CIN,L,2869,718,635,162,26,76,131,0.255,0.332,0.431,0.763,0.343,0.337,0.329,0.37,0.182,0.106,0.625,0.472,0.257,0.289,0.199,0.387,88.7
677053,Andrew Nardi,MIA,L,378,99,86,21,4,11,27,0.244,0.337,0.442,0.779,0.343,0.348,0.351,0.436,0.273,0.111,0.648,0.497,0.302,0.289,0.278,0.45,88.7
552640,Andrew Kittredge,BAL,R,719,215,203,55,6,10,40,0.271,0.304,0.409,0.713,0.344,0.308,0.333,0.36,0.186,0.047,0.694,0.487,0.277,0.404,0.213,0.374,87.0
701542,Will Warren,NYY,R,2592,661,597,155,21,53,151,0.26,0.321,0.436,0.757,0.344,0.324,0.348,0.385,0.228,0.08,0.627,0.461,0.278,0.289,0.207,0.448,90.6
688497,Taylor Rashi,ATH,R,88,26,23,6,1,3,5,0.261,0.346,0.435,0.781,0.344,0.359,0.355,0.402,0.192,0.115,0.67,0.545,0.318,0.325,0.311,0.5,89.2
808963,Roki Sasaki,LAD,R,2072,517,461,113,22,48,119,0.245,0.322,0.466,0.788,0.344,0.322,0.332,0.376,0.23,0.093,0.643,0.468,0.278,0.334,0.272,0.43,89.3
702273,Noah Schultz,CWS,L,1220,311,266,64,9,31,64,0.241,0.339,0.402,0.741,0.344,0.351,0.348,0.392,0.206,0.1,0.63,0.494,0.271,0.277,0.198,0.396,87.5
669923,George Kirby,SEA,R,2764,740,687,196,22,46,146,0.285,0.332,0.447,0.778,0.344,0.315,0.336,0.366,0.197,0.062,0.666,0.492,0.257,0.342,0.211,0.401,89.1
622694,Elieser Hernández,ATL,R,207,50,44,10,3,5,11,0.227,0.32,0.432,0.752,0.345,0.272,0.261,0.284,0.22,0.1,0.618,0.449,0.285,0.3,0.242,0.375,88.0
669684,Chris Murphy,CWS,L,614,151,129,32,4,16,35,0.248,0.344,0.426,0.771,0.346,0.303,0.298,0.33,0.232,0.106,0.642,0.505,0.272,0.283,0.267,0.358,86.5
686799,Jack Kochanowicz,LAA,R,1111,292,248,65,7,35,47,0.262,0.36,0.387,0.747,0.346,0.359,0.337,0.374,0.161,0.12,0.605,0.469,0.256,0.255,0.225,0.428,88.9
672335,Cionel Pérez,NYM,L,747,188,171,46,7,17,42,0.269,0.335,0.415,0.75,0.346,0.345,0.353,0.411,0.223,0.09,0.636,0.469,0.273,0.302,0.219,0.492,91.0
595014,Blake Treinen,LAD,R,499,129,115,29,3,11,31,0.252,0.32,0.426,0.746,0.346,0.343,0.359,0.419,0.24,0.085,0.639,0.457,0.281,0.335,0.248,0.412,85.7
674444,Steven Cruz,KC,R,939,246,223,54,14,18,65,0.242,0.307,0.457,0.765,0.346,0.312,0.341,0.389,0.264,0.073,0.656,0.529,0.264,0.277,0.255,0.373,87.7
700249,Cade Povich,BAL,L,611,159,143,39,6,15,28,0.273,0.346,0.441,0.786,0.346,0.332,0.316,0.361,0.176,0.094,0.615,0.455,0.247,0.294,0.207,0.397,90.0
656849,David Peterson,CHC,L,2388,642,569,152,15,63,130,0.267,0.342,0.401,0.742,0.346,0.333,0.347,0.376,0.202,0.098,0.63,0.466,0.263,0.288,0.208,0.401,88.2
605400,Aaron Nola,PHI,R,2934,738,672,173,36,57,177,0.257,0.315,0.47,0.785,0.346,0.312,0.328,0.377,0.24,0.077,0.634,0.438,0.289,0.334,0.254,0.399,87.8
683004,Jack Leiter,TEX,R,1397,355,314,80,14,35,83,0.255,0.335,0.439,0.775,0.346,0.337,0.35,0.395,0.234,0.099,0.636,0.48,0.272,0.303,0.241,0.399,87.8
678906,Kai-Wei Teng,HOU,R,1266,331,284,69,10,33,73,0.243,0.348,0.412,0.76,0.346,0.339,0.336,0.377,0.221,0.1,0.626,0.477,0.299,0.285,0.255,0.39,88.9
683352,Mitch Bratt,AZ,L,730,193,164,40,5,26,30,0.244,0.351,0.415,0.765,0.347,0.312,0.278,0.304,0.155,0.135,0.621,0.492,0.211,0.251,0.129,0.338,85.2
676684,Will Vest,DET,R,484,115,101,28,2,10,27,0.277,0.351,0.386,0.737,0.347,0.307,0.333,0.354,0.235,0.087,0.647,0.463,0.277,0.335,0.234,0.351,88.3
680767,Victor Vodnik,MIA,R,997,256,216,57,3,31,42,0.264,0.357,0.375,0.732,0.347,0.317,0.302,0.318,0.164,0.121,0.599,0.459,0.236,0.257,0.218,0.394,89.8
691725,Andrew Painter,PHI,R,2033,528,471,127,21,44,107,0.27,0.336,0.444,0.78,0.348,0.325,0.326,0.369,0.203,0.083,0.645,0.471,0.264,0.336,0.231,0.355,86.7
605130,Scott Barlow,ATH,R,589,153,126,26,7,18,29,0.206,0.333,0.429,0.762,0.349,0.358,0.308,0.376,0.19,0.118,0.586,0.394,0.301,0.315,0.323,0.361,87.9
678606,José Ferrer,SEA,L,1077,287,262,73,7,16,54,0.279,0.337,0.401,0.738,0.349,0.304,0.31,0.339,0.188,0.056,0.666,0.534,0.256,0.293,0.183,0.368,86.2
683232,Nick Mears,KC,R,344,82,71,18,2,10,15,0.254,0.341,0.437,0.778,0.349,0.382,0.38,0.428,0.183,0.122,0.608,0.424,0.247,0.287,0.174,0.509,90.3
695611,Gage Jump,ATH,L,1762,437,384,103,12,44,108,0.268,0.346,0.424,0.77,0.35,0.329,0.365,0.392,0.247,0.101,0.643,0.484,0.275,0.302,0.236,0.398,89.0
621237,José Alvarado,PHI,L,1103,263,230,62,5,24,70,0.27,0.359,0.4,0.759,0.35,0.306,0.341,0.36,0.266,0.091,0.6,0.411,0.257,0.321,0.251,0.308,85.9
656986,Bennett Sousa,HOU,L,515,134,114,31,4,18,30,0.272,0.368,0.412,0.781,0.35,0.307,0.296,0.333,0.224,0.134,0.662,0.507,0.328,0.327,0.307,0.337,87.5
690986,Kyle Harrison,MIL,L,2078,499,456,120,20,36,137,0.263,0.325,0.45,0.774,0.35,0.309,0.354,0.391,0.275,0.072,0.656,0.488,0.294,0.323,0.255,0.387,88.9
689690,Alek Jacob,SD,R,87,23,20,5,1,2,6,0.25,0.348,0.45,0.798,0.35,0.272,0.256,0.296,0.261,0.087,0.655,0.402,0.322,0.423,0.356,0.357,85.6
680694,Kyle Bradish,BAL,R,2630,663,586,155,20,69,142,0.265,0.342,0.435,0.778,0.35,0.324,0.324,0.366,0.214,0.104,0.62,0.45,0.265,0.301,0.224,0.388,88.0
573124,Taylor Rogers,MIN,L,1078,266,231,63,5,25,53,0.273,0.354,0.403,0.756,0.35,0.314,0.312,0.341,0.199,0.094,0.618,0.474,0.274,0.249,0.174,0.282,84.2
680723,Drew Rom,ATH,L,266,71,63,17,1,6,17,0.27,0.329,0.444,0.773,0.35,0.335,0.357,0.409,0.239,0.085,0.605,0.523,0.267,0.163,0.194,0.521,93.6
695534,Chase Petty,CIN,R,477,137,123,31,6,9,15,0.252,0.314,0.455,0.769,0.351,0.361,0.317,0.373,0.109,0.066,0.637,0.482,0.245,0.279,0.187,0.375,88.5
661563,Luis Gil,NYY,R,455,114,96,21,6,14,17,0.219,0.342,0.438,0.78,0.351,0.352,0.296,0.347,0.149,0.123,0.6,0.451,0.248,0.244,0.155,0.481,91.3
676620,Blake Weiman,LAA,L,276,72,69,21,3,0,15,0.304,0.3,0.478,0.778,0.351,0.271,0.298,0.345,0.208,0.0,0.681,0.514,0.297,0.333,0.222,0.316,84.5
687473,Ryan Gusto,MIA,R,1437,393,358,99,11,28,72,0.277,0.336,0.436,0.772,0.351,0.341,0.354,0.386,0.183,0.071,0.683,0.537,0.278,0.304,0.18,0.432,89.5
696131,Mason Black,KC,R,557,142,119,30,6,20,19,0.252,0.366,0.429,0.795,0.352,0.387,0.338,0.391,0.134,0.141,0.6,0.487,0.25,0.211,0.16,0.465,91.3
675911,Spencer Strider,ATL,R,691,165,142,33,9,20,46,0.232,0.327,0.5,0.827,0.352,0.29,0.278,0.339,0.279,0.121,0.618,0.45,0.274,0.287,0.262,0.367,88.5
668964,Tobias Myers,NYM,R,826,224,204,56,9,15,39,0.275,0.32,0.495,0.815,0.352,0.317,0.325,0.357,0.174,0.067,0.66,0.507,0.235,0.288,0.185,0.444,90.0
687312,Gabriel Hughes,COL,R,1145,281,250,68,7,23,56,0.272,0.337,0.436,0.773,0.352,0.305,0.311,0.34,0.199,0.082,0.637,0.506,0.245,0.266,0.181,0.32,86.6
641778,Eric Lauer,LAD,L,1816,467,420,107,26,35,72,0.255,0.317,0.483,0.8,0.352,0.342,0.31,0.371,0.154,0.075,0.655,0.477,0.215,0.328,0.154,0.36,87.5
682825,Luis Mey,CIN,R,626,151,124,33,3,20,46,0.266,0.38,0.387,0.767,0.352,0.332,0.365,0.417,0.305,0.132,0.612,0.497,0.312,0.229,0.283,0.446,91.5
695239,Robby Ahlstrom,TEX,L,660,162,146,38,7,12,34,0.26,0.329,0.459,0.788,0.353,0.319,0.332,0.365,0.21,0.074,0.617,0.494,0.256,0.252,0.23,0.306,85.4
679775,Kyle Backhus,PHI,L,354,93,84,24,3,6,20,0.286,0.344,0.44,0.785,0.353,0.308,0.325,0.353,0.215,0.065,0.644,0.489,0.288,0.271,0.18,0.303,85.1
675848,Juan Mejia,COL,R,1287,311,265,74,6,37,64,0.279,0.37,0.396,0.766,0.353,0.329,0.341,0.36,0.206,0.119,0.626,0.462,0.265,0.298,0.226,0.379,87.9
674003,Cody Bradford,TEX,L,696,186,173,52,5,10,21,0.301,0.341,0.457,0.797,0.353,0.344,0.32,0.365,0.113,0.054,0.69,0.534,0.264,0.318,0.153,0.387,87.8
683175,Connor Phillips,CIN,R,547,133,101,21,3,28,28,0.208,0.391,0.356,0.747,0.353,0.377,0.331,0.384,0.211,0.211,0.574,0.452,0.269,0.211,0.242,0.405,89.8
664353,José Urquidy,PHI,R,558,149,139,41,4,7,27,0.295,0.336,0.446,0.782,0.353,0.285,0.3,0.32,0.181,0.047,0.69,0.529,0.276,0.332,0.199,0.351,87.4
685112,Zach Mccambley,CIN,R,193,47,41,11,1,5,10,0.268,0.362,0.39,0.752,0.354,0.359,0.379,0.409,0.213,0.106,0.637,0.466,0.301,0.33,0.278,0.5,90.7
657756,Connor Seabold,KC,R,476,113,98,30,2,9,20,0.306,0.372,0.429,0.8,0.354,0.308,0.319,0.325,0.177,0.08,0.639,0.466,0.242,0.303,0.16,0.37,87.5
676755,Isaac Mattson,PIT,R,728,176,156,44,3,18,35,0.282,0.358,0.436,0.794,0.354,0.374,0.38,0.434,0.199,0.102,0.648,0.514,0.24,0.274,0.18,0.521,90.6
815083,Mitch Farris,LAA,L,954,247,219,55,9,27,60,0.251,0.336,0.443,0.779,0.354,0.335,0.353,0.399,0.243,0.109,0.605,0.419,0.274,0.286,0.251,0.449,89.2
640455,Sean Manaea,NYM,L,2393,627,558,145,23,43,140,0.26,0.326,0.464,0.791,0.354,0.335,0.341,0.395,0.223,0.069,0.668,0.517,0.268,0.309,0.209,0.419,88.5
650644,Aaron Civale,CHC,R,1866,482,441,122,18,32,90,0.277,0.331,0.467,0.798,0.354,0.321,0.322,0.364,0.187,0.066,0.649,0.495,0.273,0.309,0.184,0.407,88.4
518876,Merrill Kelly,AZ,R,2626,707,625,166,28,68,113,0.266,0.338,0.459,0.797,0.354,0.377,0.357,0.415,0.16,0.096,0.631,0.429,0.234,0.348,0.196,0.415,88.8
678022,Jack Perkins,ATH,R,2016,514,455,119,20,45,131,0.262,0.339,0.451,0.79,0.354,0.312,0.329,0.371,0.255,0.088,0.642,0.462,0.283,0.337,0.249,0.367,88.0
670183,Garrett Acton,MIN,R,207,51,43,10,1,5,14,0.233,0.333,0.395,0.729,0.354,0.318,0.319,0.377,0.275,0.098,0.623,0.449,0.319,0.282,0.323,0.517,92.8
684665,Luke Murphy,LAA,R,351,83,72,19,1,10,18,0.264,0.361,0.361,0.723,0.355,0.316,0.323,0.35,0.217,0.12,0.61,0.453,0.239,0.281,0.182,0.365,86.9
675627,Michael Grove,TB,R,89,28,27,7,3,0,6,0.259,0.25,0.63,0.88,0.355,0.423,0.372,0.539,0.214,0.0,0.719,0.528,0.36,0.381,0.289,0.364,90.8
607455,Anthony Banda,MIN,L,610,156,133,31,3,14,33,0.233,0.342,0.398,0.74,0.355,0.325,0.312,0.348,0.212,0.09,0.6,0.441,0.262,0.271,0.245,0.39,88.4
656234,Jake Bird,WSH,R,679,172,152,42,6,13,41,0.276,0.349,0.454,0.803,0.355,0.318,0.321,0.371,0.238,0.076,0.63,0.505,0.323,0.236,0.255,0.363,89.0
656288,Griffin Canning,SD,R,1481,377,329,89,14,40,85,0.271,0.356,0.438,0.794,0.355,0.328,0.332,0.373,0.225,0.106,0.604,0.447,0.261,0.27,0.241,0.447,90.0
642207,Devin Williams,NYM,R,745,183,161,43,3,20,52,0.267,0.348,0.379,0.727,0.356,0.282,0.33,0.343,0.284,0.109,0.652,0.423,0.307,0.39,0.322,0.296,85.9
605135,Chris Bassitt,BAL,R,1733,462,411,120,10,38,74,0.292,0.361,0.421,0.782,0.356,0.338,0.341,0.362,0.16,0.082,0.63,0.487,0.253,0.254,0.188,0.378,87.8
641585,J. P. France,HOU,R,117,31,25,6,1,5,4,0.24,0.387,0.4,0.787,0.356,0.42,0.349,0.419,0.129,0.161,0.598,0.513,0.205,0.211,0.132,0.429,89.9
682608,Peyton Gray,TEX,R,954,247,225,56,9,14,60,0.249,0.298,0.427,0.725,0.356,0.292,0.324,0.357,0.243,0.057,0.667,0.501,0.285,0.324,0.232,0.345,86.4
622663,Luis Severino,ATH,R,1086,271,236,61,9,31,65,0.258,0.349,0.432,0.782,0.357,0.318,0.319,0.365,0.24,0.114,0.635,0.48,0.252,0.313,0.196,0.387,88.1
641743,Anthony Kay,CWS,L,2714,686,597,156,21,54,125,0.261,0.345,0.427,0.772,0.357,0.342,0.334,0.371,0.182,0.079,0.624,0.442,0.255,0.327,0.216,0.39,87.4
677944,Slade Cecconi,CLE,R,2003,525,478,134,19,38,99,0.28,0.334,0.454,0.788,0.357,0.334,0.337,0.381,0.189,0.072,0.638,0.497,0.258,0.277,0.186,0.414,88.7
676272,Bobby Miller,LAD,R,104,23,19,4,1,1,3,0.211,0.348,0.474,0.822,0.357,0.449,0.372,0.465,0.13,0.043,0.548,0.404,0.24,0.241,0.179,0.5,92.5
656222,Jalen Beeks,TEX,L,411,113,104,28,6,7,21,0.269,0.315,0.49,0.806,0.357,0.363,0.354,0.427,0.186,0.062,0.645,0.518,0.282,0.284,0.224,0.429,88.2
666142,Cole Ragans,KC,L,639,152,128,27,10,23,45,0.211,0.329,0.484,0.813,0.358,0.344,0.338,0.433,0.296,0.151,0.604,0.444,0.279,0.279,0.283,0.398,89.1
660825,Eduard Bazardo,SEA,R,1103,286,255,70,12,22,67,0.275,0.331,0.463,0.794,0.358,0.336,0.354,0.407,0.234,0.077,0.649,0.527,0.294,0.259,0.207,0.402,88.5
657044,Ryan Thompson,AZ,R,667,186,171,51,3,10,29,0.298,0.346,0.427,0.773,0.358,0.311,0.332,0.339,0.156,0.054,0.658,0.466,0.267,0.356,0.184,0.34,87.2
689520,Cody Laweryson,MIN,R,296,77,65,15,3,8,18,0.231,0.325,0.415,0.74,0.358,0.33,0.339,0.374,0.234,0.104,0.655,0.497,0.27,0.275,0.174,0.5,92.4
668390,Cole Winn,TEX,R,788,214,195,54,7,15,49,0.277,0.33,0.456,0.787,0.359,0.337,0.366,0.411,0.229,0.07,0.666,0.48,0.269,0.359,0.26,0.436,87.5
694360,Beck Way,KC,R,389,105,92,27,4,10,21,0.293,0.362,0.435,0.797,0.359,0.341,0.333,0.385,0.2,0.095,0.635,0.486,0.293,0.3,0.236,0.425,90.3
682052,Jacob Lopez,ATH,L,2150,526,458,123,21,56,107,0.269,0.35,0.454,0.804,0.359,0.296,0.283,0.317,0.203,0.106,0.62,0.47,0.263,0.277,0.224,0.319,83.7
679883,Luinder Avila,KC,R,1293,310,262,70,7,42,61,0.267,0.37,0.42,0.79,0.359,0.339,0.329,0.363,0.197,0.135,0.594,0.439,0.263,0.267,0.22,0.353,87.4
702474,Mike Paredes,MIN,R,552,154,135,36,6,13,19,0.267,0.34,0.467,0.807,0.36,0.349,0.326,0.357,0.123,0.084,0.634,0.489,0.226,0.285,0.179,0.508,91.1
687075,Brandon Sproat,MIL,R,1757,421,357,88,17,52,101,0.246,0.358,0.437,0.795,0.361,0.339,0.339,0.385,0.24,0.124,0.614,0.485,0.261,0.25,0.226,0.421,89.6
579328,Yusei Kikuchi,LAA,L,1116,281,245,68,7,28,60,0.278,0.349,0.457,0.806,0.361,0.343,0.35,0.394,0.214,0.1,0.633,0.511,0.246,0.258,0.2,0.461,91.1
680604,Blas Castano,COL,R,460,110,98,27,4,9,21,0.276,0.345,0.469,0.815,0.361,0.367,0.367,0.418,0.191,0.082,0.65,0.5,0.267,0.283,0.183,0.481,91.3
608371,Lucas Sims,CWS,R,171,47,36,9,1,7,10,0.25,0.378,0.389,0.767,0.361,0.33,0.308,0.343,0.213,0.149,0.608,0.444,0.263,0.274,0.205,0.393,82.2
665795,Edward Cabrera,CHC,R,1353,349,307,83,16,36,70,0.27,0.348,0.466,0.813,0.361,0.352,0.355,0.402,0.201,0.103,0.61,0.428,0.248,0.318,0.241,0.425,90.2
669461,Matthew Liberatore,STL,L,2613,678,611,173,28,55,154,0.283,0.344,0.47,0.814,0.362,0.341,0.356,0.408,0.227,0.081,0.637,0.485,0.279,0.284,0.224,0.424,89.8
669211,Keegan Akin,BAL,L,443,112,100,29,3,9,17,0.29,0.342,0.45,0.792,0.362,0.298,0.296,0.315,0.152,0.08,0.659,0.524,0.251,0.28,0.17,0.284,84.3
608372,Tomoyuki Sugano,COL,R,2436,631,583,161,31,36,91,0.276,0.318,0.523,0.841,0.363,0.382,0.361,0.426,0.144,0.057,0.617,0.468,0.227,0.275,0.175,0.437,90.7
476594,Robert Stock,NYM,R,561,147,128,38,2,15,28,0.297,0.388,0.398,0.786,0.363,0.343,0.341,0.37,0.19,0.102,0.642,0.496,0.264,0.284,0.234,0.364,87.4
656638,Alex Lange,KC,R,1086,264,227,60,10,30,59,0.264,0.364,0.463,0.826,0.363,0.342,0.336,0.384,0.223,0.114,0.617,0.45,0.271,0.3,0.267,0.429,90.2
688642,Zach Agnos,COL,R,1511,404,358,102,10,32,58,0.285,0.345,0.464,0.809,0.364,0.349,0.336,0.373,0.144,0.079,0.633,0.456,0.234,0.319,0.201,0.414,88.6
592791,Jameson Taillon,TOR,R,1447,371,338,85,27,31,76,0.251,0.318,0.524,0.842,0.364,0.367,0.338,0.432,0.205,0.084,0.622,0.453,0.272,0.299,0.243,0.396,89.0
594580,Sam Moll,CIN,L,1081,246,206,54,5,28,56,0.262,0.364,0.393,0.757,0.364,0.324,0.329,0.36,0.228,0.114,0.598,0.448,0.267,0.251,0.211,0.376,86.2
607625,Seth Lugo,KC,R,2859,750,676,199,23,54,134,0.294,0.351,0.479,0.83,0.365,0.343,0.345,0.386,0.179,0.072,0.638,0.519,0.257,0.252,0.168,0.428,88.7
669270,Joel Kuhnel,SF,R,728,193,170,49,7,16,26,0.288,0.358,0.465,0.822,0.366,0.369,0.358,0.389,0.135,0.083,0.606,0.463,0.24,0.278,0.207,0.405,89.0
669947,Jesse Scholtens,TB,R,724,197,179,46,10,13,33,0.257,0.315,0.486,0.801,0.366,0.348,0.342,0.39,0.168,0.066,0.648,0.477,0.244,0.304,0.189,0.352,87.1
688158,David Morgan,SD,R,574,151,126,36,2,17,37,0.286,0.383,0.389,0.771,0.366,0.305,0.336,0.338,0.245,0.113,0.638,0.465,0.284,0.343,0.289,0.33,85.0
695076,Rhett Lowder,CIN,R,2223,572,511,143,18,53,101,0.28,0.354,0.46,0.814,0.366,0.355,0.342,0.393,0.177,0.093,0.619,0.488,0.256,0.266,0.173,0.39,89.9
660761,José Suarez,ATH,L,1073,276,242,72,6,26,61,0.298,0.369,0.45,0.819,0.366,0.317,0.357,0.362,0.221,0.094,0.622,0.44,0.26,0.322,0.256,0.323,86.9
800600,Jackson Kent,WSH,L,677,170,145,40,2,25,30,0.276,0.382,0.4,0.782,0.367,0.353,0.345,0.371,0.176,0.147,0.606,0.427,0.25,0.322,0.217,0.4,87.3
623474,Jimmy Herget,COL,R,905,225,192,52,9,23,43,0.271,0.35,0.479,0.829,0.367,0.323,0.306,0.35,0.191,0.102,0.627,0.462,0.269,0.29,0.235,0.366,87.1
663372,Ryan Feltner,COL,R,1986,533,472,130,20,51,89,0.275,0.344,0.492,0.836,0.367,0.339,0.315,0.367,0.167,0.096,0.635,0.505,0.249,0.267,0.215,0.362,86.8
687911,Bryan King,HOU,L,1030,265,235,65,9,20,46,0.277,0.346,0.438,0.784,0.367,0.313,0.315,0.336,0.174,0.075,0.655,0.495,0.239,0.309,0.157,0.363,86.1
621121,Lance Mccullers,MIL,R,793,196,167,41,7,27,48,0.246,0.357,0.455,0.812,0.367,0.328,0.332,0.369,0.245,0.138,0.585,0.444,0.267,0.268,0.236,0.475,90.5
663776,Patrick Sandoval,BOS,L,1109,295,258,78,7,31,67,0.302,0.378,0.442,0.819,0.368,0.342,0.365,0.399,0.227,0.105,0.634,0.501,0.268,0.277,0.223,0.354,86.5
686993,Justin Sterner,ATH,R,730,183,168,45,11,12,40,0.268,0.313,0.518,0.831,0.368,0.292,0.295,0.345,0.219,0.066,0.637,0.464,0.262,0.339,0.276,0.45,88.0
691945,Carter Baumler,TEX,R,117,27,20,4,1,6,6,0.2,0.407,0.4,0.807,0.369,0.359,0.294,0.34,0.222,0.222,0.581,0.427,0.274,0.284,0.28,0.5,91.8
694335,Matt Svanson,STL,R,788,207,180,55,5,21,41,0.306,0.379,0.45,0.829,0.369,0.369,0.39,0.422,0.198,0.101,0.631,0.527,0.218,0.252,0.154,0.448,90.3
641793,Zack Littell,AZ,R,1977,542,491,136,30,39,72,0.277,0.329,0.509,0.838,0.369,0.385,0.351,0.419,0.133,0.072,0.647,0.494,0.219,0.3,0.145,0.438,91.1
605488,Jeffrey Springs,ATH,L,2464,626,558,148,33,57,112,0.265,0.335,0.507,0.843,0.369,0.339,0.317,0.373,0.179,0.091,0.626,0.463,0.257,0.298,0.206,0.349,87.1
680916,Franco Aleman,CLE,R,427,105,91,25,4,10,28,0.275,0.371,0.429,0.8,0.37,0.324,0.34,0.384,0.267,0.095,0.623,0.475,0.279,0.25,0.249,0.393,89.4
669620,Brady Basso,ATH,L,681,191,180,58,4,8,30,0.322,0.347,0.5,0.847,0.37,0.308,0.336,0.348,0.157,0.042,0.661,0.496,0.236,0.316,0.175,0.379,87.8
657571,Caleb Ferguson,STL,L,595,149,131,36,5,17,31,0.275,0.356,0.458,0.814,0.37,0.334,0.334,0.376,0.208,0.114,0.634,0.499,0.259,0.277,0.171,0.384,88.6
683742,Jose Franco,CIN,R,348,90,74,19,3,15,15,0.257,0.378,0.473,0.851,0.371,0.347,0.296,0.347,0.167,0.167,0.586,0.457,0.224,0.233,0.187,0.339,88.0
571945,Miles Mikolas,WSH,R,1827,495,464,136,27,23,58,0.293,0.325,0.526,0.851,0.371,0.354,0.329,0.383,0.117,0.046,0.655,0.519,0.229,0.281,0.121,0.436,89.8
687931,Carson Whisenhunt,SF,L,617,164,140,41,5,21,26,0.293,0.384,0.464,0.848,0.372,0.368,0.334,0.387,0.159,0.128,0.614,0.433,0.276,0.314,0.256,0.448,90.9
680570,Grayson Rodriguez,LAA,R,1674,422,372,106,15,36,83,0.285,0.353,0.478,0.832,0.372,0.357,0.356,0.407,0.197,0.085,0.647,0.504,0.26,0.279,0.209,0.451,90.2
675989,Cody Bolton,HOU,R,391,95,78,21,3,14,22,0.269,0.383,0.462,0.845,0.372,0.38,0.384,0.442,0.232,0.147,0.598,0.478,0.248,0.235,0.16,0.483,89.1
571578,Patrick Corbin,TOR,L,1413,361,326,98,12,25,63,0.301,0.358,0.475,0.834,0.372,0.356,0.36,0.4,0.175,0.069,0.618,0.426,0.234,0.307,0.189,0.421,88.2
672442,Yovanny Cruz,WSH,R,249,67,56,16,2,9,14,0.286,0.403,0.429,0.832,0.373,0.356,0.354,0.384,0.209,0.134,0.627,0.49,0.277,0.283,0.23,0.429,87.9
572143,Burch Smith,DET,R,287,72,64,18,2,7,20,0.281,0.352,0.469,0.821,0.373,0.287,0.316,0.352,0.278,0.097,0.645,0.495,0.279,0.262,0.205,0.478,88.9
669724,Brenan Hanifee,DET,R,325,92,84,24,5,6,10,0.286,0.341,0.512,0.853,0.373,0.37,0.343,0.389,0.109,0.065,0.637,0.523,0.237,0.225,0.11,0.453,89.0
686751,Seth Johnson,ATH,R,555,146,126,35,4,18,37,0.278,0.377,0.46,0.837,0.374,0.336,0.35,0.393,0.253,0.123,0.638,0.481,0.294,0.292,0.257,0.438,88.7
694346,Trey Gibson,BAL,R,711,183,154,41,7,27,37,0.266,0.377,0.435,0.812,0.375,0.372,0.369,0.411,0.202,0.148,0.615,0.468,0.281,0.275,0.203,0.45,90.8
622491,Luis Castillo,CWS,R,2372,591,533,150,25,42,111,0.281,0.339,0.49,0.829,0.375,0.341,0.343,0.39,0.188,0.071,0.649,0.486,0.242,0.315,0.214,0.418,89.1
666157,Nick Lodolo,CIN,L,1807,457,387,107,20,44,80,0.276,0.365,0.499,0.864,0.375,0.379,0.37,0.414,0.175,0.096,0.616,0.463,0.253,0.288,0.203,0.409,89.4
673540,Kodai Senga,NYM,R,1130,283,237,60,14,41,74,0.253,0.371,0.494,0.865,0.375,0.351,0.35,0.415,0.261,0.145,0.585,0.436,0.26,0.259,0.269,0.393,88.9
660604,Alan Rangel,PHI,R,491,123,107,31,4,13,29,0.29,0.374,0.495,0.869,0.376,0.318,0.342,0.361,0.236,0.106,0.656,0.47,0.269,0.335,0.229,0.304,87.0
700363,Aj Smith-Shawver,ATL,R,516,132,114,30,5,16,24,0.263,0.356,0.447,0.803,0.376,0.319,0.296,0.332,0.182,0.121,0.645,0.473,0.256,0.298,0.217,0.367,87.6
689441,Coleman Crow,MIL,R,299,86,78,21,2,5,10,0.269,0.314,0.462,0.775,0.376,0.34,0.309,0.358,0.116,0.058,0.679,0.515,0.247,0.348,0.16,0.368,89.2
608337,Lucas Giolito,SD,R,554,138,114,32,4,23,18,0.281,0.406,0.412,0.818,0.376,0.357,0.311,0.339,0.13,0.167,0.558,0.462,0.245,0.186,0.233,0.438,89.3
621366,Ryan Borucki,SF,L,385,104,93,27,3,8,15,0.29,0.356,0.473,0.829,0.376,0.31,0.302,0.32,0.144,0.077,0.618,0.465,0.26,0.308,0.266,0.397,88.3
676760,Ron Marinaccio,CIN,R,1043,261,227,61,11,27,48,0.269,0.364,0.48,0.844,0.376,0.347,0.331,0.372,0.184,0.103,0.601,0.452,0.236,0.257,0.224,0.41,88.9
676051,Codi Heuer,CLE,R,189,46,39,12,0,5,6,0.308,0.391,0.41,0.802,0.376,0.335,0.318,0.329,0.13,0.109,0.593,0.45,0.265,0.269,0.253,0.529,92.6
669854,Ronel Blanco,HOU,R,540,136,119,30,9,15,26,0.252,0.341,0.521,0.862,0.377,0.345,0.32,0.38,0.191,0.11,0.637,0.48,0.243,0.288,0.206,0.372,88.9
699008,Antwone Kelly,PIT,R,263,71,62,17,2,7,12,0.274,0.352,0.5,0.852,0.377,0.334,0.347,0.355,0.169,0.099,0.681,0.563,0.243,0.261,0.149,0.412,89.1
471911,Carlos Carrasco,ATL,R,246,73,66,21,3,3,7,0.318,0.366,0.485,0.851,0.377,0.432,0.416,0.459,0.096,0.041,0.683,0.451,0.22,0.393,0.169,0.41,86.7
669310,Cj Van Eyk,TOR,R,225,55,50,15,2,2,3,0.3,0.345,0.5,0.845,0.378,0.395,0.323,0.393,0.055,0.036,0.636,0.449,0.204,0.315,0.142,0.438,87.9
592288,Kent Emanuel,CIN,L,96,23,19,5,0,3,4,0.263,0.391,0.474,0.865,0.378,0.308,0.261,0.284,0.174,0.13,0.625,0.5,0.271,0.271,0.209,0.4,91.4
681347,Mike Burrows,HOU,R,1570,422,383,112,21,35,75,0.292,0.358,0.509,0.867,0.379,0.336,0.327,0.372,0.178,0.083,0.646,0.469,0.255,0.32,0.205,0.388,88.1
690279,Mason Adams,COL,R,468,124,110,31,6,12,30,0.282,0.355,0.509,0.864,0.379,0.343,0.36,0.418,0.242,0.097,0.658,0.504,0.284,0.284,0.209,0.562,92.7
693308,Nick Frasso,COL,R,365,92,81,24,3,7,21,0.296,0.363,0.494,0.856,0.38,0.32,0.327,0.374,0.228,0.076,0.641,0.468,0.263,0.337,0.213,0.339,89.2
640448,Kyle Finnegan,DET,R,1064,271,233,67,10,34,47,0.288,0.379,0.468,0.847,0.381,0.362,0.342,0.39,0.173,0.125,0.619,0.468,0.258,0.277,0.24,0.447,89.2
687223,Carson Palmquist,WSH,L,313,78,65,21,1,8,15,0.323,0.416,0.431,0.846,0.381,0.337,0.353,0.356,0.192,0.103,0.645,0.45,0.265,0.343,0.213,0.231,83.0
668678,Zac Gallen,AZ,R,1782,469,427,128,19,34,64,0.3,0.355,0.501,0.856,0.381,0.385,0.367,0.419,0.136,0.072,0.632,0.443,0.254,0.311,0.18,0.44,90.5
676604,Tyler Zuber,MIA,R,694,175,160,46,10,11,42,0.288,0.337,0.525,0.862,0.382,0.301,0.326,0.363,0.24,0.063,0.657,0.51,0.28,0.291,0.202,0.442,90.1
675540,Xzavion Curry,NYM,R,349,95,85,22,7,9,15,0.259,0.337,0.553,0.89,0.382,0.341,0.275,0.363,0.158,0.095,0.616,0.49,0.223,0.249,0.145,0.42,91.1
670090,Wyatt Mills,LAD,R,151,36,25,5,0,8,5,0.2,0.429,0.2,0.629,0.382,0.368,0.295,0.287,0.139,0.222,0.55,0.43,0.199,0.179,0.148,0.25,87.0
695445,Chase Lee,TOR,R,154,40,33,8,3,6,5,0.242,0.359,0.515,0.874,0.382,0.312,0.268,0.284,0.125,0.15,0.578,0.409,0.292,0.241,0.218,0.345,85.2
678020,Seth Halvorsen,LAD,R,530,140,123,33,6,15,23,0.268,0.357,0.48,0.837,0.383,0.375,0.364,0.406,0.164,0.107,0.594,0.44,0.213,0.277,0.199,0.394,89.6
500779,Jose Quintana,COL,L,760,199,173,50,8,18,22,0.289,0.35,0.514,0.865,0.383,0.359,0.325,0.369,0.111,0.09,0.599,0.42,0.218,0.32,0.2,0.342,87.4
676979,Garrett Crochet,BOS,L,518,136,120,33,5,11,37,0.275,0.356,0.475,0.831,0.383,0.344,0.379,0.432,0.272,0.081,0.635,0.456,0.257,0.301,0.23,0.453,89.0
608566,Germán Márquez,SD,R,920,237,209,55,14,24,37,0.263,0.342,0.517,0.859,0.384,0.362,0.324,0.388,0.156,0.101,0.623,0.491,0.233,0.26,0.178,0.439,88.4
663362,Matt Waldron,WSH,R,690,195,178,57,7,11,33,0.32,0.361,0.517,0.878,0.384,0.292,0.289,0.321,0.169,0.056,0.667,0.507,0.251,0.315,0.161,0.365,86.8
687606,Paxton Schultz,WSH,R,612,154,140,43,5,11,31,0.307,0.359,0.479,0.838,0.384,0.342,0.359,0.404,0.201,0.071,0.624,0.449,0.258,0.269,0.181,0.393,89.8
519141,Drew Pomeranz,CHC,L,494,134,118,32,7,12,17,0.271,0.346,0.483,0.829,0.384,0.351,0.314,0.362,0.127,0.09,0.613,0.482,0.209,0.258,0.161,0.37,87.9
689017,Landon Knack,LAD,R,187,50,46,12,4,2,8,0.261,0.3,0.587,0.887,0.385,0.311,0.268,0.345,0.16,0.04,0.647,0.519,0.251,0.267,0.187,0.436,90.6
621381,Matt Strahm,KC,L,634,161,146,38,12,13,30,0.26,0.329,0.555,0.884,0.385,0.316,0.284,0.348,0.186,0.081,0.662,0.514,0.265,0.316,0.203,0.391,89.5
671936,Adam Macko,TEX,L,587,146,129,38,5,11,32,0.295,0.363,0.442,0.805,0.385,0.343,0.359,0.401,0.219,0.075,0.635,0.465,0.281,0.312,0.242,0.379,86.5
668674,Lucas Erceg,KC,R,867,216,180,54,5,27,33,0.3,0.405,0.45,0.855,0.387,0.332,0.317,0.323,0.153,0.125,0.607,0.449,0.224,0.287,0.185,0.373,85.6
697812,Joe Rock,ATH,L,211,56,41,12,0,13,12,0.293,0.482,0.317,0.799,0.387,0.401,0.382,0.41,0.214,0.232,0.583,0.469,0.256,0.205,0.225,0.552,92.2
663903,Brady Singer,CIN,R,2739,697,616,180,31,59,125,0.292,0.366,0.495,0.861,0.387,0.361,0.352,0.401,0.179,0.085,0.615,0.458,0.275,0.27,0.228,0.43,90.3
701474,Duncan Davitt,SF,R,88,25,23,5,2,2,3,0.217,0.28,0.565,0.845,0.388,0.376,0.364,0.4,0.12,0.08,0.602,0.409,0.239,0.269,0.2,0.5,89.3
656786,Parker Mushinski,COL,L,139,34,29,9,0,5,0,0.31,0.412,0.379,0.791,0.388,0.39,0.325,0.337,0.0,0.147,0.604,0.46,0.23,0.227,0.105,0.379,90.1
663978,Chris Paddack,TEX,R,1015,264,239,76,9,19,40,0.318,0.37,0.49,0.86,0.389,0.342,0.336,0.373,0.152,0.072,0.643,0.461,0.234,0.327,0.187,0.369,88.0
663574,Tony Santillan,CIN,R,704,187,154,39,11,26,36,0.253,0.364,0.494,0.858,0.389,0.385,0.342,0.427,0.193,0.139,0.595,0.452,0.239,0.25,0.182,0.456,89.9
676680,Tom Cosgrove,WSH,L,268,74,62,18,3,6,14,0.29,0.351,0.565,0.916,0.389,0.32,0.322,0.347,0.189,0.081,0.679,0.537,0.239,0.282,0.14,0.385,86.0
680730,Mitchell Parker,WSH,L,665,178,159,46,9,13,34,0.289,0.351,0.503,0.854,0.389,0.347,0.347,0.399,0.191,0.073,0.659,0.501,0.289,0.317,0.264,0.419,87.6
682274,Yaramil Hiraldo,BAL,R,193,48,36,9,2,10,13,0.25,0.417,0.472,0.889,0.39,0.317,0.279,0.312,0.271,0.208,0.606,0.472,0.295,0.304,0.362,0.333,88.9
607536,Kyle Freeland,COL,L,2125,593,555,170,27,29,106,0.306,0.346,0.546,0.892,0.391,0.355,0.357,0.411,0.179,0.049,0.671,0.496,0.265,0.34,0.204,0.44,90.2
657424,Matt Gage,SF,L,527,127,106,28,6,17,22,0.264,0.365,0.5,0.865,0.391,0.352,0.325,0.369,0.173,0.134,0.6,0.376,0.22,0.335,0.206,0.314,86.1
693313,Carson Seymour,SF,R,516,132,115,31,6,14,21,0.27,0.354,0.478,0.832,0.392,0.385,0.37,0.421,0.159,0.106,0.605,0.471,0.238,0.255,0.207,0.396,87.4
694363,Jared Shuster,STL,L,172,44,39,11,1,5,4,0.282,0.364,0.436,0.8,0.392,0.311,0.268,0.29,0.091,0.114,0.552,0.43,0.215,0.25,0.121,0.5,91.0
682445,Domingo Gonzalez,SEA,R,129,36,31,9,1,5,5,0.29,0.389,0.452,0.841,0.392,0.453,0.427,0.495,0.139,0.139,0.597,0.496,0.209,0.2,0.18,0.52,92.9
808825,Andrew Sears,DET,L,324,82,72,20,2,7,13,0.278,0.366,0.486,0.852,0.392,0.299,0.266,0.296,0.159,0.085,0.608,0.435,0.262,0.302,0.255,0.305,88.5
641312,Shaun Anderson,LAA,R,351,93,81,25,4,10,17,0.309,0.391,0.469,0.86,0.392,0.391,0.383,0.441,0.183,0.108,0.604,0.47,0.268,0.28,0.253,0.385,86.3
671162,Connor Thomas,KC,L,386,107,93,31,4,9,17,0.333,0.393,0.505,0.898,0.395,0.328,0.321,0.346,0.159,0.084,0.63,0.477,0.251,0.264,0.191,0.392,88.4
669920,Jason Alexander,HOU,R,300,83,74,21,4,8,14,0.284,0.361,0.568,0.929,0.395,0.333,0.318,0.355,0.169,0.096,0.627,0.513,0.263,0.221,0.188,0.377,87.1
687134,Bradley Blalock,MIA,R,146,35,32,9,3,3,9,0.281,0.343,0.594,0.937,0.396,0.339,0.325,0.424,0.257,0.086,0.699,0.562,0.26,0.281,0.169,0.348,90.6
685299,Tanner Gordon,COL,R,1604,447,420,136,19,18,84,0.324,0.351,0.56,0.911,0.396,0.335,0.337,0.396,0.188,0.04,0.68,0.527,0.255,0.324,0.199,0.424,89.9
676254,Ryan Walker,SF,R,619,155,132,39,5,16,23,0.295,0.371,0.455,0.825,0.396,0.323,0.31,0.332,0.148,0.103,0.612,0.491,0.247,0.249,0.135,0.348,84.7
691769,Philip Abner,SF,L,313,86,74,21,6,11,10,0.284,0.372,0.568,0.94,0.398,0.408,0.344,0.421,0.116,0.128,0.62,0.498,0.214,0.261,0.142,0.385,88.9
687209,Zach Maxwell,CIN,R,293,66,55,17,3,10,12,0.309,0.409,0.509,0.918,0.398,0.359,0.343,0.38,0.182,0.152,0.614,0.515,0.239,0.229,0.141,0.378,91.3
702281,Robby Snelling,MIA,L,86,22,18,5,1,4,2,0.278,0.409,0.5,0.909,0.398,0.372,0.293,0.336,0.091,0.182,0.628,0.477,0.256,0.311,0.238,0.438,82.5
684442,Kohl Drake,AZ,L,382,95,82,24,5,7,17,0.293,0.368,0.585,0.954,0.399,0.412,0.376,0.468,0.179,0.074,0.594,0.466,0.236,0.24,0.186,0.493,89.7
663765,Jake Woodford,CHC,R,457,126,115,40,4,7,23,0.348,0.376,0.522,0.898,0.399,0.369,0.417,0.434,0.183,0.056,0.643,0.497,0.26,0.27,0.167,0.49,90.8
671106,Logan Allen,CLE,L,325,80,71,23,3,6,16,0.324,0.388,0.507,0.895,0.399,0.316,0.313,0.35,0.2,0.075,0.643,0.486,0.249,0.293,0.187,0.474,90.9
664208,Phil Maton,CHC,R,546,136,111,34,5,16,31,0.306,0.407,0.514,0.921,0.399,0.389,0.407,0.455,0.228,0.118,0.658,0.518,0.291,0.293,0.223,0.429,87.4
686930,Mason Barnett,ATH,R,827,206,177,49,12,27,41,0.277,0.379,0.525,0.904,0.4,0.352,0.337,0.387,0.199,0.131,0.59,0.44,0.244,0.258,0.193,0.383,89.7
656212,Charlie Barnes,LAD,L,201,63,55,17,3,7,6,0.309,0.397,0.527,0.924,0.401,0.404,0.36,0.404,0.095,0.111,0.587,0.438,0.219,0.265,0.14,0.469,92.5
680573,Simeon Woods Richardson,TOR,R,1164,305,263,79,11,37,40,0.3,0.389,0.498,0.888,0.402,0.368,0.331,0.376,0.131,0.121,0.589,0.479,0.235,0.216,0.162,0.442,88.9
606303,Joel Payamps,ATL,R,151,36,32,9,2,4,9,0.281,0.361,0.594,0.955,0.403,0.377,0.351,0.469,0.25,0.111,0.616,0.483,0.258,0.256,0.229,0.391,92.5
676508,Ben Casparius,LAD,R,99,23,19,6,1,4,4,0.316,0.435,0.474,0.908,0.404,0.385,0.356,0.404,0.174,0.174,0.606,0.384,0.323,0.328,0.3,0.267,88.8
641401,Connor Brogdon,CLE,R,282,70,63,15,5,3,15,0.238,0.284,0.524,0.807,0.404,0.345,0.336,0.423,0.214,0.043,0.603,0.447,0.223,0.271,0.232,0.451,88.6
696522,Hayden Juenger,ATH,R,292,81,68,24,0,8,6,0.353,0.412,0.471,0.883,0.404,0.371,0.344,0.359,0.074,0.099,0.616,0.455,0.212,0.283,0.126,0.354,87.6
666619,Gregory Santos,SF,R,86,22,19,5,0,3,0,0.263,0.364,0.474,0.837,0.405,0.376,0.345,0.343,0.0,0.136,0.628,0.593,0.209,0.143,0.027,0.556,91.6
663992,Richard Lovelady,WSH,L,624,162,137,40,4,18,30,0.292,0.386,0.445,0.831,0.406,0.35,0.36,0.38,0.185,0.111,0.63,0.466,0.264,0.297,0.192,0.282,84.0
669212,Eli Morgan,KC,R,339,90,79,24,5,9,16,0.304,0.389,0.532,0.921,0.408,0.399,0.406,0.447,0.178,0.1,0.637,0.422,0.277,0.337,0.229,0.422,88.9
656686,Corbin Martin,CHC,R,111,25,20,5,2,5,4,0.25,0.4,0.55,0.95,0.408,0.396,0.31,0.4,0.16,0.2,0.595,0.405,0.279,0.318,0.34,0.562,93.3
672582,Angel Zerpa,MIL,L,216,55,48,16,2,6,8,0.333,0.407,0.521,0.928,0.408,0.406,0.393,0.443,0.145,0.109,0.634,0.532,0.278,0.208,0.144,0.512,90.8
663893,Brendon Little,TOR,L,567,127,107,29,5,19,42,0.271,0.381,0.467,0.848,0.408,0.286,0.318,0.361,0.331,0.15,0.556,0.351,0.305,0.306,0.381,0.41,89.1
688297,Chris Roycroft,ATH,R,635,173,152,48,9,16,25,0.316,0.39,0.52,0.909,0.409,0.363,0.347,0.384,0.145,0.092,0.627,0.515,0.217,0.248,0.14,0.431,89.0
624522,Keegan Thompson,COL,R,195,57,52,19,1,2,11,0.365,0.375,0.596,0.971,0.41,0.406,0.435,0.497,0.193,0.035,0.656,0.513,0.262,0.263,0.211,0.5,91.1
694646,Chayce Mcdermott,NYM,R,155,36,31,8,2,4,6,0.258,0.343,0.548,0.891,0.41,0.336,0.278,0.358,0.167,0.111,0.587,0.458,0.226,0.25,0.222,0.346,88.2
663485,Cole Sands,MIN,R,209,56,48,15,3,5,11,0.312,0.382,0.583,0.965,0.411,0.364,0.348,0.416,0.196,0.089,0.646,0.488,0.263,0.262,0.225,0.564,93.5
686610,Ken Waldichuk,WSH,L,149,40,34,8,4,5,8,0.235,0.35,0.588,0.938,0.412,0.397,0.317,0.449,0.2,0.125,0.591,0.43,0.282,0.247,0.258,0.385,83.7
682995,Hunter Barco,PIT,L,351,86,70,21,4,13,14,0.3,0.419,0.543,0.961,0.413,0.381,0.35,0.389,0.163,0.151,0.567,0.444,0.239,0.195,0.149,0.431,89.3
687849,Zak Kent,WSH,R,294,77,68,19,3,8,12,0.279,0.351,0.544,0.895,0.414,0.349,0.315,0.374,0.156,0.104,0.643,0.466,0.259,0.306,0.204,0.439,90.0
547179,Michael Lorenzen,TOR,R,2400,618,548,186,23,54,90,0.339,0.399,0.547,0.946,0.415,0.372,0.358,0.402,0.146,0.087,0.615,0.484,0.247,0.241,0.171,0.463,91.0
669438,Mason Englert,TB,R,693,179,169,51,13,6,38,0.302,0.326,0.598,0.923,0.417,0.375,0.372,0.469,0.212,0.034,0.67,0.456,0.271,0.365,0.233,0.389,88.5
694462,Hurston Waldrep,ATL,R,215,56,44,13,3,10,9,0.295,0.446,0.5,0.946,0.418,0.359,0.29,0.333,0.161,0.179,0.558,0.428,0.247,0.211,0.224,0.343,89.2
605452,Joe Ross,TEX,R,207,57,51,16,3,6,7,0.314,0.386,0.549,0.935,0.418,0.391,0.356,0.412,0.123,0.105,0.604,0.444,0.217,0.336,0.273,0.364,86.2
685005,Christian Roa,HOU,R,178,43,32,10,1,7,6,0.312,0.465,0.5,0.965,0.422,0.415,0.365,0.399,0.14,0.163,0.556,0.478,0.185,0.194,0.188,0.63,91.8
696136,Jordan Wicks,CHC,L,180,50,47,18,1,2,8,0.383,0.42,0.553,0.973,0.423,0.322,0.341,0.358,0.16,0.04,0.656,0.489,0.25,0.293,0.207,0.436,88.5
669371,Cole Henry,WSH,R,282,71,60,17,4,8,15,0.283,0.394,0.533,0.928,0.423,0.374,0.343,0.418,0.211,0.113,0.613,0.433,0.238,0.294,0.203,0.409,88.9
608344,Cole Irvin,LAD,L,102,30,26,8,1,3,5,0.308,0.4,0.5,0.9,0.423,0.39,0.356,0.422,0.167,0.1,0.657,0.49,0.196,0.308,0.145,0.524,87.0
681402,Gus Varland,WSH,R,570,150,132,43,7,14,29,0.326,0.383,0.591,0.973,0.423,0.4,0.392,0.475,0.193,0.093,0.665,0.498,0.265,0.317,0.195,0.5,91.9
655889,Manuel Rodríguez,TB,R,100,23,18,5,1,3,8,0.278,0.409,0.556,0.965,0.423,0.341,0.398,0.468,0.348,0.13,0.58,0.34,0.23,0.371,0.222,0.364,86.1
666201,Alek Manoah,LAA,R,162,39,31,8,1,8,5,0.258,0.41,0.516,0.926,0.424,0.379,0.272,0.354,0.128,0.205,0.537,0.438,0.222,0.2,0.164,0.346,87.1
621242,Edwin Díaz,LAD,R,380,88,75,25,3,9,25,0.333,0.42,0.547,0.967,0.426,0.346,0.412,0.433,0.284,0.102,0.626,0.461,0.279,0.303,0.224,0.49,91.2
623437,Justin Topa,NYY,R,414,106,90,31,4,12,15,0.344,0.425,0.522,0.947,0.427,0.367,0.345,0.377,0.142,0.113,0.614,0.469,0.242,0.259,0.149,0.43,90.0
694680,Trevor Martin,LAA,R,229,66,58,18,4,6,8,0.31,0.394,0.569,0.963,0.427,0.359,0.295,0.36,0.121,0.091,0.624,0.489,0.249,0.256,0.211,0.42,87.2
664954,Brett Sullivan,COL,R,94,33,30,11,1,2,1,0.367,0.394,0.633,1.027,0.429,0.429,0.377,0.426,0.03,0.061,0.681,0.468,0.202,0.34,0.0,0.452,91.3
621383,Tanner Banks,PHI,L,652,170,154,52,8,13,37,0.338,0.391,0.571,0.962,0.429,0.317,0.34,0.371,0.218,0.076,0.66,0.492,0.268,0.315,0.207,0.328,85.0
680802,Ryan Weiss,HOU,R,530,131,111,35,8,20,30,0.315,0.42,0.568,0.987,0.432,0.379,0.369,0.441,0.229,0.153,0.609,0.445,0.262,0.289,0.221,0.494,90.3
592454,Tommy Kahnle,BOS,R,168,43,37,12,2,6,5,0.324,0.419,0.595,1.013,0.433,0.381,0.33,0.381,0.116,0.14,0.655,0.512,0.22,0.268,0.151,0.562,90.9
596117,Garrett Stubbs,PHI,R,46,24,22,8,1,1,0,0.364,0.417,0.591,1.008,0.433,0.477,0.366,0.456,0.0,0.042,0.717,0.391,0.13,0.429,0.036,0.5,91.8
664875,Justin Lawrence,WSH,R,688,177,143,39,9,27,43,0.273,0.407,0.545,0.952,0.434,0.38,0.383,0.437,0.243,0.153,0.583,0.438,0.279,0.238,0.251,0.43,89.3
802408,Brycen Mautz,STL,L,260,66,53,17,2,10,17,0.321,0.446,0.509,0.956,0.434,0.367,0.366,0.427,0.258,0.152,0.573,0.412,0.285,0.229,0.321,0.297,85.9
641656,Ian Hamilton,ATL,R,92,23,20,6,0,3,4,0.3,0.391,0.4,0.791,0.435,0.341,0.382,0.36,0.174,0.13,0.652,0.457,0.315,0.3,0.262,0.5,93.0
472610,Luis García,MIN,R,265,71,63,23,2,6,6,0.365,0.429,0.571,1.0,0.435,0.397,0.364,0.402,0.085,0.085,0.657,0.479,0.23,0.341,0.188,0.443,87.3
671111,Sammy Peralta,LAA,L,324,92,80,28,4,7,22,0.35,0.429,0.562,0.991,0.436,0.377,0.418,0.458,0.239,0.076,0.66,0.509,0.296,0.264,0.165,0.448,87.8
669203,Corbin Burnes,AZ,R,198,47,42,12,5,4,8,0.286,0.34,0.738,1.079,0.436,0.39,0.335,0.443,0.17,0.085,0.611,0.429,0.263,0.301,0.274,0.4,91.0
702566,Owen Murphy,ATL,R,212,56,52,17,4,3,9,0.327,0.375,0.615,0.99,0.437,0.404,0.397,0.46,0.161,0.054,0.698,0.524,0.236,0.347,0.183,0.488,92.4
681151,Jayden Murray,CHC,R,305,79,69,25,3,9,14,0.362,0.43,0.594,1.025,0.437,0.363,0.342,0.4,0.177,0.114,0.62,0.469,0.256,0.286,0.252,0.429,91.4
684049,Brandan Bidois,PIT,R,325,80,64,19,5,12,20,0.297,0.405,0.547,0.952,0.437,0.363,0.368,0.426,0.25,0.15,0.634,0.446,0.305,0.339,0.327,0.468,89.6
678368,Valente Bellozo,COL,R,178,48,41,10,5,5,8,0.244,0.34,0.61,0.95,0.438,0.475,0.398,0.554,0.167,0.104,0.567,0.461,0.247,0.216,0.269,0.5,89.0
694341,Brendan Beck,NYY,R,149,34,29,7,4,5,5,0.241,0.353,0.724,1.077,0.438,0.435,0.352,0.47,0.147,0.147,0.57,0.423,0.275,0.233,0.302,0.625,95.2
680704,Nick Sandlin,LAA,R,157,41,32,9,2,5,6,0.281,0.415,0.531,0.946,0.438,0.377,0.295,0.361,0.146,0.122,0.541,0.433,0.255,0.191,0.262,0.385,87.0
684320,Yariel Rodríguez,TOR,R,172,45,37,12,2,7,6,0.324,0.444,0.514,0.958,0.441,0.402,0.353,0.402,0.133,0.156,0.57,0.43,0.221,0.214,0.145,0.323,87.2
640454,Matt Krook,WSH,L,181,46,34,9,2,10,9,0.265,0.457,0.5,0.957,0.441,0.417,0.399,0.43,0.196,0.217,0.569,0.387,0.265,0.266,0.268,0.36,87.5
693312,Kyle Nicolas,CIN,R,198,40,27,8,1,13,7,0.296,0.525,0.444,0.969,0.444,0.434,0.368,0.415,0.175,0.325,0.48,0.384,0.232,0.172,0.169,0.318,87.1
701552,Andre Granillo,WSH,R,198,50,39,13,2,8,3,0.333,0.449,0.538,0.987,0.449,0.394,0.319,0.351,0.06,0.16,0.561,0.449,0.222,0.193,0.096,0.395,87.7
664702,Myles Straw,TOR,R,54,20,19,8,1,1,0,0.421,0.45,0.579,1.029,0.45,0.364,0.318,0.346,0.0,0.05,0.574,0.148,0.148,0.413,0.08,0.263,83.2
668820,Max Kranick,WSH,R,340,94,79,27,4,13,11,0.342,0.441,0.608,1.048,0.45,0.369,0.325,0.361,0.117,0.138,0.618,0.444,0.241,0.302,0.216,0.348,86.6
807743,Sean Sullivan,COL,L,412,114,99,34,5,11,16,0.343,0.421,0.677,1.098,0.458,0.335,0.288,0.338,0.14,0.096,0.658,0.534,0.252,0.281,0.152,0.345,87.9
664849,Danny Young,ATL,L,273,65,50,15,3,11,15,0.3,0.453,0.54,0.993,0.462,0.391,0.35,0.436,0.231,0.169,0.527,0.41,0.278,0.203,0.239,0.618,92.8
623168,Tyler Heineman,LAA,R,64,26,25,9,2,1,0,0.36,0.385,0.72,1.105,0.463,0.405,0.351,0.394,0.0,0.038,0.734,0.359,0.188,0.463,0.0,0.52,90.9
606965,Chris Devenski,NYM,R,134,39,37,14,3,1,5,0.378,0.41,0.649,1.059,0.464,0.334,0.327,0.363,0.128,0.026,0.657,0.448,0.231,0.365,0.162,0.548,92.9
681343,Shane Smith,CWS,R,225,49,39,12,1,9,11,0.308,0.449,0.487,0.936,0.465,0.333,0.346,0.331,0.224,0.184,0.613,0.444,0.289,0.304,0.24,0.333,82.2
642152,Lou Trivino,PHI,R,144,36,27,10,1,7,7,0.37,0.5,0.593,1.093,0.465,0.33,0.293,0.298,0.194,0.194,0.556,0.389,0.25,0.25,0.306,0.381,85.3
668834,Easton Mcgee,KC,R,184,52,47,17,3,5,9,0.362,0.423,0.681,1.104,0.465,0.36,0.367,0.401,0.173,0.096,0.674,0.522,0.201,0.341,0.179,0.474,90.3
694851,Andrew Hoffmann,AZ,R,230,59,49,16,3,8,12,0.327,0.424,0.571,0.995,0.467,0.336,0.324,0.356,0.203,0.136,0.561,0.491,0.235,0.162,0.157,0.432,87.2
695034,Kade Morris,ATH,R,323,88,76,30,5,7,10,0.395,0.455,0.658,1.112,0.469,0.359,0.332,0.361,0.114,0.08,0.616,0.446,0.198,0.303,0.152,0.449,88.6
702352,Spencer Bivens,SF,R,127,30,25,11,1,4,8,0.44,0.5,0.6,1.1,0.472,0.374,0.433,0.468,0.267,0.133,0.638,0.504,0.291,0.27,0.189,0.278,91.0
666126,Carlos Cortes,ATH,L,159,47,38,14,3,8,1,0.368,0.468,0.658,1.126,0.472,0.408,0.302,0.357,0.021,0.17,0.566,0.403,0.157,0.221,0.044,0.375,87.4
671382,Cameron Foster,BAL,R,189,48,40,17,1,8,9,0.425,0.521,0.55,1.071,0.473,0.336,0.328,0.34,0.188,0.167,0.614,0.481,0.275,0.265,0.256,0.281,87.0
681806,Andrew Wantz,CHC,R,81,20,15,5,1,3,1,0.333,0.5,0.6,1.1,0.473,0.463,0.349,0.408,0.05,0.15,0.642,0.494,0.16,0.268,0.093,0.357,87.0
608723,Austin Voth,MIN,R,215,56,48,19,3,6,3,0.396,0.446,0.646,1.092,0.474,0.402,0.36,0.39,0.054,0.107,0.581,0.409,0.205,0.252,0.156,0.404,90.8
663465,Kolby Allard,CLE,L,181,45,42,16,2,2,9,0.381,0.422,0.643,1.065,0.474,0.385,0.406,0.463,0.2,0.044,0.685,0.514,0.243,0.345,0.13,0.438,89.9
607481,Aaron Bummer,KC,L,329,88,74,24,7,11,13,0.324,0.414,0.676,1.089,0.476,0.382,0.329,0.4,0.148,0.125,0.635,0.498,0.255,0.274,0.188,0.492,90.8
455119,Chris Martin,TEX,R,248,66,62,25,4,2,9,0.403,0.424,0.71,1.134,0.477,0.408,0.402,0.459,0.136,0.03,0.69,0.536,0.23,0.322,0.136,0.444,91.3
681006,Josh Simpson,SEA,L,154,38,33,11,4,4,10,0.333,0.421,0.727,1.148,0.478,0.369,0.326,0.457,0.263,0.105,0.61,0.468,0.273,0.235,0.203,0.435,92.3
669298,Tj Shook,COL,R,135,36,34,12,3,2,7,0.353,0.389,0.765,1.154,0.479,0.319,0.319,0.373,0.194,0.056,0.652,0.481,0.259,0.319,0.188,0.407,91.4
691384,Luis Perales,WSH,R,250,60,47,15,5,13,13,0.319,0.467,0.681,1.148,0.48,0.394,0.339,0.428,0.217,0.217,0.612,0.476,0.272,0.275,0.323,0.5,90.7
592836,Taijuan Walker,PHI,R,424,114,101,36,8,11,17,0.356,0.421,0.663,1.084,0.48,0.411,0.375,0.452,0.149,0.096,0.62,0.465,0.231,0.26,0.137,0.36,87.5
672021,Eric Cerantola,KC,R,122,28,17,4,2,11,7,0.235,0.536,0.588,1.124,0.482,0.402,0.308,0.358,0.25,0.393,0.459,0.336,0.27,0.16,0.389,0.6,89.6
663559,Bailey Falter,ATL,L,217,69,63,26,4,6,8,0.413,0.464,0.667,1.13,0.484,0.387,0.381,0.409,0.116,0.087,0.631,0.535,0.244,0.208,0.17,0.436,89.9
681168,Luis Curvelo,TEX,R,195,53,49,17,4,4,6,0.347,0.396,0.694,1.09,0.491,0.387,0.35,0.413,0.113,0.075,0.651,0.564,0.231,0.26,0.188,0.5,91.1
666129,Braxton Garrett,MIA,L,130,27,18,7,0,8,5,0.389,0.556,0.611,1.167,0.493,0.386,0.332,0.345,0.185,0.296,0.5,0.415,0.192,0.187,0.216,0.267,85.6
657649,Jared Koenig,MIL,L,169,41,36,12,1,4,7,0.333,0.415,0.528,0.942,0.497,0.337,0.312,0.357,0.171,0.098,0.598,0.509,0.272,0.173,0.2,0.462,92.8
676467,Colton Gordon,MIL,L,277,71,66,25,6,3,12,0.379,0.408,0.712,1.121,0.501,0.371,0.376,0.429,0.169,0.042,0.632,0.451,0.224,0.313,0.158,0.453,88.2
605154,John Brebbia,COL,R,94,21,21,7,2,0,2,0.333,0.333,0.667,1.0,0.507,0.414,0.35,0.457,0.095,0.0,0.723,0.606,0.255,0.297,0.17,0.421,89.5
605335,Brandon Leibrandt,CIN,L,100,28,25,10,2,2,3,0.4,0.429,0.72,1.149,0.507,0.437,0.369,0.473,0.107,0.071,0.6,0.39,0.21,0.4,0.178,0.292,86.1
687765,Mitch Spence,KC,R,200,56,46,19,3,9,6,0.413,0.5,0.717,1.217,0.508,0.361,0.321,0.339,0.107,0.161,0.595,0.44,0.215,0.277,0.156,0.415,91.6
806960,Luis Morales,ATH,R,346,90,74,27,7,14,13,0.365,0.467,0.73,1.196,0.526,0.407,0.367,0.422,0.144,0.156,0.595,0.431,0.234,0.269,0.172,0.403,88.5
664192,Joey Lucchesi,LAA,L,112,24,17,7,1,6,4,0.412,0.583,0.647,1.23,0.527,0.441,0.375,0.435,0.167,0.25,0.545,0.33,0.223,0.284,0.122,0.692,95.2
624431,Jose Trevino,CIN,R,127,49,47,22,3,1,3,0.468,0.49,0.745,1.234,0.529,0.444,0.405,0.462,0.061,0.02,0.638,0.299,0.165,0.379,0.077,0.432,89.8
814305,Yunior Tur,ATH,R,248,65,54,21,4,10,12,0.389,0.492,0.704,1.196,0.532,0.435,0.398,0.49,0.185,0.154,0.597,0.44,0.282,0.281,0.291,0.372,88.0
700270,Yilber Díaz,DET,R,146,34,29,12,2,5,6,0.414,0.5,0.793,1.293,0.537,0.475,0.456,0.55,0.176,0.147,0.616,0.438,0.267,0.268,0.19,0.435,91.7
808970,Woo Suk Go,MIN,R,86,22,20,8,2,2,5,0.4,0.455,0.85,1.305,0.539,0.386,0.373,0.473,0.227,0.091,0.64,0.547,0.209,0.205,0.159,0.533,94.9
691594,Javier Sanoja,MIA,R,73,27,24,11,2,1,1,0.458,0.481,0.833,1.315,0.539,0.464,0.341,0.463,0.037,0.037,0.644,0.425,0.123,0.262,0.026,0.5,93.1
500743,Miguel Rojas,LAD,R,53,23,21,9,2,1,0,0.429,0.478,0.81,1.288,0.539,0.438,0.373,0.412,0.0,0.043,0.623,0.321,0.132,0.333,0.037,0.524,92.5
683155,Joey Estes,ATH,R,125,34,31,12,4,2,5,0.387,0.412,0.935,1.347,0.54,0.396,0.401,0.447,0.147,0.059,0.68,0.544,0.272,0.281,0.215,0.37,90.7
656457,Tyler Gilbert,CWS,L,135,32,28,12,2,4,4,0.429,0.5,0.821,1.321,0.548,0.451,0.401,0.485,0.125,0.125,0.622,0.511,0.259,0.231,0.183,0.625,95.1
699151,Jedixson Paez,BOS,R,152,39,32,14,4,5,3,0.438,0.487,0.906,1.393,0.553,0.505,0.423,0.522,0.077,0.128,0.599,0.421,0.204,0.273,0.169,0.516,92.7
676568,Ricky Vanasco,DET,R,171,40,34,14,2,6,4,0.412,0.5,0.706,1.206,0.555,0.399,0.333,0.392,0.1,0.15,0.596,0.474,0.246,0.225,0.118,0.433,87.6
547184,Michael Kelly,ATH,R,121,32,26,12,1,6,5,0.462,0.562,0.769,1.332,0.558,0.436,0.454,0.487,0.156,0.188,0.653,0.587,0.298,0.16,0.204,0.45,88.3
682610,Roddery Muñoz,HOU,R,113,25,19,7,3,6,6,0.368,0.52,0.947,1.467,0.58,0.441,0.426,0.525,0.24,0.24,0.54,0.319,0.301,0.276,0.413,0.769,95.5
678391,Jorbit Vivas,WSH,R,54,27,23,11,1,1,0,0.478,0.556,0.739,1.295,0.583,0.513,0.377,0.477,0.0,0.037,0.593,0.241,0.056,0.375,0.0,0.478,93.7
690440,Bradley Hanner,NYY,R,98,26,25,9,4,1,7,0.36,0.385,0.96,1.345,0.583,0.384,0.418,0.515,0.269,0.038,0.653,0.439,0.214,0.291,0.14,0.667,92.9
543510,James Mccann,AZ,R,63,22,18,9,1,3,0,0.5,0.545,0.778,1.323,0.586,0.627,0.467,0.615,0.0,0.136,0.54,0.27,0.127,0.35,0.071,0.4,94.9
642215,Weston Wilson,SEA,R,60,21,20,11,2,0,0,0.55,0.524,0.85,1.374,0.619,0.467,0.428,0.467,0.0,0.0,0.7,0.333,0.217,0.385,0.033,0.333,86.0
692030,Jose Corniell,TEX,R,108,28,24,11,2,3,4,0.458,0.519,1.0,1.519,0.663,0.365,0.331,0.39,0.143,0.107,0.574,0.472,0.213,0.208,0.255,0.45,88.2
686475,Tyler Tolbert,KC,R,106,33,29,17,4,3,0,0.586,0.636,1.034,1.671,0.692,0.583,0.501,0.566,0.0,0.091,0.566,0.245,0.236,0.288,0.028,0.448,91.2
683734,Andrew Vaughn,MIL,R,84,25,19,11,4,5,1,0.579,0.68,1.211,1.891,0.74,0.549,0.439,0.528,0.04,0.2,0.476,0.179,0.19,0.235,0.172,0.368,91.2
