player_name,pitch_type,pitch_count,avg_stuff_plus,avg_velocity,avg_spin_rate,total_pitches,usage_rate
"Abad, Fernando",SI,76,72.9,92.3,2125.0,140,0.543
"Abad, Fernando",KC,23,92.2,77.2,2392.0,140,0.164
"Abad, Fernando",FF,22,92.3,93.4,2149.0,140,0.157
"Abbott, Andrew",FF,4726,90.6,92.7,2274.0,9753,0.485
"Abbott, Andrew",CH,1774,102.0,85.5,2034.0,9753,0.182
"Abbott, Andrew",ST,1762,97.2,82.6,2773.0,9753,0.181
"Abbott, Andrew",CU,1272,93.1,80.5,2798.0,9753,0.13
"Abbott, Andrew",FC,210,97.3,88.7,2562.0,9753,0.022
"Abbott, Cory",KC,331,96.6,84.7,2369.0,702,0.472
"Abbott, Cory",FF,323,92.4,92.3,2317.0,702,0.46
"Abbott, Cory",SL,48,55.7,87.0,2165.0,702,0.068
"Abel, Mick",FF,456,102.8,95.9,2535.0,1077,0.423
"Abel, Mick",CU,197,96.3,82.2,2671.0,1077,0.183
"Abel, Mick",SL,131,101.0,87.3,2414.0,1077,0.122
"Abel, Mick",CH,126,92.1,88.3,1695.0,1077,0.117
"Abel, Mick",SI,107,89.8,95.2,2460.0,1077,0.099
"Abel, Mick",ST,60,94.2,83.9,2743.0,1077,0.056
"Abner, Philip",FF,226,89.6,90.5,2360.0,384,0.589
"Abner, Philip",CU,68,82.6,81.1,2307.0,384,0.177
"Abner, Philip",SL,66,104.8,80.2,2371.0,384,0.172
"Abner, Philip",CH,23,83.0,83.3,1555.0,384,0.06
"Abreu, Albert",SI,539,97.3,97.4,2134.0,1044,0.516
"Abreu, Albert",SL,293,88.9,87.7,2196.0,1044,0.281
"Abreu, Albert",CH,150,99.2,88.3,2006.0,1044,0.144
"Abreu, Albert",FF,62,89.3,96.8,2093.0,1044,0.059
"Abreu, Bryan",SL,2440,108.0,86.7,2901.0,4760,0.513
"Abreu, Bryan",FF,2167,94.3,96.8,2325.0,4760,0.455
"Abreu, Bryan",FC,121,89.0,93.0,2440.0,4760,0.025
"Acevedo, Domingo",FF,73,81.4,92.8,2029.0,173,0.422
"Acevedo, Domingo",SL,66,76.0,84.7,2125.0,173,0.382
"Acevedo, Domingo",CH,34,97.0,86.4,1854.0,173,0.197
"Acton, Garrett",FF,218,97.7,94.8,2463.0,348,0.626
"Acton, Garrett",SL,111,82.3,85.7,2441.0,348,0.319
"Adam, Jason",CH,1139,97.9,88.9,2134.0,3624,0.314
"Adam, Jason",FF,1073,94.9,94.8,2614.0,3624,0.296
"Adam, Jason",SL,812,99.4,84.2,2610.0,3624,0.224
"Adam, Jason",ST,577,84.5,78.7,2674.0,3624,0.159
"Adams, Austin",SL,918,87.0,87.8,2956.0,1166,0.787
"Adams, Austin",FF,220,86.2,93.4,2657.0,1166,0.189
"Adams, Austin",SI,28,63.9,93.6,2598.0,1166,0.024
"Adams, Mason",FF,147,91.5,93.1,2301.0,468,0.314
"Adams, Mason",SI,119,90.3,92.3,2307.0,468,0.254
"Adams, Mason",CU,88,91.4,82.0,2340.0,468,0.188
"Adams, Mason",ST,62,89.9,85.7,2360.0,468,0.132
"Adams, Mason",FC,29,91.5,88.4,2344.0,468,0.062
"Adams, Mason",CH,23,95.1,88.1,1782.0,468,0.049
"Adams, Travis",FF,410,90.2,94.6,2412.0,1570,0.261
"Adams, Travis",SL,356,82.7,86.4,2335.0,1570,0.227
"Adams, Travis",CH,342,93.3,86.6,1936.0,1570,0.218
"Adams, Travis",FC,309,98.9,91.4,2509.0,1570,0.197
"Adams, Travis",SI,126,92.3,94.1,2229.0,1570,0.08
"Adams, Travis",CU,27,86.3,79.1,2468.0,1570,0.017
"Adcock, Ty",SL,171,88.8,86.6,2146.0,375,0.456
"Adcock, Ty",FF,156,96.2,96.7,2123.0,375,0.416
"Adcock, Ty",FC,40,100.3,93.1,2233.0,375,0.107
"Adon, Joan",FF,435,87.6,94.6,2213.0,1099,0.396
"Adon, Joan",CU,210,88.4,81.0,2403.0,1099,0.191
"Adon, Joan",CH,174,91.2,88.0,2006.0,1099,0.158
"Adon, Joan",SI,157,87.1,94.2,2167.0,1099,0.143
"Adon, Joan",SL,123,81.4,87.2,2140.0,1099,0.112
"Agnos, Zach",FF,524,90.5,94.8,2362.0,2028,0.258
"Agnos, Zach",FC,501,95.6,92.1,2342.0,2028,0.247
"Agnos, Zach",ST,341,88.7,84.3,2523.0,2028,0.168
"Agnos, Zach",FS,271,92.4,86.4,1441.0,2028,0.134
"Agnos, Zach",SI,205,93.1,93.5,2265.0,2028,0.101
"Agnos, Zach",SL,184,88.1,84.9,2314.0,2028,0.091
"Aguiar, Julian",FF,195,92.6,94.4,2095.0,583,0.334
"Aguiar, Julian",SI,118,91.0,94.0,2030.0,583,0.202
"Aguiar, Julian",CH,113,80.1,83.9,1541.0,583,0.194
"Aguiar, Julian",SL,105,74.0,80.4,2185.0,583,0.18
"Aguiar, Julian",CU,52,80.3,78.1,2038.0,583,0.089
"Ahlstrom, Robby",FF,211,83.7,94.4,2182.0,648,0.326
"Ahlstrom, Robby",SL,167,101.5,85.9,2335.0,648,0.258
"Ahlstrom, Robby",SI,144,91.8,94.4,2094.0,648,0.222
"Ahlstrom, Robby",CH,102,94.1,86.7,1324.0,648,0.157
"Ahlstrom, Robby",CU,24,98.0,81.0,2599.0,648,0.037
"Akin, Keegan",FF,1715,98.7,93.8,2376.0,3169,0.541
"Akin, Keegan",SL,927,97.3,85.7,2497.0,3169,0.293
"Akin, Keegan",CH,526,96.7,86.2,2060.0,3169,0.166
"Alcala, Jorge",FF,968,96.5,97.6,2474.0,2301,0.421
"Alcala, Jorge",SL,654,89.5,89.5,2500.0,2301,0.284
"Alcala, Jorge",SI,257,80.2,96.6,2195.0,2301,0.112
"Alcala, Jorge",CU,246,89.5,85.4,2598.0,2301,0.107
"Alcala, Jorge",CH,176,82.2,90.2,2315.0,2301,0.076
"Alcantara, Sandy",SI,2397,98.1,97.4,2313.0,8891,0.27
"Alcantara, Sandy",CH,2089,96.9,90.8,2042.0,8891,0.235
"Alcantara, Sandy",FF,1668,94.8,97.7,2260.0,8891,0.188
"Alcantara, Sandy",FC,1506,92.2,89.7,2308.0,8891,0.169
"Alcantara, Sandy",SL,802,85.1,85.3,2411.0,8891,0.09
"Alcantara, Sandy",ST,289,95.7,84.1,2353.0,8891,0.033
"Alcantara, Sandy",CU,140,84.8,82.8,2399.0,8891,0.016
"Aldegheri, Sam",FF,557,83.3,92.0,2259.0,1135,0.491
"Aldegheri, Sam",CH,308,93.7,81.0,1853.0,1135,0.271
"Aldegheri, Sam",SL,111,82.9,82.6,2293.0,1135,0.098
"Aldegheri, Sam",CU,100,93.1,75.0,2079.0,1135,0.088
"Aldegheri, Sam",FC,59,83.8,86.6,2203.0,1135,0.052
"Aleman, Franco",FF,283,96.1,96.1,2517.0,427,0.663
"Aleman, Franco",SL,116,91.5,86.0,2554.0,427,0.272
"Aleman, Franco",CH,28,80.7,88.2,1803.0,427,0.066
"Alexander, Jason",SI,569,89.6,90.9,2054.0,1550,0.367
"Alexander, Jason",CH,515,90.0,80.3,1775.0,1550,0.332
"Alexander, Jason",ST,218,83.3,78.5,2621.0,1550,0.141
"Alexander, Jason",FF,196,83.3,91.8,2286.0,1550,0.126
"Alexander, Jason",FC,35,89.5,86.1,2251.0,1550,0.023
"Alexander, Scott",SI,1077,86.5,92.3,2200.0,1559,0.691
"Alexander, Scott",SL,303,84.8,82.9,2515.0,1559,0.194
"Alexander, Scott",CH,176,78.3,84.7,1456.0,1559,0.113
"Alexander, Tyler",FC,1286,95.7,86.3,2365.0,5073,0.253
"Alexander, Tyler",FF,1191,95.7,90.5,2269.0,5073,0.235
"Alexander, Tyler",ST,874,102.3,79.4,2481.0,5073,0.172
"Alexander, Tyler",CH,866,80.6,83.2,1522.0,5073,0.171
"Alexander, Tyler",SI,791,95.5,90.4,2118.0,5073,0.156
"Alexander, Tyler",SL,64,69.6,80.9,2327.0,5073,0.013
"Allard, Kolby",FF,716,88.6,90.1,2027.0,1811,0.395
"Allard, Kolby",CH,357,92.9,81.8,1554.0,1811,0.197
"Allard, Kolby",FC,352,86.7,84.3,2047.0,1811,0.194
"Allard, Kolby",CU,256,79.7,72.0,1894.0,1811,0.141
"Allard, Kolby",SI,130,77.0,90.5,1991.0,1811,0.072
"Allen, Logan",FF,2623,90.2,91.3,2170.0,7205,0.364
"Allen, Logan",ST,1565,86.6,78.6,2289.0,7205,0.217
"Allen, Logan",CH,1277,85.3,82.3,917.0,7205,0.177
"Allen, Logan",FC,907,89.5,85.8,2228.0,7205,0.126
"Allen, Logan",SI,674,80.6,89.7,1980.0,7205,0.094
"Allen, Logan",FS,98,97.3,79.6,1074.0,7205,0.014
"Allen, Logan",SL,56,92.0,83.6,2255.0,7205,0.008
"Almonte, Yency",ST,487,100.3,82.8,2560.0,1049,0.464
"Almonte, Yency",SI,306,94.3,95.1,2172.0,1049,0.292
"Almonte, Yency",FF,156,93.9,95.6,2197.0,1049,0.149
"Almonte, Yency",CH,59,82.8,88.8,1880.0,1049,0.056
"Almonte, Yency",FC,41,89.5,92.5,2229.0,1049,0.039
"Altavilla, Dan",FF,169,95.0,96.2,2328.0,539,0.314
"Altavilla, Dan",SL,145,88.3,90.6,2535.0,539,0.269
"Altavilla, Dan",SI,114,74.6,96.6,2290.0,539,0.212
"Altavilla, Dan",CH,111,94.7,91.8,1778.0,539,0.206
"Alvarado, Elvis",FF,912,100.2,98.7,2441.0,1675,0.544
"Alvarado, Elvis",SL,421,85.5,88.6,2164.0,1675,0.251
"Alvarado, Elvis",SI,249,93.3,98.0,2465.0,1675,0.149
"Alvarado, Elvis",FS,62,92.5,87.8,1090.0,1675,0.037
"Alvarado, Elvis",CH,31,78.4,89.5,1917.0,1675,0.019
"Alvarado, José",SI,2006,101.2,98.2,2067.0,3304,0.607
"Alvarado, José",FC,1207,88.1,92.4,2130.0,3304,0.365
"Alvarado, José",CU,54,97.5,84.8,2393.0,3304,0.016
"Alvarado, José",FF,37,76.0,97.9,2018.0,3304,0.011
"Alvarez, Andrew",CU,671,105.7,82.8,2726.0,2169,0.309
"Alvarez, Andrew",FF,637,86.5,92.1,2327.0,2169,0.294
"Alvarez, Andrew",SL,479,106.5,83.7,2660.0,2169,0.221
"Alvarez, Andrew",SI,266,87.1,91.7,2278.0,2169,0.123
"Alvarez, Andrew",CH,116,93.6,86.2,1827.0,2169,0.053
"Alzolay, Adbert",SL,598,96.2,87.5,2537.0,1272,0.47
"Alzolay, Adbert",SI,265,84.8,95.0,2207.0,1272,0.208
"Alzolay, Adbert",FF,253,95.7,95.1,2341.0,1272,0.199
"Alzolay, Adbert",FC,107,101.2,91.1,2426.0,1272,0.084
"Alzolay, Adbert",ST,42,82.9,82.6,2603.0,1272,0.033
"Anderson, Chase",FC,696,101.4,89.0,2424.0,2374,0.293
"Anderson, Chase",CH,620,93.9,83.9,2299.0,2374,0.261
"Anderson, Chase",FF,477,84.0,93.3,2213.0,2374,0.201
"Anderson, Chase",ST,261,93.0,80.5,2443.0,2374,0.11
"Anderson, Chase",SI,215,88.6,92.9,2194.0,2374,0.091
"Anderson, Chase",CU,100,84.1,78.1,2171.0,2374,0.042
"Anderson, Drew",FF,718,94.3,95.3,2260.0,1770,0.406
"Anderson, Drew",CH,550,103.7,89.8,1516.0,1770,0.311
"Anderson, Drew",CU,389,85.7,80.1,2709.0,1770,0.22
"Anderson, Drew",SL,85,96.2,88.1,2574.0,1770,0.048
"Anderson, Drew",SI,28,85.7,94.7,2096.0,1770,0.016
"Anderson, Grant",FF,942,93.7,93.2,2410.0,3152,0.299
"Anderson, Grant",SI,792,90.3,93.0,2240.0,3152,0.251
"Anderson, Grant",ST,779,91.5,80.7,2663.0,3152,0.247
"Anderson, Grant",SL,481,70.7,84.0,2411.0,3152,0.153
"Anderson, Grant",CH,144,83.4,86.4,1616.0,3152,0.046
"Anderson, Ian",FF,104,84.9,93.7,1950.0,202,0.515
"Anderson, Ian",CH,71,85.2,88.2,1501.0,202,0.351
"Anderson, Ian",CU,27,84.8,80.9,2293.0,202,0.134
"Anderson, Jack",FF,60,86.3,90.8,2112.0,180,0.333
"Anderson, Jack",FS,42,95.7,81.8,613.0,180,0.233
"Anderson, Jack",SL,40,96.2,84.0,2190.0,180,0.222
"Anderson, Jack",ST,28,87.4,80.0,2263.0,180,0.156
"Anderson, Justin",SL,428,93.1,85.6,2437.0,945,0.453
"Anderson, Justin",FF,313,94.3,96.0,2271.0,945,0.331
"Anderson, Justin",SI,132,79.8,94.8,1978.0,945,0.14
"Anderson, Justin",FC,72,95.2,92.4,2473.0,945,0.076
"Anderson, Kade",FF,195,93.3,93.4,2039.0,482,0.405
"Anderson, Kade",SL,117,104.9,87.8,2337.0,482,0.243
"Anderson, Kade",CH,87,106.1,84.5,1515.0,482,0.18
"Anderson, Kade",CU,76,88.6,81.9,2542.0,482,0.158
"Anderson, Nick",CU,606,95.6,81.5,1957.0,1360,0.446
"Anderson, Nick",FF,475,88.9,94.5,2170.0,1360,0.349
"Anderson, Nick",SI,194,84.7,95.0,2103.0,1360,0.143
"Anderson, Nick",CH,85,83.2,88.3,1683.0,1360,0.062
"Anderson, Shaun",SL,251,96.3,88.0,2669.0,803,0.313
"Anderson, Shaun",FF,228,93.2,92.2,2522.0,803,0.284
"Anderson, Shaun",CH,165,89.3,86.3,1511.0,803,0.205
"Anderson, Shaun",ST,98,94.6,82.0,2833.0,803,0.122
"Anderson, Shaun",SI,61,76.3,92.7,2403.0,803,0.076
"Anderson, Tyler",FF,2955,87.7,89.6,2200.0,7674,0.385
"Anderson, Tyler",CH,2696,107.1,79.2,1887.0,7674,0.351
"Anderson, Tyler",FC,1542,81.6,84.6,2355.0,7674,0.201
"Anderson, Tyler",SI,315,76.5,88.4,2192.0,7674,0.041
"Anderson, Tyler",SL,152,87.0,80.8,2358.0,7674,0.02
"Andrews, Clayton",FF,43,96.4,94.8,2082.0,102,0.422
"Andrews, Clayton",CH,38,86.1,82.1,2034.0,102,0.373
"Andriese, Matt",FF,37,93.5,91.1,2371.0,88,0.42
"Andriese, Matt",FC,24,80.2,86.1,2395.0,88,0.273
"Antone, Tejay",ST,470,103.3,83.8,2862.0,1017,0.462
"Antone, Tejay",FC,151,104.4,90.1,2773.0,1017,0.148
"Antone, Tejay",CU,147,86.0,81.1,2819.0,1017,0.145
"Antone, Tejay",SI,130,70.9,93.6,2568.0,1017,0.128
"Antone, Tejay",FF,80,86.7,94.6,2529.0,1017,0.079
"Antone, Tejay",SL,39,78.1,85.1,2656.0,1017,0.038
"Arias, Luarbert",SL,96,80.4,82.5,2217.0,207,0.464
"Arias, Luarbert",FF,59,89.1,94.0,2345.0,207,0.285
"Arias, Luarbert",FS,33,94.4,83.1,1335.0,207,0.159
"Armstrong, Shawn",FC,1045,100.6,90.8,2479.0,3485,0.3
"Armstrong, Shawn",FF,1034,96.7,93.6,2316.0,3485,0.297
"Armstrong, Shawn",SI,926,92.5,94.1,2145.0,3485,0.266
"Armstrong, Shawn",ST,480,116.6,84.9,2603.0,3485,0.138
"Arrighetti, Spencer",FF,1760,95.7,93.5,2315.0,5063,0.348
"Arrighetti, Spencer",CU,1305,95.6,77.3,2821.0,5063,0.258
"Arrighetti, Spencer",FC,708,99.5,88.0,2459.0,5063,0.14
"Arrighetti, Spencer",ST,574,88.1,80.2,2786.0,5063,0.113
"Arrighetti, Spencer",CH,428,81.8,85.0,1597.0,5063,0.085
"Arrighetti, Spencer",SI,269,91.3,92.3,2291.0,5063,0.053
"Ashby, Aaron",SI,1537,80.7,97.4,2118.0,3038,0.506
"Ashby, Aaron",CU,704,115.3,82.9,2714.0,3038,0.232
"Ashby, Aaron",CH,400,88.5,91.0,1826.0,3038,0.132
"Ashby, Aaron",SL,336,114.6,84.5,2568.0,3038,0.111
"Ashby, Aaron",FF,61,86.1,97.1,2235.0,3038,0.02
"Ashcraft, Braxton",FF,1066,95.4,97.2,2373.0,3515,0.303
"Ashcraft, Braxton",SL,880,108.7,91.9,2605.0,3515,0.25
"Ashcraft, Braxton",CU,870,109.2,84.8,2740.0,3515,0.248
"Ashcraft, Braxton",SI,563,93.5,96.9,2331.0,3515,0.16
"Ashcraft, Braxton",FS,100,92.2,91.8,1899.0,3515,0.028
"Ashcraft, Braxton",CH,36,87.5,91.6,2109.0,3515,0.01
"Ashcraft, Graham",FC,2758,87.5,96.2,2476.0,5280,0.522
"Ashcraft, Graham",SL,2037,111.5,89.0,2867.0,5280,0.386
"Ashcraft, Graham",SI,422,79.2,95.7,2356.0,5280,0.08
"Ashcraft, Graham",CH,61,76.4,91.5,1981.0,5280,0.012
"Assad, Javier",SI,2274,93.0,92.3,1940.0,6280,0.362
"Assad, Javier",FC,1321,92.9,88.6,2063.0,6280,0.21
"Assad, Javier",FF,1092,91.1,92.5,2082.0,6280,0.174
"Assad, Javier",ST,589,89.4,80.5,2390.0,6280,0.094
"Assad, Javier",CU,522,88.6,76.9,2429.0,6280,0.083
"Assad, Javier",CH,325,91.4,84.9,1416.0,6280,0.052
"Assad, Javier",SL,157,73.9,82.9,2286.0,6280,0.025
"Avila, Luinder",SI,406,90.0,96.3,2408.0,1510,0.269
"Avila, Luinder",FF,399,95.5,96.1,2489.0,1510,0.264
"Avila, Luinder",SL,305,100.2,87.8,2704.0,1510,0.202
"Avila, Luinder",CU,261,90.9,82.9,2774.0,1510,0.173
"Avila, Luinder",CH,139,93.8,89.3,2066.0,1510,0.092
"Avila, Nick",FF,78,92.5,94.5,2212.0,225,0.347
"Avila, Nick",FC,70,87.0,87.4,2305.0,225,0.311
"Avila, Nick",KC,39,81.2,79.7,2325.0,225,0.173
"Avila, Nick",SI,29,102.1,93.5,2216.0,225,0.129
"Avila, Pedro",FF,822,86.4,93.6,2244.0,2307,0.356
"Avila, Pedro",CH,539,92.5,83.6,1693.0,2307,0.234
"Avila, Pedro",CU,408,92.7,77.5,2708.0,2307,0.177
"Avila, Pedro",SI,381,86.6,93.2,2288.0,2307,0.165
"Avila, Pedro",SL,96,86.3,83.0,2743.0,2307,0.042
"Avila, Pedro",ST,61,76.4,78.1,2707.0,2307,0.026
"Bachar, Lake",FF,932,96.3,94.6,2715.0,2723,0.342
"Bachar, Lake",SL,582,94.8,89.5,2674.0,2723,0.214
"Bachar, Lake",ST,584,99.3,86.4,2944.0,2723,0.214
"Bachar, Lake",CU,286,101.3,86.4,2893.0,2723,0.105
"Bachar, Lake",FS,277,86.8,84.3,1470.0,2723,0.102
"Bachar, Lake",SI,62,88.4,93.2,2678.0,2723,0.023
"Bachman, Sam",SL,776,96.6,88.1,2591.0,1431,0.542
"Bachman, Sam",SI,473,79.9,97.9,2307.0,1431,0.331
"Bachman, Sam",CH,147,92.2,91.4,1835.0,1431,0.103
"Bachman, Sam",FF,32,90.6,98.0,2292.0,1431,0.022
"Backhus, Kyle",SI,469,91.8,90.9,2228.0,784,0.598
"Backhus, Kyle",ST,237,96.3,78.4,2174.0,784,0.302
"Backhus, Kyle",CH,78,69.7,79.3,1553.0,784,0.099
"Baker, Bryan",FF,1642,99.1,96.3,2295.0,3188,0.515
"Baker, Bryan",CH,886,106.0,84.3,1841.0,3188,0.278
"Baker, Bryan",SL,628,105.7,87.4,2339.0,3188,0.197
"Baker, Bryan",CU,32,87.6,78.9,2209.0,3188,0.01
"Balazovic, Jordan",FF,186,93.7,95.1,1963.0,392,0.474
"Balazovic, Jordan",CU,94,73.5,81.7,2133.0,392,0.24
"Balazovic, Jordan",SL,77,89.3,86.3,2264.0,392,0.196
"Balazovic, Jordan",CH,35,82.7,88.6,1482.0,392,0.089
"Banda, Anthony",SL,1003,93.7,85.5,2299.0,2586,0.388
"Banda, Anthony",FF,713,91.6,95.6,2172.0,2586,0.276
"Banda, Anthony",SI,652,86.0,95.6,2098.0,2586,0.252
"Banda, Anthony",CH,216,89.1,89.2,1628.0,2586,0.084
"Banks, Tanner",SL,1310,99.0,87.2,2364.0,3911,0.335
"Banks, Tanner",FF,1082,88.1,92.9,2219.0,3911,0.277
"Banks, Tanner",ST,734,92.7,81.7,2342.0,3911,0.188
"Banks, Tanner",CH,416,97.4,85.5,1820.0,3911,0.106
"Banks, Tanner",SI,369,83.0,91.8,2051.0,3911,0.094
"Barco, Hunter",FF,152,97.4,94.1,2355.0,396,0.384
"Barco, Hunter",SL,96,83.7,82.4,2192.0,396,0.242
"Barco, Hunter",SI,69,88.7,93.5,2090.0,396,0.174
"Barco, Hunter",CH,30,85.1,85.8,1917.0,396,0.076
"Barco, Hunter",FS,28,77.5,85.1,712.0,396,0.071
"Barco, Hunter",ST,21,76.3,82.7,2364.0,396,0.053
"Bard, Daniel",SL,416,94.5,87.2,2664.0,890,0.467
"Bard, Daniel",SI,386,75.5,94.8,2485.0,890,0.434
"Bard, Daniel",FF,86,80.5,94.6,2537.0,890,0.097
"Barlow, Joe",SL,90,94.2,85.9,2367.0,147,0.612
"Barlow, Joe",FF,53,96.0,93.3,2398.0,147,0.361
"Barlow, Scott",ST,1143,92.0,81.0,2508.0,4067,0.281
"Barlow, Scott",CU,1025,96.0,77.8,2585.0,4067,0.252
"Barlow, Scott",FF,817,93.8,92.0,2394.0,4067,0.201
"Barlow, Scott",SL,590,87.1,83.5,2602.0,4067,0.145
"Barlow, Scott",SI,491,80.6,91.7,2263.0,4067,0.121
"Barnes, Charlie",FF,67,82.3,89.3,2026.0,201,0.333
"Barnes, Charlie",SI,43,85.5,89.2,2005.0,201,0.214
"Barnes, Charlie",SL,42,81.6,83.6,2469.0,201,0.209
"Barnes, Charlie",CH,36,87.6,82.4,1694.0,201,0.179
"Barnes, Jacob",FC,730,93.3,89.4,2350.0,1471,0.496
"Barnes, Jacob",FF,687,104.8,95.2,2442.0,1471,0.467
"Barnes, Jacob",SL,40,63.7,83.6,2191.0,1471,0.027
"Barnes, Matt",KC,296,97.9,82.7,1928.0,635,0.466
"Barnes, Matt",FF,274,78.8,92.7,2159.0,635,0.431
"Barnes, Matt",FS,65,80.1,86.9,1465.0,635,0.102
"Barnett, Mason",FF,631,92.1,94.7,2245.0,1251,0.504
"Barnett, Mason",ST,209,102.6,84.1,2739.0,1251,0.167
"Barnett, Mason",SL,152,103.3,87.4,2508.0,1251,0.122
"Barnett, Mason",CU,148,94.8,78.8,2768.0,1251,0.118
"Barnett, Mason",CH,111,87.8,85.4,1053.0,1251,0.089
"Barraclough, Kyle",SL,49,74.6,77.0,2343.0,156,0.314
"Barraclough, Kyle",FF,42,84.4,91.1,2328.0,156,0.269
"Barraclough, Kyle",SI,35,74.3,90.6,2146.0,156,0.224
"Barraclough, Kyle",FC,24,86.4,89.1,2413.0,156,0.154
"Barria, Jaime",SL,676,91.8,85.9,2161.0,1329,0.509
"Barria, Jaime",FF,400,91.9,93.0,2267.0,1329,0.301
"Barria, Jaime",CH,186,91.4,84.6,1536.0,1329,0.14
"Barria, Jaime",SI,67,73.1,92.3,2140.0,1329,0.05
"Bass, Anthony",SL,181,83.7,85.4,2254.0,322,0.562
"Bass, Anthony",SI,94,97.6,94.5,2023.0,322,0.292
"Bass, Anthony",FF,25,90.8,94.4,2064.0,322,0.078
"Bass, Anthony",FS,22,93.6,86.8,1560.0,322,0.068
"Bassitt, Chris",SI,4241,91.3,92.0,2102.0,10635,0.399
"Bassitt, Chris",FC,1880,86.3,88.9,2212.0,10635,0.177
"Bassitt, Chris",CU,1630,102.9,71.1,2290.0,10635,0.153
"Bassitt, Chris",FF,833,87.6,92.1,2153.0,10635,0.078
"Bassitt, Chris",ST,766,83.4,73.3,2327.0,10635,0.072
"Bassitt, Chris",CH,541,88.1,84.5,1896.0,10635,0.051
"Bassitt, Chris",SL,407,75.9,81.8,2369.0,10635,0.038
"Bassitt, Chris",FS,337,81.4,83.4,1321.0,10635,0.032
"Basso, Brady",FF,574,90.6,92.5,2302.0,1232,0.466
"Basso, Brady",CU,228,93.6,77.1,2254.0,1232,0.185
"Basso, Brady",FC,176,92.7,88.6,2231.0,1232,0.143
"Basso, Brady",SL,101,95.6,83.6,2115.0,1232,0.082
"Basso, Brady",CH,93,100.1,86.5,1956.0,1232,0.075
"Basso, Brady",SI,60,79.6,92.4,2171.0,1232,0.049
"Battenfield, Peyton",FF,242,83.8,90.8,2361.0,548,0.442
"Battenfield, Peyton",FC,226,80.4,87.3,2319.0,548,0.412
"Battenfield, Peyton",CU,59,95.5,79.7,2504.0,548,0.108
"Battenfield, Peyton",CH,21,94.1,84.7,1948.0,548,0.038
"Baumann, Mike",FF,983,94.9,96.5,2255.0,2132,0.461
"Baumann, Mike",KC,628,103.3,87.6,2352.0,2132,0.295
"Baumann, Mike",SL,475,91.0,91.9,2321.0,2132,0.223
"Baumann, Mike",CH,44,95.7,88.8,2068.0,2132,0.021
"Baumler, Carter",CU,56,98.0,84.3,2495.0,117,0.479
"Baumler, Carter",FF,39,95.5,95.0,2291.0,117,0.333
"Bautista, Félix",SI,1089,106.6,98.6,2410.0,1639,0.664
"Bautista, Félix",FS,438,108.1,88.7,978.0,1639,0.267
"Bautista, Félix",SL,109,103.4,85.8,2433.0,1639,0.067
"Baz, Shane",FF,2755,98.1,96.3,2426.0,6814,0.404
"Baz, Shane",KC,1935,94.2,84.9,2659.0,6814,0.284
"Baz, Shane",FC,827,93.7,89.9,2332.0,6814,0.121
"Baz, Shane",CH,701,90.7,88.4,1967.0,6814,0.103
"Baz, Shane",SL,339,91.3,87.2,2274.0,6814,0.05
"Baz, Shane",SI,257,92.2,95.3,2275.0,6814,0.038
"Bazardo, Eduard",SI,1291,94.6,95.5,2204.0,2976,0.434
"Bazardo, Eduard",ST,1204,101.5,82.9,2584.0,2976,0.405
"Bazardo, Eduard",FF,376,89.6,94.6,2111.0,2976,0.126
"Bazardo, Eduard",FS,102,86.8,90.3,1718.0,2976,0.034
"Beck, Brendan",FF,71,85.7,92.5,2186.0,149,0.477
"Beck, Brendan",SL,50,81.9,83.9,2303.0,149,0.336
"Beck, Tristan",FF,979,89.3,94.5,2106.0,2620,0.374
"Beck, Tristan",SL,674,91.8,88.2,2445.0,2620,0.257
"Beck, Tristan",ST,656,96.6,82.6,2708.0,2620,0.25
"Beck, Tristan",CU,303,91.0,80.1,2342.0,2620,0.116
"Bednar, David",FF,2106,100.9,96.8,2431.0,4267,0.494
"Bednar, David",FS,1095,105.6,91.5,1658.0,4267,0.257
"Bednar, David",CU,1065,92.6,77.5,2440.0,4267,0.25
"Beede, Tyler",FS,105,95.9,86.2,1230.0,265,0.396
"Beede, Tyler",FF,78,84.4,93.7,1858.0,265,0.294
"Beede, Tyler",CU,62,95.7,77.5,2106.0,265,0.234
"Beede, Tyler",SI,20,62.5,91.1,1722.0,265,0.075
"Beeks, Jalen",FF,1654,91.5,94.3,2145.0,3222,0.513
"Beeks, Jalen",CH,1131,101.4,88.9,2033.0,3222,0.351
"Beeks, Jalen",FC,415,81.6,84.6,2260.0,3222,0.129
"Beeter, Clayton",FF,679,95.6,96.0,2421.0,1308,0.519
"Beeter, Clayton",SL,629,104.8,86.7,2818.0,1308,0.481
"Bellatti, Andrew",FF,215,95.8,94.1,2509.0,452,0.476
"Bellatti, Andrew",SL,212,91.2,86.0,2512.0,452,0.469
"Bellatti, Andrew",CH,25,93.2,88.7,1763.0,452,0.055
"Bello, Brayan",SI,3693,94.2,95.3,2038.0,9808,0.377
"Bello, Brayan",CH,2126,92.7,87.7,1794.0,9808,0.217
"Bello, Brayan",ST,1651,98.7,86.3,2375.0,9808,0.168
"Bello, Brayan",FF,1227,90.9,95.4,2109.0,9808,0.125
"Bello, Brayan",FC,733,91.0,88.0,2405.0,9808,0.075
"Bello, Brayan",SL,314,81.5,85.0,2319.0,9808,0.032
"Bello, Brayan",CU,64,87.8,83.4,2439.0,9808,0.007
"Bellozo, Valente",FF,827,85.2,90.0,2115.0,2586,0.32
"Bellozo, Valente",FC,778,96.9,84.0,2494.0,2586,0.301
"Bellozo, Valente",CH,374,89.3,81.3,2012.0,2586,0.145
"Bellozo, Valente",ST,355,93.4,78.4,2705.0,2586,0.137
"Bellozo, Valente",CU,203,83.9,74.5,2734.0,2586,0.078
"Bellozo, Valente",FS,30,87.6,80.4,1527.0,2586,0.012
"Bender, Anthony",ST,1072,111.9,84.2,2768.0,2276,0.471
"Bender, Anthony",SI,812,92.5,95.9,2288.0,2276,0.357
"Bender, Anthony",SL,259,94.1,87.1,2687.0,2276,0.114
"Bender, Anthony",CH,76,91.4,89.3,1743.0,2276,0.033
"Bender, Anthony",FF,36,81.6,95.8,2369.0,2276,0.016
"Bender, Anthony",FC,21,98.7,93.9,2310.0,2276,0.009
"Bennett, Jake",FF,546,89.7,92.8,2152.0,1553,0.352
"Bennett, Jake",CH,411,91.6,83.6,1987.0,1553,0.265
"Bennett, Jake",SI,378,94.6,92.4,2043.0,1553,0.243
"Bennett, Jake",ST,118,78.0,79.6,2235.0,1553,0.076
"Bennett, Jake",FC,60,86.4,85.0,2063.0,1553,0.039
"Bennett, Jake",CU,40,86.9,78.8,2219.0,1553,0.026
"Bergert, Ryan",FF,558,97.7,93.4,2406.0,1311,0.426
"Bergert, Ryan",SL,325,97.2,87.4,2626.0,1311,0.248
"Bergert, Ryan",ST,234,96.1,82.6,2816.0,1311,0.178
"Bergert, Ryan",CH,99,87.7,87.6,1501.0,1311,0.076
"Bergert, Ryan",SI,85,88.7,92.4,2325.0,1311,0.065
"Bermúdez, Jonathan",FF,60,78.5,89.1,2141.0,121,0.496
"Bermúdez, Jonathan",ST,35,85.8,75.0,2321.0,121,0.289
"Bernardino, Brennan",SI,1663,81.3,90.8,2157.0,3542,0.47
"Bernardino, Brennan",CU,1230,90.1,78.3,2679.0,3542,0.347
"Bernardino, Brennan",FC,309,81.0,86.3,2329.0,3542,0.087
"Bernardino, Brennan",CH,189,81.9,80.2,1552.0,3542,0.053
"Bernardino, Brennan",SL,90,79.9,84.1,2406.0,3542,0.025
"Bernardino, Brennan",FF,52,86.6,90.6,2122.0,3542,0.015
"Berroa, Prelander",SL,220,91.2,87.5,2451.0,389,0.566
"Berroa, Prelander",FF,168,86.0,97.5,2349.0,389,0.432
"Berríos, José",SI,2727,90.6,93.1,2065.0,5992,0.455
"Berríos, José",FF,1582,93.2,93.8,2179.0,5992,0.264
"Berríos, José",CH,1434,90.9,84.7,1520.0,5992,0.239
"Berríos, José",FC,249,91.3,90.3,2287.0,5992,0.042
"Bibee, Tanner",FF,3832,90.1,94.5,2284.0,11013,0.348
"Bibee, Tanner",FC,2677,96.2,85.8,2728.0,11013,0.243
"Bibee, Tanner",CH,1782,98.0,82.2,1966.0,11013,0.162
"Bibee, Tanner",SI,1053,92.6,93.6,2175.0,11013,0.096
"Bibee, Tanner",CU,859,82.9,78.9,2650.0,11013,0.078
"Bibee, Tanner",ST,810,100.7,82.9,2667.0,11013,0.074
"Bickford, Phil",FF,981,96.7,93.7,2334.0,1372,0.715
"Bickford, Phil",SL,364,83.3,83.9,2290.0,1372,0.265
"Bickford, Phil",CH,25,81.8,87.5,1462.0,1372,0.018
"Bido, Osvaldo",FF,1297,93.1,94.7,2409.0,3689,0.352
"Bido, Osvaldo",SL,1052,90.5,85.2,2202.0,3689,0.285
"Bido, Osvaldo",SI,589,86.5,94.7,2273.0,3689,0.16
"Bido, Osvaldo",CH,419,89.1,88.9,2131.0,3689,0.114
"Bido, Osvaldo",FC,269,81.8,86.7,2185.0,3689,0.073
"Bido, Osvaldo",ST,63,102.6,85.2,2481.0,3689,0.017
"Bidois, Brandan",FF,178,101.3,96.9,2339.0,325,0.548
"Bidois, Brandan",SL,136,113.2,86.4,2671.0,325,0.418
"Bieber, Shane",FF,1328,91.2,91.8,2308.0,3691,0.36
"Bieber, Shane",FC,742,87.6,86.8,2493.0,3691,0.201
"Bieber, Shane",SL,664,89.3,84.9,2553.0,3691,0.18
"Bieber, Shane",KC,576,95.7,82.6,2382.0,3691,0.156
"Bieber, Shane",CH,341,93.2,88.2,1462.0,3691,0.092
"Bieber, Shane",SI,40,86.1,92.2,2305.0,3691,0.011
"Bielak, Brandon",FF,539,85.2,92.1,2419.0,1895,0.284
"Bielak, Brandon",CH,484,96.9,87.1,1924.0,1895,0.255
"Bielak, Brandon",SI,426,86.2,92.1,2218.0,1895,0.225
"Bielak, Brandon",ST,239,85.1,82.3,2404.0,1895,0.126
"Bielak, Brandon",CU,203,82.0,79.8,2403.0,1895,0.107
"Bigge, Hunter",FF,440,97.9,97.1,2382.0,841,0.523
"Bigge, Hunter",SL,319,86.5,89.1,2325.0,841,0.379
"Bigge, Hunter",CU,43,96.4,81.7,2270.0,841,0.051
"Bird, Jake",SI,1675,80.1,94.6,2070.0,3691,0.454
"Bird, Jake",CU,688,98.1,81.2,2872.0,3691,0.186
"Bird, Jake",ST,650,103.8,84.1,2713.0,3691,0.176
"Bird, Jake",SL,292,93.4,85.8,2636.0,3691,0.079
"Bird, Jake",FC,256,95.9,90.3,2456.0,3691,0.069
"Bird, Jake",FF,119,95.1,93.4,2452.0,3691,0.032
"Birdsong, Hayden",FF,1146,90.5,95.7,2343.0,2562,0.447
"Birdsong, Hayden",SL,545,94.6,87.8,2432.0,2562,0.213
"Birdsong, Hayden",CH,457,100.0,88.4,1279.0,2562,0.178
"Birdsong, Hayden",CU,414,90.0,80.4,2850.0,2562,0.162
"Bivens, Spencer",SI,872,91.2,94.6,1884.0,2057,0.424
"Bivens, Spencer",FC,421,92.9,91.0,2132.0,2057,0.205
"Bivens, Spencer",ST,310,96.5,81.8,2231.0,2057,0.151
"Bivens, Spencer",CH,307,91.6,88.5,1573.0,2057,0.149
"Bivens, Spencer",FF,140,84.9,94.9,1992.0,2057,0.068
"Blach, Ty",SI,1256,77.7,89.2,2098.0,2377,0.528
"Blach, Ty",CH,554,83.9,79.9,1972.0,2377,0.233
"Blach, Ty",FC,357,81.3,83.4,2302.0,2377,0.15
"Blach, Ty",CU,205,80.7,79.1,2310.0,2377,0.086
"Black, Mason",FF,356,91.1,93.0,2132.0,1293,0.275
"Black, Mason",SI,353,79.6,93.1,2086.0,1293,0.273
"Black, Mason",ST,304,83.5,81.9,2545.0,1293,0.235
"Black, Mason",SL,130,74.8,86.9,2335.0,1293,0.101
"Black, Mason",FC,72,81.8,90.4,2198.0,1293,0.056
"Black, Mason",CH,41,77.5,87.6,1416.0,1293,0.032
"Black, Mason",CU,37,78.2,81.1,2546.0,1293,0.029
"Blackburn, Paul",SI,1226,84.4,92.7,2009.0,4942,0.248
"Blackburn, Paul",FC,1065,95.9,89.8,2441.0,4942,0.215
"Blackburn, Paul",CH,748,99.6,86.5,1742.0,4942,0.151
"Blackburn, Paul",ST,734,90.3,81.4,2649.0,4942,0.149
"Blackburn, Paul",CU,599,92.3,79.9,2610.0,4942,0.121
"Blackburn, Paul",FF,564,83.7,92.1,2180.0,4942,0.114
"Blalock, Bradley",FF,777,88.8,94.3,2078.0,1730,0.449
"Blalock, Bradley",SL,310,100.0,85.5,2499.0,1730,0.179
"Blalock, Bradley",FS,267,85.5,86.5,1270.0,1730,0.154
"Blalock, Bradley",CU,217,86.9,80.9,2537.0,1730,0.125
"Blalock, Bradley",FC,129,90.6,89.7,2343.0,1730,0.075
"Blalock, Bradley",ST,20,113.3,85.6,2597.0,1730,0.012
"Blanco, Ronel",FF,1899,90.8,93.6,2248.0,4979,0.381
"Blanco, Ronel",SL,1628,92.9,86.7,2116.0,4979,0.327
"Blanco, Ronel",CH,930,95.3,85.1,1483.0,4979,0.187
"Blanco, Ronel",CU,522,88.8,80.1,2235.0,4979,0.105
"Bleier, Richard",SI,191,86.6,88.0,2004.0,455,0.42
"Bleier, Richard",FC,178,83.6,86.0,1986.0,455,0.391
"Bleier, Richard",SL,45,74.0,77.2,2048.0,455,0.099
"Bleier, Richard",FS,24,31.7,78.5,487.0,455,0.053
"Blewett, Scott",SL,566,89.2,84.5,2153.0,1557,0.364
"Blewett, Scott",FF,513,88.4,94.0,2280.0,1557,0.329
"Blewett, Scott",FS,243,93.4,85.3,1044.0,1557,0.156
"Blewett, Scott",FC,176,89.4,89.3,2321.0,1557,0.113
"Blewett, Scott",SI,59,84.3,94.4,2110.0,1557,0.038
"Bloss, Jake",FF,103,97.2,93.4,2441.0,238,0.433
"Bloss, Jake",SL,55,78.3,87.6,2534.0,238,0.231
"Bloss, Jake",CU,31,84.2,78.0,2700.0,238,0.13
"Bloss, Jake",ST,25,89.1,82.1,2409.0,238,0.105
"Blubaugh, AJ",FF,1114,96.8,95.5,2292.0,2131,0.523
"Blubaugh, AJ",ST,476,97.4,84.1,2647.0,2131,0.223
"Blubaugh, AJ",CH,437,94.1,86.0,2357.0,2131,0.205
"Blubaugh, AJ",FC,73,69.0,88.7,2364.0,2131,0.034
"Blubaugh, AJ",CU,31,73.5,79.3,2321.0,2131,0.015
"Bolton, Cody",FF,371,92.5,95.1,2348.0,1194,0.311
"Bolton, Cody",ST,261,97.7,83.4,2725.0,1194,0.219
"Bolton, Cody",FC,194,92.2,89.9,2611.0,1194,0.162
"Bolton, Cody",SI,169,89.9,94.6,2269.0,1194,0.142
"Bolton, Cody",CH,154,95.2,91.1,1997.0,1194,0.129
"Bolton, Cody",CU,45,88.9,79.2,2684.0,1194,0.038
"Booser, Cam",FF,796,94.1,95.5,2064.0,1809,0.44
"Booser, Cam",FC,586,89.2,88.1,2085.0,1809,0.324
"Booser, Cam",ST,405,101.9,81.7,2083.0,1809,0.224
"Booser, Cam",CH,22,77.9,87.6,1472.0,1809,0.012
"Borucki, Ryan",SL,768,93.4,86.9,2331.0,1676,0.458
"Borucki, Ryan",SI,439,87.7,93.8,2282.0,1676,0.262
"Borucki, Ryan",ST,217,89.9,81.7,2510.0,1676,0.129
"Borucki, Ryan",FS,153,95.7,83.6,1321.0,1676,0.091
"Borucki, Ryan",CH,81,93.3,84.6,1840.0,1676,0.048
"Boushley, Caleb",SI,230,87.4,92.1,2225.0,842,0.273
"Boushley, Caleb",FF,165,97.5,91.9,2377.0,842,0.196
"Boushley, Caleb",FC,154,93.8,89.7,2398.0,842,0.183
"Boushley, Caleb",CH,105,92.9,85.0,1801.0,842,0.125
"Boushley, Caleb",SL,102,82.7,83.8,2491.0,842,0.121
"Boushley, Caleb",CU,70,84.4,75.7,2468.0,842,0.083
"Bowden, Ben",FF,138,99.1,93.5,2416.0,227,0.608
"Bowden, Ben",SL,55,91.2,84.0,2283.0,227,0.242
"Bowden, Ben",CH,31,89.9,86.4,1755.0,227,0.137
"Bowlan, Jonathan",FF,760,97.9,96.5,2376.0,1816,0.419
"Bowlan, Jonathan",SL,442,93.0,86.2,2488.0,1816,0.243
"Bowlan, Jonathan",SI,254,98.2,96.5,2246.0,1816,0.14
"Bowlan, Jonathan",CH,195,91.1,89.7,1560.0,1816,0.107
"Bowlan, Jonathan",CU,89,77.2,81.4,2421.0,1816,0.049
"Bowlan, Jonathan",ST,76,87.6,84.7,2594.0,1816,0.042
"Bowman, Matt",SI,430,85.9,91.8,2063.0,1027,0.419
"Bowman, Matt",ST,244,84.9,82.6,2637.0,1027,0.238
"Bowman, Matt",FC,225,77.8,89.5,2236.0,1027,0.219
"Bowman, Matt",FS,114,70.3,84.2,1185.0,1027,0.111
"Boxberger, Brad",FF,184,92.9,91.1,2347.0,338,0.544
"Boxberger, Brad",SL,110,93.9,86.6,2424.0,338,0.325
"Boxberger, Brad",CH,44,79.9,81.0,1325.0,338,0.13
"Boyd, Matthew",FF,2830,93.1,92.7,2345.0,6459,0.438
"Boyd, Matthew",CH,1562,97.3,79.1,1819.0,6459,0.242
"Boyd, Matthew",SL,1124,89.6,81.3,2484.0,6459,0.174
"Boyd, Matthew",CU,686,98.1,73.5,2392.0,6459,0.106
"Boyd, Matthew",SI,257,85.2,91.4,2348.0,6459,0.04
"Boyle, Joe",FF,1231,93.3,98.0,2529.0,2477,0.497
"Boyle, Joe",SL,845,107.2,89.2,2607.0,2477,0.341
"Boyle, Joe",FS,202,88.5,92.9,2013.0,2477,0.082
"Boyle, Joe",ST,72,106.2,84.7,2634.0,2477,0.029
"Boyle, Joe",SI,68,90.7,97.4,2411.0,2477,0.027
"Boyle, Joe",CU,59,93.4,80.8,2434.0,2477,0.024
"Bracho, Silvino",FF,55,88.5,92.0,2238.0,126,0.437
"Bracho, Silvino",CH,48,82.0,81.2,1884.0,126,0.381
"Bracho, Silvino",SL,23,79.9,79.4,2434.0,126,0.183
"Bradford, Cody",FF,1505,92.6,89.7,2098.0,2844,0.529
"Bradford, Cody",CH,803,106.1,81.3,1773.0,2844,0.282
"Bradford, Cody",SL,204,87.7,82.1,2059.0,2844,0.072
"Bradford, Cody",CU,182,84.3,74.9,2017.0,2844,0.064
"Bradford, Cody",FC,135,81.9,86.6,2026.0,2844,0.047
"Bradish, Kyle",SI,1984,89.6,94.8,2179.0,6426,0.309
"Bradish, Kyle",SL,1815,104.5,87.8,2631.0,6426,0.282
"Bradish, Kyle",FF,1233,97.5,94.4,2394.0,6426,0.192
"Bradish, Kyle",CU,1208,110.0,84.7,2632.0,6426,0.188
"Bradish, Kyle",CH,186,95.4,90.8,1392.0,6426,0.029
"Bradley, Archie",FF,65,91.1,93.1,2163.0,148,0.439
"Bradley, Archie",SI,44,84.2,92.7,2056.0,148,0.297
"Bradley, Archie",KC,29,91.9,80.1,1985.0,148,0.196
"Bradley, Taj",FF,4045,99.5,96.6,2309.0,9376,0.431
"Bradley, Taj",FC,2215,89.2,89.8,2242.0,9376,0.236
"Bradley, Taj",FS,1792,91.8,90.9,1603.0,9376,0.191
"Bradley, Taj",CU,1121,95.7,80.8,2474.0,9376,0.12
"Bradley, Taj",SI,203,90.4,96.0,2153.0,9376,0.022
"Brash, Matt",SL,1306,105.5,87.5,2884.0,2360,0.553
"Brash, Matt",FF,490,96.7,97.8,2264.0,2360,0.208
"Brash, Matt",SI,272,85.0,96.9,2256.0,2360,0.115
"Brash, Matt",CH,130,100.7,90.2,1752.0,2360,0.055
"Brash, Matt",KC,113,90.8,85.7,2983.0,2360,0.048
"Brash, Matt",FC,49,89.4,92.1,2665.0,2360,0.021
"Brasier, Ryan",SL,596,89.9,85.1,2445.0,1634,0.365
"Brasier, Ryan",FF,566,96.5,95.1,2275.0,1634,0.346
"Brasier, Ryan",SI,255,92.8,95.2,2247.0,1634,0.156
"Brasier, Ryan",FC,217,99.6,91.0,2354.0,1634,0.133
"Bratt, Mitch",FF,337,85.7,91.0,2336.0,555,0.607
"Bratt, Mitch",CH,71,74.5,84.7,1675.0,555,0.128
"Bratt, Mitch",SL,65,82.0,86.6,2421.0,555,0.117
"Bratt, Mitch",SI,57,79.4,90.8,2224.0,555,0.103
"Bratt, Mitch",CU,25,89.7,76.8,2312.0,555,0.045
"Brazobán, Huascar",CH,1313,95.5,90.4,1970.0,3875,0.339
"Brazobán, Huascar",SI,1309,92.3,96.2,2265.0,3875,0.338
"Brazobán, Huascar",FC,664,84.4,88.6,2361.0,3875,0.171
"Brazobán, Huascar",FF,548,92.4,96.6,2211.0,3875,0.141
"Brazobán, Huascar",SL,41,84.4,87.4,2314.0,3875,0.011
"Brebbia, John",SL,1106,87.5,83.2,2627.0,2191,0.505
"Brebbia, John",FF,1036,96.1,93.7,2293.0,2191,0.473
"Brebbia, John",CH,40,83.8,86.6,1829.0,2191,0.018
"Brewer, Colten",FF,161,91.0,94.3,2233.0,495,0.325
"Brewer, Colten",SL,138,89.9,86.0,2611.0,495,0.279
"Brewer, Colten",CU,127,76.7,80.6,2850.0,495,0.257
"Brewer, Colten",FC,56,103.2,92.9,2424.0,495,0.113
"Brieske, Beau",FF,1052,97.7,96.0,2486.0,2538,0.414
"Brieske, Beau",CH,602,102.0,88.8,2093.0,2538,0.237
"Brieske, Beau",SI,438,93.6,95.7,2474.0,2538,0.173
"Brieske, Beau",SL,410,88.6,87.2,2381.0,2538,0.162
"Brieske, Beau",CU,36,92.9,85.9,2494.0,2538,0.014
"Brigham, Jeff",ST,299,92.5,82.4,2874.0,740,0.404
"Brigham, Jeff",FF,292,90.7,93.6,2421.0,740,0.395
"Brigham, Jeff",FC,149,84.3,89.9,2629.0,740,0.201
"Bristo, Braden",FC,57,94.9,89.2,2513.0,114,0.5
"Bristo, Braden",SI,24,87.9,92.1,2232.0,114,0.211
"Brito, Jhony",CH,670,105.6,89.1,1697.0,2181,0.307
"Brito, Jhony",SI,664,104.5,96.0,2114.0,2181,0.304
"Brito, Jhony",FF,406,86.5,96.0,2124.0,2181,0.186
"Brito, Jhony",ST,184,99.7,82.5,2225.0,2181,0.084
"Brito, Jhony",KC,160,77.9,80.5,2165.0,2181,0.073
"Brito, Jhony",SL,97,80.4,87.0,2055.0,2181,0.044
"Brogdon, Connor",CH,732,89.8,83.6,2048.0,1761,0.416
"Brogdon, Connor",FF,704,95.3,95.0,2292.0,1761,0.4
"Brogdon, Connor",FC,318,83.3,87.1,2342.0,1761,0.181
"Brooks, Aaron",SL,135,84.2,85.2,2496.0,420,0.321
"Brooks, Aaron",FF,117,78.9,92.1,1991.0,420,0.279
"Brooks, Aaron",SI,106,92.7,91.9,1879.0,420,0.252
"Brooks, Aaron",CH,55,93.9,85.0,1806.0,420,0.131
"Brown, Ben",FF,1851,92.3,96.1,2213.0,3546,0.522
"Brown, Ben",KC,1335,108.0,86.9,2286.0,3546,0.376
"Brown, Ben",SI,207,92.5,96.4,2149.0,3546,0.058
"Brown, Ben",CH,153,83.8,90.3,1324.0,3546,0.043
"Brown, Hunter",FF,3895,93.9,96.1,2264.0,10238,0.38
"Brown, Hunter",KC,1857,96.1,83.2,2514.0,10238,0.181
"Brown, Hunter",SI,1704,99.6,95.8,2157.0,10238,0.166
"Brown, Hunter",FC,1125,91.3,92.1,2223.0,10238,0.11
"Brown, Hunter",CH,1000,96.8,88.2,1474.0,10238,0.098
"Brown, Hunter",SL,614,99.2,90.7,2200.0,10238,0.06
"Brown, Hunter",ST,43,85.6,84.6,2336.0,10238,0.004
"Brown, McCade",FF,286,80.7,94.3,2322.0,501,0.571
"Brown, McCade",SL,97,73.2,85.3,2509.0,501,0.194
"Brown, McCade",KC,90,75.5,78.7,2633.0,501,0.18
"Brown, McCade",CH,28,73.9,87.6,2053.0,501,0.056
"Brubaker, JT",SI,681,90.0,93.6,2236.0,1468,0.464
"Brubaker, JT",SL,378,84.6,86.9,2578.0,1468,0.257
"Brubaker, JT",CH,210,96.2,88.4,1991.0,1468,0.143
"Brubaker, JT",CU,136,86.8,81.8,2718.0,1468,0.093
"Brubaker, JT",FF,63,80.8,93.2,2110.0,1468,0.043
"Bruihl, Justin",SI,842,91.5,89.9,2170.0,2038,0.413
"Bruihl, Justin",ST,796,85.8,78.1,2551.0,2038,0.391
"Bruihl, Justin",FC,209,90.4,87.2,2313.0,2038,0.103
"Bruihl, Justin",CH,112,81.6,80.3,1429.0,2038,0.055
"Bruihl, Justin",FF,79,77.7,91.7,2255.0,2038,0.039
"Brzykcy, Zach",FF,326,91.5,94.5,2261.0,610,0.534
"Brzykcy, Zach",CU,142,94.6,83.1,2656.0,610,0.233
"Brzykcy, Zach",CH,130,93.7,88.0,2057.0,610,0.213
"Bubic, Kris",FF,1351,94.1,92.2,2385.0,3361,0.402
"Bubic, Kris",CH,693,92.1,85.3,1622.0,3361,0.206
"Bubic, Kris",ST,687,96.4,83.1,2653.0,3361,0.204
"Bubic, Kris",SL,358,94.0,85.2,2465.0,3361,0.107
"Bubic, Kris",SI,236,86.0,91.5,2246.0,3361,0.07
"Bubic, Kris",CU,36,90.7,80.4,2502.0,3361,0.011
"Buchanan, David",FC,20,91.3,89.3,2159.0,58,0.345
"Buehler, Walker",FF,1441,92.8,94.3,2232.0,6041,0.239
"Buehler, Walker",FC,1262,101.7,90.7,2393.0,6041,0.209
"Buehler, Walker",SI,1076,87.2,94.2,2112.0,6041,0.178
"Buehler, Walker",KC,750,78.0,77.8,2490.0,6041,0.124
"Buehler, Walker",SL,605,98.5,87.3,2494.0,6041,0.1
"Buehler, Walker",CH,458,86.2,89.5,1388.0,6041,0.076
"Buehler, Walker",ST,449,99.3,82.0,2687.0,6041,0.074
"Bukauskas, J.B.",SI,92,91.3,94.0,2148.0,189,0.487
"Bukauskas, J.B.",SL,89,77.3,84.7,2517.0,189,0.471
"Bumgarner, Madison",FC,122,97.1,86.2,2244.0,350,0.349
"Bumgarner, Madison",FF,116,80.0,89.5,2160.0,350,0.331
"Bumgarner, Madison",CU,69,71.7,77.2,2286.0,350,0.197
"Bumgarner, Madison",CH,43,59.0,84.3,1514.0,350,0.123
"Bummer, Aaron",SI,1326,86.8,92.7,2078.0,3319,0.4
"Bummer, Aaron",ST,1051,98.8,82.1,2506.0,3319,0.317
"Bummer, Aaron",CU,420,104.8,80.9,2361.0,3319,0.127
"Bummer, Aaron",FF,307,93.0,92.8,2292.0,3319,0.092
"Bummer, Aaron",FC,198,82.6,87.3,2318.0,3319,0.06
"Burdi, Nick",FF,185,91.6,97.4,2411.0,351,0.527
"Burdi, Nick",SL,125,101.2,87.8,2719.0,351,0.356
"Burdi, Nick",SI,39,90.4,93.7,2067.0,351,0.111
"Burdi, Zack",SL,50,93.9,86.4,2626.0,75,0.667
"Burdi, Zack",FF,24,96.1,93.8,2498.0,75,0.32
"Burgos, Juan",FC,92,94.1,91.8,2470.0,273,0.337
"Burgos, Juan",SI,91,78.5,95.9,2411.0,273,0.333
"Burgos, Juan",ST,82,109.9,85.3,2819.0,273,0.3
"Burgos, Raymond",SI,112,86.7,90.5,2168.0,256,0.438
"Burgos, Raymond",ST,70,94.0,77.7,2294.0,256,0.273
"Burgos, Raymond",FC,33,86.6,86.0,2199.0,256,0.129
"Burgos, Raymond",CH,32,79.1,84.2,1610.0,256,0.125
"Burke, Brock",FF,1782,92.7,95.6,2268.0,3670,0.486
"Burke, Brock",SL,931,104.6,87.1,2224.0,3670,0.254
"Burke, Brock",CH,626,99.7,88.3,2096.0,3670,0.171
"Burke, Brock",SI,331,88.3,93.5,2094.0,3670,0.09
"Burke, Sean",FF,2180,100.3,94.7,2571.0,5473,0.398
"Burke, Sean",KC,1201,102.1,79.4,2501.0,5473,0.219
"Burke, Sean",SL,1099,91.3,86.6,2509.0,5473,0.201
"Burke, Sean",SI,504,88.3,94.5,2400.0,5473,0.092
"Burke, Sean",FC,264,101.3,90.0,2641.0,5473,0.048
"Burke, Sean",CH,225,81.8,85.7,1825.0,5473,0.041
"Burnes, Corbin",FC,3700,107.3,94.6,2682.0,7255,0.51
"Burnes, Corbin",CU,1411,94.3,80.0,2830.0,7255,0.194
"Burnes, Corbin",CH,769,94.7,89.1,2054.0,7255,0.106
"Burnes, Corbin",SL,599,102.9,87.7,2923.0,7255,0.083
"Burnes, Corbin",SI,577,81.8,96.0,2499.0,7255,0.08
"Burnes, Corbin",ST,196,107.6,84.3,2946.0,7255,0.027
"Burns, Chase",FF,1863,105.7,97.9,2627.0,3332,0.559
"Burns, Chase",SL,1258,112.1,90.4,2783.0,3332,0.378
"Burns, Chase",CH,177,92.1,90.4,1750.0,3332,0.053
"Burns, Chase",SI,20,74.5,98.3,2466.0,3332,0.006
"Burr, Ryan",SL,375,101.3,85.3,2543.0,609,0.616
"Burr, Ryan",FF,233,95.1,94.1,2181.0,609,0.383
"Burrows, Mike",FF,1081,94.1,95.3,2289.0,3162,0.342
"Burrows, Mike",CH,806,96.3,86.9,1496.0,3162,0.255
"Burrows, Mike",SL,562,95.4,88.3,2529.0,3162,0.178
"Burrows, Mike",CU,414,91.5,78.8,2900.0,3162,0.131
"Burrows, Mike",SI,299,93.3,94.9,2165.0,3162,0.095
"Busenitz, Alan",FF,55,81.2,94.8,2385.0,182,0.302
"Busenitz, Alan",FC,43,98.5,91.6,2546.0,182,0.236
"Busenitz, Alan",CU,32,105.7,83.2,2710.0,182,0.176
"Busenitz, Alan",SI,25,93.6,93.3,2219.0,182,0.137
"Bush, Ky",FF,167,83.3,91.7,2150.0,328,0.509
"Bush, Ky",SL,80,88.9,82.5,2442.0,328,0.244
"Bush, Ky",CU,49,91.6,73.4,2455.0,328,0.149
"Bush, Ky",CH,32,102.5,85.9,2061.0,328,0.098
"Bush, Matt",FF,100,99.0,94.4,2423.0,194,0.515
"Bush, Matt",CU,76,101.6,77.1,2470.0,194,0.392
"Buttó, José",FF,1107,96.2,94.4,2401.0,3110,0.356
"Buttó, José",CH,612,87.7,87.0,1824.0,3110,0.197
"Buttó, José",SL,609,89.7,86.0,2624.0,3110,0.196
"Buttó, José",SI,537,87.1,93.8,2177.0,3110,0.173
"Buttó, José",ST,205,75.2,83.0,2549.0,3110,0.066
"Buttó, José",CU,40,77.7,80.1,2458.0,3110,0.013
"Cabrera, Edward",CH,2120,104.4,93.4,1704.0,7130,0.297
"Cabrera, Edward",CU,1596,101.9,84.5,2568.0,7130,0.224
"Cabrera, Edward",FF,1492,90.4,96.4,2284.0,7130,0.209
"Cabrera, Edward",SI,1089,93.7,96.7,2257.0,7130,0.153
"Cabrera, Edward",SL,833,98.8,88.7,2475.0,7130,0.117
"Cabrera, Génesis",FC,843,86.7,89.4,2118.0,2664,0.316
"Cabrera, Génesis",FF,694,100.3,95.9,2265.0,2664,0.261
"Cabrera, Génesis",SI,532,92.2,95.6,2267.0,2664,0.2
"Cabrera, Génesis",CU,384,89.4,79.5,2291.0,2664,0.144
"Cabrera, Génesis",CH,118,74.2,88.4,1716.0,2664,0.044
"Cabrera, Génesis",FS,93,80.4,85.0,1223.0,2664,0.035
"Cabrera, Jose",FC,105,93.8,89.9,2406.0,422,0.249
"Cabrera, Jose",FF,105,81.7,93.8,2308.0,422,0.249
"Cabrera, Jose",ST,66,86.1,83.5,2524.0,422,0.156
"Cabrera, Jose",CH,51,93.3,86.5,1784.0,422,0.121
"Cabrera, Jose",CU,49,83.4,86.0,2300.0,422,0.116
"Cabrera, Jose",SI,46,88.3,93.1,2130.0,422,0.109
"Cameron, Noah",FF,1236,89.5,92.4,2300.0,4930,0.251
"Cameron, Noah",FC,1054,93.3,89.1,2392.0,4930,0.214
"Cameron, Noah",CH,959,102.0,81.1,1583.0,4930,0.195
"Cameron, Noah",CU,875,103.4,81.3,2341.0,4930,0.177
"Cameron, Noah",SL,674,105.7,84.7,2505.0,4930,0.137
"Cameron, Noah",SI,132,84.8,91.5,2244.0,4930,0.027
"Campbell, Isaiah",SL,287,104.8,87.1,2710.0,705,0.407
"Campbell, Isaiah",FF,262,92.4,95.0,2445.0,705,0.372
"Campbell, Isaiah",ST,125,94.3,82.4,2754.0,705,0.177
"Canning, Griffin",FF,2624,83.0,94.1,2139.0,7759,0.338
"Canning, Griffin",SL,2062,98.2,87.9,2720.0,7759,0.266
"Canning, Griffin",CH,1886,95.9,89.4,1679.0,7759,0.243
"Canning, Griffin",KC,794,89.1,81.3,2429.0,7759,0.102
"Canning, Griffin",SI,196,83.4,93.7,2091.0,7759,0.025
"Canning, Griffin",FC,138,81.5,89.9,2450.0,7759,0.018
"Canning, Griffin",ST,59,102.3,86.3,2846.0,7759,0.008
"Cannon, Jonathan",SI,969,83.7,93.2,2118.0,3900,0.248
"Cannon, Jonathan",FC,813,92.8,89.7,2307.0,3900,0.208
"Cannon, Jonathan",CH,769,91.6,85.7,1773.0,3900,0.197
"Cannon, Jonathan",ST,721,90.6,81.8,2605.0,3900,0.185
"Cannon, Jonathan",FF,618,91.7,94.0,2245.0,3900,0.158
"Cano, Yennier",SI,1948,100.0,95.6,2089.0,3790,0.514
"Cano, Yennier",CH,655,82.4,91.1,1791.0,3790,0.173
"Cano, Yennier",ST,308,103.7,85.9,2478.0,3790,0.081
"Cano, Yennier",FF,301,92.7,95.7,2241.0,3790,0.079
"Cano, Yennier",FS,290,94.0,90.8,1514.0,3790,0.077
"Cano, Yennier",SL,260,81.9,87.4,2444.0,3790,0.069
"Cano, Yennier",FC,28,79.2,92.0,2146.0,3790,0.007
"Cantillo, Joey",FF,1911,88.0,92.0,1865.0,5015,0.381
"Cantillo, Joey",CH,1342,92.3,79.5,1481.0,5015,0.268
"Cantillo, Joey",CU,1232,111.6,79.0,2660.0,5015,0.246
"Cantillo, Joey",SL,314,86.6,83.8,2135.0,5015,0.063
"Cantillo, Joey",FC,216,79.6,87.0,2006.0,5015,0.043
"Carasiti, Matt",SI,303,91.9,95.1,2011.0,391,0.775
"Carasiti, Matt",FC,54,94.6,89.4,2098.0,391,0.138
"Carasiti, Matt",FF,34,93.0,94.6,2156.0,391,0.087
"Carlton, Drew",FF,159,95.4,92.3,2122.0,329,0.483
"Carlton, Drew",SI,74,88.3,91.2,1924.0,329,0.225
"Carlton, Drew",SL,61,70.6,82.6,2419.0,329,0.185
"Carlton, Drew",CH,35,83.0,84.9,1957.0,329,0.106
"Carrasco, Carlos",FF,1124,84.8,92.1,2199.0,4292,0.262
"Carrasco, Carlos",CH,1105,92.1,86.6,1336.0,4292,0.257
"Carrasco, Carlos",SL,926,87.4,84.2,2446.0,4292,0.216
"Carrasco, Carlos",SI,699,82.9,91.0,2092.0,4292,0.163
"Carrasco, Carlos",CU,333,90.9,79.6,2685.0,4292,0.078
"Carrasco, Carlos",ST,61,86.0,80.3,2491.0,4292,0.014
"Carrasco, Carlos",FC,44,89.4,89.5,2387.0,4292,0.01
"Carrillo, Alex",FF,35,101.8,97.8,2464.0,84,0.417
"Carrillo, Alex",SL,27,82.7,86.9,2615.0,84,0.321
"Carrillo, Alex",FS,22,94.7,90.4,1649.0,84,0.262
"Carrillo, Gerardo",FC,92,97.4,92.9,2381.0,316,0.291
"Carrillo, Gerardo",FS,81,76.5,84.3,875.0,316,0.256
"Carrillo, Gerardo",SI,68,93.7,96.9,2218.0,316,0.215
"Carrillo, Gerardo",ST,38,100.3,86.8,2811.0,316,0.12
"Carrillo, Gerardo",FF,34,89.5,96.9,2279.0,316,0.108
"Casparius, Ben",FF,490,94.2,96.0,2432.0,1505,0.326
"Casparius, Ben",ST,489,98.8,85.2,3075.0,1505,0.325
"Casparius, Ben",FC,294,110.9,92.1,2754.0,1505,0.195
"Casparius, Ben",CU,213,99.3,80.7,3020.0,1505,0.142
"Castano, Daniel",FC,27,100.4,87.2,2402.0,69,0.391
"Castaño, Blas",SI,189,87.3,94.1,2131.0,510,0.371
"Castaño, Blas",ST,114,88.9,82.7,2581.0,510,0.224
"Castaño, Blas",FC,84,83.6,90.3,2422.0,510,0.165
"Castaño, Blas",CH,63,68.7,88.9,1535.0,510,0.124
"Castaño, Blas",FF,60,91.2,94.4,2238.0,510,0.118
"Castellanos, Humberto",SI,59,82.7,90.6,1921.0,186,0.317
"Castellanos, Humberto",FC,50,89.9,87.1,2013.0,186,0.269
"Castellanos, Humberto",CU,27,51.9,78.2,2396.0,186,0.145
"Castellanos, Humberto",FF,27,88.1,89.5,2039.0,186,0.145
"Castellanos, Humberto",CH,23,74.8,85.2,1235.0,186,0.124
"Castillo, Diego",SL,202,86.9,86.7,2319.0,334,0.605
"Castillo, Diego",SI,76,81.2,94.4,1998.0,334,0.228
"Castillo, Diego",FF,37,79.5,95.0,1935.0,334,0.111
"Castillo, José",SL,241,93.9,84.2,2486.0,566,0.426
"Castillo, José",SI,211,96.1,93.0,2013.0,566,0.373
"Castillo, José",FF,100,81.6,93.8,2094.0,566,0.177
"Castillo, Luis",FF,4985,95.9,95.5,2229.0,11213,0.445
"Castillo, Luis",SL,2494,84.3,85.4,2285.0,11213,0.222
"Castillo, Luis",SI,2163,88.9,95.4,2054.0,11213,0.193
"Castillo, Luis",CH,1570,89.8,87.8,1930.0,11213,0.14
"Castillo, Luis F.",FF,77,90.4,92.2,2056.0,168,0.458
"Castillo, Luis F.",ST,42,83.9,80.7,2360.0,168,0.25
"Castillo, Luis F.",SI,27,83.6,91.1,2121.0,168,0.161
"Castillo, Luis F.",CH,22,93.6,86.3,1595.0,168,0.131
"Castillo, Max",FF,112,91.7,93.5,2199.0,340,0.329
"Castillo, Max",SL,107,82.4,83.6,2397.0,340,0.315
"Castillo, Max",CH,88,91.4,87.0,1585.0,340,0.259
"Castillo, Max",SI,33,88.7,93.1,2153.0,340,0.097
"Castro, Kervin",FF,49,94.5,93.9,2388.0,94,0.521
"Castro, Miguel",SL,536,92.0,83.4,2808.0,1339,0.4
"Castro, Miguel",SI,438,91.1,96.6,2144.0,1339,0.327
"Castro, Miguel",CH,204,91.0,90.9,1874.0,1339,0.152
"Castro, Miguel",FF,161,85.1,95.3,2231.0,1339,0.12
"Cavalli, Cade",FF,1133,95.4,96.9,2305.0,3559,0.318
"Cavalli, Cade",KC,982,105.5,86.2,2269.0,3559,0.276
"Cavalli, Cade",SI,493,93.4,96.3,2178.0,3559,0.139
"Cavalli, Cade",ST,393,105.0,86.3,2302.0,3559,0.11
"Cavalli, Cade",CH,319,95.9,89.4,1965.0,3559,0.09
"Cavalli, Cade",FC,239,94.8,93.6,2299.0,3559,0.067
"Cease, Dylan",FF,5142,98.9,96.6,2524.0,12375,0.416
"Cease, Dylan",SL,4740,103.9,87.8,2767.0,12375,0.383
"Cease, Dylan",KC,1290,92.2,81.4,2683.0,12375,0.104
"Cease, Dylan",CH,495,91.8,79.2,1712.0,12375,0.04
"Cease, Dylan",SI,349,93.7,95.8,2424.0,12375,0.028
"Cease, Dylan",ST,340,92.5,83.4,2881.0,12375,0.027
"Cecconi, Slade",FF,2390,96.7,94.2,2368.0,5767,0.414
"Cecconi, Slade",SL,886,87.1,84.3,2503.0,5767,0.154
"Cecconi, Slade",CU,791,88.5,75.6,2416.0,5767,0.137
"Cecconi, Slade",SI,625,90.5,93.6,2271.0,5767,0.108
"Cecconi, Slade",FC,576,87.6,88.6,2259.0,5767,0.1
"Cecconi, Slade",CH,359,86.0,83.0,1730.0,5767,0.062
"Cecconi, Slade",ST,125,94.1,83.1,2513.0,5767,0.022
"Cellucci, Brendan",ST,42,109.1,84.1,2474.0,87,0.483
"Cellucci, Brendan",FF,36,97.1,93.6,2383.0,87,0.414
"Cerantola, Eric",SL,49,85.1,84.2,2432.0,122,0.402
"Cerantola, Eric",FF,45,69.5,94.5,2157.0,122,0.369
"Cerantola, Eric",FC,28,70.9,90.3,2191.0,122,0.23
"Cessa, Luis",SL,173,84.0,81.2,2459.0,459,0.377
"Cessa, Luis",FF,105,78.8,91.9,2223.0,459,0.229
"Cessa, Luis",CH,100,93.0,86.3,1658.0,459,0.218
"Cessa, Luis",SI,81,88.8,91.9,2167.0,459,0.176
"Chafin, Andrew",SI,1020,82.4,91.5,2119.0,2484,0.411
"Chafin, Andrew",SL,995,85.6,82.2,2525.0,2484,0.401
"Chafin, Andrew",FF,457,81.3,91.3,2146.0,2484,0.184
"Chandler, Bubba",FF,1472,99.0,98.4,2402.0,3003,0.49
"Chandler, Bubba",SL,600,100.3,91.0,2391.0,3003,0.2
"Chandler, Bubba",CH,467,94.3,91.6,1978.0,3003,0.156
"Chandler, Bubba",SI,215,88.2,97.7,2272.0,3003,0.072
"Chandler, Bubba",CU,146,94.9,86.5,2372.0,3003,0.049
"Chandler, Bubba",ST,103,91.7,87.7,2503.0,3003,0.034
"Chapman, Aroldis",FF,1528,102.7,98.1,2415.0,3885,0.393
"Chapman, Aroldis",SI,1063,94.2,99.4,2415.0,3885,0.274
"Chapman, Aroldis",SL,882,108.8,87.1,2292.0,3885,0.227
"Chapman, Aroldis",FS,412,108.4,90.9,1229.0,3885,0.106
"Chargois, JT",SI,642,91.0,95.7,2269.0,1232,0.521
"Chargois, JT",SL,520,92.3,86.0,2611.0,1232,0.422
"Chargois, JT",FF,68,91.8,95.1,2362.0,1232,0.055
"Chavez, Jesse",FC,881,96.6,88.6,2225.0,1772,0.497
"Chavez, Jesse",SI,504,82.2,90.6,2002.0,1772,0.284
"Chavez, Jesse",CH,246,87.0,84.9,1838.0,1772,0.139
"Chavez, Jesse",CU,115,97.9,75.6,2566.0,1772,0.065
"Chavez, Jesse",SL,25,77.2,81.1,2409.0,1772,0.014
"Chirinos, Yonny",SI,782,91.1,92.5,2039.0,1849,0.423
"Chirinos, Yonny",SL,545,87.4,87.5,2311.0,1849,0.295
"Chirinos, Yonny",FS,418,97.9,85.2,1339.0,1849,0.226
"Chirinos, Yonny",FF,104,79.1,93.0,2187.0,1849,0.056
"Chivilli, Angel",FF,739,76.7,96.9,2285.0,1817,0.407
"Chivilli, Angel",CH,699,90.7,88.6,1817.0,1817,0.385
"Chivilli, Angel",SL,379,90.1,89.8,2114.0,1817,0.209
"Church, Marc",SL,57,98.0,86.8,2073.0,114,0.5
"Church, Marc",FF,54,97.2,96.1,2133.0,114,0.474
"Cimber, Adam",FF,273,64.4,85.1,2208.0,779,0.35
"Cimber, Adam",SI,266,108.8,85.2,2158.0,779,0.341
"Cimber, Adam",SL,240,89.8,74.0,2529.0,779,0.308
"Cisnero, José",FF,471,96.1,95.7,2432.0,1299,0.363
"Cisnero, José",SL,286,86.7,84.7,2533.0,1299,0.22
"Cisnero, José",SI,281,85.2,95.4,2260.0,1299,0.216
"Cisnero, José",CH,138,94.4,88.7,1389.0,1299,0.106
"Cisnero, José",FC,123,93.6,89.0,2604.0,1299,0.095
"Civale, Aaron",FC,2926,106.1,88.2,2621.0,8297,0.353
"Civale, Aaron",CU,1709,97.2,77.6,3069.0,8297,0.206
"Civale, Aaron",SI,1615,83.2,92.3,2259.0,8297,0.195
"Civale, Aaron",FF,975,89.2,91.9,2404.0,8297,0.118
"Civale, Aaron",ST,404,102.6,80.2,2993.0,8297,0.049
"Civale, Aaron",SL,350,93.6,82.9,2858.0,8297,0.042
"Civale, Aaron",FS,318,72.1,85.3,1912.0,8297,0.038
"Clarke, Taylor",SL,1036,96.7,88.2,2241.0,2937,0.353
"Clarke, Taylor",CH,619,98.8,89.7,1707.0,2937,0.211
"Clarke, Taylor",FF,512,90.7,94.8,2281.0,2937,0.174
"Clarke, Taylor",SI,382,89.2,95.1,2256.0,2937,0.13
"Clarke, Taylor",ST,198,90.5,83.9,2488.0,2937,0.067
"Clarke, Taylor",FC,190,92.6,94.3,2268.0,2937,0.065
"Clase, Emmanuel",FC,2033,112.5,99.2,2608.0,2844,0.715
"Clase, Emmanuel",SL,782,119.2,90.3,2558.0,2844,0.275
"Clase, Emmanuel",SI,28,105.7,99.4,2497.0,2844,0.01
"Cleavinger, Garrett",SL,1008,112.4,86.7,2643.0,2838,0.355
"Cleavinger, Garrett",SI,671,80.0,95.8,2395.0,2838,0.236
"Cleavinger, Garrett",FF,527,99.4,96.5,2346.0,2838,0.186
"Cleavinger, Garrett",ST,359,93.9,80.8,2820.0,2838,0.126
"Cleavinger, Garrett",FC,273,100.4,90.8,2521.0,2838,0.096
"Clevinger, Mike",FF,1146,98.9,94.2,2279.0,2515,0.456
"Clevinger, Mike",ST,648,85.6,79.3,2351.0,2515,0.258
"Clevinger, Mike",CH,350,94.0,86.1,1522.0,2515,0.139
"Clevinger, Mike",FC,231,77.1,85.4,2406.0,2515,0.092
"Clevinger, Mike",SI,96,86.3,92.8,2168.0,2515,0.038
"Clevinger, Mike",CU,44,82.3,76.2,2203.0,2515,0.017
"Cobb, Alex",SI,1077,91.7,94.5,2078.0,2726,0.395
"Cobb, Alex",FS,1073,96.2,89.5,1561.0,2726,0.394
"Cobb, Alex",KC,436,97.6,83.6,2672.0,2726,0.16
"Cobb, Alex",SL,125,82.4,86.2,2623.0,2726,0.046
"Cole, Gerrit",FF,3373,101.0,96.5,2377.0,6731,0.501
"Cole, Gerrit",SL,1295,95.2,89.1,2530.0,6731,0.192
"Cole, Gerrit",KC,954,101.3,82.9,2782.0,6731,0.142
"Cole, Gerrit",CH,543,87.8,87.6,1726.0,6731,0.081
"Cole, Gerrit",FC,482,94.2,92.0,2497.0,6731,0.072
"Cole, Gerrit",SI,84,97.3,95.9,2306.0,6731,0.012
"Coleman, Dylan",FF,154,89.7,95.2,2419.0,397,0.388
"Coleman, Dylan",ST,136,92.7,80.8,2499.0,397,0.343
"Coleman, Dylan",FC,107,91.8,90.0,2409.0,397,0.27
"Collyer, Gavin",FC,153,97.6,90.5,2680.0,446,0.343
"Collyer, Gavin",FF,114,85.8,97.3,2475.0,446,0.256
"Collyer, Gavin",ST,99,84.9,85.7,2880.0,446,0.222
"Collyer, Gavin",SI,80,78.8,95.8,2381.0,446,0.179
"Colomé, Alex",FC,32,86.8,90.2,2289.0,62,0.516
"Colomé, Alex",FF,30,89.7,93.3,2177.0,62,0.484
"Contreras, Luis",FF,160,98.9,91.3,2550.0,329,0.486
"Contreras, Luis",SL,70,76.2,86.1,2404.0,329,0.213
"Contreras, Luis",CH,46,69.9,83.9,1574.0,329,0.14
"Contreras, Luis",ST,45,84.7,79.3,2473.0,329,0.137
"Contreras, Roansy",FF,942,93.6,94.6,2343.0,2412,0.391
"Contreras, Roansy",SL,801,86.5,84.1,2504.0,2412,0.332
"Contreras, Roansy",CU,267,87.7,77.5,2632.0,2412,0.111
"Contreras, Roansy",CH,179,91.1,89.0,2004.0,2412,0.074
"Contreras, Roansy",SI,134,88.9,94.6,2252.0,2412,0.056
"Contreras, Roansy",ST,89,94.4,82.9,2530.0,2412,0.037
"Cook, Alex",FF,66,104.5,95.4,2333.0,98,0.673
"Coonrod, Sam",FC,43,88.7,93.4,2360.0,147,0.293
"Coonrod, Sam",SI,37,78.8,95.1,1998.0,147,0.252
"Coonrod, Sam",FF,27,83.3,95.7,2244.0,147,0.184
"Coonrod, Sam",ST,21,96.9,82.4,2598.0,147,0.143
"Corbin, Patrick",SI,3344,83.6,91.7,2064.0,9754,0.343
"Corbin, Patrick",SL,3257,84.1,80.1,2193.0,9754,0.334
"Corbin, Patrick",FC,1415,90.3,86.6,2304.0,9754,0.145
"Corbin, Patrick",FF,886,83.8,91.5,2121.0,9754,0.091
"Corbin, Patrick",CH,765,86.4,80.4,1438.0,9754,0.078
"Corbin, Patrick",CU,86,74.4,69.4,1928.0,9754,0.009
"Cordero, Jimmy",SI,361,97.2,97.3,2168.0,512,0.705
"Cordero, Jimmy",SL,143,103.4,86.8,2379.0,512,0.279
"Cornelio, Riley",SL,335,73.9,85.0,2307.0,654,0.512
"Cornelio, Riley",FF,246,98.7,96.5,2362.0,654,0.376
"Cornelio, Riley",FC,73,81.7,90.2,2295.0,654,0.112
"Corniell, Jose",FF,47,88.4,95.1,2075.0,145,0.324
"Corniell, Jose",CH,35,82.6,86.2,1558.0,145,0.241
"Corniell, Jose",FC,27,90.7,91.5,2115.0,145,0.186
"Cortes, Carlos",CH,22,43.2,72.1,1734.0,23,0.957
"Cortes, Nestor",FF,2050,96.4,91.7,2293.0,4511,0.454
"Cortes, Nestor",FC,1313,88.8,87.2,2395.0,4511,0.291
"Cortes, Nestor",ST,677,87.5,77.7,2571.0,4511,0.15
"Cortes, Nestor",CH,387,91.7,83.3,1391.0,4511,0.086
"Cortes, Nestor",SL,48,72.3,81.7,2461.0,4511,0.011
"Cortes, Nestor",SI,36,61.0,90.0,2232.0,4511,0.008
"Cosgrove, Tom",ST,794,95.4,75.7,2702.0,1464,0.542
"Cosgrove, Tom",FF,360,89.1,90.8,2393.0,1464,0.246
"Cosgrove, Tom",SI,307,80.0,90.3,2223.0,1464,0.21
"Coulombe, Danny",FC,921,98.0,85.6,2612.0,2386,0.386
"Coulombe, Danny",ST,477,99.6,81.4,2584.0,2386,0.2
"Coulombe, Danny",SI,464,75.0,90.4,2329.0,2386,0.194
"Coulombe, Danny",FF,318,89.7,90.6,2418.0,2386,0.133
"Coulombe, Danny",KC,190,99.1,79.5,2721.0,2386,0.08
"Cousins, Jake",ST,532,82.4,82.0,2625.0,845,0.63
"Cousins, Jake",SI,275,90.1,95.0,2349.0,845,0.325
"Cousins, Jake",FF,38,72.6,94.6,2323.0,845,0.045
"Covey, Dylan",SI,303,85.4,95.1,2068.0,734,0.413
"Covey, Dylan",FC,197,95.8,92.4,2208.0,734,0.268
"Covey, Dylan",SL,159,91.3,87.7,2230.0,734,0.217
"Covey, Dylan",FS,37,88.3,86.7,1068.0,734,0.05
"Covey, Dylan",ST,30,88.3,84.8,2453.0,734,0.041
"Cox, Austin",FF,433,91.6,91.9,2077.0,1005,0.431
"Cox, Austin",CU,163,96.9,79.0,2464.0,1005,0.162
"Cox, Austin",SL,148,97.4,86.4,2350.0,1005,0.147
"Cox, Austin",FC,127,89.2,87.2,2296.0,1005,0.126
"Cox, Austin",CH,88,103.1,82.9,1661.0,1005,0.088
"Cox, Austin",FS,44,98.5,82.2,645.0,1005,0.044
"Crawford, Brandon",FF,45,74.1,86.3,1918.0,54,0.833
"Crawford, Kutter",FF,1773,96.4,93.1,2497.0,4915,0.361
"Crawford, Kutter",FC,1495,97.2,87.9,2465.0,4915,0.304
"Crawford, Kutter",ST,661,93.5,81.1,2273.0,4915,0.134
"Crawford, Kutter",KC,451,89.0,78.5,2219.0,4915,0.092
"Crawford, Kutter",FS,402,95.5,82.4,1073.0,4915,0.082
"Crawford, Kutter",SL,132,88.9,82.9,2278.0,4915,0.027
"Crismatt, Nabil",CH,390,81.6,81.4,1598.0,885,0.441
"Crismatt, Nabil",SI,155,82.4,89.0,2124.0,885,0.175
"Crismatt, Nabil",FF,150,84.0,89.2,2206.0,885,0.169
"Crismatt, Nabil",CU,140,80.8,73.5,2274.0,885,0.158
"Crismatt, Nabil",SL,50,71.9,82.7,2173.0,885,0.056
"Criswell, Cooper",SI,956,87.8,89.3,2039.0,3188,0.3
"Criswell, Cooper",CH,779,89.0,84.5,1520.0,3188,0.244
"Criswell, Cooper",ST,765,95.4,76.9,2517.0,3188,0.24
"Criswell, Cooper",FC,571,95.8,86.2,2264.0,3188,0.179
"Criswell, Cooper",SL,73,70.1,82.1,2432.0,3188,0.023
"Criswell, Cooper",FF,44,87.0,90.7,2269.0,3188,0.014
"Criswell, Jeff",FF,185,87.7,95.4,2336.0,433,0.427
"Criswell, Jeff",SL,183,83.6,87.7,2406.0,433,0.423
"Criswell, Jeff",CH,60,93.3,86.8,2171.0,433,0.139
"Crochet, Garrett",FF,2751,98.7,96.7,2467.0,6303,0.436
"Crochet, Garrett",FC,1675,100.2,91.1,2601.0,6303,0.266
"Crochet, Garrett",ST,882,95.2,83.4,2387.0,6303,0.14
"Crochet, Garrett",SI,670,96.7,96.0,2405.0,6303,0.106
"Crochet, Garrett",CH,316,91.1,89.4,1902.0,6303,0.05
"Cronin, Declan",SL,657,90.4,87.0,2777.0,1289,0.51
"Cronin, Declan",SI,530,79.7,93.4,2571.0,1289,0.411
"Cronin, Declan",FF,84,89.9,93.9,2643.0,1289,0.065
"Crouse, Hans",SI,217,73.4,92.6,2284.0,437,0.497
"Crouse, Hans",SL,170,77.1,83.8,2205.0,437,0.389
"Crouse, Hans",CH,49,78.2,87.4,1431.0,437,0.112
"Crow, Coleman",FC,107,108.8,87.4,2867.0,295,0.363
"Crow, Coleman",CU,61,122.4,74.1,2953.0,295,0.207
"Crow, Coleman",FF,54,89.5,91.3,2580.0,295,0.183
"Crow, Coleman",SI,50,88.2,91.3,2510.0,295,0.169
"Crow, Coleman",ST,23,103.6,79.1,2982.0,295,0.078
"Crowe, Wil",SL,64,96.1,87.9,2740.0,177,0.362
"Crowe, Wil",FF,49,77.8,93.6,2541.0,177,0.277
"Crowe, Wil",CH,41,82.9,86.0,1602.0,177,0.232
"Crowe, Wil",ST,23,109.1,86.5,2786.0,177,0.13
"Cruz, Fernando",FS,1837,101.3,80.9,824.0,3986,0.461
"Cruz, Fernando",FF,1213,94.0,94.1,2253.0,3986,0.304
"Cruz, Fernando",FC,556,94.1,88.3,2433.0,3986,0.139
"Cruz, Fernando",SL,199,84.7,82.7,2577.0,3986,0.05
"Cruz, Fernando",SI,150,85.4,93.0,2068.0,3986,0.038
"Cruz, Fernando",ST,31,99.5,81.3,2599.0,3986,0.008
"Cruz, Omar",FF,50,89.5,92.7,2357.0,81,0.617
"Cruz, Omar",CH,21,96.9,82.2,1716.0,81,0.259
"Cruz, Steven",FF,982,97.3,98.3,2212.0,1898,0.517
"Cruz, Steven",FC,499,93.3,93.6,2160.0,1898,0.263
"Cruz, Steven",SL,355,92.9,89.4,2193.0,1898,0.187
"Cruz, Steven",SI,59,74.3,97.4,2155.0,1898,0.031
"Cruz, Yovanny",SL,125,85.4,91.4,2391.0,247,0.506
"Cruz, Yovanny",FF,61,95.5,99.8,2114.0,247,0.247
"Cruz, Yovanny",SI,42,95.0,100.1,2116.0,247,0.17
"Cuas, Jose",SI,848,83.8,92.6,2468.0,1899,0.447
"Cuas, Jose",FF,469,81.2,92.1,2374.0,1899,0.247
"Cuas, Jose",ST,268,57.5,82.8,2635.0,1899,0.141
"Cuas, Jose",SL,230,65.6,82.4,2612.0,1899,0.121
"Cuas, Jose",CH,61,64.6,87.6,1801.0,1899,0.032
"Cuas, Jose",FC,23,66.0,88.1,2522.0,1899,0.012
"Cueto, Johnny",FF,312,94.1,92.1,2211.0,1027,0.304
"Cueto, Johnny",SL,238,84.0,86.1,2238.0,1027,0.232
"Cueto, Johnny",SI,229,88.4,91.9,2098.0,1027,0.223
"Cueto, Johnny",CH,214,82.3,83.5,1360.0,1027,0.208
"Cueto, Johnny",FC,30,84.6,87.8,2208.0,1027,0.029
"Curry, Xzavion",FF,1191,90.6,92.2,2100.0,2537,0.469
"Curry, Xzavion",SL,879,90.3,84.7,2420.0,2537,0.346
"Curry, Xzavion",CU,309,88.0,74.4,2470.0,2537,0.122
"Curry, Xzavion",CH,64,89.5,87.8,1431.0,2537,0.025
"Curry, Xzavion",FS,64,86.0,84.2,1625.0,2537,0.025
"Curry, Xzavion",SI,27,76.4,89.3,2172.0,2537,0.011
"Curtis, Khristian",FF,122,95.6,95.4,2402.0,349,0.35
"Curtis, Khristian",FC,111,102.9,91.7,2560.0,349,0.318
"Curtis, Khristian",CH,62,96.5,85.8,2533.0,349,0.178
"Curtis, Khristian",SL,39,95.8,85.5,2714.0,349,0.112
"Curtiss, John",FF,472,90.9,94.1,2313.0,878,0.538
"Curtiss, John",FC,183,89.7,90.4,2543.0,878,0.208
"Curtiss, John",SL,180,82.3,86.1,2579.0,878,0.205
"Curtiss, John",CH,43,72.4,87.6,1725.0,878,0.049
"Curvelo, Luis",SL,187,80.2,84.4,2213.0,512,0.365
"Curvelo, Luis",FF,151,94.4,96.1,2375.0,512,0.295
"Curvelo, Luis",SI,119,93.4,95.2,2336.0,512,0.232
"Curvelo, Luis",FS,37,86.1,83.5,1186.0,512,0.072
"Dallas, Chad",FC,87,101.0,92.9,2427.0,227,0.383
"Dallas, Chad",ST,65,110.6,84.0,2687.0,227,0.286
"Dallas, Chad",CU,62,108.3,84.0,2672.0,227,0.273
"Dana, Caden",FF,361,85.7,94.5,2185.0,768,0.47
"Dana, Caden",SL,210,87.4,85.5,2146.0,768,0.273
"Dana, Caden",CH,127,87.4,86.8,1511.0,768,0.165
"Dana, Caden",CU,60,86.7,77.9,2480.0,768,0.078
"Daniel, Davis",FF,450,90.6,91.6,2133.0,908,0.496
"Daniel, Davis",SL,191,85.8,81.5,2330.0,908,0.21
"Daniel, Davis",CH,110,94.7,84.8,1813.0,908,0.121
"Daniel, Davis",CU,77,89.2,74.9,2342.0,908,0.085
"Daniel, Davis",FS,59,106.4,84.7,924.0,908,0.065
"Darnell, Dugan",FF,98,89.5,93.7,2366.0,186,0.527
"Darnell, Dugan",FS,50,84.8,84.5,1115.0,186,0.269
"Darnell, Dugan",SL,38,81.0,82.0,2208.0,186,0.204
"Darrell-Hicks, Michael",SI,68,87.1,94.3,2266.0,158,0.43
"Darrell-Hicks, Michael",FC,53,90.1,87.4,2573.0,158,0.335
"Darrell-Hicks, Michael",ST,30,87.5,83.2,2749.0,158,0.19
"Darvish, Yu",SI,846,85.1,93.9,2255.0,4548,0.186
"Darvish, Yu",SL,830,98.0,85.8,2776.0,4548,0.182
"Darvish, Yu",FF,776,99.4,94.3,2371.0,4548,0.171
"Darvish, Yu",ST,691,99.9,82.4,2768.0,4548,0.152
"Darvish, Yu",CU,386,102.3,72.2,2570.0,4548,0.085
"Darvish, Yu",FC,385,98.6,90.8,2555.0,4548,0.085
"Darvish, Yu",FS,339,87.9,87.9,1309.0,4548,0.075
"Darvish, Yu",KC,225,96.6,79.1,2723.0,4548,0.049
"Darvish, Yu",CH,70,86.0,88.2,1544.0,4548,0.015
"Davidson, Tucker",SL,395,99.6,84.9,2255.0,910,0.434
"Davidson, Tucker",FF,308,82.8,91.4,1969.0,910,0.338
"Davidson, Tucker",ST,96,89.0,79.6,2358.0,910,0.105
"Davidson, Tucker",FS,75,96.2,82.2,1072.0,910,0.082
"Davidson, Tucker",SI,28,82.9,90.5,1891.0,910,0.031
"Davies, Zach",SI,445,86.4,89.5,2096.0,1496,0.297
"Davies, Zach",FF,380,84.2,89.4,2216.0,1496,0.254
"Davies, Zach",CH,369,91.1,80.7,1769.0,1496,0.247
"Davies, Zach",FC,169,86.2,87.5,2244.0,1496,0.113
"Davies, Zach",CU,93,93.8,77.1,2648.0,1496,0.062
"Davies, Zach",SL,28,65.1,81.7,2354.0,1496,0.019
"Davila, Nick",SL,290,82.7,87.4,2079.0,446,0.65
"Davila, Nick",SI,108,91.1,94.8,2066.0,446,0.242
"Davila, Nick",FF,47,78.1,94.8,2048.0,446,0.105
"Davis, Austin",FC,54,95.4,88.6,2604.0,142,0.38
"Davis, Austin",SI,54,78.6,92.3,2308.0,142,0.38
"Davis, Austin",ST,34,102.1,80.2,2583.0,142,0.239
"Davis, Noah",SI,542,84.4,93.8,2197.0,1196,0.453
"Davis, Noah",FC,222,83.7,88.4,2265.0,1196,0.186
"Davis, Noah",ST,156,82.5,80.0,2739.0,1196,0.13
"Davis, Noah",SL,92,81.6,83.8,2227.0,1196,0.077
"Davis, Noah",CH,72,76.9,84.9,1902.0,1196,0.06
"Davis, Noah",CU,58,87.5,78.3,2756.0,1196,0.048
"Davis, Noah",FF,54,81.3,93.7,2313.0,1196,0.045
"Davis, Tyler",FF,292,101.4,96.3,2408.0,470,0.621
"Davis, Tyler",SL,148,100.5,87.5,2558.0,470,0.315
"Davis, Tyler",FS,30,87.8,86.1,1233.0,470,0.064
"Davitt, Duncan",FF,32,90.3,93.0,2422.0,88,0.364
"De Jesus, Enmanuel",FF,330,94.3,94.1,2311.0,805,0.41
"De Jesus, Enmanuel",CH,186,104.4,87.4,2102.0,805,0.231
"De Jesus, Enmanuel",FC,111,73.8,85.5,2614.0,805,0.138
"De Jesus, Enmanuel",SI,109,91.8,94.1,2287.0,805,0.135
"De Jesus, Enmanuel",SL,69,89.1,79.9,2613.0,805,0.086
"De Jong, Chase",FF,85,91.8,92.1,2374.0,223,0.381
"De Jong, Chase",SL,77,92.2,83.5,2441.0,223,0.345
"De Jong, Chase",CU,35,82.1,76.6,2576.0,223,0.157
"De Jong, Chase",FS,26,78.2,85.5,1090.0,223,0.117
"De León, José",FF,196,98.3,93.0,2201.0,359,0.546
"De León, José",CH,81,87.6,84.7,1809.0,359,0.226
"De León, José",ST,38,86.0,79.6,2417.0,359,0.106
"De León, José",FC,28,90.8,87.1,2142.0,359,0.078
"De León, Luis",SI,85,103.8,95.9,2350.0,126,0.675
"De León, Luis",FS,26,67.0,83.9,1123.0,126,0.206
"De Los Santos, Enyel",FF,2227,94.8,95.6,2254.0,4421,0.504
"De Los Santos, Enyel",SL,1545,91.9,86.5,2194.0,4421,0.349
"De Los Santos, Enyel",CH,648,96.8,86.6,1905.0,4421,0.147
"De los Santos, Yerry",SI,742,89.9,95.3,2157.0,1300,0.571
"De los Santos, Yerry",CH,299,88.1,88.4,1551.0,1300,0.23
"De los Santos, Yerry",SL,159,75.1,85.9,2105.0,1300,0.122
"De los Santos, Yerry",FF,100,88.8,95.1,2127.0,1300,0.077
"DeSclafani, Anthony",SL,811,90.0,87.5,2184.0,2141,0.379
"DeSclafani, Anthony",SI,510,87.8,93.3,2137.0,2141,0.238
"DeSclafani, Anthony",FF,326,89.8,93.5,2287.0,2141,0.152
"DeSclafani, Anthony",KC,214,88.5,82.9,2253.0,2141,0.1
"DeSclafani, Anthony",CH,149,84.4,86.4,1577.0,2141,0.07
"DeSclafani, Anthony",FS,129,94.6,83.6,1290.0,2141,0.06
"Dermody, Matt",FF,23,83.1,91.8,2221.0,76,0.303
"Detmers, Reid",FF,3442,94.1,94.3,2132.0,8094,0.425
"Detmers, Reid",SL,2465,101.3,87.3,2280.0,8094,0.305
"Detmers, Reid",CU,1278,103.6,74.0,2465.0,8094,0.158
"Detmers, Reid",CH,628,92.8,84.3,1554.0,8094,0.078
"Detmers, Reid",SI,253,84.9,94.0,2039.0,8094,0.031
"Detmers, Reid",ST,28,80.7,83.5,2478.0,8094,0.003
"Devenski, Chris",CH,761,98.1,83.1,1656.0,1600,0.476
"Devenski, Chris",FF,455,84.4,93.4,2323.0,1600,0.284
"Devenski, Chris",ST,156,89.1,78.5,2293.0,1600,0.098
"Devenski, Chris",FC,124,83.5,85.7,2250.0,1600,0.078
"Devenski, Chris",SL,84,93.3,81.9,2236.0,1600,0.052
"Diekman, Jake",FF,575,100.1,95.2,2291.0,1561,0.368
"Diekman, Jake",SI,406,76.0,95.0,2170.0,1561,0.26
"Diekman, Jake",ST,344,85.5,83.2,2855.0,1561,0.22
"Diekman, Jake",CH,201,89.0,87.7,1641.0,1561,0.129
"Diekman, Jake",FC,35,63.9,88.7,2412.0,1561,0.022
"Dion, Will",FF,321,96.3,91.1,2337.0,755,0.425
"Dion, Will",CH,197,99.5,78.0,1532.0,755,0.261
"Dion, Will",CU,147,83.1,80.9,2461.0,755,0.195
"Dion, Will",FC,62,80.6,86.9,2402.0,755,0.082
"Dion, Will",SI,28,86.3,89.8,2361.0,755,0.037
"Dobbins, Hunter",FF,677,97.9,95.1,2374.0,1862,0.364
"Dobbins, Hunter",SL,410,100.4,87.7,2596.0,1862,0.22
"Dobbins, Hunter",ST,233,94.7,81.7,2653.0,1862,0.125
"Dobbins, Hunter",CU,218,90.2,79.0,2531.0,1862,0.117
"Dobbins, Hunter",FS,189,84.2,89.1,1875.0,1862,0.102
"Dobbins, Hunter",SI,135,84.2,94.5,2210.0,1862,0.073
"Dobnak, Randy",SI,541,82.9,91.5,1947.0,1484,0.365
"Dobnak, Randy",ST,384,77.6,82.5,2460.0,1484,0.259
"Dobnak, Randy",CH,347,83.6,84.9,1456.0,1484,0.234
"Dobnak, Randy",FF,151,81.6,92.4,2044.0,1484,0.102
"Dobnak, Randy",SL,61,60.1,83.8,2228.0,1484,0.041
"Dodd, Dylan",SI,631,71.8,93.8,2170.0,1870,0.337
"Dodd, Dylan",FC,575,84.4,86.9,2060.0,1870,0.307
"Dodd, Dylan",FF,293,89.4,92.2,2199.0,1870,0.157
"Dodd, Dylan",SL,252,82.3,82.0,2117.0,1870,0.135
"Dodd, Dylan",CH,119,91.8,83.4,1799.0,1870,0.064
"Dollander, Chase",FF,1146,100.4,98.2,2414.0,2519,0.455
"Dollander, Chase",CU,437,96.1,79.3,2799.0,2519,0.173
"Dollander, Chase",SI,353,91.2,97.7,2403.0,2519,0.14
"Dollander, Chase",SL,327,100.5,89.0,2625.0,2519,0.13
"Dollander, Chase",CH,216,90.6,89.7,2005.0,2519,0.086
"Dollander, Chase",ST,40,96.3,85.7,2716.0,2519,0.016
"Domínguez, Seranthony",FF,1704,98.5,97.5,2363.0,4098,0.416
"Domínguez, Seranthony",SI,764,92.5,97.9,2277.0,4098,0.186
"Domínguez, Seranthony",ST,736,98.2,86.0,2487.0,4098,0.18
"Domínguez, Seranthony",SL,465,95.2,89.8,2426.0,4098,0.113
"Domínguez, Seranthony",FS,309,90.0,86.6,898.0,4098,0.075
"Domínguez, Seranthony",CU,69,88.0,83.6,2446.0,4098,0.017
"Domínguez, Seranthony",CH,51,76.7,91.1,1841.0,4098,0.012
"Dotel, Wilber",FF,304,100.0,98.3,2296.0,659,0.461
"Dotel, Wilber",FC,158,97.4,92.5,2244.0,659,0.24
"Dotel, Wilber",SL,146,96.9,88.0,2221.0,659,0.222
"Dotel, Wilber",CH,46,82.8,88.6,1380.0,659,0.07
"Doval, Camilo",SL,1795,108.0,88.9,2558.0,4311,0.416
"Doval, Camilo",FC,1452,98.1,99.0,2508.0,4311,0.337
"Doval, Camilo",SI,1033,84.4,97.8,2445.0,4311,0.24
"Doval, Camilo",CH,25,80.6,94.5,1807.0,4311,0.006
"Doyle, Tommy",FC,170,87.8,90.4,2187.0,352,0.483
"Doyle, Tommy",FF,154,70.0,94.0,2050.0,352,0.438
"Doyle, Tommy",SL,28,68.9,86.9,2232.0,352,0.08
"Drake, Kohl",FF,163,90.3,91.6,2272.0,380,0.429
"Drake, Kohl",CH,73,97.9,81.6,1903.0,380,0.192
"Drake, Kohl",CU,65,85.1,78.5,2513.0,380,0.171
"Drake, Kohl",FC,44,85.5,86.2,2285.0,380,0.116
"Drake, Kohl",SL,35,94.8,81.7,2380.0,380,0.092
"Dreyer, Jack",FF,981,98.0,93.3,2429.0,2131,0.46
"Dreyer, Jack",SL,886,97.8,88.3,2374.0,2131,0.416
"Dreyer, Jack",CU,264,99.8,80.1,2545.0,2131,0.124
"Drohan, Shane",FF,514,93.4,94.9,2443.0,1887,0.272
"Drohan, Shane",SL,412,108.7,86.5,2860.0,1887,0.218
"Drohan, Shane",SI,397,96.4,94.8,2394.0,1887,0.21
"Drohan, Shane",CU,245,91.7,80.6,2886.0,1887,0.13
"Drohan, Shane",FC,224,91.7,90.9,2685.0,1887,0.119
"Drohan, Shane",CH,95,82.4,86.2,1640.0,1887,0.05
"Duarte, Daniel",FC,275,110.2,90.6,2544.0,1089,0.253
"Duarte, Daniel",ST,240,108.0,82.5,2730.0,1089,0.22
"Duarte, Daniel",FF,238,96.6,95.5,2325.0,1089,0.219
"Duarte, Daniel",SI,237,97.9,93.9,2220.0,1089,0.218
"Duarte, Daniel",CH,96,93.9,89.1,1794.0,1089,0.088
"Dubin, Shawn",FF,624,93.2,94.8,2326.0,1541,0.405
"Dubin, Shawn",CU,239,93.6,81.5,2676.0,1541,0.155
"Dubin, Shawn",CH,230,102.1,88.1,1612.0,1541,0.149
"Dubin, Shawn",ST,189,94.1,83.3,2871.0,1541,0.123
"Dubin, Shawn",FC,175,96.8,89.1,2727.0,1541,0.114
"Dubin, Shawn",SI,84,88.5,93.9,2151.0,1541,0.055
"Duffey, Tyler",FF,65,88.2,91.1,2339.0,220,0.295
"Duffey, Tyler",KC,58,99.6,80.7,2537.0,220,0.264
"Duffey, Tyler",SL,46,79.4,81.3,2432.0,220,0.209
"Duffey, Tyler",SI,35,89.8,91.8,2390.0,220,0.159
"Dunning, Dane",SI,1666,81.0,90.4,2070.0,4749,0.351
"Dunning, Dane",SL,1058,72.7,81.5,2326.0,4749,0.223
"Dunning, Dane",FC,1002,90.6,88.6,2195.0,4749,0.211
"Dunning, Dane",CH,694,88.3,85.5,1824.0,4749,0.146
"Dunning, Dane",KC,175,94.4,76.6,2249.0,4749,0.037
"Dunning, Dane",FF,112,80.2,90.0,2164.0,4749,0.024
"Dunning, Dane",CU,42,74.2,78.1,2112.0,4749,0.009
"Dunshee, Parker",SL,27,77.2,82.7,2393.0,51,0.529
"Dunshee, Parker",FF,20,74.8,92.8,2119.0,51,0.392
"Duran, Carlos",FF,25,77.4,95.7,2236.0,62,0.403
"Duran, Carlos",SI,22,83.6,94.7,2260.0,62,0.355
"Duran, Jhoan",FF,1451,97.5,100.9,2081.0,3887,0.373
"Duran, Jhoan",FS,1412,114.3,97.7,1738.0,3887,0.363
"Duran, Jhoan",KC,823,98.4,87.3,2641.0,3887,0.212
"Duran, Jhoan",ST,157,97.7,88.6,2596.0,3887,0.04
"Duran, Jhoan",CH,44,82.9,88.7,939.0,3887,0.011
"Díaz, Alexis",FF,1342,94.3,94.1,2586.0,2499,0.537
"Díaz, Alexis",SL,1154,97.9,87.5,2637.0,2499,0.462
"Díaz, Edwin",FF,1227,95.9,97.2,2337.0,2311,0.531
"Díaz, Edwin",SL,1083,94.4,89.3,2280.0,2311,0.469
"Díaz, Jhonathan",FF,105,78.9,90.5,2134.0,377,0.279
"Díaz, Jhonathan",SL,99,110.0,79.6,2660.0,377,0.263
"Díaz, Jhonathan",SI,72,89.1,88.4,2170.0,377,0.191
"Díaz, Jhonathan",CH,62,80.8,81.6,1816.0,377,0.164
"Díaz, Jhonathan",CU,32,81.7,73.8,2796.0,377,0.085
"Díaz, Miguel",SI,58,86.1,94.5,2171.0,218,0.266
"Díaz, Miguel",CH,57,98.9,88.4,1844.0,218,0.261
"Díaz, Miguel",SL,54,85.7,84.6,2402.0,218,0.248
"Díaz, Miguel",FF,45,92.2,94.8,2308.0,218,0.206
"Díaz, Yilber",FF,374,88.8,96.1,2256.0,675,0.554
"Díaz, Yilber",SL,223,87.1,84.7,2672.0,675,0.33
"Díaz, Yilber",KC,76,85.4,78.5,2325.0,675,0.113
"Early, Connelly",FF,630,96.2,94.0,2332.0,1851,0.34
"Early, Connelly",SI,346,86.0,92.5,2166.0,1851,0.187
"Early, Connelly",CH,342,91.0,83.7,1287.0,1851,0.185
"Early, Connelly",CU,233,93.4,80.2,2415.0,1851,0.126
"Early, Connelly",SL,160,91.2,87.0,2306.0,1851,0.086
"Early, Connelly",ST,140,86.0,82.5,2421.0,1851,0.076
"Eder, Jake",FF,191,84.6,93.5,2017.0,403,0.474
"Eder, Jake",SL,85,102.4,87.3,2273.0,403,0.211
"Eder, Jake",CH,65,87.2,84.3,1710.0,403,0.161
"Eder, Jake",ST,59,92.9,83.0,2460.0,403,0.146
"Edwards Jr., Carl",FF,460,91.4,93.4,2554.0,758,0.607
"Edwards Jr., Carl",CH,161,95.4,89.7,1752.0,758,0.212
"Edwards Jr., Carl",CU,136,82.9,79.4,2219.0,758,0.179
"Effross, Scott",SI,92,101.3,89.3,2214.0,211,0.436
"Effross, Scott",ST,71,47.5,78.8,2515.0,211,0.336
"Effross, Scott",CH,26,32.9,82.0,1968.0,211,0.123
"Effross, Scott",FF,22,83.7,89.6,2231.0,211,0.104
"Eflin, Zach",SI,1727,86.0,92.0,2094.0,6140,0.281
"Eflin, Zach",FC,1599,94.0,88.4,2226.0,6140,0.26
"Eflin, Zach",CU,1328,92.8,78.8,2498.0,6140,0.216
"Eflin, Zach",FF,508,89.4,92.5,2201.0,6140,0.083
"Eflin, Zach",CH,482,90.8,86.3,1625.0,6140,0.079
"Eflin, Zach",ST,484,91.0,79.5,2430.0,6140,0.079
"Eisert, Brandon",SL,745,75.8,84.7,2164.0,2093,0.356
"Eisert, Brandon",FF,727,92.6,89.9,2078.0,2093,0.347
"Eisert, Brandon",CH,525,80.6,84.0,1327.0,2093,0.251
"Eisert, Brandon",SI,94,73.0,88.6,1985.0,2093,0.045
"Ekness, Josh",FF,279,97.0,97.9,2527.0,510,0.547
"Ekness, Josh",ST,126,100.0,85.3,2633.0,510,0.247
"Ekness, Josh",SI,59,79.6,98.4,2308.0,510,0.116
"Ekness, Josh",CU,46,91.9,85.9,2711.0,510,0.09
"Elder, Bryce",SI,3133,82.3,90.5,2039.0,8461,0.37
"Elder, Bryce",SL,2660,90.6,83.4,2449.0,8461,0.314
"Elder, Bryce",FF,1280,87.8,92.0,2196.0,8461,0.151
"Elder, Bryce",CH,1052,91.7,85.6,1980.0,8461,0.124
"Elder, Bryce",FC,336,100.5,88.5,2209.0,8461,0.04
"Ellard, Fraser",FF,408,89.7,95.1,2557.0,761,0.536
"Ellard, Fraser",SL,185,90.1,85.4,2389.0,761,0.243
"Ellard, Fraser",SI,85,76.4,93.5,2368.0,761,0.112
"Ellard, Fraser",CH,42,76.9,90.0,1785.0,761,0.055
"Ellard, Fraser",FC,41,93.2,91.5,2391.0,761,0.054
"Emanuel, Kent",SI,203,85.5,89.5,2042.0,398,0.51
"Emanuel, Kent",ST,112,82.3,76.4,2422.0,398,0.281
"Emanuel, Kent",CH,62,83.9,82.3,1718.0,398,0.156
"Emanuel, Kent",SL,21,74.0,85.4,2359.0,398,0.053
"Englert, Mason",CH,782,98.9,85.8,2055.0,2604,0.3
"Englert, Mason",FF,644,90.1,92.3,2232.0,2604,0.247
"Englert, Mason",SL,438,84.2,84.2,2189.0,2604,0.168
"Englert, Mason",SI,289,92.5,92.1,2186.0,2604,0.111
"Englert, Mason",FC,258,90.9,87.5,2238.0,2604,0.099
"Englert, Mason",CU,188,105.9,75.5,2725.0,2604,0.072
"Enns, Dietrich",FF,479,95.5,94.0,2140.0,989,0.484
"Enns, Dietrich",CH,266,97.5,84.5,1082.0,989,0.269
"Enns, Dietrich",FC,143,86.1,85.5,2164.0,989,0.145
"Enns, Dietrich",CU,52,82.0,77.4,2126.0,989,0.053
"Enns, Dietrich",ST,27,99.1,80.4,2119.0,989,0.027
"Enns, Dietrich",SI,22,76.0,93.1,2112.0,989,0.022
"Enright, Nic",FF,353,96.3,93.2,2515.0,532,0.664
"Enright, Nic",SL,135,88.9,85.0,2467.0,532,0.254
"Enright, Nic",CU,43,80.5,82.7,2427.0,532,0.081
"Eovaldi, Nathan",FS,2818,101.5,88.1,1576.0,8892,0.317
"Eovaldi, Nathan",FF,2518,94.4,95.0,2188.0,8892,0.283
"Eovaldi, Nathan",FC,1579,93.9,90.7,2285.0,8892,0.178
"Eovaldi, Nathan",CU,1512,89.4,76.2,1920.0,8892,0.17
"Eovaldi, Nathan",SI,258,94.4,93.5,2132.0,8892,0.029
"Eovaldi, Nathan",SL,207,86.8,85.1,2127.0,8892,0.023
"Erceg, Lucas",FF,1116,91.1,97.9,2135.0,3818,0.292
"Erceg, Lucas",SI,1003,98.3,97.7,1880.0,3818,0.263
"Erceg, Lucas",SL,945,92.8,85.3,2031.0,3818,0.248
"Erceg, Lucas",CH,698,99.2,90.3,1939.0,3818,0.183
"Erceg, Lucas",FC,56,63.0,91.3,2090.0,3818,0.015
"Espada, Jose",FF,32,93.1,93.6,2207.0,69,0.464
"Espada, Jose",SL,22,93.3,83.2,2422.0,69,0.319
"Espino, Daniel",FF,149,105.8,98.8,2433.0,243,0.613
"Espino, Daniel",SL,75,101.6,92.0,2332.0,243,0.309
"Espino, Paolo",FF,88,85.7,88.5,2222.0,259,0.34
"Espino, Paolo",CU,74,65.4,70.7,2997.0,259,0.286
"Espino, Paolo",ST,56,93.6,76.4,2820.0,259,0.216
"Espino, Paolo",CH,41,88.0,83.4,1394.0,259,0.158
"Estes, Joey",FF,1249,94.7,92.4,2370.0,2501,0.499
"Estes, Joey",ST,463,101.3,78.2,2599.0,2501,0.185
"Estes, Joey",SL,348,81.9,81.6,2478.0,2501,0.139
"Estes, Joey",CH,277,83.3,84.8,1645.0,2501,0.111
"Estes, Joey",SI,111,78.1,90.5,2210.0,2501,0.044
"Estes, Joey",FC,53,99.1,86.8,2501.0,2501,0.021
"Estrada, Jeremiah",FF,1752,104.0,97.1,2199.0,2960,0.592
"Estrada, Jeremiah",FS,647,102.9,83.3,1379.0,2960,0.219
"Estrada, Jeremiah",SL,554,101.2,88.5,2250.0,2960,0.187
"Estrada, Lazaro",FF,159,93.8,93.1,2252.0,347,0.458
"Estrada, Lazaro",SL,102,89.6,85.5,2397.0,347,0.294
"Estrada, Lazaro",CU,50,86.3,76.0,2616.0,347,0.144
"Estrada, Lazaro",FS,21,90.1,84.3,924.0,347,0.061
"Estévez, Carlos",FF,1818,96.9,96.6,2159.0,3011,0.604
"Estévez, Carlos",SL,857,95.4,88.3,2232.0,3011,0.285
"Estévez, Carlos",CH,323,84.9,88.5,1608.0,3011,0.107
"Evans, Logan",FC,356,96.8,87.8,2548.0,1338,0.266
"Evans, Logan",ST,315,105.3,84.1,2843.0,1338,0.235
"Evans, Logan",SI,226,84.6,92.9,2002.0,1338,0.169
"Evans, Logan",CH,163,87.9,87.3,2044.0,1338,0.122
"Evans, Logan",FF,147,81.0,92.8,2088.0,1338,0.11
"Evans, Logan",CU,131,67.6,81.6,3055.0,1338,0.098
"Faedo, Alex",FF,856,88.4,93.3,2434.0,2041,0.419
"Faedo, Alex",SL,793,82.8,82.8,2644.0,2041,0.389
"Faedo, Alex",CH,338,94.0,87.8,1884.0,2041,0.166
"Faedo, Alex",SI,54,79.7,93.5,2202.0,2041,0.026
"Fairbanks, Pete",FF,1594,101.9,97.6,2410.0,3164,0.504
"Fairbanks, Pete",SL,1268,119.3,85.4,2530.0,3164,0.401
"Fairbanks, Pete",FC,218,90.6,89.8,2495.0,3164,0.069
"Fairbanks, Pete",CH,84,84.7,94.0,1961.0,3164,0.027
"Falter, Bailey",FF,2708,92.3,91.7,2072.0,5509,0.492
"Falter, Bailey",SL,1105,90.5,85.3,1997.0,5509,0.201
"Falter, Bailey",CU,863,79.1,77.3,1913.0,5509,0.157
"Falter, Bailey",SI,561,94.2,91.8,1927.0,5509,0.102
"Falter, Bailey",FS,213,82.0,85.3,1024.0,5509,0.039
"Falter, Bailey",CH,59,101.6,84.6,1612.0,5509,0.011
"Familia, Jeurys",SI,80,89.1,93.8,2199.0,248,0.323
"Familia, Jeurys",SL,76,73.1,86.3,2127.0,248,0.306
"Familia, Jeurys",FF,61,80.9,94.4,2249.0,248,0.246
"Familia, Jeurys",FS,31,87.4,89.0,1520.0,248,0.125
"Faria, Jake",FF,49,91.1,93.4,2270.0,65,0.754
"Farmer, Buck",SL,820,93.4,82.6,2772.0,2388,0.343
"Farmer, Buck",FF,760,83.6,93.5,2320.0,2388,0.318
"Farmer, Buck",CH,525,96.8,87.3,1713.0,2388,0.22
"Farmer, Buck",SI,283,87.3,92.5,2348.0,2388,0.119
"Farris, Mitch",FF,618,90.5,91.3,2160.0,1315,0.47
"Farris, Mitch",CH,341,99.4,78.4,1610.0,1315,0.259
"Farris, Mitch",SL,216,91.7,81.6,2326.0,1315,0.164
"Farris, Mitch",FC,140,83.8,88.7,2104.0,1315,0.106
"Faucher, Calvin",FC,1312,109.1,92.1,2804.0,3695,0.355
"Faucher, Calvin",FF,779,87.9,95.9,2363.0,3695,0.211
"Faucher, Calvin",ST,702,114.6,87.6,2980.0,3695,0.19
"Faucher, Calvin",CU,580,104.5,85.7,2968.0,3695,0.157
"Faucher, Calvin",SI,313,87.9,95.9,2295.0,3695,0.085
"Fedde, Erick",SI,2409,82.8,93.4,2006.0,7671,0.314
"Fedde, Erick",ST,2123,97.7,82.6,2454.0,7671,0.277
"Fedde, Erick",FC,2041,94.2,90.3,2146.0,7671,0.266
"Fedde, Erick",CH,1028,91.7,88.0,1782.0,7671,0.134
"Fedde, Erick",FF,70,78.0,93.6,2078.0,7671,0.009
"Feigl, Brady",FF,28,96.3,92.7,2210.0,44,0.636
"Felipe, Angel",SL,86,77.4,83.3,2263.0,248,0.347
"Felipe, Angel",SI,78,88.7,94.7,2101.0,248,0.315
"Felipe, Angel",FF,64,80.8,95.3,2125.0,248,0.258
"Felipe, Angel",CH,20,72.4,85.9,1899.0,248,0.081
"Feltner, Ryan",FF,1874,92.2,94.6,2359.0,5853,0.32
"Feltner, Ryan",SL,1310,90.7,88.7,2467.0,5853,0.224
"Feltner, Ryan",CH,956,84.1,85.0,1601.0,5853,0.163
"Feltner, Ryan",SI,838,86.0,94.1,2289.0,5853,0.143
"Feltner, Ryan",CU,477,89.6,79.3,2648.0,5853,0.081
"Feltner, Ryan",ST,398,90.1,82.1,2567.0,5853,0.068
"Ferguson, Caleb",FF,1575,92.6,94.6,2287.0,3093,0.509
"Ferguson, Caleb",FC,954,85.8,87.9,2652.0,3093,0.308
"Ferguson, Caleb",SI,535,89.2,93.3,2240.0,3093,0.173
"Ferguson, Caleb",ST,29,85.9,80.0,2925.0,3093,0.009
"Ferguson, Tyler",FF,831,94.3,95.3,2327.0,2102,0.395
"Ferguson, Tyler",ST,573,87.7,84.0,2536.0,2102,0.273
"Ferguson, Tyler",SI,356,86.7,94.7,2146.0,2102,0.169
"Ferguson, Tyler",FC,242,91.8,90.1,2422.0,2102,0.115
"Ferguson, Tyler",CH,76,89.4,86.9,1624.0,2102,0.036
"Ferguson, Tyler",SL,24,84.2,83.3,2651.0,2102,0.011
"Fermin, José",SL,871,98.4,90.2,2549.0,1596,0.546
"Fermin, José",FF,364,97.0,96.8,2301.0,1596,0.228
"Fermin, José",SI,312,94.8,96.4,2331.0,1596,0.195
"Fermin, José",CH,49,84.4,93.0,2109.0,1596,0.031
"Fernandez, Ryan",SL,983,93.6,87.2,2591.0,2096,0.469
"Fernandez, Ryan",FF,841,90.6,95.3,2177.0,2096,0.401
"Fernandez, Ryan",FC,177,89.7,90.5,2324.0,2096,0.084
"Fernandez, Ryan",CH,88,92.5,87.2,1450.0,2096,0.042
"Fernández, Julian",FF,94,96.4,96.9,2382.0,147,0.639
"Fernández, Julian",CH,53,80.8,86.7,1669.0,147,0.361
"Ferrer, José A.",SI,1985,99.2,97.4,2123.0,3294,0.603
"Ferrer, José A.",CH,678,92.1,87.3,2150.0,3294,0.206
"Ferrer, José A.",FF,358,95.2,97.1,2136.0,3294,0.109
"Ferrer, José A.",SL,259,82.1,88.6,2434.0,3294,0.079
"Festa, David",FF,719,95.6,94.5,2376.0,1980,0.363
"Festa, David",SL,585,97.6,86.7,2576.0,1980,0.295
"Festa, David",CH,564,99.8,88.1,1802.0,1980,0.285
"Festa, David",SI,112,98.4,93.9,2297.0,1980,0.057
"Festa, Matt",FF,1091,97.5,92.3,2499.0,2477,0.44
"Festa, Matt",ST,952,98.8,83.2,2676.0,2477,0.384
"Festa, Matt",FC,303,93.8,90.3,2492.0,2477,0.122
"Festa, Matt",SI,131,64.1,93.3,2424.0,2477,0.053
"Feyereisen, J.P.",FF,96,92.4,91.4,2377.0,237,0.405
"Feyereisen, J.P.",CH,80,94.1,87.2,1607.0,237,0.338
"Feyereisen, J.P.",SL,59,87.9,84.0,2688.0,237,0.249
"Finnegan, Kyle",FF,2530,97.6,96.8,2130.0,4072,0.621
"Finnegan, Kyle",FS,1211,98.7,88.1,1042.0,4072,0.297
"Finnegan, Kyle",SL,330,85.0,86.0,2156.0,4072,0.081
"Fisher, Braydon",SL,919,97.8,88.0,2299.0,2070,0.444
"Fisher, Braydon",CU,671,90.1,82.0,2489.0,2070,0.324
"Fisher, Braydon",FF,422,79.2,94.9,2242.0,2070,0.204
"Fisher, Braydon",FC,56,72.0,92.7,2173.0,2070,0.027
"Fitts, Richard",FF,425,98.3,95.4,2447.0,1049,0.405
"Fitts, Richard",SL,304,101.0,87.2,2419.0,1049,0.29
"Fitts, Richard",ST,120,103.1,84.6,2454.0,1049,0.114
"Fitts, Richard",CU,81,92.7,83.0,2498.0,1049,0.077
"Fitts, Richard",SI,66,95.8,94.8,2231.0,1049,0.063
"Fitts, Richard",FS,34,98.3,88.7,1155.0,1049,0.032
"Fitzpatrick, Brian",CH,36,100.7,82.5,1849.0,109,0.33
"Fitzpatrick, Brian",FF,23,95.2,94.0,2421.0,109,0.211
"Fitzpatrick, Brian",SI,20,90.8,93.4,2361.0,109,0.183
"Fitzpatrick, Brian",SL,20,101.3,87.9,2209.0,109,0.183
"Flaherty, Jack",FF,4273,99.4,93.1,2272.0,9479,0.451
"Flaherty, Jack",SL,2426,89.9,84.7,2451.0,9479,0.256
"Flaherty, Jack",KC,2059,103.9,77.3,2430.0,9479,0.217
"Flaherty, Jack",CH,263,78.6,85.5,1688.0,9479,0.028
"Flaherty, Jack",SI,239,66.7,90.5,2058.0,9479,0.025
"Flaherty, Jack",FC,219,86.3,88.7,2288.0,9479,0.023
"Fleming, Josh",SI,562,81.9,90.3,1756.0,1360,0.413
"Fleming, Josh",CH,396,87.8,82.9,1620.0,1360,0.291
"Fleming, Josh",CU,226,99.2,76.8,2262.0,1360,0.166
"Fleming, Josh",FC,140,87.0,87.2,1937.0,1360,0.103
"Fleming, Josh",FF,36,81.9,91.5,1768.0,1360,0.026
"Flexen, Chris",FF,2030,81.4,91.7,2148.0,5203,0.39
"Flexen, Chris",FC,1435,91.4,87.8,2392.0,5203,0.276
"Flexen, Chris",CH,734,86.9,81.2,1312.0,5203,0.141
"Flexen, Chris",CU,497,97.8,72.2,2582.0,5203,0.096
"Flexen, Chris",ST,261,84.3,79.8,2579.0,5203,0.05
"Flexen, Chris",SL,212,95.1,81.2,2536.0,5203,0.041
"Flexen, Chris",SI,34,62.5,90.8,1912.0,5203,0.007
"Floro, Dylan",SI,819,91.6,91.0,2089.0,1971,0.416
"Floro, Dylan",SL,484,66.7,83.7,1915.0,1971,0.246
"Floro, Dylan",FF,457,84.3,91.5,2174.0,1971,0.232
"Floro, Dylan",CH,211,90.4,84.7,1830.0,1971,0.107
"Fluharty, Mason",FC,1007,94.0,90.5,2700.0,1875,0.537
"Fluharty, Mason",ST,762,93.3,81.9,2709.0,1875,0.406
"Fluharty, Mason",CH,105,81.0,87.3,1856.0,1875,0.056
"Foley, Jason",SI,1386,94.1,96.9,2038.0,2342,0.592
"Foley, Jason",SL,571,92.2,88.2,2240.0,2342,0.244
"Foley, Jason",CH,186,92.6,91.7,1664.0,2342,0.079
"Foley, Jason",FF,139,86.2,96.8,2190.0,2342,0.059
"Foley, Jason",FS,60,96.4,89.1,1003.0,2342,0.026
"Foster, Cameron",FF,110,98.8,96.1,2479.0,189,0.582
"Foster, Cameron",SL,41,90.9,84.0,2575.0,189,0.217
"Foster, Cameron",FC,38,89.7,89.9,2510.0,189,0.201
"Foster, Matt",FF,48,83.6,91.9,2251.0,108,0.444
"Foster, Matt",SL,33,88.8,83.8,2325.0,108,0.306
"France, J.P.",FF,1129,96.7,92.9,2418.0,2858,0.395
"France, J.P.",FC,592,99.5,86.9,2696.0,2858,0.207
"France, J.P.",CH,461,91.7,82.1,1903.0,2858,0.161
"France, J.P.",CU,439,91.2,75.7,2540.0,2858,0.154
"France, J.P.",ST,222,82.6,80.0,2636.0,2858,0.078
"Francis, Bowden",FF,1716,99.9,93.0,2339.0,3238,0.53
"Francis, Bowden",CU,626,90.5,73.8,2382.0,3238,0.193
"Francis, Bowden",FS,542,96.0,83.1,1043.0,3238,0.167
"Francis, Bowden",SL,288,78.8,82.8,2506.0,3238,0.089
"Francis, Bowden",SI,66,82.5,90.7,2119.0,3238,0.02
"Franco, Jose",FF,159,96.4,95.1,2345.0,347,0.458
"Franco, Jose",SL,141,85.3,85.1,2508.0,347,0.406
"Franco, Jose",CH,47,92.5,88.3,1709.0,347,0.135
"Frasso, Nick",FF,203,79.6,95.5,2287.0,364,0.558
"Frasso, Nick",CH,93,52.1,82.7,2401.0,364,0.255
"Frasso, Nick",FC,46,84.7,90.2,2372.0,364,0.126
"Frasso, Nick",SL,22,88.6,84.3,2473.0,364,0.06
"Freeland, Kyle",FF,2124,90.2,91.0,2378.0,8769,0.242
"Freeland, Kyle",KC,1871,92.2,82.2,2393.0,8769,0.213
"Freeland, Kyle",FC,1807,90.3,86.3,2332.0,8769,0.206
"Freeland, Kyle",SI,1492,84.8,90.1,2294.0,8769,0.17
"Freeland, Kyle",CH,944,84.4,85.5,1600.0,8769,0.108
"Freeland, Kyle",ST,531,100.7,83.2,2328.0,8769,0.061
"Freeman, Caleb",FF,34,92.7,95.8,2279.0,70,0.486
"Freeman, Caleb",CU,21,106.3,82.3,2901.0,70,0.3
"Fried, Max",FF,1957,95.7,94.4,2208.0,8779,0.223
"Fried, Max",CU,1627,108.6,74.6,2850.0,8779,0.185
"Fried, Max",SI,1518,89.4,93.6,2087.0,8779,0.173
"Fried, Max",FC,1463,93.4,92.4,2308.0,8779,0.167
"Fried, Max",CH,1124,98.6,85.6,1540.0,8779,0.128
"Fried, Max",ST,783,88.4,80.9,2801.0,8779,0.089
"Fried, Max",SL,307,95.1,84.3,2543.0,8779,0.035
"Frías, Luis",FC,362,87.4,90.3,2222.0,767,0.472
"Frías, Luis",FF,269,86.4,96.0,2240.0,767,0.351
"Frías, Luis",SL,97,93.0,83.7,2194.0,767,0.126
"Frías, Luis",SI,24,101.0,96.2,2188.0,767,0.031
"Fuentes, Didier",FF,999,103.7,97.0,2119.0,1498,0.667
"Fuentes, Didier",SL,289,88.1,85.4,2466.0,1498,0.193
"Fuentes, Didier",FS,90,89.7,88.9,1921.0,1498,0.06
"Fuentes, Didier",ST,80,88.7,83.4,2488.0,1498,0.053
"Fuentes, Didier",CU,40,101.1,79.4,2616.0,1498,0.027
"Fujinami, Shintaro",FF,791,94.0,98.4,2014.0,1394,0.567
"Fujinami, Shintaro",FS,273,100.2,92.8,1181.0,1394,0.196
"Fujinami, Shintaro",FC,226,81.3,88.2,2041.0,1394,0.162
"Fujinami, Shintaro",ST,84,94.5,84.3,2179.0,1394,0.06
"Fulmer, Carson",CH,585,88.2,87.4,1419.0,2086,0.28
"Fulmer, Carson",SI,517,85.9,92.6,2216.0,2086,0.248
"Fulmer, Carson",FF,449,96.5,93.0,2292.0,2086,0.215
"Fulmer, Carson",SL,335,85.5,87.6,2497.0,2086,0.161
"Fulmer, Carson",CU,146,86.9,82.0,2669.0,2086,0.07
"Fulmer, Carson",ST,54,80.4,83.6,2640.0,2086,0.026
"Fulmer, Michael",FC,339,98.3,89.3,2553.0,1225,0.277
"Fulmer, Michael",ST,338,88.6,82.9,2738.0,1225,0.276
"Fulmer, Michael",FF,302,101.9,94.2,2423.0,1225,0.247
"Fulmer, Michael",SI,126,79.9,94.7,2316.0,1225,0.103
"Fulmer, Michael",CH,109,72.9,89.2,1760.0,1225,0.089
"Fulton, Dax",ST,140,95.1,84.0,2593.0,437,0.32
"Fulton, Dax",FF,131,94.3,95.3,2357.0,437,0.3
"Fulton, Dax",SL,88,101.2,89.2,2416.0,437,0.201
"Fulton, Dax",SI,49,78.6,94.7,2177.0,437,0.112
"Fulton, Dax",CH,29,85.3,88.6,1601.0,437,0.066
"Funderburk, Kody",FC,860,90.2,92.2,2302.0,2424,0.355
"Funderburk, Kody",SI,705,89.1,93.2,2332.0,2424,0.291
"Funderburk, Kody",ST,577,88.4,82.2,2459.0,2424,0.238
"Funderburk, Kody",CH,168,87.6,89.0,1867.0,2424,0.069
"Funderburk, Kody",SL,114,88.3,86.7,2433.0,2424,0.047
"Gaddis, Hunter",SL,1740,92.3,88.6,2311.0,3756,0.463
"Gaddis, Hunter",FF,1303,95.4,94.8,2280.0,3756,0.347
"Gaddis, Hunter",CH,635,86.9,80.0,2126.0,3756,0.169
"Gaddis, Hunter",CU,45,64.1,75.5,2455.0,3756,0.012
"Gaddis, Hunter",FC,25,85.0,89.0,2277.0,3756,0.007
"Gage, Matt",SL,542,99.5,85.0,2295.0,1176,0.461
"Gage, Matt",FF,382,90.5,92.6,2128.0,1176,0.325
"Gage, Matt",CH,122,92.7,85.3,1155.0,1176,0.104
"Gage, Matt",SI,94,76.8,93.0,2168.0,1176,0.08
"Gage, Matt",ST,32,87.2,80.8,2351.0,1176,0.027
"Gallegos, Giovanny",FF,610,84.6,93.3,2330.0,1268,0.481
"Gallegos, Giovanny",SL,598,87.1,84.5,2365.0,1268,0.472
"Gallegos, Giovanny",CH,57,89.0,87.0,1693.0,1268,0.045
"Gallen, Zac",FF,4803,94.5,93.6,2305.0,10650,0.451
"Gallen, Zac",KC,2503,103.2,81.5,2440.0,10650,0.235
"Gallen, Zac",CH,1608,93.4,86.6,1525.0,10650,0.151
"Gallen, Zac",SL,1143,79.7,88.3,2382.0,10650,0.107
"Gallen, Zac",FC,410,84.7,90.1,2352.0,10650,0.038
"Gallen, Zac",SI,183,91.2,92.9,2153.0,10650,0.017
"Gamboa, Alec",FF,177,94.3,95.5,2158.0,426,0.415
"Gamboa, Alec",SL,146,106.1,88.5,2155.0,426,0.343
"Gamboa, Alec",SI,90,96.6,94.4,1913.0,426,0.211
"Garabito, Gerson",FF,214,91.8,93.3,2390.0,613,0.349
"Garabito, Gerson",CU,196,87.9,82.1,2608.0,613,0.32
"Garabito, Gerson",CH,76,92.0,86.7,1872.0,613,0.124
"Garabito, Gerson",SI,76,96.7,92.4,2323.0,613,0.124
"Garabito, Gerson",SL,51,80.9,88.8,2514.0,613,0.083
"Garcia, Brandyn",SI,483,94.0,97.1,2261.0,964,0.501
"Garcia, Brandyn",ST,288,111.1,86.9,2646.0,964,0.299
"Garcia, Brandyn",FC,145,88.9,94.2,2283.0,964,0.15
"Garcia, Brandyn",SL,42,105.6,89.6,2433.0,964,0.044
"Garcia, Julian",ST,367,88.0,82.4,2957.0,708,0.518
"Garcia, Julian",FF,215,99.6,92.4,2702.0,708,0.304
"Garcia, Julian",SL,126,106.8,85.6,2972.0,708,0.178
"Garcia, Luis",FC,228,81.8,85.0,2312.0,569,0.401
"Garcia, Luis",FF,195,88.5,92.3,2408.0,569,0.343
"Garcia, Luis",ST,66,101.0,78.0,2520.0,569,0.116
"Garcia, Luis",CU,47,74.7,75.3,2558.0,569,0.083
"Garcia, Luis",CH,32,75.9,84.1,2041.0,569,0.056
"Garcia, Rico",FF,709,97.5,95.4,2483.0,1848,0.384
"Garcia, Rico",CH,466,99.0,86.5,2323.0,1848,0.252
"Garcia, Rico",CU,407,98.7,86.0,2491.0,1848,0.22
"Garcia, Rico",SL,266,90.3,88.2,2401.0,1848,0.144
"Garcia, Robert",FF,1292,91.4,94.4,2237.0,2672,0.484
"Garcia, Robert",CH,798,88.8,88.3,1689.0,2672,0.299
"Garcia, Robert",SL,581,96.1,85.7,2369.0,2672,0.217
"García, Deivi",FF,320,94.9,94.9,2243.0,572,0.559
"García, Deivi",CH,82,90.4,84.9,2062.0,572,0.143
"García, Deivi",CU,80,95.4,77.3,2734.0,572,0.14
"García, Deivi",ST,57,71.9,80.0,2863.0,572,0.1
"García, Luis",SI,1436,94.5,96.7,2172.0,3040,0.472
"García, Luis",ST,760,85.3,81.9,2485.0,3040,0.25
"García, Luis",FS,527,89.0,87.9,1332.0,3040,0.173
"García, Luis",FF,179,85.7,96.6,2222.0,3040,0.059
"García, Luis",SL,121,66.6,82.8,2336.0,3040,0.04
"García, Yimi",FF,756,99.7,96.1,2549.0,2071,0.365
"García, Yimi",CU,543,100.3,83.8,2818.0,2071,0.262
"García, Yimi",SI,319,91.2,95.5,2349.0,2071,0.154
"García, Yimi",CH,159,84.7,88.7,2032.0,2071,0.077
"García, Yimi",SL,147,86.5,89.6,2565.0,2071,0.071
"García, Yimi",ST,147,108.3,86.0,2735.0,2071,0.071
"Garrett, Amir",SL,273,91.8,85.8,1911.0,564,0.484
"Garrett, Amir",FF,181,80.7,95.0,2207.0,564,0.321
"Garrett, Amir",SI,110,79.7,94.9,2166.0,564,0.195
"Garrett, Braxton",SI,1009,87.3,90.4,2077.0,3181,0.317
"Garrett, Braxton",ST,819,104.8,82.8,2241.0,3181,0.257
"Garrett, Braxton",SL,513,89.5,87.4,2379.0,3181,0.161
"Garrett, Braxton",CH,308,83.6,83.9,1454.0,3181,0.097
"Garrett, Braxton",FF,300,83.8,90.8,2270.0,3181,0.094
"Garrett, Braxton",CU,232,93.7,77.6,2170.0,3181,0.073
"Garrett, Reed",FC,594,100.1,91.9,2474.0,2277,0.261
"Garrett, Reed",FS,528,87.0,88.5,1542.0,2277,0.232
"Garrett, Reed",ST,434,109.7,85.7,2773.0,2277,0.191
"Garrett, Reed",SI,401,88.1,96.6,2271.0,2277,0.176
"Garrett, Reed",FF,311,93.6,96.8,2334.0,2277,0.137
"Garza, Justin",FF,209,93.3,94.8,2227.0,438,0.477
"Garza, Justin",FC,117,95.8,88.7,2308.0,438,0.267
"Garza, Justin",SL,53,79.8,84.0,2297.0,438,0.121
"Garza, Justin",CH,48,93.6,84.8,1669.0,438,0.11
"Gasser, Robert",ST,600,102.4,80.6,2468.0,2228,0.269
"Gasser, Robert",SI,509,79.8,92.6,2090.0,2228,0.228
"Gasser, Robert",FF,502,91.9,93.0,2226.0,2228,0.225
"Gasser, Robert",FC,362,95.6,88.5,2421.0,2228,0.162
"Gasser, Robert",CH,245,89.3,88.2,1976.0,2228,0.11
"Gastelum, Luis",CH,211,104.2,81.7,1545.0,572,0.369
"Gastelum, Luis",FF,180,96.2,94.1,2551.0,572,0.315
"Gastelum, Luis",ST,132,89.9,84.5,2400.0,572,0.231
"Gastelum, Luis",SI,49,94.0,93.3,2374.0,572,0.086
"Gausman, Kevin",FF,6186,101.9,94.2,2280.0,11955,0.517
"Gausman, Kevin",FS,4459,98.4,85.3,1698.0,11955,0.373
"Gausman, Kevin",SL,1069,74.8,83.5,2266.0,11955,0.089
"Gausman, Kevin",SI,190,87.5,93.3,2188.0,11955,0.016
"Gausman, Kevin",ST,38,75.3,78.4,2349.0,11955,0.003
"Gerber, Joey",FF,115,96.8,93.6,2325.0,193,0.596
"Gerber, Joey",FC,54,104.4,88.7,2308.0,193,0.28
"Gerber, Joey",SL,21,82.4,84.9,2289.0,193,0.109
"Germán, Domingo",CU,796,97.4,82.7,2672.0,2019,0.394
"Germán, Domingo",FF,606,91.5,91.9,2529.0,2019,0.3
"Germán, Domingo",CH,424,96.7,85.5,2402.0,2019,0.21
"Germán, Domingo",SI,193,77.9,92.1,2418.0,2019,0.096
"Gervase, Paul",FF,135,95.0,93.4,2195.0,260,0.519
"Gervase, Paul",SL,88,82.0,83.5,2392.0,260,0.338
"Gervase, Paul",FC,35,106.9,90.0,2292.0,260,0.135
"Gibaut, Ian",FF,748,96.1,94.8,2202.0,1637,0.457
"Gibaut, Ian",FC,394,102.5,91.4,2329.0,1637,0.241
"Gibaut, Ian",ST,322,104.2,84.1,2529.0,1637,0.197
"Gibaut, Ian",CH,114,96.6,85.7,1914.0,1637,0.07
"Gibaut, Ian",SL,59,96.8,87.3,2333.0,1637,0.036
"Gibson, Cade",CU,443,98.6,78.9,3035.0,1776,0.249
"Gibson, Cade",SI,411,85.5,91.9,2274.0,1776,0.231
"Gibson, Cade",ST,363,102.0,80.0,3124.0,1776,0.204
"Gibson, Cade",SL,227,104.4,86.6,2844.0,1776,0.128
"Gibson, Cade",CH,205,92.1,85.5,1864.0,1776,0.115
"Gibson, Cade",FF,127,82.2,92.0,2271.0,1776,0.072
"Gibson, Kyle",SI,1611,80.4,91.3,2074.0,6043,0.267
"Gibson, Kyle",ST,1176,92.4,81.2,2430.0,6043,0.195
"Gibson, Kyle",FC,1105,86.9,89.1,2344.0,6043,0.183
"Gibson, Kyle",CH,825,87.7,85.3,1693.0,6043,0.137
"Gibson, Kyle",FF,800,82.7,91.7,2246.0,6043,0.132
"Gibson, Kyle",CU,521,87.4,78.9,2420.0,6043,0.086
"Gibson, Trey",SI,163,86.3,94.5,2000.0,711,0.229
"Gibson, Trey",FF,151,93.3,95.4,2018.0,711,0.212
"Gibson, Trey",SL,148,99.7,87.8,2209.0,711,0.208
"Gibson, Trey",FC,140,100.5,91.6,2381.0,711,0.197
"Gibson, Trey",CU,97,105.0,84.1,2428.0,711,0.136
"Gil, Luis",FF,2006,95.2,96.1,2444.0,4056,0.495
"Gil, Luis",SL,1030,87.3,87.1,2551.0,4056,0.254
"Gil, Luis",CH,975,84.8,91.3,1720.0,4056,0.24
"Gil, Luis",SI,45,71.2,94.5,2477.0,4056,0.011
"Gilbert, Logan",FF,4098,98.8,96.0,2096.0,10945,0.374
"Gilbert, Logan",SL,3308,105.5,87.9,1957.0,10945,0.302
"Gilbert, Logan",FS,1663,98.1,83.4,741.0,10945,0.152
"Gilbert, Logan",CU,672,102.7,82.4,2276.0,10945,0.061
"Gilbert, Logan",FC,468,101.5,92.0,2272.0,10945,0.043
"Gilbert, Logan",KC,391,94.1,80.3,2324.0,10945,0.036
"Gilbert, Logan",CH,209,96.6,85.8,1488.0,10945,0.019
"Gilbert, Logan",SI,82,91.5,95.1,2004.0,10945,0.007
"Gilbert, Logan",ST,54,88.8,81.7,2388.0,10945,0.005
"Gilbert, Tyler",SI,392,81.4,90.2,2128.0,1381,0.284
"Gilbert, Tyler",ST,322,89.9,81.0,2465.0,1381,0.233
"Gilbert, Tyler",FC,312,91.6,88.3,2316.0,1381,0.226
"Gilbert, Tyler",FF,226,89.2,91.4,2185.0,1381,0.164
"Gilbert, Tyler",FS,89,72.8,83.4,1407.0,1381,0.064
"Gilbert, Tyler",KC,40,85.9,80.8,2619.0,1381,0.029
"Gilbreath, Lucas",FF,38,90.9,91.6,2248.0,65,0.585
"Gilbreath, Lucas",SL,24,77.0,80.8,2227.0,65,0.369
"Gillaspie, Logan",FF,186,91.8,95.2,2208.0,452,0.412
"Gillaspie, Logan",CH,70,96.9,87.9,1559.0,452,0.155
"Gillaspie, Logan",CU,68,94.5,82.7,2267.0,452,0.15
"Gillaspie, Logan",ST,62,95.2,83.5,2309.0,452,0.137
"Gillaspie, Logan",FC,29,81.9,92.0,2255.0,452,0.064
"Gillaspie, Logan",SL,29,87.7,85.8,2358.0,452,0.064
"Gillispie, Connor",FF,195,90.5,91.5,2326.0,608,0.321
"Gillispie, Connor",ST,157,86.3,81.3,2538.0,608,0.258
"Gillispie, Connor",FC,147,90.5,87.0,2520.0,608,0.242
"Gillispie, Connor",CH,104,94.5,87.2,1960.0,608,0.171
"Ginkel, Kevin",FF,1845,92.8,95.7,2413.0,3778,0.488
"Ginkel, Kevin",SL,1621,99.7,86.3,2427.0,3778,0.429
"Ginkel, Kevin",SI,312,86.1,94.7,2279.0,3778,0.083
"Ginn, J.T.",SI,1871,95.2,93.3,1941.0,4268,0.438
"Ginn, J.T.",SL,905,85.4,85.8,2240.0,4268,0.212
"Ginn, J.T.",CH,658,93.6,87.8,1502.0,4268,0.154
"Ginn, J.T.",FC,568,86.5,90.9,2101.0,4268,0.133
"Ginn, J.T.",FF,262,86.7,93.5,2036.0,4268,0.061
"Giolito, Lucas",FF,2704,88.1,93.0,2195.0,6097,0.443
"Giolito, Lucas",CH,1624,99.9,80.9,1588.0,6097,0.266
"Giolito, Lucas",SL,1599,88.0,84.7,1965.0,6097,0.262
"Giolito, Lucas",CU,168,81.7,78.0,2377.0,6097,0.028
"Gipson-Long, Sawyer",FF,213,95.8,93.1,2245.0,799,0.267
"Gipson-Long, Sawyer",SL,206,84.6,82.3,2640.0,799,0.258
"Gipson-Long, Sawyer",CH,180,81.2,84.9,1325.0,799,0.225
"Gipson-Long, Sawyer",SI,146,97.7,91.6,2124.0,799,0.183
"Gipson-Long, Sawyer",FC,54,96.3,87.7,2513.0,799,0.068
"Givens, Mychal",FF,49,83.6,91.7,2407.0,88,0.557
"Glasnow, Tyler",FF,2604,101.3,96.1,2527.0,6360,0.409
"Glasnow, Tyler",SL,1708,112.9,89.9,2675.0,6360,0.269
"Glasnow, Tyler",CU,1147,106.0,83.3,2766.0,6360,0.18
"Glasnow, Tyler",SI,677,97.6,96.0,2504.0,6360,0.106
"Glasnow, Tyler",KC,219,90.3,80.6,2819.0,6360,0.034
"Go, Woo-Suk",FF,34,93.1,94.5,2233.0,86,0.395
"Go, Woo-Suk",SL,29,80.2,90.5,2345.0,86,0.337
"Gomber, Austin",FF,2361,83.6,90.3,2165.0,5767,0.409
"Gomber, Austin",KC,1194,91.7,77.3,2540.0,5767,0.207
"Gomber, Austin",CH,1089,101.9,81.2,1656.0,5767,0.189
"Gomber, Austin",SL,1020,102.6,84.0,2394.0,5767,0.177
"Gomber, Austin",FC,46,85.9,86.0,2379.0,5767,0.008
"Gomber, Austin",FS,45,63.7,81.0,910.0,5767,0.008
"Gonsolin, Tony",FF,938,83.7,92.7,2220.0,2336,0.402
"Gonsolin, Tony",FS,631,93.8,83.3,1494.0,2336,0.27
"Gonsolin, Tony",SL,410,88.5,87.1,2478.0,2336,0.176
"Gonsolin, Tony",CU,356,98.8,81.1,2630.0,2336,0.152
"Gonzales, Marco",FF,439,85.7,89.4,2053.0,1447,0.303
"Gonzales, Marco",CH,409,104.2,80.0,2145.0,1447,0.283
"Gonzales, Marco",CU,255,98.4,79.2,2192.0,1447,0.176
"Gonzales, Marco",FC,221,89.3,85.9,2038.0,1447,0.153
"Gonzales, Marco",SI,123,87.5,89.3,2061.0,1447,0.085
"Gonzalez, Domingo",FF,50,92.8,92.9,2252.0,129,0.388
"Gonzalez, Domingo",SL,46,84.5,86.2,2358.0,129,0.357
"Gonzalez, Domingo",SI,31,85.1,92.9,2214.0,129,0.24
"González, Chi Chi",FF,22,92.1,93.2,2337.0,74,0.297
"González, Chi Chi",SL,20,86.5,88.0,2400.0,74,0.27
"González, Victor",SI,494,90.9,94.1,2185.0,866,0.57
"González, Victor",SL,251,84.8,86.0,2332.0,866,0.29
"González, Victor",CH,119,90.2,86.5,1918.0,866,0.137
"González, Wikelman",FF,206,99.1,95.1,2411.0,282,0.73
"González, Wikelman",CH,57,82.9,88.9,1658.0,282,0.202
"Gordon, Colton",FF,672,91.5,91.1,2033.0,1722,0.39
"Gordon, Colton",ST,476,91.4,80.8,2620.0,1722,0.276
"Gordon, Colton",SI,215,84.7,91.5,2129.0,1722,0.125
"Gordon, Colton",CU,154,93.2,75.5,2602.0,1722,0.089
"Gordon, Colton",CH,152,82.6,83.9,1452.0,1722,0.088
"Gordon, Colton",SL,53,99.0,84.5,2458.0,1722,0.031
"Gordon, Tanner",FF,1639,87.1,92.4,2232.0,3445,0.476
"Gordon, Tanner",SL,821,75.4,85.5,2090.0,3445,0.238
"Gordon, Tanner",CH,732,93.5,84.0,2105.0,3445,0.212
"Gordon, Tanner",CU,180,78.2,81.0,2250.0,3445,0.052
"Gordon, Tanner",SI,38,76.1,92.2,2072.0,3445,0.011
"Gordon, Tanner",FC,35,82.5,89.6,2033.0,3445,0.01
"Gore, MacKenzie",FF,5881,96.6,95.4,2276.0,11178,0.526
"Gore, MacKenzie",CU,2237,98.4,82.2,2334.0,11178,0.2
"Gore, MacKenzie",SL,1123,96.4,87.2,2042.0,11178,0.1
"Gore, MacKenzie",CH,1018,93.4,86.1,2033.0,11178,0.091
"Gore, MacKenzie",FC,736,77.7,90.7,1990.0,11178,0.066
"Gore, MacKenzie",SI,155,90.2,95.1,2124.0,11178,0.014
"Gore, MacKenzie",ST,28,107.1,85.3,2233.0,11178,0.003
"Gose, Anthony",FF,142,98.3,95.7,2370.0,237,0.599
"Gose, Anthony",SL,85,95.7,86.1,2212.0,237,0.359
"Gott, Trevor",FC,381,94.5,89.2,2212.0,976,0.39
"Gott, Trevor",SI,270,88.1,93.8,1998.0,976,0.277
"Gott, Trevor",FF,216,90.8,93.3,2144.0,976,0.221
"Gott, Trevor",CU,69,64.6,80.7,1926.0,976,0.071
"Gott, Trevor",CH,40,73.7,87.0,1330.0,976,0.041
"Graceffo, Gordon",FF,817,91.1,95.4,2056.0,2039,0.401
"Graceffo, Gordon",SL,600,97.3,88.2,2382.0,2039,0.294
"Graceffo, Gordon",CU,311,105.5,83.2,2685.0,2039,0.153
"Graceffo, Gordon",CH,202,92.6,87.5,1453.0,2039,0.099
"Graceffo, Gordon",SI,93,83.8,94.9,1983.0,2039,0.046
"Granillo, Andre",SL,348,86.5,83.1,2330.0,551,0.632
"Granillo, Andre",FF,149,88.2,94.5,2270.0,551,0.27
"Granillo, Andre",SI,29,74.5,94.5,2278.0,551,0.053
"Granillo, Andre",CH,25,87.0,88.2,2018.0,551,0.045
"Graterol, Brusdar",SI,445,103.0,98.6,2010.0,1029,0.432
"Graterol, Brusdar",SL,257,93.2,88.8,2539.0,1029,0.25
"Graterol, Brusdar",FC,213,87.5,95.7,2162.0,1029,0.207
"Graterol, Brusdar",FF,113,90.2,98.2,2072.0,1029,0.11
"Graveman, Kendall",SI,560,89.4,95.6,2253.0,1425,0.393
"Graveman, Kendall",SL,367,92.7,86.8,2519.0,1425,0.258
"Graveman, Kendall",FF,300,86.5,95.6,2329.0,1425,0.211
"Graveman, Kendall",CH,166,94.7,88.2,1707.0,1425,0.116
"Graveman, Kendall",CU,32,86.9,82.0,2504.0,1425,0.022
"Gray, Jon",FF,1829,91.0,95.3,2017.0,4221,0.433
"Gray, Jon",SL,1601,95.9,88.2,2348.0,4221,0.379
"Gray, Jon",CH,407,92.8,88.7,1473.0,4221,0.096
"Gray, Jon",CU,228,86.7,78.4,2461.0,4221,0.054
"Gray, Jon",ST,152,96.1,83.3,2497.0,4221,0.036
"Gray, Josiah",SL,763,80.3,86.0,1886.0,3002,0.254
"Gray, Josiah",SI,568,80.8,93.1,2110.0,3002,0.189
"Gray, Josiah",FC,503,79.7,88.8,2000.0,3002,0.168
"Gray, Josiah",CU,466,78.8,82.1,2380.0,3002,0.155
"Gray, Josiah",FF,462,86.1,93.5,2135.0,3002,0.154
"Gray, Josiah",ST,182,81.7,82.0,2449.0,3002,0.061
"Gray, Josiah",CH,58,76.3,87.9,1601.0,3002,0.019
"Gray, Peyton",FF,393,99.5,93.1,2324.0,943,0.417
"Gray, Peyton",CH,375,87.7,83.4,1794.0,943,0.398
"Gray, Peyton",SL,175,86.8,86.6,2552.0,943,0.186
"Gray, Sonny",FF,2363,97.3,92.2,2513.0,10446,0.226
"Gray, Sonny",ST,2102,108.2,84.7,2686.0,10446,0.201
"Gray, Sonny",SI,1918,89.7,92.4,2396.0,10446,0.184
"Gray, Sonny",CU,1701,98.6,79.9,2618.0,10446,0.163
"Gray, Sonny",FC,1607,102.5,87.9,2681.0,10446,0.154
"Gray, Sonny",CH,710,92.5,87.1,1766.0,10446,0.068
"Gray, Sonny",SL,45,96.7,84.4,2623.0,10446,0.004
"Green, Chad",FF,968,99.9,95.4,2469.0,1743,0.555
"Green, Chad",SL,751,93.2,87.6,2279.0,1743,0.431
"Greene, Hunter",FF,3727,104.0,98.3,2384.0,6837,0.545
"Greene, Hunter",SL,2475,96.0,87.8,2375.0,6837,0.362
"Greene, Hunter",FS,454,90.5,87.6,1265.0,6837,0.066
"Greene, Hunter",CH,102,79.4,91.1,1967.0,6837,0.015
"Greene, Hunter",CU,51,96.1,81.3,2376.0,6837,0.007
"Greene, Hunter",SI,28,102.8,98.3,2296.0,6837,0.004
"Greinke, Zack",FF,590,86.8,89.5,2248.0,2210,0.267
"Greinke, Zack",SL,442,79.4,79.2,2464.0,2210,0.2
"Greinke, Zack",CH,365,89.8,86.5,1755.0,2210,0.165
"Greinke, Zack",SI,347,86.6,89.8,2205.0,2210,0.157
"Greinke, Zack",CU,310,83.5,72.5,2409.0,2210,0.14
"Greinke, Zack",FC,156,87.3,85.2,2437.0,2210,0.071
"Griffin, Foster",FC,920,107.1,88.5,2244.0,2832,0.325
"Griffin, Foster",FF,457,89.7,91.5,2089.0,2832,0.161
"Griffin, Foster",ST,425,93.3,80.3,2529.0,2832,0.15
"Griffin, Foster",CH,327,88.8,82.5,1863.0,2832,0.115
"Griffin, Foster",SI,292,93.7,91.4,2042.0,2832,0.103
"Griffin, Foster",CU,251,82.4,77.8,2357.0,2832,0.089
"Griffin, Foster",FS,160,60.7,81.3,1337.0,2832,0.056
"Grove, Michael",SL,904,98.0,86.2,2348.0,2020,0.448
"Grove, Michael",FF,389,93.8,94.7,2243.0,2020,0.193
"Grove, Michael",KC,252,84.3,78.6,2532.0,2020,0.125
"Grove, Michael",SI,250,103.2,95.6,2259.0,2020,0.124
"Grove, Michael",FC,221,101.4,91.5,2390.0,2020,0.109
"Guenther, Sean",SI,155,90.1,90.0,2054.0,397,0.39
"Guenther, Sean",SL,120,103.7,79.3,2357.0,397,0.302
"Guenther, Sean",FS,110,94.4,82.5,1126.0,397,0.277
"Guerra, Javy",FF,127,95.2,97.8,2298.0,362,0.351
"Guerra, Javy",SI,120,91.0,97.4,2140.0,362,0.331
"Guerra, Javy",SL,58,94.0,88.7,2352.0,362,0.16
"Guerra, Javy",ST,57,93.2,83.6,2631.0,362,0.157
"Guerrero, Luis",FF,169,93.5,96.9,2205.0,421,0.401
"Guerrero, Luis",SL,124,87.4,84.6,2344.0,421,0.295
"Guerrero, Luis",ST,81,106.3,83.9,2511.0,421,0.192
"Guerrero, Luis",CH,47,98.5,88.4,1851.0,421,0.112
"Guerrero, Tyron",SI,523,104.0,100.2,2219.0,607,0.862
"Guerrero, Tyron",SL,57,104.6,91.5,2117.0,607,0.094
"Gusto, Ryan",FF,1180,99.5,94.3,2414.0,3195,0.369
"Gusto, Ryan",CU,394,91.4,79.7,2460.0,3195,0.123
"Gusto, Ryan",FC,366,98.7,89.2,2388.0,3195,0.115
"Gusto, Ryan",ST,368,95.4,82.0,2392.0,3195,0.115
"Gusto, Ryan",SI,361,97.0,93.3,2268.0,3195,0.113
"Gusto, Ryan",CH,358,90.2,87.2,1529.0,3195,0.112
"Gusto, Ryan",SL,168,90.6,85.4,2355.0,3195,0.053
"Gutierrez, Vladimir",FF,27,90.5,92.7,2077.0,80,0.338
"Gutierrez, Vladimir",SL,23,88.0,82.8,2390.0,80,0.288
"Gutierrez, Vladimir",CH,21,90.1,83.7,1739.0,80,0.262
"Gómez, Yoendrys",FF,974,99.3,94.8,2466.0,2457,0.396
"Gómez, Yoendrys",ST,529,99.3,83.5,2700.0,2457,0.215
"Gómez, Yoendrys",SI,313,89.4,93.6,2329.0,2457,0.127
"Gómez, Yoendrys",FC,243,93.6,91.3,2531.0,2457,0.099
"Gómez, Yoendrys",CU,187,86.6,80.7,2561.0,2457,0.076
"Gómez, Yoendrys",CH,168,89.7,90.1,1865.0,2457,0.068
"Gómez, Yoendrys",SL,43,98.1,85.7,2456.0,2457,0.018
"Hader, Josh",SI,2467,90.2,95.8,2236.0,3692,0.668
"Hader, Josh",SL,1140,92.5,84.7,2479.0,3692,0.309
"Hader, Josh",CH,83,84.1,88.7,1659.0,3692,0.022
"Hagenman, Justin",FC,142,97.1,86.4,2369.0,444,0.32
"Hagenman, Justin",CH,99,88.5,86.6,1765.0,444,0.223
"Hagenman, Justin",SI,96,70.9,93.0,2228.0,444,0.216
"Hagenman, Justin",SL,79,57.3,84.2,2509.0,444,0.178
"Hagenman, Justin",FF,28,85.1,90.8,2087.0,444,0.063
"Hahn, Jesse",SI,43,94.0,94.9,2334.0,79,0.544
"Hall, DL",FF,844,88.3,94.3,2177.0,2712,0.311
"Hall, DL",CH,477,93.5,84.8,2108.0,2712,0.176
"Hall, DL",SL,402,100.9,86.5,2462.0,2712,0.148
"Hall, DL",SI,392,91.9,95.4,2167.0,2712,0.145
"Hall, DL",CU,388,94.5,80.8,2655.0,2712,0.143
"Hall, DL",FC,118,92.0,92.2,2365.0,2712,0.044
"Hall, DL",ST,91,106.4,84.8,2623.0,2712,0.034
"Halvorsen, Seth",FF,757,92.0,99.6,2283.0,1332,0.568
"Halvorsen, Seth",SL,304,100.8,88.0,2553.0,1332,0.228
"Halvorsen, Seth",FS,261,106.3,90.5,1661.0,1332,0.196
"Hamilton, Ian",SL,1159,78.6,88.1,1528.0,2322,0.499
"Hamilton, Ian",SI,702,89.3,95.2,2168.0,2322,0.302
"Hamilton, Ian",FF,461,93.0,96.0,2278.0,2322,0.199
"Hancock, Emerson",FF,1651,93.8,94.8,2370.0,4802,0.344
"Hancock, Emerson",SI,1387,91.3,94.3,2359.0,4802,0.289
"Hancock, Emerson",CH,638,90.4,86.5,1711.0,4802,0.133
"Hancock, Emerson",ST,396,82.2,77.4,2620.0,4802,0.082
"Hancock, Emerson",SL,320,76.9,83.0,2322.0,4802,0.067
"Hancock, Emerson",FC,313,85.0,85.9,2279.0,4802,0.065
"Hancock, Emerson",CU,97,93.9,76.1,2578.0,4802,0.02
"Hand, Brad",ST,482,89.3,81.0,2394.0,968,0.498
"Hand, Brad",FF,314,81.4,92.6,2309.0,968,0.324
"Hand, Brad",SI,172,91.8,92.7,2206.0,968,0.178
"Hanifee, Brenan",SI,1075,88.0,95.0,2026.0,1801,0.597
"Hanifee, Brenan",SL,380,81.6,87.6,2216.0,1801,0.211
"Hanifee, Brenan",FF,204,91.9,96.0,2100.0,1801,0.113
"Hanifee, Brenan",CH,124,87.5,89.2,1689.0,1801,0.069
"Hanner, Bradley",FF,44,88.3,92.8,2515.0,98,0.449
"Hanner, Bradley",SI,28,76.4,92.2,2485.0,98,0.286
"Hanner, Bradley",ST,25,93.7,78.6,3045.0,98,0.255
"Harrington, Thomas",FF,81,82.6,92.1,2083.0,200,0.405
"Harrington, Thomas",FS,47,87.5,83.3,988.0,200,0.235
"Harrington, Thomas",ST,39,91.6,81.2,2561.0,200,0.195
"Harrington, Thomas",FC,20,87.3,85.6,2394.0,200,0.1
"Harris, Hayden",FF,42,94.0,91.9,2161.0,50,0.84
"Harris, Hobie",FS,175,99.6,84.6,1373.0,350,0.5
"Harris, Hobie",FF,121,83.7,94.1,2127.0,350,0.346
"Harris, Hobie",FC,54,86.4,88.0,2281.0,350,0.154
"Harris, Hogan",FF,2648,94.1,93.7,2293.0,4761,0.556
"Harris, Hogan",CU,835,95.4,73.5,2626.0,4761,0.175
"Harris, Hogan",CH,626,99.7,81.2,2046.0,4761,0.131
"Harris, Hogan",ST,292,70.7,78.0,2425.0,4761,0.061
"Harris, Hogan",FC,256,89.5,90.4,2216.0,4761,0.054
"Harris, Hogan",SL,102,92.1,85.4,2101.0,4761,0.021
"Harris, Trent",FC,101,87.3,93.9,2260.0,339,0.298
"Harris, Trent",ST,94,105.0,84.9,2631.0,339,0.277
"Harris, Trent",SI,78,102.9,93.8,2260.0,339,0.23
"Harris, Trent",CU,63,93.7,78.3,2659.0,339,0.186
"Harrison, Kyle",FF,3075,94.1,93.7,2280.0,3877,0.793
"Harrison, Kyle",CH,710,89.6,85.3,1773.0,3877,0.183
"Harrison, Kyle",SI,52,84.9,94.1,2269.0,3877,0.013
"Harrison, Kyle",FC,39,85.5,87.3,2114.0,3877,0.01
"Hart, Kyle",ST,491,110.4,82.3,2690.0,1732,0.283
"Hart, Kyle",SI,479,89.2,93.0,2140.0,1732,0.277
"Hart, Kyle",FS,242,91.1,85.4,1136.0,1732,0.14
"Hart, Kyle",SL,222,99.1,88.6,2392.0,1732,0.128
"Hart, Kyle",FF,204,86.7,92.7,2235.0,1732,0.118
"Hart, Kyle",CH,94,95.2,83.2,2089.0,1732,0.054
"Hartlieb, Geoff",SL,246,77.5,85.2,2492.0,703,0.35
"Hartlieb, Geoff",FF,219,87.3,95.7,2366.0,703,0.312
"Hartlieb, Geoff",SI,139,88.3,94.4,2326.0,703,0.198
"Hartlieb, Geoff",FC,99,91.9,91.9,2526.0,703,0.141
"Hartwig, Grant",SI,340,83.9,94.7,2125.0,756,0.45
"Hartwig, Grant",ST,239,88.4,82.8,2443.0,756,0.316
"Hartwig, Grant",FC,137,88.3,93.4,2216.0,756,0.181
"Hartwig, Grant",CH,35,70.5,86.4,1783.0,756,0.046
"Harvey, Hunter",FF,1273,101.3,97.9,2063.0,2107,0.604
"Harvey, Hunter",FS,448,98.7,89.2,1052.0,2107,0.213
"Harvey, Hunter",SL,212,89.4,86.4,2355.0,2107,0.101
"Harvey, Hunter",CU,174,90.4,82.6,2048.0,2107,0.083
"Hatch, Thomas",FC,326,95.4,89.0,2547.0,1057,0.308
"Hatch, Thomas",CH,231,82.6,86.9,1974.0,1057,0.219
"Hatch, Thomas",SI,216,91.0,94.1,2389.0,1057,0.204
"Hatch, Thomas",FF,133,96.2,94.0,2540.0,1057,0.126
"Hatch, Thomas",SL,108,78.7,85.5,2494.0,1057,0.102
"Hatch, Thomas",ST,43,99.3,82.2,2448.0,1057,0.041
"Headrick, Brent",FF,1142,96.4,93.5,2328.0,2175,0.525
"Headrick, Brent",SL,692,88.3,82.7,2006.0,2175,0.318
"Headrick, Brent",FS,229,92.0,84.2,1071.0,2175,0.105
"Headrick, Brent",SI,112,85.6,93.4,2352.0,2175,0.051
"Heaney, Andrew",FF,3805,97.5,91.6,2400.0,7282,0.523
"Heaney, Andrew",SL,1741,95.2,81.9,2510.0,7282,0.239
"Heaney, Andrew",CH,1264,89.3,83.3,2110.0,7282,0.174
"Heaney, Andrew",SI,249,89.8,89.4,2367.0,7282,0.034
"Heaney, Andrew",CU,219,88.3,76.4,2577.0,7282,0.03
"Hearn, Taylor",FF,152,89.7,95.6,2277.0,312,0.487
"Hearn, Taylor",SL,124,102.9,86.9,2048.0,312,0.397
"Hearn, Taylor",SI,23,83.5,94.0,2070.0,312,0.074
"Heasley, Jonathan",FF,145,93.3,93.9,2275.0,393,0.369
"Heasley, Jonathan",ST,89,84.8,82.7,2395.0,393,0.226
"Heasley, Jonathan",CU,78,100.6,79.8,2573.0,393,0.198
"Heasley, Jonathan",SL,46,81.5,85.1,2092.0,393,0.117
"Heasley, Jonathan",CH,35,101.8,85.3,1674.0,393,0.089
"Heller, Ben",SI,185,90.2,95.0,2166.0,562,0.329
"Heller, Ben",FC,142,81.1,88.5,2213.0,562,0.253
"Heller, Ben",CH,93,89.6,84.2,1483.0,562,0.165
"Heller, Ben",ST,52,63.0,78.1,2475.0,562,0.093
"Heller, Ben",FF,47,94.2,96.1,2336.0,562,0.084
"Heller, Ben",SL,43,75.5,85.3,2182.0,562,0.077
"Helsley, Ryan",FF,1324,102.9,99.4,2572.0,2779,0.476
"Helsley, Ryan",SL,1240,106.9,88.9,2407.0,2779,0.446
"Helsley, Ryan",CU,169,88.8,81.3,2506.0,2779,0.061
"Helsley, Ryan",FS,33,106.2,90.1,1447.0,2779,0.012
"Henderson, Logan",FF,898,98.8,93.1,2326.0,1915,0.469
"Henderson, Logan",CH,694,96.3,82.7,2544.0,1915,0.362
"Henderson, Logan",FC,262,94.6,87.8,2370.0,1915,0.137
"Henderson, Logan",ST,47,79.6,81.1,2350.0,1915,0.025
"Hendricks, Kyle",CH,2681,94.3,80.3,2131.0,6813,0.394
"Hendricks, Kyle",SI,2480,85.0,87.0,2004.0,6813,0.364
"Hendricks, Kyle",FF,1088,87.2,87.3,2092.0,6813,0.16
"Hendricks, Kyle",CU,564,74.5,73.4,2905.0,6813,0.083
"Hendriks, Liam",FF,179,100.0,95.1,2344.0,318,0.563
"Hendriks, Liam",SL,110,86.9,86.8,2213.0,318,0.346
"Hendriks, Liam",CU,29,83.4,82.4,1992.0,318,0.091
"Henriquez, Edgardo",FF,441,100.0,100.6,2527.0,1285,0.343
"Henriquez, Edgardo",SI,317,104.1,100.9,2464.0,1285,0.247
"Henriquez, Edgardo",SL,260,103.5,87.9,2701.0,1285,0.202
"Henriquez, Edgardo",FC,196,96.2,95.0,2668.0,1285,0.153
"Henriquez, Edgardo",CU,71,82.9,82.8,2794.0,1285,0.055
"Henriquez, Ronny",FF,433,103.6,96.5,2486.0,1461,0.296
"Henriquez, Ronny",SL,371,97.7,87.9,2508.0,1461,0.254
"Henriquez, Ronny",ST,328,102.2,85.4,2585.0,1461,0.225
"Henriquez, Ronny",CH,295,91.2,91.4,1614.0,1461,0.202
"Henriquez, Ronny",SI,34,97.9,95.0,2407.0,1461,0.023
"Henry, Cole",FF,622,96.6,94.3,2529.0,1247,0.499
"Henry, Cole",ST,416,82.8,81.2,2623.0,1247,0.334
"Henry, Cole",SI,126,89.8,94.4,2348.0,1247,0.101
"Henry, Cole",FC,55,85.2,88.9,2473.0,1247,0.044
"Henry, Cole",CH,27,86.2,87.3,2251.0,1247,0.022
"Henry, Tommy",FF,946,83.9,90.4,2147.0,2195,0.431
"Henry, Tommy",CU,461,89.8,78.7,2287.0,2195,0.21
"Henry, Tommy",CH,416,91.7,83.8,1466.0,2195,0.19
"Henry, Tommy",SL,249,90.4,83.3,2120.0,2195,0.113
"Henry, Tommy",SI,123,87.3,90.4,2072.0,2195,0.056
"Hentges, Sam",FF,599,85.3,95.1,2179.0,1851,0.324
"Hentges, Sam",CU,528,94.1,80.2,2383.0,1851,0.285
"Hentges, Sam",SI,377,81.4,94.7,2077.0,1851,0.204
"Hentges, Sam",SL,347,100.5,87.8,2214.0,1851,0.187
"Herget, Jimmy",ST,919,86.3,77.8,2963.0,2871,0.32
"Herget, Jimmy",SL,827,82.7,85.5,2657.0,2871,0.288
"Herget, Jimmy",SI,701,84.5,91.5,2398.0,2871,0.244
"Herget, Jimmy",FF,232,83.0,92.5,2407.0,2871,0.081
"Herget, Jimmy",CH,191,65.5,85.9,1591.0,2871,0.067
"Herget, Kevin",FF,355,86.9,92.3,2180.0,796,0.446
"Herget, Kevin",CH,283,99.6,82.5,2035.0,796,0.356
"Herget, Kevin",FC,76,92.5,87.0,2222.0,796,0.095
"Herget, Kevin",SL,42,83.4,83.6,2215.0,796,0.053
"Herget, Kevin",CU,24,84.8,76.3,2184.0,796,0.03
"Hernandez, Jose E.",SL,539,88.0,82.8,2100.0,948,0.569
"Hernandez, Jose E.",FF,315,89.0,94.5,2073.0,948,0.332
"Hernandez, Jose E.",CH,94,90.7,88.7,1551.0,948,0.099
"Hernandez, Nick",SL,241,74.5,82.2,2550.0,441,0.546
"Hernandez, Nick",FF,164,85.0,91.0,2542.0,441,0.372
"Hernandez, Nick",FS,34,68.1,81.8,1558.0,441,0.077
"Hernández, Carlos",FF,1415,104.3,98.4,2424.0,2603,0.544
"Hernández, Carlos",SL,535,92.1,87.7,2082.0,2603,0.206
"Hernández, Carlos",FS,364,89.0,89.0,1328.0,2603,0.14
"Hernández, Carlos",KC,257,85.4,83.6,2403.0,2603,0.099
"Hernández, Daysbel",SL,612,101.2,88.6,2700.0,1105,0.554
"Hernández, Daysbel",FF,487,92.6,97.5,2338.0,1105,0.441
"Hernández, Elieser",FF,185,97.6,91.9,2267.0,454,0.407
"Hernández, Elieser",CH,95,93.0,84.2,2090.0,454,0.209
"Hernández, Elieser",FC,91,74.6,83.3,2185.0,454,0.2
"Hernández, Elieser",ST,56,100.5,79.4,2173.0,454,0.123
"Hernández, Jonathan",SL,801,94.1,87.9,2474.0,1725,0.464
"Hernández, Jonathan",SI,693,88.5,97.1,2213.0,1725,0.402
"Hernández, Jonathan",CH,147,97.7,90.0,2108.0,1725,0.085
"Hernández, Jonathan",FF,82,88.2,97.2,2347.0,1725,0.048
"Herrera, Welinton",FF,28,90.1,94.5,2228.0,45,0.622
"Herrin, Tim",CU,1008,100.4,81.2,2378.0,3226,0.312
"Herrin, Tim",SL,861,97.0,87.6,2243.0,3226,0.267
"Herrin, Tim",FF,839,90.3,95.4,2392.0,3226,0.26
"Herrin, Tim",SI,514,89.7,93.8,2232.0,3226,0.159
"Herz, DJ",FF,886,90.2,93.5,2324.0,1642,0.54
"Herz, DJ",CH,408,90.4,83.5,2273.0,1642,0.248
"Herz, DJ",SL,293,88.2,86.2,2210.0,1642,0.178
"Herz, DJ",KC,55,73.6,81.2,2145.0,1642,0.033
"Heuer, Codi",FF,120,92.8,95.1,2418.0,276,0.435
"Heuer, Codi",SL,104,83.0,85.6,2265.0,276,0.377
"Heuer, Codi",CH,51,95.7,87.1,2139.0,276,0.185
"Hicks, Jordan",SI,2742,95.6,97.3,1981.0,5100,0.538
"Hicks, Jordan",ST,1221,90.9,83.6,2319.0,5100,0.239
"Hicks, Jordan",FF,514,93.8,98.3,2242.0,5100,0.101
"Hicks, Jordan",FS,493,99.2,85.7,942.0,5100,0.097
"Hicks, Jordan",SL,130,78.2,85.1,2349.0,5100,0.025
"Hill, Garrett",FF,121,89.9,93.6,2184.0,308,0.393
"Hill, Garrett",SL,82,85.9,85.2,2565.0,308,0.266
"Hill, Garrett",SI,50,74.2,93.9,2183.0,308,0.162
"Hill, Garrett",CH,30,80.3,84.7,1429.0,308,0.097
"Hill, Garrett",KC,25,96.5,80.1,2646.0,308,0.081
"Hill, Jaden",SI,346,91.6,97.1,2306.0,1316,0.263
"Hill, Jaden",FF,342,94.1,96.8,2408.0,1316,0.26
"Hill, Jaden",SL,328,89.0,88.3,2481.0,1316,0.249
"Hill, Jaden",CH,300,91.8,85.1,1627.0,1316,0.228
"Hill, Rich",CU,950,84.7,72.0,2614.0,2717,0.35
"Hill, Rich",FF,919,86.1,88.4,2206.0,2717,0.338
"Hill, Rich",FC,401,88.5,83.4,2315.0,2717,0.148
"Hill, Rich",ST,208,77.1,69.6,2528.0,2717,0.077
"Hill, Rich",SI,132,74.2,86.1,2137.0,2717,0.049
"Hill, Rich",CH,58,64.5,83.0,1646.0,2717,0.021
"Hill, Rich",SL,49,100.8,77.3,2409.0,2717,0.018
"Hill, Tim",SI,2375,99.2,88.5,2074.0,3365,0.706
"Hill, Tim",FF,744,90.5,90.4,2164.0,3365,0.221
"Hill, Tim",SL,177,23.2,79.3,2154.0,3365,0.053
"Hill, Tim",FC,69,34.8,86.1,1990.0,3365,0.021
"Hiraldo, Yaramil",FF,205,97.0,95.3,2335.0,507,0.404
"Hiraldo, Yaramil",FS,170,87.5,86.7,1455.0,507,0.335
"Hiraldo, Yaramil",SL,130,101.7,86.6,2307.0,507,0.256
"Hjelle, Sean",SI,1055,92.4,94.6,2203.0,1962,0.538
"Hjelle, Sean",KC,728,93.1,85.7,1955.0,1962,0.371
"Hjelle, Sean",FC,158,93.0,91.6,2254.0,1962,0.081
"Hjerpe, Cooper",FF,83,81.2,90.8,2038.0,180,0.461
"Hjerpe, Cooper",ST,51,80.1,77.6,2442.0,180,0.283
"Hjerpe, Cooper",CH,25,54.2,80.9,2228.0,180,0.139
"Hjerpe, Cooper",FC,21,59.2,86.2,1984.0,180,0.117
"Hodge, Porter",FF,698,97.0,95.8,2393.0,1249,0.559
"Hodge, Porter",ST,434,99.9,83.4,2708.0,1249,0.347
"Hodge, Porter",SL,106,97.1,86.2,2628.0,1249,0.085
"Hoeing, Bryan",SI,1051,89.5,93.9,1985.0,2027,0.519
"Hoeing, Bryan",SL,549,78.6,83.2,2233.0,2027,0.271
"Hoeing, Bryan",FS,257,84.2,86.4,1053.0,2027,0.127
"Hoeing, Bryan",FF,144,86.5,94.0,2071.0,2027,0.071
"Hoeing, Bryan",CH,26,83.5,87.3,1642.0,2027,0.013
"Hoffman, Jeff",SL,1693,98.4,87.0,2787.0,4194,0.404
"Hoffman, Jeff",FF,1397,101.2,96.6,2574.0,4194,0.333
"Hoffman, Jeff",FS,781,94.3,90.0,1681.0,4194,0.186
"Hoffman, Jeff",SI,323,92.8,96.5,2498.0,4194,0.077
"Hoffman, Nolan",FF,66,81.4,93.6,2444.0,221,0.299
"Hoffman, Nolan",FC,53,66.1,88.5,2333.0,221,0.24
"Hoffman, Nolan",SI,48,93.1,92.9,2227.0,221,0.217
"Hoffman, Nolan",ST,21,92.2,80.7,2510.0,221,0.095
"Hoffmann, Andrew",FF,219,90.3,94.5,2274.0,473,0.463
"Hoffmann, Andrew",CH,181,93.5,87.9,930.0,473,0.383
"Hoffmann, Andrew",SL,67,95.5,86.5,2347.0,473,0.142
"Hoglund, Gunnar",FF,196,96.5,93.6,2406.0,546,0.359
"Hoglund, Gunnar",CH,125,101.2,86.0,1559.0,546,0.229
"Hoglund, Gunnar",ST,95,89.1,81.2,2665.0,546,0.174
"Hoglund, Gunnar",SI,91,89.4,93.2,2426.0,546,0.167
"Hoglund, Gunnar",SL,39,70.8,90.7,2539.0,546,0.071
"Holderman, Colin",SI,1301,90.4,97.3,2247.0,3131,0.416
"Holderman, Colin",ST,1100,95.2,84.4,2530.0,3131,0.351
"Holderman, Colin",FC,530,93.2,91.8,2414.0,3131,0.169
"Holderman, Colin",CU,90,96.0,83.1,2749.0,3131,0.029
"Holderman, Colin",FF,86,88.3,97.0,2355.0,3131,0.027
"Hollowell, Gavin",FF,376,92.0,93.9,2627.0,1022,0.368
"Hollowell, Gavin",ST,342,92.7,83.4,2490.0,1022,0.335
"Hollowell, Gavin",SI,264,88.4,94.5,2508.0,1022,0.258
"Hollowell, Gavin",CH,23,76.0,85.3,1887.0,1022,0.023
"Holman, Grant",FF,351,87.2,94.5,1949.0,701,0.501
"Holman, Grant",FS,258,94.8,87.2,1129.0,701,0.368
"Holman, Grant",SL,92,92.4,86.0,2036.0,701,0.131
"Holmes, Clay",SI,3192,94.2,94.6,2159.0,6395,0.499
"Holmes, Clay",ST,1119,102.4,82.3,2799.0,6395,0.175
"Holmes, Clay",SL,756,105.5,86.5,2589.0,6395,0.118
"Holmes, Clay",CH,662,91.4,88.1,1014.0,6395,0.104
"Holmes, Clay",FC,387,89.1,88.3,2506.0,6395,0.061
"Holmes, Clay",FF,171,81.7,93.3,2296.0,6395,0.027
"Holmes, Clay",CU,108,93.1,81.1,2952.0,6395,0.017
"Holmes, Grant",SL,1857,92.6,85.6,2772.0,5262,0.353
"Holmes, Grant",FF,1672,94.0,94.4,2319.0,5262,0.318
"Holmes, Grant",CU,685,88.2,83.5,2854.0,5262,0.13
"Holmes, Grant",FC,571,93.8,92.2,2489.0,5262,0.109
"Holmes, Grant",SI,274,86.7,93.1,2247.0,5262,0.052
"Holmes, Grant",CH,203,86.0,89.5,1603.0,5262,0.039
"Holton, Tyler",FC,1303,97.9,88.0,2357.0,4803,0.271
"Holton, Tyler",SI,917,101.0,91.3,2149.0,4803,0.191
"Holton, Tyler",CH,874,88.1,83.5,1611.0,4803,0.182
"Holton, Tyler",FF,806,91.4,91.7,2216.0,4803,0.168
"Holton, Tyler",ST,763,98.4,80.9,2693.0,4803,0.159
"Holton, Tyler",CU,140,82.0,79.2,2707.0,4803,0.029
"Honeywell, Brent",FF,724,87.7,94.8,2160.0,1314,0.551
"Honeywell, Brent",CH,251,96.5,87.3,1715.0,1314,0.191
"Honeywell, Brent",ST,175,95.0,81.5,2488.0,1314,0.133
"Honeywell, Brent",SL,135,93.5,86.0,2371.0,1314,0.103
"Honeywell, Brent",SI,29,76.3,94.6,2135.0,1314,0.022
"Hopkins, Brody",FF,36,113.8,100.1,2686.0,69,0.522
"Hopkins, Brody",CU,26,108.7,87.3,2904.0,69,0.377
"Hoppe, Alex",FF,270,97.5,98.4,2287.0,707,0.382
"Hoppe, Alex",SL,265,97.8,88.6,2351.0,707,0.375
"Hoppe, Alex",SI,166,100.5,98.4,2144.0,707,0.235
"Horn, Bailey",ST,254,99.9,82.9,2815.0,527,0.482
"Horn, Bailey",FF,145,95.6,95.3,2408.0,527,0.275
"Horn, Bailey",FC,64,85.9,88.2,2562.0,527,0.121
"Horn, Bailey",SI,44,85.8,95.2,2287.0,527,0.083
"Horn, Bailey",CU,20,93.6,77.7,2966.0,527,0.038
"Horton, Cade",FF,944,103.3,95.7,2488.0,1879,0.502
"Horton, Cade",ST,398,95.4,83.4,2568.0,1879,0.212
"Horton, Cade",CH,247,99.0,88.0,1915.0,1879,0.131
"Horton, Cade",CU,183,88.0,83.9,2572.0,1879,0.097
"Horton, Cade",SI,105,83.6,95.1,2337.0,1879,0.056
"Houck, Tanner",SI,1669,88.0,93.7,2180.0,5189,0.322
"Houck, Tanner",ST,1411,94.4,83.2,2551.0,5189,0.272
"Houck, Tanner",FS,1017,98.0,88.4,1813.0,5189,0.196
"Houck, Tanner",SL,646,82.8,83.9,2593.0,5189,0.124
"Houck, Tanner",FC,226,91.4,90.4,2399.0,5189,0.044
"Houck, Tanner",FF,220,89.0,94.1,2226.0,5189,0.042
"Houser, Adrian",SI,3023,95.1,93.6,2141.0,6568,0.46
"Houser, Adrian",FF,1219,90.2,94.5,2243.0,6568,0.186
"Houser, Adrian",SL,961,81.1,85.3,2307.0,6568,0.146
"Houser, Adrian",CH,773,88.8,85.2,1560.0,6568,0.118
"Houser, Adrian",CU,592,87.9,80.9,1964.0,6568,0.09
"Howard, Spencer",FF,305,93.0,94.0,2105.0,617,0.494
"Howard, Spencer",SL,176,89.8,85.4,2158.0,617,0.285
"Howard, Spencer",CH,99,86.2,80.2,1524.0,617,0.16
"Howard, Spencer",CU,37,86.2,75.7,1980.0,617,0.06
"Hudson, Bryan",FF,1515,87.7,91.5,2234.0,2434,0.622
"Hudson, Bryan",ST,584,90.6,80.6,2067.0,2434,0.24
"Hudson, Bryan",FC,268,88.6,85.9,2199.0,2434,0.11
"Hudson, Bryan",SI,65,67.9,89.6,2144.0,2434,0.027
"Hudson, Dakota",SI,955,83.1,91.0,2062.0,2734,0.349
"Hudson, Dakota",SL,760,75.4,84.6,2544.0,2734,0.278
"Hudson, Dakota",FF,512,82.0,90.6,2145.0,2734,0.187
"Hudson, Dakota",CU,326,83.2,80.5,2560.0,2734,0.119
"Hudson, Dakota",CH,168,81.9,83.7,1758.0,2734,0.061
"Hudson, Daniel",FF,523,97.7,95.1,2495.0,1044,0.501
"Hudson, Daniel",SL,431,85.7,88.0,2565.0,1044,0.413
"Hudson, Daniel",SI,52,94.7,95.1,2433.0,1044,0.05
"Hudson, Daniel",CH,38,81.2,88.7,2398.0,1044,0.036
"Hughes, Brandon",SL,273,96.7,82.5,2441.0,589,0.463
"Hughes, Brandon",FF,208,90.1,92.8,2330.0,589,0.353
"Hughes, Brandon",SI,108,86.1,92.6,2253.0,589,0.183
"Hughes, Gabriel",FF,568,105.4,92.4,2211.0,1142,0.497
"Hughes, Gabriel",CU,138,81.3,78.7,2507.0,1142,0.121
"Hughes, Gabriel",CH,127,70.6,87.8,1487.0,1142,0.111
"Hughes, Gabriel",SI,119,81.9,92.9,2055.0,1142,0.104
"Hughes, Gabriel",ST,98,108.2,85.5,2298.0,1142,0.086
"Hughes, Gabriel",SL,92,88.0,86.5,2289.0,1142,0.081
"Hunter, Tommy",SI,144,87.4,92.0,2388.0,365,0.395
"Hunter, Tommy",FC,114,95.4,90.1,2425.0,365,0.312
"Hunter, Tommy",CU,51,87.8,83.5,2707.0,365,0.14
"Hunter, Tommy",FF,29,87.4,92.6,2346.0,365,0.079
"Hunter, Tommy",CH,27,93.0,86.3,1904.0,365,0.074
"Hurt, Kyle",FF,445,95.4,96.5,2063.0,823,0.541
"Hurt, Kyle",CH,307,94.7,88.3,1353.0,823,0.373
"Hurt, Kyle",SL,71,89.8,88.0,2156.0,823,0.086
"Hurter, Brant",SI,1129,92.7,92.2,2121.0,2157,0.523
"Hurter, Brant",ST,670,95.9,82.3,2664.0,2157,0.311
"Hurter, Brant",CH,236,82.1,86.1,1612.0,2157,0.109
"Hurter, Brant",FF,122,86.2,92.0,2097.0,2157,0.057
"Iglesias, Raisel",FF,1292,97.9,94.9,2321.0,3640,0.355
"Iglesias, Raisel",CH,1179,99.6,89.0,1967.0,3640,0.324
"Iglesias, Raisel",SI,687,91.8,94.8,2329.0,3640,0.189
"Iglesias, Raisel",SL,482,99.3,84.0,2659.0,3640,0.132
"Imai, Tatsuya",SL,659,75.8,86.6,2274.0,1441,0.457
"Imai, Tatsuya",FF,637,88.6,94.8,1996.0,1441,0.442
"Imai, Tatsuya",SI,61,84.2,94.5,1952.0,1441,0.042
"Imai, Tatsuya",FS,42,74.7,84.7,1251.0,1441,0.029
"Imai, Tatsuya",CH,36,80.3,86.9,1960.0,1441,0.025
"Imanaga, Shota",FF,3443,96.7,91.4,2470.0,7383,0.466
"Imanaga, Shota",FS,2396,99.8,82.9,1165.0,7383,0.325
"Imanaga, Shota",ST,938,90.2,80.9,2536.0,7383,0.127
"Imanaga, Shota",SI,231,89.3,89.6,2232.0,7383,0.031
"Imanaga, Shota",CU,198,95.3,73.2,2472.0,7383,0.027
"Imanaga, Shota",CH,99,89.9,81.6,1678.0,7383,0.013
"Imanaga, Shota",SL,66,99.8,85.5,2486.0,7383,0.009
"Ingram, Kolton",FF,39,83.4,92.5,2494.0,100,0.39
"Ingram, Kolton",FC,25,73.9,85.9,2582.0,100,0.25
"Iriarte, Jairo",FF,63,94.8,94.1,2266.0,137,0.46
"Iriarte, Jairo",SL,55,60.6,81.9,2180.0,137,0.401
"Irvin, Cole",FF,725,87.5,92.0,2027.0,2447,0.296
"Irvin, Cole",SI,714,87.8,91.8,1979.0,2447,0.292
"Irvin, Cole",CH,517,94.1,84.4,1556.0,2447,0.211
"Irvin, Cole",FC,422,87.7,85.6,2139.0,2447,0.172
"Irvin, Cole",CU,69,93.5,77.8,2220.0,2447,0.028
"Irvin, Jake",FF,3443,91.6,93.5,2343.0,9963,0.346
"Irvin, Jake",CU,2903,94.0,79.6,2493.0,9963,0.291
"Irvin, Jake",SI,2229,89.7,92.9,2283.0,9963,0.224
"Irvin, Jake",CH,589,91.4,86.6,2187.0,9963,0.059
"Irvin, Jake",FC,516,90.2,89.1,2459.0,9963,0.052
"Irvin, Jake",ST,152,99.1,81.9,2535.0,9963,0.015
"Irvin, Jake",SL,131,81.8,83.7,2491.0,9963,0.013
"Jackson, Andre",FF,446,92.4,94.9,2268.0,1000,0.446
"Jackson, Andre",CH,319,102.3,86.9,1766.0,1000,0.319
"Jackson, Andre",SL,170,94.1,87.1,2295.0,1000,0.17
"Jackson, Andre",CU,65,84.8,81.5,2231.0,1000,0.065
"Jackson, Jay",SL,516,86.9,84.8,2254.0,892,0.578
"Jackson, Jay",FF,287,90.9,92.7,2248.0,892,0.322
"Jackson, Jay",CH,58,88.7,86.0,1678.0,892,0.065
"Jackson, Jay",SI,31,85.0,91.4,2243.0,892,0.035
"Jackson, Luke",SL,1204,111.2,87.3,2246.0,2184,0.551
"Jackson, Luke",FF,685,90.8,94.4,2287.0,2184,0.314
"Jackson, Luke",CU,274,100.1,84.3,2408.0,2184,0.125
"Jackson, Zach",FF,217,87.7,93.1,2128.0,369,0.588
"Jackson, Zach",SL,149,97.5,83.9,2422.0,369,0.404
"Jacob, Alek",FF,331,85.7,85.4,2320.0,908,0.365
"Jacob, Alek",CH,285,88.9,74.2,2147.0,908,0.314
"Jacob, Alek",SI,180,85.5,85.1,2280.0,908,0.198
"Jacob, Alek",ST,112,81.3,72.2,2244.0,908,0.123
"Jacques, Joe",SI,293,89.2,91.2,1997.0,482,0.608
"Jacques, Joe",ST,165,103.3,77.2,1987.0,482,0.342
"Jameson, Drey",SL,293,89.1,86.1,2531.0,1032,0.284
"Jameson, Drey",SI,272,89.0,95.2,2143.0,1032,0.264
"Jameson, Drey",FF,254,97.2,97.0,2269.0,1032,0.246
"Jameson, Drey",CH,166,86.3,89.4,1905.0,1032,0.161
"Jameson, Drey",CU,25,93.2,80.8,2587.0,1032,0.024
"Jameson, Drey",ST,22,95.9,83.0,2686.0,1032,0.021
"Jansen, Kenley",FC,2527,108.1,92.9,2629.0,3099,0.815
"Jansen, Kenley",SI,269,75.8,93.9,2317.0,3099,0.087
"Jansen, Kenley",SL,259,95.0,83.9,2458.0,3099,0.084
"Jansen, Kenley",ST,44,99.1,81.7,2537.0,3099,0.014
"Jarvis, Bryce",FF,700,89.2,95.2,2095.0,1784,0.392
"Jarvis, Bryce",SL,447,87.3,85.6,2571.0,1784,0.251
"Jarvis, Bryce",CH,267,82.5,84.2,1974.0,1784,0.15
"Jarvis, Bryce",SI,191,88.5,94.6,2065.0,1784,0.107
"Jarvis, Bryce",FC,141,88.6,89.5,2469.0,1784,0.079
"Jarvis, Bryce",CU,38,72.3,82.3,2293.0,1784,0.021
"Javier, Cristian",FF,2656,94.5,92.8,2256.0,5151,0.516
"Javier, Cristian",ST,1441,89.7,79.6,2567.0,5151,0.28
"Javier, Cristian",CH,561,94.7,83.7,2342.0,5151,0.109
"Javier, Cristian",KC,329,84.0,76.5,2961.0,5151,0.064
"Javier, Cristian",FC,86,101.9,89.0,2304.0,5151,0.017
"Javier, Cristian",SI,71,86.3,92.7,2243.0,5151,0.014
"Jax, Griffin",ST,1840,107.2,87.6,3033.0,4855,0.379
"Jax, Griffin",FF,1053,96.5,96.6,2476.0,4855,0.217
"Jax, Griffin",CH,890,102.6,91.6,1844.0,4855,0.183
"Jax, Griffin",SI,735,91.1,95.9,2480.0,4855,0.151
"Jax, Griffin",CU,213,113.4,85.4,3037.0,4855,0.044
"Jax, Griffin",FC,124,100.8,93.0,2636.0,4855,0.026
"Jay, Tyler",SI,81,79.5,93.1,1865.0,153,0.529
"Jay, Tyler",FC,34,92.3,89.1,2176.0,153,0.222
"Jay, Tyler",ST,27,108.8,82.0,2326.0,153,0.176
"Jefferies, Daulton",SI,103,87.4,93.0,2174.0,281,0.367
"Jefferies, Daulton",SL,69,77.3,82.2,2609.0,281,0.246
"Jefferies, Daulton",CH,42,76.9,87.5,1607.0,281,0.149
"Jefferies, Daulton",FC,41,89.6,90.5,2370.0,281,0.146
"Jefferies, Daulton",FF,26,102.1,93.3,2369.0,281,0.093
"Jiménez, Dany",SL,513,92.8,81.7,2300.0,851,0.603
"Jiménez, Dany",FF,320,75.2,92.8,2179.0,851,0.376
"Jiménez, Joe",FF,1077,103.2,94.9,2416.0,2004,0.537
"Jiménez, Joe",SL,815,82.2,84.5,2182.0,2004,0.407
"Jiménez, Joe",CH,112,94.4,89.5,2182.0,2004,0.056
"Jobe, Jackson",FF,518,98.9,97.0,2399.0,1610,0.322
"Jobe, Jackson",SL,449,106.5,89.2,2725.0,1610,0.279
"Jobe, Jackson",SI,242,91.3,95.6,2411.0,1610,0.15
"Jobe, Jackson",CH,225,91.2,85.6,1820.0,1610,0.14
"Jobe, Jackson",CU,135,92.2,83.6,2821.0,1610,0.084
"Jobe, Jackson",KC,21,83.8,81.1,2858.0,1610,0.013
"Johnson, Pierce",CU,2468,94.5,85.8,2924.0,3755,0.657
"Johnson, Pierce",FF,1113,88.9,95.7,2328.0,3755,0.296
"Johnson, Pierce",FC,87,88.3,92.2,2592.0,3755,0.023
"Johnson, Pierce",SL,87,103.5,88.1,2717.0,3755,0.023
"Johnson, Ryan",FC,741,99.2,89.9,2501.0,1910,0.388
"Johnson, Ryan",ST,439,87.7,81.2,2436.0,1910,0.23
"Johnson, Ryan",FS,363,82.2,84.7,1846.0,1910,0.19
"Johnson, Ryan",SI,349,78.7,92.7,2225.0,1910,0.183
"Johnson, Seth",FF,395,97.1,97.4,2368.0,827,0.478
"Johnson, Seth",SL,274,101.6,88.2,2556.0,827,0.331
"Johnson, Seth",SI,53,84.5,95.7,2150.0,827,0.064
"Johnson, Seth",CU,50,93.6,80.2,2770.0,827,0.06
"Johnson, Seth",FS,27,93.9,88.7,1533.0,827,0.033
"Johnson, Seth",ST,26,115.6,84.8,2732.0,827,0.031
"Johnson, Ty",FF,67,105.3,93.2,2670.0,123,0.545
"Johnson, Ty",SL,56,84.5,85.4,2546.0,123,0.455
"Johnston, Troy",CH,20,50.8,75.4,1678.0,34,0.588
"Jones, Jared",FF,1669,101.6,97.7,2538.0,3467,0.481
"Jones, Jared",SL,1196,106.6,89.2,2637.0,3467,0.345
"Jones, Jared",CU,305,94.3,83.2,2791.0,3467,0.088
"Jones, Jared",CH,296,98.7,91.6,1671.0,3467,0.085
"Joyce, Ben",FF,610,103.7,101.4,2334.0,1070,0.57
"Joyce, Ben",SI,290,88.9,96.3,1765.0,1070,0.271
"Joyce, Ben",SL,147,91.2,86.5,2717.0,1070,0.137
"Joyce, Ben",CH,22,93.5,92.1,1398.0,1070,0.021
"Juenger, Hayden",FF,102,93.1,94.6,2357.0,291,0.351
"Juenger, Hayden",SL,65,90.6,88.0,2358.0,291,0.223
"Juenger, Hayden",CH,62,99.0,88.5,2321.0,291,0.213
"Juenger, Hayden",FC,62,94.2,91.1,2364.0,291,0.213
"Jump, Gage",FF,816,102.4,96.3,2364.0,1754,0.465
"Jump, Gage",SL,395,105.8,87.2,2338.0,1754,0.225
"Jump, Gage",CU,188,99.4,82.3,2619.0,1754,0.107
"Jump, Gage",CH,164,85.9,87.6,1404.0,1754,0.094
"Jump, Gage",ST,103,100.8,83.8,2530.0,1754,0.059
"Jump, Gage",SI,88,90.5,95.0,2271.0,1754,0.05
"Junis, Jakob",ST,2073,101.2,83.3,2482.0,4137,0.501
"Junis, Jakob",SI,1110,83.1,92.3,2152.0,4137,0.268
"Junis, Jakob",CH,581,86.7,86.7,1341.0,4137,0.14
"Junis, Jakob",FF,352,88.4,92.1,2144.0,4137,0.085
"Junk, Janson",FF,1413,98.9,93.8,2318.0,3813,0.371
"Junk, Janson",SL,864,99.2,86.7,2396.0,3813,0.227
"Junk, Janson",ST,556,95.3,80.9,2431.0,3813,0.146
"Junk, Janson",CH,467,96.1,87.5,1422.0,3813,0.122
"Junk, Janson",CU,404,94.6,81.4,2511.0,3813,0.106
"Junk, Janson",SI,96,92.4,93.5,2223.0,3813,0.025
"Justice, Evan",FF,136,89.7,94.4,2335.0,177,0.768
"Justice, Evan",SL,41,78.9,80.8,2183.0,177,0.232
"Kahnle, Tommy",CH,2038,88.7,87.5,1283.0,2611,0.781
"Kahnle, Tommy",FF,455,85.3,94.2,2168.0,2611,0.174
"Kahnle, Tommy",SL,72,77.3,85.8,2270.0,2611,0.028
"Kahnle, Tommy",SI,46,82.7,93.9,2079.0,2611,0.018
"Kaprielian, James",FF,450,82.7,92.3,2001.0,1089,0.413
"Kaprielian, James",SL,330,76.3,80.8,2350.0,1089,0.303
"Kaprielian, James",SI,154,87.5,91.9,1896.0,1089,0.141
"Kaprielian, James",CH,86,81.7,83.2,1311.0,1089,0.079
"Kaprielian, James",CU,67,84.8,75.9,2433.0,1089,0.062
"Karinchak, James",FF,510,93.0,94.8,2286.0,893,0.571
"Karinchak, James",CU,383,97.5,83.0,2349.0,893,0.429
"Kauffmann, Karl",SI,196,78.4,90.1,2145.0,581,0.337
"Kauffmann, Karl",CH,117,86.7,85.0,1302.0,581,0.201
"Kauffmann, Karl",FF,106,79.4,90.3,2200.0,581,0.182
"Kauffmann, Karl",SL,98,77.5,83.8,2259.0,581,0.169
"Kauffmann, Karl",FC,64,88.9,88.2,2208.0,581,0.11
"Kay, Anthony",FF,714,93.0,95.6,2369.0,2941,0.243
"Kay, Anthony",ST,665,93.7,82.6,2452.0,2941,0.226
"Kay, Anthony",SI,486,98.5,95.3,2262.0,2941,0.165
"Kay, Anthony",FC,450,97.6,91.7,2393.0,2941,0.153
"Kay, Anthony",CH,387,97.0,86.1,1748.0,2941,0.132
"Kay, Anthony",SL,239,95.4,86.8,2574.0,2941,0.081
"Keller, Brad",FF,1186,94.5,95.5,2336.0,3237,0.366
"Keller, Brad",SL,784,101.0,86.0,2593.0,3237,0.242
"Keller, Brad",CH,404,89.6,91.2,1701.0,3237,0.125
"Keller, Brad",SI,390,83.1,95.4,2215.0,3237,0.12
"Keller, Brad",ST,290,102.1,85.6,2701.0,3237,0.09
"Keller, Brad",KC,183,93.2,84.8,2518.0,3237,0.057
"Keller, Mitch",FF,3254,95.5,94.3,2390.0,10716,0.304
"Keller, Mitch",SI,2188,85.6,93.2,2414.0,10716,0.204
"Keller, Mitch",ST,1787,101.5,82.5,2741.0,10716,0.167
"Keller, Mitch",FC,1237,92.9,89.9,2470.0,10716,0.115
"Keller, Mitch",CU,902,90.5,77.9,2629.0,10716,0.084
"Keller, Mitch",SL,864,95.3,87.2,2517.0,10716,0.081
"Keller, Mitch",CH,484,93.8,89.3,1793.0,10716,0.045
"Kelley, Trevor",SI,127,96.8,89.0,2156.0,272,0.467
"Kelley, Trevor",ST,105,75.9,75.7,2497.0,272,0.386
"Kelley, Trevor",SL,20,50.3,81.5,2399.0,272,0.074
"Kelly, Antwone",FF,141,103.4,98.8,2217.0,263,0.536
"Kelly, Antwone",SL,39,109.2,89.5,2211.0,263,0.148
"Kelly, Antwone",ST,34,113.5,87.1,2498.0,263,0.129
"Kelly, Antwone",CH,30,91.0,88.0,1413.0,263,0.114
"Kelly, Casey",FF,30,79.2,91.1,2265.0,102,0.294
"Kelly, Casey",SL,25,84.2,84.9,2168.0,102,0.245
"Kelly, Casey",CH,20,94.2,84.8,1740.0,102,0.196
"Kelly, Joe",SI,378,85.7,98.6,2188.0,1250,0.302
"Kelly, Joe",SL,299,108.5,91.0,2853.0,1250,0.239
"Kelly, Joe",FF,240,101.5,98.5,2226.0,1250,0.192
"Kelly, Joe",KC,219,92.8,88.5,2970.0,1250,0.175
"Kelly, Joe",CH,114,92.1,88.9,2081.0,1250,0.091
"Kelly, Kevin",SI,2041,99.8,90.9,2131.0,3639,0.561
"Kelly, Kevin",ST,901,92.2,77.1,2551.0,3639,0.248
"Kelly, Kevin",CH,271,84.9,85.9,1879.0,3639,0.074
"Kelly, Kevin",FC,269,70.4,87.9,2304.0,3639,0.074
"Kelly, Kevin",FF,157,76.9,92.5,2134.0,3639,0.043
"Kelly, Merrill",FF,2427,91.9,92.1,2361.0,9386,0.259
"Kelly, Merrill",CH,2377,103.7,88.5,2156.0,9386,0.253
"Kelly, Merrill",FC,1749,96.9,90.7,2367.0,9386,0.186
"Kelly, Merrill",SI,1109,81.4,92.4,2226.0,9386,0.118
"Kelly, Merrill",CU,970,93.2,82.1,2592.0,9386,0.103
"Kelly, Merrill",SL,754,92.7,85.9,2342.0,9386,0.08
"Kelly, Michael",ST,781,99.3,83.2,2775.0,1521,0.513
"Kelly, Michael",FF,430,87.4,95.4,2357.0,1521,0.283
"Kelly, Michael",SL,233,100.0,89.3,2705.0,1521,0.153
"Kelly, Michael",SI,65,76.6,94.9,2237.0,1521,0.043
"Kelly, Zack",FC,521,100.3,91.2,2456.0,1994,0.261
"Kelly, Zack",FF,519,89.5,96.1,2163.0,1994,0.26
"Kelly, Zack",ST,445,99.9,82.1,2733.0,1994,0.223
"Kelly, Zack",CH,342,80.9,83.2,2176.0,1994,0.172
"Kelly, Zack",SI,137,96.2,96.0,2163.0,1994,0.069
"Kelly, Zack",SL,24,87.2,85.6,2564.0,1994,0.012
"Kempner, William",FF,96,93.8,95.5,2395.0,199,0.482
"Kempner, William",ST,44,96.9,81.6,2906.0,199,0.221
"Kempner, William",SI,29,71.2,94.0,2252.0,199,0.146
"Kempner, William",FC,25,93.2,87.3,2623.0,199,0.126
"Kennedy, Brett",FF,132,87.2,93.1,2171.0,309,0.427
"Kennedy, Brett",CH,87,91.2,83.6,1409.0,309,0.282
"Kennedy, Brett",SI,73,81.3,92.1,1980.0,309,0.236
"Kennedy, Ian",FF,191,101.0,92.4,2361.0,313,0.61
"Kennedy, Ian",FS,104,89.8,84.7,973.0,313,0.332
"Kent, Jackson",FF,212,89.2,93.1,2096.0,677,0.313
"Kent, Jackson",SL,143,97.2,86.4,2279.0,677,0.211
"Kent, Jackson",CH,139,97.8,85.4,1808.0,677,0.205
"Kent, Jackson",CU,96,92.8,79.1,2518.0,677,0.142
"Kent, Jackson",SI,87,91.2,92.9,2238.0,677,0.129
"Kent, Zak",SL,234,102.1,86.6,2803.0,602,0.389
"Kent, Zak",FF,212,93.2,92.7,2713.0,602,0.352
"Kent, Zak",CU,129,96.3,81.8,2837.0,602,0.214
"Kent, Zak",SI,23,73.4,93.7,2607.0,602,0.038
"Kerkering, Orion",ST,1618,107.3,86.6,2908.0,3288,0.492
"Kerkering, Orion",FF,1042,92.6,97.4,2373.0,3288,0.317
"Kerkering, Orion",SI,563,91.0,96.3,2270.0,3288,0.171
"Kerkering, Orion",FS,65,87.0,92.2,1713.0,3288,0.02
"Kerr, Ray",FF,454,94.9,95.5,2272.0,977,0.465
"Kerr, Ray",CU,424,96.3,82.1,1955.0,977,0.434
"Kerr, Ray",FS,40,93.9,90.3,1460.0,977,0.041
"Kerr, Ray",SI,37,83.2,94.6,2070.0,977,0.038
"Kerr, Ray",FC,22,91.7,90.2,2033.0,977,0.023
"Kerry, Brett",FF,101,83.9,91.6,2175.0,212,0.476
"Kerry, Brett",SL,58,81.0,85.8,1949.0,212,0.274
"Kerry, Brett",CH,47,100.7,81.4,1886.0,212,0.222
"Kershaw, Clayton",SL,1787,103.3,86.1,2474.0,4200,0.425
"Kershaw, Clayton",FF,1502,92.7,90.0,2313.0,4200,0.358
"Kershaw, Clayton",CU,735,95.2,72.8,2266.0,4200,0.175
"Kershaw, Clayton",FS,122,91.2,83.3,1555.0,4200,0.029
"Kershaw, Clayton",CH,34,95.4,84.6,1804.0,4200,0.008
"Kershaw, Clayton",SI,20,78.9,89.9,2255.0,4200,0.005
"Keuchel, Dallas",SI,403,86.3,87.7,2016.0,966,0.417
"Keuchel, Dallas",CH,263,95.3,80.6,1689.0,966,0.272
"Keuchel, Dallas",FC,212,85.2,84.7,2278.0,966,0.219
"Keuchel, Dallas",SL,88,74.3,78.3,2455.0,966,0.091
"Kikuchi, Yusei",FF,4168,97.6,95.2,2273.0,9893,0.421
"Kikuchi, Yusei",SL,2824,101.8,87.8,2364.0,9893,0.285
"Kikuchi, Yusei",CU,1640,98.4,81.7,2516.0,9893,0.166
"Kikuchi, Yusei",CH,955,82.5,86.8,1625.0,9893,0.097
"Kikuchi, Yusei",FS,191,94.1,86.6,1611.0,9893,0.019
"Kikuchi, Yusei",FC,63,89.8,90.2,2313.0,9893,0.006
"Kikuchi, Yusei",SI,44,74.1,92.2,2122.0,9893,0.004
"Kilian, Caleb",FF,511,95.8,96.0,2317.0,1078,0.474
"Kilian, Caleb",KC,216,92.5,80.5,2662.0,1078,0.2
"Kilian, Caleb",SI,136,93.3,95.5,2313.0,1078,0.126
"Kilian, Caleb",SL,101,98.8,88.3,2535.0,1078,0.094
"Kilian, Caleb",FC,90,81.0,86.1,2154.0,1078,0.083
"Kilian, Caleb",ST,21,92.5,80.9,2273.0,1078,0.019
"Kimbrel, Craig",FF,2042,98.5,94.5,2319.0,3089,0.661
"Kimbrel, Craig",KC,749,103.0,85.1,2601.0,3089,0.242
"Kimbrel, Craig",ST,194,90.3,85.5,2621.0,3089,0.063
"Kimbrel, Craig",SI,62,89.1,93.8,2093.0,3089,0.02
"Kimbrel, Craig",CH,41,75.2,88.3,1682.0,3089,0.013
"King, Bryan",FF,1432,88.2,92.0,2130.0,2464,0.581
"King, Bryan",ST,724,96.7,80.9,2291.0,2464,0.294
"King, Bryan",SI,250,77.1,91.4,1989.0,2464,0.101
"King, Bryan",CU,33,99.5,77.9,2326.0,2464,0.013
"King, Bryan",CH,25,74.3,87.0,1603.0,2464,0.01
"King, John",SI,1477,92.0,92.9,2194.0,2872,0.514
"King, John",CH,727,92.3,84.5,1609.0,2872,0.253
"King, John",SL,396,89.2,83.6,2779.0,2872,0.138
"King, John",CU,125,91.7,79.4,2884.0,2872,0.044
"King, John",ST,113,99.9,81.5,2810.0,2872,0.039
"King, John",FF,34,75.1,92.8,2163.0,2872,0.012
"King, Michael",SI,2514,86.3,93.2,2277.0,8659,0.29
"King, Michael",CH,1978,89.5,86.7,1979.0,8659,0.228
"King, Michael",FF,1964,96.8,94.1,2339.0,8659,0.227
"King, Michael",ST,1775,91.2,82.0,2774.0,8659,0.205
"King, Michael",SL,428,78.5,85.3,2494.0,8659,0.049
"Kinley, Tyler",SL,2311,102.2,88.3,2571.0,3596,0.643
"Kinley, Tyler",FF,909,84.7,95.5,2365.0,3596,0.253
"Kinley, Tyler",CU,299,96.1,83.4,2736.0,3596,0.083
"Kinley, Tyler",CH,58,72.0,87.3,1808.0,3596,0.016
"Kirby, George",FF,3510,96.4,96.2,2241.0,10615,0.331
"Kirby, George",ST,2624,104.9,87.1,2365.0,10615,0.247
"Kirby, George",SI,2427,94.2,96.2,2251.0,10615,0.229
"Kirby, George",KC,1081,99.1,83.3,2385.0,10615,0.102
"Kirby, George",FS,602,96.4,85.8,916.0,10615,0.057
"Kirby, George",CH,243,96.1,88.1,1551.0,10615,0.023
"Kirby, George",FC,128,93.2,92.8,2299.0,10615,0.012
"Kitchen, Austin",SI,64,87.1,90.8,1920.0,158,0.405
"Kitchen, Austin",ST,36,101.1,79.2,2313.0,158,0.228
"Kitchen, Austin",CH,28,91.5,83.4,1865.0,158,0.177
"Kittredge, Andrew",SL,1327,100.4,88.7,2637.0,2691,0.493
"Kittredge, Andrew",SI,1025,91.5,94.9,2291.0,2691,0.381
"Kittredge, Andrew",FF,326,100.3,94.2,2508.0,2691,0.121
"Klassen, George",FF,181,93.0,96.4,2319.0,483,0.375
"Klassen, George",SL,153,81.0,90.7,2283.0,483,0.317
"Klassen, George",CH,83,88.9,87.0,1522.0,483,0.172
"Klassen, George",SI,45,84.5,96.6,2298.0,483,0.093
"Klassen, George",CU,21,76.4,85.2,2448.0,483,0.043
"Klein, John",FF,41,91.9,94.9,2385.0,82,0.5
"Klein, John",CH,23,90.5,86.4,1523.0,82,0.28
"Klein, Will",FF,646,97.3,97.6,2206.0,1213,0.533
"Klein, Will",ST,230,106.3,88.7,2511.0,1213,0.19
"Klein, Will",CU,223,103.3,85.5,2393.0,1213,0.184
"Klein, Will",SL,65,88.1,89.4,2298.0,1213,0.054
"Klein, Will",FC,49,92.9,92.6,2306.0,1213,0.04
"Kluber, Corey",CU,276,106.3,80.5,2557.0,966,0.286
"Kluber, Corey",FC,267,90.9,86.1,2479.0,966,0.276
"Kluber, Corey",SI,251,75.7,88.2,2207.0,966,0.26
"Kluber, Corey",CH,154,83.7,82.1,1722.0,966,0.159
"Knack, Landon",FF,977,93.9,93.3,2429.0,2079,0.47
"Knack, Landon",CH,406,88.8,84.5,1692.0,2079,0.195
"Knack, Landon",SL,378,91.7,85.3,2622.0,2079,0.182
"Knack, Landon",KC,285,86.1,79.9,2905.0,2079,0.137
"Knack, Landon",CU,26,92.5,79.0,2946.0,2079,0.013
"Knehr, Reiss",FF,37,102.9,93.4,2249.0,122,0.303
"Knehr, Reiss",FC,31,92.2,88.7,2137.0,122,0.254
"Knehr, Reiss",SL,27,75.0,80.6,2233.0,122,0.221
"Koch, Matt",FC,287,87.0,89.5,2262.0,585,0.491
"Koch, Matt",FF,251,88.8,93.7,2124.0,585,0.429
"Koch, Matt",SL,47,74.7,82.2,2482.0,585,0.08
"Kochanowicz, Jack",SI,1922,86.5,95.7,2107.0,3823,0.503
"Kochanowicz, Jack",FF,644,89.1,95.8,2256.0,3823,0.168
"Kochanowicz, Jack",SL,574,92.9,86.4,2759.0,3823,0.15
"Kochanowicz, Jack",CH,543,93.5,89.8,2134.0,3823,0.142
"Kochanowicz, Jack",ST,140,79.7,82.7,2824.0,3823,0.037
"Koenig, Jared",SI,1244,86.9,95.4,2331.0,2221,0.56
"Koenig, Jared",FC,480,93.4,90.5,2436.0,2221,0.216
"Koenig, Jared",CU,303,91.8,81.3,2534.0,2221,0.136
"Koenig, Jared",CH,166,88.4,85.7,1705.0,2221,0.075
"Koenig, Jared",FF,28,80.8,96.2,2408.0,2221,0.013
"Kolarek, Adam",SI,37,96.6,87.9,2206.0,83,0.446
"Kolarek, Adam",FF,27,83.7,89.2,2240.0,83,0.325
"Kolek, Stephen",SI,909,90.8,94.2,2184.0,3310,0.275
"Kolek, Stephen",FF,773,91.6,94.3,2208.0,3310,0.234
"Kolek, Stephen",FC,507,93.8,91.0,2365.0,3310,0.153
"Kolek, Stephen",SL,494,85.3,85.9,2507.0,3310,0.149
"Kolek, Stephen",CH,349,94.8,87.6,1523.0,3310,0.105
"Kolek, Stephen",ST,277,85.5,82.2,2539.0,3310,0.084
"Kopech, Michael",FF,2574,98.1,96.6,2550.0,3782,0.681
"Kopech, Michael",SL,794,82.2,85.2,2358.0,3782,0.21
"Kopech, Michael",CH,167,77.0,88.8,1794.0,3782,0.044
"Kopech, Michael",FC,154,83.3,91.1,2521.0,3782,0.041
"Kopech, Michael",CU,93,80.2,80.7,2388.0,3782,0.025
"Kowar, Jackson",FF,378,86.5,97.1,2081.0,849,0.445
"Kowar, Jackson",SL,249,89.3,86.1,2315.0,849,0.293
"Kowar, Jackson",CH,217,98.4,86.7,2389.0,849,0.256
"Kranick, Max",FF,341,93.5,95.5,2234.0,869,0.392
"Kranick, Max",SL,308,90.5,89.5,2127.0,869,0.354
"Kranick, Max",CU,145,88.5,79.8,2321.0,869,0.167
"Kranick, Max",ST,65,101.3,82.7,2202.0,869,0.075
"Krehbiel, Joey",FF,41,84.0,94.2,2166.0,80,0.512
"Krehbiel, Joey",FC,27,96.3,87.8,2502.0,80,0.338
"Kremer, Dean",FF,2887,95.8,93.7,2292.0,9170,0.315
"Kremer, Dean",FC,1986,86.4,87.6,2410.0,9170,0.217
"Kremer, Dean",SI,1473,85.6,92.3,2098.0,9170,0.161
"Kremer, Dean",FS,1329,89.8,82.7,1139.0,9170,0.145
"Kremer, Dean",CU,1026,85.8,77.7,2777.0,9170,0.112
"Kremer, Dean",CH,353,83.2,85.3,1715.0,9170,0.038
"Kremer, Dean",ST,96,82.7,82.8,2658.0,9170,0.01
"Kremer, Dean",SL,20,73.2,83.5,2610.0,9170,0.002
"Kriske, Brooks",FS,266,98.3,82.5,1026.0,509,0.523
"Kriske, Brooks",FF,172,86.1,93.5,2278.0,509,0.338
"Kriske, Brooks",FC,52,74.2,85.7,2253.0,509,0.102
"Krook, Matt",SI,184,75.8,89.3,2052.0,375,0.491
"Krook, Matt",ST,132,98.6,82.0,2729.0,375,0.352
"Krook, Matt",FC,41,81.4,86.8,2482.0,375,0.109
"Kuhl, Chad",SL,678,88.3,86.1,2526.0,1747,0.388
"Kuhl, Chad",FF,365,85.5,94.1,2222.0,1747,0.209
"Kuhl, Chad",SI,277,79.2,93.8,2112.0,1747,0.159
"Kuhl, Chad",CH,155,85.3,87.4,1659.0,1747,0.089
"Kuhl, Chad",ST,106,72.7,78.7,2675.0,1747,0.061
"Kuhl, Chad",FC,98,84.0,91.4,2273.0,1747,0.056
"Kuhl, Chad",KC,68,92.7,78.8,2779.0,1747,0.039
"Kuhnel, Joel",SI,451,88.9,95.1,2255.0,1077,0.419
"Kuhnel, Joel",FC,272,88.5,90.2,2463.0,1077,0.253
"Kuhnel, Joel",FF,171,87.2,94.6,2201.0,1077,0.159
"Kuhnel, Joel",CH,93,84.7,89.9,1461.0,1077,0.086
"Kuhnel, Joel",SL,60,84.8,85.7,2379.0,1077,0.056
"Kuhnel, Joel",CU,30,98.5,83.3,2442.0,1077,0.028
"La Sorsa, Joe",SI,447,88.3,88.3,2054.0,915,0.489
"La Sorsa, Joe",ST,285,103.3,75.2,2108.0,915,0.311
"La Sorsa, Joe",CH,96,71.2,83.0,1640.0,915,0.105
"La Sorsa, Joe",FF,46,88.9,91.8,2156.0,915,0.05
"La Sorsa, Joe",FC,41,76.2,75.3,2089.0,915,0.045
"Lambert, Jimmy",FF,295,88.3,94.0,2250.0,675,0.437
"Lambert, Jimmy",SL,206,91.5,85.6,2491.0,675,0.305
"Lambert, Jimmy",KC,106,108.7,76.1,2644.0,675,0.157
"Lambert, Jimmy",CH,68,91.3,85.5,1554.0,675,0.101
"Lambert, Peter",FF,1840,91.5,93.8,2257.0,4756,0.387
"Lambert, Peter",CH,1150,93.2,86.8,1522.0,4756,0.242
"Lambert, Peter",SL,781,91.2,86.9,2438.0,4756,0.164
"Lambert, Peter",ST,350,96.3,82.7,2645.0,4756,0.074
"Lambert, Peter",FC,272,97.6,91.5,2327.0,4756,0.057
"Lambert, Peter",SI,268,91.6,93.4,2190.0,4756,0.056
"Lambert, Peter",CU,95,86.9,77.9,2256.0,4756,0.02
"Lamet, Dinelson",SL,311,82.7,85.8,2577.0,677,0.459
"Lamet, Dinelson",FF,180,75.2,94.6,2453.0,677,0.266
"Lamet, Dinelson",SI,169,87.1,94.9,2393.0,677,0.25
"Lange, Alex",SL,1250,83.4,87.5,2251.0,2628,0.476
"Lange, Alex",SI,650,86.5,95.8,2174.0,2628,0.247
"Lange, Alex",CH,378,93.1,90.3,1742.0,2628,0.144
"Lange, Alex",FF,207,85.8,96.1,2276.0,2628,0.079
"Lange, Alex",FC,143,91.5,92.1,2289.0,2628,0.054
"Lao, Sauryn",SL,89,89.8,86.9,2246.0,185,0.481
"Lao, Sauryn",FF,55,81.0,92.8,2233.0,185,0.297
"Lao, Sauryn",SI,27,87.3,93.1,2199.0,185,0.146
"Lara, Andry",FF,116,72.9,94.2,2112.0,255,0.455
"Lara, Andry",SL,83,81.6,86.0,2193.0,255,0.325
"Lara, Andry",SI,41,93.3,94.5,2095.0,255,0.161
"Latz, Jacob",FF,1741,97.4,94.6,2314.0,3369,0.517
"Latz, Jacob",CH,742,105.9,85.4,2014.0,3369,0.22
"Latz, Jacob",SL,671,96.2,84.5,2578.0,3369,0.199
"Latz, Jacob",CU,215,90.7,78.8,2703.0,3369,0.064
"Lauer, Eric",FF,1904,86.1,91.3,2208.0,4337,0.439
"Lauer, Eric",FC,1065,89.0,87.0,2338.0,4337,0.246
"Lauer, Eric",CU,570,92.1,75.4,2401.0,4337,0.131
"Lauer, Eric",CH,409,82.8,84.7,1245.0,4337,0.094
"Lauer, Eric",SL,387,90.0,82.9,2291.0,4337,0.089
"Lavender, Nate",FF,193,98.1,92.4,2287.0,267,0.723
"Lavender, Nate",SL,31,99.9,85.0,2508.0,267,0.116
"Lavender, Nate",CH,23,93.1,81.3,1726.0,267,0.086
"Lavender, Nate",ST,20,91.3,79.5,2629.0,267,0.075
"Law, Derek",FC,908,91.7,91.6,2314.0,2469,0.368
"Law, Derek",SL,635,96.1,87.0,2300.0,2469,0.257
"Law, Derek",FF,395,88.8,95.2,2119.0,2469,0.16
"Law, Derek",SI,254,83.0,94.9,2125.0,2469,0.103
"Law, Derek",CU,149,88.2,78.5,2183.0,2469,0.06
"Law, Derek",CH,128,88.6,87.9,1865.0,2469,0.052
"Laweryson, Cody",FF,251,96.3,92.7,2331.0,373,0.673
"Laweryson, Cody",CH,65,93.8,83.1,1712.0,373,0.174
"Laweryson, Cody",FC,57,74.5,84.3,2431.0,373,0.153
"Lawrence, Casey",SI,261,82.7,88.5,2089.0,722,0.361
"Lawrence, Casey",ST,142,83.5,78.9,2498.0,722,0.197
"Lawrence, Casey",CH,118,91.4,81.7,1730.0,722,0.163
"Lawrence, Casey",SL,104,77.4,80.8,2374.0,722,0.144
"Lawrence, Casey",FF,87,87.7,89.3,2186.0,722,0.12
"Lawrence, Justin",SI,1627,81.9,95.1,2348.0,3194,0.509
"Lawrence, Justin",ST,1441,97.3,83.1,2968.0,3194,0.451
"Lawrence, Justin",FF,126,92.4,95.5,2492.0,3194,0.039
"Lazar, Max",FF,528,96.5,94.3,2455.0,998,0.529
"Lazar, Max",KC,240,88.9,81.1,2473.0,998,0.24
"Lazar, Max",FC,174,92.1,88.3,2384.0,998,0.174
"Lazar, Max",FS,55,90.4,86.5,1210.0,998,0.055
"Leahy, Kyle",FF,1337,94.1,94.9,2263.0,4393,0.304
"Leahy, Kyle",SL,848,94.9,90.0,2354.0,4393,0.193
"Leahy, Kyle",CU,665,95.8,83.1,2353.0,4393,0.151
"Leahy, Kyle",ST,613,112.3,85.5,2639.0,4393,0.14
"Leahy, Kyle",CH,527,92.6,89.2,1478.0,4393,0.12
"Leahy, Kyle",SI,403,97.3,94.5,2199.0,4393,0.092
"Leasure, Jordan",FF,1096,98.2,96.1,2338.0,1988,0.551
"Leasure, Jordan",SL,763,97.0,87.5,2434.0,1988,0.384
"Leasure, Jordan",CU,64,91.2,78.6,2856.0,1988,0.032
"Leasure, Jordan",FS,40,93.5,87.1,948.0,1988,0.02
"Leasure, Jordan",SI,25,99.6,95.7,2295.0,1988,0.013
"Leclerc, José",FF,843,97.8,95.1,2536.0,2405,0.351
"Leclerc, José",SL,742,81.2,82.2,2530.0,2405,0.309
"Leclerc, José",FC,375,93.9,90.1,2605.0,2405,0.156
"Leclerc, José",CH,298,93.6,88.0,2043.0,2405,0.124
"Leclerc, José",SI,136,90.5,94.9,2368.0,2405,0.057
"Lee, Chase",SI,276,83.6,89.1,2384.0,726,0.38
"Lee, Chase",ST,252,59.9,80.1,2966.0,726,0.347
"Lee, Chase",FF,149,92.7,89.6,2466.0,726,0.205
"Lee, Chase",CH,49,71.8,85.6,1628.0,726,0.067
"Lee, Dylan",SL,1808,102.3,84.3,2115.0,3385,0.534
"Lee, Dylan",FF,1111,99.7,93.1,2320.0,3385,0.328
"Lee, Dylan",CH,466,95.9,85.9,1661.0,3385,0.138
"Legumina, Casey",FF,1104,95.4,93.7,2381.0,2311,0.478
"Legumina, Casey",SI,434,85.3,93.3,2292.0,2311,0.188
"Legumina, Casey",ST,296,91.9,80.5,2681.0,2311,0.128
"Legumina, Casey",CH,270,72.3,87.2,1575.0,2311,0.117
"Legumina, Casey",SL,207,80.5,85.0,2595.0,2311,0.09
"Leibrandt, Brandon",CH,65,95.3,79.0,1311.0,216,0.301
"Leibrandt, Brandon",SL,54,83.2,83.9,2331.0,216,0.25
"Leibrandt, Brandon",FF,48,82.2,88.3,2164.0,216,0.222
"Leibrandt, Brandon",SI,27,83.6,88.4,2077.0,216,0.125
"Leiter Jr., Mark",FS,1157,96.4,84.8,774.0,3436,0.337
"Leiter Jr., Mark",SI,1044,87.8,92.2,1995.0,3436,0.304
"Leiter Jr., Mark",CU,586,103.2,73.8,2303.0,3436,0.171
"Leiter Jr., Mark",FC,360,91.7,89.0,2146.0,3436,0.105
"Leiter Jr., Mark",FF,174,83.2,91.6,1986.0,3436,0.051
"Leiter Jr., Mark",ST,91,87.4,79.6,2299.0,3436,0.026
"Leiter Jr., Mark",SL,22,84.6,83.0,2244.0,3436,0.006
"Leiter, Jack",FF,1872,100.0,97.0,2415.0,4617,0.405
"Leiter, Jack",SL,1041,96.1,87.2,2568.0,4617,0.225
"Leiter, Jack",CH,706,91.6,90.4,1557.0,4617,0.153
"Leiter, Jack",CU,437,84.4,81.8,2663.0,4617,0.095
"Leiter, Jack",SI,412,86.6,96.0,2350.0,4617,0.089
"Leiter, Jack",FC,149,89.4,92.8,2450.0,4617,0.032
"Leone, Dominic",FF,421,98.5,95.4,2306.0,1234,0.341
"Leone, Dominic",SL,333,83.1,85.2,2539.0,1234,0.27
"Leone, Dominic",FC,329,82.9,91.8,2486.0,1234,0.267
"Leone, Dominic",CH,94,90.4,90.8,1711.0,1234,0.076
"Leone, Dominic",SI,41,96.8,94.2,2130.0,1234,0.033
"Liberatore, Matthew",FF,2208,89.6,94.2,2115.0,7338,0.301
"Liberatore, Matthew",SL,1698,112.1,86.5,2680.0,7338,0.231
"Liberatore, Matthew",CU,1158,101.6,78.2,2974.0,7338,0.158
"Liberatore, Matthew",SI,966,77.1,94.5,2116.0,7338,0.132
"Liberatore, Matthew",CH,754,98.8,88.3,1768.0,7338,0.103
"Liberatore, Matthew",FC,530,78.0,90.7,2499.0,7338,0.072
"Lindgren, Jeff",SI,30,83.0,90.4,2030.0,97,0.309
"Lindgren, Jeff",ST,30,98.6,79.2,2615.0,97,0.309
"Lindgren, Jeff",FF,26,86.3,90.3,2192.0,97,0.268
"Littell, Zack",SL,2590,92.1,87.5,2201.0,8463,0.306
"Littell, Zack",FF,2115,83.5,92.5,2027.0,8463,0.25
"Littell, Zack",FS,2010,92.1,83.6,1022.0,8463,0.238
"Littell, Zack",SI,1206,82.8,91.6,2018.0,8463,0.143
"Littell, Zack",ST,542,91.6,79.6,2197.0,8463,0.064
"Little, Brendon",SI,1113,87.9,93.9,2040.0,2481,0.449
"Little, Brendon",KC,947,109.0,86.9,1886.0,2481,0.382
"Little, Brendon",FC,177,95.9,93.5,2247.0,2481,0.071
"Little, Brendon",SL,151,92.9,88.9,2458.0,2481,0.061
"Little, Brendon",FF,93,87.0,96.0,2140.0,2481,0.037
"Little, Jack",FF,25,95.0,94.0,2228.0,44,0.568
"Little, Luke",FF,450,82.8,95.7,2237.0,667,0.675
"Little, Luke",ST,209,76.5,81.7,2377.0,667,0.313
"Lively, Ben",FF,1407,88.1,90.1,2012.0,4470,0.315
"Lively, Ben",SI,1181,77.6,90.7,1968.0,4470,0.264
"Lively, Ben",ST,809,95.9,79.3,2000.0,4470,0.181
"Lively, Ben",CH,413,84.4,84.2,1678.0,4470,0.092
"Lively, Ben",CU,343,85.8,76.9,1992.0,4470,0.077
"Lively, Ben",SL,191,82.2,81.4,1990.0,4470,0.043
"Lively, Ben",FC,126,78.7,86.3,1953.0,4470,0.028
"Llovera, Mauricio",SI,389,89.5,94.5,2082.0,621,0.626
"Llovera, Mauricio",SL,211,75.4,82.7,2555.0,621,0.34
"Lodolo, Nick",FF,1923,94.4,93.9,2295.0,6783,0.284
"Lodolo, Nick",CU,1895,89.8,81.7,2606.0,6783,0.279
"Lodolo, Nick",SI,1637,88.6,93.8,2318.0,6783,0.241
"Lodolo, Nick",CH,1328,91.9,87.9,1897.0,6783,0.196
"Logue, Zach",FF,102,89.2,91.3,1955.0,216,0.472
"Logue, Zach",CU,44,91.8,79.7,2358.0,216,0.204
"Logue, Zach",CH,38,72.5,83.9,1866.0,216,0.176
"Logue, Zach",SI,21,87.2,89.5,1899.0,216,0.097
"Long, Sam",FF,929,92.5,93.9,2302.0,2263,0.411
"Long, Sam",CU,534,99.0,77.3,2586.0,2263,0.236
"Long, Sam",SL,514,93.3,85.1,2280.0,2263,0.227
"Long, Sam",FS,175,93.1,86.9,1633.0,2263,0.077
"Long, Sam",SI,86,87.2,92.7,2194.0,2263,0.038
"Lopez, Jacob",FF,1501,90.9,90.6,2158.0,4161,0.361
"Lopez, Jacob",SL,1350,105.6,77.1,2365.0,4161,0.324
"Lopez, Jacob",FC,692,80.0,86.7,2214.0,4161,0.166
"Lopez, Jacob",CH,447,85.8,82.7,2118.0,4161,0.107
"Lopez, Jacob",SI,171,85.7,90.0,2054.0,4161,0.041
"Lopez, José",FF,34,99.8,94.3,2294.0,51,0.667
"Lord, Brad",FF,1572,95.9,94.7,2372.0,3589,0.438
"Lord, Brad",SI,749,92.2,94.3,2278.0,3589,0.209
"Lord, Brad",SL,717,79.9,85.4,2537.0,3589,0.2
"Lord, Brad",CH,346,89.9,86.0,1958.0,3589,0.096
"Lord, Brad",ST,205,81.1,83.4,2697.0,3589,0.057
"Lorenzen, Michael",FF,2345,89.8,94.0,2403.0,9167,0.256
"Lorenzen, Michael",CH,1794,90.4,84.4,2051.0,9167,0.196
"Lorenzen, Michael",SI,1633,92.1,93.4,2250.0,9167,0.178
"Lorenzen, Michael",SL,1183,87.7,85.4,2571.0,9167,0.129
"Lorenzen, Michael",FC,838,91.7,90.1,2532.0,9167,0.091
"Lorenzen, Michael",CU,706,89.3,82.3,2553.0,9167,0.077
"Lorenzen, Michael",ST,668,85.2,82.5,2576.0,9167,0.073
"Loup, Aaron",SI,456,80.5,92.1,2207.0,832,0.548
"Loup, Aaron",FC,182,69.3,83.5,2377.0,832,0.219
"Loup, Aaron",CH,146,88.4,79.7,1904.0,832,0.175
"Loup, Aaron",CU,34,96.5,75.7,2386.0,832,0.041
"Loutos, Ryan",FF,126,79.5,95.2,1868.0,266,0.474
"Loutos, Ryan",SL,56,94.5,86.8,2355.0,266,0.211
"Loutos, Ryan",CH,40,95.3,89.0,1468.0,266,0.15
"Loutos, Ryan",ST,32,93.4,86.3,2284.0,266,0.12
"Lovelady, Richard",SI,511,82.1,91.5,2214.0,1730,0.295
"Lovelady, Richard",SL,426,93.7,86.1,2329.0,1730,0.246
"Lovelady, Richard",ST,409,100.2,82.4,2445.0,1730,0.236
"Lovelady, Richard",FF,380,88.8,91.5,2368.0,1730,0.22
"Lowder, Rhett",SI,786,90.7,93.0,2252.0,2715,0.29
"Lowder, Rhett",SL,728,88.6,85.1,2784.0,2715,0.268
"Lowder, Rhett",FF,589,91.8,93.6,2286.0,2715,0.217
"Lowder, Rhett",CH,548,93.5,86.5,1922.0,2715,0.202
"Lowder, Rhett",CU,63,94.4,80.8,3089.0,2715,0.023
"Loáisiga, Jonathan",SI,797,103.5,97.5,2289.0,1695,0.47
"Loáisiga, Jonathan",CH,375,96.0,90.8,1789.0,1695,0.221
"Loáisiga, Jonathan",CU,261,113.6,87.9,2625.0,1695,0.154
"Loáisiga, Jonathan",FF,184,93.3,97.5,2396.0,1695,0.109
"Loáisiga, Jonathan",FC,78,96.4,95.1,2444.0,1695,0.046
"Lucas, Easton",FF,428,92.0,93.9,2187.0,832,0.514
"Lucas, Easton",CH,117,92.8,87.1,1388.0,832,0.141
"Lucas, Easton",ST,114,94.1,81.9,2281.0,832,0.137
"Lucas, Easton",FC,106,95.1,90.5,2174.0,832,0.127
"Lucas, Easton",SL,67,86.6,86.1,2225.0,832,0.081
"Lucchesi, Joey",SI,738,90.9,91.1,2216.0,1497,0.493
"Lucchesi, Joey",CU,391,91.3,77.7,2142.0,1497,0.261
"Lucchesi, Joey",FF,349,82.5,91.5,2247.0,1497,0.233
"Luetge, Lucas",FC,137,97.3,86.6,2548.0,282,0.486
"Luetge, Lucas",ST,99,81.5,76.4,2689.0,282,0.351
"Luetge, Lucas",CU,38,79.0,73.0,2499.0,282,0.135
"Lugo, Seth",FF,2461,90.5,92.4,2317.0,9873,0.249
"Lugo, Seth",CU,2041,102.5,79.0,3243.0,9873,0.207
"Lugo, Seth",SI,1951,87.9,92.0,2369.0,9873,0.198
"Lugo, Seth",FC,1071,91.6,89.7,2407.0,9873,0.108
"Lugo, Seth",SL,880,90.0,85.3,2636.0,9873,0.089
"Lugo, Seth",CH,823,89.2,86.2,1717.0,9873,0.083
"Lugo, Seth",ST,540,88.0,80.2,2867.0,9873,0.055
"Lugo, Seth",FS,106,91.0,85.7,1434.0,9873,0.011
"Luzardo, Jesús",FF,3369,97.6,96.5,2238.0,9930,0.339
"Luzardo, Jesús",ST,2058,112.0,86.1,2370.0,9930,0.207
"Luzardo, Jesús",CH,1919,95.9,87.3,1870.0,9930,0.193
"Luzardo, Jesús",SL,1376,81.9,84.9,2332.0,9930,0.139
"Luzardo, Jesús",SI,1197,99.6,95.8,2201.0,9930,0.121
"Lyles, Jordan",FF,862,91.8,91.2,2248.0,2854,0.302
"Lyles, Jordan",ST,696,90.9,80.2,2510.0,2854,0.244
"Lyles, Jordan",CU,376,86.0,79.5,2427.0,2854,0.132
"Lyles, Jordan",SI,378,84.0,90.5,2134.0,2854,0.132
"Lyles, Jordan",CH,316,83.8,85.4,1675.0,2854,0.111
"Lyles, Jordan",FC,226,97.2,86.8,2403.0,2854,0.079
"Lynch IV, Daniel",FF,1002,89.3,93.4,2208.0,3748,0.267
"Lynch IV, Daniel",CH,872,96.3,85.1,1594.0,3748,0.233
"Lynch IV, Daniel",SL,872,100.3,86.9,2277.0,3748,0.233
"Lynch IV, Daniel",SI,671,93.3,93.8,2129.0,3748,0.179
"Lynch IV, Daniel",KC,328,86.8,81.6,2237.0,3748,0.088
"Lynn, Lance",FF,2334,98.2,92.4,2437.0,5175,0.451
"Lynn, Lance",FC,1165,88.5,88.5,2603.0,5175,0.225
"Lynn, Lance",SI,739,80.7,91.2,2314.0,5175,0.143
"Lynn, Lance",CU,567,80.3,81.6,2496.0,5175,0.11
"Lynn, Lance",CH,344,88.4,84.9,1788.0,5175,0.066
"Lynn, Lance",ST,26,72.6,82.0,2694.0,5175,0.005
"López, Jorge",SI,725,90.9,96.0,1978.0,2136,0.339
"López, Jorge",FF,405,91.4,95.9,2026.0,2136,0.19
"López, Jorge",SL,386,95.4,87.2,2351.0,2136,0.181
"López, Jorge",KC,377,88.0,83.3,2477.0,2136,0.176
"López, Jorge",CH,243,87.6,88.1,1706.0,2136,0.114
"López, Pablo",FF,2763,98.2,94.9,2220.0,7253,0.381
"López, Pablo",ST,1567,101.2,84.5,2463.0,7253,0.216
"López, Pablo",CH,1496,100.6,88.2,2035.0,7253,0.206
"López, Pablo",CU,793,97.5,82.5,2644.0,7253,0.109
"López, Pablo",SI,634,96.5,94.4,2101.0,7253,0.087
"López, Reynaldo",FF,2711,99.9,95.9,2103.0,4759,0.57
"López, Reynaldo",SL,1423,86.3,85.5,2345.0,4759,0.299
"López, Reynaldo",CU,415,88.7,76.1,2375.0,4759,0.087
"López, Reynaldo",CH,205,91.0,86.4,1609.0,4759,0.043
"Machado, Andrés",FF,231,94.1,96.6,2119.0,768,0.301
"Machado, Andrés",SI,222,93.6,96.0,2110.0,768,0.289
"Machado, Andrés",CH,213,93.1,89.7,1715.0,768,0.277
"Machado, Andrés",SL,102,98.8,88.4,2010.0,768,0.133
"Maciejewski, Josh",CH,44,85.9,81.3,1966.0,96,0.458
"Maciejewski, Josh",SI,32,87.0,89.9,2094.0,96,0.333
"Macko, Adam",SL,231,97.1,85.2,2524.0,577,0.4
"Macko, Adam",FF,230,93.3,94.6,2286.0,577,0.399
"Macko, Adam",CH,84,87.9,84.5,1485.0,577,0.146
"Macko, Adam",KC,32,62.1,78.8,2855.0,577,0.055
"Madden, Ty",FF,402,91.9,93.8,2299.0,1122,0.358
"Madden, Ty",SL,227,80.6,84.0,2609.0,1122,0.202
"Madden, Ty",FC,212,88.6,87.8,2499.0,1122,0.189
"Madden, Ty",FS,162,87.2,85.3,1428.0,1122,0.144
"Madden, Ty",SI,97,79.2,92.4,2235.0,1122,0.086
"Madden, Ty",KC,22,83.5,79.4,2541.0,1122,0.02
"Maeda, Kenta",FS,1212,96.8,84.0,1385.0,3822,0.317
"Maeda, Kenta",FF,931,87.0,90.9,2276.0,3822,0.244
"Maeda, Kenta",SL,847,81.7,82.1,2573.0,3822,0.222
"Maeda, Kenta",ST,435,89.4,80.3,2628.0,3822,0.114
"Maeda, Kenta",SI,270,84.1,90.3,2266.0,3822,0.071
"Maeda, Kenta",CU,93,89.0,76.4,2752.0,3822,0.024
"Maeda, Kenta",FC,34,81.2,84.8,2443.0,3822,0.009
"Mahle, Tyler",FF,2125,96.4,92.5,2318.0,4325,0.491
"Mahle, Tyler",FS,1209,97.0,85.4,1707.0,4325,0.28
"Mahle, Tyler",FC,539,90.0,87.0,2438.0,4325,0.125
"Mahle, Tyler",SL,435,82.8,84.2,2447.0,4325,0.101
"Maldonado, Anthony",SL,251,81.9,84.8,2647.0,426,0.589
"Maldonado, Anthony",FF,161,88.5,92.9,2358.0,426,0.378
"Manaea, Sean",FF,2774,95.2,91.9,2040.0,8415,0.33
"Manaea, Sean",SI,2039,87.1,92.4,2041.0,8415,0.242
"Manaea, Sean",ST,1895,88.6,77.2,2225.0,8415,0.225
"Manaea, Sean",CH,843,82.6,85.6,1510.0,8415,0.1
"Manaea, Sean",SL,473,79.5,84.7,2059.0,8415,0.056
"Manaea, Sean",FC,391,85.5,86.6,2086.0,8415,0.046
"Manfredi, Mark",FF,163,93.9,94.2,2432.0,270,0.604
"Manfredi, Mark",SL,73,96.0,85.4,2323.0,270,0.27
"Manning, Matt",FF,772,97.6,93.5,2162.0,1617,0.477
"Manning, Matt",ST,520,97.4,82.6,2275.0,1617,0.322
"Manning, Matt",CU,247,88.4,79.9,2254.0,1617,0.153
"Manning, Matt",CH,42,82.7,87.7,1442.0,1617,0.026
"Manoah, Alek",SL,645,63.4,80.7,2162.0,2218,0.291
"Manoah, Alek",SI,633,81.1,92.4,2216.0,2218,0.285
"Manoah, Alek",FF,605,93.8,92.8,2354.0,2218,0.273
"Manoah, Alek",CH,335,89.7,86.1,2047.0,2218,0.151
"Mantiply, Joe",SI,861,92.2,88.9,2183.0,2028,0.425
"Mantiply, Joe",CU,564,93.5,79.6,2451.0,2028,0.278
"Mantiply, Joe",CH,516,92.7,81.1,1654.0,2028,0.254
"Mantiply, Joe",FF,87,90.1,89.6,2207.0,2028,0.043
"Marinaccio, Ron",FF,1172,94.9,93.8,2228.0,2468,0.475
"Marinaccio, Ron",CH,777,82.3,82.4,2095.0,2468,0.315
"Marinaccio, Ron",ST,270,85.6,81.5,2385.0,2468,0.109
"Marinaccio, Ron",FC,247,94.9,86.6,2211.0,2468,0.1
"Marsh, Alec",FF,1299,90.8,94.2,2484.0,3500,0.371
"Marsh, Alec",CU,554,85.8,82.2,2507.0,3500,0.158
"Marsh, Alec",SL,517,91.4,86.8,2445.0,3500,0.148
"Marsh, Alec",CH,416,91.1,86.6,1742.0,3500,0.119
"Marsh, Alec",SI,394,89.7,93.8,2385.0,3500,0.113
"Marsh, Alec",ST,320,95.9,85.6,2478.0,3500,0.091
"Marte, José",SI,133,80.9,95.9,2091.0,484,0.275
"Marte, José",FF,125,91.7,96.0,2272.0,484,0.258
"Marte, José",SL,121,90.5,85.2,2629.0,484,0.25
"Marte, José",CH,70,87.8,91.8,1860.0,484,0.145
"Marte, José",FC,35,85.0,89.4,2369.0,484,0.072
"Marte, Yunior",SL,652,92.5,86.1,2549.0,1512,0.431
"Marte, Yunior",SI,528,92.3,97.1,2363.0,1512,0.349
"Marte, Yunior",FF,257,83.7,95.2,2089.0,1512,0.17
"Marte, Yunior",FS,70,74.0,85.9,1528.0,1512,0.046
"Martin, Chris",FC,881,100.8,91.8,2211.0,2256,0.391
"Martin, Chris",FF,703,92.3,95.1,2194.0,2256,0.312
"Martin, Chris",FS,298,82.1,88.3,1529.0,2256,0.132
"Martin, Chris",SI,292,100.3,94.4,2131.0,2256,0.129
"Martin, Chris",ST,58,91.4,84.8,2476.0,2256,0.026
"Martin, Corbin",FF,203,96.3,95.6,2483.0,443,0.458
"Martin, Corbin",SL,111,75.7,91.7,2454.0,443,0.251
"Martin, Corbin",CU,94,99.6,86.5,2587.0,443,0.212
"Martin, Davis",FF,1607,91.8,93.9,2406.0,5435,0.296
"Martin, Davis",CH,1063,96.9,90.0,2070.0,5435,0.196
"Martin, Davis",SL,947,90.4,87.9,2588.0,5435,0.174
"Martin, Davis",SI,655,89.9,92.8,2390.0,5435,0.121
"Martin, Davis",CU,502,84.5,80.6,2821.0,5435,0.092
"Martin, Davis",ST,337,92.6,83.5,2753.0,5435,0.062
"Martin, Davis",FC,324,95.6,89.7,2574.0,5435,0.06
"Martin, Riley",FF,64,101.6,94.5,2408.0,117,0.547
"Martin, Riley",CU,35,99.5,85.5,2541.0,117,0.299
"Martin, Trevor",FF,104,98.6,94.9,2270.0,229,0.454
"Martin, Trevor",FC,53,90.4,88.8,2078.0,229,0.231
"Martin, Trevor",FS,47,91.6,86.9,1017.0,229,0.205
"Martinez, Adrián",FF,547,80.4,93.8,2110.0,943,0.58
"Martinez, Adrián",CH,221,96.8,82.7,2287.0,943,0.234
"Martinez, Adrián",SL,164,71.4,83.2,1950.0,943,0.174
"Martinez, Justin",SI,681,98.8,100.2,2088.0,1875,0.363
"Martinez, Justin",FS,437,98.4,89.3,802.0,1875,0.233
"Martinez, Justin",FF,424,88.4,100.6,2250.0,1875,0.226
"Martinez, Justin",SL,333,89.7,90.0,2349.0,1875,0.178
"Martinez, Nick",CH,2111,107.4,79.3,1985.0,8913,0.237
"Martinez, Nick",SI,1969,95.4,92.4,2313.0,8913,0.221
"Martinez, Nick",FC,1797,100.0,89.2,2353.0,8913,0.202
"Martinez, Nick",FF,1569,96.3,92.7,2323.0,8913,0.176
"Martinez, Nick",CU,974,99.6,80.8,2571.0,8913,0.109
"Martinez, Nick",SL,493,86.2,85.0,2425.0,8913,0.055
"Martinez, Seth",FF,605,90.2,90.9,2141.0,1711,0.354
"Martinez, Seth",ST,511,98.3,79.1,2439.0,1711,0.299
"Martinez, Seth",SI,316,92.0,89.9,2041.0,1711,0.185
"Martinez, Seth",CH,259,87.6,85.3,1636.0,1711,0.151
"Martinez, Seth",FC,20,84.4,84.8,2379.0,1711,0.012
"Mathews, Quinn",FF,304,95.6,93.4,2245.0,785,0.387
"Mathews, Quinn",SL,178,96.8,84.8,2345.0,785,0.227
"Mathews, Quinn",CH,130,93.4,83.0,1349.0,785,0.166
"Mathews, Quinn",CU,105,96.1,75.7,2449.0,785,0.134
"Mathews, Quinn",SI,68,78.2,92.8,2241.0,785,0.087
"Maton, Phil",FC,1270,94.1,89.5,2564.0,3638,0.349
"Maton, Phil",CU,1262,110.1,74.9,3161.0,3638,0.347
"Maton, Phil",ST,697,104.0,81.3,2692.0,3638,0.192
"Maton, Phil",SI,366,85.0,89.0,2308.0,3638,0.101
"Maton, Phil",SL,43,94.5,85.5,2734.0,3638,0.012
"Matsui, Yuki",FF,1242,95.7,92.1,2443.0,3154,0.394
"Matsui, Yuki",FS,875,97.5,84.6,1255.0,3154,0.277
"Matsui, Yuki",SL,773,100.2,85.7,2704.0,3154,0.245
"Matsui, Yuki",ST,207,86.8,81.2,2859.0,3154,0.066
"Matsui, Yuki",SI,47,80.4,91.1,2165.0,3154,0.015
"Matthews, Zebby",FF,1620,99.3,95.5,2294.0,4186,0.387
"Matthews, Zebby",SL,1011,91.4,87.6,2392.0,4186,0.242
"Matthews, Zebby",FC,554,97.8,91.1,2473.0,4186,0.132
"Matthews, Zebby",CH,480,88.6,86.9,1515.0,4186,0.115
"Matthews, Zebby",CU,364,82.8,80.7,2374.0,4186,0.087
"Matthews, Zebby",SI,157,97.3,95.4,2318.0,4186,0.038
"Mattson, Isaac",FF,1175,94.9,94.0,2363.0,1581,0.743
"Mattson, Isaac",CH,184,91.2,85.9,1530.0,1581,0.116
"Mattson, Isaac",SL,160,83.7,84.7,2152.0,1581,0.101
"Mattson, Isaac",ST,53,80.9,83.0,2326.0,1581,0.034
"Matz, Steven",SI,2803,84.8,94.1,2219.0,5037,0.556
"Matz, Steven",CH,1275,98.0,83.6,2340.0,5037,0.253
"Matz, Steven",CU,746,91.8,78.8,2274.0,5037,0.148
"Matz, Steven",SL,209,88.1,85.4,2225.0,5037,0.041
"Matzek, Tyler",FF,193,94.3,93.9,2414.0,306,0.631
"Matzek, Tyler",SL,100,102.1,83.7,2709.0,306,0.327
"Mautz, Brycen",FF,102,90.8,93.4,2239.0,260,0.392
"Mautz, Brycen",SL,69,78.1,83.5,2505.0,260,0.265
"Mautz, Brycen",CU,51,75.5,78.2,2357.0,260,0.196
"Mautz, Brycen",SI,36,84.9,93.1,2309.0,260,0.138
"Maxwell, Zach",FF,264,100.8,99.1,2488.0,454,0.581
"Maxwell, Zach",FC,96,87.7,93.4,2293.0,454,0.211
"Maxwell, Zach",ST,94,87.4,87.0,2729.0,454,0.207
"May, Dustin",SI,1442,93.0,95.6,2389.0,5228,0.276
"May, Dustin",ST,1325,100.8,85.5,3182.0,5228,0.253
"May, Dustin",FF,1129,99.0,96.5,2336.0,5228,0.216
"May, Dustin",FC,871,99.1,92.8,2470.0,5228,0.167
"May, Dustin",CH,194,84.4,90.2,1632.0,5228,0.037
"May, Dustin",CU,173,97.9,83.5,3108.0,5228,0.033
"May, Dustin",SL,94,101.5,86.8,2974.0,5228,0.018
"May, Trevor",FF,329,95.8,94.7,2269.0,775,0.425
"May, Trevor",SL,201,87.7,84.4,2451.0,775,0.259
"May, Trevor",CH,172,97.8,87.8,1648.0,775,0.222
"May, Trevor",ST,73,89.0,81.5,2527.0,775,0.094
"Mayers, Mike",FF,142,93.6,92.9,2283.0,454,0.313
"Mayers, Mike",SL,141,82.8,83.9,2162.0,454,0.311
"Mayers, Mike",SI,51,89.8,91.8,2087.0,454,0.112
"Mayers, Mike",CH,46,97.4,85.9,1568.0,454,0.101
"Mayers, Mike",FC,42,98.6,88.5,2271.0,454,0.093
"Mayers, Mike",CU,29,87.4,75.9,2419.0,454,0.064
"Mayza, Tim",SI,1909,92.6,93.4,2058.0,2846,0.671
"Mayza, Tim",SL,767,94.7,87.0,2242.0,2846,0.27
"Mayza, Tim",FF,128,89.4,94.4,2046.0,2846,0.045
"Mayza, Tim",FS,23,63.8,91.4,1589.0,2846,0.008
"Mazur, Adam",FF,348,90.3,94.7,2187.0,1073,0.324
"Mazur, Adam",SL,336,99.5,86.9,2432.0,1073,0.313
"Mazur, Adam",CU,127,93.8,81.4,2472.0,1073,0.118
"Mazur, Adam",CH,101,81.8,89.7,1579.0,1073,0.094
"Mazur, Adam",SI,100,87.4,94.2,2233.0,1073,0.093
"Mazur, Adam",ST,61,95.9,83.5,2608.0,1073,0.057
"McAllister, Zach",FF,65,86.7,91.7,2253.0,123,0.528
"McAllister, Zach",FC,35,85.3,87.5,2210.0,123,0.285
"McArthur, James",SI,439,88.5,94.8,2270.0,1241,0.354
"McArthur, James",CU,435,95.7,83.3,2806.0,1241,0.351
"McArthur, James",SL,277,90.3,87.3,2265.0,1241,0.223
"McArthur, James",FF,88,92.3,94.6,2392.0,1241,0.071
"McCambley, Zach",FC,80,103.3,88.4,2655.0,189,0.423
"McCambley, Zach",FF,65,93.4,93.9,2506.0,189,0.344
"McCambley, Zach",ST,42,97.5,83.7,2787.0,189,0.222
"McCaughan, Darren",ST,366,92.0,81.8,2554.0,910,0.402
"McCaughan, Darren",SI,277,84.5,89.1,2096.0,910,0.304
"McCaughan, Darren",FF,164,93.8,89.4,2168.0,910,0.18
"McCaughan, Darren",CH,102,77.7,81.0,1356.0,910,0.112
"McClanahan, Shane",FF,1463,96.5,96.2,2232.0,3646,0.401
"McClanahan, Shane",CH,985,99.0,86.9,1576.0,3646,0.27
"McClanahan, Shane",SL,612,108.5,88.7,2312.0,3646,0.168
"McClanahan, Shane",CU,585,102.9,82.9,2519.0,3646,0.16
"McCullers Jr., Lance",ST,503,101.1,82.7,2832.0,1939,0.259
"McCullers Jr., Lance",SI,457,79.6,91.4,2173.0,1939,0.236
"McCullers Jr., Lance",CH,313,91.6,86.2,1800.0,1939,0.161
"McCullers Jr., Lance",KC,304,96.6,82.0,2926.0,1939,0.157
"McCullers Jr., Lance",FC,271,94.2,89.0,2369.0,1939,0.14
"McCullers Jr., Lance",FF,91,83.4,91.8,2243.0,1939,0.047
"McDaniels, Garrett",SL,100,87.8,85.0,2458.0,191,0.524
"McDaniels, Garrett",SI,79,85.2,92.2,2263.0,191,0.414
"McDermott, Chayce",FF,203,89.7,94.1,2191.0,432,0.47
"McDermott, Chayce",SL,95,81.4,84.0,2591.0,432,0.22
"McDermott, Chayce",FC,81,88.3,88.8,2530.0,432,0.188
"McDonald, Trevor",SI,754,92.8,93.3,2273.0,1386,0.544
"McDonald, Trevor",SL,417,86.8,85.8,2727.0,1386,0.301
"McDonald, Trevor",CH,183,82.9,83.9,1630.0,1386,0.132
"McDonald, Trevor",FC,20,72.4,89.7,2482.0,1386,0.014
"McDougal, Tanner",FF,20,82.1,98.1,2453.0,25,0.8
"McFarland, T.J.",SI,575,78.2,88.0,1957.0,1159,0.496
"McFarland, T.J.",ST,437,93.7,78.2,2383.0,1159,0.377
"McFarland, T.J.",CH,143,84.1,81.3,1734.0,1159,0.123
"McFarlane, Alex",FF,106,107.4,99.7,2564.0,263,0.403
"McFarlane, Alex",SI,72,99.7,99.3,2511.0,263,0.274
"McFarlane, Alex",SL,52,108.2,87.1,2812.0,263,0.198
"McFarlane, Alex",ST,33,90.4,86.5,2886.0,263,0.125
"McGee, Easton",SI,123,95.3,93.0,2329.0,471,0.261
"McGee, Easton",CU,122,89.7,79.7,2276.0,471,0.259
"McGee, Easton",FF,99,101.2,92.2,2471.0,471,0.21
"McGee, Easton",FC,62,99.3,87.5,2388.0,471,0.132
"McGee, Easton",ST,43,83.0,82.3,2274.0,471,0.091
"McGough, Scott",FF,1024,92.2,93.2,2345.0,2098,0.488
"McGough, Scott",FS,766,91.7,85.4,1217.0,2098,0.365
"McGough, Scott",SL,265,90.4,86.7,2581.0,2098,0.126
"McGough, Scott",SI,43,82.4,93.2,2351.0,2098,0.02
"McGreevy, Michael",FF,1092,89.8,92.3,2235.0,4456,0.245
"McGreevy, Michael",SI,880,88.1,91.3,2188.0,4456,0.197
"McGreevy, Michael",CH,714,95.5,87.2,1718.0,4456,0.16
"McGreevy, Michael",ST,641,93.3,82.9,2461.0,4456,0.144
"McGreevy, Michael",CU,535,90.9,78.9,2529.0,4456,0.12
"McGreevy, Michael",FC,479,89.0,88.0,2308.0,4456,0.107
"McGreevy, Michael",SL,115,82.9,83.6,2394.0,4456,0.026
"McHugh, Collin",ST,487,83.8,79.9,2759.0,1013,0.481
"McHugh, Collin",FC,463,95.7,89.0,2493.0,1013,0.457
"McHugh, Collin",FF,40,95.8,91.3,2301.0,1013,0.039
"McKenzie, Triston",FF,971,88.4,91.6,2246.0,1722,0.564
"McKenzie, Triston",CU,411,76.9,77.9,2215.0,1722,0.239
"McKenzie, Triston",SL,340,74.6,85.3,2168.0,1722,0.197
"McLean, Nolan",SI,1218,94.3,95.0,2217.0,3648,0.334
"McLean, Nolan",FF,662,94.7,96.0,2341.0,3648,0.181
"McLean, Nolan",CU,537,113.2,81.6,3344.0,3648,0.147
"McLean, Nolan",ST,502,82.7,85.1,2982.0,3648,0.138
"McLean, Nolan",FC,369,80.8,91.9,2550.0,3648,0.101
"McLean, Nolan",CH,245,80.4,87.8,1357.0,3648,0.067
"McLean, Nolan",SL,115,89.5,85.9,2962.0,3648,0.032
"McMillon, John",SL,141,91.2,85.6,2243.0,235,0.6
"McMillon, John",FF,93,84.4,96.2,2257.0,235,0.396
"Means, John",FF,262,96.3,91.1,2397.0,658,0.398
"Means, John",CH,204,109.7,81.4,2141.0,658,0.31
"Means, John",SL,125,104.8,84.8,2264.0,658,0.19
"Means, John",KC,67,103.6,76.6,2225.0,658,0.102
"Mears, Nick",FF,1411,98.3,96.0,2282.0,2572,0.549
"Mears, Nick",SL,746,109.4,86.2,2518.0,2572,0.29
"Mears, Nick",CU,336,99.3,81.3,2524.0,2572,0.131
"Mears, Nick",SI,41,94.5,93.8,2201.0,2572,0.016
"Mears, Nick",CH,38,102.0,84.8,1563.0,2572,0.015
"Mederos, Victor",FC,358,94.1,91.2,2512.0,1035,0.346
"Mederos, Victor",SI,283,89.2,95.4,2378.0,1035,0.273
"Mederos, Victor",FF,172,92.5,97.2,2409.0,1035,0.166
"Mederos, Victor",ST,85,87.7,82.3,2496.0,1035,0.082
"Mederos, Victor",FS,58,64.3,91.9,1522.0,1035,0.056
"Mederos, Victor",CH,38,78.0,90.5,1737.0,1035,0.037
"Mederos, Victor",CU,28,80.6,82.5,2447.0,1035,0.027
"Medina, Luis",FF,1447,90.8,96.4,2354.0,3854,0.375
"Medina, Luis",SL,827,83.8,85.7,2352.0,3854,0.215
"Medina, Luis",SI,701,92.3,96.4,2387.0,3854,0.182
"Medina, Luis",CU,471,84.7,80.5,2483.0,3854,0.122
"Medina, Luis",CH,408,89.3,89.0,1564.0,3854,0.106
"Megill, Trevor",FF,1919,103.7,98.7,2460.0,2880,0.666
"Megill, Trevor",KC,959,112.3,87.4,2779.0,2880,0.333
"Megill, Tylor",FF,2372,92.6,95.2,2186.0,4726,0.502
"Megill, Tylor",SL,882,85.8,84.4,2334.0,4726,0.187
"Megill, Tylor",CH,422,91.0,87.9,1578.0,4726,0.089
"Megill, Tylor",CU,377,89.7,78.1,2376.0,4726,0.08
"Megill, Tylor",SI,357,90.5,94.1,2169.0,4726,0.076
"Megill, Tylor",FC,171,90.1,90.1,2144.0,4726,0.036
"Megill, Tylor",FS,111,91.8,84.9,768.0,4726,0.023
"Megill, Tylor",ST,34,71.3,81.5,2523.0,4726,0.007
"Mejia, Juan",FF,1406,92.9,96.8,2524.0,2347,0.599
"Mejia, Juan",ST,829,92.0,83.6,2859.0,2347,0.353
"Mejia, Juan",SI,60,79.8,96.0,2490.0,2347,0.026
"Mejia, Juan",CH,28,84.3,93.2,2057.0,2347,0.012
"Mejia, Juan",SL,24,96.4,87.9,2860.0,2347,0.01
"Mejía, J.C.",SI,116,87.0,95.8,2093.0,214,0.542
"Mejía, J.C.",SL,92,88.4,85.3,2538.0,214,0.43
"Melton, Troy",FF,861,99.0,96.6,2259.0,2429,0.354
"Melton, Troy",SL,457,97.0,86.5,2426.0,2429,0.188
"Melton, Troy",FC,452,101.2,91.9,2336.0,2429,0.186
"Melton, Troy",SI,231,94.3,95.7,2131.0,2429,0.095
"Melton, Troy",CU,175,100.0,79.3,2465.0,2429,0.072
"Melton, Troy",FS,151,96.1,88.6,1287.0,2429,0.062
"Melton, Troy",CH,102,91.6,89.7,1316.0,2429,0.042
"Mena, Cristian",FF,56,89.6,95.3,2406.0,170,0.329
"Mena, Cristian",CU,55,110.4,87.8,2565.0,170,0.324
"Mena, Cristian",CH,23,91.6,91.9,2084.0,170,0.135
"Mercado, Michael",FF,169,93.1,95.8,2310.0,344,0.491
"Mercado, Michael",FC,87,83.9,88.1,2163.0,344,0.253
"Mercado, Michael",CU,71,92.4,83.1,2443.0,344,0.206
"Merryweather, Julian",SL,883,100.4,86.3,2279.0,1819,0.485
"Merryweather, Julian",FF,771,96.5,97.3,2298.0,1819,0.424
"Merryweather, Julian",CH,126,93.7,80.7,1358.0,1819,0.069
"Merryweather, Julian",ST,38,92.2,83.8,2251.0,1819,0.021
"Messick, Parker",FF,1423,97.3,94.1,2173.0,3499,0.407
"Messick, Parker",CH,822,100.4,85.7,1859.0,3499,0.235
"Messick, Parker",SI,515,89.6,92.6,2061.0,3499,0.147
"Messick, Parker",CU,325,95.6,78.7,2281.0,3499,0.093
"Messick, Parker",SL,275,107.9,86.8,2387.0,3499,0.079
"Messick, Parker",FC,139,78.4,90.6,2155.0,3499,0.04
"Mey, Luis",SI,667,87.9,98.4,2276.0,1039,0.642
"Mey, Luis",SL,338,89.2,85.6,2363.0,1039,0.325
"Mey, Luis",FF,34,87.4,97.6,2330.0,1039,0.033
"Meyer, Max",SL,1222,103.6,89.4,2636.0,3781,0.323
"Meyer, Max",FF,1039,91.4,94.7,2508.0,3781,0.275
"Meyer, Max",ST,656,108.0,88.6,2739.0,3781,0.173
"Meyer, Max",CH,536,93.0,87.7,1691.0,3781,0.142
"Meyer, Max",SI,328,89.2,93.8,2462.0,3781,0.087
"Middleton, Keynan",CH,367,97.8,87.7,1873.0,855,0.429
"Middleton, Keynan",SL,263,91.8,85.8,2405.0,855,0.308
"Middleton, Keynan",FF,225,96.3,95.5,2392.0,855,0.263
"Mikolas, Miles",FF,2721,84.2,93.2,2247.0,10164,0.268
"Mikolas, Miles",SL,2431,87.9,87.0,2300.0,10164,0.239
"Mikolas, Miles",SI,2257,85.8,92.6,2158.0,10164,0.222
"Mikolas, Miles",CU,1645,86.1,76.2,2528.0,10164,0.162
"Mikolas, Miles",CH,831,92.0,85.4,1644.0,10164,0.082
"Mikolas, Miles",ST,279,87.5,81.2,2409.0,10164,0.027
"Miles, Spencer",SI,662,102.0,96.3,2279.0,1474,0.449
"Miles, Spencer",CU,358,96.5,80.8,2859.0,1474,0.243
"Miles, Spencer",SL,240,99.1,87.3,2536.0,1474,0.163
"Miles, Spencer",FF,212,91.7,96.0,2228.0,1474,0.144
"Miley, Wade",FC,944,93.6,87.1,2234.0,2194,0.43
"Miley, Wade",CH,533,98.1,83.7,1821.0,2194,0.243
"Miley, Wade",FF,432,85.8,90.6,2194.0,2194,0.197
"Miley, Wade",SI,136,87.6,90.7,2145.0,2194,0.062
"Miley, Wade",SL,94,74.8,79.2,2360.0,2194,0.043
"Miley, Wade",CU,45,91.0,75.9,2441.0,2194,0.021
"Miller, Bobby",FF,948,99.4,98.4,2324.0,3225,0.294
"Miller, Bobby",SI,643,100.6,98.3,2286.0,3225,0.199
"Miller, Bobby",CU,633,103.8,80.2,2759.0,3225,0.196
"Miller, Bobby",CH,544,93.6,87.4,2269.0,3225,0.169
"Miller, Bobby",SL,443,103.5,89.5,2479.0,3225,0.137
"Miller, Bryce",FF,3716,102.0,95.2,2530.0,8170,0.455
"Miller, Bryce",FS,1189,98.9,84.4,1007.0,8170,0.146
"Miller, Bryce",SI,1034,97.3,94.8,2433.0,8170,0.127
"Miller, Bryce",SL,944,94.1,86.7,2477.0,8170,0.116
"Miller, Bryce",ST,605,90.6,82.4,2274.0,8170,0.074
"Miller, Bryce",KC,363,88.4,83.9,2352.0,8170,0.044
"Miller, Bryce",FC,191,96.1,91.5,2578.0,8170,0.023
"Miller, Bryce",CH,110,94.6,85.0,2055.0,8170,0.013
"Miller, Erik",FF,841,94.2,96.9,2284.0,2686,0.313
"Miller, Erik",CH,584,101.6,86.0,1820.0,2686,0.217
"Miller, Erik",SI,558,109.0,96.8,2340.0,2686,0.208
"Miller, Erik",SL,501,111.5,85.7,2572.0,2686,0.187
"Miller, Erik",ST,202,93.6,83.3,2643.0,2686,0.075
"Miller, Mason",FF,2028,105.7,100.7,2499.0,3710,0.547
"Miller, Mason",SL,1500,107.4,87.6,2359.0,3710,0.404
"Miller, Mason",CH,106,76.8,92.9,2013.0,3710,0.029
"Miller, Mason",FC,73,82.4,94.3,2384.0,3710,0.02
"Miller, Ryan",FF,93,91.8,93.6,2146.0,219,0.425
"Miller, Ryan",SL,89,79.8,86.3,2382.0,219,0.406
"Miller, Ryan",ST,37,83.1,79.8,2342.0,219,0.169
"Miller, Shelby",FF,1328,98.8,94.0,2396.0,2206,0.602
"Miller, Shelby",FS,533,93.6,86.4,1790.0,2206,0.242
"Miller, Shelby",SL,181,92.5,88.4,2288.0,2206,0.082
"Miller, Shelby",ST,163,92.1,82.6,2505.0,2206,0.074
"Miller, Tyson",FF,561,103.8,89.9,2179.0,1144,0.49
"Miller, Tyson",ST,408,102.3,80.2,2513.0,1144,0.357
"Miller, Tyson",CU,61,69.5,79.5,2608.0,1144,0.053
"Miller, Tyson",SI,54,92.0,90.4,2128.0,1144,0.047
"Miller, Tyson",SL,31,67.8,82.0,2541.0,1144,0.027
"Miller, Tyson",CH,29,48.7,85.9,2029.0,1144,0.025
"Mills, Wyatt",SL,44,51.3,83.0,2350.0,149,0.295
"Mills, Wyatt",FF,42,54.0,90.5,1994.0,149,0.282
"Mills, Wyatt",SI,40,81.8,90.1,1910.0,149,0.268
"Mills, Wyatt",ST,23,83.2,81.0,2495.0,149,0.154
"Milner, Hoby",SI,1278,82.9,87.8,1947.0,3809,0.336
"Milner, Hoby",ST,1249,111.6,78.9,1862.0,3809,0.328
"Milner, Hoby",FF,657,101.7,88.4,1993.0,3809,0.172
"Milner, Hoby",CH,625,84.9,81.0,1648.0,3809,0.164
"Milone, Tommy",CH,71,103.4,79.0,1710.0,163,0.436
"Milone, Tommy",FF,61,82.1,86.6,2238.0,163,0.374
"Milone, Tommy",SL,31,97.8,76.9,2372.0,163,0.19
"Minter, A.J.",FC,1045,104.2,89.3,2548.0,2423,0.431
"Minter, A.J.",FF,1009,100.1,95.0,2435.0,2423,0.416
"Minter, A.J.",CH,339,75.9,86.6,1637.0,2423,0.14
"Minter, A.J.",SI,30,91.2,93.4,2465.0,2423,0.012
"Misiewicz, Anthony",FC,183,91.8,87.9,2369.0,385,0.475
"Misiewicz, Anthony",CU,90,88.2,78.6,2845.0,385,0.234
"Misiewicz, Anthony",FF,74,87.1,92.9,2147.0,385,0.192
"Misiewicz, Anthony",CH,23,75.1,86.6,1875.0,385,0.06
"Misiorowski, Jacob",FF,2272,108.2,100.2,2622.0,3740,0.607
"Misiorowski, Jacob",SL,576,93.3,92.9,2498.0,3740,0.154
"Misiorowski, Jacob",CU,425,103.3,87.7,2324.0,3740,0.114
"Misiorowski, Jacob",FC,367,122.1,95.8,2581.0,3740,0.098
"Misiorowski, Jacob",CH,97,86.9,92.3,2096.0,3740,0.026
"Mize, Casey",FF,2174,93.7,94.5,2254.0,5735,0.379
"Mize, Casey",SL,1405,91.1,87.1,2222.0,5735,0.245
"Mize, Casey",FS,1370,94.0,87.7,1425.0,5735,0.239
"Mize, Casey",SI,637,94.7,94.6,2228.0,5735,0.111
"Mize, Casey",KC,134,84.9,79.6,2123.0,5735,0.023
"Mlodzinski, Carmen",FF,1767,90.3,95.7,2170.0,5107,0.346
"Mlodzinski, Carmen",FS,750,98.4,86.3,1699.0,5107,0.147
"Mlodzinski, Carmen",ST,637,86.6,84.0,2570.0,5107,0.125
"Mlodzinski, Carmen",SI,608,91.6,95.0,2076.0,5107,0.119
"Mlodzinski, Carmen",SL,533,92.6,88.4,2498.0,5107,0.104
"Mlodzinski, Carmen",CU,369,97.6,84.2,2616.0,5107,0.072
"Mlodzinski, Carmen",FC,350,95.5,92.3,2422.0,5107,0.069
"Mlodzinski, Carmen",CH,93,95.3,89.4,1937.0,5107,0.018
"Molina, Anthony",FF,1009,87.9,95.4,2153.0,2129,0.474
"Molina, Anthony",CH,455,95.4,86.2,1886.0,2129,0.214
"Molina, Anthony",SL,358,92.2,88.1,2031.0,2129,0.168
"Molina, Anthony",CU,247,100.0,83.6,2252.0,2129,0.116
"Molina, Anthony",FC,30,88.2,91.0,2044.0,2129,0.014
"Molina, Anthony",SI,30,78.1,94.9,1999.0,2129,0.014
"Moll, Sam",ST,1064,104.6,81.4,2946.0,3034,0.351
"Moll, Sam",SI,998,90.7,92.2,2395.0,3034,0.329
"Moll, Sam",FF,697,93.5,93.3,2581.0,3034,0.23
"Moll, Sam",CH,275,82.9,85.0,1686.0,3034,0.091
"Montas, Frankie",FF,1050,93.6,95.6,2382.0,3367,0.312
"Montas, Frankie",SI,641,92.3,94.8,2252.0,3367,0.19
"Montas, Frankie",FS,637,94.5,86.1,1533.0,3367,0.189
"Montas, Frankie",FC,572,90.8,90.5,2417.0,3367,0.17
"Montas, Frankie",SL,264,90.8,86.2,2527.0,3367,0.078
"Montas, Frankie",ST,203,99.3,84.8,2464.0,3367,0.06
"Montero, Keider",FF,1777,95.2,94.3,2206.0,5303,0.335
"Montero, Keider",SL,1211,91.9,84.6,2681.0,5303,0.228
"Montero, Keider",SI,941,92.5,94.3,2218.0,5303,0.177
"Montero, Keider",KC,709,85.6,79.5,2901.0,5303,0.134
"Montero, Keider",CH,664,87.7,86.7,1926.0,5303,0.125
"Montero, Rafael",FF,1368,98.3,95.6,2379.0,3022,0.453
"Montero, Rafael",FS,511,96.5,87.9,1618.0,3022,0.169
"Montero, Rafael",CH,436,95.4,91.3,2069.0,3022,0.144
"Montero, Rafael",SI,399,86.4,95.1,2253.0,3022,0.132
"Montero, Rafael",SL,308,93.1,87.1,2354.0,3022,0.102
"Monteverde, Patrick",FC,50,100.9,86.2,2215.0,151,0.331
"Monteverde, Patrick",CU,26,86.1,77.3,2510.0,151,0.172
"Monteverde, Patrick",SI,22,87.0,89.6,1969.0,151,0.146
"Monteverde, Patrick",FF,20,82.1,90.2,2101.0,151,0.132
"Montgomery, Jordan",SI,1973,83.7,92.6,2177.0,5196,0.38
"Montgomery, Jordan",CU,1297,96.7,79.8,2331.0,5196,0.25
"Montgomery, Jordan",CH,1085,93.0,83.3,1645.0,5196,0.209
"Montgomery, Jordan",FF,706,88.7,92.5,2318.0,5196,0.136
"Montgomery, Jordan",SL,103,92.7,83.6,2363.0,5196,0.02
"Montgomery, Jordan",FC,32,71.3,88.2,2373.0,5196,0.006
"Montgomery, Mason",FF,1212,104.1,98.5,2274.0,2134,0.568
"Montgomery, Mason",SL,493,106.2,89.6,2590.0,2134,0.231
"Montgomery, Mason",SI,254,99.1,98.7,2210.0,2134,0.119
"Montgomery, Mason",CU,152,91.8,86.5,2688.0,2134,0.071
"Montgomery, Mason",CH,23,73.4,89.8,1663.0,2134,0.011
"Moore, Matt",FF,823,95.7,93.3,2285.0,1678,0.49
"Moore, Matt",CH,529,109.0,83.5,1970.0,1678,0.315
"Moore, Matt",KC,319,94.5,83.2,2285.0,1678,0.19
"Moore, McKinley",FF,48,90.1,97.2,2217.0,86,0.558
"Moore, McKinley",ST,31,95.1,84.9,2815.0,86,0.36
"Morales, Luis",FF,581,95.5,97.2,2494.0,1167,0.498
"Morales, Luis",ST,244,98.2,82.2,2991.0,1167,0.209
"Morales, Luis",SL,158,100.0,85.8,2844.0,1167,0.135
"Morales, Luis",CH,138,89.3,89.7,2061.0,1167,0.118
"Morales, Luis",SI,46,84.9,96.6,2414.0,1167,0.039
"Morejon, Adrian",SI,1603,104.4,98.3,2412.0,3403,0.471
"Morejon, Adrian",SL,791,114.8,87.3,2813.0,3403,0.232
"Morejon, Adrian",FF,547,95.5,97.4,2466.0,3403,0.161
"Morejon, Adrian",CH,378,95.4,91.7,1118.0,3403,0.111
"Morejon, Adrian",FC,33,87.6,94.0,2591.0,3403,0.01
"Morejon, Adrian",CU,28,96.3,79.6,2600.0,3403,0.008
"Morejon, Adrian",ST,23,90.9,81.1,2685.0,3403,0.007
"Moreta, Dauri",SL,777,82.6,84.4,1991.0,1232,0.631
"Moreta, Dauri",FF,368,86.1,95.0,2317.0,1232,0.299
"Moreta, Dauri",CH,87,90.2,85.8,1733.0,1232,0.071
"Morgan, David",FF,453,100.1,97.8,2453.0,1321,0.343
"Morgan, David",SI,318,92.0,96.9,2147.0,1321,0.241
"Morgan, David",CU,310,90.9,82.9,2569.0,1321,0.235
"Morgan, David",SL,239,93.0,88.0,2314.0,1321,0.181
"Morgan, Eli",FF,901,85.1,92.2,2266.0,2285,0.394
"Morgan, Eli",CH,688,104.0,78.5,2100.0,2285,0.301
"Morgan, Eli",SL,666,88.0,86.0,2329.0,2285,0.291
"Morgan, Eli",CU,30,81.1,84.7,2185.0,2285,0.013
"Morillo, Juan",FF,769,100.9,98.8,2250.0,1633,0.471
"Morillo, Juan",SI,315,104.8,98.7,2200.0,1633,0.193
"Morillo, Juan",CH,298,94.6,92.3,2239.0,1633,0.182
"Morillo, Juan",SL,251,98.4,87.2,2642.0,1633,0.154
"Moronta, Reyes",SL,22,92.3,82.7,2443.0,48,0.458
"Morris, Andrew",FF,576,97.7,97.4,2056.0,1279,0.45
"Morris, Andrew",FC,292,91.7,91.1,2304.0,1279,0.228
"Morris, Andrew",SI,151,95.9,96.6,2034.0,1279,0.118
"Morris, Andrew",CH,139,90.6,89.2,1495.0,1279,0.109
"Morris, Andrew",ST,104,92.7,81.9,2444.0,1279,0.081
"Morris, Cody",FF,63,92.8,95.2,2438.0,164,0.384
"Morris, Cody",FC,59,93.6,88.9,2338.0,164,0.36
"Morris, Cody",CU,23,91.7,79.4,2418.0,164,0.14
"Morris, Kade",SI,121,90.8,93.6,2056.0,322,0.376
"Morris, Kade",FF,59,98.0,94.5,2302.0,322,0.183
"Morris, Kade",SL,53,68.5,88.3,2138.0,322,0.165
"Morris, Kade",CH,42,98.7,88.3,1739.0,322,0.13
"Morris, Kade",ST,30,82.4,81.5,2493.0,322,0.093
"Morton, Charlie",CU,3385,102.4,81.8,3109.0,8176,0.414
"Morton, Charlie",FF,2417,89.3,94.4,2292.0,8176,0.296
"Morton, Charlie",CH,852,96.8,86.1,2052.0,8176,0.104
"Morton, Charlie",SI,844,83.8,93.9,2172.0,8176,0.103
"Morton, Charlie",FC,678,84.1,88.5,2480.0,8176,0.083
"Morán, Jovani",FF,774,94.5,93.0,2322.0,1871,0.414
"Morán, Jovani",CH,752,101.8,83.2,1740.0,1871,0.402
"Morán, Jovani",FC,138,85.1,85.2,2564.0,1871,0.074
"Morán, Jovani",SI,98,87.0,92.8,2366.0,1871,0.052
"Morán, Jovani",SL,54,88.4,81.8,2602.0,1871,0.029
"Morán, Jovani",ST,52,75.7,79.7,2723.0,1871,0.028
"Muckenhirn, Zach",FF,62,83.0,91.2,2076.0,95,0.653
"Muckenhirn, Zach",CH,23,76.6,83.7,1324.0,95,0.242
"Muller, Kyle",FF,1135,90.6,93.2,2397.0,2174,0.522
"Muller, Kyle",SL,547,101.0,86.5,2058.0,2174,0.252
"Muller, Kyle",CU,317,89.4,80.6,2294.0,2174,0.146
"Muller, Kyle",CH,175,70.4,87.7,1642.0,2174,0.08
"Murdock, Noah",SI,251,78.4,94.5,2112.0,455,0.552
"Murdock, Noah",FC,98,93.8,89.4,2364.0,455,0.215
"Murdock, Noah",ST,78,90.5,82.2,2616.0,455,0.171
"Murdock, Noah",CU,23,94.1,84.4,2626.0,455,0.051
"Murfee, Penn",ST,243,80.6,78.7,2591.0,442,0.55
"Murfee, Penn",FF,156,91.3,88.0,2269.0,442,0.353
"Murfee, Penn",SI,41,83.6,88.2,2118.0,442,0.093
"Murphy, Chris",FF,721,91.7,94.7,2327.0,2034,0.354
"Murphy, Chris",SL,564,85.4,88.3,2269.0,2034,0.277
"Murphy, Chris",CU,483,102.8,76.8,2542.0,2034,0.237
"Murphy, Chris",ST,110,82.3,79.5,2479.0,2034,0.054
"Murphy, Chris",CH,104,92.9,84.8,1732.0,2034,0.051
"Murphy, Chris",SI,46,88.5,92.9,2267.0,2034,0.023
"Murphy, Luke",FF,189,92.3,95.7,2241.0,351,0.538
"Murphy, Luke",FC,81,89.8,90.4,2309.0,351,0.231
"Murphy, Luke",SL,53,88.4,84.4,2249.0,351,0.151
"Murphy, Luke",CH,28,88.1,92.3,1573.0,351,0.08
"Murphy, Owen",FF,110,102.3,92.9,2460.0,212,0.519
"Murphy, Owen",CH,42,87.4,85.4,1425.0,212,0.198
"Murphy, Owen",CU,33,74.7,79.3,2618.0,212,0.156
"Murphy, Owen",SL,25,88.3,87.8,2489.0,212,0.118
"Murray, Jayden",FF,245,96.7,95.6,2461.0,480,0.51
"Murray, Jayden",ST,109,92.4,81.4,2443.0,480,0.227
"Murray, Jayden",SI,68,99.8,95.3,2346.0,480,0.142
"Murray, Jayden",CH,29,84.6,89.4,1925.0,480,0.06
"Murray, Jayden",FC,24,93.5,91.8,2363.0,480,0.05
"Musgrove, Joe",FF,715,92.7,93.0,2615.0,2992,0.239
"Musgrove, Joe",CU,701,104.8,81.5,2820.0,2992,0.234
"Musgrove, Joe",FC,603,103.0,89.9,2669.0,2992,0.202
"Musgrove, Joe",ST,291,93.1,82.0,2870.0,2992,0.097
"Musgrove, Joe",CH,285,91.7,87.1,2103.0,2992,0.095
"Musgrove, Joe",SL,226,91.5,82.3,2791.0,2992,0.076
"Musgrove, Joe",SI,171,84.8,92.7,2479.0,2992,0.057
"Mushinski, Parker",FC,183,104.5,88.7,2605.0,588,0.311
"Mushinski, Parker",CU,148,92.6,81.7,2697.0,588,0.252
"Mushinski, Parker",FF,101,92.4,92.6,2435.0,588,0.172
"Mushinski, Parker",ST,96,102.3,81.3,2671.0,588,0.163
"Mushinski, Parker",SI,55,88.9,91.6,2404.0,588,0.094
"Muñoz, Andrés",SL,1766,96.2,87.2,2313.0,3747,0.471
"Muñoz, Andrés",FF,1342,101.1,99.0,2294.0,3747,0.358
"Muñoz, Andrés",SI,554,88.1,98.0,2059.0,3747,0.148
"Muñoz, Andrés",CH,85,108.5,92.6,1565.0,3747,0.023
"Muñoz, Roddery",FF,468,87.3,95.5,2281.0,1826,0.256
"Muñoz, Roddery",SL,418,84.9,86.2,2365.0,1826,0.229
"Muñoz, Roddery",SI,400,91.3,94.9,2242.0,1826,0.219
"Muñoz, Roddery",FC,390,85.1,90.3,2363.0,1826,0.214
"Muñoz, Roddery",CH,150,83.6,89.3,1731.0,1826,0.082
"Muñoz, Rolddy",SL,63,88.7,89.4,2471.0,127,0.496
"Muñoz, Rolddy",SI,57,80.2,96.3,2179.0,127,0.449
"Myers, Tobias",FF,1624,97.7,93.0,2241.0,3799,0.427
"Myers, Tobias",FC,757,92.1,88.5,2193.0,3799,0.199
"Myers, Tobias",SL,708,80.6,84.7,2103.0,3799,0.186
"Myers, Tobias",FS,337,98.5,81.3,1475.0,3799,0.089
"Myers, Tobias",CH,257,86.8,81.1,1853.0,3799,0.068
"Myers, Tobias",CU,105,85.4,77.4,2357.0,3799,0.028
"Márquez, Germán",FF,1210,84.4,94.9,2190.0,3337,0.363
"Márquez, Germán",KC,1011,91.5,85.5,2629.0,3337,0.303
"Márquez, Germán",SI,603,88.2,94.3,2143.0,3337,0.181
"Márquez, Germán",SL,430,83.9,88.5,2344.0,3337,0.129
"Márquez, Germán",CH,83,69.5,87.9,1634.0,3337,0.025
"Naile, James",SI,170,93.4,91.7,1617.0,308,0.552
"Naile, James",CU,119,106.4,83.1,2687.0,308,0.386
"Nance, Tommy",SL,700,99.6,88.8,2628.0,1752,0.4
"Nance, Tommy",CU,539,115.2,84.8,2868.0,1752,0.308
"Nance, Tommy",SI,508,93.8,94.5,2296.0,1752,0.29
"Nardi, Andrew",FF,1318,88.0,94.3,2300.0,2241,0.588
"Nardi, Andrew",ST,791,95.9,82.8,2371.0,2241,0.353
"Nardi, Andrew",SL,65,102.8,85.5,2343.0,2241,0.029
"Nardi, Andrew",CH,60,90.3,90.0,1577.0,2241,0.027
"Nastrini, Nick",FF,333,80.7,93.7,2370.0,734,0.454
"Nastrini, Nick",SL,266,84.9,84.5,2235.0,734,0.362
"Nastrini, Nick",CH,72,78.6,85.8,1888.0,734,0.098
"Nastrini, Nick",CU,63,83.3,79.2,2360.0,734,0.086
"Natera Jr., Samy",FF,463,102.5,94.9,2317.0,580,0.798
"Natera Jr., Samy",SL,112,96.3,85.4,2577.0,580,0.193
"Naughton, Packy",FF,20,73.4,93.5,2078.0,66,0.303
"Navarro, Edgar",SI,93,81.7,93.7,2235.0,150,0.62
"Navarro, Edgar",SL,53,70.2,80.9,2531.0,150,0.353
"Neal, Zach",FC,147,79.7,86.2,2213.0,462,0.318
"Neal, Zach",SI,126,85.0,89.2,2175.0,462,0.273
"Neal, Zach",CH,85,84.9,82.4,1514.0,462,0.184
"Neal, Zach",FF,59,87.5,89.0,2289.0,462,0.128
"Neal, Zach",CU,45,62.2,69.8,2232.0,462,0.097
"Neely, Jack",FF,52,96.5,96.1,2199.0,98,0.531
"Neely, Jack",SL,46,90.9,87.4,1873.0,98,0.469
"Nelson, Kyle",SL,610,101.1,85.1,2687.0,1059,0.576
"Nelson, Kyle",FF,350,90.6,91.6,2208.0,1059,0.331
"Nelson, Kyle",FC,99,87.8,87.9,2535.0,1059,0.093
"Nelson, Nick",FF,46,94.0,94.1,1913.0,162,0.284
"Nelson, Nick",SI,46,93.1,93.3,1964.0,162,0.284
"Nelson, Nick",CH,43,98.0,87.0,1937.0,162,0.265
"Nelson, Nick",SL,27,80.2,86.6,2335.0,162,0.167
"Nelson, Ryne",FF,4893,102.0,95.3,2242.0,8545,0.573
"Nelson, Ryne",FC,1127,92.0,89.9,2236.0,8545,0.132
"Nelson, Ryne",SL,1089,94.7,85.5,2414.0,8545,0.127
"Nelson, Ryne",CU,651,89.7,79.0,2543.0,8545,0.076
"Nelson, Ryne",CH,621,92.9,83.6,1818.0,8545,0.073
"Nelson, Ryne",ST,115,88.3,82.0,2429.0,8545,0.013
"Nelson, Ryne",SI,49,91.3,95.3,2115.0,8545,0.006
"Neris, Héctor",FF,1273,92.8,92.9,2416.0,2632,0.484
"Neris, Héctor",FS,949,93.6,82.8,1135.0,2632,0.361
"Neris, Héctor",SI,286,84.9,92.9,2303.0,2632,0.109
"Neris, Héctor",SL,93,89.0,85.9,2025.0,2632,0.035
"Neris, Héctor",CH,31,91.4,88.7,1876.0,2632,0.012
"Newcomb, Sean",FF,1252,93.0,94.0,2294.0,2551,0.491
"Newcomb, Sean",SI,680,90.0,93.0,2290.0,2551,0.267
"Newcomb, Sean",FC,240,89.7,89.6,2515.0,2551,0.094
"Newcomb, Sean",CU,215,81.0,79.6,2916.0,2551,0.084
"Newcomb, Sean",CH,164,82.6,85.6,1523.0,2551,0.064
"Nicolas, Kyle",FF,999,96.5,97.4,2376.0,1883,0.531
"Nicolas, Kyle",SL,478,96.6,90.5,2524.0,1883,0.254
"Nicolas, Kyle",CU,399,98.9,84.8,2587.0,1883,0.212
"Nikhazy, Doug",FF,68,80.8,89.5,1963.0,146,0.466
"Nikhazy, Doug",SL,34,80.1,86.1,2400.0,146,0.233
"Nittoli, Vinny",FC,125,94.1,89.4,2582.0,232,0.539
"Nittoli, Vinny",ST,66,93.5,82.5,2688.0,232,0.284
"Nogosek, Stephen",FF,306,96.6,94.2,2278.0,486,0.63
"Nogosek, Stephen",ST,82,84.9,78.9,2369.0,486,0.169
"Nogosek, Stephen",FC,71,87.7,88.3,2240.0,486,0.146
"Nola, Aaron",KC,3449,112.5,78.8,2608.0,10751,0.321
"Nola, Aaron",FF,2970,96.4,92.4,2320.0,10751,0.276
"Nola, Aaron",SI,2040,84.3,91.5,2239.0,10751,0.19
"Nola, Aaron",CH,1409,90.7,85.6,1566.0,10751,0.131
"Nola, Aaron",FC,862,85.1,86.7,2284.0,10751,0.08
"Nola, Aaron",SL,21,90.5,83.2,2312.0,10751,0.002
"Nolin, Sean",FF,21,88.6,90.2,2188.0,62,0.339
"Norris, Daniel",CH,110,70.6,82.9,1426.0,257,0.428
"Norris, Daniel",FF,106,85.8,88.8,2324.0,257,0.412
"Norris, Daniel",SL,35,79.9,82.1,2365.0,257,0.136
"Nunez, Anthony",ST,299,103.7,85.8,2906.0,979,0.305
"Nunez, Anthony",FF,293,100.2,96.1,2614.0,979,0.299
"Nunez, Anthony",CH,215,94.8,87.8,1180.0,979,0.22
"Nunez, Anthony",SI,112,93.4,95.7,2387.0,979,0.114
"Nunez, Anthony",FC,60,101.6,90.5,2514.0,979,0.061
"Núñez, Dedniel",FF,437,103.1,96.4,2446.0,878,0.498
"Núñez, Dedniel",SL,417,100.0,88.0,2537.0,878,0.475
"Núñez, Dedniel",CH,23,88.0,92.8,2026.0,878,0.026
"Núñez, Eduarniel",FF,155,96.1,98.1,2630.0,249,0.622
"Núñez, Eduarniel",SL,88,104.7,88.2,2906.0,249,0.353
"O'Brien, Riley",SI,1075,95.5,97.8,2185.0,2015,0.533
"O'Brien, Riley",ST,561,88.4,83.0,2359.0,2015,0.278
"O'Brien, Riley",SL,362,100.4,90.1,2497.0,2015,0.18
"O'Loughlin, Jack",FF,92,80.9,91.8,2221.0,176,0.523
"O'Loughlin, Jack",SL,38,93.1,82.8,2395.0,176,0.216
"O'Loughlin, Jack",CU,28,90.4,76.0,2421.0,176,0.159
"Ober, Bailey",FF,3567,94.3,90.6,2292.0,9382,0.38
"Ober, Bailey",CH,2800,95.7,83.3,2051.0,9382,0.298
"Ober, Bailey",SL,1357,89.0,84.3,2064.0,9382,0.145
"Ober, Bailey",ST,1222,90.6,79.2,2101.0,9382,0.13
"Ober, Bailey",CU,302,92.9,76.2,2141.0,9382,0.032
"Ober, Bailey",SI,134,85.4,89.6,2113.0,9382,0.014
"Ogasawara, Shinnosuke",FF,260,90.2,91.1,2203.0,673,0.386
"Ogasawara, Shinnosuke",CH,150,106.0,80.7,1590.0,673,0.223
"Ogasawara, Shinnosuke",KC,129,90.0,72.3,2732.0,673,0.192
"Ogasawara, Shinnosuke",SL,125,88.5,81.6,2381.0,673,0.186
"Ohl, Pierson",FF,238,90.8,91.9,2282.0,539,0.442
"Ohl, Pierson",CH,205,103.7,81.1,2147.0,539,0.38
"Ohl, Pierson",FC,64,76.1,85.3,2174.0,539,0.119
"Ohl, Pierson",CU,32,83.7,77.9,2083.0,539,0.059
"Ohtani, Shohei",FF,1578,98.3,97.6,2385.0,4164,0.379
"Ohtani, Shohei",ST,1289,109.3,84.3,2580.0,4164,0.31
"Ohtani, Shohei",FC,312,94.1,90.3,2390.0,4164,0.075
"Ohtani, Shohei",CU,277,93.1,76.1,2597.0,4164,0.067
"Ohtani, Shohei",FS,268,86.0,88.8,1417.0,4164,0.064
"Ohtani, Shohei",SI,258,75.8,95.3,2078.0,4164,0.062
"Ohtani, Shohei",SL,182,97.7,86.8,2503.0,4164,0.044
"Okert, Steven",SL,2293,106.9,81.2,2490.0,3729,0.615
"Okert, Steven",FF,1263,85.0,92.5,2230.0,3729,0.339
"Okert, Steven",SI,114,75.9,91.6,2257.0,3729,0.031
"Okert, Steven",CH,52,94.1,88.6,1874.0,3729,0.014
"Olds, Wyatt",FF,140,100.4,96.6,2365.0,266,0.526
"Olds, Wyatt",SL,85,91.1,87.1,2468.0,266,0.32
"Olds, Wyatt",FC,36,89.6,90.1,2377.0,266,0.135
"Oller, Adam",FF,484,90.6,93.8,2203.0,785,0.617
"Oller, Adam",CU,107,79.4,81.5,2221.0,785,0.136
"Oller, Adam",CH,71,80.0,86.9,1501.0,785,0.09
"Oller, Adam",SI,67,93.0,93.4,2083.0,785,0.085
"Oller, Adam",FC,50,82.1,88.8,2190.0,785,0.064
"Olson, Reese",SL,1275,87.8,84.7,2871.0,4635,0.275
"Olson, Reese",FF,1143,85.3,94.5,2269.0,4635,0.247
"Olson, Reese",SI,988,86.3,94.5,2130.0,4635,0.213
"Olson, Reese",CH,956,89.7,87.2,2002.0,4635,0.206
"Olson, Reese",CU,268,72.6,79.1,2621.0,4635,0.058
"Ort, Kaleb",FF,905,99.8,96.5,2399.0,1536,0.589
"Ort, Kaleb",ST,337,86.9,84.0,2491.0,1536,0.219
"Ort, Kaleb",FC,193,90.6,90.8,2319.0,1536,0.126
"Ort, Kaleb",CH,101,84.3,89.9,1989.0,1536,0.066
"Ortega, Oliver",SL,84,87.6,84.3,2392.0,239,0.351
"Ortega, Oliver",CU,58,84.8,82.2,2435.0,239,0.243
"Ortega, Oliver",SI,48,84.7,95.7,2272.0,239,0.201
"Ortega, Oliver",FF,46,91.4,95.3,2333.0,239,0.192
"Ortiz, Luis",SL,1454,94.1,85.7,2423.0,5408,0.269
"Ortiz, Luis",FF,1414,92.8,96.1,2271.0,5408,0.261
"Ortiz, Luis",SI,1354,92.4,95.3,2241.0,5408,0.25
"Ortiz, Luis",FC,610,92.8,91.0,2382.0,5408,0.113
"Ortiz, Luis",CH,432,90.9,89.5,1566.0,5408,0.08
"Ortiz, Luis",ST,118,100.4,81.6,2694.0,5408,0.022
"Ortiz, Luis",CU,26,103.6,79.6,2816.0,5408,0.005
"Orze, Eric",FS,672,99.6,83.9,1631.0,1372,0.49
"Orze, Eric",FF,364,88.4,93.4,2260.0,1372,0.265
"Orze, Eric",SL,273,90.0,88.3,2572.0,1372,0.199
"Orze, Eric",CU,63,78.5,82.0,2888.0,1372,0.046
"Otañez, Michel",FF,293,96.8,97.9,2431.0,721,0.406
"Otañez, Michel",SL,290,81.2,85.2,2004.0,721,0.402
"Otañez, Michel",SI,138,92.0,97.3,2253.0,721,0.191
"Ottavino, Adam",SI,728,79.7,92.4,2228.0,2041,0.357
"Ottavino, Adam",ST,667,90.5,79.2,2701.0,2041,0.327
"Ottavino, Adam",FC,265,92.1,87.8,2668.0,2041,0.13
"Ottavino, Adam",CH,192,82.9,87.5,1771.0,2041,0.094
"Ottavino, Adam",FF,161,85.7,93.2,2363.0,2041,0.079
"Ottavino, Adam",SL,22,74.5,82.8,2835.0,2041,0.011
"Otto Jr., Glenn",ST,103,90.3,82.2,2495.0,192,0.536
"Otto Jr., Glenn",FF,67,89.3,93.7,2334.0,192,0.349
"Otto Jr., Glenn",KC,21,78.2,80.1,2421.0,192,0.109
"Overton, Connor",FF,52,83.3,91.1,2048.0,200,0.26
"Overton, Connor",CH,47,90.5,84.5,1802.0,200,0.235
"Overton, Connor",SL,36,72.5,81.7,2366.0,200,0.18
"Overton, Connor",SI,30,83.6,90.6,2044.0,200,0.15
"Overton, Connor",FC,25,82.7,88.7,2202.0,200,0.125
"Oviedo, Johan",FF,1428,85.8,95.7,2281.0,3717,0.384
"Oviedo, Johan",SL,1319,92.7,87.9,2455.0,3717,0.355
"Oviedo, Johan",CU,573,96.0,80.2,2365.0,3717,0.154
"Oviedo, Johan",SI,231,83.4,95.3,2293.0,3717,0.062
"Oviedo, Johan",CH,165,75.7,88.3,1835.0,3717,0.044
"Owens, Tyler",FF,28,107.7,95.5,2227.0,66,0.424
"Paddack, Chris",FF,2115,95.4,93.5,2230.0,5109,0.414
"Paddack, Chris",CH,1283,96.2,84.1,1812.0,5109,0.251
"Paddack, Chris",CU,629,80.3,78.0,2125.0,5109,0.123
"Paddack, Chris",FC,490,82.0,87.1,2009.0,5109,0.096
"Paddack, Chris",SL,319,83.9,85.7,2026.0,5109,0.062
"Paddack, Chris",SI,195,94.3,93.3,2113.0,5109,0.038
"Paddack, Chris",ST,78,82.7,79.3,2321.0,5109,0.015
"Padilla, Nicholas",ST,30,93.9,81.9,2570.0,100,0.3
"Padilla, Nicholas",FC,29,96.1,92.2,2328.0,100,0.29
"Padilla, Nicholas",SI,22,83.0,93.9,1995.0,100,0.22
"Paez, Jedixson",FF,45,88.2,91.9,2438.0,152,0.296
"Paez, Jedixson",CH,41,92.1,83.7,1681.0,152,0.27
"Paez, Jedixson",CU,25,89.5,79.0,2745.0,152,0.164
"Paez, Jedixson",FC,21,98.8,87.0,2390.0,152,0.138
"Paez, Jedixson",SI,20,97.9,91.4,2309.0,152,0.132
"Pagán, Emilio",FF,1997,102.6,95.4,2565.0,3381,0.591
"Pagán, Emilio",FC,810,84.9,87.0,2411.0,3381,0.24
"Pagán, Emilio",FS,547,97.7,84.1,1130.0,3381,0.162
"Pagán, Emilio",CU,27,90.8,81.4,2571.0,3381,0.008
"Painter, Andrew",FF,665,92.1,96.6,2316.0,2032,0.327
"Painter, Andrew",SL,365,95.1,88.0,2583.0,2032,0.18
"Painter, Andrew",ST,332,101.6,82.7,2674.0,2032,0.163
"Painter, Andrew",CH,202,96.1,90.6,1721.0,2032,0.099
"Painter, Andrew",SI,181,78.1,95.1,2179.0,2032,0.089
"Painter, Andrew",FS,164,74.1,87.4,1593.0,2032,0.081
"Painter, Andrew",CU,123,94.0,81.3,2650.0,2032,0.061
"Palencia, Daniel",FF,1373,96.9,99.1,2339.0,2059,0.667
"Palencia, Daniel",SL,510,98.5,89.3,2211.0,2059,0.248
"Palencia, Daniel",FS,92,84.3,88.8,1097.0,2059,0.045
"Palencia, Daniel",SI,56,85.8,98.5,2242.0,2059,0.027
"Palencia, Daniel",CU,22,88.2,83.8,2101.0,2059,0.011
"Pallante, Andre",FF,3772,90.5,95.0,2257.0,8313,0.454
"Pallante, Andre",SL,2039,93.7,87.6,2366.0,8313,0.245
"Pallante, Andre",SI,1206,94.1,95.1,2136.0,8313,0.145
"Pallante, Andre",KC,1083,84.4,78.6,2794.0,8313,0.13
"Pallante, Andre",CU,136,89.8,76.9,2884.0,8313,0.016
"Pallante, Andre",FS,74,87.5,88.8,1027.0,8313,0.009
"Pallette, Peyton",FF,231,97.8,95.4,2278.0,442,0.523
"Pallette, Peyton",CU,106,85.7,81.6,2773.0,442,0.24
"Pallette, Peyton",SL,99,85.2,85.6,2531.0,442,0.224
"Palmquist, Carson",FF,419,89.6,90.5,2159.0,1018,0.412
"Palmquist, Carson",ST,353,93.5,73.9,1988.0,1018,0.347
"Palmquist, Carson",FC,119,74.4,82.0,1949.0,1018,0.117
"Palmquist, Carson",SI,102,86.6,90.6,2159.0,1018,0.1
"Palmquist, Carson",CH,25,82.6,81.3,1527.0,1018,0.025
"Pannone, Thomas",FC,55,92.4,87.8,2370.0,115,0.478
"Pannone, Thomas",FF,21,91.4,90.0,2312.0,115,0.183
"Paredes, Enoli",FF,129,100.6,93.9,2455.0,319,0.404
"Paredes, Enoli",SL,120,88.6,85.6,2808.0,319,0.376
"Paredes, Enoli",SI,70,75.4,93.6,2331.0,319,0.219
"Paredes, Mike",FF,204,94.4,93.0,2125.0,551,0.37
"Paredes, Mike",CH,141,92.1,87.7,1452.0,551,0.256
"Paredes, Mike",ST,121,91.2,79.2,2518.0,551,0.22
"Paredes, Mike",FC,85,93.3,87.4,2390.0,551,0.154
"Parker, Mitchell",FF,2891,90.0,92.8,2177.0,5769,0.501
"Parker, Mitchell",CU,1239,90.1,80.7,2272.0,5769,0.215
"Parker, Mitchell",SL,893,92.7,84.2,2276.0,5769,0.155
"Parker, Mitchell",FS,746,84.1,85.5,983.0,5769,0.129
"Parsons, Wes",FF,80,96.2,94.5,2328.0,236,0.339
"Parsons, Wes",CU,60,88.5,83.2,2501.0,236,0.254
"Parsons, Wes",SI,46,78.8,93.3,2339.0,236,0.195
"Parsons, Wes",SL,37,104.0,86.8,2645.0,236,0.157
"Patiño, Luis",SI,117,84.5,94.4,2141.0,383,0.305
"Patiño, Luis",SL,112,89.7,86.3,2374.0,383,0.292
"Patiño, Luis",FF,106,92.5,95.0,2262.0,383,0.277
"Patiño, Luis",CH,41,81.0,85.0,1766.0,383,0.107
"Patrick, Chad",FC,1545,100.2,88.9,2441.0,3524,0.438
"Patrick, Chad",FF,871,94.1,94.9,2335.0,3524,0.247
"Patrick, Chad",SI,859,90.5,94.8,2174.0,3524,0.244
"Patrick, Chad",CH,143,87.0,88.8,2002.0,3524,0.041
"Patrick, Chad",SL,106,78.1,84.2,2441.0,3524,0.03
"Patton, Spencer",FF,108,85.2,91.3,2039.0,205,0.527
"Patton, Spencer",SL,89,68.5,81.4,1936.0,205,0.434
"Paxton, James",FF,1835,91.1,94.2,2150.0,3397,0.54
"Paxton, James",KC,850,90.7,81.0,1935.0,3397,0.25
"Paxton, James",FC,327,83.6,85.5,2009.0,3397,0.096
"Paxton, James",CH,226,92.8,83.5,1959.0,3397,0.067
"Paxton, James",SI,159,89.0,93.3,2081.0,3397,0.047
"Payamps, Joel",ST,786,90.4,83.9,2724.0,2616,0.3
"Payamps, Joel",FF,745,93.8,94.9,2469.0,2616,0.285
"Payamps, Joel",SI,523,92.4,95.0,2303.0,2616,0.2
"Payamps, Joel",SL,344,96.2,83.9,2759.0,2616,0.131
"Payamps, Joel",CH,215,93.2,89.2,2098.0,2616,0.082
"Pearson, Nate",FF,1392,98.8,97.7,2284.0,2781,0.501
"Pearson, Nate",SL,920,98.8,88.3,2532.0,2781,0.331
"Pearson, Nate",CU,326,89.3,81.0,2641.0,2781,0.117
"Pearson, Nate",SI,125,94.7,97.2,2190.0,2781,0.045
"Pecko, Ethan",SI,120,94.2,92.9,2240.0,538,0.223
"Pecko, Ethan",FF,114,89.5,93.4,2234.0,538,0.212
"Pecko, Ethan",FC,106,96.9,90.1,2249.0,538,0.197
"Pecko, Ethan",ST,100,93.5,82.6,2371.0,538,0.186
"Pecko, Ethan",CU,70,80.2,81.6,2571.0,538,0.13
"Pecko, Ethan",CH,28,77.9,87.2,1647.0,538,0.052
"Peguero, Elvis",SL,977,99.3,90.1,2561.0,1929,0.506
"Peguero, Elvis",SI,951,84.1,96.2,1865.0,1929,0.493
"Peguero, Joel",FF,176,86.5,100.0,2257.0,484,0.364
"Peguero, Joel",SI,165,93.8,99.5,2326.0,484,0.341
"Peguero, Joel",SL,143,102.7,92.1,2639.0,484,0.295
"Pennington, Walter",SL,135,69.7,83.8,2278.0,330,0.409
"Pennington, Walter",SI,100,78.0,91.5,2234.0,330,0.303
"Pennington, Walter",FC,89,89.7,89.4,2257.0,330,0.27
"Penrod, Zach",FF,39,90.3,94.8,2360.0,86,0.453
"Penrod, Zach",CH,26,90.6,87.2,1741.0,86,0.302
"Penrod, Zach",SL,21,96.6,87.5,2318.0,86,0.244
"Peoples, Ben",FF,163,99.8,96.0,2304.0,282,0.578
"Peoples, Ben",SL,107,100.5,87.8,2483.0,282,0.379
"Pepiot, Ryan",FF,2597,98.6,94.9,2390.0,5401,0.481
"Pepiot, Ryan",CH,1385,101.6,86.3,2475.0,5401,0.256
"Pepiot, Ryan",SL,936,92.6,89.0,2559.0,5401,0.173
"Pepiot, Ryan",FC,278,97.9,91.6,2495.0,5401,0.051
"Pepiot, Ryan",CU,142,83.5,80.7,2800.0,5401,0.026
"Pepiot, Ryan",SI,63,86.1,94.6,2375.0,5401,0.012
"Perales, Luis",FS,81,86.3,87.6,1341.0,250,0.324
"Perales, Luis",FC,79,96.2,93.3,2339.0,250,0.316
"Perales, Luis",FF,56,99.4,99.1,2263.0,250,0.224
"Perales, Luis",SL,34,86.6,87.8,2235.0,250,0.136
"Peralta, Freddy",FF,6257,99.4,94.5,2430.0,11718,0.534
"Peralta, Freddy",CH,2272,90.2,88.1,1853.0,11718,0.194
"Peralta, Freddy",CU,1326,87.0,78.6,2257.0,11718,0.113
"Peralta, Freddy",SL,1265,80.1,82.4,2365.0,11718,0.108
"Peralta, Freddy",ST,596,85.6,82.0,2404.0,11718,0.051
"Peralta, Luis",FF,445,93.5,94.7,2223.0,617,0.721
"Peralta, Luis",CU,161,92.4,81.7,2260.0,617,0.261
"Peralta, Sammy",FF,328,92.1,89.1,2150.0,1138,0.288
"Peralta, Sammy",CH,274,86.6,82.2,1877.0,1138,0.241
"Peralta, Sammy",ST,220,94.4,78.5,2453.0,1138,0.193
"Peralta, Sammy",SL,175,88.5,80.5,2406.0,1138,0.154
"Peralta, Sammy",SI,141,83.7,88.9,2145.0,1138,0.124
"Peralta, Wandy",SI,1595,73.6,95.6,2123.0,3804,0.419
"Peralta, Wandy",CH,1435,91.4,89.1,2173.0,3804,0.377
"Peralta, Wandy",SL,541,90.1,88.6,2226.0,3804,0.142
"Peralta, Wandy",FF,233,85.6,95.9,2139.0,3804,0.061
"Perdomo, Angel",FF,350,98.6,93.8,2435.0,561,0.624
"Perdomo, Angel",SL,174,95.4,83.8,2567.0,561,0.31
"Perdomo, Angel",CH,37,87.2,90.6,2152.0,561,0.066
"Perdomo, Cesar",FF,174,90.1,93.0,2199.0,375,0.464
"Perdomo, Cesar",CH,114,91.7,86.8,1507.0,375,0.304
"Perdomo, Cesar",SL,87,94.4,85.6,2442.0,375,0.232
"Perkins, Jack",FF,854,94.0,95.8,2244.0,2608,0.327
"Perkins, Jack",ST,765,108.3,86.3,2765.0,2608,0.293
"Perkins, Jack",CH,440,95.2,89.5,1194.0,2608,0.169
"Perkins, Jack",FC,385,91.4,92.8,2469.0,2608,0.148
"Perkins, Jack",SI,103,87.8,94.8,2265.0,2608,0.039
"Perkins, Jack",SL,56,95.2,86.0,2753.0,2608,0.021
"Petersen, Michael",FF,1085,101.1,97.7,2330.0,1793,0.605
"Petersen, Michael",SL,548,98.1,88.2,2309.0,1793,0.306
"Petersen, Michael",CH,142,90.5,89.7,1171.0,1793,0.079
"Peterson, David",SI,2585,97.0,91.7,2135.0,8912,0.29
"Peterson, David",FF,2217,88.7,92.6,2143.0,8912,0.249
"Peterson, David",SL,1770,87.3,85.4,2320.0,8912,0.199
"Peterson, David",CH,1403,96.6,85.0,1594.0,8912,0.157
"Peterson, David",CU,937,101.2,79.2,2377.0,8912,0.105
"Petty, Chase",SI,203,86.3,96.1,2112.0,646,0.314
"Petty, Chase",CH,130,87.8,87.5,1737.0,646,0.201
"Petty, Chase",FF,108,94.0,96.7,2331.0,646,0.167
"Petty, Chase",ST,106,90.6,83.7,2351.0,646,0.164
"Petty, Chase",SL,99,92.3,90.3,2332.0,646,0.153
"Pfaadt, Brandon",FF,2856,97.8,93.6,2527.0,9227,0.31
"Pfaadt, Brandon",ST,1992,100.6,84.5,2805.0,9227,0.216
"Pfaadt, Brandon",SI,1780,90.5,93.3,2391.0,9227,0.193
"Pfaadt, Brandon",CH,1274,98.1,87.2,2076.0,9227,0.138
"Pfaadt, Brandon",CU,815,91.2,81.6,2578.0,9227,0.088
"Pfaadt, Brandon",FC,494,98.3,90.0,2702.0,9227,0.054
"Phillips, Connor",FF,696,95.7,97.6,2494.0,1304,0.534
"Phillips, Connor",ST,530,107.2,85.7,2455.0,1304,0.406
"Phillips, Connor",CU,73,92.0,84.4,2216.0,1304,0.056
"Phillips, Evan",ST,942,102.7,85.4,2583.0,2274,0.414
"Phillips, Evan",FF,716,102.8,96.4,2398.0,2274,0.315
"Phillips, Evan",FC,393,95.0,92.9,2426.0,2274,0.173
"Phillips, Evan",SI,223,96.1,95.7,2241.0,2274,0.098
"Phillips, Tyler",SI,1031,87.5,95.2,2061.0,3654,0.282
"Phillips, Tyler",ST,889,91.0,83.9,2469.0,3654,0.243
"Phillips, Tyler",CU,681,101.6,83.4,2560.0,3654,0.186
"Phillips, Tyler",FS,650,93.2,86.9,1234.0,3654,0.178
"Phillips, Tyler",FF,369,83.3,94.7,2241.0,3654,0.101
"Phillips, Tyler",SL,29,74.9,87.1,2287.0,3654,0.008
"Pilkington, Konnor",FF,322,91.5,94.4,2352.0,540,0.596
"Pilkington, Konnor",CH,115,88.2,85.5,1725.0,540,0.213
"Pilkington, Konnor",SL,103,83.9,85.3,2440.0,540,0.191
"Pint, Riley",SL,75,93.2,87.8,2498.0,122,0.615
"Pint, Riley",FF,30,73.9,94.9,2282.0,122,0.246
"Pintaro, Jonathan",FC,289,105.1,91.2,2720.0,535,0.54
"Pintaro, Jonathan",SI,103,83.7,94.9,2238.0,535,0.193
"Pintaro, Jonathan",FF,85,92.4,95.8,2460.0,535,0.159
"Pintaro, Jonathan",CH,34,91.1,87.4,2058.0,535,0.064
"Pinto, Ricardo",SI,99,88.1,92.2,1966.0,220,0.45
"Pinto, Ricardo",FS,66,89.3,85.0,1397.0,220,0.3
"Pinto, Ricardo",SL,24,81.9,84.9,2187.0,220,0.109
"Pivetta, Nick",FF,3971,103.5,94.1,2329.0,8108,0.49
"Pivetta, Nick",CU,1719,102.4,79.3,2796.0,8108,0.212
"Pivetta, Nick",ST,1322,98.1,82.4,2462.0,8108,0.163
"Pivetta, Nick",FC,645,87.9,89.4,2371.0,8108,0.08
"Pivetta, Nick",SL,363,95.8,86.0,2396.0,8108,0.045
"Pivetta, Nick",SI,72,75.4,93.3,2237.0,8108,0.009
"Piña, Robinson",SI,26,85.8,93.9,2471.0,61,0.426
"Plassmeyer, Michael",FF,52,97.6,88.8,2409.0,85,0.612
"Plassmeyer, Michael",CH,20,87.8,83.1,1629.0,85,0.235
"Plesac, Zach",FF,238,79.9,90.7,2046.0,577,0.412
"Plesac, Zach",SL,206,85.4,84.5,2070.0,577,0.357
"Plesac, Zach",CH,107,86.3,84.0,1580.0,577,0.185
"Plesac, Zach",CU,26,78.0,77.6,2069.0,577,0.045
"Poche, Colin",FF,1147,92.9,92.0,2239.0,1713,0.67
"Poche, Colin",SL,566,98.8,83.9,2448.0,1713,0.33
"Pomeranz, Drew",FF,963,98.3,92.5,2621.0,1278,0.754
"Pomeranz, Drew",KC,315,95.3,84.0,2278.0,1278,0.246
"Pop, Zach",SI,796,87.7,96.1,2210.0,1182,0.673
"Pop, Zach",SL,245,85.0,86.0,2554.0,1182,0.207
"Pop, Zach",FC,133,92.4,93.8,2233.0,1182,0.113
"Poteet, Cody",FF,115,83.2,93.3,2416.0,452,0.254
"Poteet, Cody",SI,113,89.5,92.6,2256.0,452,0.25
"Poteet, Cody",CH,90,90.4,86.9,2015.0,452,0.199
"Poteet, Cody",ST,70,90.8,81.2,2681.0,452,0.155
"Poteet, Cody",CU,40,93.1,78.4,2770.0,452,0.088
"Poteet, Cody",SL,24,86.8,84.3,2728.0,452,0.053
"Poulin, PJ",FF,375,90.9,90.5,2184.0,1052,0.356
"Poulin, PJ",ST,325,94.3,78.9,2378.0,1052,0.309
"Poulin, PJ",SI,183,94.7,89.1,2095.0,1052,0.174
"Poulin, PJ",CH,169,87.5,80.3,1527.0,1052,0.161
"Povich, Cade",FF,1579,93.4,92.2,2359.0,3970,0.398
"Povich, Cade",CU,839,96.2,77.6,2512.0,3970,0.211
"Povich, Cade",CH,509,88.4,84.5,1360.0,3970,0.128
"Povich, Cade",SI,410,87.2,91.7,2184.0,3970,0.103
"Povich, Cade",ST,296,94.8,82.4,2407.0,3970,0.075
"Povich, Cade",SL,200,95.7,84.8,2344.0,3970,0.05
"Povich, Cade",FC,137,90.2,89.1,2484.0,3970,0.035
"Pressly, Ryan",SL,816,115.4,89.6,2738.0,2602,0.314
"Pressly, Ryan",FF,788,97.0,93.9,2562.0,2602,0.303
"Pressly, Ryan",CU,654,98.3,82.0,3265.0,2602,0.251
"Pressly, Ryan",CH,233,94.3,89.6,2047.0,2602,0.09
"Pressly, Ryan",SI,99,62.5,93.4,2383.0,2602,0.038
"Prielipp, Connor",SL,615,112.4,87.9,2917.0,2066,0.298
"Prielipp, Connor",FF,545,91.7,95.6,2266.0,2066,0.264
"Prielipp, Connor",CU,383,97.7,83.3,3241.0,2066,0.185
"Prielipp, Connor",SI,316,92.5,95.0,2262.0,2066,0.153
"Prielipp, Connor",CH,207,95.3,86.7,1912.0,2066,0.1
"Priester, Quinn",SI,1567,91.1,93.7,2073.0,4139,0.379
"Priester, Quinn",SL,1092,87.1,86.2,2472.0,4139,0.264
"Priester, Quinn",FC,517,94.7,92.3,2355.0,4139,0.125
"Priester, Quinn",CU,460,91.6,80.8,2653.0,4139,0.111
"Priester, Quinn",FF,272,90.5,92.9,2294.0,4139,0.066
"Priester, Quinn",CH,231,83.6,88.7,1496.0,4139,0.056
"Pruitt, Austin",SL,306,100.7,87.7,2591.0,823,0.372
"Pruitt, Austin",FF,206,83.3,91.7,2312.0,823,0.25
"Pruitt, Austin",CU,129,92.3,81.2,2847.0,823,0.157
"Pruitt, Austin",SI,124,82.4,91.4,2351.0,823,0.151
"Pruitt, Austin",CH,56,89.5,87.1,1648.0,823,0.068
"Puk, A.J.",FF,1090,93.7,95.8,2236.0,2274,0.479
"Puk, A.J.",ST,582,96.4,83.1,2324.0,2274,0.256
"Puk, A.J.",SL,322,97.1,85.4,2275.0,2274,0.142
"Puk, A.J.",SI,222,91.7,94.8,2151.0,2274,0.098
"Puk, A.J.",FS,34,88.2,84.6,1076.0,2274,0.015
"Puk, A.J.",CH,24,86.6,89.6,1761.0,2274,0.011
"Pushard, Matt",FF,54,91.4,95.0,2198.0,120,0.45
"Pushard, Matt",SL,26,88.4,88.5,2442.0,120,0.217
"Pérez, Cionel",SI,1063,90.3,96.2,2162.0,1995,0.533
"Pérez, Cionel",FF,641,96.8,96.6,2149.0,1995,0.321
"Pérez, Cionel",CU,183,99.9,84.9,2695.0,1995,0.092
"Pérez, Cionel",SL,101,107.9,88.2,2354.0,1995,0.051
"Pérez, Eury",FF,2510,105.8,97.9,2669.0,5770,0.435
"Pérez, Eury",SL,1278,96.9,87.0,2430.0,5770,0.221
"Pérez, Eury",CU,530,95.2,80.7,2633.0,5770,0.092
"Pérez, Eury",CH,498,78.6,89.8,1722.0,5770,0.086
"Pérez, Eury",SI,474,89.1,97.6,2624.0,5770,0.082
"Pérez, Eury",ST,464,101.0,83.3,2529.0,5770,0.08
"Pérez, Francisco",SL,96,88.3,81.6,2467.0,308,0.312
"Pérez, Francisco",FF,82,84.4,92.4,2118.0,308,0.266
"Pérez, Francisco",SI,65,67.1,91.4,1882.0,308,0.211
"Pérez, Francisco",CH,58,94.7,86.8,1807.0,308,0.188
"Pérez, Martín",SI,2801,92.7,90.5,1976.0,7562,0.37
"Pérez, Martín",CH,2045,97.3,82.9,1659.0,7562,0.27
"Pérez, Martín",FC,1720,81.0,87.2,2211.0,7562,0.227
"Pérez, Martín",CU,630,91.5,77.6,2440.0,7562,0.083
"Pérez, Martín",FF,343,88.3,90.9,2073.0,7562,0.045
"Pérez, Martín",SL,23,95.6,83.4,2307.0,7562,0.003
"Quantrill, Cal",SI,1950,85.2,93.7,2121.0,8011,0.243
"Quantrill, Cal",FS,1860,83.4,86.1,1064.0,8011,0.232
"Quantrill, Cal",FC,1530,88.6,88.3,2298.0,8011,0.191
"Quantrill, Cal",FF,1407,82.9,93.8,2174.0,8011,0.176
"Quantrill, Cal",CU,802,91.4,80.2,2450.0,8011,0.1
"Quantrill, Cal",CH,237,86.8,85.9,1544.0,8011,0.03
"Quantrill, Cal",SL,225,88.4,85.0,2422.0,8011,0.028
"Quezada, Johan",FF,20,77.3,96.9,2447.0,32,0.625
"Quijada, José",FF,524,89.0,94.1,2224.0,576,0.91
"Quijada, José",CH,38,84.7,86.6,1621.0,576,0.066
"Quintana, Jose",SI,2330,87.1,90.5,2084.0,6392,0.365
"Quintana, Jose",FF,1403,79.4,90.4,2089.0,6392,0.219
"Quintana, Jose",CH,1386,88.4,85.6,1337.0,6392,0.217
"Quintana, Jose",CU,1273,97.6,77.8,2220.0,6392,0.199
"Ragans, Cole",FF,2821,98.6,95.6,2541.0,6405,0.44
"Ragans, Cole",CH,1426,101.8,85.2,2116.0,6405,0.223
"Ragans, Cole",SL,799,101.5,85.8,2571.0,6405,0.125
"Ragans, Cole",KC,709,94.1,80.8,2470.0,6405,0.111
"Ragans, Cole",FC,646,86.5,91.0,2519.0,6405,0.101
"Ragsdale, Carson",CU,30,95.3,81.3,2561.0,95,0.316
"Ragsdale, Carson",FF,27,90.6,93.9,2269.0,95,0.284
"Ragsdale, Carson",SI,22,82.8,92.4,2100.0,95,0.232
"Rainey, Tanner",FF,844,95.5,94.4,2400.0,1285,0.657
"Rainey, Tanner",SL,414,72.7,86.7,2320.0,1285,0.322
"Rajcic, Max",FF,66,87.6,95.5,2262.0,163,0.405
"Rajcic, Max",CU,42,104.8,82.7,2885.0,163,0.258
"Raley, Brooks",ST,871,108.8,81.2,2938.0,2298,0.379
"Raley, Brooks",FC,578,102.4,86.8,2601.0,2298,0.252
"Raley, Brooks",SI,515,83.0,90.2,2391.0,2298,0.224
"Raley, Brooks",CH,327,80.9,84.5,2014.0,2298,0.142
"Ralston, Jack",FS,134,54.5,82.4,887.0,254,0.528
"Ralston, Jack",FF,64,76.0,93.6,2245.0,254,0.252
"Ralston, Jack",SL,56,87.0,85.2,2014.0,254,0.22
"Ramirez, Emmanuel",FF,198,98.7,93.9,2292.0,371,0.534
"Ramirez, Emmanuel",FS,137,89.5,84.5,550.0,371,0.369
"Ramirez, Emmanuel",SL,36,75.4,77.7,2630.0,371,0.097
"Ramirez, Nick",SI,358,87.6,88.7,2037.0,846,0.423
"Ramirez, Nick",CH,236,87.1,78.9,1575.0,846,0.279
"Ramirez, Nick",ST,223,85.6,79.2,2455.0,846,0.264
"Ramos, Wilkin",SI,37,94.7,94.5,2129.0,61,0.607
"Ramsey, Lane",SL,174,89.1,86.6,2426.0,340,0.512
"Ramsey, Lane",FF,165,87.3,94.5,2428.0,340,0.485
"Ramírez, Erasmo",FC,606,97.2,88.8,2347.0,1415,0.428
"Ramírez, Erasmo",SI,452,89.6,91.2,2179.0,1415,0.319
"Ramírez, Erasmo",CU,116,77.9,80.2,2444.0,1415,0.082
"Ramírez, Erasmo",CH,112,78.9,84.1,1660.0,1415,0.079
"Ramírez, Erasmo",FF,66,89.9,91.3,2217.0,1415,0.047
"Ramírez, Erasmo",SL,52,65.1,81.3,2385.0,1415,0.037
"Ramírez, Yohan",SI,1182,90.2,95.3,2202.0,3449,0.343
"Ramírez, Yohan",ST,1138,100.5,83.4,2597.0,3449,0.33
"Ramírez, Yohan",FF,692,99.6,96.2,2346.0,3449,0.201
"Ramírez, Yohan",CU,376,86.1,83.3,2441.0,3449,0.109
"Ramírez, Yohan",CH,30,82.9,89.6,2033.0,3449,0.009
"Ramírez, Yohan",SL,23,86.1,87.0,2568.0,3449,0.007
"Rangel, Alan",FF,244,93.5,92.9,2275.0,665,0.367
"Rangel, Alan",CH,237,85.6,81.1,2041.0,665,0.356
"Rangel, Alan",SL,114,100.2,84.7,2271.0,665,0.171
"Rangel, Alan",CU,70,96.4,73.2,2030.0,665,0.105
"Raquet, Nick",ST,44,106.1,82.6,2427.0,102,0.431
"Raquet, Nick",SI,28,92.5,91.6,2090.0,102,0.275
"Raquet, Nick",SL,20,100.4,84.5,2392.0,102,0.196
"Rashi, Taylor",FF,215,89.2,90.0,2197.0,406,0.53
"Rashi, Taylor",FS,93,76.1,84.8,1308.0,406,0.229
"Rashi, Taylor",SL,58,94.2,83.8,2138.0,406,0.143
"Rashi, Taylor",CU,40,76.0,75.5,2038.0,406,0.099
"Rasmussen, Drew",FF,1916,101.3,96.0,2498.0,6049,0.317
"Rasmussen, Drew",FC,1846,97.8,89.8,2683.0,6049,0.305
"Rasmussen, Drew",SI,1371,101.7,95.4,2412.0,6049,0.227
"Rasmussen, Drew",CH,379,92.7,89.6,1204.0,6049,0.063
"Rasmussen, Drew",ST,299,95.5,84.6,2641.0,6049,0.049
"Rasmussen, Drew",CU,233,88.8,80.2,2690.0,6049,0.039
"Ray, Robbie",FF,2835,94.8,93.5,2345.0,6580,0.431
"Ray, Robbie",SL,1582,87.8,87.1,2235.0,6580,0.24
"Ray, Robbie",CH,929,85.4,85.6,1634.0,6580,0.141
"Ray, Robbie",KC,785,85.2,80.8,2178.0,6580,0.119
"Ray, Robbie",SI,437,81.4,92.6,2237.0,6580,0.066
"Raya, Marco",FF,45,86.4,94.6,2247.0,100,0.45
"Raya, Marco",ST,27,93.0,84.4,2783.0,100,0.27
"Rea, Colin",FF,2881,91.2,93.6,2179.0,9392,0.307
"Rea, Colin",SI,1867,82.5,92.5,2141.0,9392,0.199
"Rea, Colin",FC,1360,89.2,87.3,2191.0,9392,0.145
"Rea, Colin",ST,1096,94.6,82.6,2299.0,9392,0.117
"Rea, Colin",CH,1058,95.6,87.2,1416.0,9392,0.113
"Rea, Colin",CU,635,89.0,79.6,2191.0,9392,0.068
"Rea, Colin",SL,495,88.3,85.7,2173.0,9392,0.053
"Reid-Foley, Sean",FF,365,98.9,95.3,2227.0,543,0.672
"Reid-Foley, Sean",CH,105,96.5,88.7,1264.0,543,0.193
"Reid-Foley, Sean",SL,73,79.0,86.3,2144.0,543,0.134
"Reyes, Denyi",FF,111,88.2,91.8,2164.0,353,0.314
"Reyes, Denyi",SL,81,69.5,78.5,2217.0,353,0.229
"Reyes, Denyi",FC,70,85.2,86.5,2291.0,353,0.198
"Reyes, Denyi",CH,53,88.4,84.7,1336.0,353,0.15
"Reyes, Denyi",SI,38,97.5,91.0,1954.0,353,0.108
"Reyes, Gerardo",FF,167,97.8,96.0,2402.0,292,0.572
"Reyes, Gerardo",SL,93,85.5,83.1,2207.0,292,0.318
"Reyes, Gerardo",SI,26,89.6,95.3,2122.0,292,0.089
"Reynolds, Sean",FF,365,95.1,96.2,2443.0,718,0.508
"Reynolds, Sean",SL,256,99.0,87.5,2412.0,718,0.357
"Reynolds, Sean",ST,57,101.3,82.9,2457.0,718,0.079
"Reynolds, Sean",CH,40,87.1,88.8,1532.0,718,0.056
"Ribalta, Orlando",FF,439,104.5,96.6,2620.0,1348,0.326
"Ribalta, Orlando",SL,428,97.1,86.9,2144.0,1348,0.318
"Ribalta, Orlando",CH,261,88.9,85.9,1975.0,1348,0.194
"Ribalta, Orlando",SI,220,86.5,96.4,2447.0,1348,0.163
"Richards, Trevor",FF,1961,93.7,92.3,2260.0,3866,0.507
"Richards, Trevor",CH,1753,98.0,80.8,2579.0,3866,0.453
"Richards, Trevor",SL,135,76.1,84.7,2186.0,3866,0.035
"Richardson, Lyon",CH,408,98.4,87.0,1792.0,1098,0.372
"Richardson, Lyon",FF,289,89.0,96.0,2338.0,1098,0.263
"Richardson, Lyon",SI,262,93.1,95.2,2264.0,1098,0.239
"Richardson, Lyon",CU,101,84.4,79.3,2506.0,1098,0.092
"Richardson, Lyon",SL,36,72.1,84.3,2456.0,1098,0.033
"Ritchie, JR",CU,325,97.5,83.0,2629.0,1191,0.273
"Ritchie, JR",SI,254,86.9,94.2,2308.0,1191,0.213
"Ritchie, JR",FF,231,99.3,94.7,2361.0,1191,0.194
"Ritchie, JR",CH,208,90.5,88.1,1664.0,1191,0.175
"Ritchie, JR",FC,101,88.9,89.2,2478.0,1191,0.085
"Ritchie, JR",SL,72,91.7,85.1,2560.0,1191,0.06
"Rivera, Eduardo",FF,114,87.2,95.3,2226.0,210,0.543
"Rivera, Eduardo",SL,65,96.1,87.8,2302.0,210,0.31
"Rivera, Eduardo",CH,31,95.2,86.9,1175.0,210,0.148
"Roa, Christian",SI,74,90.3,95.9,2059.0,219,0.338
"Roa, Christian",SL,74,94.9,87.4,2374.0,219,0.338
"Roa, Christian",FF,54,84.6,96.2,2179.0,219,0.247
"Robert, Daniel",ST,156,103.4,83.8,2735.0,358,0.436
"Robert, Daniel",FF,106,88.1,95.6,2480.0,358,0.296
"Robert, Daniel",FC,70,97.9,90.9,2514.0,358,0.196
"Robert, Daniel",SI,25,84.9,95.2,2358.0,358,0.07
"Roberts, Ethan",ST,521,103.3,82.1,3105.0,1026,0.508
"Roberts, Ethan",FC,389,95.8,91.5,2701.0,1026,0.379
"Roberts, Ethan",SI,115,78.4,92.9,2466.0,1026,0.112
"Robertson, David",FC,1488,109.5,93.1,2642.0,2580,0.577
"Robertson, David",KC,694,100.0,84.3,2709.0,2580,0.269
"Robertson, David",SL,325,85.9,84.6,2745.0,2580,0.126
"Robertson, David",CH,39,89.7,87.8,2205.0,2580,0.015
"Robertson, David",SI,34,74.1,93.0,2388.0,2580,0.013
"Robertson, Nick",FF,306,95.0,95.0,2127.0,609,0.502
"Robertson, Nick",CH,174,92.0,88.1,1767.0,609,0.286
"Robertson, Nick",ST,80,98.9,82.9,2669.0,609,0.131
"Robertson, Nick",SL,46,83.2,86.6,2508.0,609,0.076
"Rock, Joe",FF,137,86.9,93.6,2313.0,356,0.385
"Rock, Joe",SL,117,92.2,85.3,2539.0,356,0.329
"Rock, Joe",SI,85,85.0,93.6,2306.0,356,0.239
"Rocker, Kumar",SL,1169,81.5,83.3,2188.0,3730,0.313
"Rocker, Kumar",SI,1041,89.1,94.7,2142.0,3730,0.279
"Rocker, Kumar",FF,662,91.7,95.2,2167.0,3730,0.177
"Rocker, Kumar",FC,616,87.5,90.1,2185.0,3730,0.165
"Rocker, Kumar",CH,150,84.7,89.1,1629.0,3730,0.04
"Rocker, Kumar",CU,72,84.4,77.4,2270.0,3730,0.019
"Rocker, Kumar",FS,20,87.5,88.0,1602.0,3730,0.005
"Rodriguez, Bradgley",CH,516,99.8,90.1,1795.0,1274,0.405
"Rodriguez, Bradgley",FF,354,98.1,98.3,2412.0,1274,0.278
"Rodriguez, Bradgley",SI,320,92.2,97.9,2279.0,1274,0.251
"Rodriguez, Bradgley",SL,71,102.3,88.8,2558.0,1274,0.056
"Rodriguez, Carlos",CH,150,93.6,86.7,1766.0,623,0.241
"Rodriguez, Carlos",FF,145,90.2,93.8,2249.0,623,0.233
"Rodriguez, Carlos",FC,135,88.8,89.4,2188.0,623,0.217
"Rodriguez, Carlos",SI,61,85.5,93.7,2101.0,623,0.098
"Rodriguez, Carlos",ST,58,95.5,80.6,2306.0,623,0.093
"Rodriguez, Carlos",CU,41,91.8,76.1,2327.0,623,0.066
"Rodriguez, Carlos",SL,33,87.4,82.1,2242.0,623,0.053
"Rodriguez, Eduardo",FF,3825,88.4,92.1,2259.0,8787,0.435
"Rodriguez, Eduardo",CH,1958,100.6,85.8,1896.0,8787,0.223
"Rodriguez, Eduardo",FC,1422,89.5,88.9,2240.0,8787,0.162
"Rodriguez, Eduardo",SI,772,81.8,91.8,2236.0,8787,0.088
"Rodriguez, Eduardo",CU,481,96.8,79.6,2314.0,8787,0.055
"Rodriguez, Eduardo",SL,329,90.5,84.4,2136.0,8787,0.037
"Rodriguez, Grayson",FF,2798,101.0,96.6,2272.0,5649,0.495
"Rodriguez, Grayson",CH,1298,86.1,83.4,1784.0,5649,0.23
"Rodriguez, Grayson",CU,652,85.6,80.8,2683.0,5649,0.115
"Rodriguez, Grayson",SL,506,88.3,86.1,2429.0,5649,0.09
"Rodriguez, Grayson",ST,303,97.3,82.3,2405.0,5649,0.054
"Rodriguez, Grayson",FC,92,89.1,90.1,2231.0,5649,0.016
"Rodríguez, Dereck",FF,35,78.5,90.5,2047.0,95,0.368
"Rodríguez, Dereck",CH,22,81.8,83.3,947.0,95,0.232
"Rodríguez, Dereck",FC,22,91.6,85.6,2073.0,95,0.232
"Rodríguez, Elmer",SI,229,87.3,95.8,1893.0,497,0.461
"Rodríguez, Elmer",FF,94,83.7,95.4,1917.0,497,0.189
"Rodríguez, Elmer",CU,72,87.3,78.2,2344.0,497,0.145
"Rodríguez, Elmer",ST,62,77.9,80.4,2437.0,497,0.125
"Rodríguez, Elmer",CH,39,85.1,88.0,1322.0,497,0.078
"Rodríguez, Elvin",FF,175,100.8,94.4,2470.0,378,0.463
"Rodríguez, Elvin",CU,73,91.9,78.7,2775.0,378,0.193
"Rodríguez, Elvin",FC,57,85.4,87.7,2384.0,378,0.151
"Rodríguez, Elvin",ST,34,91.1,82.2,2449.0,378,0.09
"Rodríguez, Elvin",CH,26,101.4,86.7,2143.0,378,0.069
"Rodríguez, Joely",SI,219,83.0,90.5,1943.0,464,0.472
"Rodríguez, Joely",CH,183,85.5,85.9,1118.0,464,0.394
"Rodríguez, Joely",ST,37,87.1,79.3,2211.0,464,0.08
"Rodríguez, José",SI,43,94.6,95.7,2264.0,116,0.371
"Rodríguez, José",CH,35,93.4,87.2,1728.0,116,0.302
"Rodríguez, José",SL,21,89.6,85.0,2339.0,116,0.181
"Rodríguez, Manuel",SL,538,96.0,89.3,2338.0,1131,0.476
"Rodríguez, Manuel",SI,366,88.9,96.9,2161.0,1131,0.324
"Rodríguez, Manuel",FF,223,98.6,96.7,2344.0,1131,0.197
"Rodríguez, Randy",FF,874,104.0,97.5,2593.0,1686,0.518
"Rodríguez, Randy",SL,710,105.8,85.5,2774.0,1686,0.421
"Rodríguez, Randy",SI,53,76.1,96.3,2560.0,1686,0.031
"Rodríguez, Randy",CH,49,84.2,89.7,1957.0,1686,0.029
"Rodríguez, Yariel",FF,1125,92.0,94.7,2398.0,2831,0.397
"Rodríguez, Yariel",SL,970,93.9,85.2,2739.0,2831,0.343
"Rodríguez, Yariel",FS,322,88.2,89.0,1557.0,2831,0.114
"Rodríguez, Yariel",SI,257,82.7,94.2,2328.0,2831,0.091
"Rodríguez, Yariel",CU,157,91.9,78.3,2762.0,2831,0.055
"Rodríguez, Yerry",FF,389,93.1,96.7,2424.0,715,0.544
"Rodríguez, Yerry",SL,237,93.0,84.0,2529.0,715,0.331
"Rodríguez, Yerry",CH,70,92.3,86.3,1881.0,715,0.098
"Rodón, Carlos",FF,4215,96.6,94.8,2364.0,8870,0.475
"Rodón, Carlos",SL,2399,101.2,86.2,2616.0,8870,0.27
"Rodón, Carlos",CH,1177,93.2,85.2,1644.0,8870,0.133
"Rodón, Carlos",SI,487,82.8,92.5,2257.0,8870,0.055
"Rodón, Carlos",CU,478,90.7,80.6,2665.0,8870,0.054
"Rodón, Carlos",FC,114,82.9,91.9,2398.0,8870,0.013
"Rogers, Josh",ST,65,94.0,78.6,2290.0,170,0.382
"Rogers, Josh",FF,61,78.1,89.5,2179.0,170,0.359
"Rogers, Josh",SL,20,87.7,81.0,2285.0,170,0.118
"Rogers, Taylor",ST,1927,97.5,78.7,2789.0,3803,0.507
"Rogers, Taylor",SI,1701,89.2,92.8,2135.0,3803,0.447
"Rogers, Taylor",FC,163,83.8,88.2,2335.0,3803,0.043
"Rogers, Trevor",FF,2739,96.6,93.1,2439.0,6802,0.403
"Rogers, Trevor",CH,1552,98.8,86.2,1560.0,6802,0.228
"Rogers, Trevor",SI,1105,85.1,92.3,2356.0,6802,0.162
"Rogers, Trevor",FC,905,75.3,82.3,2228.0,6802,0.133
"Rogers, Trevor",ST,501,101.6,78.2,2109.0,6802,0.074
"Rogers, Tyler",SI,2683,112.7,83.0,1959.0,4072,0.659
"Rogers, Tyler",SL,1372,87.8,73.4,2376.0,4072,0.337
"Rojas, Kendry",FF,226,94.9,96.0,2253.0,521,0.434
"Rojas, Kendry",SL,144,95.7,89.0,2401.0,521,0.276
"Rojas, Kendry",CH,76,91.1,89.0,1416.0,521,0.146
"Rojas, Kendry",SI,75,90.1,94.8,2034.0,521,0.144
"Rolison, Ryan",FF,701,90.6,93.9,2295.0,1653,0.424
"Rolison, Ryan",CU,387,93.4,79.5,2660.0,1653,0.234
"Rolison, Ryan",SL,238,97.6,86.2,2525.0,1653,0.144
"Rolison, Ryan",ST,149,106.0,85.1,2601.0,1653,0.09
"Rolison, Ryan",SI,143,93.6,95.0,2204.0,1653,0.087
"Rolison, Ryan",CH,35,80.4,88.4,1738.0,1653,0.021
"Rom, Drew",FF,469,92.3,91.0,2317.0,932,0.503
"Rom, Drew",SI,204,82.4,88.4,2124.0,932,0.219
"Rom, Drew",ST,190,88.2,79.7,2154.0,932,0.204
"Rom, Drew",FS,69,73.5,84.6,1162.0,932,0.074
"Romano, Jordan",SL,1388,90.7,85.8,2096.0,2430,0.571
"Romano, Jordan",FF,1030,95.9,95.7,2299.0,2430,0.424
"Romero, JoJo",SI,1257,96.5,93.9,2158.0,3322,0.378
"Romero, JoJo",ST,1133,104.4,83.4,2784.0,3322,0.341
"Romero, JoJo",CH,679,84.4,86.7,1457.0,3322,0.204
"Romero, JoJo",FF,251,86.4,94.8,2254.0,3322,0.076
"Rosenberg, Kenny",FF,430,82.6,90.5,2181.0,946,0.455
"Rosenberg, Kenny",CH,336,86.5,80.8,1582.0,946,0.355
"Rosenberg, Kenny",FC,116,82.2,83.6,2334.0,946,0.123
"Rosenberg, Kenny",CU,57,85.6,77.1,2538.0,946,0.06
"Ross, Joe",SI,723,79.6,94.8,2163.0,2235,0.323
"Ross, Joe",SL,686,87.3,87.0,1966.0,2235,0.307
"Ross, Joe",FF,535,91.3,94.5,2181.0,2235,0.239
"Ross, Joe",CH,170,95.3,90.1,1910.0,2235,0.076
"Ross, Joe",CU,79,77.9,83.5,2106.0,2235,0.035
"Ross, Joe",FS,42,88.9,90.4,1478.0,2235,0.019
"Roupp, Landen",SI,2018,90.2,93.3,2081.0,5455,0.37
"Roupp, Landen",CU,1749,110.4,76.9,3034.0,5455,0.321
"Roupp, Landen",CH,952,100.6,87.0,1845.0,5455,0.175
"Roupp, Landen",FC,505,93.8,89.5,2327.0,5455,0.093
"Roupp, Landen",FF,193,78.1,93.0,2131.0,5455,0.035
"Roupp, Landen",SL,38,81.4,83.9,2742.0,5455,0.007
"Roxby, Braxton",ST,30,95.3,81.4,2708.0,76,0.395
"Roxby, Braxton",SL,22,90.6,87.7,2610.0,76,0.289
"Roycroft, Chris",SI,796,95.4,96.0,2153.0,1618,0.492
"Roycroft, Chris",FF,441,91.5,95.2,2205.0,1618,0.273
"Roycroft, Chris",FC,218,87.6,88.8,2226.0,1618,0.135
"Roycroft, Chris",ST,159,92.3,84.2,2271.0,1618,0.098
"Rucinski, Drew",SL,106,67.2,84.2,2104.0,350,0.303
"Rucinski, Drew",FF,99,85.5,89.0,2069.0,350,0.283
"Rucinski, Drew",SI,93,80.9,89.1,1988.0,350,0.266
"Rucinski, Drew",CH,27,72.9,83.6,916.0,350,0.077
"Rucinski, Drew",CU,25,71.3,78.8,2441.0,350,0.071
"Rucker, Michael",FF,514,98.6,95.3,2313.0,1418,0.362
"Rucker, Michael",FC,341,88.2,89.6,2484.0,1418,0.24
"Rucker, Michael",CU,290,102.3,81.9,2742.0,1418,0.205
"Rucker, Michael",SL,132,85.5,85.9,2580.0,1418,0.093
"Rucker, Michael",SI,106,93.1,95.5,2254.0,1418,0.075
"Rucker, Michael",CH,35,91.3,90.6,1852.0,1418,0.025
"Ruiz, José",CU,710,105.1,85.9,2143.0,1928,0.368
"Ruiz, José",FF,599,94.7,96.3,2296.0,1928,0.311
"Ruiz, José",SI,407,86.1,95.9,2147.0,1928,0.211
"Ruiz, José",CH,180,91.8,89.5,1802.0,1928,0.093
"Ruiz, José",SL,32,92.3,92.2,2334.0,1928,0.017
"Rutledge, Jackson",SI,544,92.5,95.2,2265.0,1867,0.291
"Rutledge, Jackson",SL,459,76.3,85.1,2035.0,1867,0.246
"Rutledge, Jackson",FF,430,93.2,95.7,2383.0,1867,0.23
"Rutledge, Jackson",FC,216,87.7,88.8,2169.0,1867,0.116
"Rutledge, Jackson",FS,151,82.9,85.3,1383.0,1867,0.081
"Rutledge, Jackson",CH,44,103.6,89.0,1944.0,1867,0.024
"Rutledge, Jackson",CU,23,78.1,80.0,1890.0,1867,0.012
"Ryan, Joe",FF,4934,101.4,93.3,2266.0,9802,0.503
"Ryan, Joe",FS,1783,96.3,86.4,1797.0,9802,0.182
"Ryan, Joe",ST,1372,83.6,80.4,2710.0,9802,0.14
"Ryan, Joe",SI,692,86.5,93.1,2118.0,9802,0.071
"Ryan, Joe",SL,649,81.0,86.7,2336.0,9802,0.066
"Ryan, Joe",KC,372,97.4,79.1,2783.0,9802,0.038
"Ryan, River",FF,132,93.9,96.3,2449.0,338,0.391
"Ryan, River",SL,72,98.2,89.8,2509.0,338,0.213
"Ryan, River",CU,52,94.2,83.1,2611.0,338,0.154
"Ryan, River",SI,35,95.9,94.6,2253.0,338,0.104
"Ryan, River",CH,33,89.9,89.7,1746.0,338,0.098
"Ryan, Ryder",SL,156,81.7,83.8,2335.0,353,0.442
"Ryan, Ryder",SI,145,92.2,94.1,2306.0,353,0.411
"Ryan, Ryder",FF,51,89.4,94.1,2352.0,353,0.144
"Ryu, Hyun Jin",FF,228,84.8,88.7,2066.0,830,0.275
"Ryu, Hyun Jin",CH,189,97.5,78.1,1481.0,830,0.228
"Ryu, Hyun Jin",FC,156,84.2,85.1,2020.0,830,0.188
"Ryu, Hyun Jin",CU,142,81.7,68.9,2473.0,830,0.171
"Ryu, Hyun Jin",SI,115,91.4,87.7,1973.0,830,0.139
"Ríos, Yacksel",FF,47,91.1,96.7,2272.0,75,0.627
"Ríos, Yacksel",SL,20,85.7,86.5,2179.0,75,0.267
"Saalfrank, Andrew",SI,312,82.1,90.3,2224.0,609,0.512
"Saalfrank, Andrew",CU,256,91.5,80.6,2192.0,609,0.42
"Saalfrank, Andrew",FF,41,94.2,89.2,2351.0,609,0.067
"Sabrowski, Erik",FF,968,99.1,93.9,2577.0,1489,0.65
"Sabrowski, Erik",CU,275,92.9,80.9,2649.0,1489,0.185
"Sabrowski, Erik",SL,246,100.6,86.9,2566.0,1489,0.165
"Salazar, Eduardo",SI,608,88.5,94.1,2026.0,1278,0.476
"Salazar, Eduardo",SL,460,81.0,87.4,2014.0,1278,0.36
"Salazar, Eduardo",FF,187,86.7,95.0,2180.0,1278,0.146
"Salazar, Eduardo",CH,22,70.3,87.1,1812.0,1278,0.017
"Sale, Chris",SL,3738,116.4,78.9,2377.0,9051,0.413
"Sale, Chris",FF,3691,97.8,95.0,2271.0,9051,0.408
"Sale, Chris",CH,1034,93.6,87.1,1892.0,9051,0.114
"Sale, Chris",SI,588,94.7,94.4,2124.0,9051,0.065
"Samaniego, Tyler",SI,128,93.6,93.0,2206.0,314,0.408
"Samaniego, Tyler",FF,84,92.6,93.6,2160.0,314,0.268
"Samaniego, Tyler",ST,59,96.6,82.2,2392.0,314,0.188
"Samaniego, Tyler",FC,24,91.8,88.4,2315.0,314,0.076
"Sammons, Bryan",FF,147,88.5,91.5,2121.0,374,0.393
"Sammons, Bryan",FC,95,88.0,86.8,2166.0,374,0.254
"Sammons, Bryan",ST,72,92.3,80.1,2391.0,374,0.193
"Sammons, Bryan",CH,31,88.0,81.3,1148.0,374,0.083
"Sammons, Bryan",CU,29,87.8,75.9,2231.0,374,0.078
"Sanders, Cam",FF,318,94.8,95.9,2579.0,675,0.471
"Sanders, Cam",SL,240,90.7,85.8,2715.0,675,0.356
"Sanders, Cam",CH,86,89.0,90.7,1706.0,675,0.127
"Sandlin, David",FF,174,95.1,96.5,2292.0,553,0.315
"Sandlin, David",CU,128,90.7,83.1,2568.0,553,0.231
"Sandlin, David",FC,109,93.4,91.1,2356.0,553,0.197
"Sandlin, David",ST,55,97.5,86.2,2651.0,553,0.099
"Sandlin, David",SI,49,80.0,95.2,2134.0,553,0.089
"Sandlin, David",CH,38,84.5,91.0,1314.0,553,0.069
"Sandlin, Nick",SL,1059,84.2,79.0,2589.0,2422,0.437
"Sandlin, Nick",FF,643,89.6,92.2,2344.0,2422,0.265
"Sandlin, Nick",FS,397,95.4,84.8,1611.0,2422,0.164
"Sandlin, Nick",SI,323,84.7,92.4,2177.0,2422,0.133
"Sandoval, Patrick",CH,1368,104.2,83.0,1740.0,5143,0.266
"Sandoval, Patrick",SL,1267,107.7,87.2,2502.0,5143,0.246
"Sandoval, Patrick",FF,1159,88.5,93.2,2013.0,5143,0.225
"Sandoval, Patrick",SI,749,88.3,93.6,1964.0,5143,0.146
"Sandoval, Patrick",CU,409,102.5,76.4,2729.0,5143,0.08
"Sandoval, Patrick",ST,191,97.2,81.3,2701.0,5143,0.037
"Sands, Cole",FF,873,93.2,94.9,2323.0,2919,0.299
"Sands, Cole",FC,692,91.0,89.9,2447.0,2919,0.237
"Sands, Cole",FS,577,94.7,87.7,1449.0,2919,0.198
"Sands, Cole",CU,482,94.8,81.7,2874.0,2919,0.165
"Sands, Cole",SI,291,86.1,93.9,2226.0,2919,0.1
"Sanmartin, Reiver",CH,237,93.6,85.5,2115.0,679,0.349
"Sanmartin, Reiver",SI,226,89.0,90.9,2263.0,679,0.333
"Sanmartin, Reiver",SL,146,99.1,81.6,2536.0,679,0.215
"Sanmartin, Reiver",FF,70,90.2,91.1,2238.0,679,0.103
"Santa, Alimber",ST,90,101.2,82.6,2786.0,238,0.378
"Santa, Alimber",SL,74,88.7,87.4,2327.0,238,0.311
"Santa, Alimber",SI,56,76.5,93.9,1937.0,238,0.235
"Santana, Dennis",SL,1171,93.6,86.4,2535.0,3162,0.37
"Santana, Dennis",FF,848,93.8,94.9,2462.0,3162,0.268
"Santana, Dennis",FC,432,96.5,90.2,2563.0,3162,0.137
"Santana, Dennis",SI,401,88.6,94.6,2401.0,3162,0.127
"Santana, Dennis",CH,308,92.5,88.2,2195.0,3162,0.097
"Santillan, Tony",FF,1569,97.0,95.9,2344.0,1924,0.815
"Santillan, Tony",SL,349,86.0,86.5,2210.0,1924,0.181
"Santos, Gregory",SL,740,106.7,90.8,2521.0,1371,0.54
"Santos, Gregory",SI,595,89.6,98.5,2383.0,1371,0.434
"Santos, Gregory",CH,20,89.2,93.2,2181.0,1371,0.015
"Sasaki, Roki",FF,1140,94.9,97.4,2235.0,2279,0.5
"Sasaki, Roki",FS,593,106.3,90.2,915.0,2279,0.26
"Sasaki, Roki",SL,447,103.1,86.6,2050.0,2279,0.196
"Sasaki, Roki",ST,97,90.9,81.9,1870.0,2279,0.043
"Saucedo, Tayler",SI,767,88.5,91.7,2307.0,1978,0.388
"Saucedo, Tayler",CH,427,93.7,85.7,2207.0,1978,0.216
"Saucedo, Tayler",SL,316,89.1,83.9,2365.0,1978,0.16
"Saucedo, Tayler",ST,303,98.6,81.8,2337.0,1978,0.153
"Saucedo, Tayler",FF,103,87.0,92.2,2433.0,1978,0.052
"Saucedo, Tayler",CU,62,94.2,76.9,2431.0,1978,0.031
"Sauer, Matt",FF,261,89.7,94.7,2154.0,839,0.311
"Sauer, Matt",FC,163,95.4,90.0,2533.0,839,0.194
"Sauer, Matt",SI,118,87.2,94.5,2097.0,839,0.141
"Sauer, Matt",SL,96,82.9,83.8,2468.0,839,0.114
"Sauer, Matt",ST,77,111.8,85.6,2473.0,839,0.092
"Sauer, Matt",FS,66,88.3,86.7,1445.0,839,0.079
"Sauer, Matt",CU,58,87.6,81.8,2532.0,839,0.069
"Sborz, Josh",FF,432,91.3,96.3,2339.0,1117,0.387
"Sborz, Josh",SL,406,98.3,88.3,2107.0,1117,0.363
"Sborz, Josh",CU,279,103.2,84.7,2239.0,1117,0.25
"Scherzer, Max",FF,2749,93.4,93.4,2354.0,5864,0.469
"Scherzer, Max",SL,1121,81.7,85.1,2365.0,5864,0.191
"Scherzer, Max",CH,837,84.6,84.0,1363.0,5864,0.143
"Scherzer, Max",CU,760,89.7,75.4,2704.0,5864,0.13
"Scherzer, Max",FC,397,92.7,88.1,2435.0,5864,0.068
"Schlittler, Cam",FF,1988,102.5,98.0,2504.0,4186,0.475
"Schlittler, Cam",FC,1007,105.0,94.0,2575.0,4186,0.241
"Schlittler, Cam",SI,649,93.9,97.8,2370.0,4186,0.155
"Schlittler, Cam",CU,470,106.5,85.1,2566.0,4186,0.112
"Schlittler, Cam",SL,43,89.2,89.8,2499.0,4186,0.01
"Schlittler, Cam",ST,29,103.1,87.9,2444.0,4186,0.007
"Schmidt, Clarke",FC,1778,103.9,91.9,2726.0,5408,0.329
"Schmidt, Clarke",ST,1238,105.6,85.4,2993.0,5408,0.229
"Schmidt, Clarke",SI,1051,84.3,93.6,2549.0,5408,0.194
"Schmidt, Clarke",KC,984,97.7,84.0,3005.0,5408,0.182
"Schmidt, Clarke",SL,212,111.2,85.2,3041.0,5408,0.039
"Schmidt, Clarke",FF,98,99.6,94.3,2606.0,5408,0.018
"Schmidt, Clarke",CH,47,89.5,89.1,2174.0,5408,0.009
"Scholtens, Jesse",FF,843,91.9,93.0,2100.0,2324,0.363
"Scholtens, Jesse",SL,802,94.4,86.4,2343.0,2324,0.345
"Scholtens, Jesse",CU,239,91.5,74.0,2210.0,2324,0.103
"Scholtens, Jesse",SI,169,87.2,92.1,2171.0,2324,0.073
"Scholtens, Jesse",FS,116,97.8,84.1,1026.0,2324,0.05
"Scholtens, Jesse",ST,112,89.7,80.6,2485.0,2324,0.048
"Scholtens, Jesse",CH,43,87.5,85.8,1461.0,2324,0.019
"Schreiber, John",ST,1108,86.9,81.7,2592.0,3747,0.296
"Schreiber, John",FF,1061,90.2,93.5,2219.0,3747,0.283
"Schreiber, John",SI,903,92.6,92.8,2200.0,3747,0.241
"Schreiber, John",FC,472,84.2,89.3,2421.0,3747,0.126
"Schreiber, John",CH,203,85.2,86.8,1475.0,3747,0.054
"Schultz, Noah",SI,315,93.4,95.2,2448.0,1220,0.258
"Schultz, Noah",FF,270,90.5,95.3,2469.0,1220,0.221
"Schultz, Noah",FC,264,98.0,89.9,2634.0,1220,0.216
"Schultz, Noah",ST,211,98.7,82.6,2818.0,1220,0.173
"Schultz, Noah",CH,120,96.5,89.2,1985.0,1220,0.098
"Schultz, Noah",CU,40,100.1,82.2,2733.0,1220,0.033
"Schultz, Paxton",FC,399,96.8,88.8,2250.0,1055,0.378
"Schultz, Paxton",FF,372,96.1,93.7,2252.0,1055,0.353
"Schultz, Paxton",CH,174,65.5,86.5,1751.0,1055,0.165
"Schultz, Paxton",SL,110,61.3,85.1,2243.0,1055,0.104
"Schweitzer, Tyler",FF,217,97.9,94.0,2400.0,566,0.383
"Schweitzer, Tyler",SL,212,90.1,88.2,2405.0,566,0.375
"Schweitzer, Tyler",CH,58,96.7,88.7,2247.0,566,0.102
"Schweitzer, Tyler",ST,42,86.8,82.4,2662.0,566,0.074
"Schwellenbach, Spencer",FF,1073,101.7,96.6,2293.0,3366,0.319
"Schwellenbach, Spencer",SL,639,100.1,87.1,2419.0,3366,0.19
"Schwellenbach, Spencer",FC,469,96.1,93.3,2344.0,3366,0.139
"Schwellenbach, Spencer",FS,454,99.3,84.6,1360.0,3366,0.135
"Schwellenbach, Spencer",CU,441,96.5,80.8,2358.0,3366,0.131
"Schwellenbach, Spencer",SI,290,98.0,95.4,2104.0,3366,0.086
"Scott, Christian",FF,1303,99.6,95.1,2278.0,2676,0.487
"Scott, Christian",ST,578,97.7,81.8,2516.0,2676,0.216
"Scott, Christian",FC,358,94.4,89.7,2416.0,2676,0.134
"Scott, Christian",FS,164,80.3,84.7,1265.0,2676,0.061
"Scott, Christian",SL,140,77.2,87.3,2392.0,2676,0.052
"Scott, Christian",CU,100,89.7,81.9,2677.0,2676,0.037
"Scott, Christian",SI,33,83.9,92.2,2170.0,2676,0.012
"Scott, Tanner",FF,2175,98.2,96.8,2567.0,4190,0.519
"Scott, Tanner",SL,2011,118.9,89.1,2678.0,4190,0.48
"Scott, Tayler",FF,870,87.8,92.5,2115.0,2073,0.42
"Scott, Tayler",ST,499,84.6,83.8,2831.0,2073,0.241
"Scott, Tayler",FS,465,83.5,85.0,1465.0,2073,0.224
"Scott, Tayler",SI,191,84.8,93.3,2190.0,2073,0.092
"Scott, Tayler",SL,35,76.2,86.3,2832.0,2073,0.017
"Seabold, Connor",FF,1181,90.7,92.8,2115.0,2218,0.532
"Seabold, Connor",SL,555,83.5,85.0,2439.0,2218,0.25
"Seabold, Connor",CH,357,81.1,81.5,2050.0,2218,0.161
"Seabold, Connor",FC,83,86.8,86.6,2426.0,2218,0.037
"Seabold, Connor",CU,28,67.4,78.7,2589.0,2218,0.013
"Sears, Andrew",FF,146,93.0,94.0,2188.0,323,0.452
"Sears, Andrew",SL,98,91.6,82.1,2330.0,323,0.303
"Sears, Andrew",CH,43,88.5,87.3,1571.0,323,0.133
"Sears, Andrew",SI,36,86.4,92.9,2370.0,323,0.111
"Sears, JP",FF,3594,91.1,92.5,2081.0,8606,0.418
"Sears, JP",ST,1972,87.0,79.6,2397.0,8606,0.229
"Sears, JP",CH,1446,80.5,83.9,1649.0,8606,0.168
"Sears, JP",SL,917,83.1,81.0,2400.0,8606,0.107
"Sears, JP",SI,548,85.3,90.4,1907.0,8606,0.064
"Sears, JP",CU,104,78.6,79.5,2367.0,8606,0.012
"Sears, JP",FC,25,54.2,88.1,2081.0,8606,0.003
"Seelinger, Matt",FC,22,97.6,86.6,2384.0,52,0.423
"Seelinger, Matt",FF,20,111.6,92.8,2452.0,52,0.385
"Selby, Colin",SI,328,94.4,96.2,2220.0,763,0.43
"Selby, Colin",SL,217,94.9,88.3,2615.0,763,0.284
"Selby, Colin",KC,155,84.1,82.8,2710.0,763,0.203
"Selby, Colin",FF,63,92.2,95.2,2219.0,763,0.083
"Senga, Kodai",FF,2136,93.1,95.5,2331.0,4354,0.491
"Senga, Kodai",FC,1249,91.2,90.3,2481.0,4354,0.287
"Senga, Kodai",ST,406,81.1,80.7,2570.0,4354,0.093
"Senga, Kodai",SL,305,84.1,84.8,2491.0,4354,0.07
"Senga, Kodai",SI,150,70.8,89.0,2215.0,4354,0.034
"Senga, Kodai",CU,108,74.3,71.3,2473.0,4354,0.025
"Senzatela, Antonio",FF,1838,88.8,95.4,2237.0,3762,0.489
"Senzatela, Antonio",SL,515,82.3,86.7,2272.0,3762,0.137
"Senzatela, Antonio",CU,453,86.8,81.0,2466.0,3762,0.12
"Senzatela, Antonio",FC,426,96.5,92.2,2270.0,3762,0.113
"Senzatela, Antonio",CH,278,88.8,88.1,2196.0,3762,0.074
"Senzatela, Antonio",SI,252,92.0,96.5,2202.0,3762,0.067
"Severino, Luis",FF,2730,95.4,96.3,2253.0,8330,0.328
"Severino, Luis",SI,1591,91.8,95.7,2109.0,8330,0.191
"Severino, Luis",ST,1456,108.4,84.8,2590.0,8330,0.175
"Severino, Luis",FC,1182,91.8,92.8,2314.0,8330,0.142
"Severino, Luis",CH,724,88.6,86.4,1574.0,8330,0.087
"Severino, Luis",SL,647,93.6,85.9,2592.0,8330,0.078
"Sewald, Paul",FF,1610,91.5,91.5,2533.0,2806,0.574
"Sewald, Paul",ST,1174,93.7,83.2,2492.0,2806,0.418
"Seymour, Carson",SI,437,91.7,96.3,2253.0,1131,0.386
"Seymour, Carson",SL,256,82.8,87.8,2087.0,1131,0.226
"Seymour, Carson",FF,220,94.1,97.0,2286.0,1131,0.195
"Seymour, Carson",FC,174,84.3,94.1,2416.0,1131,0.154
"Seymour, Carson",CU,30,62.8,85.1,1871.0,1131,0.027
"Seymour, Ian",CH,912,100.0,83.5,1651.0,3055,0.299
"Seymour, Ian",FF,879,90.4,91.5,2183.0,3055,0.288
"Seymour, Ian",ST,464,110.5,81.6,2173.0,3055,0.152
"Seymour, Ian",SI,387,85.1,90.1,1971.0,3055,0.127
"Seymour, Ian",FC,225,86.5,88.2,2152.0,3055,0.074
"Seymour, Ian",SL,158,88.3,83.1,2121.0,3055,0.052
"Seymour, Ian",CU,30,87.7,73.6,1961.0,3055,0.01
"Shaw, Bryan",FC,453,98.3,93.8,2419.0,868,0.522
"Shaw, Bryan",ST,167,91.4,83.5,2637.0,868,0.192
"Shaw, Bryan",CU,119,81.1,81.8,2202.0,868,0.137
"Shaw, Bryan",SI,103,75.8,93.8,2090.0,868,0.119
"Shaw, Bryan",CH,26,79.2,82.9,1736.0,868,0.03
"Sheehan, Emmet",FF,1928,95.3,95.0,2401.0,4040,0.477
"Sheehan, Emmet",SL,1100,96.7,87.1,2337.0,4040,0.272
"Sheehan, Emmet",CH,660,93.4,85.1,1420.0,4040,0.163
"Sheehan, Emmet",CU,311,87.9,77.8,2634.0,4040,0.077
"Sheehan, Emmet",ST,40,84.5,79.3,2459.0,4040,0.01
"Sherriff, Ryan",SI,57,88.3,88.7,2023.0,104,0.548
"Sherriff, Ryan",SL,46,97.0,79.3,2597.0,104,0.442
"Shook, TJ",FF,59,88.3,92.5,2158.0,134,0.44
"Shook, TJ",ST,31,98.8,81.6,2293.0,134,0.231
"Shook, TJ",CH,28,94.8,86.2,1773.0,134,0.209
"Shreve, Chasen",FS,310,99.7,82.0,973.0,751,0.413
"Shreve, Chasen",FF,272,86.3,90.5,2287.0,751,0.362
"Shreve, Chasen",ST,160,98.4,83.0,2260.0,751,0.213
"Shugart, Chase",FC,467,95.7,90.9,2455.0,1661,0.281
"Shugart, Chase",ST,409,92.5,81.6,2710.0,1661,0.246
"Shugart, Chase",SI,404,91.3,94.8,2108.0,1661,0.243
"Shugart, Chase",FF,230,90.5,95.7,2120.0,1661,0.138
"Shugart, Chase",CH,151,81.0,88.9,1812.0,1661,0.091
"Shuster, Jared",FF,1000,86.2,92.1,2162.0,2597,0.385
"Shuster, Jared",SL,759,95.3,85.5,2238.0,2597,0.292
"Shuster, Jared",CH,713,94.8,83.6,1648.0,2597,0.275
"Shuster, Jared",SI,95,78.9,91.8,2128.0,2597,0.037
"Shuster, Jared",FC,28,83.8,88.6,2320.0,2597,0.011
"Silseth, Chase",FF,896,96.3,95.4,2403.0,2303,0.389
"Silseth, Chase",ST,504,93.1,83.8,2826.0,2303,0.219
"Silseth, Chase",FS,472,91.5,87.6,1086.0,2303,0.205
"Silseth, Chase",SI,306,88.0,94.9,2333.0,2303,0.133
"Silseth, Chase",FC,74,90.8,90.3,2478.0,2303,0.032
"Silseth, Chase",CU,26,97.7,79.2,2812.0,2303,0.011
"Silseth, Chase",SL,24,101.0,85.3,2684.0,2303,0.01
"Simpson, Jared",FF,37,93.9,94.6,2333.0,93,0.398
"Simpson, Jared",SI,32,79.1,94.6,2166.0,93,0.344
"Simpson, Josh",ST,200,96.2,82.0,2474.0,766,0.261
"Simpson, Josh",SI,195,89.4,93.7,2221.0,766,0.255
"Simpson, Josh",CU,184,89.2,80.4,2539.0,766,0.24
"Simpson, Josh",FF,79,90.4,94.2,2372.0,766,0.103
"Simpson, Josh",CH,73,94.4,89.0,1969.0,766,0.095
"Simpson, Josh",SL,35,85.5,88.0,2430.0,766,0.046
"Sims, Lucas",ST,1058,107.9,84.0,3064.0,2389,0.443
"Sims, Lucas",FF,937,93.5,94.3,2597.0,2389,0.392
"Sims, Lucas",CU,151,88.8,79.5,3169.0,2389,0.063
"Sims, Lucas",FC,140,103.7,90.9,2736.0,2389,0.059
"Sims, Lucas",SL,84,107.7,85.7,2972.0,2389,0.035
"Sinclair, Jack",ST,56,89.2,83.7,2550.0,133,0.421
"Sinclair, Jack",FF,45,90.5,97.0,2128.0,133,0.338
"Singer, Brady",SI,5061,83.7,91.9,2318.0,11152,0.454
"Singer, Brady",SL,3898,83.1,83.1,2406.0,11152,0.35
"Singer, Brady",ST,801,79.6,81.8,2421.0,11152,0.072
"Singer, Brady",FF,727,91.6,91.5,2399.0,11152,0.065
"Singer, Brady",FC,449,88.4,87.4,2355.0,11152,0.04
"Singer, Brady",CH,216,87.2,87.8,1905.0,11152,0.019
"Sisk, Evan",SI,352,72.0,90.8,1993.0,1120,0.314
"Sisk, Evan",CU,241,90.3,77.5,2223.0,1120,0.215
"Sisk, Evan",ST,218,91.6,80.1,2249.0,1120,0.195
"Sisk, Evan",FF,201,85.6,91.2,2078.0,1120,0.179
"Sisk, Evan",CH,70,69.6,83.6,2130.0,1120,0.062
"Sisk, Evan",FC,34,81.6,87.1,2270.0,1120,0.03
"Skenes, Paul",FF,3144,98.0,97.9,2222.0,7913,0.397
"Skenes, Paul",FS,1294,116.8,93.7,1707.0,7913,0.164
"Skenes, Paul",ST,1125,101.2,84.4,2335.0,7913,0.142
"Skenes, Paul",CH,786,94.5,88.5,1849.0,7913,0.099
"Skenes, Paul",SI,642,92.0,97.1,2208.0,7913,0.081
"Skenes, Paul",SL,539,90.4,86.2,2314.0,7913,0.068
"Skenes, Paul",CU,383,95.6,83.3,2481.0,7913,0.048
"Skubal, Tarik",FF,3062,97.9,96.9,2285.0,9152,0.335
"Skubal, Tarik",CH,2531,108.9,87.0,1764.0,9152,0.277
"Skubal, Tarik",SI,1807,99.3,96.8,2181.0,9152,0.197
"Skubal, Tarik",SL,1347,106.3,89.1,2157.0,9152,0.147
"Skubal, Tarik",CU,396,91.8,79.2,2423.0,9152,0.043
"Slaten, Justin",FC,689,103.9,92.4,2499.0,1818,0.379
"Slaten, Justin",FF,545,102.5,96.6,2431.0,1818,0.3
"Slaten, Justin",ST,344,100.6,84.7,2613.0,1818,0.189
"Slaten, Justin",CU,175,114.0,84.6,2716.0,1818,0.096
"Slaten, Justin",SI,65,115.6,97.3,2380.0,1818,0.036
"Small, Ethan",FF,60,88.3,92.0,2169.0,93,0.645
"Small, Ethan",CH,30,94.2,80.7,1411.0,93,0.323
"Smeltzer, Devin",FF,148,88.7,89.0,2195.0,361,0.41
"Smeltzer, Devin",CH,100,78.8,82.5,1517.0,361,0.277
"Smeltzer, Devin",CU,54,95.0,74.6,2555.0,361,0.15
"Smeltzer, Devin",ST,41,68.5,77.7,2480.0,361,0.114
"Smith, Burch",FF,573,102.3,94.7,2295.0,1182,0.485
"Smith, Burch",FC,251,87.2,87.7,2332.0,1182,0.212
"Smith, Burch",CU,237,87.9,80.7,2424.0,1182,0.201
"Smith, Burch",ST,83,103.0,83.5,2310.0,1182,0.07
"Smith, Burch",CH,34,82.1,84.5,1730.0,1182,0.029
"Smith, Cade",FF,2402,103.8,96.6,2323.0,3549,0.677
"Smith, Cade",FS,794,104.5,87.7,706.0,3549,0.224
"Smith, Cade",ST,353,89.6,84.2,2068.0,3549,0.099
"Smith, Chad",SI,131,87.1,94.9,2146.0,243,0.539
"Smith, Chad",SL,103,77.8,85.2,2187.0,243,0.424
"Smith, Drew",FF,811,95.6,94.9,2512.0,1400,0.579
"Smith, Drew",SL,271,91.2,84.3,2781.0,1400,0.194
"Smith, Drew",CH,118,78.1,85.3,1860.0,1400,0.084
"Smith, Drew",CU,116,91.6,76.7,2701.0,1400,0.083
"Smith, Drew",FC,83,102.6,89.0,2732.0,1400,0.059
"Smith, Dylan",FF,467,97.3,95.4,2464.0,842,0.555
"Smith, Dylan",ST,212,98.0,85.9,2504.0,842,0.252
"Smith, Dylan",SI,69,89.0,95.0,2229.0,842,0.082
"Smith, Dylan",FS,54,90.1,86.1,944.0,842,0.064
"Smith, Dylan",CU,40,86.2,80.8,2506.0,842,0.048
"Smith, Hagen",FF,218,91.1,93.8,2403.0,451,0.483
"Smith, Hagen",SL,139,97.3,83.1,2412.0,451,0.308
"Smith, Hagen",FC,83,88.6,88.5,2468.0,451,0.184
"Smith, Shane",FF,1147,97.8,95.6,2278.0,2601,0.441
"Smith, Shane",CH,439,92.1,90.0,1588.0,2601,0.169
"Smith, Shane",CU,399,85.8,82.2,2203.0,2601,0.153
"Smith, Shane",SI,332,93.6,95.7,2124.0,2601,0.128
"Smith, Shane",SL,281,94.7,89.6,2200.0,2601,0.108
"Smith, Will",SL,731,99.6,80.9,2360.0,1531,0.477
"Smith, Will",FF,529,89.4,91.9,2208.0,1531,0.346
"Smith, Will",CU,148,92.8,76.6,2080.0,1531,0.097
"Smith, Will",CH,123,106.8,86.0,1987.0,1531,0.08
"Smith-Shawver, AJ",FF,820,94.7,95.4,2147.0,1768,0.464
"Smith-Shawver, AJ",FS,463,93.8,83.3,1162.0,1768,0.262
"Smith-Shawver, AJ",CU,232,89.5,76.8,2300.0,1768,0.131
"Smith-Shawver, AJ",SL,164,73.0,85.2,2010.0,1768,0.093
"Smith-Shawver, AJ",SI,40,85.4,95.0,2087.0,1768,0.023
"Smith-Shawver, AJ",CH,35,81.1,86.1,1380.0,1768,0.02
"Smyly, Drew",KC,1680,96.5,79.0,2168.0,3414,0.492
"Smyly, Drew",SI,1407,64.9,92.2,2091.0,3414,0.412
"Smyly, Drew",FC,320,85.6,88.6,2080.0,3414,0.094
"Snead, Kirby",SI,154,89.3,92.7,2328.0,387,0.398
"Snead, Kirby",SL,117,96.8,81.9,2739.0,387,0.302
"Snead, Kirby",FF,64,92.8,92.7,2406.0,387,0.165
"Snead, Kirby",CH,52,97.6,87.2,2064.0,387,0.134
"Snell, Blake",FF,3128,98.0,95.6,2441.0,6629,0.472
"Snell, Blake",CU,1458,106.6,80.8,2460.0,6629,0.22
"Snell, Blake",CH,1258,112.9,86.0,1802.0,6629,0.19
"Snell, Blake",SL,782,84.9,88.4,2337.0,6629,0.118
"Snelling, Robby",CU,29,98.2,83.4,2599.0,86,0.337
"Snelling, Robby",FF,28,99.1,95.3,2517.0,86,0.326
"Snider, Collin",ST,448,87.6,82.4,2728.0,1468,0.305
"Snider, Collin",FF,407,98.8,93.7,2588.0,1468,0.277
"Snider, Collin",FC,269,94.5,88.9,2646.0,1468,0.183
"Snider, Collin",SI,255,76.2,94.8,2492.0,1468,0.174
"Snider, Collin",SL,88,88.9,84.9,2789.0,1468,0.06
"Solesky, Chase",SI,22,99.7,93.2,1974.0,58,0.379
"Solomon, Peter",FF,129,81.8,93.2,2236.0,236,0.547
"Solomon, Peter",FC,35,87.5,88.7,2342.0,236,0.148
"Solomon, Peter",CU,34,92.4,80.0,1935.0,236,0.144
"Solomon, Peter",SL,28,89.1,85.0,2297.0,236,0.119
"Sommers, Drew",SI,301,88.2,94.8,2148.0,707,0.426
"Sommers, Drew",FF,222,95.1,94.8,2201.0,707,0.314
"Sommers, Drew",SL,161,107.2,83.1,2300.0,707,0.228
"Sommers, Drew",CH,23,86.1,88.2,1771.0,707,0.033
"Soriano, George",FF,1037,88.7,95.3,2146.0,3225,0.322
"Soriano, George",CH,849,96.9,89.2,1709.0,3225,0.263
"Soriano, George",ST,738,85.2,84.1,2754.0,3225,0.229
"Soriano, George",SL,388,92.2,88.0,2619.0,3225,0.12
"Soriano, George",SI,213,87.8,95.8,2194.0,3225,0.066
"Soriano, José",SI,3102,92.5,97.1,1914.0,8008,0.387
"Soriano, José",KC,2191,101.1,85.7,2403.0,8008,0.274
"Soriano, José",FF,1247,91.9,97.8,2186.0,8008,0.156
"Soriano, José",FS,1026,99.7,92.7,1570.0,8008,0.128
"Soriano, José",SL,432,87.9,90.0,2368.0,8008,0.054
"Soroka, Michael",FF,1904,93.4,93.5,2519.0,4085,0.466
"Soroka, Michael",SI,757,88.5,92.7,2312.0,4085,0.185
"Soroka, Michael",CH,613,84.8,84.0,2223.0,4085,0.15
"Soroka, Michael",SL,586,80.5,82.3,2795.0,4085,0.143
"Soroka, Michael",FC,212,87.0,89.0,2612.0,4085,0.052
"Soto, Gregory",SI,1840,97.9,97.2,2322.0,4063,0.453
"Soto, Gregory",SL,1348,95.4,86.1,2468.0,4063,0.332
"Soto, Gregory",FF,528,94.8,97.8,2311.0,4063,0.13
"Soto, Gregory",ST,333,98.9,83.3,2579.0,4063,0.082
"Sousa, Bennett",SL,830,105.6,85.7,2321.0,1383,0.6
"Sousa, Bennett",FF,486,93.1,94.7,2210.0,1383,0.351
"Sousa, Bennett",SI,62,66.5,93.3,2187.0,1383,0.045
"Speas, Alex",SL,69,100.1,91.2,2712.0,104,0.663
"Speier, Gabe",SI,996,92.7,94.3,2054.0,2779,0.358
"Speier, Gabe",FF,975,97.9,94.8,2236.0,2779,0.351
"Speier, Gabe",SL,780,85.3,83.6,2166.0,2779,0.281
"Spence, Mitch",FC,1668,98.8,90.9,2624.0,4033,0.414
"Spence, Mitch",SL,1209,90.0,84.4,2759.0,4033,0.3
"Spence, Mitch",CU,572,84.7,81.1,2801.0,4033,0.142
"Spence, Mitch",SI,521,70.5,92.1,1930.0,4033,0.129
"Spence, Mitch",CH,63,69.1,88.2,1630.0,4033,0.016
"Spiers, Carson",FF,582,92.4,92.5,2320.0,2149,0.271
"Spiers, Carson",ST,511,90.2,81.4,2726.0,2149,0.238
"Spiers, Carson",SI,393,92.7,92.1,2163.0,2149,0.183
"Spiers, Carson",FC,363,91.1,88.0,2431.0,2149,0.169
"Spiers, Carson",CH,287,89.0,86.6,1661.0,2149,0.134
"Springs, Jeffrey",FF,2594,87.6,90.9,2158.0,6067,0.428
"Springs, Jeffrey",CH,1580,102.3,79.4,1389.0,6067,0.26
"Springs, Jeffrey",SL,1256,94.6,83.8,2238.0,6067,0.207
"Springs, Jeffrey",ST,360,88.7,77.1,2302.0,6067,0.059
"Springs, Jeffrey",FC,277,84.5,87.1,2198.0,6067,0.046
"Sproat, Brandon",SI,522,86.6,96.0,1979.0,1936,0.27
"Sproat, Brandon",FF,448,94.0,96.8,2050.0,1936,0.231
"Sproat, Brandon",FC,347,96.5,93.0,2144.0,1936,0.179
"Sproat, Brandon",ST,228,105.1,85.8,2496.0,1936,0.118
"Sproat, Brandon",CU,207,91.8,82.3,2505.0,1936,0.107
"Sproat, Brandon",CH,174,84.7,91.0,1689.0,1936,0.09
"Stallings, Garrett",CH,79,91.3,81.1,1636.0,194,0.407
"Stallings, Garrett",FC,51,101.6,88.1,2155.0,194,0.263
"Stallings, Garrett",SI,49,86.5,91.6,1833.0,194,0.253
"Stanek, Ryne",FF,2282,96.0,98.1,2339.0,3955,0.577
"Stanek, Ryne",SL,790,98.8,88.5,2461.0,3955,0.2
"Stanek, Ryne",FS,657,82.8,89.4,1053.0,3955,0.166
"Stanek, Ryne",SI,126,93.9,96.6,2186.0,3955,0.032
"Stanek, Ryne",ST,100,90.0,84.4,2574.0,3955,0.025
"Staumont, Josh",SL,338,100.5,86.4,2581.0,779,0.434
"Staumont, Josh",FF,201,91.3,95.3,2274.0,779,0.258
"Staumont, Josh",SI,162,84.1,95.4,2205.0,779,0.208
"Staumont, Josh",CU,78,94.6,81.6,2699.0,779,0.1
"Steele, Justin",FF,2979,99.0,91.7,2407.0,4873,0.611
"Steele, Justin",SL,1556,95.0,83.2,2683.0,4873,0.319
"Steele, Justin",SI,163,87.6,91.5,2383.0,4873,0.033
"Steele, Justin",CH,99,95.0,86.4,1656.0,4873,0.02
"Steele, Justin",CU,76,90.7,80.0,2716.0,4873,0.016
"Stephan, Trevor",FF,538,95.9,94.9,2528.0,1126,0.478
"Stephan, Trevor",FS,317,89.8,86.5,1288.0,1126,0.282
"Stephan, Trevor",SL,271,103.6,85.4,2619.0,1126,0.241
"Stephens, Jackson",SI,64,92.9,92.6,1910.0,277,0.231
"Stephens, Jackson",CU,56,89.7,75.0,2933.0,277,0.202
"Stephens, Jackson",FF,54,81.0,93.2,2057.0,277,0.195
"Stephens, Jackson",FC,43,91.8,90.7,2343.0,277,0.155
"Stephens, Jackson",SL,38,89.4,88.8,2434.0,277,0.137
"Stephens, Jackson",CH,22,86.0,85.1,1648.0,277,0.079
"Stephenson, Robert",FC,420,104.6,88.3,2869.0,905,0.464
"Stephenson, Robert",FF,203,91.8,96.8,2405.0,905,0.224
"Stephenson, Robert",SL,187,75.2,84.7,2988.0,905,0.207
"Stephenson, Robert",FS,93,83.8,88.7,1627.0,905,0.103
"Sterner, Justin",FF,897,96.7,93.5,2360.0,1881,0.477
"Sterner, Justin",FC,595,94.0,87.8,2672.0,1881,0.316
"Sterner, Justin",ST,389,82.9,81.4,2721.0,1881,0.207
"Stewart, Brock",FF,751,103.7,96.5,2604.0,1662,0.452
"Stewart, Brock",ST,336,103.9,84.4,2551.0,1662,0.202
"Stewart, Brock",FC,222,93.3,93.1,2449.0,1662,0.134
"Stewart, Brock",SI,192,87.7,95.9,2326.0,1662,0.116
"Stewart, Brock",CH,161,94.4,89.8,1619.0,1662,0.097
"Stock, Robert",FC,202,82.5,90.8,2391.0,619,0.326
"Stock, Robert",SI,144,80.5,94.1,2179.0,619,0.233
"Stock, Robert",FF,140,67.0,95.7,2280.0,619,0.226
"Stock, Robert",ST,73,67.2,81.0,2503.0,619,0.118
"Stock, Robert",CH,51,52.7,80.8,1569.0,619,0.082
"Stone, Gavin",CH,761,94.9,87.0,1633.0,2700,0.282
"Stone, Gavin",FF,708,93.7,94.7,2218.0,2700,0.262
"Stone, Gavin",SI,545,96.3,95.2,2088.0,2700,0.202
"Stone, Gavin",SL,353,100.1,88.5,2092.0,2700,0.131
"Stone, Gavin",FC,203,94.2,91.4,2365.0,2700,0.075
"Stone, Gavin",CU,93,87.7,83.2,2318.0,2700,0.034
"Stone, Gavin",ST,37,118.0,87.7,2242.0,2700,0.014
"Stoudt, Levi",FF,106,90.1,94.4,2120.0,221,0.48
"Stoudt, Levi",SL,77,85.1,84.1,2268.0,221,0.348
"Stoudt, Levi",CU,21,82.3,78.0,2141.0,221,0.095
"Strahm, Matt",FF,1744,98.4,92.9,2493.0,3938,0.443
"Strahm, Matt",SL,1032,101.6,82.4,2701.0,3938,0.262
"Strahm, Matt",SI,648,87.2,92.8,2408.0,3938,0.165
"Strahm, Matt",FC,429,82.1,87.9,2519.0,3938,0.109
"Strahm, Matt",CH,85,89.3,82.6,1705.0,3938,0.022
"Stratton, Chris",FF,1279,94.6,92.5,2488.0,2761,0.463
"Stratton, Chris",CU,559,89.3,80.1,3151.0,2761,0.202
"Stratton, Chris",SL,534,99.5,86.5,2833.0,2761,0.193
"Stratton, Chris",CH,271,91.5,85.6,2131.0,2761,0.098
"Stratton, Chris",SI,108,80.8,91.7,2314.0,2761,0.039
"Stratton, Hunter",FF,460,96.6,95.8,2562.0,1128,0.408
"Stratton, Hunter",FC,376,105.7,92.0,2667.0,1128,0.333
"Stratton, Hunter",SL,273,96.5,84.5,2691.0,1128,0.242
"Strickland, Hunter",FF,481,88.7,94.1,2298.0,1489,0.323
"Strickland, Hunter",FC,363,113.0,84.0,2810.0,1489,0.244
"Strickland, Hunter",SL,260,88.7,85.0,2697.0,1489,0.175
"Strickland, Hunter",SI,144,90.4,92.7,2236.0,1489,0.097
"Strickland, Hunter",ST,142,92.9,81.5,2850.0,1489,0.095
"Strickland, Hunter",CH,99,80.0,88.0,1734.0,1489,0.066
"Strider, Spencer",FF,3324,103.4,96.4,2337.0,6075,0.547
"Strider, Spencer",SL,2041,85.7,84.9,2306.0,6075,0.336
"Strider, Spencer",CH,401,88.7,86.4,2154.0,6075,0.066
"Strider, Spencer",CU,309,86.9,78.4,2652.0,6075,0.051
"Stripling, Ross",FF,797,87.3,92.0,2150.0,2787,0.286
"Stripling, Ross",CH,588,88.3,83.3,1680.0,2787,0.211
"Stripling, Ross",SL,576,96.6,86.4,2313.0,2787,0.207
"Stripling, Ross",SI,312,78.8,90.2,2032.0,2787,0.112
"Stripling, Ross",KC,257,94.2,76.1,2413.0,2787,0.092
"Stripling, Ross",FC,244,91.5,87.5,2244.0,2787,0.088
"Stroman, Marcus",SI,2183,85.8,90.6,2267.0,4486,0.487
"Stroman, Marcus",FC,807,93.5,88.6,2548.0,4486,0.18
"Stroman, Marcus",SL,576,82.8,85.4,2683.0,4486,0.128
"Stroman, Marcus",FS,532,88.4,84.2,1879.0,4486,0.119
"Stroman, Marcus",FF,285,89.5,91.1,2382.0,4486,0.064
"Stroman, Marcus",CU,103,104.0,76.7,2561.0,4486,0.023
"Strowd, Kade",FC,209,104.2,91.6,2574.0,465,0.449
"Strowd, Kade",FF,76,102.0,95.8,2341.0,465,0.163
"Strowd, Kade",SI,68,91.4,96.1,2247.0,465,0.146
"Strowd, Kade",CU,59,100.8,83.1,2943.0,465,0.127
"Strowd, Kade",ST,53,112.0,84.6,2814.0,465,0.114
"Strzelecki, Peter",FF,340,91.6,92.1,2421.0,1088,0.312
"Strzelecki, Peter",SI,238,84.2,91.6,2317.0,1088,0.219
"Strzelecki, Peter",ST,228,93.0,81.1,2962.0,1088,0.21
"Strzelecki, Peter",CH,181,90.0,83.9,1675.0,1088,0.166
"Strzelecki, Peter",CU,69,82.9,81.6,2893.0,1088,0.063
"Strzelecki, Peter",FC,28,80.0,88.5,2629.0,1088,0.026
"Suarez, José",FF,1139,91.2,92.8,2348.0,2958,0.385
"Suarez, José",CH,743,92.2,82.8,1579.0,2958,0.251
"Suarez, José",SL,555,97.5,83.1,2755.0,2958,0.188
"Suarez, José",SI,253,87.6,91.7,2171.0,2958,0.086
"Suarez, José",ST,238,88.9,78.3,2724.0,2958,0.08
"Suarez, José",FC,26,87.1,88.2,2479.0,2958,0.009
"Suarez, Ranger",SI,2534,96.1,90.9,1949.0,8999,0.282
"Suarez, Ranger",FF,1746,85.8,92.0,1994.0,8999,0.194
"Suarez, Ranger",CU,1610,95.3,74.9,2167.0,8999,0.179
"Suarez, Ranger",CH,1490,88.1,80.8,1307.0,8999,0.166
"Suarez, Ranger",FC,1391,91.9,87.1,2092.0,8999,0.155
"Suarez, Ranger",SL,228,85.4,79.4,2207.0,8999,0.025
"Suarez, Robert",FF,1744,105.6,98.7,2408.0,2950,0.591
"Suarez, Robert",CH,677,101.4,90.5,1830.0,2950,0.229
"Suarez, Robert",SI,430,106.6,98.2,2354.0,2950,0.146
"Suarez, Robert",FC,79,95.9,95.5,2344.0,2950,0.027
"Suarez, Robert",SL,20,96.0,86.7,2056.0,2950,0.007
"Suero, Wander",FC,204,91.1,91.4,2485.0,303,0.673
"Suero, Wander",CH,91,78.5,84.4,1911.0,303,0.3
"Sugano, Tomoyuki",FS,1111,91.2,87.1,1618.0,4986,0.223
"Sugano, Tomoyuki",FF,988,92.3,92.6,2404.0,4986,0.198
"Sugano, Tomoyuki",SI,870,86.9,92.7,2290.0,4986,0.174
"Sugano, Tomoyuki",ST,772,97.6,83.7,2595.0,4986,0.155
"Sugano, Tomoyuki",FC,569,87.4,88.5,2480.0,4986,0.114
"Sugano, Tomoyuki",CU,442,87.3,78.9,2684.0,4986,0.089
"Sugano, Tomoyuki",SL,234,82.7,85.4,2599.0,4986,0.047
"Sullivan, Sean",FF,188,79.7,87.6,2257.0,410,0.459
"Sullivan, Sean",ST,72,68.5,75.4,2331.0,410,0.176
"Sullivan, Sean",CH,64,78.5,77.0,1674.0,410,0.156
"Sullivan, Sean",FC,62,80.3,82.7,2287.0,410,0.151
"Sullivan, Sean",SI,24,95.3,86.6,2261.0,410,0.059
"Sulser, Cole",FF,727,100.4,92.4,2365.0,1652,0.44
"Sulser, Cole",CH,600,90.5,83.8,1673.0,1652,0.363
"Sulser, Cole",FC,248,90.4,87.5,2338.0,1652,0.15
"Sulser, Cole",ST,60,89.6,82.3,2548.0,1652,0.036
"Suter, Brent",FF,1623,97.1,86.8,2219.0,4686,0.346
"Suter, Brent",SI,1295,91.1,88.5,2147.0,4686,0.276
"Suter, Brent",CH,1160,89.8,76.3,1595.0,4686,0.248
"Suter, Brent",SL,608,82.1,78.0,2260.0,4686,0.13
"Suárez, Albert",FF,1680,92.6,94.4,2366.0,3291,0.51
"Suárez, Albert",FC,658,82.0,86.2,2191.0,3291,0.2
"Suárez, Albert",CH,557,98.4,85.8,2020.0,3291,0.169
"Suárez, Albert",CU,396,87.5,78.8,2341.0,3291,0.12
"Suárez, Andrew",FF,240,79.9,92.3,1895.0,520,0.462
"Suárez, Andrew",SL,119,97.5,84.5,2352.0,520,0.229
"Suárez, Andrew",CH,95,92.2,83.6,1923.0,520,0.183
"Suárez, Andrew",CU,57,91.0,74.5,2282.0,520,0.11
"Svanson, Matt",SI,806,88.4,96.6,2263.0,1743,0.462
"Svanson, Matt",ST,588,106.2,86.9,2249.0,1743,0.337
"Svanson, Matt",FC,327,93.7,92.1,2285.0,1743,0.188
"Svanson, Matt",FF,22,77.3,96.5,2233.0,1743,0.013
"Swanson, Erik",FS,764,98.2,84.9,1216.0,1850,0.413
"Swanson, Erik",FF,758,81.7,93.7,2270.0,1850,0.41
"Swanson, Erik",SL,328,92.6,86.7,2249.0,1850,0.177
"Sweet, Devin",FF,83,85.4,92.9,2171.0,166,0.5
"Sweet, Devin",SL,42,107.0,86.5,2369.0,166,0.253
"Sweet, Devin",CH,41,96.9,77.4,1964.0,166,0.247
"Syndergaard, Noah",SI,367,87.8,92.3,2128.0,1403,0.262
"Syndergaard, Noah",CH,311,87.9,87.3,1605.0,1403,0.222
"Syndergaard, Noah",FF,253,85.7,92.2,2200.0,1403,0.18
"Syndergaard, Noah",CU,198,96.3,77.9,2219.0,1403,0.141
"Syndergaard, Noah",FC,175,95.1,89.5,2123.0,1403,0.125
"Syndergaard, Noah",SL,95,91.2,85.0,2038.0,1403,0.068
"Sánchez, Cristopher",SI,4679,100.8,94.6,2106.0,10202,0.459
"Sánchez, Cristopher",CH,3687,106.4,85.6,2017.0,10202,0.361
"Sánchez, Cristopher",SL,1829,92.0,85.0,2056.0,10202,0.179
"Sánchez, Sixto",FC,211,73.2,83.6,2301.0,621,0.34
"Sánchez, Sixto",CH,194,80.6,85.4,1783.0,621,0.312
"Sánchez, Sixto",FF,185,83.1,93.8,2118.0,621,0.298
"Sánchez, Sixto",SI,31,80.7,92.7,2061.0,621,0.05
"Taillon, Jameson",FF,2772,91.9,92.7,2318.0,8430,0.329
"Taillon, Jameson",FC,1735,98.1,87.0,2532.0,8430,0.206
"Taillon, Jameson",ST,1308,93.9,80.5,2725.0,8430,0.155
"Taillon, Jameson",CU,1161,93.6,79.8,2660.0,8430,0.138
"Taillon, Jameson",SI,800,84.5,92.8,2246.0,8430,0.095
"Taillon, Jameson",CH,631,101.2,84.8,1818.0,8430,0.075
"Taillon, Jameson",SL,23,92.8,82.6,2585.0,8430,0.003
"Tapia, Domingo",FF,151,90.9,97.4,2261.0,317,0.476
"Tapia, Domingo",SI,101,86.8,96.6,2157.0,317,0.319
"Tapia, Domingo",SL,35,85.4,88.2,2269.0,317,0.11
"Tapia, Domingo",CH,30,98.3,88.9,1773.0,317,0.095
"Tarnok, Freddy",FF,191,94.3,95.3,2458.0,416,0.459
"Tarnok, Freddy",SL,96,92.3,86.4,2351.0,416,0.231
"Tarnok, Freddy",CH,67,87.9,84.8,1721.0,416,0.161
"Tarnok, Freddy",CU,53,91.3,79.8,2479.0,416,0.127
"Tate, Dillon",SI,366,90.3,92.6,1971.0,729,0.502
"Tate, Dillon",ST,257,82.6,79.5,2453.0,729,0.353
"Tate, Dillon",CH,103,85.3,83.5,1589.0,729,0.141
"Taylor, Grant",FF,914,100.8,98.3,2373.0,1926,0.475
"Taylor, Grant",CU,489,115.6,84.2,2508.0,1926,0.254
"Taylor, Grant",SL,253,117.8,89.6,2629.0,1926,0.131
"Taylor, Grant",SI,164,117.3,98.9,2305.0,1926,0.085
"Taylor, Grant",FC,106,102.8,95.3,2572.0,1926,0.055
"Taylor, Josh",SL,144,84.0,85.2,2273.0,341,0.422
"Taylor, Josh",FF,121,92.3,92.8,2210.0,341,0.355
"Taylor, Josh",SI,46,84.1,92.9,2167.0,341,0.135
"Taylor, Josh",CU,30,87.8,78.4,2057.0,341,0.088
"Taylor, Troy",FF,248,88.9,96.9,2406.0,464,0.534
"Taylor, Troy",ST,186,94.2,84.4,2713.0,464,0.401
"Taylor, Troy",SI,23,95.2,96.3,2235.0,464,0.05
"Teheran, Julio",SI,447,86.4,90.0,2154.0,1148,0.389
"Teheran, Julio",FC,330,93.7,86.4,2285.0,1148,0.287
"Teheran, Julio",CH,133,81.7,83.4,1503.0,1148,0.116
"Teheran, Julio",CU,132,100.8,77.3,2629.0,1148,0.115
"Teheran, Julio",FF,106,92.2,89.3,2295.0,1148,0.092
"Teng, Kai-Wei",ST,704,99.8,84.2,2743.0,2042,0.345
"Teng, Kai-Wei",FF,500,91.6,93.3,2494.0,2042,0.245
"Teng, Kai-Wei",SI,370,80.1,93.0,2371.0,2042,0.181
"Teng, Kai-Wei",CU,233,85.2,82.6,2626.0,2042,0.114
"Teng, Kai-Wei",CH,192,80.6,87.3,1694.0,2042,0.094
"Teng, Kai-Wei",SL,43,96.4,86.5,2684.0,2042,0.021
"Teodo, Emiliano",SI,25,86.7,99.4,2306.0,43,0.581
"Tepera, Ryan",SL,82,77.9,84.5,2351.0,220,0.373
"Tepera, Ryan",FF,69,92.0,91.6,2288.0,220,0.314
"Tepera, Ryan",ST,31,86.5,80.3,2454.0,220,0.141
"Tepera, Ryan",SI,25,81.6,92.9,2259.0,220,0.114
"Then, Juan",SI,74,85.6,94.0,2175.0,163,0.454
"Then, Juan",CH,37,85.7,88.8,2004.0,163,0.227
"Then, Juan",SL,34,77.0,86.9,2348.0,163,0.209
"Thielbar, Caleb",FF,1303,98.1,93.1,2302.0,3010,0.433
"Thielbar, Caleb",CU,761,105.6,75.3,2553.0,3010,0.253
"Thielbar, Caleb",ST,610,85.5,80.9,2491.0,3010,0.203
"Thielbar, Caleb",SL,336,105.3,88.0,2320.0,3010,0.112
"Thomas, Connor",SI,134,87.7,90.5,2309.0,504,0.266
"Thomas, Connor",CH,98,90.2,85.2,1395.0,504,0.194
"Thomas, Connor",FF,93,95.7,91.6,2495.0,504,0.185
"Thomas, Connor",FC,90,88.3,87.3,2714.0,504,0.179
"Thomas, Connor",ST,89,90.9,82.9,2764.0,504,0.177
"Thompson, Keegan",FF,480,99.7,93.4,2487.0,1208,0.397
"Thompson, Keegan",FC,342,97.8,89.4,2654.0,1208,0.283
"Thompson, Keegan",CU,171,89.2,81.8,2682.0,1208,0.142
"Thompson, Keegan",ST,135,90.3,84.2,2822.0,1208,0.112
"Thompson, Keegan",SI,48,85.8,92.2,2508.0,1208,0.04
"Thompson, Keegan",CH,27,78.2,87.5,1482.0,1208,0.022
"Thompson, Mason",SI,580,88.5,94.7,2237.0,1111,0.522
"Thompson, Mason",SL,334,82.5,84.7,2257.0,1111,0.301
"Thompson, Mason",FF,103,91.2,94.7,2218.0,1111,0.093
"Thompson, Mason",CU,85,79.5,80.7,2398.0,1111,0.077
"Thompson, Ryan",SI,1637,99.5,90.2,2012.0,2724,0.601
"Thompson, Ryan",SL,884,97.7,78.3,2223.0,2724,0.325
"Thompson, Ryan",FF,201,80.5,91.8,2168.0,2724,0.074
"Thompson, Zach",FF,24,89.1,91.2,2426.0,60,0.4
"Thompson, Zack",FF,740,88.1,93.1,1798.0,1411,0.524
"Thompson, Zack",CU,362,106.5,75.2,2809.0,1411,0.257
"Thompson, Zack",SL,285,89.2,84.8,1995.0,1411,0.202
"Thompson, Zack",CH,24,82.3,86.1,1447.0,1411,0.017
"Thornton, Trent",FF,817,99.6,94.8,2448.0,2937,0.278
"Thornton, Trent",ST,753,88.1,81.0,2930.0,2937,0.256
"Thornton, Trent",CU,419,90.1,81.5,3103.0,2937,0.143
"Thornton, Trent",FC,342,97.9,90.7,2717.0,2937,0.116
"Thornton, Trent",SL,298,91.1,89.4,2810.0,2937,0.101
"Thornton, Trent",SI,253,86.2,94.4,2319.0,2937,0.086
"Thornton, Trent",CH,40,92.6,87.6,2123.0,2937,0.014
"Thornton, Zac",FC,365,103.3,88.5,2411.0,1173,0.311
"Thornton, Zac",FF,302,93.5,92.3,2284.0,1173,0.257
"Thornton, Zac",ST,188,98.5,80.0,2474.0,1173,0.16
"Thornton, Zac",SL,99,71.9,84.7,2394.0,1173,0.084
"Thornton, Zac",SI,96,84.9,92.3,2302.0,1173,0.082
"Thornton, Zac",CU,72,85.8,82.8,2384.0,1173,0.061
"Thornton, Zac",CH,51,89.2,84.5,1830.0,1173,0.043
"Thorpe, Drew",CH,256,107.3,81.6,2114.0,721,0.355
"Thorpe, Drew",FF,232,82.6,91.0,2190.0,721,0.322
"Thorpe, Drew",SL,105,84.6,81.5,2393.0,721,0.146
"Thorpe, Drew",FC,104,94.5,86.2,2400.0,721,0.144
"Thorpe, Drew",ST,24,88.9,79.1,2496.0,721,0.033
"Tidwell, Blade",FF,441,91.0,95.3,2219.0,1267,0.348
"Tidwell, Blade",ST,370,99.3,82.6,2849.0,1267,0.292
"Tidwell, Blade",SI,225,91.8,93.6,2099.0,1267,0.178
"Tidwell, Blade",SL,140,95.2,88.1,2435.0,1267,0.11
"Tidwell, Blade",CH,52,72.8,83.3,1595.0,1267,0.041
"Tidwell, Blade",CU,39,91.1,83.4,2445.0,1267,0.031
"Tiedemann, Ricky",ST,62,95.5,82.1,2588.0,123,0.504
"Tiedemann, Ricky",FF,47,84.5,95.9,2291.0,123,0.382
"Tinoco, Jesus",SL,466,95.6,86.2,2454.0,948,0.492
"Tinoco, Jesus",SI,292,94.5,95.8,2249.0,948,0.308
"Tinoco, Jesus",FF,115,98.9,96.1,2343.0,948,0.121
"Tinoco, Jesus",CH,71,85.8,89.5,1570.0,948,0.075
"Tolle, Payton",FF,1209,100.6,96.2,2280.0,2578,0.469
"Tolle, Payton",SI,545,94.2,94.8,2265.0,2578,0.211
"Tolle, Payton",FC,481,93.9,88.7,2364.0,2578,0.187
"Tolle, Payton",CU,230,92.4,82.9,2437.0,2578,0.089
"Tolle, Payton",CH,84,79.0,88.9,1023.0,2578,0.033
"Tolle, Payton",SL,29,105.5,88.6,2369.0,2578,0.011
"Tolman, Erik",FF,142,97.2,96.9,2351.0,267,0.532
"Tolman, Erik",CH,73,107.5,84.9,1272.0,267,0.273
"Tolman, Erik",SL,52,95.3,87.3,2241.0,267,0.195
"Tong, Jonah",FF,414,94.0,95.1,2251.0,823,0.503
"Tong, Jonah",CH,215,90.8,86.5,1645.0,823,0.261
"Tong, Jonah",FC,100,92.5,90.8,2200.0,823,0.122
"Tong, Jonah",CU,84,75.2,78.3,2662.0,823,0.102
"Tonkin, Michael",FF,1531,89.1,93.2,2325.0,3054,0.501
"Tonkin, Michael",SL,1067,75.4,83.5,2265.0,3054,0.349
"Tonkin, Michael",SI,268,89.6,92.4,2286.0,3054,0.088
"Tonkin, Michael",ST,188,74.4,80.5,2399.0,3054,0.062
"Topa, Justin",SI,987,95.1,94.4,2144.0,2454,0.402
"Topa, Justin",ST,687,91.1,82.7,2602.0,2454,0.28
"Topa, Justin",FC,501,98.6,91.7,2298.0,2454,0.204
"Topa, Justin",CH,279,92.6,86.8,1903.0,2454,0.114
"Toussaint, Touki",CU,594,96.8,76.0,2445.0,2117,0.281
"Toussaint, Touki",SI,584,81.5,92.4,2202.0,2117,0.276
"Toussaint, Touki",FS,489,86.1,86.9,1625.0,2117,0.231
"Toussaint, Touki",FF,413,82.8,93.4,2222.0,2117,0.195
"Toussaint, Touki",SL,37,75.2,86.6,2259.0,2117,0.017
"Treinen, Blake",ST,707,97.3,84.1,2572.0,1715,0.412
"Treinen, Blake",SI,576,90.8,95.1,2309.0,1715,0.336
"Treinen, Blake",FC,230,90.4,91.1,2537.0,1715,0.134
"Treinen, Blake",FF,200,90.3,94.7,2417.0,1715,0.117
"Trivino III, Lou",FC,248,97.7,91.8,2353.0,985,0.252
"Trivino III, Lou",SI,229,87.2,95.1,2053.0,985,0.232
"Trivino III, Lou",ST,194,94.0,80.3,2575.0,985,0.197
"Trivino III, Lou",CH,165,90.4,87.1,1747.0,985,0.168
"Trivino III, Lou",FF,139,84.5,94.8,2050.0,985,0.141
"Tur, Yunior",FC,92,95.6,90.7,2259.0,247,0.372
"Tur, Yunior",FS,82,76.0,86.8,638.0,247,0.332
"Tur, Yunior",FF,71,95.9,95.1,2104.0,247,0.287
"Turnbull, Spencer",FF,594,97.9,92.2,2484.0,1596,0.372
"Turnbull, Spencer",ST,332,103.1,83.7,2719.0,1596,0.208
"Turnbull, Spencer",SI,225,82.5,93.3,2242.0,1596,0.141
"Turnbull, Spencer",SL,182,85.7,84.1,2549.0,1596,0.114
"Turnbull, Spencer",CU,139,97.8,78.6,2698.0,1596,0.087
"Turnbull, Spencer",CH,124,91.8,87.4,1931.0,1596,0.078
"Tyler, Kyle",FC,260,102.1,90.3,2216.0,580,0.448
"Tyler, Kyle",CU,165,86.1,77.0,2426.0,580,0.284
"Tyler, Kyle",FF,82,78.1,90.6,2107.0,580,0.141
"Tyler, Kyle",SL,65,62.4,82.2,2494.0,580,0.112
"Uceta, Edwin",FF,780,92.0,94.0,2403.0,1915,0.407
"Uceta, Edwin",CH,713,95.7,88.4,2158.0,1915,0.372
"Uceta, Edwin",FC,334,96.7,89.4,2550.0,1915,0.174
"Uceta, Edwin",ST,61,87.1,81.7,2500.0,1915,0.032
"Uceta, Edwin",SI,21,89.6,94.1,2283.0,1915,0.011
"Ullola, Miguel",FF,132,102.9,94.8,2543.0,183,0.721
"Ullola, Miguel",SL,42,94.8,86.0,2291.0,183,0.23
"Underwood Jr., Duane",CH,87,84.1,88.7,1644.0,336,0.259
"Underwood Jr., Duane",SI,86,93.5,93.6,2014.0,336,0.256
"Underwood Jr., Duane",FC,81,87.5,92.5,2060.0,336,0.241
"Underwood Jr., Duane",CU,69,83.4,83.2,2309.0,336,0.205
"Ureña, José",SI,1353,90.3,95.8,2159.0,3462,0.391
"Ureña, José",SL,1041,82.9,87.0,2273.0,3462,0.301
"Ureña, José",CH,737,86.4,88.4,1791.0,3462,0.213
"Ureña, José",FF,299,88.9,96.1,2161.0,3462,0.086
"Ureña, José",FS,32,94.6,85.0,1322.0,3462,0.009
"Ureña, Walbert",CH,833,103.8,91.0,1764.0,2409,0.346
"Ureña, Walbert",SI,791,90.4,98.1,2182.0,2409,0.328
"Ureña, Walbert",FF,444,81.8,97.9,2259.0,2409,0.184
"Ureña, Walbert",ST,341,90.3,87.3,2465.0,2409,0.142
"Uribe, Abner",SI,1652,94.1,98.9,2280.0,2845,0.581
"Uribe, Abner",SL,1135,103.7,87.8,2549.0,2845,0.399
"Uribe, Abner",FF,58,97.7,100.3,2332.0,2845,0.02
"Urquidy, José",FF,551,93.3,92.9,2271.0,1706,0.323
"Urquidy, José",CH,409,107.3,85.0,2116.0,1706,0.24
"Urquidy, José",ST,277,92.5,80.5,2648.0,1706,0.162
"Urquidy, José",CU,231,92.7,78.7,2729.0,1706,0.135
"Urquidy, José",SI,223,95.0,93.3,2162.0,1706,0.131
"Urías, Julio",FF,829,93.9,92.7,2445.0,1291,0.642
"Urías, Julio",CH,290,102.8,86.1,1859.0,1291,0.225
"Urías, Julio",FC,171,92.1,87.1,2692.0,1291,0.132
"Uwasawa, Naoyuki",FS,35,85.2,85.0,1142.0,62,0.565
"Valdez, Framber",SI,5064,90.3,94.4,2179.0,11061,0.458
"Valdez, Framber",CU,3278,104.3,79.4,2887.0,11061,0.296
"Valdez, Framber",CH,1907,95.5,89.7,1677.0,11061,0.172
"Valdez, Framber",SL,579,89.4,84.9,2561.0,11061,0.052
"Valdez, Framber",FF,132,80.0,94.8,2188.0,11061,0.012
"Valdez, Framber",FC,101,78.9,89.2,2436.0,11061,0.009
"Van Belle, Brian",CH,56,95.9,84.3,1589.0,129,0.434
"Van Belle, Brian",SI,33,90.7,90.9,2031.0,129,0.256
"Van Eyk, CJ",FC,58,94.2,88.2,2147.0,225,0.258
"Van Eyk, CJ",CU,49,93.3,81.1,2189.0,225,0.218
"Van Eyk, CJ",FF,39,88.8,93.5,2103.0,225,0.173
"Van Eyk, CJ",CH,36,99.3,83.7,1992.0,225,0.16
"Van Eyk, CJ",SI,29,72.6,92.6,1873.0,225,0.129
"VanWey, Logan",FF,172,100.2,93.2,2331.0,326,0.528
"VanWey, Logan",ST,83,93.2,82.8,2435.0,326,0.255
"VanWey, Logan",CH,32,99.5,86.6,1762.0,326,0.098
"VanWey, Logan",SI,27,75.7,91.9,2157.0,326,0.083
"Vanasco, Ricky",FF,116,95.9,94.0,2204.0,215,0.54
"Vanasco, Ricky",CU,48,86.1,82.9,2284.0,215,0.223
"Vanasco, Ricky",CH,44,98.3,84.6,1381.0,215,0.205
"Vargas, Carlos",SI,820,90.8,97.4,2159.0,1421,0.577
"Vargas, Carlos",SL,279,90.8,89.8,2423.0,1421,0.196
"Vargas, Carlos",FC,222,93.9,94.2,2277.0,1421,0.156
"Vargas, Carlos",FF,69,90.7,98.5,2188.0,1421,0.049
"Vargas, Carlos",CH,31,73.6,93.6,1732.0,1421,0.022
"Varland, Gus",FF,779,97.8,95.3,2315.0,1419,0.549
"Varland, Gus",SL,576,92.0,88.3,2185.0,1419,0.406
"Varland, Gus",CH,56,77.4,90.0,1570.0,1419,0.039
"Varland, Louis",FF,1819,100.9,97.2,2208.0,4255,0.427
"Varland, Louis",KC,911,100.9,87.3,2462.0,4255,0.214
"Varland, Louis",SL,765,95.1,90.1,2420.0,4255,0.18
"Varland, Louis",CH,487,95.2,90.5,1663.0,4255,0.114
"Varland, Louis",ST,141,88.8,83.9,2454.0,4255,0.033
"Varland, Louis",SI,132,92.9,96.0,2086.0,4255,0.031
"Vasil, Mike",SI,657,87.2,94.4,2185.0,1646,0.399
"Vasil, Mike",ST,265,91.8,81.7,2557.0,1646,0.161
"Vasil, Mike",FF,231,90.7,94.6,2290.0,1646,0.14
"Vasil, Mike",CU,203,96.1,81.7,2455.0,1646,0.123
"Vasil, Mike",CH,200,96.9,86.6,1497.0,1646,0.122
"Vasil, Mike",FC,90,87.9,86.1,2408.0,1646,0.055
"Vasquez, Andrew",SL,697,104.0,80.6,2647.0,850,0.82
"Vasquez, Andrew",FF,62,76.8,89.1,2221.0,850,0.073
"Vasquez, Andrew",CU,42,113.0,76.1,2557.0,850,0.049
"Vasquez, Andrew",SI,36,78.8,88.5,2180.0,850,0.042
"Velasquez, Vince",SL,289,85.9,83.2,2510.0,678,0.426
"Velasquez, Vince",FF,286,94.4,93.1,2468.0,678,0.422
"Velasquez, Vince",CH,79,91.9,88.5,1592.0,678,0.117
"Veneziano, Anthony",FF,286,92.7,94.4,2276.0,778,0.368
"Veneziano, Anthony",ST,187,96.9,82.6,2435.0,778,0.24
"Veneziano, Anthony",SL,179,95.9,86.8,2333.0,778,0.23
"Veneziano, Anthony",CH,69,89.6,87.0,1646.0,778,0.089
"Veneziano, Anthony",SI,57,84.5,92.7,2324.0,778,0.073
"VerHagen, Drew",ST,313,94.0,81.3,2320.0,1013,0.309
"VerHagen, Drew",FF,282,88.2,93.4,2299.0,1013,0.278
"VerHagen, Drew",SI,181,79.2,92.6,2270.0,1013,0.179
"VerHagen, Drew",FC,124,88.7,88.2,2341.0,1013,0.122
"VerHagen, Drew",CH,113,92.9,88.5,1572.0,1013,0.112
"Verlander, Justin",FF,3280,94.4,94.0,2422.0,6853,0.479
"Verlander, Justin",SL,1585,86.9,86.9,2494.0,6853,0.231
"Verlander, Justin",CU,1257,86.7,78.1,2717.0,6853,0.183
"Verlander, Justin",CH,511,93.2,84.6,1767.0,6853,0.075
"Verlander, Justin",ST,208,92.1,80.7,2670.0,6853,0.03
"Vesia, Alex",FF,2384,101.4,93.2,2432.0,3927,0.607
"Vesia, Alex",SL,1270,108.5,85.0,2405.0,3927,0.323
"Vesia, Alex",CH,270,100.6,83.7,1768.0,3927,0.069
"Vespi, Nick",FC,186,100.3,89.2,2239.0,360,0.517
"Vespi, Nick",SL,102,79.2,83.6,2559.0,360,0.283
"Vespi, Nick",CU,70,98.8,80.2,2419.0,360,0.194
"Vest, Will",FF,1850,98.3,96.1,2196.0,3540,0.523
"Vest, Will",SL,916,91.0,87.3,2503.0,3540,0.259
"Vest, Will",SI,430,97.6,95.5,2092.0,3540,0.121
"Vest, Will",CH,344,98.7,88.9,1630.0,3540,0.097
"Vieira, Thyago",SI,313,91.7,97.2,2223.0,773,0.405
"Vieira, Thyago",SL,287,80.2,88.3,2291.0,773,0.371
"Vieira, Thyago",FF,167,98.6,97.7,2282.0,773,0.216
"Villalobos, Eli",FF,38,85.9,93.3,2281.0,71,0.535
"Villalobos, Eli",SL,22,75.1,83.3,2201.0,71,0.31
"Vines, Darius",FF,199,86.6,90.3,2191.0,565,0.352
"Vines, Darius",CH,156,93.5,81.3,1485.0,565,0.276
"Vines, Darius",FC,136,78.8,84.9,2347.0,565,0.241
"Vines, Darius",SL,60,73.7,81.6,2379.0,565,0.106
"Vodnik, Victor",FF,1919,95.9,98.2,2274.0,3338,0.575
"Vodnik, Victor",SL,679,92.2,86.9,2304.0,3338,0.203
"Vodnik, Victor",CH,637,96.1,91.2,1861.0,3338,0.191
"Vodnik, Victor",FC,64,91.3,92.3,2303.0,3338,0.019
"Vodnik, Victor",SI,39,98.5,98.7,2200.0,3338,0.012
"Voth, Austin",FF,572,95.9,93.3,2319.0,1847,0.31
"Voth, Austin",FC,454,84.5,88.8,2388.0,1847,0.246
"Voth, Austin",CU,400,90.0,76.1,2885.0,1847,0.217
"Voth, Austin",ST,385,88.3,81.3,2736.0,1847,0.208
"Voth, Austin",SI,28,76.6,91.2,2263.0,1847,0.015
"Vásquez, Randy",FF,1783,95.2,94.4,2411.0,6658,0.268
"Vásquez, Randy",FC,1385,99.6,90.3,2617.0,6658,0.208
"Vásquez, Randy",SI,1185,91.9,94.1,2363.0,6658,0.178
"Vásquez, Randy",CU,790,90.5,82.0,3103.0,6658,0.119
"Vásquez, Randy",ST,697,93.0,82.3,3034.0,6658,0.105
"Vásquez, Randy",CH,625,91.1,88.1,2083.0,6658,0.094
"Vásquez, Randy",SL,193,98.9,86.1,2925.0,6658,0.029
"Wacha, Michael",CH,3011,106.5,80.9,1535.0,10420,0.289
"Wacha, Michael",FF,2769,89.4,92.9,2128.0,10420,0.266
"Wacha, Michael",SI,1450,78.1,93.1,2014.0,10420,0.139
"Wacha, Michael",FC,1405,89.0,88.5,2108.0,10420,0.135
"Wacha, Michael",CU,957,81.0,75.1,2235.0,10420,0.092
"Wacha, Michael",SL,828,87.0,84.7,1999.0,10420,0.079
"Waddell, Brandon",ST,121,90.0,78.8,2554.0,512,0.236
"Waddell, Brandon",FF,116,82.1,90.7,2232.0,512,0.227
"Waddell, Brandon",SI,111,90.7,91.0,2109.0,512,0.217
"Waddell, Brandon",SL,89,93.3,86.4,2313.0,512,0.174
"Waddell, Brandon",CH,75,86.5,83.5,1271.0,512,0.146
"Waguespack, Jacob",FF,360,92.0,93.1,2135.0,869,0.414
"Waguespack, Jacob",FC,287,79.0,86.7,1978.0,869,0.33
"Waguespack, Jacob",CH,153,88.8,84.7,1576.0,869,0.176
"Waguespack, Jacob",CU,69,92.4,76.3,2255.0,869,0.079
"Wainwright, Adam",SI,534,78.0,86.9,2167.0,1709,0.312
"Wainwright, Adam",CU,527,88.9,71.5,2648.0,1709,0.308
"Wainwright, Adam",FC,385,88.5,82.8,2322.0,1709,0.225
"Wainwright, Adam",FF,170,84.7,85.7,2159.0,1709,0.099
"Wainwright, Adam",CH,89,83.8,81.4,1655.0,1709,0.052
"Waites, Cole",FF,44,106.3,95.7,2372.0,64,0.688
"Waldichuk, Ken",FF,1433,90.7,93.3,2304.0,2699,0.531
"Waldichuk, Ken",ST,701,101.7,81.2,2092.0,2699,0.26
"Waldichuk, Ken",CH,424,83.2,84.2,1620.0,2699,0.157
"Waldichuk, Ken",CU,113,85.4,78.3,2181.0,2699,0.042
"Waldichuk, Ken",FC,27,85.7,87.6,2326.0,2699,0.01
"Waldrep, Hurston",FS,362,95.0,86.3,756.0,1199,0.302
"Waldrep, Hurston",SI,242,91.1,95.3,2166.0,1199,0.202
"Waldrep, Hurston",FC,216,93.5,92.8,2283.0,1199,0.18
"Waldrep, Hurston",SL,161,94.7,86.8,2239.0,1199,0.134
"Waldrep, Hurston",CU,142,90.6,82.3,2271.0,1199,0.118
"Waldrep, Hurston",FF,76,84.0,95.6,2176.0,1199,0.063
"Waldron, Matt",FF,732,84.7,91.0,2059.0,2503,0.292
"Waldron, Matt",ST,696,92.2,79.6,2207.0,2503,0.278
"Waldron, Matt",SI,632,89.4,90.6,1986.0,2503,0.252
"Waldron, Matt",FC,443,94.3,87.3,2173.0,2503,0.177
"Walker, Josh",SL,384,86.9,83.3,2087.0,1007,0.381
"Walker, Josh",FF,375,87.1,93.8,2243.0,1007,0.372
"Walker, Josh",SI,198,88.5,92.6,2128.0,1007,0.197
"Walker, Josh",CH,50,85.4,85.8,1824.0,1007,0.05
"Walker, Ryan",SI,2193,84.2,95.4,2303.0,3883,0.565
"Walker, Ryan",SL,1640,93.0,83.6,2600.0,3883,0.422
"Walker, Ryan",FF,46,84.8,94.4,2273.0,3883,0.012
"Walker, Taijuan",FS,1801,82.9,87.5,1418.0,6664,0.27
"Walker, Taijuan",SI,1543,80.0,92.0,1954.0,6664,0.232
"Walker, Taijuan",FC,1327,89.6,87.1,2402.0,6664,0.199
"Walker, Taijuan",FF,900,85.3,92.4,2108.0,6664,0.135
"Walker, Taijuan",CU,489,82.9,74.8,2390.0,6664,0.073
"Walker, Taijuan",ST,308,103.3,84.5,2498.0,6664,0.046
"Walker, Taijuan",SL,296,80.5,83.2,2453.0,6664,0.044
"Walston, Blake",FF,129,81.3,91.5,2090.0,385,0.335
"Walston, Blake",FC,64,92.8,87.6,2143.0,385,0.166
"Walston, Blake",CH,58,76.1,86.0,1305.0,385,0.151
"Walston, Blake",ST,58,98.2,82.4,2370.0,385,0.151
"Walston, Blake",CU,52,86.3,77.2,2569.0,385,0.135
"Walter, Brandon",FC,337,101.7,87.8,2314.0,1179,0.286
"Walter, Brandon",ST,265,86.7,79.6,2541.0,1179,0.225
"Walter, Brandon",CH,207,81.7,81.3,2123.0,1179,0.176
"Walter, Brandon",SI,198,94.3,91.4,2077.0,1179,0.168
"Walter, Brandon",FF,172,82.3,91.8,2176.0,1179,0.146
"Walters, Andrew",FF,102,98.6,96.0,2577.0,161,0.634
"Walters, Andrew",SL,59,73.6,85.9,2169.0,161,0.366
"Wantz, Andrew",FF,286,95.1,94.1,2423.0,758,0.377
"Wantz, Andrew",FC,214,100.3,89.5,2574.0,758,0.282
"Wantz, Andrew",ST,185,101.4,83.7,2568.0,758,0.244
"Wantz, Andrew",CH,43,86.4,87.6,1689.0,758,0.057
"Wantz, Andrew",SI,27,83.0,93.5,2304.0,758,0.036
"Ward, Thaddeus",SI,255,85.7,93.2,2119.0,680,0.375
"Ward, Thaddeus",ST,246,97.5,81.0,2428.0,680,0.362
"Ward, Thaddeus",FC,136,89.6,87.6,2497.0,680,0.2
"Ward, Thaddeus",FF,33,86.8,93.4,2086.0,680,0.049
"Warren, Austin",ST,524,99.7,84.5,2758.0,1226,0.427
"Warren, Austin",SI,349,90.2,94.0,2263.0,1226,0.285
"Warren, Austin",FF,197,89.7,93.9,2380.0,1226,0.161
"Warren, Austin",FC,65,82.8,88.8,2444.0,1226,0.053
"Warren, Austin",CU,64,84.4,84.2,2758.0,1226,0.052
"Warren, Austin",CH,27,87.8,87.3,1855.0,1226,0.022
"Warren, Will",FF,2192,95.7,93.5,2555.0,5776,0.38
"Warren, Will",SI,1339,88.3,93.2,2415.0,5776,0.232
"Warren, Will",ST,1197,94.1,83.2,3005.0,5776,0.207
"Warren, Will",CH,679,97.3,87.1,1685.0,5776,0.118
"Warren, Will",CU,341,80.7,80.6,2838.0,5776,0.059
"Watkins, Spenser",SI,27,79.6,90.0,1979.0,90,0.3
"Watkins, Spenser",FF,23,90.2,90.4,2175.0,90,0.256
"Watson, Ryan",FC,278,97.8,90.0,2063.0,1129,0.246
"Watson, Ryan",ST,268,118.6,85.0,2118.0,1129,0.237
"Watson, Ryan",FF,213,94.3,94.2,2218.0,1129,0.189
"Watson, Ryan",CU,197,99.6,83.3,2255.0,1129,0.174
"Watson, Ryan",SI,163,93.7,93.6,2175.0,1129,0.144
"Way, Beck",FC,164,99.6,91.3,2475.0,389,0.422
"Way, Beck",SI,96,86.4,96.8,2129.0,389,0.247
"Way, Beck",ST,61,108.5,88.2,2652.0,389,0.157
"Way, Beck",FF,55,78.2,97.4,2091.0,389,0.141
"Weathers, Ryan",FF,1918,94.8,95.8,2311.0,5386,0.356
"Weathers, Ryan",CH,1381,87.5,86.3,1851.0,5386,0.256
"Weathers, Ryan",ST,1095,90.5,81.8,2528.0,5386,0.203
"Weathers, Ryan",SI,698,91.2,94.2,2266.0,5386,0.13
"Weathers, Ryan",SL,294,106.7,87.2,2642.0,5386,0.055
"Weaver, Luke",FF,2664,97.2,94.9,2432.0,5531,0.482
"Weaver, Luke",CH,1436,101.7,87.6,1850.0,5531,0.26
"Weaver, Luke",FC,777,97.4,90.9,2457.0,5531,0.14
"Weaver, Luke",KC,281,84.5,81.7,2252.0,5531,0.051
"Weaver, Luke",SL,261,95.6,86.5,2290.0,5531,0.047
"Weaver, Luke",ST,69,88.4,83.4,2348.0,5531,0.012
"Weaver, Luke",SI,43,89.7,93.8,2247.0,5531,0.008
"Webb, Jacob",FF,1771,97.2,94.0,2472.0,3929,0.451
"Webb, Jacob",CH,1278,91.8,85.2,2235.0,3929,0.325
"Webb, Jacob",ST,700,86.1,82.9,2498.0,3929,0.178
"Webb, Jacob",SL,95,91.6,85.7,2604.0,3929,0.024
"Webb, Jacob",CU,85,80.1,81.8,2596.0,3929,0.022
"Webb, Logan",SI,4145,91.6,92.4,1930.0,12106,0.342
"Webb, Logan",CH,3688,106.3,87.0,1477.0,12106,0.305
"Webb, Logan",ST,2709,98.0,84.3,2574.0,12106,0.224
"Webb, Logan",FF,902,84.7,92.5,2072.0,12106,0.075
"Webb, Logan",FC,662,94.9,90.4,2269.0,12106,0.055
"Weber, Ryan",SI,95,86.8,88.2,2055.0,182,0.522
"Weber, Ryan",SL,61,53.9,78.4,2289.0,182,0.335
"Weber, Ryan",CH,26,108.1,76.7,2065.0,182,0.143
"Weems, Jordan",FF,949,91.2,96.1,2109.0,1749,0.543
"Weems, Jordan",SL,683,94.8,87.6,2258.0,1749,0.391
"Weems, Jordan",FS,103,88.4,88.7,1231.0,1749,0.059
"Weiman, Blake",ST,133,99.3,79.2,2636.0,268,0.496
"Weiman, Blake",SL,67,104.6,83.8,2572.0,268,0.25
"Weiman, Blake",SI,31,78.2,90.4,2242.0,268,0.116
"Weiman, Blake",CH,21,83.0,86.5,2004.0,268,0.078
"Weisenburger, Jack",FF,54,85.1,95.2,2194.0,185,0.292
"Weisenburger, Jack",ST,47,96.2,82.1,2350.0,185,0.254
"Weisenburger, Jack",FC,34,92.1,89.6,2306.0,185,0.184
"Weisenburger, Jack",SI,34,94.7,94.1,2119.0,185,0.184
"Weiss, Ryan",FF,195,101.3,95.2,2448.0,528,0.369
"Weiss, Ryan",ST,171,102.6,83.8,2616.0,528,0.324
"Weiss, Ryan",CH,78,90.8,89.1,1313.0,528,0.148
"Weiss, Ryan",SI,66,79.2,93.1,2282.0,528,0.125
"Weiss, Zack",ST,143,99.2,83.8,2539.0,224,0.638
"Weiss, Zack",FF,65,94.6,94.1,2438.0,224,0.29
"Weissert, Greg",SI,1090,90.6,93.9,2115.0,3411,0.32
"Weissert, Greg",FF,948,98.0,94.1,2314.0,3411,0.278
"Weissert, Greg",ST,613,87.2,80.6,2912.0,3411,0.18
"Weissert, Greg",CH,343,84.9,85.3,1678.0,3411,0.101
"Weissert, Greg",SL,312,83.3,85.5,2547.0,3411,0.091
"Weissert, Greg",CU,65,99.7,81.4,2748.0,3411,0.019
"Weissert, Greg",FC,40,93.3,91.6,2359.0,3411,0.012
"Wells, Tyler",FF,1228,97.4,92.8,2427.0,3556,0.345
"Wells, Tyler",FC,786,95.7,89.4,2435.0,3556,0.221
"Wells, Tyler",CH,716,101.2,86.1,2225.0,3556,0.201
"Wells, Tyler",SL,557,85.6,85.1,2457.0,3556,0.157
"Wells, Tyler",CU,269,87.6,75.6,2637.0,3556,0.076
"Wentz, Joey",FF,2048,92.3,93.5,2262.0,4964,0.413
"Wentz, Joey",FC,1034,81.4,86.1,2412.0,4964,0.208
"Wentz, Joey",CU,787,95.7,78.6,2532.0,4964,0.159
"Wentz, Joey",CH,633,98.8,85.4,2065.0,4964,0.128
"Wentz, Joey",SL,462,99.8,84.9,2522.0,4964,0.093
"Wesneski, Hayden",ST,1322,101.7,82.1,2663.0,3851,0.343
"Wesneski, Hayden",FF,1194,87.2,94.2,2165.0,3851,0.31
"Wesneski, Hayden",SI,614,88.1,92.8,2038.0,3851,0.159
"Wesneski, Hayden",FC,434,100.4,88.7,2465.0,3851,0.113
"Wesneski, Hayden",CH,234,92.7,85.8,1620.0,3851,0.061
"Wesneski, Hayden",CU,49,97.6,76.9,2675.0,3851,0.013
"Wheeler, Zack",FF,4549,103.1,95.6,2459.0,11218,0.406
"Wheeler, Zack",SI,1973,93.5,95.0,2296.0,11218,0.176
"Wheeler, Zack",ST,1482,100.9,83.7,2657.0,11218,0.132
"Wheeler, Zack",FC,1226,92.4,91.1,2551.0,11218,0.109
"Wheeler, Zack",CU,1126,97.4,81.2,2767.0,11218,0.1
"Wheeler, Zack",FS,849,96.7,87.0,1554.0,11218,0.076
"Whisenhunt, Carson",FF,410,85.2,92.7,2259.0,997,0.411
"Whisenhunt, Carson",CH,368,103.2,82.5,1977.0,997,0.369
"Whisenhunt, Carson",SL,158,92.9,84.4,2487.0,997,0.158
"Whisenhunt, Carson",SI,57,96.8,92.9,2195.0,997,0.057
"White, Brendan",FF,211,95.8,94.4,2440.0,652,0.324
"White, Brendan",SL,203,105.7,86.7,2658.0,652,0.311
"White, Brendan",ST,184,88.4,83.1,2824.0,652,0.282
"White, Brendan",SI,48,78.1,93.0,2326.0,652,0.074
"White, Josh",FF,22,87.1,94.4,2178.0,43,0.512
"White, Mitch",FF,240,91.2,94.0,2241.0,666,0.36
"White, Mitch",SL,153,95.3,88.0,2294.0,666,0.23
"White, Mitch",ST,115,102.0,84.2,2501.0,666,0.173
"White, Mitch",CU,82,93.0,80.8,2496.0,666,0.123
"White, Mitch",SI,74,83.2,93.6,2233.0,666,0.111
"White, Owen",FF,90,92.5,93.3,2349.0,256,0.352
"White, Owen",FC,59,98.7,89.0,2466.0,256,0.23
"White, Owen",ST,46,92.1,81.7,2651.0,256,0.18
"Whitley, Forrest",FF,100,92.7,96.4,2410.0,322,0.311
"Whitley, Forrest",SI,95,95.5,96.5,2347.0,322,0.295
"Whitley, Forrest",FC,73,101.9,89.6,2656.0,322,0.227
"Whitley, Forrest",CU,47,102.8,82.7,2908.0,322,0.146
"Whitlock, Garrett",SI,1611,98.9,94.8,2135.0,3434,0.469
"Whitlock, Garrett",CH,759,101.2,83.7,2198.0,3434,0.221
"Whitlock, Garrett",SL,610,91.4,85.0,2061.0,3434,0.178
"Whitlock, Garrett",ST,331,82.0,79.8,2123.0,3434,0.096
"Whitlock, Garrett",FF,64,73.4,94.1,2137.0,3434,0.019
"Whitlock, Garrett",FC,59,80.5,86.6,1885.0,3434,0.017
"Wicks, Jordan",FF,702,94.8,92.7,2308.0,1829,0.384
"Wicks, Jordan",CH,497,101.8,82.1,1503.0,1829,0.272
"Wicks, Jordan",SI,262,87.2,91.8,2147.0,1829,0.143
"Wicks, Jordan",SL,139,99.3,85.5,2574.0,1829,0.076
"Wicks, Jordan",CU,111,82.7,78.5,2809.0,1829,0.061
"Wicks, Jordan",ST,61,87.5,82.6,2767.0,1829,0.033
"Wicks, Jordan",FC,57,93.2,89.0,2323.0,1829,0.031
"Wilcox, Cole",FF,144,92.7,96.6,2095.0,527,0.273
"Wilcox, Cole",ST,139,98.7,86.5,2168.0,527,0.264
"Wilcox, Cole",SL,94,92.4,87.5,2164.0,527,0.178
"Wilcox, Cole",SI,92,86.8,96.6,1996.0,527,0.175
"Wilcox, Cole",CH,58,100.8,87.8,1514.0,527,0.11
"Wilkinson, Matt",FF,222,91.4,90.4,2047.0,382,0.581
"Wilkinson, Matt",CH,86,80.0,83.8,1581.0,382,0.225
"Wilkinson, Matt",SL,53,101.9,79.2,2301.0,382,0.139
"Wilkinson, Matt",FC,21,86.4,83.7,2141.0,382,0.055
"Williams, Devin",CH,1644,110.1,83.8,2693.0,3178,0.517
"Williams, Devin",FF,1488,100.3,94.1,2347.0,3178,0.468
"Williams, Devin",FC,46,100.2,90.2,2406.0,3178,0.014
"Williams, Gavin",FF,3340,97.0,96.6,2286.0,8547,0.391
"Williams, Gavin",CU,1801,93.2,81.1,2425.0,8547,0.211
"Williams, Gavin",ST,1402,94.7,87.1,2289.0,8547,0.164
"Williams, Gavin",FC,742,87.0,91.9,2282.0,8547,0.087
"Williams, Gavin",SI,650,90.3,96.6,2052.0,8547,0.076
"Williams, Gavin",SL,459,83.8,86.1,2276.0,8547,0.054
"Williams, Gavin",CH,153,83.9,88.8,1967.0,8547,0.018
"Williams, Trevor",FF,2307,94.3,89.1,2210.0,5606,0.412
"Williams, Trevor",CH,863,91.8,82.6,1617.0,5606,0.154
"Williams, Trevor",ST,828,90.1,77.1,2228.0,5606,0.148
"Williams, Trevor",SI,720,79.8,87.9,1896.0,5606,0.128
"Williams, Trevor",SL,709,80.0,81.5,2188.0,5606,0.126
"Williams, Trevor",CU,179,92.9,76.7,2231.0,5606,0.032
"Williamson, Brandon",FC,969,91.1,89.4,2381.0,3024,0.32
"Williamson, Brandon",FF,928,87.7,92.8,2155.0,3024,0.307
"Williamson, Brandon",CH,553,85.1,84.4,1791.0,3024,0.183
"Williamson, Brandon",ST,274,100.7,81.5,2558.0,3024,0.091
"Williamson, Brandon",CU,213,96.1,74.0,2652.0,3024,0.07
"Williamson, Brandon",SI,71,82.1,93.1,2123.0,3024,0.023
"Willingham, Amos",FF,298,91.9,95.9,2240.0,481,0.62
"Willingham, Amos",SL,143,86.6,85.2,2054.0,481,0.297
"Willingham, Amos",FC,25,82.6,89.3,2008.0,481,0.052
"Wilson, Bryse",FC,1350,94.7,88.7,2091.0,4134,0.327
"Wilson, Bryse",SI,1283,92.2,92.8,2097.0,4134,0.31
"Wilson, Bryse",FF,668,87.9,93.3,2145.0,4134,0.162
"Wilson, Bryse",CU,558,78.7,80.3,2443.0,4134,0.135
"Wilson, Bryse",CH,265,81.7,86.4,1662.0,4134,0.064
"Wilson, Justin",FF,786,96.4,95.0,2232.0,1630,0.482
"Wilson, Justin",SL,479,103.2,88.1,2315.0,1630,0.294
"Wilson, Justin",FC,315,91.7,92.0,2379.0,1630,0.193
"Wilson, Justin",FS,50,91.6,85.4,1181.0,1630,0.031
"Wilson, Steven",ST,1445,98.3,81.7,2619.0,2532,0.571
"Wilson, Steven",FF,911,94.5,94.0,2438.0,2532,0.36
"Wilson, Steven",CH,151,82.5,83.9,1739.0,2532,0.06
"Wilson, Steven",FC,25,91.7,88.5,2694.0,2532,0.01
"Winans, Allan",CH,263,89.2,82.9,1902.0,842,0.312
"Winans, Allan",SI,219,88.2,89.7,2153.0,842,0.26
"Winans, Allan",ST,188,86.5,79.0,2608.0,842,0.223
"Winans, Allan",FF,167,87.6,90.0,2179.0,842,0.198
"Winckowski, Josh",SI,980,96.7,95.7,2031.0,2827,0.347
"Winckowski, Josh",FC,928,92.8,89.7,2193.0,2827,0.328
"Winckowski, Josh",SL,462,94.2,85.6,2324.0,2827,0.163
"Winckowski, Josh",CH,261,99.6,91.8,1693.0,2827,0.092
"Winckowski, Josh",FF,196,88.2,95.3,2193.0,2827,0.069
"Winder, Josh",SL,214,89.2,85.3,2207.0,698,0.307
"Winder, Josh",FF,178,87.8,94.7,2074.0,698,0.255
"Winder, Josh",CH,171,96.0,89.1,1319.0,698,0.245
"Winder, Josh",CU,51,78.3,80.0,2098.0,698,0.073
"Winder, Josh",SI,42,93.2,94.9,1925.0,698,0.06
"Winder, Josh",ST,42,83.4,83.9,2561.0,698,0.06
"Wingenter, Trey",FF,245,89.8,96.3,2067.0,488,0.502
"Wingenter, Trey",SL,234,77.3,84.9,2047.0,488,0.48
"Winn, Cole",FF,529,98.3,95.7,2404.0,1654,0.32
"Winn, Cole",SL,372,99.3,86.4,2650.0,1654,0.225
"Winn, Cole",FC,335,94.5,91.2,2499.0,1654,0.203
"Winn, Cole",FS,247,89.5,87.3,1667.0,1654,0.149
"Winn, Cole",SI,156,85.7,95.2,2350.0,1654,0.094
"Winn, Keaton",FS,1036,101.7,89.0,1557.0,2237,0.463
"Winn, Keaton",FF,573,90.6,95.9,2308.0,2237,0.256
"Winn, Keaton",SI,434,96.4,95.1,2285.0,2237,0.194
"Winn, Keaton",SL,194,93.6,87.8,2276.0,2237,0.087
"Winquest, Cade",FF,73,96.2,95.8,2483.0,204,0.358
"Winquest, Cade",FC,59,96.2,92.3,2551.0,204,0.289
"Winquest, Cade",CU,57,74.0,79.7,2274.0,204,0.279
"Wittgren, Nick",FF,173,85.9,92.0,2152.0,471,0.367
"Wittgren, Nick",SL,171,87.7,83.0,2386.0,471,0.363
"Wittgren, Nick",FC,63,90.4,87.4,2339.0,471,0.134
"Wittgren, Nick",CH,56,82.8,85.0,1644.0,471,0.119
"Wolf, Jackson",FF,34,89.8,88.9,2108.0,75,0.453
"Wolf, Jackson",SL,25,106.3,75.6,2198.0,75,0.333
"Wolfram, Grant",SI,560,93.0,95.9,2253.0,1410,0.397
"Wolfram, Grant",FF,289,91.8,95.5,2313.0,1410,0.205
"Wolfram, Grant",SL,230,94.6,86.9,2317.0,1410,0.163
"Wolfram, Grant",CU,214,108.6,85.0,2427.0,1410,0.152
"Wolfram, Grant",ST,107,99.6,85.9,2503.0,1410,0.076
"Wong, Jake",FF,32,75.5,92.8,1719.0,57,0.561
"Woo, Bryan",FF,3974,99.1,95.6,2269.0,8402,0.473
"Woo, Bryan",SI,1948,92.5,95.3,2240.0,8402,0.232
"Woo, Bryan",SL,1039,94.3,87.4,2211.0,8402,0.124
"Woo, Bryan",ST,823,92.4,84.0,2459.0,8402,0.098
"Woo, Bryan",CH,569,94.6,89.6,1884.0,8402,0.068
"Woo, Bryan",CU,49,82.0,82.9,2295.0,8402,0.006
"Wood, Alex",SI,1104,71.3,91.2,1969.0,2446,0.451
"Wood, Alex",SL,677,85.7,82.0,2034.0,2446,0.277
"Wood, Alex",CH,662,91.1,85.0,1691.0,2446,0.271
"Woodford, Jake",SI,1001,84.1,92.3,2077.0,2493,0.402
"Woodford, Jake",ST,561,81.9,81.2,2567.0,2493,0.225
"Woodford, Jake",FC,392,92.4,89.6,2251.0,2493,0.157
"Woodford, Jake",FS,184,91.9,86.1,1215.0,2493,0.074
"Woodford, Jake",FF,180,88.1,92.8,2182.0,2493,0.072
"Woodford, Jake",CU,96,85.5,76.3,2421.0,2493,0.039
"Woodford, Jake",CH,64,75.2,85.9,1383.0,2493,0.026
"Woodruff, Brandon",FF,1006,102.4,93.9,2370.0,2645,0.38
"Woodruff, Brandon",SI,649,89.7,93.5,2311.0,2645,0.245
"Woodruff, Brandon",CH,511,97.9,84.1,1911.0,2645,0.193
"Woodruff, Brandon",FC,217,98.4,89.2,2374.0,2645,0.082
"Woodruff, Brandon",CU,143,93.5,80.5,2550.0,2645,0.054
"Woodruff, Brandon",SL,102,100.6,86.8,2437.0,2645,0.039
"Woods Richardson, Simeon",FF,2327,90.6,93.0,2213.0,5424,0.429
"Woods Richardson, Simeon",SL,1493,94.3,86.0,2288.0,5424,0.275
"Woods Richardson, Simeon",CU,569,98.7,77.0,2584.0,5424,0.105
"Woods Richardson, Simeon",CH,560,97.4,82.8,2269.0,5424,0.103
"Woods Richardson, Simeon",FS,474,80.7,86.5,1113.0,5424,0.087
"Wright, Kyle",KC,271,94.9,84.0,2546.0,574,0.472
"Wright, Kyle",SI,170,82.7,92.7,2225.0,574,0.296
"Wright, Kyle",FF,89,86.3,93.2,2339.0,574,0.155
"Wright, Kyle",CH,36,83.6,88.3,1496.0,574,0.063
"Wrobleski, Justin",FF,1689,97.8,95.0,2434.0,3775,0.447
"Wrobleski, Justin",SL,942,96.7,87.0,2439.0,3775,0.25
"Wrobleski, Justin",SI,411,87.9,94.5,2166.0,3775,0.109
"Wrobleski, Justin",CU,255,89.3,79.2,2330.0,3775,0.068
"Wrobleski, Justin",FC,184,90.8,91.9,2461.0,3775,0.049
"Wrobleski, Justin",CH,173,79.5,86.1,1503.0,3775,0.046
"Wrobleski, Justin",ST,121,91.2,84.7,2531.0,3775,0.032
"Wynne, Randy",FF,26,93.2,89.6,2247.0,81,0.321
"Yacabonis, Jimmy",SI,151,89.4,93.1,2250.0,231,0.654
"Yacabonis, Jimmy",ST,61,80.2,82.1,2769.0,231,0.264
"Yamamoto, Yoshinobu",FF,2248,99.6,95.6,2205.0,6870,0.327
"Yamamoto, Yoshinobu",FS,1754,109.8,91.0,1412.0,6870,0.255
"Yamamoto, Yoshinobu",CU,1170,107.4,77.2,2758.0,6870,0.17
"Yamamoto, Yoshinobu",FC,793,100.0,91.4,2446.0,6870,0.115
"Yamamoto, Yoshinobu",SI,612,89.9,95.2,2280.0,6870,0.089
"Yamamoto, Yoshinobu",SL,290,108.0,86.7,2769.0,6870,0.042
"Yan, Jefry",SI,143,97.6,97.7,2494.0,314,0.455
"Yan, Jefry",FF,76,100.3,97.5,2476.0,314,0.242
"Yan, Jefry",SL,68,99.6,86.4,2584.0,314,0.217
"Yan, Jefry",CH,27,94.7,89.2,1512.0,314,0.086
"Yarbrough, Ryan",ST,1172,93.1,71.6,2196.0,4918,0.238
"Yarbrough, Ryan",FC,1037,91.4,84.1,2035.0,4918,0.211
"Yarbrough, Ryan",FF,1005,88.1,87.2,1891.0,4918,0.204
"Yarbrough, Ryan",CH,923,89.5,77.9,1914.0,4918,0.188
"Yarbrough, Ryan",SI,781,90.6,86.4,1837.0,4918,0.159
"Yates, Kirby",FF,2066,98.3,92.7,2331.0,3501,0.59
"Yates, Kirby",FS,1401,98.4,85.8,1282.0,3501,0.4
"Yates, Kirby",ST,26,61.1,75.8,2463.0,3501,0.007
"Yean, Eddy",SI,97,85.8,96.8,2349.0,168,0.577
"Yean, Eddy",CH,50,94.7,89.4,1982.0,168,0.298
"Yesavage, Trey",FF,849,94.9,94.3,2255.0,1828,0.464
"Yesavage, Trey",FS,523,97.0,83.1,1411.0,1828,0.286
"Yesavage, Trey",SL,456,86.7,87.8,2258.0,1828,0.249
"Yoho, Craig",CH,418,102.5,78.6,2454.0,801,0.522
"Yoho, Craig",FF,170,94.0,93.7,2396.0,801,0.212
"Yoho, Craig",SI,104,87.4,94.4,2394.0,801,0.13
"Yoho, Craig",FC,88,88.8,90.5,2533.0,801,0.11
"Yoho, Craig",ST,21,59.3,76.4,2889.0,801,0.026
"Young, Alex",CH,438,85.5,85.5,1479.0,1136,0.386
"Young, Alex",SI,412,83.0,90.4,2331.0,1136,0.363
"Young, Alex",CU,251,100.2,81.5,2356.0,1136,0.221
"Young, Alex",FF,34,91.4,91.1,2323.0,1136,0.03
"Young, Brandon",FF,1402,99.0,94.2,2231.0,3386,0.414
"Young, Brandon",FS,625,98.0,85.2,1460.0,3386,0.185
"Young, Brandon",SL,460,88.0,84.3,2048.0,3386,0.136
"Young, Brandon",CU,435,103.6,75.5,2715.0,3386,0.128
"Young, Brandon",SI,335,94.6,93.8,1874.0,3386,0.099
"Young, Brandon",FC,86,86.4,86.8,2067.0,3386,0.025
"Young, Brandon",CH,43,94.0,87.1,1773.0,3386,0.013
"Young, Danny",SI,613,86.5,91.8,2353.0,1232,0.498
"Young, Danny",ST,607,90.8,81.0,2786.0,1232,0.493
"Zastryzny, Rob",FF,339,90.0,92.3,2484.0,853,0.397
"Zastryzny, Rob",FC,261,91.3,87.0,2509.0,853,0.306
"Zastryzny, Rob",ST,164,94.2,81.6,2356.0,853,0.192
"Zastryzny, Rob",CH,70,87.3,81.6,2009.0,853,0.082
"Zeferjahn, Ryan",ST,813,105.9,84.9,2688.0,2495,0.326
"Zeferjahn, Ryan",FF,810,96.7,97.4,2236.0,2495,0.325
"Zeferjahn, Ryan",FC,322,94.9,90.8,2357.0,2495,0.129
"Zeferjahn, Ryan",SL,293,100.4,88.4,2513.0,2495,0.117
"Zeferjahn, Ryan",SI,205,90.6,96.4,2061.0,2495,0.082
"Zeferjahn, Ryan",CU,52,86.4,84.0,2719.0,2495,0.021
"Zerpa, Angel",SI,1209,89.5,96.2,2064.0,2972,0.407
"Zerpa, Angel",SL,813,96.9,85.8,2546.0,2972,0.274
"Zerpa, Angel",FF,661,86.8,95.5,2022.0,2972,0.222
"Zerpa, Angel",CH,287,74.6,88.2,1562.0,2972,0.097
"Zimmermann, Bruce",SL,113,82.7,84.3,2478.0,377,0.3
"Zimmermann, Bruce",SI,82,90.7,89.8,2329.0,377,0.218
"Zimmermann, Bruce",CH,50,90.4,84.6,1914.0,377,0.133
"Zimmermann, Bruce",CU,48,89.4,80.6,2301.0,377,0.127
"Zimmermann, Bruce",FF,39,88.0,90.1,2410.0,377,0.103
"Zimmermann, Bruce",FS,30,99.3,83.1,1602.0,377,0.08
"Zuber, Tyler",FF,374,101.5,95.3,2373.0,1014,0.369
"Zuber, Tyler",ST,287,106.9,83.5,2737.0,1014,0.283
"Zuber, Tyler",SL,169,106.8,88.7,2657.0,1014,0.167
"Zuber, Tyler",SI,112,97.0,94.5,2179.0,1014,0.11
"Zuber, Tyler",CU,39,96.3,83.3,2978.0,1014,0.038
"Zulueta, Yosver",SI,233,89.0,96.1,2133.0,426,0.547
"Zulueta, Yosver",SL,140,88.9,87.0,2741.0,426,0.329
"Zulueta, Yosver",FF,40,88.1,97.2,2092.0,426,0.094
"Zuñiga, Guillo",FF,120,90.6,97.4,2308.0,332,0.361
"Zuñiga, Guillo",SI,98,88.6,96.5,2321.0,332,0.295
"Zuñiga, Guillo",SL,76,92.1,87.0,2568.0,332,0.229
"Zuñiga, Guillo",CH,34,90.2,88.8,1901.0,332,0.102
"de Geus, Brett",SI,111,92.6,96.3,2086.0,225,0.493
"de Geus, Brett",KC,57,95.5,85.1,2310.0,225,0.253
"de Geus, Brett",FC,43,89.6,89.9,2274.0,225,0.191
"deGrom, Jacob",FF,2629,107.2,97.5,2503.0,5883,0.447
"deGrom, Jacob",SL,2148,114.6,90.9,2671.0,5883,0.365
"deGrom, Jacob",CH,705,90.7,89.9,1630.0,5883,0.12
"deGrom, Jacob",CU,320,96.9,80.9,2757.0,5883,0.054
"deGrom, Jacob",SI,81,102.0,96.5,2325.0,5883,0.014
