pitcher,pitcher_name,current_team,vs_stand,count_group,tendency_pitches,most_used_pitch,most_used_pitch_rate,swing_rate_induced,performance_pa,hits_allowed,home_runs_allowed,avg_against,slg_against,woba_against,k_rate,whiff_rate_induced,hard_hit_rate_allowed,avg_exit_velo_allowed
621345,A. J. Minter,MIN,L,Ahead (Pitcher),46,FC,0.739,0.435,,,,,,,,,,
621345,A. J. Minter,MIN,L,Behind (Pitcher),75,FC,0.627,0.56,19.0,5.0,1.0,0.278,0.5,0.35,0.0,0.189,0.333,81.5
621345,A. J. Minter,MIN,L,Even,154,FC,0.61,0.403,23.0,11.0,1.0,0.5,0.773,0.583,0.0,0.25,0.455,85.9
621345,A. J. Minter,MIN,L,Two-Strike,117,FC,0.59,0.615,45.0,5.0,1.0,0.119,0.19,0.191,0.489,0.238,0.3,83.7
621345,A. J. Minter,MIN,R,Ahead (Pitcher),60,FC,0.433,0.433,10.0,5.0,0.0,0.5,0.6,0.485,0.0,0.182,0.3,82.5
621345,A. J. Minter,MIN,R,Behind (Pitcher),104,FC,0.481,0.433,18.0,5.0,1.0,0.312,0.688,0.447,0.0,0.167,0.375,90.1
621345,A. J. Minter,MIN,R,Even,169,FC,0.479,0.414,22.0,3.0,2.0,0.136,0.409,0.223,0.0,0.121,0.409,86.7
621345,A. J. Minter,MIN,R,Two-Strike,131,FC,0.427,0.618,40.0,5.0,2.0,0.132,0.316,0.256,0.475,0.258,0.421,90.0
676879,Aaron Ashby,MIL,L,Ahead (Pitcher),127,SI,0.598,0.417,,,,,,,,,,
676879,Aaron Ashby,MIL,L,Behind (Pitcher),222,SI,0.757,0.333,21.0,5.0,0.0,0.385,0.462,0.464,0.0,0.196,0.5,89.9
676879,Aaron Ashby,MIL,L,Even,331,SI,0.613,0.281,17.0,6.0,0.0,0.353,0.412,0.338,0.0,0.352,0.176,83.7
676879,Aaron Ashby,MIL,L,Two-Strike,282,SL,0.44,0.528,90.0,15.0,2.0,0.176,0.282,0.235,0.533,0.314,0.297,83.0
676879,Aaron Ashby,MIL,R,Ahead (Pitcher),194,SI,0.412,0.464,18.0,5.0,0.0,0.294,0.294,0.25,0.0,0.34,0.278,83.1
676879,Aaron Ashby,MIL,R,Behind (Pitcher),388,SI,0.649,0.387,45.0,9.0,4.0,0.257,0.6,0.493,0.0,0.235,0.5,96.1
676879,Aaron Ashby,MIL,R,Even,581,SI,0.554,0.336,41.0,15.0,1.0,0.375,0.525,0.443,0.0,0.259,0.525,89.2
676879,Aaron Ashby,MIL,R,Two-Strike,435,CU,0.409,0.531,130.0,19.0,1.0,0.171,0.207,0.252,0.492,0.326,0.383,86.4
607481,Aaron Bummer,KC,L,Ahead (Pitcher),73,SI,0.493,0.411,,,,,,,,,,
607481,Aaron Bummer,KC,L,Behind (Pitcher),130,SI,0.715,0.315,,,,,,,,,,
607481,Aaron Bummer,KC,L,Even,213,SI,0.568,0.319,11.0,4.0,2.0,0.4,1.0,0.69,0.0,0.25,0.636,89.6
607481,Aaron Bummer,KC,L,Two-Strike,181,CU,0.354,0.547,17.0,3.0,1.0,0.176,0.471,0.265,0.412,0.179,0.3,88.8
607481,Aaron Bummer,KC,R,Ahead (Pitcher),89,CU,0.517,0.539,,,,,,,,,,
607481,Aaron Bummer,KC,R,Behind (Pitcher),146,SI,0.336,0.438,,,,,,,,,,
607481,Aaron Bummer,KC,R,Even,249,CU,0.406,0.313,10.0,4.0,1.0,0.5,1.0,0.575,0.0,0.074,0.556,97.3
607481,Aaron Bummer,KC,R,Two-Strike,194,CU,0.541,0.629,22.0,2.0,0.0,0.111,0.111,0.25,0.273,0.143,0.5,89.1
650644,Aaron Civale,CHC,L,Ahead (Pitcher),254,FC,0.37,0.449,31.0,11.0,1.0,0.379,0.586,0.432,0.0,0.145,0.333,85.5
650644,Aaron Civale,CHC,L,Behind (Pitcher),435,FC,0.455,0.393,49.0,15.0,3.0,0.366,0.683,0.504,0.0,0.161,0.65,95.1
650644,Aaron Civale,CHC,L,Even,689,FC,0.334,0.311,49.0,20.0,6.0,0.417,0.854,0.538,0.0,0.24,0.458,91.1
650644,Aaron Civale,CHC,L,Two-Strike,621,FC,0.306,0.58,137.0,24.0,2.0,0.2,0.292,0.273,0.307,0.138,0.325,87.1
650644,Aaron Civale,CHC,R,Ahead (Pitcher),234,FC,0.265,0.504,29.0,9.0,2.0,0.333,0.63,0.425,0.0,0.147,0.357,84.6
650644,Aaron Civale,CHC,R,Behind (Pitcher),316,FC,0.465,0.475,23.0,4.0,0.0,0.2,0.25,0.302,0.0,0.183,0.5,91.3
650644,Aaron Civale,CHC,R,Even,597,FC,0.389,0.395,51.0,20.0,3.0,0.4,0.68,0.466,0.0,0.233,0.4,86.4
650644,Aaron Civale,CHC,R,Two-Strike,468,FC,0.344,0.6,113.0,19.0,1.0,0.179,0.274,0.23,0.425,0.204,0.345,87.1
605400,Aaron Nola,PHI,L,Ahead (Pitcher),345,FF,0.328,0.426,31.0,10.0,4.0,0.323,0.839,0.477,0.0,0.233,0.419,86.7
605400,Aaron Nola,PHI,L,Behind (Pitcher),675,KC,0.308,0.45,93.0,22.0,5.0,0.301,0.562,0.448,0.0,0.247,0.514,93.1
605400,Aaron Nola,PHI,L,Even,1024,FF,0.363,0.35,74.0,22.0,6.0,0.306,0.583,0.391,0.0,0.281,0.432,87.8
605400,Aaron Nola,PHI,L,Two-Strike,856,KC,0.396,0.598,256.0,45.0,7.0,0.2,0.329,0.281,0.395,0.23,0.408,89.1
605400,Aaron Nola,PHI,R,Ahead (Pitcher),254,KC,0.331,0.504,32.0,6.0,2.0,0.188,0.438,0.259,0.0,0.235,0.156,81.3
605400,Aaron Nola,PHI,R,Behind (Pitcher),270,KC,0.33,0.444,41.0,15.0,5.0,0.405,0.919,0.566,0.0,0.266,0.486,90.8
605400,Aaron Nola,PHI,R,Even,607,SI,0.336,0.402,67.0,28.0,2.0,0.438,0.609,0.473,0.0,0.234,0.385,85.6
605400,Aaron Nola,PHI,R,Two-Strike,471,KC,0.461,0.567,144.0,25.0,5.0,0.181,0.333,0.246,0.528,0.299,0.286,83.4
682842,Abner Uribe,MIL,L,Ahead (Pitcher),104,SI,0.644,0.51,10.0,4.0,1.0,0.4,0.7,0.47,0.0,0.15,0.5,91.8
682842,Abner Uribe,MIL,L,Behind (Pitcher),222,SI,0.721,0.432,17.0,5.0,0.0,0.357,0.357,0.438,0.0,0.147,0.385,91.9
682842,Abner Uribe,MIL,L,Even,335,SI,0.642,0.343,23.0,10.0,1.0,0.435,0.652,0.47,0.0,0.172,0.478,89.1
682842,Abner Uribe,MIL,L,Two-Strike,294,SL,0.483,0.605,58.0,7.0,0.0,0.132,0.132,0.2,0.379,0.16,0.161,83.2
682842,Abner Uribe,MIL,R,Ahead (Pitcher),147,SL,0.551,0.497,,,,,,,,,,
682842,Abner Uribe,MIL,R,Behind (Pitcher),255,SI,0.694,0.349,20.0,5.0,1.0,0.385,0.692,0.603,0.0,0.206,0.357,81.2
682842,Abner Uribe,MIL,R,Even,406,SI,0.589,0.303,16.0,1.0,0.0,0.071,0.071,0.1,0.0,0.407,0.267,90.0
682842,Abner Uribe,MIL,R,Two-Strike,327,SL,0.654,0.578,76.0,7.0,0.0,0.097,0.111,0.148,0.513,0.32,0.353,86.6
671936,Adam Macko,TEX,L,Ahead (Pitcher),40,SL,0.525,0.5,,,,,,,,,,
671936,Adam Macko,TEX,L,Behind (Pitcher),72,FF,0.542,0.361,12.0,6.0,1.0,0.75,1.25,0.804,0.0,0.346,0.625,89.8
671936,Adam Macko,TEX,L,Even,102,SL,0.578,0.353,11.0,5.0,0.0,0.5,0.5,0.52,0.0,0.417,0.222,83.2
671936,Adam Macko,TEX,L,Two-Strike,83,SL,0.554,0.59,45.0,7.0,0.0,0.171,0.22,0.218,0.467,0.224,0.4,88.7
671936,Adam Macko,TEX,R,Ahead (Pitcher),36,CH,0.583,0.306,,,,,,,,,,
671936,Adam Macko,TEX,R,Behind (Pitcher),51,FF,0.412,0.51,14.0,3.0,0.0,0.231,0.231,0.418,0.0,0.231,0.3,86.1
671936,Adam Macko,TEX,R,Even,107,FF,0.355,0.383,12.0,3.0,3.0,0.273,1.091,0.5,0.0,0.268,0.667,94.4
671936,Adam Macko,TEX,R,Two-Strike,96,FF,0.427,0.625,37.0,8.0,1.0,0.25,0.344,0.343,0.297,0.117,0.238,81.2
605288,Adrian Houser,SF,L,Ahead (Pitcher),257,CH,0.362,0.475,21.0,8.0,1.0,0.381,0.667,0.445,0.0,0.193,0.333,85.4
605288,Adrian Houser,SF,L,Behind (Pitcher),527,SI,0.533,0.433,73.0,22.0,4.0,0.415,0.774,0.557,0.0,0.14,0.463,90.6
605288,Adrian Houser,SF,L,Even,742,SI,0.388,0.345,46.0,15.0,3.0,0.341,0.659,0.417,0.0,0.211,0.565,91.0
605288,Adrian Houser,SF,L,Two-Strike,601,FF,0.291,0.596,143.0,25.0,4.0,0.194,0.341,0.293,0.343,0.173,0.412,88.7
605288,Adrian Houser,SF,R,Ahead (Pitcher),211,SI,0.592,0.573,20.0,6.0,1.0,0.333,0.5,0.37,0.0,0.07,0.4,87.2
605288,Adrian Houser,SF,R,Behind (Pitcher),286,SI,0.724,0.521,31.0,10.0,1.0,0.345,0.552,0.382,0.0,0.115,0.533,94.1
605288,Adrian Houser,SF,R,Even,586,SI,0.631,0.411,65.0,12.0,1.0,0.194,0.274,0.235,0.0,0.143,0.354,85.8
605288,Adrian Houser,SF,R,Two-Strike,414,SI,0.37,0.616,70.0,11.0,0.0,0.164,0.209,0.199,0.357,0.186,0.293,87.2
670970,Adrián Morejón,SD,L,Ahead (Pitcher),145,SI,0.641,0.545,16.0,3.0,0.0,0.2,0.2,0.213,0.0,0.275,0.2,77.9
670970,Adrián Morejón,SD,L,Behind (Pitcher),168,SI,0.774,0.423,14.0,1.0,0.0,0.091,0.091,0.279,0.0,0.2,0.182,79.5
670970,Adrián Morejón,SD,L,Even,343,SI,0.656,0.402,30.0,6.0,0.0,0.2,0.267,0.293,0.0,0.235,0.226,78.5
670970,Adrián Morejón,SD,L,Two-Strike,275,SI,0.433,0.629,73.0,12.0,1.0,0.176,0.235,0.219,0.507,0.232,0.433,86.0
670970,Adrián Morejón,SD,R,Ahead (Pitcher),201,SI,0.433,0.587,20.0,8.0,0.0,0.4,0.5,0.395,0.0,0.486,0.2,87.3
670970,Adrián Morejón,SD,R,Behind (Pitcher),274,SI,0.58,0.423,35.0,10.0,0.0,0.345,0.414,0.472,0.0,0.361,0.538,92.5
670970,Adrián Morejón,SD,R,Even,496,SI,0.546,0.393,31.0,7.0,2.0,0.241,0.448,0.326,0.0,0.33,0.2,85.7
670970,Adrián Morejón,SD,R,Two-Strike,417,CH,0.362,0.612,119.0,17.0,1.0,0.155,0.2,0.206,0.555,0.362,0.378,92.5
805123,Aj Blubaugh,HOU,L,Ahead (Pitcher),140,FF,0.514,0.514,20.0,5.0,2.0,0.25,0.6,0.353,0.0,0.322,0.5,90.9
805123,Aj Blubaugh,HOU,L,Behind (Pitcher),251,FF,0.586,0.446,37.0,6.0,2.0,0.25,0.625,0.479,0.0,0.233,0.444,89.2
805123,Aj Blubaugh,HOU,L,Even,375,FF,0.488,0.416,41.0,10.0,1.0,0.25,0.4,0.272,0.0,0.233,0.39,90.2
805123,Aj Blubaugh,HOU,L,Two-Strike,355,FF,0.513,0.563,112.0,13.0,2.0,0.133,0.235,0.22,0.455,0.232,0.38,88.4
805123,Aj Blubaugh,HOU,R,Ahead (Pitcher),124,FF,0.5,0.516,12.0,5.0,1.0,0.417,0.833,0.525,0.0,0.319,0.25,91.4
805123,Aj Blubaugh,HOU,R,Behind (Pitcher),210,FF,0.581,0.429,40.0,10.0,2.0,0.357,0.679,0.499,0.0,0.194,0.448,90.4
805123,Aj Blubaugh,HOU,R,Even,337,FF,0.522,0.424,37.0,15.0,2.0,0.429,0.657,0.481,0.0,0.287,0.306,82.1
805123,Aj Blubaugh,HOU,R,Two-Strike,341,FF,0.499,0.563,96.0,11.0,1.0,0.129,0.188,0.195,0.427,0.241,0.273,86.4
700363,Aj Smith-Shawver,ATL,L,Ahead (Pitcher),83,FF,0.482,0.482,,,,,,,,,,
700363,Aj Smith-Shawver,ATL,L,Behind (Pitcher),148,FF,0.574,0.486,13.0,4.0,2.0,0.364,1.0,0.65,0.0,0.129,0.727,99.0
700363,Aj Smith-Shawver,ATL,L,Even,254,FF,0.453,0.37,,,,,,,,,,
700363,Aj Smith-Shawver,ATL,L,Two-Strike,191,FS,0.639,0.618,43.0,8.0,1.0,0.222,0.333,0.315,0.186,0.1,0.357,86.9
700363,Aj Smith-Shawver,ATL,R,Ahead (Pitcher),69,FF,0.391,0.522,,,,,,,,,,
700363,Aj Smith-Shawver,ATL,R,Behind (Pitcher),126,FF,0.5,0.405,14.0,1.0,1.0,0.111,0.444,0.393,0.0,0.2,0.333,88.1
700363,Aj Smith-Shawver,ATL,R,Even,186,FF,0.522,0.371,10.0,4.0,0.0,0.4,0.4,0.5,0.0,0.194,0.111,80.5
700363,Aj Smith-Shawver,ATL,R,Two-Strike,170,FS,0.576,0.6,30.0,4.0,0.0,0.148,0.185,0.232,0.533,0.265,0.182,80.5
660604,Alan Rangel,PHI,L,Ahead (Pitcher),43,CH,0.581,0.581,,,,,,,,,,
660604,Alan Rangel,PHI,L,Behind (Pitcher),86,FF,0.442,0.488,20.0,5.0,1.0,0.333,0.667,0.455,0.0,0.143,0.188,87.3
660604,Alan Rangel,PHI,L,Even,132,FF,0.409,0.341,13.0,6.0,0.0,0.462,0.615,0.469,0.0,0.121,0.385,83.9
660604,Alan Rangel,PHI,L,Two-Strike,100,CH,0.51,0.65,34.0,5.0,1.0,0.161,0.258,0.226,0.412,0.2,0.294,88.7
660604,Alan Rangel,PHI,R,Ahead (Pitcher),39,FF,0.41,0.487,,,,,,,,,,
660604,Alan Rangel,PHI,R,Behind (Pitcher),51,FF,0.569,0.392,,,,,,,,,,
660604,Alan Rangel,PHI,R,Even,102,SL,0.373,0.363,,,,,,,,,,
660604,Alan Rangel,PHI,R,Two-Strike,112,CH,0.393,0.598,37.0,7.0,2.0,0.233,0.467,0.372,0.405,0.255,0.333,86.0
544150,Albert Suárez,BAL,L,Ahead (Pitcher),59,FF,0.61,0.407,15.0,5.0,1.0,0.333,0.867,0.49,0.0,0.136,0.4,89.4
544150,Albert Suárez,BAL,L,Behind (Pitcher),150,CH,0.507,0.52,35.0,8.0,1.0,0.258,0.387,0.327,0.0,0.254,0.258,86.4
544150,Albert Suárez,BAL,L,Even,205,FF,0.571,0.366,27.0,5.0,2.0,0.192,0.462,0.294,0.0,0.182,0.407,89.8
544150,Albert Suárez,BAL,L,Two-Strike,127,FF,0.717,0.567,44.0,6.0,1.0,0.162,0.324,0.29,0.386,0.196,0.316,91.0
544150,Albert Suárez,BAL,R,Ahead (Pitcher),73,FC,0.438,0.466,15.0,2.0,0.0,0.133,0.133,0.18,0.0,0.167,0.267,80.5
544150,Albert Suárez,BAL,R,Behind (Pitcher),109,FC,0.514,0.587,21.0,5.0,2.0,0.312,0.75,0.469,0.0,0.298,0.706,95.6
544150,Albert Suárez,BAL,R,Even,217,FF,0.475,0.442,35.0,11.0,1.0,0.324,0.5,0.344,0.0,0.167,0.543,85.8
544150,Albert Suárez,BAL,R,Two-Strike,150,FF,0.52,0.587,56.0,12.0,0.0,0.235,0.314,0.28,0.429,0.254,0.296,87.1
687941,Alec Gamboa,BOS,L,Ahead (Pitcher),22,SL,0.773,0.409,,,,,,,,,,
687941,Alec Gamboa,BOS,L,Behind (Pitcher),26,SI,0.615,0.462,,,,,,,,,,
687941,Alec Gamboa,BOS,L,Even,58,SI,0.431,0.5,12.0,3.0,0.0,0.25,0.5,0.312,0.0,0.138,0.5,89.1
687941,Alec Gamboa,BOS,L,Two-Strike,46,SL,0.435,0.674,20.0,4.0,0.0,0.211,0.368,0.267,0.4,0.161,0.273,91.5
687941,Alec Gamboa,BOS,R,Ahead (Pitcher),39,FF,0.436,0.436,,,,,,,,,,
687941,Alec Gamboa,BOS,R,Behind (Pitcher),52,FF,0.519,0.577,18.0,3.0,0.0,0.231,0.231,0.306,0.0,0.067,0.571,92.5
687941,Alec Gamboa,BOS,R,Even,104,FF,0.615,0.49,19.0,6.0,0.0,0.353,0.471,0.35,0.0,0.216,0.4,87.7
687941,Alec Gamboa,BOS,R,Two-Strike,79,FF,0.481,0.532,36.0,1.0,0.0,0.031,0.031,0.128,0.389,0.143,0.278,84.6
689690,Alek Jacob,SD,L,Ahead (Pitcher),33,CH,0.667,0.455,,,,,,,,,,
689690,Alek Jacob,SD,L,Behind (Pitcher),65,FF,0.523,0.508,,,,,,,,,,
689690,Alek Jacob,SD,L,Even,104,FF,0.5,0.327,,,,,,,,,,
689690,Alek Jacob,SD,L,Two-Strike,80,CH,0.475,0.8,,,,,,,,,,
689690,Alek Jacob,SD,R,Ahead (Pitcher),58,FF,0.31,0.414,,,,,,,,,,
689690,Alek Jacob,SD,R,Behind (Pitcher),77,FF,0.429,0.39,,,,,,,,,,
689690,Alek Jacob,SD,R,Even,150,FF,0.38,0.34,,,,,,,,,,
689690,Alek Jacob,SD,R,Two-Strike,106,FF,0.415,0.585,,,,,,,,,,
666201,Alek Manoah,LAA,L,Behind (Pitcher),38,CH,0.579,0.237,,,,,,,,,,
666201,Alek Manoah,LAA,L,Even,38,SI,0.395,0.368,,,,,,,,,,
666201,Alek Manoah,LAA,L,Two-Strike,19,CH,0.316,0.684,10.0,0.0,0.0,0.0,0.0,0.07,0.3,0.154,0.333,89.9
666201,Alek Manoah,LAA,R,Even,20,SI,0.55,0.35,,,,,,,,,,
666201,Alek Manoah,LAA,R,Two-Strike,18,CH,0.389,0.389,,,,,,,,,,
702047,Alex Cook,TB,L,Even,21,FF,0.762,0.381,,,,,,,,,,
702047,Alex Cook,TB,L,Two-Strike,24,FF,0.708,0.458,,,,,,,,,,
695380,Alex Hoppe,BAL,L,Ahead (Pitcher),49,FF,0.449,0.49,10.0,5.0,0.0,0.5,0.6,0.485,0.0,0.125,0.5,94.6
695380,Alex Hoppe,BAL,L,Behind (Pitcher),89,FF,0.472,0.337,22.0,4.0,0.0,0.333,0.5,0.514,0.0,0.233,0.333,89.5
695380,Alex Hoppe,BAL,L,Even,151,FF,0.517,0.384,23.0,6.0,0.0,0.273,0.364,0.327,0.0,0.224,0.435,85.1
695380,Alex Hoppe,BAL,L,Two-Strike,104,SL,0.529,0.538,47.0,5.0,1.0,0.119,0.19,0.194,0.489,0.339,0.444,88.9
695380,Alex Hoppe,BAL,R,Ahead (Pitcher),33,SI,0.485,0.455,,,,,,,,,,
695380,Alex Hoppe,BAL,R,Behind (Pitcher),66,SI,0.652,0.47,13.0,3.0,0.0,0.25,0.5,0.342,0.0,0.226,0.25,85.7
695380,Alex Hoppe,BAL,R,Even,115,SI,0.443,0.417,24.0,6.0,0.0,0.273,0.364,0.358,0.0,0.146,0.348,82.0
695380,Alex Hoppe,BAL,R,Two-Strike,112,SL,0.393,0.562,43.0,10.0,2.0,0.244,0.415,0.301,0.488,0.238,0.35,89.4
656638,Alex Lange,KC,L,Ahead (Pitcher),73,CH,0.521,0.438,10.0,2.0,0.0,0.2,0.2,0.18,0.0,0.258,0.3,86.5
656638,Alex Lange,KC,L,Behind (Pitcher),143,FC,0.28,0.49,25.0,11.0,2.0,0.55,1.1,0.694,0.0,0.188,0.5,94.6
656638,Alex Lange,KC,L,Even,226,CH,0.31,0.358,27.0,10.0,2.0,0.4,0.68,0.454,0.0,0.25,0.5,87.8
656638,Alex Lange,KC,L,Two-Strike,183,SL,0.388,0.601,83.0,16.0,1.0,0.225,0.31,0.301,0.337,0.206,0.419,89.9
656638,Alex Lange,KC,R,Ahead (Pitcher),65,SL,0.646,0.4,,,,,,,,,,
656638,Alex Lange,KC,R,Behind (Pitcher),89,SI,0.517,0.528,22.0,6.0,2.0,0.333,0.722,0.489,0.0,0.261,0.5,91.4
656638,Alex Lange,KC,R,Even,177,SI,0.469,0.418,22.0,5.0,0.0,0.227,0.364,0.252,0.0,0.357,0.364,91.1
656638,Alex Lange,KC,R,Two-Strike,150,SL,0.447,0.513,67.0,8.0,2.0,0.151,0.283,0.292,0.463,0.299,0.364,87.9
686934,Alex Mcfarlane,PHI,L,Behind (Pitcher),30,FF,0.7,0.433,,,,,,,,,,
686934,Alex Mcfarlane,PHI,L,Even,44,FF,0.568,0.386,,,,,,,,,,
686934,Alex Mcfarlane,PHI,L,Two-Strike,34,FF,0.559,0.794,19.0,2.0,0.0,0.105,0.105,0.142,0.474,0.222,0.2,88.5
686934,Alex Mcfarlane,PHI,R,Behind (Pitcher),35,SI,0.771,0.6,,,,,,,,,,
686934,Alex Mcfarlane,PHI,R,Even,53,SI,0.604,0.283,,,,,,,,,,
686934,Alex Mcfarlane,PHI,R,Two-Strike,41,FF,0.488,0.585,20.0,2.0,1.0,0.125,0.312,0.285,0.35,0.208,0.333,77.0
681911,Alex Vesia,LAD,L,Ahead (Pitcher),99,FF,0.535,0.525,10.0,3.0,2.0,0.3,1.0,0.583,0.0,0.172,0.556,90.2
681911,Alex Vesia,LAD,L,Behind (Pitcher),133,FF,0.594,0.474,16.0,3.0,0.0,0.273,0.364,0.409,0.0,0.282,0.364,86.3
681911,Alex Vesia,LAD,L,Even,257,FF,0.541,0.416,10.0,1.0,0.0,0.1,0.1,0.09,0.0,0.31,0.2,88.3
681911,Alex Vesia,LAD,L,Two-Strike,269,FF,0.52,0.584,67.0,6.0,0.0,0.1,0.133,0.154,0.463,0.265,0.267,86.1
681911,Alex Vesia,LAD,R,Ahead (Pitcher),152,FF,0.533,0.546,,,,,,,,,,
681911,Alex Vesia,LAD,R,Behind (Pitcher),267,FF,0.554,0.352,20.0,2.0,0.0,0.167,0.333,0.6,0.0,0.4,0.222,88.0
681911,Alex Vesia,LAD,R,Even,410,FF,0.563,0.363,11.0,2.0,1.0,0.182,0.455,0.264,0.0,0.406,0.636,94.4
681911,Alex Vesia,LAD,R,Two-Strike,428,FF,0.579,0.621,89.0,11.0,0.0,0.139,0.165,0.218,0.449,0.269,0.333,86.5
695001,Alimber Santa,HOU,L,Ahead (Pitcher),16,ST,0.562,0.562,,,,,,,,,,
695001,Alimber Santa,HOU,L,Behind (Pitcher),27,SL,0.556,0.296,,,,,,,,,,
695001,Alimber Santa,HOU,L,Even,41,SL,0.39,0.341,,,,,,,,,,
695001,Alimber Santa,HOU,L,Two-Strike,41,ST,0.561,0.659,18.0,4.0,1.0,0.235,0.412,0.261,0.278,0.111,0.538,91.9
695001,Alimber Santa,HOU,R,Behind (Pitcher),35,SL,0.429,0.514,,,,,,,,,,
695001,Alimber Santa,HOU,R,Even,45,SI,0.422,0.378,,,,,,,,,,
695001,Alimber Santa,HOU,R,Two-Strike,26,ST,0.615,0.462,15.0,1.0,0.0,0.083,0.083,0.2,0.267,0.167,0.375,85.2
701552,Andre Granillo,WSH,L,Ahead (Pitcher),29,SL,0.414,0.414,,,,,,,,,,
701552,Andre Granillo,WSH,L,Behind (Pitcher),62,SL,0.597,0.371,,,,,,,,,,
701552,Andre Granillo,WSH,L,Even,88,SL,0.58,0.375,,,,,,,,,,
701552,Andre Granillo,WSH,L,Two-Strike,62,SL,0.597,0.629,10.0,2.0,0.0,0.222,0.222,0.25,0.3,0.077,0.333,84.4
701552,Andre Granillo,WSH,R,Ahead (Pitcher),38,SL,0.816,0.447,,,,,,,,,,
701552,Andre Granillo,WSH,R,Behind (Pitcher),83,SL,0.687,0.398,,,,,,,,,,
701552,Andre Granillo,WSH,R,Even,111,SL,0.667,0.378,,,,,,,,,,
701552,Andre Granillo,WSH,R,Two-Strike,86,SL,0.628,0.605,11.0,3.0,0.0,0.333,0.444,0.405,0.0,0.0,0.444,92.6
669467,Andre Pallante,STL,L,Ahead (Pitcher),367,FF,0.529,0.406,32.0,10.0,2.0,0.323,0.677,0.424,0.0,0.208,0.375,86.7
669467,Andre Pallante,STL,L,Behind (Pitcher),595,FF,0.697,0.449,77.0,26.0,2.0,0.377,0.551,0.444,0.0,0.153,0.522,93.7
669467,Andre Pallante,STL,L,Even,1007,FF,0.634,0.371,90.0,30.0,3.0,0.333,0.478,0.374,0.0,0.175,0.341,86.0
669467,Andre Pallante,STL,L,Two-Strike,787,FF,0.431,0.558,170.0,18.0,0.0,0.122,0.169,0.211,0.341,0.22,0.326,85.6
669467,Andre Pallante,STL,R,Ahead (Pitcher),314,SI,0.427,0.43,22.0,6.0,0.0,0.333,0.389,0.357,0.0,0.186,0.158,83.0
669467,Andre Pallante,STL,R,Behind (Pitcher),506,SL,0.435,0.528,45.0,6.0,0.0,0.162,0.162,0.249,0.0,0.229,0.237,85.3
669467,Andre Pallante,STL,R,Even,943,SL,0.351,0.368,55.0,18.0,2.0,0.327,0.509,0.376,0.0,0.227,0.304,85.8
669467,Andre Pallante,STL,R,Two-Strike,754,SL,0.401,0.528,161.0,32.0,2.0,0.221,0.31,0.289,0.298,0.161,0.32,85.3
671096,Andrew Abbott,CIN,L,Ahead (Pitcher),207,ST,0.493,0.575,16.0,7.0,1.0,0.438,0.688,0.484,0.0,0.203,0.375,82.9
671096,Andrew Abbott,CIN,L,Behind (Pitcher),263,FF,0.643,0.468,27.0,10.0,4.0,0.417,1.125,0.672,0.0,0.222,0.542,94.1
671096,Andrew Abbott,CIN,L,Even,502,FF,0.484,0.396,31.0,8.0,3.0,0.267,0.6,0.35,0.0,0.219,0.5,92.7
671096,Andrew Abbott,CIN,L,Two-Strike,485,FF,0.485,0.631,117.0,22.0,1.0,0.204,0.269,0.232,0.436,0.207,0.328,87.4
671096,Andrew Abbott,CIN,R,Ahead (Pitcher),500,FF,0.372,0.51,46.0,13.0,1.0,0.283,0.348,0.278,0.0,0.217,0.362,87.2
671096,Andrew Abbott,CIN,R,Behind (Pitcher),982,FF,0.463,0.445,123.0,31.0,7.0,0.352,0.67,0.504,0.0,0.246,0.435,91.2
671096,Andrew Abbott,CIN,R,Even,1438,FF,0.422,0.338,107.0,37.0,4.0,0.349,0.519,0.377,0.0,0.174,0.349,86.3
671096,Andrew Abbott,CIN,R,Two-Strike,1169,FF,0.476,0.616,251.0,34.0,5.0,0.157,0.272,0.266,0.319,0.16,0.367,88.8
674841,Andrew Alvarez,WSH,L,Ahead (Pitcher),53,CU,0.396,0.434,10.0,2.0,0.0,0.2,0.2,0.18,0.0,0.318,0.5,96.8
674841,Andrew Alvarez,WSH,L,Behind (Pitcher),133,SI,0.406,0.376,19.0,3.0,1.0,0.2,0.4,0.347,0.0,0.209,0.467,90.5
674841,Andrew Alvarez,WSH,L,Even,179,SL,0.346,0.374,27.0,8.0,0.0,0.296,0.444,0.319,0.0,0.169,0.444,91.8
674841,Andrew Alvarez,WSH,L,Two-Strike,155,SL,0.4,0.555,62.0,12.0,1.0,0.218,0.345,0.298,0.371,0.218,0.355,87.4
674841,Andrew Alvarez,WSH,R,Ahead (Pitcher),178,CU,0.348,0.5,28.0,4.0,0.0,0.16,0.16,0.167,0.0,0.212,0.333,86.3
674841,Andrew Alvarez,WSH,R,Behind (Pitcher),449,FF,0.385,0.408,78.0,17.0,3.0,0.298,0.526,0.445,0.0,0.197,0.448,90.7
674841,Andrew Alvarez,WSH,R,Even,581,FF,0.341,0.301,63.0,24.0,0.0,0.393,0.492,0.402,0.0,0.27,0.435,89.5
674841,Andrew Alvarez,WSH,R,Two-Strike,446,CU,0.581,0.581,163.0,18.0,0.0,0.123,0.178,0.205,0.515,0.295,0.306,84.5
694851,Andrew Hoffmann,AZ,L,Ahead (Pitcher),26,CH,0.538,0.346,,,,,,,,,,
694851,Andrew Hoffmann,AZ,L,Behind (Pitcher),74,FF,0.649,0.446,10.0,1.0,0.0,0.125,0.25,0.265,0.0,0.053,0.625,90.0
694851,Andrew Hoffmann,AZ,L,Even,77,FF,0.468,0.234,,,,,,,,,,
694851,Andrew Hoffmann,AZ,L,Two-Strike,64,CH,0.516,0.5,17.0,5.0,0.0,0.333,0.467,0.388,0.471,0.263,0.429,94.1
694851,Andrew Hoffmann,AZ,R,Ahead (Pitcher),28,CH,0.571,0.464,,,,,,,,,,
694851,Andrew Hoffmann,AZ,R,Behind (Pitcher),49,FF,0.571,0.429,,,,,,,,,,
694851,Andrew Hoffmann,AZ,R,Even,88,FF,0.398,0.455,,,,,,,,,,
694851,Andrew Hoffmann,AZ,R,Two-Strike,70,FF,0.486,0.529,10.0,3.0,1.0,0.375,0.75,0.52,0.4,0.154,0.75,96.7
552640,Andrew Kittredge,BAL,L,Ahead (Pitcher),111,SI,0.486,0.532,17.0,3.0,0.0,0.188,0.25,0.203,0.0,0.121,0.294,80.4
552640,Andrew Kittredge,BAL,L,Behind (Pitcher),134,SI,0.373,0.515,22.0,9.0,1.0,0.474,0.684,0.622,0.0,0.184,0.529,93.3
552640,Andrew Kittredge,BAL,L,Even,274,SI,0.496,0.438,24.0,9.0,0.0,0.391,0.522,0.419,0.0,0.186,0.417,91.1
552640,Andrew Kittredge,BAL,L,Two-Strike,191,SL,0.764,0.733,49.0,8.0,3.0,0.163,0.388,0.229,0.469,0.286,0.423,90.3
552640,Andrew Kittredge,BAL,R,Ahead (Pitcher),126,SI,0.492,0.659,19.0,4.0,0.0,0.211,0.316,0.368,0.0,0.179,0.526,90.2
552640,Andrew Kittredge,BAL,R,Behind (Pitcher),120,SL,0.558,0.475,15.0,5.0,1.0,0.417,0.667,0.513,0.0,0.231,0.417,86.6
552640,Andrew Kittredge,BAL,R,Even,287,SI,0.505,0.397,24.0,8.0,0.0,0.333,0.375,0.352,0.0,0.232,0.292,82.2
552640,Andrew Kittredge,BAL,R,Two-Strike,248,SL,0.79,0.589,45.0,9.0,1.0,0.22,0.293,0.287,0.378,0.217,0.167,81.8
702193,Andrew Morris,MIN,L,Ahead (Pitcher),87,FF,0.402,0.586,16.0,5.0,1.0,0.312,0.625,0.394,0.0,0.196,0.375,83.9
702193,Andrew Morris,MIN,L,Behind (Pitcher),138,FF,0.493,0.428,28.0,6.0,1.0,0.261,0.435,0.398,0.0,0.237,0.318,86.0
702193,Andrew Morris,MIN,L,Even,214,FF,0.439,0.308,19.0,8.0,0.0,0.444,0.611,0.471,0.0,0.258,0.333,87.3
702193,Andrew Morris,MIN,L,Two-Strike,234,FF,0.487,0.577,93.0,16.0,1.0,0.19,0.298,0.269,0.366,0.141,0.235,84.4
702193,Andrew Morris,MIN,R,Ahead (Pitcher),81,FF,0.444,0.457,,,,,,,,,,
702193,Andrew Morris,MIN,R,Behind (Pitcher),118,FF,0.525,0.407,20.0,7.0,1.0,0.467,0.667,0.545,0.0,0.146,0.2,83.7
702193,Andrew Morris,MIN,R,Even,209,FF,0.359,0.44,38.0,11.0,0.0,0.306,0.389,0.345,0.0,0.261,0.297,81.6
702193,Andrew Morris,MIN,R,Two-Strike,216,FF,0.426,0.602,92.0,16.0,0.0,0.186,0.198,0.226,0.37,0.162,0.519,92.1
677053,Andrew Nardi,MIA,L,Ahead (Pitcher),28,FF,0.429,0.464,,,,,,,,,,
677053,Andrew Nardi,MIA,L,Behind (Pitcher),27,FF,0.481,0.519,,,,,,,,,,
677053,Andrew Nardi,MIA,L,Even,65,FF,0.415,0.477,11.0,6.0,2.0,0.6,1.4,0.85,0.0,0.452,0.545,87.7
677053,Andrew Nardi,MIA,L,Two-Strike,57,ST,0.404,0.456,28.0,2.0,0.0,0.095,0.095,0.239,0.5,0.308,0.429,90.7
677053,Andrew Nardi,MIA,R,Ahead (Pitcher),27,FF,0.556,0.593,,,,,,,,,,
677053,Andrew Nardi,MIA,R,Behind (Pitcher),44,FF,0.591,0.386,11.0,6.0,1.0,0.857,1.571,0.909,0.0,0.235,0.714,98.3
677053,Andrew Nardi,MIA,R,Even,69,FF,0.464,0.348,,,,,,,,,,
677053,Andrew Nardi,MIA,R,Two-Strike,61,FF,0.574,0.639,27.0,2.0,0.0,0.077,0.115,0.106,0.481,0.256,0.231,80.1
691725,Andrew Painter,PHI,L,Ahead (Pitcher),158,FF,0.392,0.437,26.0,12.0,1.0,0.48,0.64,0.533,0.0,0.29,0.4,84.3
691725,Andrew Painter,PHI,L,Behind (Pitcher),224,FF,0.384,0.442,52.0,13.0,4.0,0.295,0.636,0.446,0.0,0.162,0.488,91.8
691725,Andrew Painter,PHI,L,Even,424,FF,0.415,0.42,76.0,26.0,2.0,0.361,0.472,0.37,0.0,0.213,0.316,85.2
691725,Andrew Painter,PHI,L,Two-Strike,336,FF,0.342,0.676,152.0,29.0,5.0,0.209,0.353,0.27,0.375,0.198,0.298,85.5
691725,Andrew Painter,PHI,R,Ahead (Pitcher),105,ST,0.333,0.562,20.0,5.0,0.0,0.278,0.278,0.284,0.0,0.22,0.158,85.3
691725,Andrew Painter,PHI,R,Behind (Pitcher),211,ST,0.303,0.427,43.0,12.0,0.0,0.387,0.484,0.455,0.0,0.211,0.375,85.9
691725,Andrew Painter,PHI,R,Even,301,FF,0.289,0.405,41.0,11.0,3.0,0.282,0.59,0.401,0.0,0.303,0.35,86.5
691725,Andrew Painter,PHI,R,Two-Strike,274,SL,0.296,0.573,118.0,19.0,6.0,0.184,0.379,0.303,0.424,0.274,0.434,88.7
808825,Andrew Sears,DET,L,Ahead (Pitcher),16,SL,0.562,0.375,,,,,,,,,,
808825,Andrew Sears,DET,L,Behind (Pitcher),20,FF,0.45,0.35,,,,,,,,,,
808825,Andrew Sears,DET,L,Even,38,SL,0.395,0.368,,,,,,,,,,
808825,Andrew Sears,DET,L,Two-Strike,36,SL,0.417,0.528,16.0,6.0,1.0,0.429,0.857,0.559,0.062,0.053,0.308,91.0
808825,Andrew Sears,DET,R,Ahead (Pitcher),22,FF,0.5,0.545,,,,,,,,,,
808825,Andrew Sears,DET,R,Behind (Pitcher),54,FF,0.463,0.444,10.0,1.0,0.0,0.143,0.143,0.39,0.0,0.417,0.286,93.1
808825,Andrew Sears,DET,R,Even,78,FF,0.538,0.385,11.0,5.0,0.0,0.455,0.636,0.473,0.0,0.3,0.273,85.1
808825,Andrew Sears,DET,R,Two-Strike,60,FF,0.467,0.617,30.0,4.0,1.0,0.143,0.321,0.257,0.4,0.27,0.312,89.1
683734,Andrew Vaughn,MIL,R,Behind (Pitcher),26,EP,0.462,0.269,,,,,,,,,,
683734,Andrew Vaughn,MIL,R,Even,21,KN,0.667,0.333,,,,,,,,,,
681806,Andrew Wantz,CHC,R,Even,19,FC,0.368,0.368,,,,,,,,,,
681806,Andrew Wantz,CHC,R,Two-Strike,21,FF,0.476,0.619,,,,,,,,,,
662253,Andrés Muñoz,SEA,L,Ahead (Pitcher),132,FF,0.402,0.523,,,,,,,,,,
662253,Andrés Muñoz,SEA,L,Behind (Pitcher),243,FF,0.498,0.387,26.0,6.0,2.0,0.375,0.875,0.623,0.0,0.302,0.5,94.4
662253,Andrés Muñoz,SEA,L,Even,346,SL,0.465,0.35,18.0,8.0,0.0,0.444,0.444,0.4,0.0,0.348,0.278,83.7
662253,Andrés Muñoz,SEA,L,Two-Strike,303,SL,0.548,0.587,81.0,9.0,3.0,0.12,0.24,0.193,0.593,0.446,0.5,89.4
662253,Andrés Muñoz,SEA,R,Ahead (Pitcher),135,SL,0.474,0.556,,,,,,,,,,
662253,Andrés Muñoz,SEA,R,Behind (Pitcher),189,FF,0.481,0.444,17.0,3.0,2.0,0.25,0.75,0.453,0.0,0.229,0.538,86.7
662253,Andrés Muñoz,SEA,R,Even,341,FF,0.402,0.37,18.0,8.0,0.0,0.471,0.471,0.439,0.0,0.327,0.278,87.9
662253,Andrés Muñoz,SEA,R,Two-Strike,311,SL,0.605,0.608,69.0,8.0,2.0,0.125,0.234,0.192,0.58,0.395,0.44,89.6
683409,Angel Chivilli,NYY,L,Ahead (Pitcher),60,CH,0.55,0.583,,,,,,,,,,
683409,Angel Chivilli,NYY,L,Behind (Pitcher),151,FF,0.503,0.464,,,,,,,,,,
683409,Angel Chivilli,NYY,L,Even,194,FF,0.454,0.376,,,,,,,,,,
683409,Angel Chivilli,NYY,L,Two-Strike,147,CH,0.599,0.619,16.0,3.0,2.0,0.188,0.562,0.306,0.562,0.32,0.429,91.0
683409,Angel Chivilli,NYY,R,Ahead (Pitcher),91,SL,0.44,0.505,,,,,,,,,,
683409,Angel Chivilli,NYY,R,Behind (Pitcher),186,FF,0.495,0.473,,,,,,,,,,
683409,Angel Chivilli,NYY,R,Even,292,FF,0.425,0.414,,,,,,,,,,
683409,Angel Chivilli,NYY,R,Two-Strike,192,CH,0.396,0.677,18.0,2.0,1.0,0.133,0.333,0.278,0.389,0.238,0.375,87.9
672582,Angel Zerpa,MIL,L,Ahead (Pitcher),64,SI,0.594,0.578,,,,,,,,,,
672582,Angel Zerpa,MIL,L,Behind (Pitcher),121,SI,0.81,0.289,,,,,,,,,,
672582,Angel Zerpa,MIL,L,Even,177,SI,0.588,0.311,,,,,,,,,,
672582,Angel Zerpa,MIL,L,Two-Strike,157,SI,0.561,0.541,,,,,,,,,,
672582,Angel Zerpa,MIL,R,Ahead (Pitcher),118,FF,0.322,0.475,,,,,,,,,,
672582,Angel Zerpa,MIL,R,Behind (Pitcher),135,SI,0.481,0.407,,,,,,,,,,
672582,Angel Zerpa,MIL,R,Even,283,SI,0.428,0.325,,,,,,,,,,
672582,Angel Zerpa,MIL,R,Two-Strike,261,SI,0.352,0.563,18.0,6.0,1.0,0.462,0.846,0.594,0.222,0.125,0.556,93.2
607455,Anthony Banda,MIN,L,Ahead (Pitcher),88,SL,0.67,0.364,,,,,,,,,,
607455,Anthony Banda,MIN,L,Behind (Pitcher),189,SI,0.487,0.434,12.0,4.0,0.0,0.571,0.571,0.6,0.0,0.25,0.5,84.5
607455,Anthony Banda,MIN,L,Even,261,SL,0.506,0.341,16.0,5.0,1.0,0.357,0.714,0.538,0.0,0.312,0.143,82.6
607455,Anthony Banda,MIN,L,Two-Strike,199,SL,0.638,0.578,36.0,4.0,0.0,0.121,0.152,0.188,0.444,0.302,0.353,87.3
607455,Anthony Banda,MIN,R,Ahead (Pitcher),118,SL,0.441,0.475,,,,,,,,,,
607455,Anthony Banda,MIN,R,Behind (Pitcher),228,SI,0.325,0.399,22.0,3.0,0.0,0.167,0.222,0.312,0.0,0.118,0.5,90.5
607455,Anthony Banda,MIN,R,Even,337,SL,0.418,0.404,17.0,5.0,1.0,0.357,0.857,0.588,0.0,0.239,0.5,92.3
607455,Anthony Banda,MIN,R,Two-Strike,270,SL,0.511,0.633,42.0,7.0,1.0,0.184,0.368,0.276,0.405,0.242,0.381,88.2
669622,Anthony Bender,MIA,L,Ahead (Pitcher),60,SL,0.3,0.417,,,,,,,,,,
669622,Anthony Bender,MIA,L,Behind (Pitcher),147,SI,0.333,0.272,,,,,,,,,,
669622,Anthony Bender,MIA,L,Even,208,SL,0.413,0.293,11.0,5.0,0.0,0.5,0.5,0.473,0.0,0.16,0.7,98.5
669622,Anthony Bender,MIA,L,Two-Strike,194,ST,0.402,0.598,36.0,4.0,0.0,0.125,0.156,0.213,0.528,0.176,0.462,89.7
669622,Anthony Bender,MIA,R,Ahead (Pitcher),108,ST,0.611,0.472,,,,,,,,,,
669622,Anthony Bender,MIA,R,Behind (Pitcher),135,ST,0.496,0.296,11.0,1.0,0.0,0.125,0.125,0.273,0.0,0.176,0.0,82.2
669622,Anthony Bender,MIA,R,Even,270,ST,0.641,0.285,17.0,8.0,1.0,0.5,0.875,0.591,0.0,0.233,0.5,91.5
669622,Anthony Bender,MIA,R,Two-Strike,214,ST,0.696,0.607,48.0,2.0,0.0,0.044,0.044,0.067,0.458,0.259,0.167,84.9
543238,Anthony Gose,KC,L,Even,21,FF,0.619,0.381,,,,,,,,,,
543238,Anthony Gose,KC,L,Two-Strike,20,FF,0.7,0.6,,,,,,,,,,
543238,Anthony Gose,KC,R,Behind (Pitcher),20,FF,0.85,0.5,,,,,,,,,,
543238,Anthony Gose,KC,R,Even,39,FF,0.615,0.436,,,,,,,,,,
543238,Anthony Gose,KC,R,Two-Strike,26,FF,0.5,0.769,17.0,5.0,0.0,0.333,0.4,0.326,0.235,0.2,0.083,86.4
641743,Anthony Kay,CWS,L,Ahead (Pitcher),96,ST,0.417,0.448,17.0,4.0,0.0,0.25,0.25,0.306,0.0,0.326,0.5,91.0
641743,Anthony Kay,CWS,L,Behind (Pitcher),146,SI,0.473,0.486,35.0,8.0,0.0,0.258,0.355,0.325,0.0,0.225,0.433,89.0
641743,Anthony Kay,CWS,L,Even,266,SI,0.383,0.38,38.0,10.0,1.0,0.303,0.424,0.433,0.0,0.218,0.25,84.4
641743,Anthony Kay,CWS,L,Two-Strike,234,ST,0.338,0.615,98.0,10.0,1.0,0.111,0.178,0.18,0.52,0.299,0.146,82.1
641743,Anthony Kay,CWS,R,Ahead (Pitcher),242,CH,0.413,0.492,41.0,18.0,2.0,0.462,0.718,0.552,0.0,0.294,0.41,87.3
641743,Anthony Kay,CWS,R,Behind (Pitcher),448,FC,0.268,0.471,109.0,28.0,5.0,0.329,0.6,0.442,0.0,0.194,0.449,88.5
641743,Anthony Kay,CWS,R,Even,701,ST,0.297,0.348,95.0,28.0,5.0,0.311,0.511,0.368,0.0,0.209,0.387,85.8
641743,Anthony Kay,CWS,R,Two-Strike,581,FF,0.286,0.582,253.0,50.0,7.0,0.235,0.399,0.351,0.292,0.157,0.433,89.2
683627,Anthony Molina,SF,L,Ahead (Pitcher),67,CH,0.507,0.478,,,,,,,,,,
683627,Anthony Molina,SF,L,Behind (Pitcher),152,FF,0.507,0.447,12.0,5.0,1.0,0.455,0.727,0.525,0.0,0.176,0.636,92.9
683627,Anthony Molina,SF,L,Even,215,FF,0.479,0.391,20.0,7.0,1.0,0.35,0.6,0.405,0.0,0.149,0.3,85.9
683627,Anthony Molina,SF,L,Two-Strike,182,FF,0.462,0.571,43.0,6.0,0.0,0.143,0.19,0.179,0.349,0.18,0.333,89.4
683627,Anthony Molina,SF,R,Ahead (Pitcher),69,FF,0.304,0.58,,,,,,,,,,
683627,Anthony Molina,SF,R,Behind (Pitcher),116,FF,0.595,0.5,,,,,,,,,,
683627,Anthony Molina,SF,R,Even,191,FF,0.45,0.419,12.0,3.0,0.0,0.25,0.417,0.283,0.0,0.303,0.333,85.2
683627,Anthony Molina,SF,R,Two-Strike,160,FF,0.45,0.581,35.0,6.0,1.0,0.182,0.364,0.256,0.457,0.191,0.529,88.8
689296,Anthony Nunez,BAL,L,Ahead (Pitcher),66,CH,0.621,0.424,10.0,4.0,2.0,0.4,1.0,0.58,0.0,0.321,0.5,90.4
689296,Anthony Nunez,BAL,L,Behind (Pitcher),129,FF,0.496,0.419,31.0,2.0,0.0,0.1,0.1,0.33,0.0,0.222,0.263,85.9
689296,Anthony Nunez,BAL,L,Even,178,FF,0.472,0.331,23.0,6.0,1.0,0.286,0.667,0.455,0.0,0.288,0.391,81.3
689296,Anthony Nunez,BAL,L,Two-Strike,149,CH,0.483,0.624,65.0,8.0,1.0,0.14,0.211,0.204,0.477,0.312,0.5,90.9
689296,Anthony Nunez,BAL,R,Ahead (Pitcher),65,ST,0.585,0.646,15.0,4.0,0.0,0.267,0.4,0.307,0.0,0.452,0.5,88.9
689296,Anthony Nunez,BAL,R,Behind (Pitcher),90,ST,0.311,0.433,19.0,2.0,0.0,0.143,0.214,0.336,0.0,0.308,0.385,82.8
689296,Anthony Nunez,BAL,R,Even,164,ST,0.488,0.335,18.0,8.0,1.0,0.444,0.667,0.531,0.0,0.382,0.333,85.9
689296,Anthony Nunez,BAL,R,Two-Strike,150,ST,0.66,0.633,69.0,9.0,0.0,0.143,0.175,0.214,0.507,0.326,0.393,86.2
622608,Antonio Senzatela,MIL,L,Ahead (Pitcher),233,FF,0.442,0.416,12.0,3.0,0.0,0.273,0.273,0.225,0.0,0.243,0.25,85.5
622608,Antonio Senzatela,MIL,L,Behind (Pitcher),429,FF,0.557,0.471,27.0,9.0,1.0,0.375,0.583,0.512,0.0,0.258,0.318,89.5
622608,Antonio Senzatela,MIL,L,Even,668,FF,0.478,0.35,26.0,11.0,2.0,0.44,0.76,0.556,0.0,0.228,0.5,88.6
622608,Antonio Senzatela,MIL,L,Two-Strike,454,FF,0.537,0.637,81.0,10.0,1.0,0.139,0.181,0.194,0.37,0.195,0.333,86.0
622608,Antonio Senzatela,MIL,R,Ahead (Pitcher),212,FF,0.297,0.425,11.0,4.0,1.0,0.364,0.636,0.509,0.0,0.323,0.545,92.5
622608,Antonio Senzatela,MIL,R,Behind (Pitcher),374,FF,0.564,0.463,31.0,8.0,1.0,0.333,0.5,0.466,0.0,0.149,0.5,93.3
622608,Antonio Senzatela,MIL,R,Even,612,FF,0.395,0.415,42.0,15.0,0.0,0.375,0.475,0.388,0.0,0.138,0.5,87.5
622608,Antonio Senzatela,MIL,R,Two-Strike,456,FF,0.498,0.621,74.0,13.0,0.0,0.188,0.275,0.234,0.365,0.192,0.333,86.7
699008,Antwone Kelly,PIT,L,Ahead (Pitcher),21,FF,0.81,0.667,,,,,,,,,,
699008,Antwone Kelly,PIT,L,Behind (Pitcher),30,FF,0.633,0.4,,,,,,,,,,
699008,Antwone Kelly,PIT,L,Even,49,FF,0.653,0.408,,,,,,,,,,
699008,Antwone Kelly,PIT,L,Two-Strike,50,FF,0.44,0.68,19.0,3.0,2.0,0.176,0.529,0.332,0.368,0.147,0.2,87.7
699008,Antwone Kelly,PIT,R,Ahead (Pitcher),20,FF,0.6,0.55,,,,,,,,,,
699008,Antwone Kelly,PIT,R,Even,48,FF,0.438,0.396,12.0,3.0,0.0,0.273,0.364,0.312,0.0,0.211,0.545,84.8
699008,Antwone Kelly,PIT,R,Two-Strike,32,FF,0.344,0.531,15.0,2.0,0.0,0.154,0.308,0.26,0.333,0.118,0.25,89.2
547973,Aroldis Chapman,BOS,L,Ahead (Pitcher),70,SI,0.371,0.486,,,,,,,,,,
547973,Aroldis Chapman,BOS,L,Behind (Pitcher),78,FF,0.513,0.423,10.0,2.0,0.0,0.333,0.333,0.46,0.0,0.312,0.333,82.7
547973,Aroldis Chapman,BOS,L,Even,165,FF,0.442,0.448,,,,,,,,,,
547973,Aroldis Chapman,BOS,L,Two-Strike,178,FF,0.399,0.697,41.0,4.0,0.0,0.111,0.139,0.204,0.512,0.25,0.267,80.5
547973,Aroldis Chapman,BOS,R,Ahead (Pitcher),178,SI,0.376,0.567,,,,,,,,,,
547973,Aroldis Chapman,BOS,R,Behind (Pitcher),225,FF,0.649,0.431,29.0,7.0,2.0,0.35,0.7,0.553,0.0,0.231,0.55,93.1
547973,Aroldis Chapman,BOS,R,Even,426,FF,0.54,0.465,30.0,6.0,0.0,0.207,0.31,0.229,0.0,0.211,0.367,85.1
547973,Aroldis Chapman,BOS,R,Two-Strike,443,SI,0.549,0.661,86.0,9.0,1.0,0.112,0.175,0.174,0.581,0.306,0.433,91.7
595978,Austin Hedges,CLE,L,Even,20,FA,0.8,0.45,,,,,,,,,,
595978,Austin Hedges,CLE,R,Even,28,FA,0.786,0.393,,,,,,,,,,
608723,Austin Voth,MIN,L,Behind (Pitcher),33,FF,0.333,0.424,,,,,,,,,,
608723,Austin Voth,MIN,L,Even,38,FC,0.342,0.395,,,,,,,,,,
608723,Austin Voth,MIN,L,Two-Strike,25,CU,0.28,0.6,11.0,5.0,0.0,0.556,0.778,0.536,0.091,0.067,0.444,90.8
608723,Austin Voth,MIN,R,Behind (Pitcher),31,FF,0.323,0.29,,,,,,,,,,
608723,Austin Voth,MIN,R,Even,39,FC,0.333,0.41,,,,,,,,,,
608723,Austin Voth,MIN,R,Two-Strike,24,ST,0.417,0.583,12.0,4.0,1.0,0.364,0.636,0.45,0.167,0.0,0.333,92.7
681810,Austin Warren,NYM,L,Ahead (Pitcher),62,FF,0.323,0.403,,,,,,,,,,
681810,Austin Warren,NYM,L,Behind (Pitcher),124,ST,0.484,0.306,16.0,4.0,1.0,0.333,0.833,0.491,0.0,0.125,0.615,91.6
681810,Austin Warren,NYM,L,Even,168,ST,0.506,0.381,14.0,4.0,1.0,0.286,0.571,0.361,0.0,0.328,0.5,93.5
681810,Austin Warren,NYM,L,Two-Strike,147,SI,0.313,0.571,64.0,11.0,3.0,0.193,0.386,0.294,0.391,0.167,0.406,87.4
681810,Austin Warren,NYM,R,Ahead (Pitcher),57,ST,0.579,0.421,,,,,,,,,,
681810,Austin Warren,NYM,R,Behind (Pitcher),140,ST,0.5,0.307,18.0,7.0,0.0,0.636,0.909,0.681,0.0,0.265,0.455,96.1
681810,Austin Warren,NYM,R,Even,178,ST,0.461,0.27,12.0,3.0,1.0,0.3,0.6,0.433,0.0,0.342,0.3,82.2
681810,Austin Warren,NYM,R,Two-Strike,158,ST,0.481,0.582,66.0,8.0,0.0,0.136,0.136,0.183,0.424,0.226,0.212,83.7
663559,Bailey Falter,ATL,L,Ahead (Pitcher),72,FF,0.347,0.556,,,,,,,,,,
663559,Bailey Falter,ATL,L,Behind (Pitcher),120,FF,0.475,0.45,,,,,,,,,,
663559,Bailey Falter,ATL,L,Even,206,FF,0.379,0.388,,,,,,,,,,
663559,Bailey Falter,ATL,L,Two-Strike,177,FF,0.384,0.599,,,,,,,,,,
663559,Bailey Falter,ATL,R,Ahead (Pitcher),192,FF,0.49,0.49,,,,,,,,,,
663559,Bailey Falter,ATL,R,Behind (Pitcher),413,FF,0.627,0.45,16.0,6.0,2.0,0.429,0.929,0.584,0.0,0.13,0.571,93.7
663559,Bailey Falter,ATL,R,Even,594,FF,0.493,0.342,,,,,,,,,,
663559,Bailey Falter,ATL,R,Two-Strike,395,FF,0.603,0.623,14.0,2.0,1.0,0.167,0.417,0.307,0.429,0.308,0.5,90.6
641927,Bailey Ober,MIN,L,Ahead (Pitcher),312,FF,0.404,0.503,27.0,9.0,2.0,0.333,0.593,0.394,0.0,0.177,0.407,93.1
641927,Bailey Ober,MIN,L,Behind (Pitcher),527,FF,0.435,0.497,64.0,13.0,2.0,0.224,0.397,0.302,0.0,0.171,0.424,89.8
641927,Bailey Ober,MIN,L,Even,894,FF,0.377,0.365,67.0,19.0,5.0,0.288,0.621,0.39,0.0,0.135,0.385,88.8
641927,Bailey Ober,MIN,L,Two-Strike,696,CH,0.447,0.636,145.0,25.0,4.0,0.194,0.341,0.289,0.276,0.132,0.273,86.6
641927,Bailey Ober,MIN,R,Ahead (Pitcher),291,ST,0.261,0.598,33.0,10.0,1.0,0.312,0.438,0.338,0.0,0.139,0.375,85.9
641927,Bailey Ober,MIN,R,Behind (Pitcher),345,FF,0.354,0.507,36.0,12.0,2.0,0.414,0.759,0.536,0.0,0.211,0.517,92.9
641927,Bailey Ober,MIN,R,Even,690,FF,0.306,0.43,51.0,18.0,3.0,0.353,0.588,0.421,0.0,0.28,0.412,89.0
641927,Bailey Ober,MIN,R,Two-Strike,614,CH,0.34,0.594,113.0,17.0,0.0,0.162,0.171,0.196,0.451,0.267,0.315,86.2
689225,Beau Brieske,DET,L,Ahead (Pitcher),36,CH,0.556,0.306,,,,,,,,,,
689225,Beau Brieske,DET,L,Behind (Pitcher),91,FF,0.692,0.44,,,,,,,,,,
689225,Beau Brieske,DET,L,Even,133,FF,0.541,0.406,11.0,5.0,3.0,0.455,1.273,0.709,0.0,0.222,0.636,92.4
689225,Beau Brieske,DET,L,Two-Strike,85,FF,0.494,0.624,16.0,0.0,0.0,0.0,0.0,0.088,0.438,0.214,0.429,83.8
689225,Beau Brieske,DET,R,Ahead (Pitcher),56,FF,0.375,0.25,,,,,,,,,,
689225,Beau Brieske,DET,R,Behind (Pitcher),84,SI,0.405,0.512,,,,,,,,,,
689225,Beau Brieske,DET,R,Even,153,FF,0.405,0.503,16.0,5.0,1.0,0.312,0.5,0.35,0.0,0.342,0.625,92.5
689225,Beau Brieske,DET,R,Two-Strike,128,FF,0.336,0.555,28.0,6.0,1.0,0.222,0.407,0.282,0.5,0.17,0.385,89.3
694360,Beck Way,KC,L,Ahead (Pitcher),24,FC,0.5,0.542,,,,,,,,,,
694360,Beck Way,KC,L,Behind (Pitcher),47,FC,0.66,0.447,,,,,,,,,,
694360,Beck Way,KC,L,Even,75,FC,0.373,0.32,,,,,,,,,,
694360,Beck Way,KC,L,Two-Strike,58,FF,0.362,0.586,30.0,8.0,2.0,0.32,0.56,0.383,0.4,0.235,0.667,95.1
694360,Beck Way,KC,R,Ahead (Pitcher),26,SI,0.423,0.5,,,,,,,,,,
694360,Beck Way,KC,R,Behind (Pitcher),38,FC,0.579,0.421,12.0,3.0,1.0,0.333,0.667,0.492,0.0,0.25,0.333,92.9
694360,Beck Way,KC,R,Even,72,FC,0.528,0.375,13.0,4.0,0.0,0.308,0.308,0.346,0.0,0.259,0.308,86.5
694360,Beck Way,KC,R,Two-Strike,49,ST,0.49,0.531,21.0,1.0,0.0,0.053,0.053,0.11,0.429,0.192,0.1,82.4
641386,Ben Bowden,ATH,L,Behind (Pitcher),20,FF,0.9,0.3,,,,,,,,,,
641386,Ben Bowden,ATH,L,Even,27,FF,0.519,0.37,,,,,,,,,,
641386,Ben Bowden,ATH,L,Two-Strike,35,SL,0.543,0.514,,,,,,,,,,
641386,Ben Bowden,ATH,R,Ahead (Pitcher),22,FF,0.591,0.545,,,,,,,,,,
641386,Ben Bowden,ATH,R,Behind (Pitcher),24,FF,0.833,0.583,,,,,,,,,,
641386,Ben Bowden,ATH,R,Even,47,FF,0.532,0.447,,,,,,,,,,
641386,Ben Bowden,ATH,R,Two-Strike,38,FF,0.579,0.579,,,,,,,,,,
676962,Ben Brown,CHC,L,Ahead (Pitcher),177,FF,0.497,0.401,,,,,,,,,,
676962,Ben Brown,CHC,L,Behind (Pitcher),275,FF,0.6,0.491,28.0,9.0,0.0,0.375,0.542,0.446,0.0,0.136,0.52,93.0
676962,Ben Brown,CHC,L,Even,498,FF,0.576,0.373,25.0,8.0,0.0,0.32,0.36,0.338,0.0,0.329,0.52,89.6
676962,Ben Brown,CHC,L,Two-Strike,404,KC,0.49,0.564,83.0,9.0,0.0,0.127,0.155,0.207,0.458,0.29,0.364,90.5
676962,Ben Brown,CHC,R,Ahead (Pitcher),184,FF,0.543,0.5,10.0,1.0,0.0,0.1,0.1,0.09,0.0,0.24,0.6,93.6
676962,Ben Brown,CHC,R,Behind (Pitcher),276,FF,0.507,0.438,21.0,5.0,1.0,0.263,0.421,0.376,0.0,0.163,0.421,86.6
676962,Ben Brown,CHC,R,Even,501,FF,0.471,0.411,31.0,4.0,0.0,0.138,0.138,0.139,0.0,0.239,0.375,89.6
676962,Ben Brown,CHC,R,Two-Strike,383,KC,0.611,0.634,58.0,8.0,1.0,0.145,0.218,0.185,0.466,0.267,0.393,86.8
676508,Ben Casparius,LAD,L,Ahead (Pitcher),60,FF,0.333,0.517,,,,,,,,,,
676508,Ben Casparius,LAD,L,Behind (Pitcher),130,FC,0.415,0.523,,,,,,,,,,
676508,Ben Casparius,LAD,L,Even,202,CU,0.332,0.391,,,,,,,,,,
676508,Ben Casparius,LAD,L,Two-Strike,162,FF,0.34,0.568,,,,,,,,,,
676508,Ben Casparius,LAD,R,Ahead (Pitcher),101,ST,0.564,0.505,,,,,,,,,,
676508,Ben Casparius,LAD,R,Behind (Pitcher),163,FC,0.362,0.442,,,,,,,,,,
676508,Ben Casparius,LAD,R,Even,278,ST,0.435,0.385,,,,,,,,,,
676508,Ben Casparius,LAD,R,Two-Strike,254,ST,0.618,0.626,,,,,,,,,,
690829,Ben Joyce,LAA,L,Ahead (Pitcher),17,SI,0.647,0.647,,,,,,,,,,
690829,Ben Joyce,LAA,L,Behind (Pitcher),44,FF,0.795,0.477,,,,,,,,,,
690829,Ben Joyce,LAA,L,Even,67,SI,0.522,0.343,,,,,,,,,,
690829,Ben Joyce,LAA,L,Two-Strike,58,FF,0.724,0.517,17.0,0.0,0.0,0.0,0.0,0.165,0.529,0.263,0.25,91.9
690829,Ben Joyce,LAA,R,Behind (Pitcher),49,FF,0.796,0.388,,,,,,,,,,
690829,Ben Joyce,LAA,R,Even,46,FF,0.522,0.304,,,,,,,,,,
690829,Ben Joyce,LAA,R,Two-Strike,40,FF,0.7,0.65,18.0,3.0,0.0,0.176,0.235,0.208,0.5,0.167,0.25,80.9
687239,Ben Peoples,TEX,L,Behind (Pitcher),30,FF,0.7,0.6,,,,,,,,,,
687239,Ben Peoples,TEX,L,Even,43,FF,0.605,0.279,,,,,,,,,,
687239,Ben Peoples,TEX,L,Two-Strike,41,FF,0.634,0.488,16.0,4.0,0.0,0.333,0.333,0.4,0.188,0.1,0.222,80.1
687239,Ben Peoples,TEX,R,Ahead (Pitcher),22,SL,0.682,0.636,,,,,,,,,,
687239,Ben Peoples,TEX,R,Behind (Pitcher),24,FF,0.708,0.542,,,,,,,,,,
687239,Ben Peoples,TEX,R,Even,50,FF,0.54,0.44,,,,,,,,,,
687239,Ben Peoples,TEX,R,Two-Strike,58,FF,0.517,0.655,24.0,3.0,0.0,0.158,0.158,0.229,0.292,0.158,0.231,83.8
656986,Bennett Sousa,HOU,L,Ahead (Pitcher),68,SL,0.676,0.544,,,,,,,,,,
656986,Bennett Sousa,HOU,L,Behind (Pitcher),112,SL,0.518,0.384,12.0,2.0,0.0,0.333,0.333,0.5,0.0,0.2,0.333,88.2
656986,Bennett Sousa,HOU,L,Even,183,SL,0.541,0.383,13.0,8.0,0.0,0.615,0.769,0.608,0.0,0.333,0.462,90.2
656986,Bennett Sousa,HOU,L,Two-Strike,157,SL,0.828,0.611,37.0,9.0,2.0,0.29,0.548,0.411,0.243,0.167,0.364,87.0
656986,Bennett Sousa,HOU,R,Ahead (Pitcher),102,SL,0.657,0.549,,,,,,,,,,
656986,Bennett Sousa,HOU,R,Behind (Pitcher),148,FF,0.514,0.453,,,,,,,,,,
656986,Bennett Sousa,HOU,R,Even,272,SL,0.555,0.449,12.0,5.0,1.0,0.5,0.8,0.527,0.0,0.359,0.417,84.5
656986,Bennett Sousa,HOU,R,Two-Strike,201,SL,0.731,0.667,44.0,5.0,1.0,0.122,0.195,0.175,0.477,0.346,0.35,88.4
694918,Blade Tidwell,SF,L,Ahead (Pitcher),74,FF,0.378,0.432,10.0,4.0,0.0,0.4,0.4,0.36,0.0,0.107,0.1,78.9
694918,Blade Tidwell,SF,L,Behind (Pitcher),163,FF,0.491,0.319,26.0,3.0,1.0,0.167,0.333,0.362,0.0,0.133,0.333,90.2
694918,Blade Tidwell,SF,L,Even,228,FF,0.355,0.342,20.0,7.0,4.0,0.35,0.95,0.535,0.0,0.15,0.4,90.0
694918,Blade Tidwell,SF,L,Two-Strike,196,FF,0.327,0.531,75.0,16.0,2.0,0.258,0.403,0.357,0.227,0.11,0.444,89.5
694918,Blade Tidwell,SF,R,Ahead (Pitcher),89,ST,0.303,0.506,,,,,,,,,,
694918,Blade Tidwell,SF,R,Behind (Pitcher),118,FF,0.398,0.475,20.0,2.0,0.0,0.111,0.167,0.178,0.0,0.233,0.389,88.3
694918,Blade Tidwell,SF,R,Even,216,ST,0.31,0.38,16.0,4.0,0.0,0.267,0.267,0.269,0.0,0.368,0.267,83.2
694918,Blade Tidwell,SF,R,Two-Strike,185,ST,0.427,0.568,59.0,8.0,0.0,0.145,0.182,0.158,0.492,0.25,0.357,88.3
605483,Blake Snell,LAD,L,Ahead (Pitcher),53,FF,0.434,0.396,,,,,,,,,,
605483,Blake Snell,LAD,L,Behind (Pitcher),90,FF,0.5,0.378,,,,,,,,,,
605483,Blake Snell,LAD,L,Even,158,FF,0.519,0.449,10.0,4.0,0.0,0.444,0.444,0.5,0.0,0.235,0.0,79.2
605483,Blake Snell,LAD,L,Two-Strike,137,FF,0.38,0.591,31.0,2.0,0.0,0.074,0.111,0.16,0.581,0.333,0.111,86.1
605483,Blake Snell,LAD,R,Ahead (Pitcher),179,FF,0.497,0.503,,,,,,,,,,
605483,Blake Snell,LAD,R,Behind (Pitcher),237,CH,0.443,0.456,13.0,3.0,0.0,0.25,0.333,0.288,0.0,0.367,0.333,87.1
605483,Blake Snell,LAD,R,Even,444,FF,0.525,0.43,10.0,0.0,0.0,0.0,0.0,0.0,0.0,0.451,0.111,80.1
605483,Blake Snell,LAD,R,Two-Strike,400,CU,0.388,0.537,79.0,14.0,0.0,0.197,0.211,0.246,0.43,0.253,0.162,81.6
595014,Blake Treinen,LAD,L,Ahead (Pitcher),54,ST,0.444,0.685,,,,,,,,,,
595014,Blake Treinen,LAD,L,Behind (Pitcher),82,FC,0.28,0.341,,,,,,,,,,
595014,Blake Treinen,LAD,L,Even,126,ST,0.524,0.389,,,,,,,,,,
595014,Blake Treinen,LAD,L,Two-Strike,141,ST,0.44,0.624,25.0,5.0,0.0,0.217,0.391,0.292,0.48,0.196,0.545,92.7
595014,Blake Treinen,LAD,R,Ahead (Pitcher),73,ST,0.562,0.534,,,,,,,,,,
595014,Blake Treinen,LAD,R,Behind (Pitcher),139,SI,0.655,0.403,18.0,2.0,0.0,0.143,0.214,0.315,0.0,0.226,0.308,82.2
595014,Blake Treinen,LAD,R,Even,216,SI,0.505,0.319,16.0,5.0,0.0,0.333,0.333,0.373,0.0,0.385,0.412,90.9
595014,Blake Treinen,LAD,R,Two-Strike,178,ST,0.612,0.551,41.0,7.0,1.0,0.194,0.306,0.274,0.463,0.273,0.353,85.3
676620,Blake Weiman,LAA,L,Ahead (Pitcher),17,ST,0.824,0.647,,,,,,,,,,
676620,Blake Weiman,LAA,L,Behind (Pitcher),29,ST,0.621,0.552,,,,,,,,,,
676620,Blake Weiman,LAA,L,Even,44,ST,0.5,0.273,,,,,,,,,,
676620,Blake Weiman,LAA,L,Two-Strike,29,ST,0.69,0.69,17.0,4.0,1.0,0.235,0.412,0.276,0.471,0.35,0.222,82.8
676620,Blake Weiman,LAA,R,Ahead (Pitcher),23,CH,0.348,0.652,,,,,,,,,,
676620,Blake Weiman,LAA,R,Behind (Pitcher),32,SL,0.438,0.281,,,,,,,,,,
676620,Blake Weiman,LAA,R,Even,53,ST,0.396,0.34,,,,,,,,,,
676620,Blake Weiman,LAA,R,Two-Strike,49,ST,0.49,0.694,19.0,6.0,1.0,0.316,0.526,0.361,0.368,0.147,0.333,89.0
680604,Blas Castano,COL,L,Ahead (Pitcher),35,FC,0.286,0.543,,,,,,,,,,
680604,Blas Castano,COL,L,Behind (Pitcher),66,SI,0.394,0.47,13.0,5.0,0.0,0.625,0.75,0.588,0.0,0.167,0.667,93.4
680604,Blas Castano,COL,L,Even,98,SI,0.398,0.327,10.0,3.0,1.0,0.3,0.6,0.38,0.0,0.208,0.4,89.6
680604,Blas Castano,COL,L,Two-Strike,62,CH,0.339,0.548,23.0,8.0,2.0,0.4,0.9,0.561,0.174,0.074,0.688,97.0
680604,Blas Castano,COL,R,Ahead (Pitcher),33,ST,0.394,0.394,,,,,,,,,,
680604,Blas Castano,COL,R,Behind (Pitcher),35,SI,0.571,0.486,,,,,,,,,,
680604,Blas Castano,COL,R,Even,83,SI,0.566,0.349,,,,,,,,,,
680604,Blas Castano,COL,R,Two-Strike,98,ST,0.378,0.643,44.0,8.0,1.0,0.2,0.325,0.268,0.386,0.19,0.522,89.6
676272,Bobby Miller,LAD,L,Behind (Pitcher),30,CU,0.333,0.3,,,,,,,,,,
676272,Bobby Miller,LAD,L,Even,38,CU,0.395,0.316,,,,,,,,,,
676272,Bobby Miller,LAD,L,Two-Strike,28,CU,0.357,0.571,,,,,,,,,,
676272,Bobby Miller,LAD,R,Ahead (Pitcher),15,SI,0.333,0.4,,,,,,,,,,
676272,Bobby Miller,LAD,R,Behind (Pitcher),27,FF,0.37,0.444,,,,,,,,,,
676272,Bobby Miller,LAD,R,Even,37,SI,0.351,0.324,,,,,,,,,,
676272,Bobby Miller,LAD,R,Two-Strike,39,FF,0.385,0.513,,,,,,,,,,
641745,Brad Keller,PHI,L,Ahead (Pitcher),91,FF,0.527,0.495,,,,,,,,,,
641745,Brad Keller,PHI,L,Behind (Pitcher),178,FF,0.584,0.41,15.0,3.0,0.0,0.375,0.375,0.46,0.0,0.179,0.333,90.7
641745,Brad Keller,PHI,L,Even,263,FF,0.593,0.327,15.0,5.0,1.0,0.333,0.533,0.373,0.0,0.179,0.333,86.8
641745,Brad Keller,PHI,L,Two-Strike,233,FF,0.429,0.588,31.0,4.0,0.0,0.143,0.143,0.213,0.516,0.304,0.083,81.6
641745,Brad Keller,PHI,R,Ahead (Pitcher),113,SI,0.407,0.398,,,,,,,,,,
641745,Brad Keller,PHI,R,Behind (Pitcher),172,FF,0.378,0.436,10.0,3.0,1.0,0.375,0.75,0.52,0.0,0.182,0.25,85.4
641745,Brad Keller,PHI,R,Even,315,SI,0.359,0.356,19.0,5.0,0.0,0.294,0.353,0.292,0.0,0.125,0.389,80.7
641745,Brad Keller,PHI,R,Two-Strike,282,ST,0.465,0.589,34.0,4.0,1.0,0.129,0.226,0.2,0.471,0.196,0.25,87.1
695418,Brad Lord,WSH,L,Ahead (Pitcher),219,FF,0.566,0.47,15.0,5.0,1.0,0.357,0.571,0.48,0.0,0.175,0.214,85.5
695418,Brad Lord,WSH,L,Behind (Pitcher),406,FF,0.534,0.493,20.0,5.0,0.0,0.333,0.333,0.479,0.0,0.197,0.462,89.5
695418,Brad Lord,WSH,L,Even,628,FF,0.482,0.363,20.0,8.0,2.0,0.4,0.8,0.55,0.0,0.21,0.6,91.4
695418,Brad Lord,WSH,L,Two-Strike,674,FF,0.539,0.604,115.0,17.0,3.0,0.175,0.309,0.291,0.357,0.142,0.446,88.0
695418,Brad Lord,WSH,R,Ahead (Pitcher),235,SI,0.379,0.519,30.0,7.0,0.0,0.259,0.333,0.272,0.0,0.19,0.2,81.4
695418,Brad Lord,WSH,R,Behind (Pitcher),321,FF,0.421,0.449,23.0,4.0,1.0,0.211,0.368,0.441,0.0,0.157,0.263,89.2
695418,Brad Lord,WSH,R,Even,613,SI,0.403,0.4,31.0,7.0,2.0,0.25,0.5,0.348,0.0,0.242,0.267,86.0
695418,Brad Lord,WSH,R,Two-Strike,509,FF,0.387,0.662,98.0,16.0,1.0,0.178,0.222,0.23,0.367,0.122,0.411,85.9
699134,Bradgley Rodriguez,SD,L,Ahead (Pitcher),85,CH,0.588,0.553,10.0,0.0,0.0,0.0,0.0,0.0,0.0,0.432,0.3,89.3
699134,Bradgley Rodriguez,SD,L,Behind (Pitcher),140,CH,0.436,0.493,23.0,7.0,2.0,0.35,0.65,0.5,0.0,0.385,0.381,87.6
699134,Bradgley Rodriguez,SD,L,Even,230,CH,0.483,0.396,26.0,7.0,1.0,0.292,0.5,0.332,0.0,0.337,0.154,78.5
699134,Bradgley Rodriguez,SD,L,Two-Strike,217,CH,0.618,0.65,96.0,13.0,1.0,0.146,0.225,0.208,0.49,0.264,0.286,83.7
699134,Bradgley Rodriguez,SD,R,Ahead (Pitcher),79,SI,0.443,0.506,18.0,5.0,0.0,0.278,0.444,0.308,0.0,0.083,0.222,86.9
699134,Bradgley Rodriguez,SD,R,Behind (Pitcher),138,SI,0.341,0.493,23.0,5.0,1.0,0.263,0.632,0.464,0.0,0.3,0.278,89.7
699134,Bradgley Rodriguez,SD,R,Even,226,SI,0.425,0.35,20.0,9.0,1.0,0.45,0.65,0.568,0.0,0.232,0.333,88.0
699134,Bradgley Rodriguez,SD,R,Two-Strike,164,FF,0.335,0.677,77.0,12.0,0.0,0.167,0.222,0.216,0.416,0.184,0.375,89.6
687134,Bradley Blalock,MIA,L,Ahead (Pitcher),79,FF,0.304,0.456,,,,,,,,,,
687134,Bradley Blalock,MIA,L,Behind (Pitcher),150,FF,0.607,0.493,,,,,,,,,,
687134,Bradley Blalock,MIA,L,Even,245,FF,0.408,0.367,,,,,,,,,,
687134,Bradley Blalock,MIA,L,Two-Strike,206,FF,0.408,0.602,13.0,1.0,0.0,0.091,0.182,0.204,0.538,0.148,0.25,86.9
687134,Bradley Blalock,MIA,R,Ahead (Pitcher),63,SL,0.492,0.46,,,,,,,,,,
687134,Bradley Blalock,MIA,R,Behind (Pitcher),120,FF,0.508,0.533,,,,,,,,,,
687134,Bradley Blalock,MIA,R,Even,193,FF,0.451,0.352,,,,,,,,,,
687134,Bradley Blalock,MIA,R,Two-Strike,125,FF,0.44,0.64,,,,,,,,,,
690440,Bradley Hanner,NYY,R,Behind (Pitcher),19,SI,0.632,0.579,,,,,,,,,,
690440,Bradley Hanner,NYY,R,Even,25,FF,0.52,0.28,,,,,,,,,,
690440,Bradley Hanner,NYY,R,Two-Strike,26,FF,0.423,0.654,12.0,3.0,0.0,0.25,0.333,0.254,0.5,0.118,0.5,85.1
669620,Brady Basso,ATH,L,Ahead (Pitcher),36,SL,0.444,0.444,,,,,,,,,,
669620,Brady Basso,ATH,L,Behind (Pitcher),66,FF,0.591,0.591,15.0,6.0,0.0,0.462,0.615,0.56,0.0,0.133,0.462,87.8
669620,Brady Basso,ATH,L,Even,118,FF,0.356,0.407,18.0,5.0,0.0,0.294,0.529,0.359,0.0,0.189,0.333,79.9
669620,Brady Basso,ATH,L,Two-Strike,76,SL,0.368,0.632,30.0,5.0,0.0,0.179,0.321,0.243,0.367,0.194,0.294,88.0
669620,Brady Basso,ATH,R,Ahead (Pitcher),73,FF,0.342,0.507,15.0,5.0,0.0,0.333,0.533,0.37,0.0,0.207,0.267,85.7
669620,Brady Basso,ATH,R,Behind (Pitcher),136,FF,0.61,0.522,26.0,11.0,2.0,0.458,0.75,0.506,0.0,0.111,0.44,92.0
669620,Brady Basso,ATH,R,Even,221,FF,0.43,0.385,24.0,10.0,0.0,0.417,0.542,0.419,0.0,0.206,0.292,86.5
669620,Brady Basso,ATH,R,Two-Strike,165,FF,0.564,0.624,57.0,14.0,2.0,0.264,0.434,0.315,0.333,0.15,0.543,91.0
663903,Brady Singer,CIN,L,Ahead (Pitcher),416,SI,0.382,0.442,33.0,7.0,2.0,0.226,0.419,0.306,0.0,0.25,0.364,87.4
663903,Brady Singer,CIN,L,Behind (Pitcher),823,SI,0.475,0.428,103.0,32.0,7.0,0.41,0.744,0.545,0.0,0.217,0.488,93.1
663903,Brady Singer,CIN,L,Even,1221,SI,0.433,0.34,84.0,39.0,6.0,0.488,0.775,0.588,0.0,0.253,0.358,88.2
663903,Brady Singer,CIN,L,Two-Strike,999,SI,0.478,0.581,235.0,48.0,8.0,0.223,0.377,0.298,0.383,0.211,0.441,92.5
663903,Brady Singer,CIN,R,Ahead (Pitcher),279,SI,0.412,0.416,24.0,7.0,2.0,0.304,0.652,0.45,0.0,0.222,0.5,93.4
663903,Brady Singer,CIN,R,Behind (Pitcher),463,SI,0.54,0.449,51.0,11.0,2.0,0.289,0.447,0.428,0.0,0.207,0.463,90.4
663903,Brady Singer,CIN,R,Even,782,SI,0.492,0.336,45.0,12.0,3.0,0.273,0.614,0.396,0.0,0.319,0.467,90.2
663903,Brady Singer,CIN,R,Two-Strike,606,SI,0.381,0.559,122.0,24.0,1.0,0.224,0.299,0.281,0.287,0.158,0.392,86.4
684049,Brandan Bidois,PIT,L,Ahead (Pitcher),20,SL,0.5,0.55,,,,,,,,,,
684049,Brandan Bidois,PIT,L,Behind (Pitcher),51,FF,0.569,0.275,,,,,,,,,,
684049,Brandan Bidois,PIT,L,Even,66,FF,0.561,0.47,,,,,,,,,,
684049,Brandan Bidois,PIT,L,Two-Strike,50,FF,0.46,0.74,27.0,5.0,1.0,0.192,0.308,0.319,0.333,0.189,0.353,85.0
684049,Brandan Bidois,PIT,R,Behind (Pitcher),38,FF,0.658,0.474,,,,,,,,,,
684049,Brandan Bidois,PIT,R,Even,49,FF,0.571,0.327,,,,,,,,,,
684049,Brandan Bidois,PIT,R,Two-Strike,37,FF,0.541,0.649,20.0,5.0,0.0,0.312,0.312,0.33,0.55,0.25,0.667,95.7
685126,Brandon Eisert,PIT,L,Ahead (Pitcher),122,SL,0.598,0.459,,,,,,,,,,
685126,Brandon Eisert,PIT,L,Behind (Pitcher),167,SL,0.491,0.521,10.0,4.0,1.0,0.5,1.0,0.645,0.0,0.296,0.25,90.1
685126,Brandon Eisert,PIT,L,Even,327,SL,0.517,0.41,18.0,2.0,0.0,0.154,0.154,0.285,0.0,0.232,0.167,67.1
685126,Brandon Eisert,PIT,L,Two-Strike,314,SL,0.554,0.548,53.0,7.0,2.0,0.146,0.271,0.226,0.491,0.325,0.5,89.9
685126,Brandon Eisert,PIT,R,Ahead (Pitcher),125,CH,0.456,0.352,,,,,,,,,,
685126,Brandon Eisert,PIT,R,Behind (Pitcher),260,FF,0.381,0.4,20.0,7.0,1.0,0.467,0.933,0.615,0.0,0.22,0.533,94.0
685126,Brandon Eisert,PIT,R,Even,392,CH,0.441,0.38,21.0,8.0,1.0,0.381,0.714,0.462,0.0,0.264,0.429,90.6
685126,Brandon Eisert,PIT,R,Two-Strike,299,CH,0.468,0.572,51.0,10.0,1.0,0.204,0.306,0.257,0.451,0.3,0.308,88.8
605335,Brandon Leibrandt,CIN,L,Behind (Pitcher),15,SL,0.333,0.667,,,,,,,,,,
605335,Brandon Leibrandt,CIN,L,Even,21,FF,0.333,0.238,,,,,,,,,,
605335,Brandon Leibrandt,CIN,R,Behind (Pitcher),18,SL,0.333,0.333,,,,,,,,,,
694297,Brandon Pfaadt,AZ,L,Ahead (Pitcher),357,CH,0.347,0.445,29.0,17.0,1.0,0.607,0.857,0.643,0.0,0.206,0.31,87.7
694297,Brandon Pfaadt,AZ,L,Behind (Pitcher),563,CH,0.259,0.492,52.0,19.0,7.0,0.422,1.0,0.591,0.0,0.2,0.435,91.1
694297,Brandon Pfaadt,AZ,L,Even,995,FF,0.298,0.406,81.0,16.0,2.0,0.205,0.333,0.242,0.0,0.16,0.325,86.4
694297,Brandon Pfaadt,AZ,L,Two-Strike,751,FF,0.306,0.607,128.0,16.0,2.0,0.139,0.191,0.201,0.336,0.191,0.319,86.3
694297,Brandon Pfaadt,AZ,R,Ahead (Pitcher),315,ST,0.352,0.476,23.0,9.0,0.0,0.391,0.565,0.413,0.0,0.246,0.522,92.8
694297,Brandon Pfaadt,AZ,R,Behind (Pitcher),412,SI,0.371,0.51,40.0,9.0,0.0,0.265,0.353,0.334,0.0,0.184,0.441,88.1
694297,Brandon Pfaadt,AZ,R,Even,826,SI,0.334,0.423,56.0,15.0,2.0,0.278,0.463,0.33,0.0,0.211,0.407,92.1
694297,Brandon Pfaadt,AZ,R,Two-Strike,643,ST,0.395,0.597,121.0,19.0,0.0,0.167,0.193,0.198,0.364,0.221,0.229,86.7
687075,Brandon Sproat,MIL,L,Ahead (Pitcher),128,CH,0.289,0.477,18.0,6.0,1.0,0.353,0.529,0.424,0.0,0.18,0.438,92.2
687075,Brandon Sproat,MIL,L,Behind (Pitcher),268,SI,0.269,0.444,48.0,13.0,1.0,0.406,0.656,0.558,0.0,0.19,0.412,90.4
687075,Brandon Sproat,MIL,L,Even,376,FF,0.314,0.354,30.0,13.0,3.0,0.464,0.893,0.582,0.0,0.226,0.414,91.8
687075,Brandon Sproat,MIL,L,Two-Strike,347,FF,0.32,0.591,132.0,14.0,2.0,0.125,0.214,0.231,0.417,0.216,0.482,90.6
687075,Brandon Sproat,MIL,R,Ahead (Pitcher),111,SI,0.342,0.541,18.0,6.0,2.0,0.353,0.765,0.481,0.0,0.25,0.167,90.7
687075,Brandon Sproat,MIL,R,Behind (Pitcher),227,SI,0.502,0.383,34.0,8.0,2.0,0.308,0.615,0.488,0.0,0.227,0.577,91.3
687075,Brandon Sproat,MIL,R,Even,317,SI,0.388,0.35,31.0,13.0,5.0,0.419,0.935,0.566,0.0,0.287,0.344,86.5
687075,Brandon Sproat,MIL,R,Two-Strike,274,ST,0.35,0.573,110.0,15.0,1.0,0.16,0.202,0.246,0.418,0.237,0.417,86.2
682227,Brandon Williamson,CIN,L,Ahead (Pitcher),30,ST,0.333,0.333,,,,,,,,,,
682227,Brandon Williamson,CIN,L,Behind (Pitcher),50,FC,0.54,0.56,,,,,,,,,,
682227,Brandon Williamson,CIN,L,Even,91,FC,0.363,0.374,17.0,6.0,0.0,0.4,0.6,0.421,0.0,0.147,0.5,89.9
682227,Brandon Williamson,CIN,L,Two-Strike,53,ST,0.453,0.604,31.0,2.0,1.0,0.077,0.192,0.206,0.387,0.25,0.429,85.7
682227,Brandon Williamson,CIN,R,Ahead (Pitcher),63,CH,0.349,0.444,15.0,6.0,0.0,0.4,0.6,0.43,0.0,0.25,0.467,90.8
682227,Brandon Williamson,CIN,R,Behind (Pitcher),176,FC,0.409,0.46,44.0,12.0,3.0,0.353,0.647,0.487,0.0,0.198,0.471,87.6
682227,Brandon Williamson,CIN,R,Even,213,FC,0.31,0.258,21.0,5.0,1.0,0.25,0.45,0.326,0.0,0.255,0.429,85.7
682227,Brandon Williamson,CIN,R,Two-Strike,159,CH,0.264,0.597,73.0,8.0,1.0,0.138,0.207,0.265,0.288,0.2,0.263,87.8
605540,Brandon Woodruff,MIL,L,Ahead (Pitcher),115,FF,0.348,0.513,11.0,2.0,0.0,0.182,0.273,0.195,0.0,0.25,0.455,84.7
605540,Brandon Woodruff,MIL,L,Behind (Pitcher),178,CH,0.36,0.478,13.0,3.0,2.0,0.273,0.818,0.5,0.0,0.212,0.364,94.2
605540,Brandon Woodruff,MIL,L,Even,309,FF,0.346,0.392,18.0,2.0,1.0,0.111,0.333,0.191,0.0,0.298,0.176,89.7
605540,Brandon Woodruff,MIL,L,Two-Strike,245,FF,0.567,0.608,50.0,5.0,0.0,0.114,0.136,0.217,0.5,0.321,0.211,84.5
605540,Brandon Woodruff,MIL,R,Ahead (Pitcher),109,SI,0.394,0.486,,,,,,,,,,
605540,Brandon Woodruff,MIL,R,Behind (Pitcher),138,SI,0.514,0.428,12.0,4.0,1.0,0.4,0.8,0.479,0.0,0.042,0.455,95.4
605540,Brandon Woodruff,MIL,R,Even,272,SI,0.419,0.438,24.0,6.0,1.0,0.261,0.391,0.338,0.0,0.189,0.478,90.2
605540,Brandon Woodruff,MIL,R,Two-Strike,241,FF,0.506,0.66,40.0,5.0,0.0,0.128,0.179,0.148,0.55,0.183,0.412,91.6
687064,Brandon Young,BAL,L,Ahead (Pitcher),263,FF,0.452,0.551,34.0,7.0,1.0,0.206,0.382,0.256,0.0,0.255,0.485,90.3
687064,Brandon Young,BAL,L,Behind (Pitcher),462,FF,0.465,0.446,83.0,17.0,4.0,0.274,0.532,0.431,0.0,0.144,0.365,91.5
687064,Brandon Young,BAL,L,Even,724,FF,0.504,0.401,82.0,22.0,5.0,0.282,0.526,0.345,0.0,0.236,0.388,88.1
687064,Brandon Young,BAL,L,Two-Strike,581,FF,0.478,0.585,192.0,29.0,3.0,0.175,0.271,0.262,0.349,0.209,0.34,87.6
687064,Brandon Young,BAL,R,Ahead (Pitcher),205,SL,0.312,0.512,23.0,7.0,1.0,0.333,0.476,0.352,0.0,0.346,0.455,88.1
687064,Brandon Young,BAL,R,Behind (Pitcher),232,FF,0.341,0.487,46.0,14.0,4.0,0.326,0.628,0.423,0.0,0.167,0.349,86.0
687064,Brandon Young,BAL,R,Even,501,SL,0.303,0.387,55.0,20.0,0.0,0.377,0.453,0.409,0.0,0.201,0.418,90.1
687064,Brandon Young,BAL,R,Two-Strike,421,FF,0.323,0.62,135.0,31.0,4.0,0.248,0.376,0.313,0.437,0.255,0.455,89.0
805299,Brandyn Garcia,AZ,L,Ahead (Pitcher),55,ST,0.582,0.618,,,,,,,,,,
805299,Brandyn Garcia,AZ,L,Behind (Pitcher),114,SI,0.667,0.412,19.0,5.0,1.0,0.385,0.692,0.534,0.0,0.229,0.385,82.4
805299,Brandyn Garcia,AZ,L,Even,156,SI,0.628,0.282,16.0,2.0,0.0,0.143,0.143,0.18,0.0,0.212,0.267,84.9
805299,Brandyn Garcia,AZ,L,Two-Strike,115,ST,0.652,0.522,48.0,4.0,0.0,0.087,0.087,0.104,0.75,0.51,0.0,79.1
805299,Brandyn Garcia,AZ,R,Ahead (Pitcher),65,FC,0.385,0.508,,,,,,,,,,
805299,Brandyn Garcia,AZ,R,Behind (Pitcher),117,SI,0.487,0.393,21.0,7.0,1.0,0.389,0.611,0.539,0.0,0.067,0.438,89.4
805299,Brandyn Garcia,AZ,R,Even,189,SI,0.566,0.354,19.0,4.0,1.0,0.211,0.421,0.266,0.0,0.178,0.526,92.0
805299,Brandyn Garcia,AZ,R,Two-Strike,158,ST,0.43,0.57,49.0,2.0,0.0,0.044,0.044,0.131,0.469,0.214,0.136,83.2
676428,Brant Hurter,DET,L,Ahead (Pitcher),96,SI,0.562,0.406,,,,,,,,,,
676428,Brant Hurter,DET,L,Behind (Pitcher),138,SI,0.855,0.377,15.0,3.0,0.0,0.273,0.364,0.39,0.0,0.053,0.167,79.3
676428,Brant Hurter,DET,L,Even,241,SI,0.685,0.307,,,,,,,,,,
676428,Brant Hurter,DET,L,Two-Strike,205,ST,0.493,0.546,38.0,4.0,0.0,0.111,0.111,0.113,0.421,0.175,0.381,82.2
676428,Brant Hurter,DET,R,Ahead (Pitcher),106,SI,0.425,0.481,10.0,2.0,0.0,0.222,0.222,0.25,0.0,0.062,0.222,89.1
676428,Brant Hurter,DET,R,Behind (Pitcher),224,SI,0.594,0.442,20.0,4.0,1.0,0.267,0.6,0.537,0.0,0.143,0.571,92.1
676428,Brant Hurter,DET,R,Even,313,SI,0.463,0.339,14.0,4.0,0.0,0.333,0.417,0.388,0.0,0.267,0.286,85.6
676428,Brant Hurter,DET,R,Two-Strike,233,ST,0.279,0.588,27.0,4.0,0.0,0.174,0.217,0.25,0.296,0.139,0.4,86.9
677952,Braxton Ashcraft,PIT,L,Ahead (Pitcher),258,FF,0.411,0.593,44.0,19.0,2.0,0.442,0.674,0.486,0.0,0.136,0.442,88.1
677952,Braxton Ashcraft,PIT,L,Behind (Pitcher),389,FF,0.375,0.424,42.0,7.0,3.0,0.25,0.571,0.445,0.0,0.282,0.345,84.9
677952,Braxton Ashcraft,PIT,L,Even,684,FF,0.399,0.399,82.0,27.0,5.0,0.346,0.577,0.407,0.0,0.21,0.556,91.9
677952,Braxton Ashcraft,PIT,L,Two-Strike,577,CU,0.419,0.643,207.0,30.0,6.0,0.158,0.3,0.249,0.488,0.286,0.389,91.0
677952,Braxton Ashcraft,PIT,R,Ahead (Pitcher),234,SL,0.338,0.594,39.0,5.0,0.0,0.128,0.128,0.115,0.0,0.194,0.359,88.2
677952,Braxton Ashcraft,PIT,R,Behind (Pitcher),305,FF,0.321,0.508,34.0,8.0,1.0,0.296,0.444,0.425,0.0,0.253,0.407,89.7
677952,Braxton Ashcraft,PIT,R,Even,610,SI,0.308,0.389,65.0,22.0,2.0,0.349,0.508,0.385,0.0,0.219,0.446,90.8
677952,Braxton Ashcraft,PIT,R,Two-Strike,463,SL,0.376,0.663,153.0,26.0,3.0,0.177,0.279,0.212,0.471,0.244,0.321,86.1
666129,Braxton Garrett,MIA,R,Behind (Pitcher),40,SI,0.35,0.4,,,,,,,,,,
666129,Braxton Garrett,MIA,R,Even,32,CH,0.219,0.25,,,,,,,,,,
666129,Braxton Garrett,MIA,R,Two-Strike,30,ST,0.3,0.667,12.0,2.0,0.0,0.2,0.3,0.296,0.417,0.2,0.2,76.1
694820,Braxton Roxby,SF,L,Even,17,SL,0.529,0.294,,,,,,,,,,
694820,Braxton Roxby,SF,L,Two-Strike,15,FF,0.467,0.667,,,,,,,,,,
678394,Brayan Bello,BOS,L,Ahead (Pitcher),330,CH,0.391,0.491,25.0,7.0,1.0,0.304,0.478,0.331,0.0,0.15,0.28,84.7
678394,Brayan Bello,BOS,L,Behind (Pitcher),629,SI,0.335,0.448,58.0,17.0,2.0,0.37,0.587,0.486,0.0,0.209,0.5,88.1
678394,Brayan Bello,BOS,L,Even,954,SI,0.317,0.4,70.0,22.0,4.0,0.319,0.522,0.381,0.0,0.239,0.4,86.4
678394,Brayan Bello,BOS,L,Two-Strike,741,CH,0.267,0.57,120.0,20.0,3.0,0.194,0.311,0.262,0.317,0.137,0.391,90.4
678394,Brayan Bello,BOS,R,Ahead (Pitcher),275,SI,0.458,0.48,16.0,4.0,1.0,0.25,0.438,0.294,0.0,0.255,0.188,81.3
678394,Brayan Bello,BOS,R,Behind (Pitcher),366,SI,0.623,0.429,37.0,14.0,0.0,0.438,0.469,0.445,0.0,0.221,0.438,91.5
678394,Brayan Bello,BOS,R,Even,702,SI,0.54,0.402,40.0,16.0,0.0,0.432,0.568,0.439,0.0,0.328,0.447,86.2
678394,Brayan Bello,BOS,R,Two-Strike,559,ST,0.343,0.587,120.0,19.0,1.0,0.17,0.223,0.215,0.433,0.237,0.383,88.2
680755,Braydon Fisher,TOR,L,Ahead (Pitcher),123,CU,0.455,0.512,13.0,5.0,0.0,0.385,0.538,0.4,0.0,0.317,0.538,89.8
680755,Braydon Fisher,TOR,L,Behind (Pitcher),248,CU,0.363,0.363,31.0,3.0,1.0,0.158,0.316,0.479,0.0,0.345,0.444,88.8
680755,Braydon Fisher,TOR,L,Even,346,CU,0.517,0.263,24.0,6.0,0.0,0.273,0.409,0.298,0.0,0.233,0.391,91.1
680755,Braydon Fisher,TOR,L,Two-Strike,345,CU,0.357,0.562,87.0,13.0,3.0,0.183,0.324,0.301,0.414,0.191,0.429,90.2
680755,Braydon Fisher,TOR,R,Ahead (Pitcher),134,SL,0.612,0.485,17.0,5.0,2.0,0.333,0.733,0.431,0.0,0.25,0.235,80.4
680755,Braydon Fisher,TOR,R,Behind (Pitcher),215,SL,0.693,0.395,24.0,3.0,1.0,0.188,0.375,0.357,0.0,0.204,0.333,76.1
680755,Braydon Fisher,TOR,R,Even,375,SL,0.595,0.349,24.0,5.0,0.0,0.217,0.261,0.22,0.0,0.354,0.417,83.8
680755,Braydon Fisher,TOR,R,Two-Strike,309,SL,0.537,0.579,83.0,12.0,1.0,0.158,0.224,0.211,0.446,0.245,0.385,86.4
669724,Brenan Hanifee,DET,L,Ahead (Pitcher),31,SI,0.29,0.29,,,,,,,,,,
669724,Brenan Hanifee,DET,L,Behind (Pitcher),130,SI,0.577,0.408,,,,,,,,,,
669724,Brenan Hanifee,DET,L,Even,145,SI,0.462,0.31,,,,,,,,,,
669724,Brenan Hanifee,DET,L,Two-Strike,99,FF,0.333,0.535,,,,,,,,,,
669724,Brenan Hanifee,DET,R,Ahead (Pitcher),143,SI,0.699,0.476,11.0,3.0,0.0,0.3,0.3,0.29,0.0,0.083,0.182,77.7
669724,Brenan Hanifee,DET,R,Behind (Pitcher),153,SI,0.869,0.444,11.0,4.0,1.0,0.444,0.778,0.555,0.0,0.2,0.3,86.3
669724,Brenan Hanifee,DET,R,Even,332,SI,0.756,0.386,19.0,8.0,2.0,0.444,0.833,0.581,0.0,0.097,0.647,95.2
669724,Brenan Hanifee,DET,R,Two-Strike,247,SI,0.494,0.595,29.0,5.0,0.0,0.179,0.25,0.203,0.31,0.093,0.421,89.0
694341,Brendan Beck,NYY,L,Behind (Pitcher),20,FF,0.75,0.45,,,,,,,,,,
694341,Brendan Beck,NYY,L,Even,20,FF,0.75,0.25,,,,,,,,,,
694341,Brendan Beck,NYY,L,Two-Strike,18,SL,0.389,0.444,,,,,,,,,,
694341,Brendan Beck,NYY,R,Behind (Pitcher),18,FF,0.5,0.556,,,,,,,,,,
694341,Brendan Beck,NYY,R,Even,29,SL,0.448,0.276,,,,,,,,,,
694341,Brendan Beck,NYY,R,Two-Strike,26,SL,0.538,0.615,12.0,3.0,2.0,0.25,0.833,0.438,0.167,0.0,0.6,94.9
663893,Brendon Little,TOR,L,Ahead (Pitcher),96,KC,0.521,0.469,,,,,,,,,,
663893,Brendon Little,TOR,L,Behind (Pitcher),221,SI,0.602,0.348,14.0,3.0,2.0,0.5,1.5,0.75,0.0,0.462,0.333,92.8
663893,Brendon Little,TOR,L,Even,293,SI,0.59,0.304,,,,,,,,,,
663893,Brendon Little,TOR,L,Two-Strike,264,KC,0.659,0.523,40.0,3.0,1.0,0.081,0.189,0.156,0.525,0.296,0.188,81.6
663893,Brendon Little,TOR,R,Ahead (Pitcher),100,KC,0.58,0.48,,,,,,,,,,
663893,Brendon Little,TOR,R,Behind (Pitcher),271,SI,0.517,0.351,16.0,7.0,2.0,0.583,1.083,0.929,0.0,0.276,0.6,97.4
663893,Brendon Little,TOR,R,Even,319,SI,0.439,0.32,,,,,,,,,,
663893,Brendon Little,TOR,R,Two-Strike,255,KC,0.729,0.502,38.0,8.0,0.0,0.235,0.353,0.324,0.553,0.475,0.667,94.1
657514,Brennan Bernardino,COL,L,Ahead (Pitcher),115,CU,0.452,0.304,,,,,,,,,,
657514,Brennan Bernardino,COL,L,Behind (Pitcher),181,SI,0.762,0.459,28.0,6.0,0.0,0.273,0.364,0.343,0.0,0.211,0.304,88.1
657514,Brennan Bernardino,COL,L,Even,325,SI,0.538,0.369,30.0,9.0,0.0,0.3,0.367,0.323,0.0,0.243,0.226,84.8
657514,Brennan Bernardino,COL,L,Two-Strike,224,CU,0.562,0.598,60.0,7.0,0.0,0.123,0.158,0.167,0.417,0.247,0.219,83.5
657514,Brennan Bernardino,COL,R,Ahead (Pitcher),115,CU,0.313,0.461,,,,,,,,,,
657514,Brennan Bernardino,COL,R,Behind (Pitcher),247,SI,0.51,0.429,32.0,10.0,0.0,0.345,0.552,0.468,0.0,0.154,0.429,92.8
657514,Brennan Bernardino,COL,R,Even,377,SI,0.284,0.337,29.0,9.0,2.0,0.36,0.68,0.507,0.0,0.176,0.296,83.9
657514,Brennan Bernardino,COL,R,Two-Strike,263,CU,0.365,0.57,62.0,9.0,0.0,0.164,0.182,0.204,0.371,0.192,0.286,84.7
687396,Brent Headrick,NYY,L,Ahead (Pitcher),75,SL,0.573,0.493,,,,,,,,,,
687396,Brent Headrick,NYY,L,Behind (Pitcher),113,FF,0.504,0.504,17.0,5.0,0.0,0.357,0.5,0.429,0.0,0.149,0.214,83.0
687396,Brent Headrick,NYY,L,Even,210,SL,0.462,0.457,22.0,11.0,1.0,0.55,1.1,0.71,0.0,0.462,0.545,88.7
687396,Brent Headrick,NYY,L,Two-Strike,186,SL,0.478,0.64,67.0,9.0,0.0,0.148,0.23,0.21,0.448,0.267,0.387,87.7
687396,Brent Headrick,NYY,R,Ahead (Pitcher),149,FS,0.389,0.497,17.0,5.0,0.0,0.312,0.375,0.359,0.0,0.246,0.176,71.8
687396,Brent Headrick,NYY,R,Behind (Pitcher),183,FF,0.656,0.47,32.0,8.0,2.0,0.364,0.727,0.59,0.0,0.324,0.409,85.5
687396,Brent Headrick,NYY,R,Even,359,FF,0.646,0.474,34.0,11.0,1.0,0.324,0.441,0.36,0.0,0.324,0.441,88.4
687396,Brent Headrick,NYY,R,Two-Strike,354,FF,0.579,0.658,122.0,16.0,1.0,0.138,0.198,0.173,0.541,0.254,0.353,88.7
608718,Brent Suter,ATL,L,Ahead (Pitcher),149,SL,0.383,0.403,13.0,4.0,1.0,0.308,0.692,0.415,0.0,0.355,0.231,83.2
608718,Brent Suter,ATL,L,Behind (Pitcher),164,SI,0.47,0.463,23.0,6.0,0.0,0.3,0.5,0.387,0.0,0.105,0.286,87.9
608718,Brent Suter,ATL,L,Even,365,SI,0.43,0.386,27.0,11.0,2.0,0.407,0.704,0.474,0.0,0.243,0.185,82.0
608718,Brent Suter,ATL,L,Two-Strike,379,SI,0.338,0.522,80.0,13.0,2.0,0.186,0.343,0.283,0.362,0.137,0.381,86.3
608718,Brent Suter,ATL,R,Ahead (Pitcher),212,CH,0.481,0.566,16.0,2.0,0.0,0.133,0.133,0.133,0.0,0.329,0.059,78.4
608718,Brent Suter,ATL,R,Behind (Pitcher),289,FF,0.443,0.491,36.0,9.0,0.0,0.29,0.323,0.353,0.0,0.173,0.5,90.6
608718,Brent Suter,ATL,R,Even,554,CH,0.356,0.35,36.0,16.0,3.0,0.457,0.829,0.551,0.0,0.34,0.361,86.1
608718,Brent Suter,ATL,R,Two-Strike,520,FF,0.431,0.569,132.0,24.0,1.0,0.192,0.272,0.26,0.348,0.124,0.282,84.8
695049,Brett Kerry,LAA,L,Behind (Pitcher),26,FF,0.577,0.385,,,,,,,,,,
695049,Brett Kerry,LAA,L,Even,37,FF,0.432,0.351,,,,,,,,,,
695049,Brett Kerry,LAA,L,Two-Strike,36,FF,0.472,0.556,16.0,0.0,0.0,0.0,0.0,0.0,0.312,0.2,0.182,82.9
695049,Brett Kerry,LAA,R,Ahead (Pitcher),15,SL,0.533,0.2,,,,,,,,,,
695049,Brett Kerry,LAA,R,Behind (Pitcher),16,FF,0.562,0.375,,,,,,,,,,
695049,Brett Kerry,LAA,R,Even,36,FF,0.528,0.583,,,,,,,,,,
695049,Brett Kerry,LAA,R,Two-Strike,32,FF,0.469,0.719,17.0,5.0,0.0,0.312,0.5,0.368,0.412,0.304,0.444,92.0
664954,Brett Sullivan,COL,L,Even,16,EP,0.812,0.312,,,,,,,,,,
664954,Brett Sullivan,COL,R,Behind (Pitcher),19,FA,0.684,0.474,,,,,,,,,,
664954,Brett Sullivan,COL,R,Even,23,EP,0.826,0.261,,,,,,,,,,
702153,Brian Fitzpatrick,MIL,L,Even,16,SI,0.5,0.562,,,,,,,,,,
702153,Brian Fitzpatrick,MIL,R,Behind (Pitcher),15,SL,0.333,0.8,,,,,,,,,,
702153,Brian Fitzpatrick,MIL,R,Even,25,CH,0.4,0.36,,,,,,,,,,
702153,Brian Fitzpatrick,MIL,R,Two-Strike,25,CH,0.52,0.56,11.0,2.0,0.0,0.25,0.25,0.355,0.273,0.143,0.0,82.9
656271,Brock Burke,CIN,L,Ahead (Pitcher),119,SL,0.345,0.395,,,,,,,,,,
656271,Brock Burke,CIN,L,Behind (Pitcher),166,SI,0.422,0.482,26.0,4.0,0.0,0.222,0.222,0.354,0.0,0.19,0.263,88.6
656271,Brock Burke,CIN,L,Even,322,SL,0.363,0.37,29.0,7.0,1.0,0.259,0.407,0.346,0.0,0.258,0.259,82.3
656271,Brock Burke,CIN,L,Two-Strike,272,FF,0.449,0.562,67.0,8.0,1.0,0.133,0.2,0.216,0.448,0.221,0.333,88.2
656271,Brock Burke,CIN,R,Ahead (Pitcher),166,CH,0.596,0.566,16.0,3.0,0.0,0.2,0.267,0.191,0.0,0.245,0.235,85.6
656271,Brock Burke,CIN,R,Behind (Pitcher),314,FF,0.471,0.449,37.0,5.0,2.0,0.2,0.48,0.517,0.0,0.284,0.318,89.0
656271,Brock Burke,CIN,R,Even,476,SL,0.412,0.389,31.0,9.0,1.0,0.29,0.581,0.377,0.0,0.308,0.406,90.2
656271,Brock Burke,CIN,R,Two-Strike,390,FF,0.541,0.618,88.0,14.0,0.0,0.182,0.208,0.249,0.5,0.202,0.324,84.8
592779,Brock Stewart,LAD,L,Ahead (Pitcher),55,FF,0.491,0.509,,,,,,,,,,
592779,Brock Stewart,LAD,L,Behind (Pitcher),111,FF,0.559,0.414,,,,,,,,,,
592779,Brock Stewart,LAD,L,Even,154,FF,0.532,0.474,11.0,2.0,1.0,0.182,0.455,0.345,0.0,0.3,0.091,77.6
592779,Brock Stewart,LAD,L,Two-Strike,137,FF,0.526,0.628,20.0,1.0,0.0,0.059,0.059,0.15,0.5,0.296,0.286,91.0
592779,Brock Stewart,LAD,R,Ahead (Pitcher),77,FF,0.416,0.481,,,,,,,,,,
592779,Brock Stewart,LAD,R,Behind (Pitcher),99,FF,0.424,0.525,,,,,,,,,,
592779,Brock Stewart,LAD,R,Even,191,FF,0.403,0.403,12.0,3.0,0.0,0.25,0.333,0.254,0.0,0.3,0.333,82.1
592779,Brock Stewart,LAD,R,Two-Strike,159,ST,0.459,0.591,29.0,6.0,0.0,0.214,0.25,0.222,0.483,0.278,0.214,69.6
621139,Brooks Kriske,ATH,L,Ahead (Pitcher),21,FF,0.524,0.333,,,,,,,,,,
621139,Brooks Kriske,ATH,L,Behind (Pitcher),63,FS,0.587,0.27,,,,,,,,,,
621139,Brooks Kriske,ATH,L,Even,69,FS,0.478,0.275,,,,,,,,,,
621139,Brooks Kriske,ATH,L,Two-Strike,43,FS,0.744,0.721,,,,,,,,,,
621139,Brooks Kriske,ATH,R,Ahead (Pitcher),29,FS,0.414,0.586,,,,,,,,,,
621139,Brooks Kriske,ATH,R,Behind (Pitcher),51,FS,0.569,0.373,,,,,,,,,,
621139,Brooks Kriske,ATH,R,Even,71,FS,0.352,0.296,,,,,,,,,,
621139,Brooks Kriske,ATH,R,Two-Strike,76,FS,0.605,0.434,,,,,,,,,,
548384,Brooks Raley,PHI,L,Ahead (Pitcher),57,ST,0.544,0.526,10.0,3.0,0.0,0.3,0.3,0.27,0.0,0.045,0.1,81.6
548384,Brooks Raley,PHI,L,Behind (Pitcher),96,SI,0.469,0.438,14.0,2.0,0.0,0.182,0.273,0.358,0.0,0.235,0.3,89.5
548384,Brooks Raley,PHI,L,Even,173,SI,0.405,0.393,25.0,6.0,0.0,0.261,0.348,0.28,0.0,0.154,0.4,82.8
548384,Brooks Raley,PHI,L,Two-Strike,129,ST,0.69,0.589,42.0,9.0,2.0,0.231,0.41,0.304,0.429,0.224,0.238,84.1
548384,Brooks Raley,PHI,R,Ahead (Pitcher),118,CH,0.373,0.466,12.0,3.0,1.0,0.25,0.5,0.317,0.0,0.25,0.417,87.3
548384,Brooks Raley,PHI,R,Behind (Pitcher),147,ST,0.388,0.442,19.0,6.0,0.0,0.462,0.923,0.579,0.0,0.231,0.571,94.0
548384,Brooks Raley,PHI,R,Even,278,ST,0.353,0.335,23.0,6.0,2.0,0.286,0.571,0.424,0.0,0.29,0.391,81.2
548384,Brooks Raley,PHI,R,Two-Strike,225,ST,0.418,0.573,75.0,10.0,1.0,0.156,0.25,0.251,0.44,0.275,0.194,84.7
669145,Bruce Zimmermann,STL,L,Behind (Pitcher),19,SI,0.421,0.368,,,,,,,,,,
669145,Bruce Zimmermann,STL,L,Even,29,SI,0.448,0.276,,,,,,,,,,
669145,Bruce Zimmermann,STL,R,Behind (Pitcher),24,FS,0.333,0.292,,,,,,,,,,
669145,Bruce Zimmermann,STL,R,Even,35,SI,0.371,0.343,,,,,,,,,,
669145,Bruce Zimmermann,STL,R,Two-Strike,21,FS,0.381,0.667,,,,,,,,,,
650556,Bryan Abreu,HOU,L,Ahead (Pitcher),136,FF,0.463,0.471,10.0,2.0,0.0,0.2,0.4,0.25,0.0,0.385,0.5,88.9
650556,Bryan Abreu,HOU,L,Behind (Pitcher),273,FF,0.447,0.344,31.0,4.0,0.0,0.267,0.4,0.5,0.0,0.103,0.2,82.2
650556,Bryan Abreu,HOU,L,Even,382,FF,0.49,0.348,19.0,7.0,1.0,0.368,0.684,0.469,0.0,0.291,0.389,90.5
650556,Bryan Abreu,HOU,L,Two-Strike,304,SL,0.507,0.612,83.0,9.0,4.0,0.123,0.288,0.235,0.482,0.33,0.424,89.8
650556,Bryan Abreu,HOU,R,Ahead (Pitcher),127,SL,0.48,0.496,,,,,,,,,,
650556,Bryan Abreu,HOU,R,Behind (Pitcher),303,FF,0.521,0.409,26.0,5.0,2.0,0.312,0.812,0.554,0.0,0.283,0.706,97.0
650556,Bryan Abreu,HOU,R,Even,400,FF,0.485,0.35,14.0,4.0,1.0,0.333,0.667,0.454,0.0,0.333,0.214,76.5
650556,Bryan Abreu,HOU,R,Two-Strike,345,SL,0.51,0.565,74.0,10.0,1.0,0.149,0.209,0.207,0.541,0.357,0.407,91.1
641329,Bryan Baker,TB,L,Ahead (Pitcher),146,CH,0.493,0.541,19.0,4.0,1.0,0.211,0.421,0.266,0.0,0.2,0.316,86.3
641329,Bryan Baker,TB,L,Behind (Pitcher),218,FF,0.514,0.408,17.0,1.0,0.0,0.067,0.2,0.176,0.0,0.219,0.533,91.8
641329,Bryan Baker,TB,L,Even,376,FF,0.545,0.402,17.0,3.0,0.0,0.188,0.25,0.259,0.0,0.384,0.059,74.1
641329,Bryan Baker,TB,L,Two-Strike,371,CH,0.491,0.652,72.0,9.0,1.0,0.138,0.231,0.21,0.403,0.194,0.278,82.1
641329,Bryan Baker,TB,R,Ahead (Pitcher),142,FF,0.423,0.479,12.0,6.0,0.0,0.545,0.636,0.538,0.0,0.206,0.545,95.0
641329,Bryan Baker,TB,R,Behind (Pitcher),153,FF,0.588,0.464,15.0,2.0,1.0,0.154,0.462,0.31,0.0,0.263,0.538,93.4
641329,Bryan Baker,TB,R,Even,346,FF,0.514,0.494,19.0,5.0,1.0,0.278,0.5,0.313,0.0,0.215,0.579,91.1
641329,Bryan Baker,TB,R,Two-Strike,320,FF,0.456,0.616,69.0,5.0,0.0,0.086,0.103,0.195,0.493,0.248,0.208,82.4
663542,Bryan Hudson,CWS,L,Ahead (Pitcher),58,FF,0.466,0.414,10.0,2.0,0.0,0.25,0.25,0.3,0.0,0.143,0.1,76.7
663542,Bryan Hudson,CWS,L,Behind (Pitcher),161,FF,0.739,0.41,23.0,7.0,2.0,0.389,0.722,0.61,0.0,0.232,0.438,92.6
663542,Bryan Hudson,CWS,L,Even,208,FF,0.596,0.274,21.0,10.0,2.0,0.526,1.0,0.692,0.0,0.208,0.316,80.1
663542,Bryan Hudson,CWS,L,Two-Strike,148,FF,0.642,0.541,57.0,9.0,0.0,0.17,0.189,0.185,0.491,0.19,0.385,88.2
663542,Bryan Hudson,CWS,R,Ahead (Pitcher),113,FF,0.708,0.522,23.0,7.0,0.0,0.304,0.304,0.274,0.0,0.25,0.348,90.0
663542,Bryan Hudson,CWS,R,Behind (Pitcher),153,FF,0.719,0.425,16.0,5.0,0.0,0.417,0.5,0.463,0.0,0.302,0.75,94.6
663542,Bryan Hudson,CWS,R,Even,276,FF,0.627,0.341,41.0,12.0,0.0,0.316,0.368,0.323,0.0,0.226,0.325,83.9
663542,Bryan Hudson,CWS,R,Two-Strike,244,FF,0.672,0.684,84.0,14.0,1.0,0.187,0.227,0.245,0.369,0.168,0.404,86.8
687911,Bryan King,HOU,L,Ahead (Pitcher),91,FF,0.396,0.462,,,,,,,,,,
687911,Bryan King,HOU,L,Behind (Pitcher),175,FF,0.543,0.389,17.0,5.0,1.0,0.417,0.667,0.594,0.0,0.184,0.308,83.6
687911,Bryan King,HOU,L,Even,264,FF,0.424,0.36,19.0,5.0,0.0,0.263,0.263,0.237,0.0,0.226,0.474,85.5
687911,Bryan King,HOU,L,Two-Strike,251,FF,0.566,0.637,69.0,14.0,1.0,0.226,0.323,0.285,0.333,0.171,0.385,89.3
687911,Bryan King,HOU,R,Ahead (Pitcher),182,FF,0.676,0.593,17.0,6.0,0.0,0.375,0.562,0.416,0.0,0.071,0.278,82.0
687911,Bryan King,HOU,R,Behind (Pitcher),233,FF,0.678,0.459,27.0,9.0,4.0,0.429,1.048,0.706,0.0,0.122,0.45,88.8
687911,Bryan King,HOU,R,Even,467,FF,0.612,0.405,40.0,14.0,3.0,0.359,0.692,0.478,0.0,0.176,0.4,88.5
687911,Bryan King,HOU,R,Two-Strike,413,FF,0.654,0.615,69.0,11.0,0.0,0.186,0.186,0.258,0.333,0.126,0.324,82.9
693433,Bryan Woo,SEA,L,Ahead (Pitcher),392,FF,0.541,0.503,36.0,9.0,4.0,0.257,0.6,0.367,0.0,0.184,0.457,90.5
693433,Bryan Woo,SEA,L,Behind (Pitcher),509,FF,0.582,0.544,63.0,18.0,4.0,0.333,0.667,0.463,0.0,0.171,0.463,91.1
693433,Bryan Woo,SEA,L,Even,1076,FF,0.592,0.454,83.0,24.0,2.0,0.293,0.463,0.361,0.0,0.182,0.549,91.9
693433,Bryan Woo,SEA,L,Two-Strike,986,FF,0.492,0.577,212.0,31.0,2.0,0.165,0.239,0.229,0.415,0.203,0.396,89.2
693433,Bryan Woo,SEA,R,Ahead (Pitcher),353,FF,0.388,0.632,25.0,10.0,2.0,0.417,0.75,0.476,0.0,0.333,0.56,92.6
693433,Bryan Woo,SEA,R,Behind (Pitcher),364,SI,0.486,0.582,41.0,12.0,2.0,0.324,0.541,0.402,0.0,0.21,0.447,90.3
693433,Bryan Woo,SEA,R,Even,842,SI,0.477,0.433,71.0,19.0,2.0,0.271,0.414,0.327,0.0,0.199,0.329,83.7
693433,Bryan Woo,SEA,R,Two-Strike,756,FF,0.435,0.622,153.0,22.0,0.0,0.149,0.176,0.161,0.516,0.292,0.333,88.2
693821,Bryce Elder,ATL,L,Ahead (Pitcher),323,FF,0.319,0.455,35.0,12.0,2.0,0.353,0.588,0.409,0.0,0.232,0.371,87.6
693821,Bryce Elder,ATL,L,Behind (Pitcher),734,SI,0.26,0.469,101.0,22.0,2.0,0.265,0.373,0.339,0.0,0.149,0.388,88.3
693821,Bryce Elder,ATL,L,Even,992,FF,0.281,0.364,86.0,20.0,5.0,0.244,0.463,0.324,0.0,0.165,0.333,87.6
693821,Bryce Elder,ATL,L,Two-Strike,649,SL,0.341,0.562,175.0,22.0,5.0,0.143,0.279,0.237,0.451,0.25,0.355,86.7
693821,Bryce Elder,ATL,R,Ahead (Pitcher),272,SI,0.5,0.478,25.0,4.0,0.0,0.167,0.208,0.25,0.0,0.211,0.261,85.4
693821,Bryce Elder,ATL,R,Behind (Pitcher),436,SI,0.56,0.5,52.0,15.0,3.0,0.319,0.532,0.414,0.0,0.171,0.468,93.0
693821,Bryce Elder,ATL,R,Even,788,SI,0.61,0.368,60.0,24.0,3.0,0.407,0.627,0.464,0.0,0.167,0.45,88.2
693821,Bryce Elder,ATL,R,Two-Strike,572,SL,0.404,0.586,99.0,21.0,4.0,0.231,0.374,0.314,0.424,0.215,0.551,92.3
682243,Bryce Miller,SEA,L,Ahead (Pitcher),218,FS,0.372,0.537,27.0,12.0,2.0,0.462,0.808,0.546,0.0,0.203,0.308,84.9
682243,Bryce Miller,SEA,L,Behind (Pitcher),337,FF,0.496,0.501,38.0,8.0,3.0,0.286,0.643,0.493,0.0,0.194,0.333,88.9
682243,Bryce Miller,SEA,L,Even,603,FF,0.441,0.449,50.0,20.0,5.0,0.408,0.816,0.537,0.0,0.244,0.408,89.6
682243,Bryce Miller,SEA,L,Two-Strike,516,FS,0.405,0.663,140.0,19.0,1.0,0.144,0.212,0.185,0.407,0.178,0.289,85.9
682243,Bryce Miller,SEA,R,Ahead (Pitcher),220,FF,0.382,0.5,11.0,2.0,0.0,0.182,0.182,0.245,0.0,0.309,0.364,89.7
682243,Bryce Miller,SEA,R,Behind (Pitcher),311,FF,0.402,0.431,28.0,7.0,4.0,0.368,1.105,0.607,0.0,0.217,0.55,91.3
682243,Bryce Miller,SEA,R,Even,596,FF,0.423,0.47,41.0,12.0,2.0,0.3,0.5,0.348,0.0,0.203,0.317,85.8
682243,Bryce Miller,SEA,R,Two-Strike,542,FF,0.376,0.598,121.0,14.0,3.0,0.125,0.205,0.183,0.455,0.236,0.203,84.0
802408,Brycen Mautz,STL,L,Behind (Pitcher),43,SI,0.349,0.465,11.0,3.0,1.0,0.375,0.75,0.536,0.0,0.4,0.125,80.0
802408,Brycen Mautz,STL,L,Even,39,SI,0.385,0.179,,,,,,,,,,
802408,Brycen Mautz,STL,L,Two-Strike,25,SL,0.44,0.6,14.0,1.0,0.0,0.091,0.091,0.214,0.571,0.4,0.333,87.1
802408,Brycen Mautz,STL,R,Ahead (Pitcher),19,FF,0.632,0.526,,,,,,,,,,
802408,Brycen Mautz,STL,R,Behind (Pitcher),39,FF,0.487,0.333,,,,,,,,,,
802408,Brycen Mautz,STL,R,Even,49,FF,0.51,0.327,,,,,,,,,,
802408,Brycen Mautz,STL,R,Two-Strike,37,FF,0.486,0.568,18.0,3.0,1.0,0.2,0.4,0.328,0.5,0.381,0.167,84.5
669060,Bryse Wilson,MIL,L,Ahead (Pitcher),82,CH,0.293,0.39,,,,,,,,,,
669060,Bryse Wilson,MIL,L,Behind (Pitcher),159,FC,0.365,0.484,13.0,4.0,1.0,0.333,0.75,0.469,0.0,0.167,0.5,96.1
669060,Bryse Wilson,MIL,L,Even,233,FC,0.395,0.382,15.0,3.0,0.0,0.214,0.286,0.25,0.0,0.135,0.643,95.0
669060,Bryse Wilson,MIL,L,Two-Strike,160,FF,0.294,0.619,35.0,11.0,0.0,0.314,0.343,0.293,0.371,0.17,0.5,90.1
669060,Bryse Wilson,MIL,R,Ahead (Pitcher),112,CU,0.295,0.634,11.0,3.0,1.0,0.273,0.545,0.345,0.0,0.138,0.545,93.7
669060,Bryse Wilson,MIL,R,Behind (Pitcher),117,SI,0.41,0.504,,,,,,,,,,
669060,Bryse Wilson,MIL,R,Even,266,SI,0.425,0.376,19.0,6.0,0.0,0.333,0.333,0.321,0.0,0.163,0.333,83.3
669060,Bryse Wilson,MIL,R,Two-Strike,258,CU,0.24,0.616,43.0,9.0,1.0,0.22,0.341,0.263,0.395,0.179,0.44,91.0
696149,Bubba Chandler,PIT,L,Ahead (Pitcher),208,FF,0.529,0.409,23.0,7.0,2.0,0.318,0.636,0.415,0.0,0.231,0.409,87.7
696149,Bubba Chandler,PIT,L,Behind (Pitcher),413,FF,0.501,0.441,73.0,20.0,5.0,0.392,0.784,0.573,0.0,0.227,0.569,91.4
696149,Bubba Chandler,PIT,L,Even,608,FF,0.502,0.365,65.0,14.0,3.0,0.219,0.453,0.284,0.0,0.173,0.4,88.0
696149,Bubba Chandler,PIT,L,Two-Strike,547,FF,0.503,0.618,209.0,35.0,2.0,0.192,0.297,0.275,0.368,0.206,0.358,88.5
696149,Bubba Chandler,PIT,R,Ahead (Pitcher),174,FF,0.46,0.575,33.0,5.0,0.0,0.152,0.212,0.185,0.0,0.136,0.303,87.1
696149,Bubba Chandler,PIT,R,Behind (Pitcher),258,FF,0.519,0.415,50.0,11.0,3.0,0.324,0.647,0.52,0.0,0.169,0.294,86.7
696149,Bubba Chandler,PIT,R,Even,466,FF,0.466,0.399,59.0,19.0,0.0,0.352,0.407,0.386,0.0,0.221,0.436,89.5
696149,Bubba Chandler,PIT,R,Two-Strike,402,FF,0.45,0.577,145.0,22.0,0.0,0.169,0.185,0.219,0.414,0.209,0.333,86.4
572143,Burch Smith,DET,L,Behind (Pitcher),39,FF,0.538,0.359,,,,,,,,,,
572143,Burch Smith,DET,L,Even,58,FF,0.397,0.328,,,,,,,,,,
572143,Burch Smith,DET,L,Two-Strike,47,FF,0.532,0.66,21.0,5.0,0.0,0.263,0.263,0.281,0.381,0.194,0.364,87.8
572143,Burch Smith,DET,R,Ahead (Pitcher),18,FF,0.444,0.611,,,,,,,,,,
572143,Burch Smith,DET,R,Behind (Pitcher),30,FF,0.467,0.433,,,,,,,,,,
572143,Burch Smith,DET,R,Even,47,CU,0.404,0.362,,,,,,,,,,
572143,Burch Smith,DET,R,Two-Strike,34,FF,0.471,0.676,20.0,1.0,0.0,0.053,0.105,0.098,0.6,0.304,0.857,97.6
676917,Cade Cavalli,WSH,L,Ahead (Pitcher),258,FF,0.341,0.558,32.0,8.0,0.0,0.258,0.29,0.258,0.0,0.241,0.258,83.6
676917,Cade Cavalli,WSH,L,Behind (Pitcher),457,FF,0.35,0.425,76.0,21.0,2.0,0.375,0.518,0.462,0.0,0.24,0.509,91.4
676917,Cade Cavalli,WSH,L,Even,725,FF,0.345,0.377,77.0,23.0,7.0,0.319,0.667,0.458,0.0,0.235,0.395,88.6
676917,Cade Cavalli,WSH,L,Two-Strike,625,KC,0.347,0.611,231.0,40.0,2.0,0.187,0.252,0.229,0.498,0.248,0.37,89.0
676917,Cade Cavalli,WSH,R,Ahead (Pitcher),209,FF,0.254,0.426,25.0,8.0,1.0,0.32,0.52,0.36,0.0,0.275,0.32,89.3
676917,Cade Cavalli,WSH,R,Behind (Pitcher),306,FF,0.278,0.405,46.0,11.0,2.0,0.324,0.559,0.5,0.0,0.213,0.382,88.5
676917,Cade Cavalli,WSH,R,Even,547,FF,0.272,0.375,43.0,13.0,1.0,0.333,0.436,0.376,0.0,0.318,0.45,90.3
676917,Cade Cavalli,WSH,R,Two-Strike,445,FF,0.306,0.654,172.0,24.0,3.0,0.148,0.216,0.196,0.488,0.224,0.456,88.9
806188,Cade Gibson,MIA,L,Ahead (Pitcher),117,ST,0.368,0.581,15.0,7.0,0.0,0.538,0.615,0.525,0.0,0.25,0.231,85.2
806188,Cade Gibson,MIA,L,Behind (Pitcher),206,SI,0.325,0.301,14.0,3.0,1.0,0.375,0.75,0.586,0.0,0.25,0.556,85.1
806188,Cade Gibson,MIA,L,Even,318,SI,0.324,0.308,20.0,6.0,1.0,0.316,0.474,0.422,0.0,0.226,0.368,80.5
806188,Cade Gibson,MIA,L,Two-Strike,280,ST,0.464,0.571,74.0,11.0,1.0,0.159,0.246,0.234,0.392,0.189,0.35,84.8
806188,Cade Gibson,MIA,R,Ahead (Pitcher),110,CU,0.318,0.473,,,,,,,,,,
806188,Cade Gibson,MIA,R,Behind (Pitcher),197,CH,0.244,0.371,16.0,2.0,0.0,0.182,0.182,0.38,0.0,0.121,0.3,86.6
806188,Cade Gibson,MIA,R,Even,301,CU,0.322,0.309,20.0,6.0,1.0,0.316,0.526,0.371,0.0,0.208,0.35,86.6
806188,Cade Gibson,MIA,R,Two-Strike,261,CU,0.398,0.605,55.0,11.0,0.0,0.256,0.326,0.326,0.255,0.136,0.355,85.4
690990,Cade Horton,CHC,L,Ahead (Pitcher),138,FF,0.551,0.478,,,,,,,,,,
690990,Cade Horton,CHC,L,Behind (Pitcher),217,FF,0.664,0.438,,,,,,,,,,
690990,Cade Horton,CHC,L,Even,366,FF,0.582,0.383,,,,,,,,,,
690990,Cade Horton,CHC,L,Two-Strike,269,FF,0.424,0.576,,,,,,,,,,
690990,Cade Horton,CHC,R,Ahead (Pitcher),132,ST,0.379,0.508,,,,,,,,,,
690990,Cade Horton,CHC,R,Behind (Pitcher),170,FF,0.588,0.465,,,,,,,,,,
690990,Cade Horton,CHC,R,Even,318,FF,0.522,0.406,,,,,,,,,,
690990,Cade Horton,CHC,R,Two-Strike,272,ST,0.57,0.654,,,,,,,,,,
700249,Cade Povich,BAL,L,Ahead (Pitcher),80,FF,0.25,0.425,,,,,,,,,,
700249,Cade Povich,BAL,L,Behind (Pitcher),150,SI,0.367,0.42,14.0,2.0,1.0,0.182,0.545,0.382,0.0,0.056,0.273,82.9
700249,Cade Povich,BAL,L,Even,246,FF,0.301,0.35,15.0,5.0,1.0,0.357,0.643,0.443,0.0,0.3,0.429,90.7
700249,Cade Povich,BAL,L,Two-Strike,205,SI,0.283,0.576,23.0,6.0,1.0,0.261,0.478,0.313,0.348,0.167,0.375,86.3
700249,Cade Povich,BAL,R,Ahead (Pitcher),245,FF,0.331,0.531,13.0,3.0,0.0,0.231,0.231,0.208,0.0,0.214,0.308,86.7
700249,Cade Povich,BAL,R,Behind (Pitcher),435,FF,0.522,0.448,28.0,4.0,1.0,0.2,0.35,0.368,0.0,0.152,0.35,92.8
700249,Cade Povich,BAL,R,Even,659,FF,0.464,0.325,16.0,5.0,1.0,0.312,0.5,0.35,0.0,0.238,0.5,93.8
700249,Cade Povich,BAL,R,Two-Strike,567,FF,0.354,0.566,45.0,10.0,0.0,0.244,0.293,0.278,0.444,0.222,0.381,90.1
671922,Cade Smith,CLE,L,Ahead (Pitcher),167,FF,0.533,0.479,,,,,,,,,,
671922,Cade Smith,CLE,L,Behind (Pitcher),258,FF,0.837,0.492,28.0,7.0,2.0,0.333,0.667,0.472,0.0,0.29,0.455,94.5
671922,Cade Smith,CLE,L,Even,440,FF,0.598,0.405,27.0,8.0,1.0,0.296,0.444,0.32,0.0,0.391,0.481,89.5
671922,Cade Smith,CLE,L,Two-Strike,405,FF,0.632,0.684,105.0,10.0,0.0,0.103,0.134,0.136,0.6,0.303,0.361,89.5
671922,Cade Smith,CLE,R,Ahead (Pitcher),144,FF,0.549,0.528,,,,,,,,,,
671922,Cade Smith,CLE,R,Behind (Pitcher),234,FF,0.838,0.415,11.0,4.0,0.0,0.5,0.75,0.582,0.0,0.359,0.625,97.0
671922,Cade Smith,CLE,R,Even,390,FF,0.682,0.362,23.0,7.0,1.0,0.35,0.6,0.523,0.0,0.312,0.429,89.5
671922,Cade Smith,CLE,R,Two-Strike,377,FF,0.621,0.631,83.0,12.0,1.0,0.164,0.219,0.243,0.494,0.234,0.531,94.0
685464,Cade Winquest,STL,L,Behind (Pitcher),33,FF,0.455,0.364,,,,,,,,,,
685464,Cade Winquest,STL,L,Even,46,CU,0.391,0.37,,,,,,,,,,
685464,Cade Winquest,STL,L,Two-Strike,43,FF,0.419,0.558,20.0,2.0,0.0,0.111,0.111,0.132,0.45,0.167,0.3,89.6
685464,Cade Winquest,STL,R,Behind (Pitcher),17,FC,0.294,0.353,,,,,,,,,,
685464,Cade Winquest,STL,R,Even,26,FC,0.385,0.308,,,,,,,,,,
685464,Cade Winquest,STL,R,Two-Strike,20,FF,0.6,0.6,,,,,,,,,,
615698,Cal Quantrill,TEX,L,Ahead (Pitcher),228,FS,0.452,0.452,18.0,4.0,1.0,0.222,0.444,0.281,0.0,0.164,0.389,93.1
615698,Cal Quantrill,TEX,L,Behind (Pitcher),413,FC,0.334,0.477,40.0,13.0,2.0,0.419,0.71,0.573,0.0,0.184,0.333,89.7
615698,Cal Quantrill,TEX,L,Even,687,FC,0.262,0.396,52.0,12.0,1.0,0.231,0.308,0.253,0.0,0.15,0.308,89.1
615698,Cal Quantrill,TEX,L,Two-Strike,628,FS,0.339,0.565,135.0,24.0,3.0,0.195,0.325,0.26,0.393,0.196,0.507,91.6
615698,Cal Quantrill,TEX,R,Ahead (Pitcher),248,SI,0.262,0.54,30.0,5.0,2.0,0.172,0.379,0.247,0.0,0.077,0.276,88.6
615698,Cal Quantrill,TEX,R,Behind (Pitcher),337,SI,0.451,0.516,41.0,13.0,1.0,0.342,0.447,0.372,0.0,0.12,0.342,88.3
615698,Cal Quantrill,TEX,R,Even,650,SI,0.308,0.352,48.0,7.0,1.0,0.156,0.222,0.202,0.0,0.181,0.413,88.0
615698,Cal Quantrill,TEX,R,Two-Strike,488,FF,0.24,0.551,78.0,11.0,2.0,0.149,0.257,0.212,0.359,0.198,0.234,82.1
657571,Caleb Ferguson,STL,L,Ahead (Pitcher),91,SI,0.516,0.604,11.0,4.0,1.0,0.364,0.818,0.491,0.0,0.143,0.364,89.6
657571,Caleb Ferguson,STL,L,Behind (Pitcher),189,SI,0.582,0.381,13.0,5.0,0.0,0.556,0.889,0.788,0.0,0.379,0.857,96.9
657571,Caleb Ferguson,STL,L,Even,271,SI,0.509,0.31,,,,,,,,,,
657571,Caleb Ferguson,STL,L,Two-Strike,256,SI,0.359,0.617,50.0,8.0,0.0,0.182,0.205,0.235,0.4,0.106,0.2,84.2
657571,Caleb Ferguson,STL,R,Ahead (Pitcher),107,FF,0.393,0.523,,,,,,,,,,
657571,Caleb Ferguson,STL,R,Behind (Pitcher),196,FF,0.403,0.464,16.0,3.0,0.0,0.231,0.308,0.37,0.0,0.161,0.417,89.3
657571,Caleb Ferguson,STL,R,Even,294,SV,0.391,0.35,14.0,8.0,3.0,0.615,1.385,0.775,0.0,0.148,0.643,94.5
657571,Caleb Ferguson,STL,R,Two-Strike,245,FF,0.38,0.584,32.0,4.0,1.0,0.143,0.286,0.245,0.344,0.216,0.412,89.9
668873,Caleb Kilian,PHI,L,Ahead (Pitcher),65,FF,0.554,0.554,13.0,4.0,0.0,0.308,0.462,0.4,0.0,0.167,0.308,83.6
668873,Caleb Kilian,PHI,L,Behind (Pitcher),90,FF,0.556,0.5,26.0,7.0,0.0,0.333,0.333,0.416,0.0,0.178,0.381,85.4
668873,Caleb Kilian,PHI,L,Even,162,FF,0.543,0.395,21.0,9.0,1.0,0.429,0.571,0.438,0.0,0.203,0.333,88.2
668873,Caleb Kilian,PHI,L,Two-Strike,141,FF,0.504,0.596,60.0,7.0,0.0,0.127,0.145,0.169,0.483,0.25,0.269,83.9
668873,Caleb Kilian,PHI,R,Ahead (Pitcher),42,FF,0.452,0.524,,,,,,,,,,
668873,Caleb Kilian,PHI,R,Behind (Pitcher),80,FF,0.5,0.388,15.0,1.0,0.0,0.091,0.091,0.293,0.0,0.258,0.4,90.3
668873,Caleb Kilian,PHI,R,Even,123,FF,0.439,0.366,21.0,6.0,2.0,0.333,0.722,0.55,0.0,0.244,0.45,83.7
668873,Caleb Kilian,PHI,R,Two-Strike,91,FF,0.374,0.582,47.0,6.0,2.0,0.15,0.3,0.266,0.574,0.377,0.286,85.6
573204,Caleb Thielbar,CHC,L,Ahead (Pitcher),106,ST,0.434,0.481,,,,,,,,,,
573204,Caleb Thielbar,CHC,L,Behind (Pitcher),124,FF,0.54,0.476,11.0,5.0,2.0,0.5,1.2,0.815,0.0,0.321,0.444,93.8
573204,Caleb Thielbar,CHC,L,Even,268,ST,0.381,0.41,19.0,7.0,2.0,0.412,0.765,0.524,0.0,0.344,0.579,83.9
573204,Caleb Thielbar,CHC,L,Two-Strike,236,FF,0.343,0.636,54.0,9.0,1.0,0.176,0.255,0.232,0.426,0.203,0.321,87.6
573204,Caleb Thielbar,CHC,R,Ahead (Pitcher),128,CU,0.43,0.469,,,,,,,,,,
573204,Caleb Thielbar,CHC,R,Behind (Pitcher),163,FF,0.534,0.466,14.0,5.0,2.0,0.556,1.444,0.869,0.0,0.171,0.5,95.7
573204,Caleb Thielbar,CHC,R,Even,338,CU,0.435,0.402,18.0,5.0,1.0,0.294,0.471,0.35,0.0,0.227,0.235,85.2
573204,Caleb Thielbar,CHC,R,Two-Strike,312,CU,0.417,0.638,75.0,8.0,1.0,0.114,0.186,0.167,0.48,0.239,0.371,88.6
676534,Calvin Faucher,MIA,L,Ahead (Pitcher),136,FC,0.316,0.419,14.0,2.0,0.0,0.143,0.143,0.129,0.0,0.147,0.571,90.9
676534,Calvin Faucher,MIA,L,Behind (Pitcher),275,FC,0.596,0.378,29.0,4.0,0.0,0.211,0.316,0.415,0.0,0.246,0.474,89.4
676534,Calvin Faucher,MIA,L,Even,427,FC,0.368,0.358,35.0,15.0,0.0,0.429,0.486,0.431,0.0,0.225,0.4,87.0
676534,Calvin Faucher,MIA,L,Two-Strike,360,CU,0.331,0.528,92.0,17.0,1.0,0.21,0.309,0.273,0.402,0.225,0.4,89.1
676534,Calvin Faucher,MIA,R,Ahead (Pitcher),122,ST,0.393,0.451,,,,,,,,,,
676534,Calvin Faucher,MIA,R,Behind (Pitcher),222,FC,0.491,0.383,23.0,1.0,0.0,0.071,0.071,0.283,0.0,0.425,0.4,89.3
676534,Calvin Faucher,MIA,R,Even,338,FC,0.34,0.34,16.0,5.0,0.0,0.333,0.333,0.325,0.0,0.25,0.4,90.2
676534,Calvin Faucher,MIA,R,Two-Strike,322,ST,0.491,0.534,70.0,5.0,0.0,0.085,0.119,0.184,0.486,0.221,0.2,79.8
592155,Cam Booser,TB,L,Ahead (Pitcher),64,ST,0.422,0.484,,,,,,,,,,
592155,Cam Booser,TB,L,Behind (Pitcher),98,FF,0.592,0.541,12.0,2.0,0.0,0.222,0.222,0.267,0.0,0.08,0.3,88.4
592155,Cam Booser,TB,L,Even,181,FF,0.414,0.403,16.0,1.0,1.0,0.067,0.267,0.133,0.0,0.386,0.4,87.3
592155,Cam Booser,TB,L,Two-Strike,145,ST,0.49,0.614,34.0,5.0,1.0,0.152,0.273,0.196,0.647,0.347,0.417,89.3
592155,Cam Booser,TB,R,Ahead (Pitcher),74,FF,0.486,0.635,,,,,,,,,,
592155,Cam Booser,TB,R,Behind (Pitcher),119,FF,0.513,0.403,10.0,3.0,1.0,0.333,0.667,0.45,0.0,0.222,0.444,85.9
592155,Cam Booser,TB,R,Even,220,FF,0.455,0.418,20.0,5.0,0.0,0.25,0.25,0.225,0.0,0.196,0.15,82.7
592155,Cam Booser,TB,R,Two-Strike,216,FF,0.454,0.616,44.0,7.0,2.0,0.167,0.381,0.249,0.477,0.19,0.476,88.5
676742,Cam Sanders,BAL,L,Ahead (Pitcher),33,FF,0.485,0.364,,,,,,,,,,
676742,Cam Sanders,BAL,L,Behind (Pitcher),98,FF,0.51,0.367,18.0,2.0,0.0,0.222,0.333,0.469,0.0,0.355,0.667,98.5
676742,Cam Sanders,BAL,L,Even,121,FF,0.471,0.339,13.0,3.0,1.0,0.25,0.5,0.333,0.0,0.314,0.231,85.5
676742,Cam Sanders,BAL,L,Two-Strike,85,FF,0.435,0.624,34.0,5.0,0.0,0.161,0.194,0.204,0.471,0.326,0.133,86.6
676742,Cam Sanders,BAL,R,Ahead (Pitcher),40,SL,0.475,0.45,,,,,,,,,,
676742,Cam Sanders,BAL,R,Behind (Pitcher),72,FF,0.556,0.528,,,,,,,,,,
676742,Cam Sanders,BAL,R,Even,117,SL,0.453,0.333,,,,,,,,,,
676742,Cam Sanders,BAL,R,Two-Strike,113,FF,0.469,0.566,35.0,4.0,0.0,0.129,0.129,0.183,0.6,0.255,0.2,79.0
693645,Cam Schlittler,NYY,L,Ahead (Pitcher),315,FF,0.537,0.537,36.0,8.0,1.0,0.242,0.394,0.263,0.0,0.309,0.306,87.5
693645,Cam Schlittler,NYY,L,Behind (Pitcher),527,FF,0.465,0.463,59.0,17.0,2.0,0.362,0.574,0.463,0.0,0.215,0.574,92.1
693645,Cam Schlittler,NYY,L,Even,896,FF,0.549,0.424,72.0,23.0,3.0,0.338,0.544,0.395,0.0,0.292,0.371,86.6
693645,Cam Schlittler,NYY,L,Two-Strike,834,FF,0.526,0.612,282.0,29.0,3.0,0.112,0.192,0.18,0.546,0.312,0.438,89.6
693645,Cam Schlittler,NYY,R,Ahead (Pitcher),227,FF,0.388,0.493,27.0,4.0,1.0,0.154,0.308,0.229,0.0,0.278,0.25,82.3
693645,Cam Schlittler,NYY,R,Behind (Pitcher),310,FF,0.361,0.474,49.0,11.0,1.0,0.282,0.41,0.4,0.0,0.206,0.41,86.8
693645,Cam Schlittler,NYY,R,Even,592,FF,0.394,0.409,56.0,12.0,1.0,0.222,0.333,0.272,0.0,0.244,0.315,86.5
693645,Cam Schlittler,NYY,R,Two-Strike,526,FF,0.445,0.683,164.0,22.0,4.0,0.14,0.236,0.193,0.482,0.231,0.329,85.7
671382,Cameron Foster,BAL,L,Behind (Pitcher),24,FF,0.625,0.333,,,,,,,,,,
671382,Cameron Foster,BAL,L,Even,40,FF,0.75,0.375,,,,,,,,,,
671382,Cameron Foster,BAL,L,Two-Strike,36,FF,0.528,0.722,17.0,4.0,0.0,0.25,0.312,0.274,0.412,0.192,0.222,83.9
671382,Cameron Foster,BAL,R,Behind (Pitcher),23,FF,0.739,0.478,,,,,,,,,,
671382,Cameron Foster,BAL,R,Even,30,FC,0.433,0.333,,,,,,,,,,
666808,Camilo Doval,PIT,L,Ahead (Pitcher),114,SL,0.377,0.518,,,,,,,,,,
666808,Camilo Doval,PIT,L,Behind (Pitcher),270,FC,0.389,0.396,38.0,6.0,1.0,0.214,0.321,0.411,0.0,0.164,0.577,92.2
666808,Camilo Doval,PIT,L,Even,373,FC,0.397,0.37,29.0,15.0,3.0,0.577,1.0,0.625,0.0,0.234,0.643,92.1
666808,Camilo Doval,PIT,L,Two-Strike,260,SL,0.565,0.6,59.0,12.0,0.0,0.222,0.278,0.248,0.492,0.348,0.259,87.9
666808,Camilo Doval,PIT,R,Ahead (Pitcher),140,SL,0.414,0.536,16.0,2.0,0.0,0.143,0.143,0.156,0.0,0.289,0.667,91.3
666808,Camilo Doval,PIT,R,Behind (Pitcher),276,FC,0.351,0.37,32.0,6.0,1.0,0.333,0.611,0.568,0.0,0.18,0.4,84.4
666808,Camilo Doval,PIT,R,Even,382,FC,0.361,0.353,19.0,5.0,0.0,0.278,0.333,0.255,0.0,0.154,0.526,88.4
666808,Camilo Doval,PIT,R,Two-Strike,317,SL,0.612,0.678,64.0,7.0,2.0,0.123,0.228,0.212,0.516,0.269,0.36,89.6
605218,Carl Edwards,NYM,L,Behind (Pitcher),24,FF,0.708,0.083,,,,,,,,,,
605218,Carl Edwards,NYM,L,Even,28,CU,0.464,0.25,,,,,,,,,,
605218,Carl Edwards,NYM,L,Two-Strike,21,FF,0.333,0.667,,,,,,,,,,
605218,Carl Edwards,NYM,R,Behind (Pitcher),23,FF,0.783,0.391,,,,,,,,,,
605218,Carl Edwards,NYM,R,Even,42,FF,0.571,0.524,,,,,,,,,,
605218,Carl Edwards,NYM,R,Two-Strike,26,FF,0.654,0.692,,,,,,,,,,
471911,Carlos Carrasco,ATL,L,Ahead (Pitcher),74,CH,0.419,0.514,,,,,,,,,,
471911,Carlos Carrasco,ATL,L,Behind (Pitcher),164,FF,0.268,0.488,,,,,,,,,,
471911,Carlos Carrasco,ATL,L,Even,230,FF,0.3,0.404,13.0,5.0,1.0,0.417,0.75,0.513,0.0,0.133,0.385,84.0
471911,Carlos Carrasco,ATL,L,Two-Strike,137,CH,0.533,0.555,14.0,1.0,0.0,0.083,0.083,0.164,0.214,0.095,0.444,87.0
471911,Carlos Carrasco,ATL,R,Ahead (Pitcher),62,SL,0.435,0.581,,,,,,,,,,
471911,Carlos Carrasco,ATL,R,Behind (Pitcher),79,SL,0.468,0.57,,,,,,,,,,
471911,Carlos Carrasco,ATL,R,Even,157,SI,0.427,0.35,,,,,,,,,,
471911,Carlos Carrasco,ATL,R,Two-Strike,122,SL,0.426,0.541,13.0,2.0,2.0,0.182,0.727,0.415,0.308,0.158,0.429,89.8
666126,Carlos Cortes,ATH,L,Even,22,FA,0.864,0.5,,,,,,,,,,
666126,Carlos Cortes,ATH,R,Behind (Pitcher),38,FA,0.684,0.395,,,,,,,,,,
666126,Carlos Cortes,ATH,R,Even,41,FA,0.756,0.341,,,,,,,,,,
666126,Carlos Cortes,ATH,R,Two-Strike,20,FA,0.8,0.4,10.0,2.0,0.0,0.4,0.4,0.53,0.0,0.0,0.0,79.3
679922,Carlos Duran,KC,R,Behind (Pitcher),17,FF,0.529,0.176,,,,,,,,,,
608032,Carlos Estévez,KC,L,Ahead (Pitcher),85,FF,0.435,0.529,,,,,,,,,,
608032,Carlos Estévez,KC,L,Behind (Pitcher),137,FF,0.547,0.343,,,,,,,,,,
608032,Carlos Estévez,KC,L,Even,215,FF,0.484,0.377,,,,,,,,,,
608032,Carlos Estévez,KC,L,Two-Strike,190,FF,0.579,0.568,,,,,,,,,,
608032,Carlos Estévez,KC,R,Ahead (Pitcher),61,SL,0.492,0.508,,,,,,,,,,
608032,Carlos Estévez,KC,R,Behind (Pitcher),96,FF,0.594,0.458,,,,,,,,,,
608032,Carlos Estévez,KC,R,Even,165,SL,0.509,0.461,,,,,,,,,,
608032,Carlos Estévez,KC,R,Two-Strike,142,FF,0.592,0.648,,,,,,,,,,
672578,Carlos Hernández,CLE,L,Ahead (Pitcher),47,FF,0.426,0.468,,,,,,,,,,
672578,Carlos Hernández,CLE,L,Behind (Pitcher),94,FF,0.606,0.468,,,,,,,,,,
672578,Carlos Hernández,CLE,L,Even,151,FF,0.583,0.457,,,,,,,,,,
672578,Carlos Hernández,CLE,L,Two-Strike,124,FF,0.508,0.589,,,,,,,,,,
672578,Carlos Hernández,CLE,R,Ahead (Pitcher),56,FF,0.357,0.571,,,,,,,,,,
672578,Carlos Hernández,CLE,R,Behind (Pitcher),95,FF,0.663,0.421,,,,,,,,,,
672578,Carlos Hernández,CLE,R,Even,153,FF,0.464,0.386,,,,,,,,,,
672578,Carlos Hernández,CLE,R,Two-Strike,92,FF,0.435,0.717,,,,,,,,,,
692230,Carlos Rodriguez,MIL,L,Ahead (Pitcher),22,CH,0.591,0.5,,,,,,,,,,
692230,Carlos Rodriguez,MIL,L,Behind (Pitcher),38,FF,0.421,0.526,,,,,,,,,,
692230,Carlos Rodriguez,MIL,L,Even,58,CH,0.448,0.466,,,,,,,,,,
692230,Carlos Rodriguez,MIL,L,Two-Strike,60,CH,0.517,0.5,13.0,5.0,1.0,0.5,0.8,0.592,0.308,0.25,0.5,93.0
692230,Carlos Rodriguez,MIL,R,Ahead (Pitcher),26,ST,0.346,0.385,,,,,,,,,,
692230,Carlos Rodriguez,MIL,R,Behind (Pitcher),42,FC,0.476,0.548,,,,,,,,,,
692230,Carlos Rodriguez,MIL,R,Even,71,FC,0.38,0.38,,,,,,,,,,
692230,Carlos Rodriguez,MIL,R,Two-Strike,73,FF,0.301,0.534,10.0,2.0,0.0,0.222,0.222,0.25,0.4,0.25,0.0,78.7
607074,Carlos Rodón,NYY,L,Ahead (Pitcher),151,SL,0.437,0.397,,,,,,,,,,
607074,Carlos Rodón,NYY,L,Behind (Pitcher),218,FF,0.5,0.459,16.0,3.0,1.0,0.231,0.462,0.369,0.0,0.237,0.308,88.7
607074,Carlos Rodón,NYY,L,Even,398,FF,0.372,0.377,15.0,4.0,0.0,0.286,0.286,0.271,0.0,0.298,0.188,81.3
607074,Carlos Rodón,NYY,L,Two-Strike,352,SL,0.491,0.574,54.0,7.0,2.0,0.152,0.348,0.271,0.463,0.222,0.348,87.8
607074,Carlos Rodón,NYY,R,Ahead (Pitcher),436,CH,0.346,0.431,20.0,7.0,1.0,0.368,0.579,0.422,0.0,0.365,0.35,93.7
607074,Carlos Rodón,NYY,R,Behind (Pitcher),767,FF,0.615,0.422,48.0,6.0,1.0,0.2,0.367,0.421,0.0,0.234,0.414,89.0
607074,Carlos Rodón,NYY,R,Even,1239,FF,0.496,0.385,33.0,9.0,1.0,0.281,0.375,0.35,0.0,0.298,0.394,90.2
607074,Carlos Rodón,NYY,R,Two-Strike,1090,SL,0.374,0.585,147.0,13.0,1.0,0.098,0.165,0.165,0.449,0.245,0.42,89.9
672841,Carlos Vargas,SEA,L,Ahead (Pitcher),94,SI,0.447,0.585,,,,,,,,,,
672841,Carlos Vargas,SEA,L,Behind (Pitcher),126,SI,0.675,0.476,,,,,,,,,,
672841,Carlos Vargas,SEA,L,Even,229,SI,0.642,0.371,,,,,,,,,,
672841,Carlos Vargas,SEA,L,Two-Strike,153,SL,0.444,0.608,21.0,5.0,1.0,0.238,0.429,0.283,0.333,0.107,0.143,87.8
672841,Carlos Vargas,SEA,R,Ahead (Pitcher),109,SI,0.615,0.505,,,,,,,,,,
672841,Carlos Vargas,SEA,R,Behind (Pitcher),179,SI,0.693,0.453,11.0,3.0,0.0,0.375,0.5,0.468,0.0,0.067,0.5,92.8
672841,Carlos Vargas,SEA,R,Even,311,SI,0.727,0.392,,,,,,,,,,
672841,Carlos Vargas,SEA,R,Two-Strike,181,SI,0.42,0.635,19.0,3.0,0.0,0.158,0.263,0.179,0.526,0.261,0.4,85.0
669387,Carmen Mlodzinski,PIT,L,Ahead (Pitcher),266,FS,0.35,0.47,20.0,8.0,1.0,0.4,0.6,0.432,0.0,0.324,0.3,81.8
669387,Carmen Mlodzinski,PIT,L,Behind (Pitcher),430,FF,0.388,0.4,65.0,17.0,4.0,0.333,0.608,0.482,0.0,0.216,0.519,93.6
669387,Carmen Mlodzinski,PIT,L,Even,737,FF,0.339,0.395,67.0,25.0,1.0,0.379,0.53,0.413,0.0,0.181,0.606,92.0
669387,Carmen Mlodzinski,PIT,L,Two-Strike,607,FS,0.362,0.582,167.0,28.0,2.0,0.187,0.287,0.258,0.305,0.187,0.398,89.0
669387,Carmen Mlodzinski,PIT,R,Ahead (Pitcher),224,SI,0.263,0.446,21.0,2.0,0.0,0.1,0.1,0.086,0.0,0.143,0.381,88.0
669387,Carmen Mlodzinski,PIT,R,Behind (Pitcher),334,SI,0.365,0.47,42.0,18.0,1.0,0.486,0.676,0.571,0.0,0.069,0.622,94.4
669387,Carmen Mlodzinski,PIT,R,Even,582,SI,0.363,0.316,38.0,11.0,0.0,0.289,0.316,0.27,0.0,0.187,0.447,91.3
669387,Carmen Mlodzinski,PIT,R,Two-Strike,502,FF,0.293,0.594,104.0,15.0,1.0,0.156,0.208,0.21,0.394,0.181,0.345,86.4
687223,Carson Palmquist,WSH,L,Ahead (Pitcher),44,ST,0.568,0.341,,,,,,,,,,
687223,Carson Palmquist,WSH,L,Behind (Pitcher),77,FF,0.442,0.377,11.0,4.0,0.0,0.5,0.625,0.55,0.0,0.2,0.375,89.5
687223,Carson Palmquist,WSH,L,Even,120,ST,0.383,0.35,,,,,,,,,,
687223,Carson Palmquist,WSH,L,Two-Strike,99,ST,0.495,0.606,16.0,1.0,1.0,0.071,0.286,0.212,0.5,0.273,0.167,83.6
687223,Carson Palmquist,WSH,R,Ahead (Pitcher),79,FF,0.342,0.494,,,,,,,,,,
687223,Carson Palmquist,WSH,R,Behind (Pitcher),179,FF,0.654,0.469,,,,,,,,,,
687223,Carson Palmquist,WSH,R,Even,246,FF,0.378,0.317,,,,,,,,,,
687223,Carson Palmquist,WSH,R,Two-Strike,174,ST,0.466,0.621,30.0,8.0,0.0,0.308,0.308,0.333,0.233,0.146,0.158,84.2
693313,Carson Seymour,SF,L,Ahead (Pitcher),64,SL,0.328,0.453,,,,,,,,,,
693313,Carson Seymour,SF,L,Behind (Pitcher),147,SI,0.367,0.456,20.0,9.0,0.0,0.6,0.8,0.632,0.0,0.273,0.4,88.6
693313,Carson Seymour,SF,L,Even,211,FC,0.28,0.355,15.0,7.0,2.0,0.5,0.929,0.621,0.0,0.231,0.467,87.2
693313,Carson Seymour,SF,L,Two-Strike,146,SL,0.39,0.637,31.0,3.0,1.0,0.111,0.222,0.265,0.387,0.233,0.333,88.2
693313,Carson Seymour,SF,R,Ahead (Pitcher),73,SI,0.384,0.479,,,,,,,,,,
693313,Carson Seymour,SF,R,Behind (Pitcher),146,SI,0.733,0.473,15.0,5.0,2.0,0.385,0.923,0.623,0.0,0.129,0.538,93.9
693313,Carson Seymour,SF,R,Even,199,SI,0.538,0.266,10.0,2.0,0.0,0.2,0.4,0.25,0.0,0.25,0.2,80.7
693313,Carson Seymour,SF,R,Two-Strike,152,SI,0.336,0.566,29.0,3.0,0.0,0.12,0.12,0.221,0.31,0.135,0.312,83.3
686730,Carson Spiers,CIN,L,Ahead (Pitcher),20,CH,0.3,0.5,,,,,,,,,,
686730,Carson Spiers,CIN,L,Behind (Pitcher),37,CH,0.351,0.378,,,,,,,,,,
686730,Carson Spiers,CIN,L,Even,53,ST,0.321,0.377,,,,,,,,,,
686730,Carson Spiers,CIN,L,Two-Strike,43,CH,0.279,0.488,,,,,,,,,,
686730,Carson Spiers,CIN,R,Ahead (Pitcher),21,ST,0.381,0.429,,,,,,,,,,
686730,Carson Spiers,CIN,R,Behind (Pitcher),32,SI,0.562,0.562,,,,,,,,,,
686730,Carson Spiers,CIN,R,Even,57,SI,0.404,0.368,,,,,,,,,,
686730,Carson Spiers,CIN,R,Two-Strike,45,ST,0.378,0.6,,,,,,,,,,
687931,Carson Whisenhunt,SF,L,Ahead (Pitcher),35,FF,0.4,0.371,,,,,,,,,,
687931,Carson Whisenhunt,SF,L,Behind (Pitcher),64,FF,0.438,0.375,13.0,0.0,0.0,0.0,0.0,0.323,0.0,0.154,0.143,77.1
687931,Carson Whisenhunt,SF,L,Even,95,FF,0.411,0.411,,,,,,,,,,
687931,Carson Whisenhunt,SF,L,Two-Strike,59,FF,0.356,0.508,12.0,1.0,0.0,0.125,0.125,0.308,0.333,0.125,0.25,91.9
687931,Carson Whisenhunt,SF,R,Ahead (Pitcher),100,CH,0.38,0.41,11.0,3.0,1.0,0.273,0.636,0.377,0.0,0.308,0.455,91.7
687931,Carson Whisenhunt,SF,R,Behind (Pitcher),177,FF,0.435,0.395,19.0,6.0,1.0,0.462,0.692,0.526,0.0,0.366,0.571,93.2
687931,Carson Whisenhunt,SF,R,Even,278,FF,0.385,0.403,30.0,14.0,1.0,0.467,0.7,0.503,0.0,0.333,0.533,93.2
687931,Carson Whisenhunt,SF,R,Two-Strike,217,CH,0.47,0.608,68.0,14.0,2.0,0.23,0.393,0.31,0.324,0.198,0.487,91.7
691945,Carter Baumler,TEX,L,Even,24,CU,0.5,0.458,,,,,,,,,,
691945,Carter Baumler,TEX,L,Two-Strike,18,CU,0.611,0.556,,,,,,,,,,
691945,Carter Baumler,TEX,R,Even,21,CU,0.381,0.333,,,,,,,,,,
668984,Casey Legumina,TB,L,Ahead (Pitcher),123,FF,0.39,0.455,,,,,,,,,,
668984,Casey Legumina,TB,L,Behind (Pitcher),205,FF,0.585,0.434,18.0,4.0,1.0,0.333,0.667,0.59,0.0,0.255,0.5,88.1
668984,Casey Legumina,TB,L,Even,332,FF,0.503,0.422,25.0,5.0,0.0,0.2,0.32,0.258,0.0,0.232,0.44,87.0
668984,Casey Legumina,TB,L,Two-Strike,302,FF,0.639,0.666,79.0,9.0,2.0,0.125,0.236,0.192,0.354,0.149,0.444,91.2
668984,Casey Legumina,TB,R,Ahead (Pitcher),162,FF,0.333,0.586,21.0,6.0,1.0,0.333,0.556,0.388,0.0,0.164,0.3,79.4
668984,Casey Legumina,TB,R,Behind (Pitcher),185,SI,0.405,0.4,28.0,11.0,1.0,0.478,0.739,0.555,0.0,0.146,0.435,88.5
668984,Casey Legumina,TB,R,Even,371,SI,0.472,0.42,38.0,15.0,2.0,0.441,0.647,0.459,0.0,0.228,0.417,89.3
668984,Casey Legumina,TB,R,Two-Strike,321,FF,0.502,0.592,81.0,18.0,0.0,0.243,0.284,0.265,0.333,0.165,0.208,79.9
663554,Casey Mize,SD,L,Ahead (Pitcher),357,FS,0.401,0.479,32.0,10.0,1.0,0.323,0.452,0.327,0.0,0.187,0.375,86.5
663554,Casey Mize,SD,L,Behind (Pitcher),439,FF,0.424,0.492,49.0,10.0,1.0,0.238,0.405,0.353,0.0,0.163,0.31,86.9
663554,Casey Mize,SD,L,Even,904,FF,0.416,0.402,60.0,16.0,1.0,0.271,0.424,0.338,0.0,0.226,0.407,89.5
663554,Casey Mize,SD,L,Two-Strike,721,FS,0.42,0.584,157.0,25.0,2.0,0.174,0.264,0.226,0.401,0.204,0.305,88.2
663554,Casey Mize,SD,R,Ahead (Pitcher),261,SI,0.33,0.556,31.0,12.0,0.0,0.414,0.655,0.448,0.0,0.231,0.419,91.3
663554,Casey Mize,SD,R,Behind (Pitcher),381,FF,0.31,0.488,46.0,14.0,5.0,0.389,0.917,0.58,0.0,0.217,0.514,91.8
663554,Casey Mize,SD,R,Even,711,SI,0.301,0.415,54.0,15.0,3.0,0.283,0.547,0.368,0.0,0.231,0.385,86.6
663554,Casey Mize,SD,R,Two-Strike,595,FF,0.276,0.538,102.0,14.0,2.0,0.156,0.267,0.236,0.451,0.276,0.457,88.5
689149,Chad Dallas,TOR,L,Behind (Pitcher),31,FC,0.484,0.258,10.0,1.0,1.0,0.167,0.667,0.48,0.0,0.125,0.833,99.1
689149,Chad Dallas,TOR,L,Even,32,FC,0.438,0.375,,,,,,,,,,
689149,Chad Dallas,TOR,L,Two-Strike,29,CU,0.621,0.517,10.0,1.0,0.0,0.143,0.143,0.23,0.4,0.2,0.25,89.3
689149,Chad Dallas,TOR,R,Ahead (Pitcher),15,ST,0.6,0.667,,,,,,,,,,
689149,Chad Dallas,TOR,R,Behind (Pitcher),24,ST,0.375,0.458,,,,,,,,,,
689149,Chad Dallas,TOR,R,Even,47,ST,0.468,0.426,,,,,,,,,,
689149,Chad Dallas,TOR,R,Two-Strike,41,ST,0.488,0.683,22.0,6.0,0.0,0.273,0.318,0.261,0.455,0.321,0.25,84.3
694477,Chad Patrick,MIL,L,Ahead (Pitcher),230,FC,0.339,0.483,21.0,4.0,0.0,0.19,0.238,0.188,0.0,0.212,0.429,93.7
694477,Chad Patrick,MIL,L,Behind (Pitcher),339,FC,0.463,0.537,31.0,5.0,1.0,0.227,0.5,0.448,0.0,0.138,0.435,91.6
694477,Chad Patrick,MIL,L,Even,636,FC,0.403,0.417,51.0,15.0,4.0,0.306,0.571,0.383,0.0,0.26,0.38,86.3
694477,Chad Patrick,MIL,L,Two-Strike,555,FF,0.348,0.568,109.0,22.0,1.0,0.234,0.383,0.325,0.367,0.175,0.455,91.7
694477,Chad Patrick,MIL,R,Ahead (Pitcher),251,FC,0.494,0.462,23.0,6.0,1.0,0.273,0.409,0.305,0.0,0.275,0.174,78.1
694477,Chad Patrick,MIL,R,Behind (Pitcher),410,FC,0.512,0.461,34.0,7.0,2.0,0.333,0.762,0.549,0.0,0.277,0.429,88.2
694477,Chad Patrick,MIL,R,Even,691,FC,0.469,0.385,42.0,8.0,0.0,0.205,0.231,0.223,0.0,0.321,0.25,79.9
694477,Chad Patrick,MIL,R,Two-Strike,600,FC,0.373,0.603,121.0,15.0,1.0,0.136,0.173,0.189,0.43,0.241,0.357,87.6
656212,Charlie Barnes,LAD,L,Behind (Pitcher),27,FF,0.407,0.407,,,,,,,,,,
656212,Charlie Barnes,LAD,L,Even,28,FF,0.464,0.321,,,,,,,,,,
656212,Charlie Barnes,LAD,R,Ahead (Pitcher),19,CH,0.421,0.474,,,,,,,,,,
656212,Charlie Barnes,LAD,R,Behind (Pitcher),28,CH,0.393,0.5,,,,,,,,,,
656212,Charlie Barnes,LAD,R,Even,55,SI,0.309,0.436,14.0,5.0,2.0,0.357,0.929,0.529,0.0,0.0,0.429,92.6
656212,Charlie Barnes,LAD,R,Two-Strike,26,SL,0.385,0.423,13.0,4.0,0.0,0.4,0.5,0.465,0.308,0.273,0.5,98.1
695505,Chase Burns,CIN,L,Ahead (Pitcher),266,FF,0.534,0.496,30.0,11.0,2.0,0.367,0.567,0.433,0.0,0.223,0.161,85.1
695505,Chase Burns,CIN,L,Behind (Pitcher),431,FF,0.682,0.448,63.0,12.0,3.0,0.267,0.533,0.429,0.0,0.29,0.447,89.4
695505,Chase Burns,CIN,L,Even,705,FF,0.596,0.424,61.0,29.0,4.0,0.483,0.917,0.607,0.0,0.318,0.467,91.1
695505,Chase Burns,CIN,L,Two-Strike,664,FF,0.506,0.547,241.0,30.0,5.0,0.142,0.231,0.225,0.481,0.274,0.354,88.9
695505,Chase Burns,CIN,R,Ahead (Pitcher),156,SL,0.519,0.545,18.0,7.0,0.0,0.389,0.444,0.369,0.0,0.381,0.5,91.0
695505,Chase Burns,CIN,R,Behind (Pitcher),273,FF,0.623,0.535,36.0,7.0,2.0,0.226,0.419,0.333,0.0,0.305,0.531,92.5
695505,Chase Burns,CIN,R,Even,449,FF,0.557,0.423,41.0,10.0,0.0,0.244,0.341,0.254,0.0,0.277,0.341,88.2
695505,Chase Burns,CIN,R,Two-Strike,390,SL,0.526,0.623,131.0,18.0,1.0,0.144,0.2,0.189,0.519,0.324,0.321,88.6
801403,Chase Dollander,COL,L,Ahead (Pitcher),149,FF,0.423,0.517,12.0,5.0,1.0,0.5,1.0,0.636,0.0,0.269,0.7,96.7
801403,Chase Dollander,COL,L,Behind (Pitcher),320,FF,0.588,0.425,19.0,4.0,1.0,0.364,0.636,0.542,0.0,0.238,0.636,94.0
801403,Chase Dollander,COL,L,Even,450,FF,0.449,0.356,13.0,3.0,0.0,0.273,0.455,0.358,0.0,0.262,0.417,84.9
801403,Chase Dollander,COL,L,Two-Strike,372,FF,0.53,0.608,45.0,10.0,1.0,0.244,0.341,0.294,0.333,0.133,0.462,92.3
801403,Chase Dollander,COL,R,Ahead (Pitcher),143,CU,0.287,0.51,,,,,,,,,,
801403,Chase Dollander,COL,R,Behind (Pitcher),304,FF,0.579,0.428,26.0,6.0,1.0,0.261,0.435,0.379,0.0,0.189,0.565,91.3
801403,Chase Dollander,COL,R,Even,417,FF,0.295,0.372,12.0,3.0,1.0,0.273,0.545,0.392,0.0,0.269,0.5,86.9
801403,Chase Dollander,COL,R,Two-Strike,366,FF,0.456,0.634,55.0,6.0,1.0,0.118,0.235,0.188,0.582,0.388,0.368,82.6
695445,Chase Lee,TOR,L,Ahead (Pitcher),40,FF,0.325,0.4,,,,,,,,,,
695445,Chase Lee,TOR,L,Behind (Pitcher),89,SI,0.427,0.382,,,,,,,,,,
695445,Chase Lee,TOR,L,Even,117,ST,0.453,0.214,,,,,,,,,,
695445,Chase Lee,TOR,L,Two-Strike,91,FF,0.418,0.604,,,,,,,,,,
695445,Chase Lee,TOR,R,Ahead (Pitcher),65,ST,0.446,0.508,,,,,,,,,,
695445,Chase Lee,TOR,R,Behind (Pitcher),81,SI,0.704,0.444,,,,,,,,,,
695445,Chase Lee,TOR,R,Even,150,SI,0.553,0.333,,,,,,,,,,
695445,Chase Lee,TOR,R,Two-Strike,125,ST,0.48,0.576,10.0,3.0,1.0,0.333,0.667,0.45,0.4,0.333,0.2,85.2
695534,Chase Petty,CIN,L,Ahead (Pitcher),44,CH,0.545,0.477,,,,,,,,,,
695534,Chase Petty,CIN,L,Behind (Pitcher),59,SI,0.492,0.441,16.0,4.0,1.0,0.333,0.583,0.469,0.0,0.13,0.5,92.0
695534,Chase Petty,CIN,L,Even,112,SI,0.321,0.464,20.0,7.0,0.0,0.35,0.4,0.332,0.0,0.227,0.35,89.3
695534,Chase Petty,CIN,L,Two-Strike,88,FF,0.307,0.511,29.0,3.0,2.0,0.111,0.333,0.248,0.241,0.108,0.286,90.7
695534,Chase Petty,CIN,R,Ahead (Pitcher),42,SI,0.357,0.524,,,,,,,,,,
695534,Chase Petty,CIN,R,Behind (Pitcher),80,SI,0.5,0.412,17.0,6.0,2.0,0.462,1.077,0.718,0.0,0.28,0.571,91.4
695534,Chase Petty,CIN,R,Even,122,SI,0.377,0.41,17.0,4.0,0.0,0.267,0.4,0.294,0.0,0.125,0.235,80.3
695534,Chase Petty,CIN,R,Two-Strike,99,ST,0.283,0.535,23.0,4.0,1.0,0.19,0.429,0.296,0.348,0.182,0.538,91.2
663767,Chase Shugart,PHI,L,Ahead (Pitcher),76,FC,0.316,0.421,,,,,,,,,,
663767,Chase Shugart,PHI,L,Behind (Pitcher),178,FC,0.337,0.461,24.0,6.0,1.0,0.3,0.55,0.391,0.0,0.216,0.429,89.4
663767,Chase Shugart,PHI,L,Even,233,FC,0.391,0.245,14.0,3.0,0.0,0.25,0.333,0.268,0.0,0.297,0.308,88.2
663767,Chase Shugart,PHI,L,Two-Strike,176,ST,0.267,0.574,52.0,6.0,4.0,0.13,0.413,0.262,0.519,0.222,0.35,89.5
663767,Chase Shugart,PHI,R,Ahead (Pitcher),110,SI,0.345,0.445,,,,,,,,,,
663767,Chase Shugart,PHI,R,Behind (Pitcher),194,SI,0.371,0.402,21.0,4.0,0.0,0.286,0.429,0.438,0.0,0.206,0.214,88.4
663767,Chase Shugart,PHI,R,Even,315,SI,0.375,0.352,23.0,3.0,1.0,0.136,0.273,0.165,0.0,0.154,0.304,83.9
663767,Chase Shugart,PHI,R,Two-Strike,250,ST,0.408,0.5,62.0,11.0,2.0,0.2,0.345,0.285,0.452,0.236,0.259,85.8
681217,Chase Silseth,TEX,L,Ahead (Pitcher),68,FS,0.456,0.456,12.0,5.0,1.0,0.417,0.917,0.554,0.0,0.269,0.333,82.3
681217,Chase Silseth,TEX,L,Behind (Pitcher),163,FF,0.54,0.399,28.0,5.0,0.0,0.263,0.316,0.425,0.0,0.3,0.421,90.7
681217,Chase Silseth,TEX,L,Even,212,FF,0.481,0.344,16.0,4.0,0.0,0.267,0.4,0.3,0.0,0.328,0.312,84.6
681217,Chase Silseth,TEX,L,Two-Strike,180,FF,0.472,0.561,72.0,9.0,0.0,0.164,0.182,0.263,0.417,0.262,0.222,80.9
681217,Chase Silseth,TEX,R,Ahead (Pitcher),100,ST,0.35,0.46,10.0,1.0,0.0,0.111,0.111,0.16,0.0,0.289,0.333,89.1
681217,Chase Silseth,TEX,R,Behind (Pitcher),118,FF,0.373,0.492,17.0,5.0,1.0,0.385,0.769,0.535,0.0,0.341,0.385,88.6
681217,Chase Silseth,TEX,R,Even,235,ST,0.413,0.417,21.0,10.0,2.0,0.476,0.81,0.55,0.0,0.276,0.429,91.2
681217,Chase Silseth,TEX,R,Two-Strike,223,FF,0.341,0.596,85.0,14.0,1.0,0.179,0.244,0.227,0.482,0.314,0.27,84.6
686678,Chase Solesky,TB,R,Even,18,SI,0.5,0.444,,,,,,,,,,
694646,Chayce Mcdermott,NYM,L,Ahead (Pitcher),24,FF,0.5,0.417,,,,,,,,,,
694646,Chayce Mcdermott,NYM,L,Behind (Pitcher),55,FF,0.509,0.436,,,,,,,,,,
694646,Chayce Mcdermott,NYM,L,Even,67,FF,0.493,0.284,,,,,,,,,,
694646,Chayce Mcdermott,NYM,L,Two-Strike,54,FF,0.481,0.574,12.0,1.0,0.0,0.1,0.1,0.267,0.25,0.136,0.143,89.6
694646,Chayce Mcdermott,NYM,R,Behind (Pitcher),65,FF,0.523,0.323,,,,,,,,,,
694646,Chayce Mcdermott,NYM,R,Even,51,FF,0.451,0.216,,,,,,,,,,
694646,Chayce Mcdermott,NYM,R,Two-Strike,27,FF,0.407,0.593,,,,,,,,,,
605135,Chris Bassitt,BAL,L,Ahead (Pitcher),316,CU,0.259,0.475,32.0,14.0,2.0,0.467,0.767,0.539,0.0,0.187,0.467,89.3
605135,Chris Bassitt,BAL,L,Behind (Pitcher),661,SI,0.481,0.44,63.0,18.0,2.0,0.375,0.625,0.492,0.0,0.203,0.625,93.5
605135,Chris Bassitt,BAL,L,Even,960,SI,0.318,0.37,44.0,12.0,0.0,0.273,0.318,0.282,0.0,0.176,0.318,86.1
605135,Chris Bassitt,BAL,L,Two-Strike,754,FC,0.271,0.59,131.0,30.0,4.0,0.256,0.393,0.312,0.321,0.155,0.273,87.5
605135,Chris Bassitt,BAL,R,Ahead (Pitcher),256,SI,0.484,0.461,25.0,7.0,0.0,0.318,0.409,0.4,0.0,0.225,0.227,82.8
605135,Chris Bassitt,BAL,R,Behind (Pitcher),365,SI,0.699,0.496,41.0,9.0,2.0,0.265,0.441,0.371,0.0,0.208,0.382,91.2
605135,Chris Bassitt,BAL,R,Even,695,SI,0.581,0.363,44.0,18.0,0.0,0.429,0.524,0.436,0.0,0.184,0.372,82.6
605135,Chris Bassitt,BAL,R,Two-Strike,562,SI,0.317,0.58,82.0,12.0,0.0,0.162,0.189,0.222,0.39,0.216,0.366,87.5
606965,Chris Devenski,NYM,L,Ahead (Pitcher),24,CH,0.708,0.625,,,,,,,,,,
606965,Chris Devenski,NYM,L,Behind (Pitcher),46,CH,0.37,0.587,,,,,,,,,,
606965,Chris Devenski,NYM,L,Even,68,CH,0.485,0.279,,,,,,,,,,
606965,Chris Devenski,NYM,L,Two-Strike,63,CH,0.683,0.619,13.0,4.0,1.0,0.333,0.583,0.415,0.231,0.158,0.556,93.2
606965,Chris Devenski,NYM,R,Ahead (Pitcher),25,FF,0.36,0.36,,,,,,,,,,
606965,Chris Devenski,NYM,R,Behind (Pitcher),43,FF,0.372,0.512,,,,,,,,,,
606965,Chris Devenski,NYM,R,Even,78,ST,0.359,0.308,,,,,,,,,,
606965,Chris Devenski,NYM,R,Two-Strike,49,CH,0.51,0.551,,,,,,,,,,
455119,Chris Martin,TEX,L,Ahead (Pitcher),48,FC,0.458,0.479,,,,,,,,,,
455119,Chris Martin,TEX,L,Behind (Pitcher),76,FC,0.553,0.447,,,,,,,,,,
455119,Chris Martin,TEX,L,Even,131,FC,0.366,0.366,,,,,,,,,,
455119,Chris Martin,TEX,L,Two-Strike,102,FC,0.373,0.627,11.0,3.0,0.0,0.3,0.3,0.309,0.364,0.214,0.333,84.9
455119,Chris Martin,TEX,R,Ahead (Pitcher),87,SI,0.345,0.575,,,,,,,,,,
455119,Chris Martin,TEX,R,Behind (Pitcher),58,FC,0.379,0.655,,,,,,,,,,
455119,Chris Martin,TEX,R,Even,189,FC,0.455,0.497,,,,,,,,,,
455119,Chris Martin,TEX,R,Two-Strike,208,FF,0.404,0.639,23.0,9.0,1.0,0.409,0.773,0.476,0.217,0.083,0.389,92.1
669684,Chris Murphy,CWS,L,Ahead (Pitcher),64,FF,0.266,0.484,,,,,,,,,,
669684,Chris Murphy,CWS,L,Behind (Pitcher),120,FF,0.367,0.433,13.0,4.0,0.0,0.4,0.7,0.519,0.0,0.355,0.6,92.3
669684,Chris Murphy,CWS,L,Even,183,SL,0.366,0.399,13.0,6.0,2.0,0.545,1.091,0.638,0.0,0.261,0.667,95.8
669684,Chris Murphy,CWS,L,Two-Strike,172,FF,0.36,0.535,43.0,5.0,1.0,0.143,0.286,0.298,0.349,0.167,0.2,83.3
669684,Chris Murphy,CWS,R,Ahead (Pitcher),86,CU,0.326,0.407,,,,,,,,,,
669684,Chris Murphy,CWS,R,Behind (Pitcher),146,FF,0.349,0.459,10.0,1.0,0.0,0.125,0.25,0.195,0.0,0.29,0.556,92.8
669684,Chris Murphy,CWS,R,Even,243,CU,0.354,0.416,17.0,6.0,1.0,0.353,0.647,0.424,0.0,0.275,0.118,75.6
669684,Chris Murphy,CWS,R,Two-Strike,173,CU,0.399,0.613,38.0,5.0,0.0,0.156,0.188,0.238,0.526,0.241,0.333,83.8
663978,Chris Paddack,TEX,L,Ahead (Pitcher),272,FF,0.412,0.496,16.0,8.0,0.0,0.533,0.533,0.494,0.0,0.256,0.4,92.1
663978,Chris Paddack,TEX,L,Behind (Pitcher),363,FF,0.452,0.548,30.0,5.0,0.0,0.217,0.261,0.35,0.0,0.14,0.24,81.6
663978,Chris Paddack,TEX,L,Even,706,FF,0.395,0.408,29.0,9.0,3.0,0.31,0.655,0.498,0.0,0.256,0.552,89.4
663978,Chris Paddack,TEX,L,Two-Strike,636,FF,0.447,0.601,82.0,25.0,1.0,0.338,0.459,0.38,0.244,0.117,0.327,86.7
663978,Chris Paddack,TEX,R,Ahead (Pitcher),208,FF,0.327,0.572,,,,,,,,,,
663978,Chris Paddack,TEX,R,Behind (Pitcher),320,FF,0.425,0.556,16.0,7.0,1.0,0.538,1.077,0.681,0.0,0.214,0.538,92.8
663978,Chris Paddack,TEX,R,Even,568,FF,0.338,0.41,27.0,7.0,1.0,0.269,0.462,0.3,0.0,0.152,0.321,89.0
663978,Chris Paddack,TEX,R,Two-Strike,508,FF,0.441,0.559,55.0,12.0,3.0,0.24,0.42,0.307,0.364,0.211,0.375,91.0
688297,Chris Roycroft,ATH,L,Ahead (Pitcher),59,FF,0.424,0.475,,,,,,,,,,
688297,Chris Roycroft,ATH,L,Behind (Pitcher),95,FF,0.442,0.474,20.0,3.0,1.0,0.231,0.462,0.479,0.0,0.042,0.417,85.6
688297,Chris Roycroft,ATH,L,Even,169,SI,0.538,0.432,27.0,6.0,0.0,0.231,0.231,0.226,0.0,0.071,0.423,88.1
688297,Chris Roycroft,ATH,L,Two-Strike,149,FF,0.45,0.557,37.0,5.0,2.0,0.147,0.324,0.219,0.351,0.145,0.5,93.6
688297,Chris Roycroft,ATH,R,Ahead (Pitcher),74,SI,0.514,0.419,,,,,,,,,,
688297,Chris Roycroft,ATH,R,Behind (Pitcher),126,SI,0.762,0.437,19.0,7.0,0.0,0.467,0.467,0.526,0.0,0.094,0.375,87.7
688297,Chris Roycroft,ATH,R,Even,216,SI,0.653,0.352,24.0,12.0,2.0,0.545,0.909,0.665,0.0,0.182,0.375,84.7
688297,Chris Roycroft,ATH,R,Two-Strike,142,SI,0.479,0.683,33.0,10.0,2.0,0.345,0.621,0.445,0.364,0.196,0.588,91.0
519242,Chris Sale,ATL,L,Ahead (Pitcher),158,SL,0.405,0.481,20.0,4.0,1.0,0.222,0.444,0.313,0.0,0.302,0.211,76.1
519242,Chris Sale,ATL,L,Behind (Pitcher),158,SI,0.411,0.367,16.0,5.0,0.0,0.357,0.357,0.369,0.0,0.135,0.214,85.8
519242,Chris Sale,ATL,L,Even,367,SL,0.371,0.409,30.0,14.0,0.0,0.483,0.655,0.502,0.0,0.277,0.483,91.5
519242,Chris Sale,ATL,L,Two-Strike,321,SL,0.592,0.632,96.0,12.0,0.0,0.132,0.187,0.186,0.552,0.288,0.158,77.5
519242,Chris Sale,ATL,R,Ahead (Pitcher),496,FF,0.46,0.51,37.0,9.0,0.0,0.25,0.278,0.272,0.0,0.312,0.278,86.4
519242,Chris Sale,ATL,R,Behind (Pitcher),629,FF,0.514,0.49,68.0,19.0,4.0,0.322,0.576,0.438,0.0,0.269,0.458,90.5
519242,Chris Sale,ATL,R,Even,1277,FF,0.471,0.37,84.0,24.0,3.0,0.308,0.487,0.363,0.0,0.283,0.359,90.3
519242,Chris Sale,ATL,R,Two-Strike,1200,SL,0.535,0.637,299.0,42.0,2.0,0.152,0.188,0.191,0.492,0.271,0.38,88.8
683766,Christian Koss,SF,R,Even,19,EP,1.0,0.316,,,,,,,,,,
685005,Christian Roa,HOU,L,Behind (Pitcher),34,FF,0.412,0.412,11.0,1.0,0.0,0.2,0.6,0.464,0.0,0.091,0.667,89.4
685005,Christian Roa,HOU,L,Even,40,SL,0.4,0.3,,,,,,,,,,
685005,Christian Roa,HOU,L,Two-Strike,31,SL,0.516,0.484,11.0,3.0,1.0,0.333,0.667,0.473,0.273,0.2,0.667,91.1
685005,Christian Roa,HOU,R,Behind (Pitcher),20,SI,0.9,0.3,,,,,,,,,,
685005,Christian Roa,HOU,R,Even,38,SI,0.658,0.421,,,,,,,,,,
685005,Christian Roa,HOU,R,Two-Strike,32,SL,0.469,0.625,10.0,2.0,0.0,0.2,0.2,0.18,0.3,0.118,0.714,90.6
681035,Christian Scott,NYM,L,Ahead (Pitcher),158,FF,0.43,0.544,25.0,7.0,0.0,0.292,0.333,0.294,0.0,0.314,0.208,79.9
681035,Christian Scott,NYM,L,Behind (Pitcher),247,FF,0.502,0.49,37.0,7.0,1.0,0.292,0.5,0.465,0.0,0.223,0.25,83.9
681035,Christian Scott,NYM,L,Even,419,FF,0.468,0.379,50.0,23.0,6.0,0.479,0.917,0.581,0.0,0.245,0.429,86.2
681035,Christian Scott,NYM,L,Two-Strike,420,FF,0.452,0.652,184.0,24.0,4.0,0.141,0.247,0.202,0.451,0.223,0.318,86.9
681035,Christian Scott,NYM,R,Ahead (Pitcher),88,ST,0.455,0.477,16.0,1.0,0.0,0.062,0.062,0.112,0.0,0.214,0.438,84.3
681035,Christian Scott,NYM,R,Behind (Pitcher),162,FF,0.556,0.469,27.0,7.0,0.0,0.368,0.474,0.5,0.0,0.237,0.368,89.6
681035,Christian Scott,NYM,R,Even,254,FF,0.5,0.343,29.0,11.0,1.0,0.393,0.571,0.428,0.0,0.23,0.393,85.9
681035,Christian Scott,NYM,R,Two-Strike,217,FF,0.465,0.576,106.0,13.0,0.0,0.149,0.184,0.246,0.481,0.296,0.361,88.2
672335,Cionel Pérez,NYM,L,Ahead (Pitcher),68,SV,0.412,0.426,,,,,,,,,,
672335,Cionel Pérez,NYM,L,Behind (Pitcher),93,SI,0.677,0.419,12.0,4.0,2.0,0.5,1.25,0.717,0.0,0.267,0.75,97.9
672335,Cionel Pérez,NYM,L,Even,192,SI,0.568,0.443,20.0,5.0,1.0,0.25,0.4,0.325,0.0,0.228,0.286,86.6
672335,Cionel Pérez,NYM,L,Two-Strike,185,SV,0.449,0.632,50.0,10.0,1.0,0.208,0.271,0.23,0.42,0.212,0.444,91.3
672335,Cionel Pérez,NYM,R,Ahead (Pitcher),72,SV,0.264,0.514,11.0,5.0,1.0,0.455,0.818,0.541,0.0,0.136,0.636,90.8
672335,Cionel Pérez,NYM,R,Behind (Pitcher),168,SI,0.298,0.351,21.0,3.0,1.0,0.214,0.429,0.414,0.0,0.219,0.643,94.3
672335,Cionel Pérez,NYM,R,Even,233,SI,0.296,0.339,22.0,10.0,1.0,0.455,0.727,0.507,0.0,0.188,0.591,91.7
672335,Cionel Pérez,NYM,R,Two-Strike,177,SV,0.316,0.571,46.0,8.0,0.0,0.19,0.19,0.257,0.457,0.217,0.429,91.8
669310,Cj Van Eyk,TOR,L,Behind (Pitcher),24,CU,0.292,0.542,,,,,,,,,,
669310,Cj Van Eyk,TOR,L,Even,47,CU,0.277,0.468,10.0,3.0,0.0,0.3,0.5,0.34,0.0,0.182,0.4,88.2
669310,Cj Van Eyk,TOR,L,Two-Strike,31,CU,0.355,0.645,13.0,4.0,0.0,0.308,0.308,0.277,0.231,0.15,0.7,91.2
669310,Cj Van Eyk,TOR,R,Ahead (Pitcher),15,ST,0.333,0.333,,,,,,,,,,
669310,Cj Van Eyk,TOR,R,Even,37,SI,0.324,0.405,,,,,,,,,,
669310,Cj Van Eyk,TOR,R,Two-Strike,43,FC,0.372,0.605,12.0,2.0,0.0,0.2,0.2,0.267,0.0,0.0,0.4,86.0
657376,Clarke Schmidt,NYY,L,Ahead (Pitcher),91,FC,0.495,0.462,,,,,,,,,,
657376,Clarke Schmidt,NYY,L,Behind (Pitcher),122,FC,0.525,0.475,,,,,,,,,,
657376,Clarke Schmidt,NYY,L,Even,229,FC,0.445,0.367,,,,,,,,,,
657376,Clarke Schmidt,NYY,L,Two-Strike,208,KC,0.452,0.562,,,,,,,,,,
657376,Clarke Schmidt,NYY,R,Ahead (Pitcher),84,FC,0.321,0.548,,,,,,,,,,
657376,Clarke Schmidt,NYY,R,Behind (Pitcher),123,FC,0.472,0.398,,,,,,,,,,
657376,Clarke Schmidt,NYY,R,Even,213,FC,0.423,0.408,,,,,,,,,,
657376,Clarke Schmidt,NYY,R,Two-Strike,181,ST,0.348,0.597,,,,,,,,,,
605280,Clay Holmes,CHC,L,Ahead (Pitcher),312,CH,0.397,0.439,17.0,1.0,0.0,0.059,0.059,0.053,0.0,0.314,0.294,89.5
605280,Clay Holmes,CHC,L,Behind (Pitcher),590,SI,0.663,0.442,61.0,12.0,2.0,0.231,0.385,0.343,0.0,0.123,0.404,90.3
605280,Clay Holmes,CHC,L,Even,909,SI,0.439,0.315,42.0,14.0,2.0,0.341,0.561,0.394,0.0,0.19,0.512,90.3
605280,Clay Holmes,CHC,L,Two-Strike,661,CH,0.393,0.587,125.0,21.0,0.0,0.191,0.245,0.246,0.344,0.222,0.455,92.2
605280,Clay Holmes,CHC,R,Ahead (Pitcher),255,SI,0.353,0.51,21.0,4.0,0.0,0.2,0.2,0.205,0.0,0.188,0.4,86.5
605280,Clay Holmes,CHC,R,Behind (Pitcher),402,SI,0.672,0.438,27.0,8.0,0.0,0.4,0.5,0.474,0.0,0.16,0.45,92.1
605280,Clay Holmes,CHC,R,Even,671,SI,0.545,0.349,29.0,7.0,1.0,0.259,0.37,0.296,0.0,0.247,0.414,85.7
605280,Clay Holmes,CHC,R,Two-Strike,502,ST,0.38,0.633,76.0,7.0,1.0,0.104,0.149,0.192,0.395,0.19,0.27,84.1
690925,Clayton Beeter,WSH,L,Ahead (Pitcher),71,SL,0.563,0.507,,,,,,,,,,
690925,Clayton Beeter,WSH,L,Behind (Pitcher),194,FF,0.655,0.284,31.0,5.0,2.0,0.294,0.706,0.605,0.0,0.129,0.667,95.2
690925,Clayton Beeter,WSH,L,Even,216,FF,0.579,0.315,16.0,5.0,2.0,0.333,0.733,0.419,0.0,0.283,0.438,89.7
690925,Clayton Beeter,WSH,L,Two-Strike,175,SL,0.674,0.6,50.0,3.0,0.0,0.07,0.093,0.173,0.56,0.367,0.267,83.4
690925,Clayton Beeter,WSH,R,Ahead (Pitcher),76,SL,0.5,0.487,11.0,2.0,0.0,0.2,0.2,0.2,0.0,0.217,0.455,85.6
690925,Clayton Beeter,WSH,R,Behind (Pitcher),151,FF,0.715,0.43,24.0,5.0,1.0,0.312,0.5,0.474,0.0,0.217,0.5,89.9
690925,Clayton Beeter,WSH,R,Even,213,FF,0.512,0.404,15.0,3.0,0.0,0.214,0.214,0.223,0.0,0.352,0.571,89.2
690925,Clayton Beeter,WSH,R,Two-Strike,177,SL,0.718,0.627,53.0,9.0,3.0,0.18,0.38,0.261,0.34,0.209,0.387,89.4
676051,Codi Heuer,CLE,L,Ahead (Pitcher),17,FF,0.412,0.647,,,,,,,,,,
676051,Codi Heuer,CLE,L,Behind (Pitcher),32,FF,0.5,0.562,,,,,,,,,,
676051,Codi Heuer,CLE,L,Even,55,FF,0.418,0.4,,,,,,,,,,
676051,Codi Heuer,CLE,L,Two-Strike,48,SL,0.354,0.521,14.0,3.0,0.0,0.25,0.333,0.318,0.357,0.235,0.571,91.3
676051,Codi Heuer,CLE,R,Behind (Pitcher),33,FF,0.545,0.455,,,,,,,,,,
676051,Codi Heuer,CLE,R,Even,45,FF,0.467,0.222,,,,,,,,,,
676051,Codi Heuer,CLE,R,Two-Strike,32,FF,0.469,0.594,11.0,5.0,0.0,0.5,0.8,0.65,0.091,0.083,0.444,91.0
675989,Cody Bolton,HOU,L,Ahead (Pitcher),20,CH,0.35,0.5,,,,,,,,,,
675989,Cody Bolton,HOU,L,Behind (Pitcher),67,FC,0.403,0.373,17.0,5.0,0.0,0.417,0.5,0.491,0.0,0.16,0.667,94.3
675989,Cody Bolton,HOU,L,Even,77,FF,0.273,0.286,,,,,,,,,,
675989,Cody Bolton,HOU,L,Two-Strike,61,FF,0.295,0.525,24.0,3.0,0.0,0.158,0.263,0.288,0.292,0.103,0.667,94.3
675989,Cody Bolton,HOU,R,Ahead (Pitcher),26,SI,0.269,0.423,,,,,,,,,,
675989,Cody Bolton,HOU,R,Behind (Pitcher),40,SI,0.475,0.4,,,,,,,,,,
675989,Cody Bolton,HOU,R,Even,72,SI,0.389,0.389,,,,,,,,,,
675989,Cody Bolton,HOU,R,Two-Strike,68,FF,0.412,0.574,28.0,3.0,0.0,0.115,0.192,0.171,0.536,0.219,0.273,84.2
674003,Cody Bradford,TEX,L,Ahead (Pitcher),38,FF,0.342,0.395,,,,,,,,,,
674003,Cody Bradford,TEX,L,Behind (Pitcher),46,FF,0.696,0.326,13.0,1.0,0.0,0.125,0.125,0.285,0.0,0.067,0.222,84.4
674003,Cody Bradford,TEX,L,Even,95,FF,0.526,0.358,23.0,12.0,1.0,0.522,0.783,0.563,0.0,0.088,0.522,84.7
674003,Cody Bradford,TEX,L,Two-Strike,58,FF,0.552,0.655,24.0,7.0,0.0,0.304,0.348,0.306,0.167,0.053,0.368,87.6
674003,Cody Bradford,TEX,R,Ahead (Pitcher),64,FF,0.594,0.562,13.0,2.0,0.0,0.154,0.308,0.192,0.0,0.25,0.231,84.3
674003,Cody Bradford,TEX,R,Behind (Pitcher),84,FF,0.5,0.417,10.0,4.0,1.0,0.4,0.8,0.505,0.0,0.2,0.2,84.5
674003,Cody Bradford,TEX,R,Even,159,FF,0.465,0.465,23.0,5.0,1.0,0.227,0.455,0.295,0.0,0.324,0.458,88.4
674003,Cody Bradford,TEX,R,Two-Strike,152,FF,0.513,0.658,72.0,18.0,1.0,0.273,0.364,0.326,0.236,0.07,0.347,89.6
689520,Cody Laweryson,MIN,L,Ahead (Pitcher),27,FF,0.704,0.519,,,,,,,,,,
689520,Cody Laweryson,MIN,L,Behind (Pitcher),42,FF,0.738,0.5,,,,,,,,,,
689520,Cody Laweryson,MIN,L,Even,72,FF,0.653,0.361,,,,,,,,,,
689520,Cody Laweryson,MIN,L,Two-Strike,69,FF,0.623,0.609,22.0,3.0,1.0,0.176,0.353,0.373,0.364,0.111,0.444,93.8
689520,Cody Laweryson,MIN,R,Ahead (Pitcher),33,FF,0.727,0.455,,,,,,,,,,
689520,Cody Laweryson,MIN,R,Behind (Pitcher),30,FF,0.733,0.433,,,,,,,,,,
689520,Cody Laweryson,MIN,R,Even,70,FF,0.7,0.4,,,,,,,,,,
689520,Cody Laweryson,MIN,R,Two-Strike,46,FF,0.565,0.543,23.0,5.0,0.0,0.25,0.3,0.35,0.435,0.238,0.5,93.7
669371,Cole Henry,WSH,L,Ahead (Pitcher),53,FF,0.453,0.509,,,,,,,,,,
669371,Cole Henry,WSH,L,Behind (Pitcher),134,FF,0.694,0.418,,,,,,,,,,
669371,Cole Henry,WSH,L,Even,181,FF,0.564,0.387,,,,,,,,,,
669371,Cole Henry,WSH,L,Two-Strike,146,FF,0.616,0.541,18.0,4.0,1.0,0.286,0.571,0.436,0.333,0.19,0.875,99.0
669371,Cole Henry,WSH,R,Ahead (Pitcher),78,ST,0.5,0.5,,,,,,,,,,
669371,Cole Henry,WSH,R,Behind (Pitcher),171,FF,0.556,0.404,,,,,,,,,,
669371,Cole Henry,WSH,R,Even,253,ST,0.462,0.34,,,,,,,,,,
669371,Cole Henry,WSH,R,Two-Strike,235,FF,0.46,0.498,23.0,5.0,1.0,0.278,0.444,0.396,0.391,0.2,0.222,81.1
608344,Cole Irvin,LAD,R,Even,29,FC,0.345,0.586,,,,,,,,,,
608344,Cole Irvin,LAD,R,Two-Strike,23,FF,0.261,0.652,,,,,,,,,,
666142,Cole Ragans,KC,L,Ahead (Pitcher),55,FF,0.436,0.564,,,,,,,,,,
666142,Cole Ragans,KC,L,Behind (Pitcher),119,FF,0.58,0.37,12.0,3.0,1.0,0.375,1.0,0.664,0.0,0.333,0.429,87.0
666142,Cole Ragans,KC,L,Even,163,FF,0.706,0.344,,,,,,,,,,
666142,Cole Ragans,KC,L,Two-Strike,146,FF,0.466,0.541,29.0,4.0,1.0,0.174,0.304,0.307,0.414,0.207,0.364,92.6
666142,Cole Ragans,KC,R,Ahead (Pitcher),143,FF,0.392,0.49,,,,,,,,,,
666142,Cole Ragans,KC,R,Behind (Pitcher),253,FF,0.494,0.462,20.0,4.0,1.0,0.308,0.615,0.542,0.0,0.297,0.615,95.2
666142,Cole Ragans,KC,R,Even,412,FF,0.519,0.383,12.0,5.0,4.0,0.417,1.417,0.742,0.0,0.35,0.5,89.7
666142,Cole Ragans,KC,R,Two-Strike,427,FF,0.518,0.623,61.0,5.0,0.0,0.091,0.109,0.148,0.541,0.271,0.136,82.9
663485,Cole Sands,MIN,L,Ahead (Pitcher),80,FS,0.325,0.512,,,,,,,,,,
663485,Cole Sands,MIN,L,Behind (Pitcher),156,FF,0.462,0.487,,,,,,,,,,
663485,Cole Sands,MIN,L,Even,240,FC,0.288,0.354,,,,,,,,,,
663485,Cole Sands,MIN,L,Two-Strike,206,FS,0.374,0.612,14.0,1.0,0.0,0.083,0.167,0.189,0.286,0.158,0.5,92.3
663485,Cole Sands,MIN,R,Ahead (Pitcher),94,FC,0.266,0.553,,,,,,,,,,
663485,Cole Sands,MIN,R,Behind (Pitcher),130,FC,0.292,0.515,,,,,,,,,,
663485,Cole Sands,MIN,R,Even,253,SI,0.237,0.332,,,,,,,,,,
663485,Cole Sands,MIN,R,Two-Strike,202,FF,0.322,0.594,15.0,5.0,0.0,0.357,0.357,0.347,0.467,0.167,0.571,95.5
642121,Cole Sulser,TB,L,Ahead (Pitcher),79,CH,0.595,0.392,,,,,,,,,,
642121,Cole Sulser,TB,L,Behind (Pitcher),172,FF,0.523,0.488,26.0,5.0,0.0,0.208,0.333,0.324,0.0,0.21,0.591,91.1
642121,Cole Sulser,TB,L,Even,266,FF,0.466,0.414,37.0,9.0,0.0,0.25,0.333,0.285,0.0,0.259,0.395,83.6
642121,Cole Sulser,TB,L,Two-Strike,186,CH,0.5,0.672,63.0,7.0,1.0,0.121,0.19,0.179,0.476,0.294,0.276,85.9
642121,Cole Sulser,TB,R,Ahead (Pitcher),80,CH,0.388,0.425,,,,,,,,,,
642121,Cole Sulser,TB,R,Behind (Pitcher),101,FF,0.525,0.634,20.0,8.0,2.0,0.421,0.842,0.54,0.0,0.25,0.474,91.5
642121,Cole Sulser,TB,R,Even,207,FF,0.396,0.411,15.0,7.0,0.0,0.5,0.571,0.443,0.0,0.274,0.333,84.5
642121,Cole Sulser,TB,R,Two-Strike,211,CH,0.474,0.602,54.0,14.0,4.0,0.286,0.633,0.412,0.426,0.244,0.423,90.8
677961,Cole Wilcox,SEA,L,Ahead (Pitcher),44,FF,0.409,0.568,,,,,,,,,,
677961,Cole Wilcox,SEA,L,Behind (Pitcher),55,FF,0.364,0.4,,,,,,,,,,
677961,Cole Wilcox,SEA,L,Even,102,ST,0.294,0.392,12.0,3.0,2.0,0.25,0.833,0.438,0.0,0.308,0.583,94.8
677961,Cole Wilcox,SEA,L,Two-Strike,66,ST,0.439,0.621,38.0,5.0,0.0,0.152,0.152,0.192,0.447,0.341,0.188,87.5
677961,Cole Wilcox,SEA,R,Ahead (Pitcher),32,SI,0.25,0.562,,,,,,,,,,
677961,Cole Wilcox,SEA,R,Behind (Pitcher),59,SI,0.407,0.39,10.0,0.0,0.0,0.0,0.0,0.42,0.0,0.222,0.5,91.9
677961,Cole Wilcox,SEA,R,Even,85,SI,0.259,0.318,,,,,,,,,,
677961,Cole Wilcox,SEA,R,Two-Strike,88,FF,0.295,0.523,33.0,6.0,0.0,0.214,0.25,0.308,0.303,0.143,0.389,91.0
668390,Cole Winn,TEX,L,Ahead (Pitcher),76,FS,0.368,0.408,,,,,,,,,,
668390,Cole Winn,TEX,L,Behind (Pitcher),154,FF,0.383,0.422,22.0,7.0,1.0,0.412,0.647,0.555,0.0,0.2,0.5,90.5
668390,Cole Winn,TEX,L,Even,229,FC,0.271,0.367,19.0,7.0,0.0,0.368,0.579,0.453,0.0,0.226,0.421,87.0
668390,Cole Winn,TEX,L,Two-Strike,168,FF,0.44,0.554,45.0,7.0,0.0,0.179,0.282,0.284,0.4,0.206,0.318,89.2
668390,Cole Winn,TEX,R,Ahead (Pitcher),111,SL,0.333,0.568,10.0,4.0,1.0,0.444,0.778,0.544,0.0,0.286,0.6,84.6
668390,Cole Winn,TEX,R,Behind (Pitcher),143,FC,0.455,0.552,18.0,3.0,1.0,0.214,0.429,0.4,0.0,0.159,0.333,79.9
668390,Cole Winn,TEX,R,Even,293,FC,0.328,0.464,31.0,11.0,2.0,0.355,0.613,0.413,0.0,0.385,0.452,87.8
668390,Cole Winn,TEX,R,Two-Strike,241,SL,0.353,0.631,62.0,12.0,1.0,0.203,0.271,0.22,0.5,0.286,0.448,88.0
689441,Coleman Crow,MIL,L,Ahead (Pitcher),23,FC,0.435,0.565,,,,,,,,,,
689441,Coleman Crow,MIL,L,Behind (Pitcher),30,FC,0.367,0.333,,,,,,,,,,
689441,Coleman Crow,MIL,L,Even,59,FC,0.424,0.356,,,,,,,,,,
689441,Coleman Crow,MIL,L,Two-Strike,47,CU,0.468,0.638,20.0,3.0,0.0,0.176,0.176,0.285,0.2,0.1,0.231,87.7
689441,Coleman Crow,MIL,R,Ahead (Pitcher),20,SI,0.45,0.55,,,,,,,,,,
689441,Coleman Crow,MIL,R,Behind (Pitcher),22,SI,0.5,0.545,,,,,,,,,,
689441,Coleman Crow,MIL,R,Even,55,FC,0.527,0.436,11.0,2.0,1.0,0.182,0.545,0.295,0.0,0.333,0.182,87.4
689441,Coleman Crow,MIL,R,Two-Strike,43,ST,0.302,0.674,20.0,5.0,0.0,0.263,0.474,0.385,0.3,0.138,0.357,85.7
670059,Colin Holderman,CLE,L,Ahead (Pitcher),67,SI,0.299,0.448,,,,,,,,,,
670059,Colin Holderman,CLE,L,Behind (Pitcher),149,SI,0.611,0.463,25.0,6.0,0.0,0.273,0.318,0.35,0.0,0.264,0.478,87.1
670059,Colin Holderman,CLE,L,Even,220,SI,0.477,0.364,22.0,5.0,0.0,0.238,0.238,0.236,0.0,0.259,0.571,94.7
670059,Colin Holderman,CLE,L,Two-Strike,217,ST,0.29,0.535,61.0,4.0,1.0,0.085,0.17,0.258,0.377,0.269,0.435,83.9
670059,Colin Holderman,CLE,R,Ahead (Pitcher),96,ST,0.448,0.5,,,,,,,,,,
670059,Colin Holderman,CLE,R,Behind (Pitcher),138,SI,0.688,0.384,21.0,3.0,0.0,0.2,0.2,0.34,0.0,0.176,0.5,87.1
670059,Colin Holderman,CLE,R,Even,252,SI,0.567,0.353,21.0,6.0,0.0,0.316,0.526,0.385,0.0,0.25,0.45,88.8
670059,Colin Holderman,CLE,R,Two-Strike,221,ST,0.502,0.557,57.0,8.0,0.0,0.157,0.176,0.206,0.456,0.3,0.32,82.9
607067,Colin Rea,CHC,L,Ahead (Pitcher),370,FF,0.405,0.424,25.0,9.0,0.0,0.375,0.417,0.338,0.0,0.263,0.48,91.6
607067,Colin Rea,CHC,L,Behind (Pitcher),546,FF,0.524,0.43,58.0,15.0,2.0,0.341,0.523,0.467,0.0,0.132,0.467,88.0
607067,Colin Rea,CHC,L,Even,980,FF,0.499,0.37,92.0,36.0,3.0,0.404,0.629,0.472,0.0,0.148,0.433,90.7
607067,Colin Rea,CHC,L,Two-Strike,776,FF,0.403,0.573,169.0,25.0,2.0,0.169,0.223,0.233,0.367,0.2,0.379,90.2
607067,Colin Rea,CHC,R,Ahead (Pitcher),287,FF,0.293,0.474,17.0,6.0,0.0,0.4,0.533,0.441,0.0,0.208,0.467,90.3
607067,Colin Rea,CHC,R,Behind (Pitcher),367,FF,0.422,0.504,42.0,12.0,8.0,0.316,0.974,0.542,0.0,0.207,0.368,89.2
607067,Colin Rea,CHC,R,Even,770,FF,0.373,0.419,57.0,14.0,3.0,0.25,0.446,0.3,0.0,0.151,0.474,89.6
607067,Colin Rea,CHC,R,Two-Strike,646,FF,0.339,0.596,121.0,18.0,3.0,0.167,0.278,0.245,0.314,0.166,0.371,86.0
676467,Colton Gordon,MIL,L,Ahead (Pitcher),59,ST,0.559,0.424,,,,,,,,,,
676467,Colton Gordon,MIL,L,Behind (Pitcher),93,SI,0.484,0.43,11.0,1.0,0.0,0.1,0.1,0.145,0.0,0.235,0.3,85.4
676467,Colton Gordon,MIL,L,Even,158,ST,0.43,0.329,,,,,,,,,,
676467,Colton Gordon,MIL,L,Two-Strike,127,ST,0.512,0.591,16.0,7.0,2.0,0.467,0.867,0.531,0.25,0.038,0.417,84.3
676467,Colton Gordon,MIL,R,Ahead (Pitcher),162,FF,0.475,0.519,,,,,,,,,,
676467,Colton Gordon,MIL,R,Behind (Pitcher),260,FF,0.477,0.481,,,,,,,,,,
676467,Colton Gordon,MIL,R,Even,454,FF,0.445,0.432,,,,,,,,,,
676467,Colton Gordon,MIL,R,Two-Strike,423,FF,0.426,0.631,16.0,5.0,1.0,0.357,0.643,0.459,0.5,0.25,0.167,87.4
813349,Connelly Early,BOS,L,Ahead (Pitcher),70,ST,0.343,0.471,,,,,,,,,,
813349,Connelly Early,BOS,L,Behind (Pitcher),93,SI,0.473,0.516,11.0,0.0,0.0,0.0,0.0,0.064,0.0,0.179,0.4,86.5
813349,Connelly Early,BOS,L,Even,184,SI,0.424,0.386,24.0,7.0,2.0,0.292,0.583,0.369,0.0,0.169,0.542,88.4
813349,Connelly Early,BOS,L,Two-Strike,143,ST,0.406,0.608,62.0,8.0,1.0,0.148,0.222,0.23,0.468,0.284,0.259,85.2
813349,Connelly Early,BOS,R,Ahead (Pitcher),169,CH,0.385,0.497,28.0,8.0,0.0,0.308,0.346,0.295,0.0,0.181,0.481,91.1
813349,Connelly Early,BOS,R,Behind (Pitcher),306,FF,0.359,0.444,56.0,11.0,3.0,0.256,0.488,0.419,0.0,0.121,0.432,91.9
813349,Connelly Early,BOS,R,Even,473,FF,0.37,0.37,47.0,20.0,4.0,0.435,0.783,0.54,0.0,0.297,0.522,92.5
813349,Connelly Early,BOS,R,Two-Strike,414,FF,0.36,0.589,152.0,23.0,4.0,0.176,0.298,0.271,0.421,0.234,0.343,88.5
641401,Connor Brogdon,CLE,L,Ahead (Pitcher),57,CH,0.596,0.404,,,,,,,,,,
641401,Connor Brogdon,CLE,L,Behind (Pitcher),157,FF,0.452,0.484,,,,,,,,,,
641401,Connor Brogdon,CLE,L,Even,192,CH,0.474,0.328,,,,,,,,,,
641401,Connor Brogdon,CLE,L,Two-Strike,169,CH,0.491,0.68,18.0,3.0,1.0,0.176,0.353,0.25,0.389,0.167,0.5,86.7
641401,Connor Brogdon,CLE,R,Ahead (Pitcher),64,FF,0.375,0.469,,,,,,,,,,
641401,Connor Brogdon,CLE,R,Behind (Pitcher),125,FF,0.456,0.48,,,,,,,,,,
641401,Connor Brogdon,CLE,R,Even,196,FF,0.388,0.372,,,,,,,,,,
641401,Connor Brogdon,CLE,R,Two-Strike,175,FF,0.526,0.6,19.0,3.0,1.0,0.167,0.333,0.284,0.421,0.333,0.5,95.2
683175,Connor Phillips,CIN,L,Ahead (Pitcher),64,FF,0.734,0.406,,,,,,,,,,
683175,Connor Phillips,CIN,L,Behind (Pitcher),125,FF,0.632,0.352,12.0,5.0,0.0,0.833,1.333,0.812,0.0,0.25,0.5,93.3
683175,Connor Phillips,CIN,L,Even,159,FF,0.623,0.34,10.0,4.0,0.0,0.444,0.556,0.465,0.0,0.158,0.333,92.7
683175,Connor Phillips,CIN,L,Two-Strike,155,FF,0.477,0.477,47.0,1.0,1.0,0.029,0.118,0.24,0.319,0.173,0.35,86.7
683175,Connor Phillips,CIN,R,Ahead (Pitcher),48,ST,0.729,0.646,,,,,,,,,,
683175,Connor Phillips,CIN,R,Behind (Pitcher),106,FF,0.594,0.321,15.0,3.0,1.0,0.375,0.875,0.603,0.0,0.2,0.5,87.6
683175,Connor Phillips,CIN,R,Even,155,ST,0.671,0.348,,,,,,,,,,
683175,Connor Phillips,CIN,R,Two-Strike,112,ST,0.688,0.509,28.0,2.0,0.0,0.087,0.13,0.202,0.464,0.36,0.4,90.7
687570,Connor Prielipp,MIN,L,Ahead (Pitcher),89,SL,0.371,0.461,11.0,7.0,0.0,0.636,0.727,0.605,0.0,0.293,0.182,84.5
687570,Connor Prielipp,MIN,L,Behind (Pitcher),106,SL,0.396,0.377,19.0,6.0,0.0,0.462,0.538,0.45,0.0,0.2,0.267,82.4
687570,Connor Prielipp,MIN,L,Even,208,SL,0.428,0.413,30.0,9.0,3.0,0.31,0.655,0.415,0.0,0.244,0.345,84.7
687570,Connor Prielipp,MIN,L,Two-Strike,205,SL,0.415,0.537,92.0,15.0,1.0,0.19,0.278,0.273,0.359,0.2,0.435,90.2
687570,Connor Prielipp,MIN,R,Ahead (Pitcher),183,FF,0.273,0.47,25.0,10.0,2.0,0.435,0.826,0.611,0.0,0.233,0.417,87.9
687570,Connor Prielipp,MIN,R,Behind (Pitcher),301,SL,0.336,0.458,73.0,16.0,2.0,0.286,0.411,0.413,0.0,0.174,0.483,91.0
687570,Connor Prielipp,MIN,R,Even,521,FF,0.286,0.399,89.0,22.0,3.0,0.259,0.459,0.31,0.0,0.178,0.477,89.7
687570,Connor Prielipp,MIN,R,Two-Strike,456,CU,0.327,0.592,196.0,33.0,3.0,0.184,0.268,0.248,0.485,0.233,0.357,89.4
657756,Connor Seabold,KC,L,Ahead (Pitcher),48,CH,0.521,0.562,,,,,,,,,,
657756,Connor Seabold,KC,L,Behind (Pitcher),92,FF,0.641,0.424,11.0,4.0,0.0,0.4,0.5,0.423,0.0,0.143,0.6,95.2
657756,Connor Seabold,KC,L,Even,120,FF,0.483,0.367,,,,,,,,,,
657756,Connor Seabold,KC,L,Two-Strike,119,FF,0.563,0.605,35.0,7.0,0.0,0.25,0.357,0.31,0.229,0.055,0.217,86.7
657756,Connor Seabold,KC,R,Ahead (Pitcher),32,FF,0.406,0.688,,,,,,,,,,
657756,Connor Seabold,KC,R,Behind (Pitcher),63,FF,0.619,0.365,,,,,,,,,,
657756,Connor Seabold,KC,R,Even,96,FF,0.51,0.375,12.0,3.0,1.0,0.273,0.545,0.375,0.0,0.214,0.091,81.2
657756,Connor Seabold,KC,R,Two-Strike,91,FF,0.495,0.637,30.0,6.0,0.0,0.2,0.233,0.192,0.4,0.167,0.444,87.0
671162,Connor Thomas,KC,L,Ahead (Pitcher),29,ST,0.483,0.586,,,,,,,,,,
671162,Connor Thomas,KC,L,Behind (Pitcher),40,SI,0.6,0.5,,,,,,,,,,
671162,Connor Thomas,KC,L,Even,72,SI,0.5,0.319,10.0,4.0,0.0,0.4,0.4,0.36,0.0,0.111,0.2,78.5
671162,Connor Thomas,KC,L,Two-Strike,55,SI,0.309,0.509,18.0,4.0,0.0,0.267,0.333,0.336,0.333,0.15,0.556,87.5
671162,Connor Thomas,KC,R,Ahead (Pitcher),43,CH,0.465,0.465,,,,,,,,,,
671162,Connor Thomas,KC,R,Behind (Pitcher),65,FC,0.323,0.415,11.0,4.0,2.0,0.667,2.0,0.782,0.0,0.125,0.5,96.5
671162,Connor Thomas,KC,R,Even,111,CH,0.288,0.423,17.0,7.0,1.0,0.412,0.588,0.488,0.0,0.308,0.353,88.6
671162,Connor Thomas,KC,R,Two-Strike,90,FF,0.333,0.511,29.0,2.0,0.0,0.08,0.08,0.159,0.379,0.211,0.286,88.4
681867,Cooper Criswell,SEA,L,Ahead (Pitcher),57,CH,0.439,0.544,10.0,2.0,1.0,0.222,0.556,0.29,0.0,0.043,0.3,81.9
681867,Cooper Criswell,SEA,L,Behind (Pitcher),83,CH,0.325,0.41,12.0,2.0,1.0,0.222,0.667,0.575,0.0,0.227,0.714,98.9
681867,Cooper Criswell,SEA,L,Even,153,FC,0.281,0.412,23.0,7.0,1.0,0.333,0.524,0.388,0.0,0.109,0.435,84.1
681867,Cooper Criswell,SEA,L,Two-Strike,107,CH,0.402,0.636,38.0,7.0,0.0,0.189,0.27,0.212,0.447,0.216,0.25,85.7
681867,Cooper Criswell,SEA,R,Ahead (Pitcher),68,SI,0.338,0.515,,,,,,,,,,
681867,Cooper Criswell,SEA,R,Behind (Pitcher),82,SI,0.427,0.512,,,,,,,,,,
681867,Cooper Criswell,SEA,R,Even,174,SI,0.511,0.345,16.0,6.0,0.0,0.375,0.375,0.394,0.0,0.333,0.562,92.4
681867,Cooper Criswell,SEA,R,Two-Strike,172,CH,0.349,0.529,45.0,10.0,0.0,0.263,0.263,0.293,0.311,0.175,0.24,85.4
669203,Corbin Burnes,AZ,L,Ahead (Pitcher),82,FC,0.512,0.354,,,,,,,,,,
669203,Corbin Burnes,AZ,L,Behind (Pitcher),156,FC,0.712,0.391,,,,,,,,,,
669203,Corbin Burnes,AZ,L,Even,253,FC,0.704,0.348,,,,,,,,,,
669203,Corbin Burnes,AZ,L,Two-Strike,215,FC,0.451,0.591,16.0,4.0,2.0,0.308,0.846,0.516,0.25,0.13,0.556,91.6
669203,Corbin Burnes,AZ,R,Ahead (Pitcher),79,SI,0.304,0.494,,,,,,,,,,
669203,Corbin Burnes,AZ,R,Behind (Pitcher),88,FC,0.682,0.614,,,,,,,,,,
669203,Corbin Burnes,AZ,R,Even,197,FC,0.569,0.416,,,,,,,,,,
669203,Corbin Burnes,AZ,R,Two-Strike,138,SL,0.319,0.58,11.0,2.0,1.0,0.182,0.636,0.327,0.364,0.25,0.286,85.0
656686,Corbin Martin,CHC,L,Ahead (Pitcher),25,FF,0.32,0.44,,,,,,,,,,
656686,Corbin Martin,CHC,L,Behind (Pitcher),51,FF,0.706,0.353,,,,,,,,,,
656686,Corbin Martin,CHC,L,Even,74,FF,0.378,0.365,,,,,,,,,,
656686,Corbin Martin,CHC,L,Two-Strike,63,FF,0.54,0.54,,,,,,,,,,
656686,Corbin Martin,CHC,R,Ahead (Pitcher),30,SL,0.433,0.567,,,,,,,,,,
656686,Corbin Martin,CHC,R,Behind (Pitcher),46,FF,0.761,0.5,,,,,,,,,,
656686,Corbin Martin,CHC,R,Even,87,SL,0.437,0.448,,,,,,,,,,
656686,Corbin Martin,CHC,R,Two-Strike,67,FF,0.403,0.478,,,,,,,,,,
518886,Craig Kimbrel,KC,L,Ahead (Pitcher),51,FF,0.588,0.431,,,,,,,,,,
518886,Craig Kimbrel,KC,L,Behind (Pitcher),123,FF,0.756,0.496,25.0,7.0,1.0,0.368,0.737,0.492,0.0,0.173,0.3,89.7
518886,Craig Kimbrel,KC,L,Even,175,FF,0.646,0.371,23.0,5.0,1.0,0.238,0.429,0.311,0.0,0.259,0.227,87.3
518886,Craig Kimbrel,KC,L,Two-Strike,159,FF,0.679,0.585,49.0,8.0,1.0,0.195,0.341,0.323,0.367,0.194,0.348,91.3
518886,Craig Kimbrel,KC,R,Ahead (Pitcher),48,FF,0.396,0.479,,,,,,,,,,
518886,Craig Kimbrel,KC,R,Behind (Pitcher),137,FF,0.715,0.401,18.0,3.0,0.0,0.188,0.188,0.265,0.0,0.186,0.267,87.8
518886,Craig Kimbrel,KC,R,Even,176,FF,0.557,0.347,21.0,5.0,1.0,0.25,0.4,0.325,0.0,0.208,0.6,90.4
518886,Craig Kimbrel,KC,R,Two-Strike,149,FF,0.651,0.544,52.0,7.0,0.0,0.156,0.2,0.229,0.423,0.213,0.435,88.8
684974,Craig Yoho,CLE,L,Ahead (Pitcher),60,CH,0.617,0.6,12.0,4.0,0.0,0.333,0.583,0.388,0.0,0.281,0.167,84.0
684974,Craig Yoho,CLE,L,Behind (Pitcher),97,CH,0.495,0.299,12.0,1.0,0.0,0.25,0.5,0.577,0.0,0.36,0.6,82.9
684974,Craig Yoho,CLE,L,Even,140,CH,0.529,0.329,20.0,5.0,2.0,0.263,0.579,0.363,0.0,0.048,0.45,85.0
684974,Craig Yoho,CLE,L,Two-Strike,122,CH,0.615,0.615,48.0,5.0,2.0,0.116,0.279,0.22,0.312,0.159,0.357,86.2
684974,Craig Yoho,CLE,R,Ahead (Pitcher),42,CH,0.571,0.548,,,,,,,,,,
684974,Craig Yoho,CLE,R,Behind (Pitcher),96,CH,0.448,0.427,13.0,1.0,0.0,0.143,0.143,0.392,0.0,0.379,0.143,81.9
684974,Craig Yoho,CLE,R,Even,134,CH,0.418,0.284,10.0,2.0,0.0,0.2,0.2,0.18,0.0,0.4,0.0,77.2
684974,Craig Yoho,CLE,R,Two-Strike,110,CH,0.555,0.591,41.0,7.0,1.0,0.184,0.316,0.255,0.634,0.375,0.333,85.5
664299,Cristian Javier,HOU,L,Ahead (Pitcher),107,FF,0.383,0.514,,,,,,,,,,
664299,Cristian Javier,HOU,L,Behind (Pitcher),198,FF,0.409,0.444,23.0,6.0,1.0,0.316,0.474,0.404,0.0,0.135,0.316,86.5
664299,Cristian Javier,HOU,L,Even,310,FF,0.397,0.345,30.0,9.0,0.0,0.31,0.379,0.317,0.0,0.338,0.276,89.9
664299,Cristian Javier,HOU,L,Two-Strike,277,FF,0.404,0.614,81.0,17.0,2.0,0.23,0.365,0.294,0.321,0.155,0.271,86.7
664299,Cristian Javier,HOU,R,Ahead (Pitcher),102,FF,0.461,0.627,18.0,7.0,2.0,0.412,0.941,0.531,0.0,0.292,0.389,88.8
664299,Cristian Javier,HOU,R,Behind (Pitcher),177,FF,0.548,0.503,22.0,5.0,1.0,0.333,0.6,0.493,0.0,0.5,0.533,94.8
664299,Cristian Javier,HOU,R,Even,286,FF,0.465,0.416,21.0,9.0,3.0,0.429,0.905,0.56,0.0,0.298,0.429,90.5
664299,Cristian Javier,HOU,R,Two-Strike,271,FF,0.465,0.561,75.0,10.0,1.0,0.156,0.203,0.237,0.44,0.255,0.355,89.0
650911,Cristopher Sánchez,PHI,L,Ahead (Pitcher),193,SI,0.503,0.58,20.0,5.0,0.0,0.263,0.316,0.313,0.0,0.368,0.3,84.8
650911,Cristopher Sánchez,PHI,L,Behind (Pitcher),206,SI,0.786,0.495,21.0,6.0,1.0,0.316,0.526,0.393,0.0,0.191,0.316,84.4
650911,Cristopher Sánchez,PHI,L,Even,486,SI,0.658,0.449,39.0,10.0,0.0,0.256,0.256,0.231,0.0,0.261,0.513,91.8
650911,Cristopher Sánchez,PHI,L,Two-Strike,356,SI,0.36,0.579,106.0,10.0,0.0,0.095,0.105,0.095,0.613,0.368,0.225,87.0
650911,Cristopher Sánchez,PHI,R,Ahead (Pitcher),661,CH,0.533,0.49,54.0,21.0,2.0,0.396,0.585,0.442,0.0,0.32,0.396,85.6
650911,Cristopher Sánchez,PHI,R,Behind (Pitcher),973,SI,0.531,0.49,120.0,43.0,5.0,0.43,0.66,0.508,0.0,0.271,0.48,91.8
650911,Cristopher Sánchez,PHI,R,Even,1756,SI,0.475,0.394,138.0,51.0,5.0,0.383,0.571,0.435,0.0,0.298,0.478,88.9
650911,Cristopher Sánchez,PHI,R,Two-Strike,1324,CH,0.56,0.615,329.0,52.0,5.0,0.171,0.253,0.229,0.474,0.274,0.383,88.1
650960,Daniel Duarte,NYM,L,Ahead (Pitcher),42,CH,0.333,0.571,,,,,,,,,,
650960,Daniel Duarte,NYM,L,Behind (Pitcher),47,FC,0.532,0.362,12.0,3.0,0.0,0.333,0.444,0.429,0.0,0.059,0.222,89.4
650960,Daniel Duarte,NYM,L,Even,94,FC,0.404,0.457,14.0,5.0,2.0,0.357,0.786,0.479,0.0,0.256,0.214,83.4
650960,Daniel Duarte,NYM,L,Two-Strike,88,ST,0.364,0.727,37.0,2.0,0.0,0.059,0.059,0.108,0.432,0.203,0.25,77.3
650960,Daniel Duarte,NYM,R,Ahead (Pitcher),22,FC,0.409,0.409,,,,,,,,,,
650960,Daniel Duarte,NYM,R,Behind (Pitcher),34,FC,0.382,0.471,,,,,,,,,,
650960,Daniel Duarte,NYM,R,Even,58,FC,0.483,0.379,,,,,,,,,,
650960,Daniel Duarte,NYM,R,Two-Strike,78,ST,0.436,0.59,26.0,3.0,0.0,0.125,0.167,0.171,0.5,0.174,0.273,82.8
682982,Daniel Espino,CLE,L,Behind (Pitcher),25,FF,0.76,0.6,,,,,,,,,,
682982,Daniel Espino,CLE,L,Even,40,FF,0.65,0.375,,,,,,,,,,
682982,Daniel Espino,CLE,L,Two-Strike,38,FF,0.579,0.553,20.0,3.0,0.0,0.167,0.167,0.205,0.5,0.381,0.25,77.5
682982,Daniel Espino,CLE,R,Ahead (Pitcher),17,SL,0.706,0.588,,,,,,,,,,
682982,Daniel Espino,CLE,R,Behind (Pitcher),26,FF,0.731,0.423,,,,,,,,,,
682982,Daniel Espino,CLE,R,Even,45,FF,0.6,0.333,,,,,,,,,,
682982,Daniel Espino,CLE,R,Two-Strike,39,FF,0.641,0.641,18.0,1.0,1.0,0.059,0.235,0.15,0.667,0.32,0.4,85.9
663738,Daniel Lynch,KC,L,Ahead (Pitcher),112,SL,0.545,0.545,14.0,0.0,0.0,0.0,0.0,0.114,0.0,0.233,0.385,90.2
663738,Daniel Lynch,KC,L,Behind (Pitcher),208,SI,0.558,0.447,28.0,6.0,0.0,0.231,0.308,0.259,0.0,0.18,0.333,79.5
663738,Daniel Lynch,KC,L,Even,331,SL,0.453,0.366,25.0,6.0,1.0,0.273,0.409,0.344,0.0,0.333,0.273,86.7
663738,Daniel Lynch,KC,L,Two-Strike,209,SL,0.536,0.584,53.0,5.0,0.0,0.102,0.143,0.151,0.434,0.203,0.222,82.2
663738,Daniel Lynch,KC,R,Ahead (Pitcher),186,CH,0.419,0.452,19.0,6.0,0.0,0.316,0.526,0.405,0.0,0.356,0.474,90.2
663738,Daniel Lynch,KC,R,Behind (Pitcher),347,CH,0.36,0.383,50.0,12.0,3.0,0.316,0.579,0.443,0.0,0.146,0.41,91.5
663738,Daniel Lynch,KC,R,Even,535,CH,0.295,0.346,49.0,16.0,3.0,0.327,0.612,0.397,0.0,0.192,0.49,90.9
663738,Daniel Lynch,KC,R,Two-Strike,388,CH,0.32,0.593,95.0,15.0,2.0,0.176,0.318,0.271,0.326,0.186,0.389,90.6
694037,Daniel Palencia,CHC,L,Ahead (Pitcher),77,FF,0.727,0.455,,,,,,,,,,
694037,Daniel Palencia,CHC,L,Behind (Pitcher),166,FF,0.741,0.464,11.0,5.0,0.0,0.556,0.889,0.825,0.0,0.286,0.5,95.0
694037,Daniel Palencia,CHC,L,Even,233,FF,0.725,0.433,10.0,4.0,1.0,0.4,0.7,0.47,0.0,0.242,0.5,91.2
694037,Daniel Palencia,CHC,L,Two-Strike,215,FF,0.679,0.563,36.0,7.0,3.0,0.233,0.533,0.383,0.389,0.133,0.312,90.9
694037,Daniel Palencia,CHC,R,Ahead (Pitcher),87,FF,0.644,0.425,,,,,,,,,,
694037,Daniel Palencia,CHC,R,Behind (Pitcher),118,FF,0.763,0.61,18.0,4.0,0.0,0.25,0.312,0.297,0.0,0.171,0.235,88.9
694037,Daniel Palencia,CHC,R,Even,239,FF,0.64,0.393,13.0,0.0,0.0,0.0,0.0,0.0,0.0,0.323,0.385,84.5
694037,Daniel Palencia,CHC,R,Two-Strike,176,FF,0.653,0.693,27.0,4.0,0.0,0.148,0.185,0.146,0.593,0.351,0.091,86.6
543056,Danny Coulombe,BOS,L,Ahead (Pitcher),62,ST,0.355,0.548,,,,,,,,,,
543056,Danny Coulombe,BOS,L,Behind (Pitcher),105,FC,0.495,0.4,13.0,0.0,0.0,0.0,0.0,0.269,0.0,0.158,0.125,75.5
543056,Danny Coulombe,BOS,L,Even,172,SI,0.419,0.372,10.0,6.0,0.0,0.667,0.667,0.61,0.0,0.25,0.333,82.5
543056,Danny Coulombe,BOS,L,Two-Strike,134,FC,0.478,0.612,18.0,5.0,0.0,0.312,0.312,0.328,0.278,0.2,0.364,86.1
543056,Danny Coulombe,BOS,R,Ahead (Pitcher),68,ST,0.309,0.485,,,,,,,,,,
543056,Danny Coulombe,BOS,R,Behind (Pitcher),150,FC,0.56,0.447,11.0,1.0,0.0,0.167,0.167,0.4,0.0,0.294,0.333,86.9
543056,Danny Coulombe,BOS,R,Even,212,FC,0.344,0.368,,,,,,,,,,
543056,Danny Coulombe,BOS,R,Two-Strike,203,FC,0.335,0.635,24.0,3.0,1.0,0.143,0.333,0.26,0.208,0.061,0.125,78.5
664849,Danny Young,ATL,L,Ahead (Pitcher),26,ST,0.808,0.308,,,,,,,,,,
664849,Danny Young,ATL,L,Behind (Pitcher),56,SI,0.857,0.321,12.0,4.0,1.0,0.571,1.143,0.732,0.0,0.182,0.625,89.6
664849,Danny Young,ATL,L,Even,63,SI,0.571,0.254,,,,,,,,,,
664849,Danny Young,ATL,L,Two-Strike,51,ST,0.569,0.373,14.0,1.0,1.0,0.083,0.333,0.243,0.5,0.312,0.2,89.1
664849,Danny Young,ATL,R,Ahead (Pitcher),30,ST,0.6,0.333,,,,,,,,,,
664849,Danny Young,ATL,R,Behind (Pitcher),58,SI,0.638,0.328,11.0,3.0,1.0,0.333,0.667,0.667,0.0,0.1,0.714,96.5
664849,Danny Young,ATL,R,Even,81,ST,0.543,0.235,,,,,,,,,,
664849,Danny Young,ATL,R,Two-Strike,66,ST,0.561,0.455,15.0,1.0,0.0,0.091,0.091,0.247,0.533,0.111,0.667,95.9
670280,David Bednar,NYY,L,Ahead (Pitcher),160,FS,0.456,0.506,12.0,4.0,0.0,0.364,0.455,0.463,0.0,0.364,0.364,82.7
670280,David Bednar,NYY,L,Behind (Pitcher),199,FF,0.442,0.442,16.0,3.0,0.0,0.231,0.231,0.3,0.0,0.224,0.077,78.3
670280,David Bednar,NYY,L,Even,387,CU,0.364,0.385,28.0,8.0,2.0,0.286,0.5,0.336,0.0,0.349,0.321,88.3
670280,David Bednar,NYY,L,Two-Strike,389,FS,0.468,0.609,94.0,11.0,0.0,0.128,0.151,0.191,0.426,0.22,0.37,86.5
670280,David Bednar,NYY,R,Ahead (Pitcher),129,FF,0.388,0.558,13.0,2.0,0.0,0.182,0.182,0.138,0.0,0.262,0.385,85.5
670280,David Bednar,NYY,R,Behind (Pitcher),207,FF,0.522,0.522,15.0,3.0,1.0,0.25,0.667,0.45,0.0,0.302,0.417,87.2
670280,David Bednar,NYY,R,Even,352,FF,0.474,0.375,16.0,5.0,1.0,0.312,0.5,0.35,0.0,0.371,0.375,86.3
670280,David Bednar,NYY,R,Two-Strike,341,FF,0.416,0.654,79.0,15.0,0.0,0.203,0.284,0.244,0.443,0.265,0.4,88.1
688158,David Morgan,SD,L,Ahead (Pitcher),59,FF,0.458,0.508,,,,,,,,,,
688158,David Morgan,SD,L,Behind (Pitcher),140,FF,0.5,0.393,13.0,2.0,0.0,0.222,0.222,0.473,0.0,0.231,0.5,85.4
688158,David Morgan,SD,L,Even,185,FF,0.411,0.427,10.0,3.0,0.0,0.333,0.444,0.305,0.0,0.281,0.5,88.0
688158,David Morgan,SD,L,Two-Strike,166,CU,0.41,0.572,32.0,6.0,1.0,0.231,0.385,0.345,0.406,0.214,0.154,84.2
688158,David Morgan,SD,R,Ahead (Pitcher),113,SI,0.398,0.558,12.0,6.0,0.0,0.545,0.636,0.538,0.0,0.31,0.545,91.6
688158,David Morgan,SD,R,Behind (Pitcher),147,SI,0.415,0.408,12.0,5.0,1.0,0.625,1.125,0.671,0.0,0.345,0.444,92.6
688158,David Morgan,SD,R,Even,275,SI,0.4,0.425,18.0,5.0,0.0,0.294,0.294,0.329,0.0,0.28,0.111,73.4
688158,David Morgan,SD,R,Two-Strike,259,FF,0.32,0.625,47.0,7.0,0.0,0.179,0.256,0.276,0.511,0.345,0.467,90.1
656849,David Peterson,CHC,L,Ahead (Pitcher),205,SL,0.434,0.532,21.0,6.0,0.0,0.286,0.333,0.317,0.0,0.161,0.476,89.2
656849,David Peterson,CHC,L,Behind (Pitcher),187,SI,0.615,0.465,23.0,8.0,2.0,0.4,0.75,0.554,0.0,0.255,0.6,96.5
656849,David Peterson,CHC,L,Even,469,SI,0.512,0.435,39.0,15.0,3.0,0.417,0.778,0.545,0.0,0.266,0.421,88.8
656849,David Peterson,CHC,L,Two-Strike,372,SL,0.43,0.586,105.0,14.0,1.0,0.147,0.221,0.219,0.524,0.371,0.333,84.5
656849,David Peterson,CHC,R,Ahead (Pitcher),477,CH,0.317,0.541,45.0,8.0,0.0,0.178,0.267,0.236,0.0,0.136,0.432,88.3
656849,David Peterson,CHC,R,Behind (Pitcher),940,SI,0.4,0.426,111.0,31.0,2.0,0.348,0.461,0.416,0.0,0.175,0.44,88.9
656849,David Peterson,CHC,R,Even,1405,SI,0.31,0.346,97.0,38.0,7.0,0.4,0.674,0.471,0.0,0.175,0.396,88.8
656849,David Peterson,CHC,R,Two-Strike,1036,FF,0.284,0.571,201.0,32.0,0.0,0.19,0.238,0.279,0.373,0.194,0.32,86.2
689818,David Sandlin,CWS,L,Ahead (Pitcher),39,CU,0.256,0.41,,,,,,,,,,
689818,David Sandlin,CWS,L,Behind (Pitcher),76,FF,0.368,0.395,18.0,4.0,1.0,0.286,0.5,0.417,0.0,0.033,0.286,84.7
689818,David Sandlin,CWS,L,Even,121,FF,0.322,0.397,22.0,10.0,3.0,0.455,0.909,0.575,0.0,0.208,0.409,89.4
689818,David Sandlin,CWS,L,Two-Strike,88,FF,0.341,0.648,40.0,5.0,1.0,0.139,0.278,0.228,0.45,0.211,0.333,85.9
689818,David Sandlin,CWS,R,Ahead (Pitcher),31,FF,0.258,0.516,,,,,,,,,,
689818,David Sandlin,CWS,R,Behind (Pitcher),47,FF,0.447,0.447,11.0,3.0,1.0,0.375,0.75,0.536,0.0,0.286,0.375,90.0
689818,David Sandlin,CWS,R,Even,81,FC,0.346,0.296,10.0,2.0,0.0,0.222,0.222,0.34,0.0,0.292,0.333,86.0
689818,David Sandlin,CWS,R,Two-Strike,70,ST,0.343,0.514,32.0,2.0,0.0,0.067,0.067,0.1,0.469,0.306,0.2,83.6
663436,Davis Martin,CWS,L,Ahead (Pitcher),288,CH,0.413,0.479,23.0,10.0,2.0,0.435,0.696,0.487,0.0,0.175,0.652,95.6
663436,Davis Martin,CWS,L,Behind (Pitcher),657,FF,0.314,0.443,66.0,17.0,3.0,0.34,0.64,0.486,0.0,0.194,0.471,91.8
663436,Davis Martin,CWS,L,Even,916,FF,0.349,0.368,80.0,23.0,1.0,0.295,0.423,0.312,0.0,0.187,0.438,90.4
663436,Davis Martin,CWS,L,Two-Strike,753,FF,0.312,0.62,181.0,32.0,2.0,0.196,0.276,0.254,0.365,0.176,0.416,88.9
663436,Davis Martin,CWS,R,Ahead (Pitcher),252,SL,0.349,0.552,25.0,9.0,3.0,0.375,0.792,0.498,0.0,0.387,0.375,90.3
663436,Davis Martin,CWS,R,Behind (Pitcher),418,SI,0.388,0.512,47.0,15.0,1.0,0.405,0.541,0.474,0.0,0.118,0.568,88.8
663436,Davis Martin,CWS,R,Even,762,SL,0.252,0.415,48.0,18.0,0.0,0.409,0.5,0.409,0.0,0.298,0.565,91.8
663436,Davis Martin,CWS,R,Two-Strike,593,SL,0.324,0.597,134.0,19.0,2.0,0.151,0.222,0.2,0.41,0.229,0.278,85.7
690978,Dax Fulton,MIA,L,Ahead (Pitcher),20,ST,0.35,0.3,,,,,,,,,,
690978,Dax Fulton,MIA,L,Behind (Pitcher),37,FF,0.432,0.432,,,,,,,,,,
690978,Dax Fulton,MIA,L,Even,60,ST,0.4,0.383,,,,,,,,,,
690978,Dax Fulton,MIA,L,Two-Strike,54,ST,0.389,0.556,22.0,2.0,1.0,0.111,0.278,0.227,0.5,0.2,0.5,93.6
690978,Dax Fulton,MIA,R,Ahead (Pitcher),35,ST,0.257,0.429,,,,,,,,,,
690978,Dax Fulton,MIA,R,Behind (Pitcher),63,FF,0.397,0.397,13.0,3.0,0.0,0.375,0.5,0.504,0.0,0.28,0.625,89.8
690978,Dax Fulton,MIA,R,Even,95,FF,0.274,0.4,12.0,4.0,0.0,0.333,0.667,0.492,0.0,0.237,0.333,91.6
690978,Dax Fulton,MIA,R,Two-Strike,73,ST,0.384,0.493,38.0,4.0,0.0,0.121,0.121,0.187,0.395,0.278,0.167,82.5
665152,Dean Kremer,MIN,L,Ahead (Pitcher),312,FS,0.446,0.468,19.0,8.0,2.0,0.421,0.842,0.532,0.0,0.262,0.368,87.0
665152,Dean Kremer,MIN,L,Behind (Pitcher),515,FF,0.291,0.472,41.0,7.0,0.0,0.206,0.324,0.315,0.0,0.162,0.364,89.0
665152,Dean Kremer,MIN,L,Even,833,FF,0.383,0.376,39.0,11.0,5.0,0.297,0.757,0.413,0.0,0.327,0.333,86.8
665152,Dean Kremer,MIN,L,Two-Strike,727,FS,0.399,0.631,105.0,17.0,3.0,0.181,0.33,0.267,0.41,0.229,0.255,86.2
665152,Dean Kremer,MIN,R,Ahead (Pitcher),240,FC,0.392,0.471,10.0,5.0,1.0,0.556,1.111,0.7,0.0,0.294,0.556,95.7
665152,Dean Kremer,MIN,R,Behind (Pitcher),341,FC,0.381,0.457,25.0,7.0,3.0,0.304,0.696,0.44,0.0,0.245,0.348,84.7
665152,Dean Kremer,MIN,R,Even,639,FC,0.366,0.385,20.0,7.0,1.0,0.35,0.55,0.388,0.0,0.324,0.4,85.2
665152,Dean Kremer,MIN,R,Two-Strike,542,FC,0.29,0.585,83.0,9.0,2.0,0.123,0.247,0.223,0.458,0.28,0.457,89.9
673380,Dedniel Núñez,NYM,L,Ahead (Pitcher),21,FF,0.524,0.429,,,,,,,,,,
673380,Dedniel Núñez,NYM,L,Behind (Pitcher),46,FF,0.783,0.587,,,,,,,,,,
673380,Dedniel Núñez,NYM,L,Even,75,FF,0.653,0.4,,,,,,,,,,
673380,Dedniel Núñez,NYM,L,Two-Strike,53,SL,0.604,0.604,15.0,3.0,0.0,0.2,0.2,0.18,0.467,0.4,0.125,87.2
673380,Dedniel Núñez,NYM,R,Ahead (Pitcher),37,FF,0.568,0.622,,,,,,,,,,
673380,Dedniel Núñez,NYM,R,Behind (Pitcher),22,FF,0.682,0.636,,,,,,,,,,
673380,Dedniel Núñez,NYM,R,Even,79,FF,0.544,0.494,,,,,,,,,,
673380,Dedniel Núñez,NYM,R,Two-Strike,52,SL,0.769,0.75,16.0,0.0,0.0,0.0,0.0,0.0,0.625,0.562,0.5,93.5
642701,Dennis Santana,AZ,L,Ahead (Pitcher),123,SL,0.358,0.488,,,,,,,,,,
642701,Dennis Santana,AZ,L,Behind (Pitcher),185,FF,0.389,0.492,26.0,9.0,3.0,0.5,1.056,0.756,0.0,0.316,0.562,93.0
642701,Dennis Santana,AZ,L,Even,332,FF,0.367,0.41,21.0,6.0,0.0,0.286,0.381,0.29,0.0,0.217,0.333,88.1
642701,Dennis Santana,AZ,L,Two-Strike,299,SL,0.421,0.656,72.0,12.0,1.0,0.182,0.303,0.248,0.417,0.218,0.5,90.1
642701,Dennis Santana,AZ,R,Ahead (Pitcher),139,SL,0.54,0.554,,,,,,,,,,
642701,Dennis Santana,AZ,R,Behind (Pitcher),185,SL,0.346,0.432,21.0,5.0,1.0,0.294,0.588,0.433,0.0,0.216,0.412,89.7
642701,Dennis Santana,AZ,R,Even,348,SL,0.362,0.351,23.0,6.0,1.0,0.286,0.524,0.368,0.0,0.271,0.273,84.0
642701,Dennis Santana,AZ,R,Two-Strike,267,SL,0.704,0.655,52.0,5.0,1.0,0.106,0.17,0.21,0.346,0.172,0.276,85.9
571882,Derek Law,AZ,L,Behind (Pitcher),22,FC,0.636,0.5,,,,,,,,,,
571882,Derek Law,AZ,L,Even,25,FC,0.44,0.28,,,,,,,,,,
571882,Derek Law,AZ,L,Two-Strike,25,SL,0.56,0.48,10.0,3.0,0.0,0.375,0.5,0.494,0.2,0.083,0.4,91.4
571882,Derek Law,AZ,R,Behind (Pitcher),18,FC,0.611,0.222,,,,,,,,,,
571882,Derek Law,AZ,R,Even,23,FC,0.391,0.435,,,,,,,,,,
571882,Derek Law,AZ,R,Two-Strike,28,FC,0.429,0.536,11.0,0.0,0.0,0.0,0.0,0.0,0.273,0.067,0.5,91.8
642207,Devin Williams,NYM,L,Ahead (Pitcher),110,CH,0.536,0.573,,,,,,,,,,
642207,Devin Williams,NYM,L,Behind (Pitcher),193,FF,0.565,0.446,12.0,1.0,1.0,0.125,0.5,0.52,0.0,0.395,0.667,95.0
642207,Devin Williams,NYM,L,Even,303,FF,0.574,0.386,19.0,6.0,1.0,0.333,0.667,0.497,0.0,0.273,0.167,78.0
642207,Devin Williams,NYM,L,Two-Strike,291,FF,0.529,0.625,59.0,12.0,0.0,0.226,0.245,0.275,0.441,0.273,0.333,88.0
642207,Devin Williams,NYM,R,Ahead (Pitcher),117,CH,0.504,0.496,,,,,,,,,,
642207,Devin Williams,NYM,R,Behind (Pitcher),206,CH,0.49,0.471,13.0,6.0,0.0,0.545,0.818,0.604,0.0,0.379,0.545,93.8
642207,Devin Williams,NYM,R,Even,325,CH,0.498,0.345,,,,,,,,,,
642207,Devin Williams,NYM,R,Two-Strike,319,CH,0.636,0.674,59.0,10.0,0.0,0.196,0.216,0.269,0.441,0.286,0.24,85.2
800311,Didier Fuentes,ATL,L,Ahead (Pitcher),92,FF,0.587,0.5,,,,,,,,,,
800311,Didier Fuentes,ATL,L,Behind (Pitcher),188,FF,0.761,0.447,25.0,7.0,1.0,0.438,0.688,0.535,0.0,0.182,0.333,87.6
800311,Didier Fuentes,ATL,L,Even,275,FF,0.607,0.396,26.0,7.0,1.0,0.269,0.462,0.346,0.0,0.323,0.346,88.4
800311,Didier Fuentes,ATL,L,Two-Strike,284,FF,0.683,0.704,105.0,17.0,3.0,0.172,0.283,0.226,0.533,0.249,0.364,86.7
800311,Didier Fuentes,ATL,R,Ahead (Pitcher),82,FF,0.683,0.512,,,,,,,,,,
800311,Didier Fuentes,ATL,R,Behind (Pitcher),143,FF,0.734,0.434,17.0,3.0,0.0,0.231,0.308,0.391,0.0,0.271,0.417,90.4
800311,Didier Fuentes,ATL,R,Even,231,FF,0.667,0.394,24.0,3.0,0.0,0.13,0.13,0.126,0.0,0.289,0.167,78.8
800311,Didier Fuentes,ATL,R,Two-Strike,211,FF,0.597,0.635,78.0,11.0,0.0,0.153,0.153,0.186,0.462,0.287,0.297,86.1
608650,Dietrich Enns,BAL,L,Ahead (Pitcher),50,FF,0.36,0.58,,,,,,,,,,
608650,Dietrich Enns,BAL,L,Behind (Pitcher),83,FF,0.458,0.422,,,,,,,,,,
608650,Dietrich Enns,BAL,L,Even,137,FF,0.518,0.365,,,,,,,,,,
608650,Dietrich Enns,BAL,L,Two-Strike,135,FF,0.452,0.593,19.0,4.0,0.0,0.25,0.312,0.282,0.211,0.037,0.231,87.5
608650,Dietrich Enns,BAL,R,Ahead (Pitcher),86,CH,0.453,0.628,,,,,,,,,,
608650,Dietrich Enns,BAL,R,Behind (Pitcher),136,FF,0.493,0.39,,,,,,,,,,
608650,Dietrich Enns,BAL,R,Even,226,FF,0.518,0.451,,,,,,,,,,
608650,Dietrich Enns,BAL,R,Two-Strike,195,FF,0.477,0.656,22.0,2.0,0.0,0.118,0.118,0.241,0.409,0.207,0.375,91.8
687792,Dj Herz,WSH,R,Behind (Pitcher),15,FF,0.467,0.333,,,,,,,,,,
687792,Dj Herz,WSH,R,Even,21,FF,0.429,0.429,,,,,,,,,,
687792,Dj Herz,WSH,R,Two-Strike,16,FF,0.5,0.562,,,,,,,,,,
669084,Dl Hall,MIL,L,Ahead (Pitcher),79,SL,0.443,0.392,,,,,,,,,,
669084,Dl Hall,MIL,L,Behind (Pitcher),158,SI,0.291,0.456,14.0,2.0,0.0,0.25,0.375,0.454,0.0,0.263,0.25,85.5
669084,Dl Hall,MIL,L,Even,238,SI,0.319,0.303,13.0,2.0,0.0,0.154,0.231,0.235,0.0,0.326,0.214,83.1
669084,Dl Hall,MIL,L,Two-Strike,180,FF,0.261,0.544,60.0,3.0,1.0,0.062,0.125,0.203,0.483,0.292,0.211,86.0
669084,Dl Hall,MIL,R,Ahead (Pitcher),116,CH,0.388,0.371,13.0,5.0,0.0,0.455,0.545,0.421,0.0,0.286,0.385,83.0
669084,Dl Hall,MIL,R,Behind (Pitcher),212,SI,0.297,0.392,25.0,5.0,1.0,0.333,0.533,0.54,0.0,0.277,0.533,92.8
669084,Dl Hall,MIL,R,Even,337,SI,0.303,0.356,23.0,2.0,0.0,0.087,0.087,0.078,0.0,0.2,0.391,84.7
669084,Dl Hall,MIL,R,Two-Strike,242,CH,0.269,0.599,76.0,7.0,3.0,0.103,0.25,0.216,0.447,0.223,0.343,89.7
682445,Domingo Gonzalez,SEA,L,Behind (Pitcher),20,FF,0.55,0.3,,,,,,,,,,
682445,Domingo Gonzalez,SEA,L,Even,17,FF,0.588,0.353,,,,,,,,,,
682445,Domingo Gonzalez,SEA,R,Behind (Pitcher),23,SI,0.522,0.435,,,,,,,,,,
682445,Domingo Gonzalez,SEA,R,Even,32,SL,0.531,0.562,,,,,,,,,,
682445,Domingo Gonzalez,SEA,R,Two-Strike,16,FF,0.438,0.75,,,,,,,,,,
680951,Doug Nikhazy,CWS,L,Even,15,FF,0.467,0.333,,,,,,,,,,
680951,Doug Nikhazy,CWS,L,Two-Strike,22,SL,0.364,0.5,,,,,,,,,,
680951,Doug Nikhazy,CWS,R,Behind (Pitcher),33,FF,0.606,0.394,,,,,,,,,,
680951,Doug Nikhazy,CWS,R,Even,32,FF,0.5,0.344,,,,,,,,,,
680951,Doug Nikhazy,CWS,R,Two-Strike,24,FF,0.417,0.375,,,,,,,,,,
623454,Drew Anderson,DET,L,Ahead (Pitcher),126,CH,0.492,0.619,28.0,9.0,0.0,0.333,0.407,0.339,0.0,0.218,0.444,87.4
623454,Drew Anderson,DET,L,Behind (Pitcher),185,FF,0.503,0.422,37.0,11.0,2.0,0.379,0.621,0.518,0.0,0.167,0.414,91.9
623454,Drew Anderson,DET,L,Even,324,FF,0.429,0.426,49.0,13.0,3.0,0.283,0.522,0.343,0.0,0.225,0.388,86.5
623454,Drew Anderson,DET,L,Two-Strike,315,FF,0.4,0.616,135.0,18.0,4.0,0.146,0.26,0.227,0.415,0.211,0.343,87.8
623454,Drew Anderson,DET,R,Ahead (Pitcher),111,CH,0.459,0.532,26.0,8.0,2.0,0.333,0.625,0.429,0.0,0.373,0.375,91.7
623454,Drew Anderson,DET,R,Behind (Pitcher),166,FF,0.494,0.446,32.0,10.0,2.0,0.435,0.826,0.58,0.0,0.297,0.522,93.9
623454,Drew Anderson,DET,R,Even,294,FF,0.367,0.364,33.0,11.0,1.0,0.333,0.576,0.414,0.0,0.308,0.314,88.2
623454,Drew Anderson,DET,R,Two-Strike,251,CH,0.39,0.55,115.0,13.0,2.0,0.134,0.227,0.247,0.504,0.297,0.333,88.5
519141,Drew Pomeranz,CHC,L,Ahead (Pitcher),73,FF,0.699,0.575,,,,,,,,,,
519141,Drew Pomeranz,CHC,L,Behind (Pitcher),85,FF,0.941,0.506,12.0,2.0,0.0,0.182,0.182,0.264,0.0,0.176,0.3,89.0
519141,Drew Pomeranz,CHC,L,Even,185,FF,0.935,0.503,14.0,5.0,2.0,0.357,0.786,0.479,0.0,0.159,0.286,84.1
519141,Drew Pomeranz,CHC,L,Two-Strike,172,FF,0.715,0.605,25.0,4.0,1.0,0.174,0.304,0.244,0.48,0.265,0.417,88.8
519141,Drew Pomeranz,CHC,R,Ahead (Pitcher),90,KC,0.511,0.356,,,,,,,,,,
519141,Drew Pomeranz,CHC,R,Behind (Pitcher),183,FF,0.874,0.432,17.0,2.0,0.0,0.154,0.154,0.414,0.0,0.152,0.5,94.1
519141,Drew Pomeranz,CHC,R,Even,288,FF,0.726,0.361,13.0,5.0,0.0,0.417,0.5,0.421,0.0,0.139,0.462,87.0
519141,Drew Pomeranz,CHC,R,Two-Strike,223,FF,0.552,0.614,38.0,9.0,3.0,0.29,0.645,0.429,0.132,0.068,0.333,88.3
656876,Drew Rasmussen,TB,L,Ahead (Pitcher),407,FF,0.366,0.489,37.0,10.0,0.0,0.286,0.343,0.281,0.0,0.263,0.222,85.3
656876,Drew Rasmussen,TB,L,Behind (Pitcher),502,FF,0.466,0.486,55.0,8.0,2.0,0.182,0.364,0.311,0.0,0.192,0.444,90.9
656876,Drew Rasmussen,TB,L,Even,1003,FF,0.365,0.403,71.0,18.0,3.0,0.257,0.414,0.314,0.0,0.247,0.357,88.3
656876,Drew Rasmussen,TB,L,Two-Strike,1019,FF,0.344,0.593,230.0,39.0,5.0,0.18,0.267,0.226,0.483,0.246,0.292,87.5
656876,Drew Rasmussen,TB,R,Ahead (Pitcher),285,SI,0.439,0.526,25.0,6.0,1.0,0.24,0.4,0.274,0.0,0.347,0.28,85.9
656876,Drew Rasmussen,TB,R,Behind (Pitcher),345,SI,0.435,0.475,33.0,8.0,1.0,0.286,0.429,0.368,0.0,0.207,0.393,91.0
656876,Drew Rasmussen,TB,R,Even,738,SI,0.373,0.409,76.0,18.0,1.0,0.247,0.356,0.29,0.0,0.156,0.274,84.5
656876,Drew Rasmussen,TB,R,Two-Strike,678,FF,0.286,0.565,143.0,18.0,1.0,0.132,0.176,0.175,0.441,0.193,0.438,88.7
680723,Drew Rom,ATH,L,Behind (Pitcher),37,FF,0.595,0.351,,,,,,,,,,
680723,Drew Rom,ATH,L,Even,48,FF,0.604,0.292,,,,,,,,,,
680723,Drew Rom,ATH,L,Two-Strike,41,FF,0.659,0.561,19.0,1.0,0.0,0.059,0.118,0.139,0.526,0.217,0.571,92.6
680723,Drew Rom,ATH,R,Ahead (Pitcher),16,FS,0.562,0.312,,,,,,,,,,
680723,Drew Rom,ATH,R,Behind (Pitcher),36,FF,0.778,0.472,11.0,3.0,0.0,0.429,0.714,0.5,0.0,0.294,0.556,89.9
680723,Drew Rom,ATH,R,Even,53,FF,0.623,0.377,13.0,6.0,0.0,0.462,0.615,0.469,0.0,0.0,0.462,95.2
680723,Drew Rom,ATH,R,Two-Strike,21,FF,0.952,0.571,11.0,0.0,0.0,0.0,0.0,0.0,0.636,0.333,0.25,90.9
805427,Drew Sommers,DET,L,Ahead (Pitcher),54,SI,0.519,0.556,,,,,,,,,,
805427,Drew Sommers,DET,L,Behind (Pitcher),44,SI,0.75,0.432,,,,,,,,,,
805427,Drew Sommers,DET,L,Even,122,SI,0.721,0.361,17.0,7.0,0.0,0.438,0.5,0.432,0.0,0.233,0.188,78.2
805427,Drew Sommers,DET,L,Two-Strike,122,FF,0.393,0.582,53.0,10.0,1.0,0.196,0.255,0.217,0.604,0.273,0.263,84.7
805427,Drew Sommers,DET,R,Ahead (Pitcher),43,FF,0.512,0.442,,,,,,,,,,
805427,Drew Sommers,DET,R,Behind (Pitcher),92,SI,0.478,0.413,14.0,4.0,0.0,0.4,0.4,0.592,0.0,0.212,0.667,94.9
805427,Drew Sommers,DET,R,Even,133,FF,0.346,0.368,14.0,4.0,2.0,0.308,0.846,0.558,0.0,0.326,0.571,86.8
805427,Drew Sommers,DET,R,Two-Strike,106,FF,0.5,0.632,47.0,7.0,1.0,0.167,0.238,0.232,0.596,0.328,0.214,86.5
686753,Drey Jameson,AZ,L,Ahead (Pitcher),29,CH,0.793,0.586,,,,,,,,,,
686753,Drey Jameson,AZ,L,Behind (Pitcher),56,FF,0.393,0.304,12.0,4.0,0.0,0.667,0.833,0.679,0.0,0.077,0.333,87.0
686753,Drey Jameson,AZ,L,Even,75,FF,0.28,0.4,,,,,,,,,,
686753,Drey Jameson,AZ,L,Two-Strike,56,CH,0.357,0.571,24.0,5.0,0.0,0.238,0.381,0.319,0.292,0.138,0.214,83.1
686753,Drey Jameson,AZ,R,Ahead (Pitcher),22,SL,0.773,0.545,,,,,,,,,,
686753,Drey Jameson,AZ,R,Behind (Pitcher),27,SL,0.444,0.407,,,,,,,,,,
686753,Drey Jameson,AZ,R,Even,59,SL,0.458,0.407,13.0,5.0,1.0,0.455,0.818,0.512,0.0,0.227,0.583,93.8
686753,Drey Jameson,AZ,R,Two-Strike,35,SL,0.6,0.6,18.0,2.0,0.0,0.118,0.118,0.139,0.333,0.222,0.182,86.7
701474,Duncan Davitt,SF,L,Even,18,FF,0.444,0.389,,,,,,,,,,
701474,Duncan Davitt,SF,R,Even,17,ST,0.412,0.235,,,,,,,,,,
669160,Dustin May,MIL,L,Ahead (Pitcher),333,ST,0.27,0.474,34.0,14.0,0.0,0.412,0.471,0.418,0.0,0.193,0.441,89.6
669160,Dustin May,MIL,L,Behind (Pitcher),665,FC,0.308,0.421,61.0,14.0,2.0,0.318,0.568,0.466,0.0,0.203,0.523,90.3
669160,Dustin May,MIL,L,Even,973,ST,0.249,0.334,75.0,22.0,1.0,0.319,0.42,0.349,0.0,0.213,0.465,88.9
669160,Dustin May,MIL,L,Two-Strike,762,ST,0.39,0.592,194.0,35.0,5.0,0.208,0.315,0.291,0.428,0.217,0.365,87.5
669160,Dustin May,MIL,R,Ahead (Pitcher),252,SI,0.369,0.528,19.0,1.0,0.0,0.059,0.118,0.139,0.0,0.149,0.471,86.6
669160,Dustin May,MIL,R,Behind (Pitcher),356,SI,0.542,0.447,41.0,10.0,1.0,0.256,0.41,0.336,0.0,0.2,0.474,93.8
669160,Dustin May,MIL,R,Even,669,SI,0.48,0.383,47.0,15.0,2.0,0.319,0.553,0.371,0.0,0.27,0.362,86.7
669160,Dustin May,MIL,R,Two-Strike,514,ST,0.397,0.63,138.0,28.0,2.0,0.222,0.317,0.281,0.406,0.218,0.5,91.4
656302,Dylan Cease,TOR,L,Ahead (Pitcher),394,FF,0.444,0.467,15.0,3.0,1.0,0.2,0.4,0.253,0.0,0.322,0.267,83.9
656302,Dylan Cease,TOR,L,Behind (Pitcher),678,FF,0.444,0.482,58.0,13.0,1.0,0.289,0.4,0.39,0.0,0.273,0.333,84.3
656302,Dylan Cease,TOR,L,Even,1091,FF,0.418,0.376,63.0,19.0,4.0,0.306,0.613,0.433,0.0,0.29,0.361,88.1
656302,Dylan Cease,TOR,L,Two-Strike,1082,SL,0.385,0.539,263.0,22.0,2.0,0.097,0.137,0.181,0.548,0.328,0.271,84.9
656302,Dylan Cease,TOR,R,Ahead (Pitcher),340,SL,0.412,0.565,24.0,8.0,0.0,0.348,0.478,0.359,0.0,0.32,0.217,81.9
656302,Dylan Cease,TOR,R,Behind (Pitcher),554,FF,0.437,0.451,51.0,3.0,0.0,0.094,0.094,0.349,0.0,0.274,0.344,85.7
656302,Dylan Cease,TOR,R,Even,907,SL,0.359,0.381,49.0,16.0,1.0,0.327,0.469,0.363,0.0,0.307,0.36,86.3
656302,Dylan Cease,TOR,R,Two-Strike,902,SL,0.489,0.581,163.0,22.0,2.0,0.149,0.203,0.205,0.577,0.315,0.315,84.9
689266,Dylan Dodd,ATL,L,Ahead (Pitcher),74,SI,0.514,0.432,,,,,,,,,,
689266,Dylan Dodd,ATL,L,Behind (Pitcher),97,SI,0.577,0.515,13.0,3.0,0.0,0.333,0.556,0.55,0.0,0.235,0.625,95.4
689266,Dylan Dodd,ATL,L,Even,193,SI,0.534,0.425,17.0,4.0,3.0,0.25,0.875,0.468,0.0,0.26,0.625,92.6
689266,Dylan Dodd,ATL,L,Two-Strike,175,SI,0.434,0.543,45.0,4.0,0.0,0.098,0.122,0.15,0.556,0.407,0.25,87.6
689266,Dylan Dodd,ATL,R,Ahead (Pitcher),106,SI,0.528,0.66,,,,,,,,,,
689266,Dylan Dodd,ATL,R,Behind (Pitcher),104,FC,0.529,0.558,10.0,2.0,0.0,0.222,0.222,0.25,0.0,0.143,0.444,89.7
689266,Dylan Dodd,ATL,R,Even,241,FC,0.523,0.544,21.0,6.0,0.0,0.3,0.3,0.28,0.0,0.31,0.19,78.4
689266,Dylan Dodd,ATL,R,Two-Strike,283,SI,0.53,0.597,63.0,6.0,1.0,0.103,0.207,0.175,0.397,0.216,0.333,89.6
669276,Dylan Lee,ATL,L,Ahead (Pitcher),117,SL,0.735,0.556,,,,,,,,,,
669276,Dylan Lee,ATL,L,Behind (Pitcher),176,SL,0.619,0.466,14.0,4.0,0.0,0.364,0.636,0.482,0.0,0.289,0.364,89.9
669276,Dylan Lee,ATL,L,Even,307,SL,0.642,0.388,19.0,7.0,0.0,0.412,0.706,0.458,0.0,0.333,0.368,83.6
669276,Dylan Lee,ATL,L,Two-Strike,290,SL,0.641,0.648,64.0,8.0,0.0,0.136,0.203,0.189,0.453,0.25,0.333,87.2
669276,Dylan Lee,ATL,R,Ahead (Pitcher),179,SL,0.531,0.57,16.0,4.0,0.0,0.25,0.312,0.303,0.0,0.418,0.25,81.9
669276,Dylan Lee,ATL,R,Behind (Pitcher),228,FF,0.36,0.491,20.0,4.0,0.0,0.25,0.375,0.355,0.0,0.323,0.375,84.1
669276,Dylan Lee,ATL,R,Even,416,SL,0.531,0.389,22.0,5.0,1.0,0.238,0.381,0.276,0.0,0.506,0.273,81.0
669276,Dylan Lee,ATL,R,Two-Strike,440,SL,0.43,0.639,98.0,15.0,2.0,0.161,0.269,0.203,0.48,0.206,0.34,89.5
681916,Dylan Smith,SF,L,Ahead (Pitcher),43,FF,0.581,0.465,,,,,,,,,,
681916,Dylan Smith,SF,L,Behind (Pitcher),101,FF,0.673,0.446,13.0,1.0,0.0,0.125,0.125,0.473,0.0,0.222,0.5,81.6
681916,Dylan Smith,SF,L,Even,134,FF,0.597,0.366,14.0,2.0,0.0,0.154,0.154,0.179,0.0,0.146,0.385,84.0
681916,Dylan Smith,SF,L,Two-Strike,115,FF,0.635,0.67,48.0,8.0,0.0,0.186,0.233,0.238,0.458,0.25,0.524,91.8
681916,Dylan Smith,SF,R,Ahead (Pitcher),58,FF,0.379,0.448,,,,,,,,,,
681916,Dylan Smith,SF,R,Behind (Pitcher),109,FF,0.514,0.431,19.0,5.0,2.0,0.417,0.917,0.537,0.0,0.118,0.429,91.4
681916,Dylan Smith,SF,R,Even,168,FF,0.452,0.375,15.0,5.0,0.0,0.385,0.462,0.411,0.0,0.298,0.357,76.2
681916,Dylan Smith,SF,R,Two-Strike,127,FF,0.528,0.646,49.0,11.0,0.0,0.25,0.295,0.273,0.429,0.25,0.542,90.0
668834,Easton Mcgee,KC,L,Ahead (Pitcher),30,CU,0.4,0.633,,,,,,,,,,
668834,Easton Mcgee,KC,L,Behind (Pitcher),44,FC,0.318,0.5,,,,,,,,,,
668834,Easton Mcgee,KC,L,Even,81,CU,0.309,0.481,,,,,,,,,,
668834,Easton Mcgee,KC,L,Two-Strike,68,CU,0.397,0.618,12.0,5.0,0.0,0.455,0.636,0.492,0.25,0.167,0.5,96.7
668834,Easton Mcgee,KC,R,Ahead (Pitcher),30,SI,0.333,0.533,,,,,,,,,,
668834,Easton Mcgee,KC,R,Behind (Pitcher),22,SI,0.591,0.636,,,,,,,,,,
668834,Easton Mcgee,KC,R,Even,68,SI,0.426,0.5,,,,,,,,,,
668834,Easton Mcgee,KC,R,Two-Strike,68,FF,0.294,0.588,12.0,4.0,0.0,0.364,0.545,0.417,0.5,0.158,0.0,80.8
678868,Eddy Yean,WSH,L,Behind (Pitcher),19,SI,0.579,0.474,,,,,,,,,,
678868,Eddy Yean,WSH,L,Even,35,SI,0.571,0.314,,,,,,,,,,
678868,Eddy Yean,WSH,L,Two-Strike,23,CH,0.696,0.739,10.0,0.0,0.0,0.0,0.0,0.07,0.3,0.059,0.5,90.2
678868,Eddy Yean,WSH,R,Behind (Pitcher),23,SI,0.87,0.435,,,,,,,,,,
678868,Eddy Yean,WSH,R,Even,31,SI,0.677,0.323,,,,,,,,,,
678868,Eddy Yean,WSH,R,Two-Strike,19,SI,0.579,0.632,,,,,,,,,,
683618,Edgardo Henriquez,LAD,L,Ahead (Pitcher),66,FF,0.439,0.515,,,,,,,,,,
683618,Edgardo Henriquez,LAD,L,Behind (Pitcher),126,FF,0.5,0.492,15.0,4.0,0.0,0.364,0.636,0.497,0.0,0.28,0.455,93.5
683618,Edgardo Henriquez,LAD,L,Even,187,FF,0.471,0.417,17.0,6.0,1.0,0.375,0.688,0.465,0.0,0.338,0.438,90.4
683618,Edgardo Henriquez,LAD,L,Two-Strike,189,FF,0.513,0.556,72.0,6.0,0.0,0.102,0.153,0.216,0.458,0.27,0.077,83.2
683618,Edgardo Henriquez,LAD,R,Ahead (Pitcher),90,SL,0.389,0.533,14.0,4.0,0.0,0.308,0.308,0.307,0.0,0.306,0.154,77.4
683618,Edgardo Henriquez,LAD,R,Behind (Pitcher),148,SI,0.601,0.547,24.0,2.0,0.0,0.105,0.105,0.221,0.0,0.204,0.368,82.9
683618,Edgardo Henriquez,LAD,R,Even,253,SI,0.549,0.399,24.0,6.0,0.0,0.261,0.304,0.259,0.0,0.243,0.208,79.4
683618,Edgardo Henriquez,LAD,R,Two-Strike,193,FF,0.332,0.544,69.0,8.0,0.0,0.129,0.145,0.207,0.536,0.316,0.32,80.8
660825,Eduard Bazardo,SEA,L,Ahead (Pitcher),156,SI,0.423,0.41,14.0,8.0,0.0,0.571,0.786,0.589,0.0,0.194,0.286,85.1
660825,Eduard Bazardo,SEA,L,Behind (Pitcher),229,SI,0.463,0.376,26.0,6.0,1.0,0.316,0.526,0.486,0.0,0.174,0.611,89.2
660825,Eduard Bazardo,SEA,L,Even,395,ST,0.484,0.327,28.0,8.0,3.0,0.32,0.68,0.473,0.0,0.265,0.296,82.3
660825,Eduard Bazardo,SEA,L,Two-Strike,345,SI,0.432,0.568,74.0,11.0,1.0,0.169,0.231,0.229,0.486,0.242,0.4,92.7
660825,Eduard Bazardo,SEA,R,Ahead (Pitcher),172,SI,0.552,0.436,,,,,,,,,,
660825,Eduard Bazardo,SEA,R,Behind (Pitcher),210,SI,0.629,0.5,31.0,11.0,1.0,0.393,0.536,0.411,0.0,0.148,0.552,93.9
660825,Eduard Bazardo,SEA,R,Even,444,SI,0.613,0.349,29.0,8.0,3.0,0.276,0.621,0.374,0.0,0.145,0.172,85.8
660825,Eduard Bazardo,SEA,R,Two-Strike,384,SI,0.51,0.529,75.0,14.0,3.0,0.212,0.379,0.289,0.413,0.181,0.395,89.1
700842,Eduardo Rivera,BOS,L,Behind (Pitcher),30,FF,0.733,0.367,,,,,,,,,,
700842,Eduardo Rivera,BOS,L,Even,28,FF,0.571,0.321,,,,,,,,,,
700842,Eduardo Rivera,BOS,L,Two-Strike,28,FF,0.536,0.571,10.0,1.0,0.0,0.125,0.125,0.23,0.5,0.188,0.0,77.1
700842,Eduardo Rivera,BOS,R,Ahead (Pitcher),15,CH,0.6,0.4,,,,,,,,,,
700842,Eduardo Rivera,BOS,R,Behind (Pitcher),21,FF,0.667,0.714,,,,,,,,,,
700842,Eduardo Rivera,BOS,R,Even,37,FF,0.595,0.162,,,,,,,,,,
700842,Eduardo Rivera,BOS,R,Two-Strike,44,FF,0.455,0.659,16.0,4.0,0.0,0.267,0.333,0.347,0.312,0.138,0.7,96.5
593958,Eduardo Rodríguez,AZ,L,Ahead (Pitcher),180,FF,0.294,0.394,18.0,4.0,0.0,0.222,0.222,0.25,0.0,0.196,0.222,86.5
593958,Eduardo Rodríguez,AZ,L,Behind (Pitcher),328,FF,0.418,0.527,38.0,12.0,0.0,0.353,0.441,0.386,0.0,0.155,0.412,89.0
593958,Eduardo Rodríguez,AZ,L,Even,553,FF,0.335,0.365,54.0,20.0,5.0,0.377,0.736,0.474,0.0,0.198,0.389,87.5
593958,Eduardo Rodríguez,AZ,L,Two-Strike,386,FF,0.36,0.567,117.0,20.0,1.0,0.189,0.245,0.238,0.368,0.21,0.476,90.4
593958,Eduardo Rodríguez,AZ,R,Ahead (Pitcher),523,CH,0.379,0.478,52.0,12.0,1.0,0.231,0.365,0.256,0.0,0.178,0.365,83.6
593958,Eduardo Rodríguez,AZ,R,Behind (Pitcher),869,FF,0.44,0.479,91.0,27.0,7.0,0.36,0.76,0.523,0.0,0.239,0.413,90.2
593958,Eduardo Rodríguez,AZ,R,Even,1533,FF,0.439,0.398,121.0,33.0,1.0,0.277,0.37,0.308,0.0,0.223,0.223,82.6
593958,Eduardo Rodríguez,AZ,R,Two-Strike,1201,FF,0.53,0.583,271.0,36.0,3.0,0.151,0.227,0.229,0.358,0.168,0.27,85.7
665795,Edward Cabrera,CHC,L,Ahead (Pitcher),247,CH,0.429,0.445,19.0,5.0,0.0,0.278,0.333,0.369,0.0,0.26,0.333,84.6
665795,Edward Cabrera,CHC,L,Behind (Pitcher),480,SI,0.277,0.4,47.0,16.0,3.0,0.444,0.778,0.563,0.0,0.105,0.528,94.4
665795,Edward Cabrera,CHC,L,Even,724,CH,0.294,0.373,52.0,19.0,3.0,0.373,0.608,0.43,0.0,0.2,0.404,89.3
665795,Edward Cabrera,CHC,L,Two-Strike,556,CH,0.353,0.581,90.0,11.0,3.0,0.141,0.269,0.236,0.344,0.209,0.449,90.6
665795,Edward Cabrera,CHC,R,Ahead (Pitcher),219,SL,0.274,0.502,12.0,2.0,0.0,0.167,0.167,0.15,0.0,0.27,0.417,88.0
665795,Edward Cabrera,CHC,R,Behind (Pitcher),317,SI,0.448,0.479,33.0,7.0,2.0,0.28,0.6,0.448,0.0,0.273,0.36,85.7
665795,Edward Cabrera,CHC,R,Even,577,SI,0.321,0.38,17.0,9.0,2.0,0.529,0.941,0.626,0.0,0.37,0.353,91.7
665795,Edward Cabrera,CHC,R,Two-Strike,486,CH,0.315,0.57,79.0,14.0,3.0,0.2,0.343,0.277,0.494,0.302,0.452,93.3
621242,Edwin Díaz,LAD,L,Ahead (Pitcher),94,FF,0.638,0.489,,,,,,,,,,
621242,Edwin Díaz,LAD,L,Behind (Pitcher),188,FF,0.596,0.399,11.0,4.0,0.0,0.5,0.75,0.68,0.0,0.059,0.571,97.7
621242,Edwin Díaz,LAD,L,Even,268,FF,0.582,0.377,,,,,,,,,,
621242,Edwin Díaz,LAD,L,Two-Strike,255,SL,0.51,0.635,32.0,7.0,0.0,0.25,0.357,0.317,0.406,0.212,0.467,88.3
621242,Edwin Díaz,LAD,R,Ahead (Pitcher),70,SL,0.557,0.486,,,,,,,,,,
621242,Edwin Díaz,LAD,R,Behind (Pitcher),146,FF,0.555,0.438,,,,,,,,,,
621242,Edwin Díaz,LAD,R,Even,225,FF,0.587,0.356,,,,,,,,,,
621242,Edwin Díaz,LAD,R,Two-Strike,201,SL,0.607,0.577,20.0,2.0,1.0,0.118,0.294,0.215,0.6,0.182,0.333,83.5
669212,Eli Morgan,KC,L,Ahead (Pitcher),36,CH,0.556,0.5,,,,,,,,,,
669212,Eli Morgan,KC,L,Behind (Pitcher),40,FF,0.575,0.45,,,,,,,,,,
669212,Eli Morgan,KC,L,Even,93,CH,0.452,0.398,13.0,5.0,3.0,0.385,1.154,0.627,0.0,0.107,0.429,91.1
669212,Eli Morgan,KC,L,Two-Strike,65,CH,0.415,0.646,22.0,6.0,1.0,0.316,0.474,0.391,0.364,0.32,0.364,88.1
669212,Eli Morgan,KC,R,Ahead (Pitcher),28,SL,0.429,0.5,,,,,,,,,,
669212,Eli Morgan,KC,R,Behind (Pitcher),49,FF,0.51,0.388,,,,,,,,,,
669212,Eli Morgan,KC,R,Even,82,SL,0.622,0.439,,,,,,,,,,
669212,Eli Morgan,KC,R,Two-Strike,61,CH,0.492,0.508,28.0,4.0,0.0,0.16,0.2,0.216,0.286,0.148,0.412,86.2
622694,Elieser Hernández,ATL,L,Behind (Pitcher),23,CH,0.391,0.522,,,,,,,,,,
622694,Elieser Hernández,ATL,L,Even,42,ST,0.381,0.333,,,,,,,,,,
622694,Elieser Hernández,ATL,L,Two-Strike,35,CH,0.486,0.514,17.0,3.0,0.0,0.231,0.231,0.324,0.294,0.167,0.25,87.6
622694,Elieser Hernández,ATL,R,Even,30,FF,0.533,0.333,,,,,,,,,,
622694,Elieser Hernández,ATL,R,Two-Strike,38,ST,0.421,0.474,13.0,0.0,0.0,0.0,0.0,0.108,0.462,0.167,0.6,94.8
695684,Elmer Rodriguez,NYY,L,Ahead (Pitcher),23,FF,0.391,0.435,,,,,,,,,,
695684,Elmer Rodriguez,NYY,L,Behind (Pitcher),65,SI,0.4,0.354,15.0,3.0,0.0,0.3,0.4,0.437,0.0,0.304,0.4,92.6
695684,Elmer Rodriguez,NYY,L,Even,79,SI,0.342,0.304,12.0,2.0,0.0,0.2,0.2,0.208,0.0,0.167,0.364,81.7
695684,Elmer Rodriguez,NYY,L,Two-Strike,60,FF,0.3,0.483,25.0,2.0,1.0,0.118,0.353,0.354,0.28,0.172,0.4,92.5
695684,Elmer Rodriguez,NYY,R,Ahead (Pitcher),31,SI,0.452,0.323,,,,,,,,,,
695684,Elmer Rodriguez,NYY,R,Behind (Pitcher),62,SI,0.774,0.435,15.0,8.0,1.0,0.571,0.786,0.6,0.0,0.222,0.357,85.7
695684,Elmer Rodriguez,NYY,R,Even,103,SI,0.583,0.32,15.0,2.0,0.0,0.133,0.267,0.167,0.0,0.424,0.267,84.6
695684,Elmer Rodriguez,NYY,R,Two-Strike,74,SI,0.446,0.568,36.0,5.0,0.0,0.167,0.167,0.242,0.361,0.262,0.375,85.9
665660,Elvis Alvarado,ATH,L,Ahead (Pitcher),81,FF,0.519,0.506,,,,,,,,,,
665660,Elvis Alvarado,ATH,L,Behind (Pitcher),223,FF,0.583,0.435,21.0,7.0,3.0,0.467,1.133,0.717,0.0,0.345,0.6,93.4
665660,Elvis Alvarado,ATH,L,Even,261,FF,0.586,0.349,,,,,,,,,,
665660,Elvis Alvarado,ATH,L,Two-Strike,275,FF,0.589,0.644,67.0,9.0,1.0,0.145,0.226,0.2,0.463,0.241,0.323,87.2
665660,Elvis Alvarado,ATH,R,Ahead (Pitcher),112,SL,0.393,0.545,16.0,5.0,2.0,0.333,0.8,0.441,0.0,0.156,0.5,87.2
665660,Elvis Alvarado,ATH,R,Behind (Pitcher),182,FF,0.555,0.484,21.0,5.0,1.0,0.312,0.562,0.493,0.0,0.195,0.75,94.7
665660,Elvis Alvarado,ATH,R,Even,295,FF,0.488,0.403,19.0,4.0,0.0,0.222,0.333,0.263,0.0,0.292,0.389,91.4
665660,Elvis Alvarado,ATH,R,Two-Strike,255,FF,0.557,0.584,58.0,6.0,1.0,0.12,0.22,0.221,0.517,0.313,0.368,87.6
676106,Emerson Hancock,SEA,L,Ahead (Pitcher),260,FF,0.442,0.458,19.0,9.0,0.0,0.5,0.556,0.482,0.0,0.308,0.389,86.7
676106,Emerson Hancock,SEA,L,Behind (Pitcher),453,SI,0.382,0.494,72.0,19.0,5.0,0.292,0.523,0.383,0.0,0.156,0.523,93.0
676106,Emerson Hancock,SEA,L,Even,739,FF,0.399,0.407,66.0,21.0,4.0,0.323,0.585,0.404,0.0,0.22,0.508,91.1
676106,Emerson Hancock,SEA,L,Two-Strike,637,FF,0.441,0.6,166.0,21.0,3.0,0.142,0.236,0.226,0.446,0.193,0.365,86.6
676106,Emerson Hancock,SEA,R,Ahead (Pitcher),224,SI,0.317,0.54,24.0,7.0,1.0,0.292,0.5,0.337,0.0,0.205,0.24,87.5
676106,Emerson Hancock,SEA,R,Behind (Pitcher),254,SI,0.535,0.567,32.0,13.0,2.0,0.5,0.885,0.638,0.0,0.247,0.654,94.7
676106,Emerson Hancock,SEA,R,Even,566,SI,0.527,0.42,62.0,16.0,1.0,0.267,0.367,0.294,0.0,0.193,0.339,88.9
676106,Emerson Hancock,SEA,R,Two-Strike,466,FF,0.341,0.624,124.0,20.0,4.0,0.169,0.297,0.219,0.411,0.224,0.333,88.1
641941,Emilio Pagán,CIN,L,Ahead (Pitcher),114,FF,0.526,0.579,,,,,,,,,,
641941,Emilio Pagán,CIN,L,Behind (Pitcher),203,FF,0.749,0.498,20.0,5.0,3.0,0.278,0.778,0.505,0.0,0.091,0.529,93.6
641941,Emilio Pagán,CIN,L,Even,317,FF,0.609,0.375,12.0,2.0,0.0,0.2,0.2,0.208,0.0,0.244,0.545,92.0
641941,Emilio Pagán,CIN,L,Two-Strike,303,FF,0.554,0.627,48.0,5.0,2.0,0.116,0.302,0.212,0.542,0.279,0.389,87.2
641941,Emilio Pagán,CIN,R,Ahead (Pitcher),116,FF,0.629,0.491,,,,,,,,,,
641941,Emilio Pagán,CIN,R,Behind (Pitcher),120,FF,0.708,0.558,11.0,2.0,1.0,0.286,0.714,0.518,0.0,0.087,0.429,93.9
641941,Emilio Pagán,CIN,R,Even,293,FF,0.601,0.512,24.0,6.0,0.0,0.286,0.381,0.312,0.0,0.241,0.364,90.8
641941,Emilio Pagán,CIN,R,Two-Strike,265,FF,0.615,0.574,40.0,5.0,0.0,0.128,0.128,0.13,0.45,0.196,0.381,86.0
686218,Emmet Sheehan,LAD,L,Ahead (Pitcher),194,FF,0.428,0.454,12.0,6.0,0.0,0.5,0.5,0.45,0.0,0.295,0.333,86.6
686218,Emmet Sheehan,LAD,L,Behind (Pitcher),342,FF,0.538,0.462,41.0,9.0,4.0,0.25,0.667,0.436,0.0,0.246,0.486,92.2
686218,Emmet Sheehan,LAD,L,Even,526,FF,0.473,0.363,45.0,15.0,2.0,0.341,0.705,0.427,0.0,0.25,0.422,86.2
686218,Emmet Sheehan,LAD,L,Two-Strike,475,FF,0.373,0.648,156.0,29.0,7.0,0.207,0.393,0.3,0.429,0.251,0.384,88.9
686218,Emmet Sheehan,LAD,R,Ahead (Pitcher),204,SL,0.451,0.549,18.0,4.0,0.0,0.235,0.235,0.239,0.0,0.414,0.412,85.5
686218,Emmet Sheehan,LAD,R,Behind (Pitcher),324,FF,0.503,0.509,37.0,8.0,4.0,0.276,0.724,0.455,0.0,0.382,0.367,87.9
686218,Emmet Sheehan,LAD,R,Even,562,FF,0.479,0.425,38.0,17.0,3.0,0.486,0.886,0.593,0.0,0.341,0.389,89.9
686218,Emmet Sheehan,LAD,R,Two-Strike,479,SL,0.449,0.626,125.0,11.0,1.0,0.096,0.14,0.151,0.52,0.286,0.294,87.7
646241,Enmanuel De Jesus,DET,L,Ahead (Pitcher),48,SI,0.417,0.667,16.0,6.0,1.0,0.4,0.667,0.517,0.0,0.094,0.312,87.0
646241,Enmanuel De Jesus,DET,L,Behind (Pitcher),50,FF,0.42,0.44,14.0,5.0,0.0,0.455,0.727,0.546,0.0,0.091,0.455,94.0
646241,Enmanuel De Jesus,DET,L,Even,108,SI,0.37,0.333,11.0,2.0,0.0,0.182,0.182,0.164,0.0,0.306,0.455,88.9
646241,Enmanuel De Jesus,DET,L,Two-Strike,85,FC,0.365,0.588,41.0,8.0,0.0,0.216,0.297,0.27,0.341,0.24,0.391,88.3
646241,Enmanuel De Jesus,DET,R,Ahead (Pitcher),49,FF,0.429,0.469,,,,,,,,,,
646241,Enmanuel De Jesus,DET,R,Behind (Pitcher),81,FF,0.469,0.531,18.0,5.0,1.0,0.455,0.727,0.629,0.0,0.14,0.5,85.5
646241,Enmanuel De Jesus,DET,R,Even,142,FF,0.5,0.352,17.0,4.0,0.0,0.235,0.235,0.212,0.0,0.36,0.412,91.8
646241,Enmanuel De Jesus,DET,R,Two-Strike,106,FF,0.5,0.547,54.0,6.0,1.0,0.12,0.24,0.208,0.463,0.293,0.44,89.4
571771,Enrique Hernández,LAD,L,Behind (Pitcher),30,EP,0.633,0.367,,,,,,,,,,
571771,Enrique Hernández,LAD,L,Even,23,EP,0.652,0.304,,,,,,,,,,
571771,Enrique Hernández,LAD,R,Behind (Pitcher),27,EP,0.63,0.37,,,,,,,,,,
571771,Enrique Hernández,LAD,R,Even,29,EP,0.517,0.276,,,,,,,,,,
660853,Enyel De Los Santos,HOU,L,Ahead (Pitcher),129,CH,0.519,0.535,13.0,4.0,0.0,0.333,0.333,0.375,0.0,0.194,0.154,76.5
660853,Enyel De Los Santos,HOU,L,Behind (Pitcher),218,FF,0.44,0.495,33.0,6.0,3.0,0.222,0.593,0.429,0.0,0.226,0.481,92.0
660853,Enyel De Los Santos,HOU,L,Even,368,CH,0.399,0.432,39.0,12.0,1.0,0.316,0.579,0.368,0.0,0.282,0.333,87.3
660853,Enyel De Los Santos,HOU,L,Two-Strike,302,FF,0.477,0.659,71.0,15.0,1.0,0.221,0.294,0.248,0.394,0.214,0.341,86.1
660853,Enyel De Los Santos,HOU,R,Ahead (Pitcher),176,FF,0.534,0.483,19.0,6.0,0.0,0.316,0.421,0.368,0.0,0.143,0.316,89.2
660853,Enyel De Los Santos,HOU,R,Behind (Pitcher),231,FF,0.511,0.463,20.0,4.0,0.0,0.267,0.333,0.413,0.0,0.353,0.286,85.7
660853,Enyel De Los Santos,HOU,R,Even,443,SL,0.503,0.47,22.0,4.0,2.0,0.19,0.524,0.302,0.0,0.308,0.455,88.3
660853,Enyel De Los Santos,HOU,R,Two-Strike,410,SL,0.488,0.615,84.0,18.0,4.0,0.234,0.468,0.329,0.464,0.262,0.474,89.2
672021,Eric Cerantola,KC,L,Behind (Pitcher),35,FF,0.429,0.2,,,,,,,,,,
672021,Eric Cerantola,KC,L,Even,24,FF,0.458,0.208,,,,,,,,,,
672021,Eric Cerantola,KC,L,Two-Strike,26,SL,0.538,0.462,13.0,1.0,1.0,0.125,0.5,0.423,0.462,0.5,1.0,97.3
641778,Eric Lauer,LAD,L,Ahead (Pitcher),142,FF,0.423,0.563,10.0,6.0,2.0,0.6,1.2,0.76,0.0,0.2,0.5,92.4
641778,Eric Lauer,LAD,L,Behind (Pitcher),162,FF,0.475,0.42,15.0,3.0,1.0,0.333,0.667,0.533,0.0,0.2,0.444,93.3
641778,Eric Lauer,LAD,L,Even,329,FF,0.435,0.422,26.0,10.0,2.0,0.417,0.75,0.512,0.0,0.211,0.36,85.5
641778,Eric Lauer,LAD,L,Two-Strike,236,FF,0.483,0.636,59.0,6.0,1.0,0.113,0.208,0.208,0.356,0.183,0.281,86.4
641778,Eric Lauer,LAD,R,Ahead (Pitcher),343,FF,0.35,0.507,41.0,13.0,1.0,0.325,0.425,0.36,0.0,0.154,0.325,82.9
641778,Eric Lauer,LAD,R,Behind (Pitcher),497,FF,0.439,0.507,74.0,19.0,8.0,0.317,0.767,0.503,0.0,0.114,0.467,90.6
641778,Eric Lauer,LAD,R,Even,919,FF,0.433,0.408,71.0,25.0,7.0,0.357,0.714,0.454,0.0,0.212,0.366,87.3
641778,Eric Lauer,LAD,R,Two-Strike,878,FF,0.469,0.588,171.0,25.0,4.0,0.162,0.279,0.232,0.298,0.103,0.311,87.4
679358,Eric Orze,MIN,L,Ahead (Pitcher),89,FS,0.584,0.584,13.0,5.0,0.0,0.417,0.583,0.469,0.0,0.087,0.231,86.4
679358,Eric Orze,MIN,L,Behind (Pitcher),186,FS,0.484,0.398,22.0,6.0,0.0,0.429,0.571,0.51,0.0,0.225,0.267,91.2
679358,Eric Orze,MIN,L,Even,277,FS,0.487,0.354,26.0,4.0,1.0,0.174,0.348,0.227,0.0,0.13,0.269,81.8
679358,Eric Orze,MIN,L,Two-Strike,165,FS,0.709,0.642,44.0,11.0,0.0,0.262,0.429,0.353,0.386,0.222,0.32,83.0
679358,Eric Orze,MIN,R,Ahead (Pitcher),87,FS,0.517,0.425,,,,,,,,,,
679358,Eric Orze,MIN,R,Behind (Pitcher),137,FS,0.328,0.401,19.0,5.0,0.0,0.417,0.5,0.564,0.0,0.19,0.455,88.9
679358,Eric Orze,MIN,R,Even,234,SL,0.41,0.389,22.0,5.0,0.0,0.25,0.3,0.284,0.0,0.293,0.286,89.9
679358,Eric Orze,MIN,R,Two-Strike,195,FS,0.559,0.61,39.0,4.0,0.0,0.114,0.143,0.173,0.487,0.216,0.25,81.9
607200,Erick Fedde,CWS,L,Ahead (Pitcher),316,CH,0.342,0.297,17.0,3.0,0.0,0.176,0.176,0.213,0.0,0.227,0.067,76.0
607200,Erick Fedde,CWS,L,Behind (Pitcher),629,SI,0.318,0.466,74.0,16.0,3.0,0.271,0.525,0.401,0.0,0.13,0.467,92.1
607200,Erick Fedde,CWS,L,Even,945,SI,0.296,0.333,75.0,25.0,3.0,0.338,0.541,0.384,0.0,0.157,0.539,90.9
607200,Erick Fedde,CWS,L,Two-Strike,733,ST,0.304,0.531,161.0,27.0,1.0,0.193,0.236,0.256,0.311,0.162,0.378,89.0
607200,Erick Fedde,CWS,R,Ahead (Pitcher),309,ST,0.456,0.427,28.0,9.0,1.0,0.346,0.5,0.391,0.0,0.236,0.346,89.4
607200,Erick Fedde,CWS,R,Behind (Pitcher),411,SI,0.384,0.474,56.0,18.0,1.0,0.375,0.521,0.434,0.0,0.15,0.271,85.1
607200,Erick Fedde,CWS,R,Even,833,SI,0.437,0.376,62.0,23.0,9.0,0.377,0.836,0.507,0.0,0.21,0.541,92.5
607200,Erick Fedde,CWS,R,Two-Strike,620,ST,0.476,0.545,133.0,18.0,5.0,0.148,0.295,0.236,0.368,0.189,0.315,84.8
669062,Erik Miller,BOS,L,Ahead (Pitcher),67,SI,0.478,0.493,,,,,,,,,,
669062,Erik Miller,BOS,L,Behind (Pitcher),132,SI,0.606,0.417,20.0,4.0,0.0,0.267,0.267,0.32,0.0,0.238,0.278,82.2
669062,Erik Miller,BOS,L,Even,205,SI,0.512,0.337,11.0,4.0,1.0,0.4,0.8,0.523,0.0,0.421,0.4,84.7
669062,Erik Miller,BOS,L,Two-Strike,168,SL,0.53,0.482,56.0,8.0,0.0,0.151,0.189,0.179,0.571,0.351,0.143,80.0
669062,Erik Miller,BOS,R,Ahead (Pitcher),96,SL,0.333,0.406,,,,,,,,,,
669062,Erik Miller,BOS,R,Behind (Pitcher),230,SI,0.378,0.37,33.0,3.0,1.0,0.158,0.368,0.453,0.0,0.365,0.389,88.9
669062,Erik Miller,BOS,R,Even,294,SI,0.357,0.34,18.0,8.0,1.0,0.5,0.688,0.544,0.0,0.294,0.222,75.0
669062,Erik Miller,BOS,R,Two-Strike,277,SL,0.408,0.495,72.0,6.0,0.0,0.103,0.121,0.226,0.569,0.301,0.235,81.8
681870,Erik Sabrowski,CLE,L,Ahead (Pitcher),64,SL,0.453,0.562,10.0,3.0,0.0,0.333,0.444,0.361,0.0,0.263,0.2,72.6
681870,Erik Sabrowski,CLE,L,Behind (Pitcher),90,FF,0.789,0.389,14.0,1.0,0.0,0.125,0.375,0.414,0.0,0.174,0.5,90.1
681870,Erik Sabrowski,CLE,L,Even,168,FF,0.589,0.44,12.0,4.0,1.0,0.364,0.818,0.508,0.0,0.256,0.273,91.5
681870,Erik Sabrowski,CLE,L,Two-Strike,137,FF,0.606,0.577,35.0,2.0,0.0,0.065,0.065,0.131,0.6,0.364,0.182,85.7
681870,Erik Sabrowski,CLE,R,Ahead (Pitcher),91,FF,0.659,0.549,,,,,,,,,,
681870,Erik Sabrowski,CLE,R,Behind (Pitcher),202,FF,0.817,0.396,21.0,2.0,1.0,0.2,0.5,0.6,0.0,0.319,0.375,87.4
681870,Erik Sabrowski,CLE,R,Even,267,FF,0.682,0.352,12.0,4.0,0.0,0.4,0.5,0.388,0.0,0.351,0.545,97.2
681870,Erik Sabrowski,CLE,R,Two-Strike,285,FF,0.589,0.526,84.0,7.0,1.0,0.092,0.158,0.155,0.619,0.277,0.4,91.1
680899,Erik Tolman,WSH,L,Behind (Pitcher),20,FF,0.65,0.15,,,,,,,,,,
680899,Erik Tolman,WSH,L,Even,36,SL,0.5,0.417,,,,,,,,,,
680899,Erik Tolman,WSH,L,Two-Strike,26,FF,0.538,0.5,14.0,0.0,0.0,0.0,0.0,0.25,0.429,0.308,0.0,71.4
680899,Erik Tolman,WSH,R,Ahead (Pitcher),16,CH,0.562,0.688,,,,,,,,,,
680899,Erik Tolman,WSH,R,Behind (Pitcher),40,FF,0.85,0.55,,,,,,,,,,
680899,Erik Tolman,WSH,R,Even,55,FF,0.473,0.382,,,,,,,,,,
680899,Erik Tolman,WSH,R,Two-Strike,63,FF,0.508,0.651,27.0,6.0,0.0,0.25,0.292,0.291,0.333,0.146,0.4,88.7
814490,Ethan Pecko,HOU,L,Ahead (Pitcher),42,FC,0.357,0.476,,,,,,,,,,
814490,Ethan Pecko,HOU,L,Behind (Pitcher),88,FC,0.341,0.42,20.0,3.0,0.0,0.188,0.188,0.275,0.0,0.135,0.375,88.3
814490,Ethan Pecko,HOU,L,Even,111,FF,0.27,0.324,11.0,5.0,3.0,0.455,1.273,0.78,0.0,0.278,0.6,96.0
814490,Ethan Pecko,HOU,L,Two-Strike,105,FC,0.276,0.581,43.0,7.0,2.0,0.194,0.417,0.328,0.233,0.148,0.5,91.2
814490,Ethan Pecko,HOU,R,Ahead (Pitcher),19,FF,0.368,0.316,,,,,,,,,,
814490,Ethan Pecko,HOU,R,Behind (Pitcher),42,SI,0.571,0.548,,,,,,,,,,
814490,Ethan Pecko,HOU,R,Even,68,SI,0.441,0.426,12.0,3.0,0.0,0.273,0.364,0.312,0.0,0.172,0.364,89.8
814490,Ethan Pecko,HOU,R,Two-Strike,63,ST,0.413,0.508,26.0,4.0,0.0,0.174,0.217,0.233,0.423,0.25,0.308,84.8
681799,Ethan Roberts,CHC,L,Ahead (Pitcher),31,FC,0.452,0.419,,,,,,,,,,
681799,Ethan Roberts,CHC,L,Behind (Pitcher),56,FC,0.643,0.482,10.0,3.0,1.0,0.429,0.857,0.59,0.0,0.217,0.429,91.7
681799,Ethan Roberts,CHC,L,Even,89,FC,0.539,0.303,12.0,1.0,0.0,0.083,0.083,0.075,0.0,0.105,0.583,93.3
681799,Ethan Roberts,CHC,L,Two-Strike,70,ST,0.514,0.543,23.0,1.0,0.0,0.071,0.214,0.343,0.217,0.192,0.222,88.3
681799,Ethan Roberts,CHC,R,Ahead (Pitcher),41,ST,0.488,0.415,,,,,,,,,,
681799,Ethan Roberts,CHC,R,Behind (Pitcher),94,FC,0.457,0.394,15.0,4.0,1.0,0.286,0.5,0.36,0.0,0.103,0.5,93.3
681799,Ethan Roberts,CHC,R,Even,117,ST,0.419,0.35,13.0,5.0,0.0,0.385,0.462,0.373,0.0,0.242,0.462,92.5
681799,Ethan Roberts,CHC,R,Two-Strike,83,ST,0.578,0.687,32.0,5.0,1.0,0.179,0.286,0.262,0.375,0.233,0.438,89.0
691587,Eury Pérez,MIA,L,Ahead (Pitcher),285,FF,0.33,0.523,19.0,7.0,0.0,0.368,0.526,0.387,0.0,0.372,0.526,94.4
691587,Eury Pérez,MIA,L,Behind (Pitcher),520,FF,0.537,0.483,66.0,15.0,2.0,0.333,0.533,0.473,0.0,0.197,0.378,88.2
691587,Eury Pérez,MIA,L,Even,813,FF,0.378,0.415,61.0,16.0,3.0,0.267,0.567,0.359,0.0,0.321,0.475,90.6
691587,Eury Pérez,MIA,L,Two-Strike,860,FF,0.462,0.607,204.0,23.0,2.0,0.126,0.186,0.197,0.5,0.253,0.296,86.8
691587,Eury Pérez,MIA,R,Ahead (Pitcher),235,FF,0.328,0.498,28.0,4.0,0.0,0.148,0.185,0.166,0.0,0.257,0.259,81.2
691587,Eury Pérez,MIA,R,Behind (Pitcher),344,FF,0.523,0.48,51.0,10.0,3.0,0.244,0.537,0.399,0.0,0.262,0.512,90.1
691587,Eury Pérez,MIA,R,Even,625,FF,0.36,0.421,56.0,25.0,6.0,0.5,0.9,0.627,0.0,0.307,0.431,89.6
691587,Eury Pérez,MIA,R,Two-Strike,566,FF,0.452,0.588,147.0,23.0,4.0,0.18,0.312,0.279,0.395,0.209,0.377,85.8
623465,Evan Phillips,LAD,L,Ahead (Pitcher),19,FF,0.579,0.526,,,,,,,,,,
623465,Evan Phillips,LAD,L,Behind (Pitcher),49,FF,0.408,0.429,,,,,,,,,,
623465,Evan Phillips,LAD,L,Even,72,FF,0.444,0.306,,,,,,,,,,
623465,Evan Phillips,LAD,L,Two-Strike,70,FF,0.457,0.543,24.0,2.0,1.0,0.091,0.227,0.179,0.583,0.182,0.375,94.6
623465,Evan Phillips,LAD,R,Ahead (Pitcher),38,ST,0.474,0.368,,,,,,,,,,
623465,Evan Phillips,LAD,R,Behind (Pitcher),45,FF,0.6,0.6,10.0,3.0,0.0,0.3,0.4,0.305,0.0,0.118,0.2,86.7
623465,Evan Phillips,LAD,R,Even,95,ST,0.463,0.305,,,,,,,,,,
623465,Evan Phillips,LAD,R,Two-Strike,99,ST,0.677,0.657,32.0,6.0,2.0,0.194,0.452,0.281,0.438,0.189,0.529,95.8
681895,Evan Sisk,PIT,L,Ahead (Pitcher),61,ST,0.41,0.344,,,,,,,,,,
681895,Evan Sisk,PIT,L,Behind (Pitcher),140,SI,0.629,0.321,21.0,2.0,0.0,0.2,0.3,0.469,0.0,0.323,0.4,85.3
681895,Evan Sisk,PIT,L,Even,191,SI,0.429,0.319,13.0,3.0,1.0,0.333,0.667,0.508,0.0,0.133,0.2,73.7
681895,Evan Sisk,PIT,L,Two-Strike,161,ST,0.503,0.497,52.0,7.0,0.0,0.152,0.152,0.188,0.462,0.281,0.304,83.6
681895,Evan Sisk,PIT,R,Ahead (Pitcher),69,SI,0.275,0.449,,,,,,,,,,
681895,Evan Sisk,PIT,R,Behind (Pitcher),142,SI,0.317,0.415,21.0,5.0,1.0,0.333,0.667,0.525,0.0,0.238,0.286,88.8
681895,Evan Sisk,PIT,R,Even,203,CU,0.315,0.286,14.0,5.0,0.0,0.417,0.583,0.471,0.0,0.205,0.417,87.8
681895,Evan Sisk,PIT,R,Two-Strike,154,CU,0.39,0.604,52.0,7.0,0.0,0.152,0.196,0.202,0.462,0.229,0.304,86.8
518585,Fernando Cruz,NYY,L,Ahead (Pitcher),103,FS,0.874,0.495,14.0,4.0,2.0,0.308,0.846,0.439,0.0,0.345,0.429,89.1
518585,Fernando Cruz,NYY,L,Behind (Pitcher),215,FF,0.628,0.293,24.0,4.0,1.0,0.286,0.571,0.502,0.0,0.317,0.357,92.7
518585,Fernando Cruz,NYY,L,Even,287,FS,0.547,0.331,18.0,3.0,0.0,0.167,0.222,0.169,0.0,0.419,0.056,82.8
518585,Fernando Cruz,NYY,L,Two-Strike,215,FS,0.823,0.605,65.0,7.0,0.0,0.127,0.164,0.205,0.462,0.333,0.077,79.5
518585,Fernando Cruz,NYY,R,Ahead (Pitcher),112,FS,0.92,0.438,,,,,,,,,,
518585,Fernando Cruz,NYY,R,Behind (Pitcher),248,FF,0.395,0.379,26.0,8.0,2.0,0.381,0.81,0.574,0.0,0.214,0.5,89.7
518585,Fernando Cruz,NYY,R,Even,329,FS,0.465,0.368,20.0,5.0,0.0,0.263,0.368,0.295,0.0,0.435,0.158,82.1
518585,Fernando Cruz,NYY,R,Two-Strike,236,FS,0.864,0.614,64.0,10.0,2.0,0.175,0.298,0.257,0.578,0.444,0.45,89.6
656492,Foster Griffin,CLE,L,Ahead (Pitcher),110,ST,0.436,0.509,23.0,8.0,1.0,0.364,0.682,0.452,0.0,0.214,0.318,86.8
656492,Foster Griffin,CLE,L,Behind (Pitcher),130,FC,0.469,0.492,31.0,6.0,1.0,0.231,0.346,0.352,0.0,0.188,0.346,87.6
656492,Foster Griffin,CLE,L,Even,278,FC,0.309,0.345,36.0,11.0,4.0,0.333,0.788,0.485,0.0,0.198,0.424,87.6
656492,Foster Griffin,CLE,L,Two-Strike,243,ST,0.387,0.576,107.0,12.0,1.0,0.12,0.18,0.175,0.533,0.264,0.279,86.1
656492,Foster Griffin,CLE,R,Ahead (Pitcher),269,FC,0.323,0.524,47.0,18.0,4.0,0.383,0.66,0.465,0.0,0.262,0.277,81.8
656492,Foster Griffin,CLE,R,Behind (Pitcher),420,FC,0.533,0.474,91.0,29.0,5.0,0.377,0.675,0.488,0.0,0.171,0.43,89.8
656492,Foster Griffin,CLE,R,Even,742,FC,0.306,0.367,94.0,28.0,5.0,0.304,0.511,0.367,0.0,0.239,0.389,87.0
656492,Foster Griffin,CLE,R,Two-Strike,643,FC,0.295,0.611,289.0,52.0,2.0,0.199,0.264,0.254,0.349,0.16,0.38,88.0
664285,Framber Valdez,DET,L,Ahead (Pitcher),160,SI,0.581,0.519,12.0,5.0,0.0,0.417,0.417,0.375,0.0,0.302,0.417,92.0
664285,Framber Valdez,DET,L,Behind (Pitcher),240,SI,0.758,0.487,31.0,9.0,1.0,0.346,0.538,0.432,0.0,0.145,0.423,93.9
664285,Framber Valdez,DET,L,Even,437,SI,0.659,0.382,41.0,16.0,3.0,0.4,0.65,0.456,0.0,0.234,0.317,80.6
664285,Framber Valdez,DET,L,Two-Strike,320,CU,0.362,0.584,93.0,13.0,0.0,0.157,0.205,0.216,0.484,0.313,0.158,81.5
664285,Framber Valdez,DET,R,Ahead (Pitcher),591,SI,0.371,0.496,48.0,19.0,2.0,0.422,0.622,0.472,0.0,0.192,0.435,89.6
664285,Framber Valdez,DET,R,Behind (Pitcher),1094,SI,0.57,0.428,132.0,33.0,3.0,0.324,0.471,0.433,0.0,0.131,0.524,93.0
664285,Framber Valdez,DET,R,Even,1645,SI,0.487,0.356,124.0,35.0,3.0,0.297,0.432,0.335,0.0,0.181,0.475,88.4
664285,Framber Valdez,DET,R,Two-Strike,1182,CU,0.511,0.629,275.0,39.0,4.0,0.16,0.239,0.241,0.327,0.173,0.391,89.4
680916,Franco Aleman,CLE,L,Ahead (Pitcher),25,FF,0.48,0.44,,,,,,,,,,
680916,Franco Aleman,CLE,L,Behind (Pitcher),43,FF,0.721,0.558,10.0,4.0,2.0,0.444,1.111,0.65,0.0,0.333,0.556,96.3
680916,Franco Aleman,CLE,L,Even,70,FF,0.571,0.4,,,,,,,,,,
680916,Franco Aleman,CLE,L,Two-Strike,54,FF,0.685,0.593,26.0,4.0,0.0,0.174,0.174,0.256,0.538,0.344,0.625,95.9
680916,Franco Aleman,CLE,R,Ahead (Pitcher),23,FF,0.609,0.348,,,,,,,,,,
680916,Franco Aleman,CLE,R,Behind (Pitcher),59,FF,0.729,0.288,14.0,2.0,0.0,0.25,0.25,0.429,0.0,0.059,0.25,87.5
680916,Franco Aleman,CLE,R,Even,80,FF,0.788,0.287,,,,,,,,,,
680916,Franco Aleman,CLE,R,Two-Strike,73,FF,0.589,0.685,30.0,6.0,1.0,0.214,0.357,0.275,0.467,0.2,0.214,86.9
642547,Freddy Peralta,TB,L,Ahead (Pitcher),388,FF,0.49,0.448,27.0,12.0,0.0,0.444,0.63,0.498,0.0,0.318,0.333,83.3
642547,Freddy Peralta,TB,L,Behind (Pitcher),780,FF,0.588,0.451,102.0,23.0,6.0,0.288,0.575,0.453,0.0,0.24,0.525,91.7
642547,Freddy Peralta,TB,L,Even,1149,FF,0.552,0.372,87.0,27.0,4.0,0.318,0.541,0.371,0.0,0.261,0.368,86.8
642547,Freddy Peralta,TB,L,Two-Strike,1058,FF,0.484,0.581,233.0,41.0,7.0,0.19,0.329,0.254,0.421,0.22,0.3,84.8
642547,Freddy Peralta,TB,R,Ahead (Pitcher),328,FF,0.457,0.439,19.0,7.0,1.0,0.412,0.647,0.481,0.0,0.304,0.444,87.4
642547,Freddy Peralta,TB,R,Behind (Pitcher),496,FF,0.603,0.504,49.0,10.0,1.0,0.27,0.459,0.406,0.0,0.162,0.486,92.2
642547,Freddy Peralta,TB,R,Even,887,FF,0.574,0.391,53.0,18.0,1.0,0.375,0.542,0.411,0.0,0.242,0.38,87.4
642547,Freddy Peralta,TB,R,Two-Strike,870,FF,0.478,0.567,138.0,19.0,3.0,0.154,0.252,0.238,0.391,0.198,0.275,83.1
642585,Félix Bautista,BAL,L,Ahead (Pitcher),33,FS,0.818,0.394,,,,,,,,,,
642585,Félix Bautista,BAL,L,Behind (Pitcher),90,SI,0.844,0.4,,,,,,,,,,
642585,Félix Bautista,BAL,L,Even,114,SI,0.675,0.368,,,,,,,,,,
642585,Félix Bautista,BAL,L,Two-Strike,101,FS,0.505,0.634,,,,,,,,,,
642585,Félix Bautista,BAL,R,Ahead (Pitcher),31,SI,0.516,0.484,,,,,,,,,,
642585,Félix Bautista,BAL,R,Behind (Pitcher),84,SI,0.786,0.345,,,,,,,,,,
642585,Félix Bautista,BAL,R,Even,107,SI,0.598,0.393,,,,,,,,,,
642585,Félix Bautista,BAL,R,Two-Strike,106,FS,0.509,0.585,,,,,,,,,,
642100,Gabe Speier,SEA,L,Ahead (Pitcher),116,SI,0.483,0.5,11.0,4.0,0.0,0.4,0.6,0.473,0.0,0.2,0.167,84.9
642100,Gabe Speier,SEA,L,Behind (Pitcher),117,SI,0.521,0.462,12.0,3.0,0.0,0.3,0.4,0.371,0.0,0.19,0.4,84.2
642100,Gabe Speier,SEA,L,Even,265,SI,0.638,0.4,18.0,6.0,1.0,0.353,0.588,0.419,0.0,0.146,0.556,92.6
642100,Gabe Speier,SEA,L,Two-Strike,259,FF,0.486,0.637,45.0,2.0,0.0,0.048,0.095,0.102,0.467,0.208,0.333,85.7
642100,Gabe Speier,SEA,R,Ahead (Pitcher),127,FF,0.575,0.575,13.0,3.0,0.0,0.273,0.273,0.262,0.0,0.257,0.25,89.2
642100,Gabe Speier,SEA,R,Behind (Pitcher),140,FF,0.436,0.429,12.0,2.0,0.0,0.25,0.375,0.486,0.0,0.217,0.429,88.3
642100,Gabe Speier,SEA,R,Even,307,FF,0.482,0.443,19.0,8.0,3.0,0.471,1.059,0.653,0.0,0.222,0.389,85.7
642100,Gabe Speier,SEA,R,Two-Strike,286,FF,0.605,0.622,54.0,7.0,1.0,0.146,0.229,0.221,0.426,0.279,0.32,87.7
687312,Gabriel Hughes,COL,L,Ahead (Pitcher),93,FF,0.452,0.441,16.0,2.0,0.0,0.125,0.312,0.178,0.0,0.146,0.375,89.2
687312,Gabriel Hughes,COL,L,Behind (Pitcher),164,FF,0.53,0.439,39.0,11.0,1.0,0.355,0.484,0.435,0.0,0.194,0.387,89.0
687312,Gabriel Hughes,COL,L,Even,266,FF,0.459,0.32,30.0,12.0,0.0,0.444,0.556,0.438,0.0,0.188,0.2,81.6
687312,Gabriel Hughes,COL,L,Two-Strike,246,FF,0.524,0.638,101.0,19.0,4.0,0.207,0.391,0.312,0.307,0.146,0.306,86.0
687312,Gabriel Hughes,COL,R,Ahead (Pitcher),42,FF,0.548,0.476,,,,,,,,,,
687312,Gabriel Hughes,COL,R,Behind (Pitcher),80,FF,0.588,0.487,16.0,5.0,1.0,0.556,0.889,0.712,0.0,0.179,0.3,83.8
687312,Gabriel Hughes,COL,R,Even,132,FF,0.523,0.424,26.0,6.0,1.0,0.24,0.44,0.277,0.0,0.196,0.346,89.8
687312,Gabriel Hughes,COL,R,Two-Strike,122,FF,0.402,0.623,47.0,10.0,0.0,0.227,0.341,0.273,0.532,0.237,0.316,85.9
695611,Gage Jump,ATH,L,Ahead (Pitcher),54,FF,0.389,0.556,,,,,,,,,,
695611,Gage Jump,ATH,L,Behind (Pitcher),107,FF,0.467,0.421,22.0,7.0,1.0,0.538,0.846,0.575,0.0,0.244,0.667,96.2
695611,Gage Jump,ATH,L,Even,158,FF,0.392,0.392,23.0,7.0,1.0,0.333,0.476,0.391,0.0,0.242,0.318,78.1
695611,Gage Jump,ATH,L,Two-Strike,132,FF,0.432,0.576,63.0,9.0,1.0,0.167,0.222,0.235,0.397,0.184,0.323,87.2
695611,Gage Jump,ATH,R,Ahead (Pitcher),167,FF,0.413,0.485,30.0,11.0,0.0,0.367,0.467,0.365,0.0,0.333,0.267,88.0
695611,Gage Jump,ATH,R,Behind (Pitcher),272,FF,0.54,0.412,59.0,21.0,3.0,0.467,0.889,0.619,0.0,0.205,0.523,90.3
695611,Gage Jump,ATH,R,Even,452,FF,0.46,0.396,54.0,14.0,1.0,0.259,0.37,0.295,0.0,0.257,0.377,89.0
695611,Gage Jump,ATH,R,Two-Strike,420,FF,0.483,0.619,178.0,31.0,5.0,0.195,0.333,0.284,0.466,0.215,0.395,90.8
670183,Garrett Acton,MIN,L,Behind (Pitcher),32,FF,0.719,0.438,,,,,,,,,,
670183,Garrett Acton,MIN,L,Even,36,FF,0.611,0.417,,,,,,,,,,
670183,Garrett Acton,MIN,L,Two-Strike,30,FF,0.633,0.4,14.0,1.0,0.0,0.091,0.182,0.239,0.571,0.455,0.333,91.8
670183,Garrett Acton,MIN,R,Ahead (Pitcher),17,SL,0.588,0.412,,,,,,,,,,
670183,Garrett Acton,MIN,R,Behind (Pitcher),23,FF,0.739,0.304,,,,,,,,,,
670183,Garrett Acton,MIN,R,Even,39,FF,0.564,0.385,,,,,,,,,,
670183,Garrett Acton,MIN,R,Two-Strike,38,SL,0.579,0.632,18.0,4.0,1.0,0.267,0.6,0.428,0.333,0.25,0.6,93.5
664076,Garrett Cleavinger,TB,L,Ahead (Pitcher),84,ST,0.464,0.56,12.0,4.0,1.0,0.364,0.727,0.421,0.0,0.182,0.333,81.7
664076,Garrett Cleavinger,TB,L,Behind (Pitcher),107,SI,0.692,0.336,13.0,1.0,0.0,0.2,0.4,0.473,0.0,0.083,0.5,90.8
664076,Garrett Cleavinger,TB,L,Even,215,SI,0.647,0.386,16.0,6.0,0.0,0.429,0.5,0.403,0.0,0.31,0.267,83.1
664076,Garrett Cleavinger,TB,L,Two-Strike,149,ST,0.611,0.564,32.0,6.0,1.0,0.214,0.321,0.269,0.562,0.308,0.091,81.3
664076,Garrett Cleavinger,TB,R,Ahead (Pitcher),142,SL,0.648,0.514,,,,,,,,,,
664076,Garrett Cleavinger,TB,R,Behind (Pitcher),205,SL,0.644,0.39,16.0,5.0,1.0,0.357,0.571,0.493,0.0,0.267,0.615,88.8
664076,Garrett Cleavinger,TB,R,Even,362,SL,0.511,0.436,19.0,8.0,1.0,0.421,0.684,0.474,0.0,0.234,0.526,86.1
664076,Garrett Cleavinger,TB,R,Two-Strike,348,SL,0.509,0.621,69.0,6.0,2.0,0.102,0.254,0.217,0.522,0.22,0.417,86.3
676979,Garrett Crochet,BOS,L,Ahead (Pitcher),82,ST,0.305,0.598,,,,,,,,,,
676979,Garrett Crochet,BOS,L,Behind (Pitcher),121,SI,0.512,0.537,,,,,,,,,,
676979,Garrett Crochet,BOS,L,Even,231,SI,0.506,0.407,,,,,,,,,,
676979,Garrett Crochet,BOS,L,Two-Strike,184,ST,0.337,0.62,,,,,,,,,,
676979,Garrett Crochet,BOS,R,Ahead (Pitcher),387,FF,0.367,0.525,,,,,,,,,,
676979,Garrett Crochet,BOS,R,Behind (Pitcher),614,FC,0.391,0.477,20.0,3.0,2.0,0.231,0.769,0.552,0.0,0.146,0.538,92.2
676979,Garrett Crochet,BOS,R,Even,1092,FF,0.402,0.42,30.0,12.0,2.0,0.414,0.69,0.51,0.0,0.206,0.484,92.0
676979,Garrett Crochet,BOS,R,Two-Strike,958,FF,0.389,0.626,58.0,12.0,1.0,0.222,0.37,0.299,0.552,0.289,0.455,88.5
668831,Garrett Stallings,MIL,L,Behind (Pitcher),21,CH,0.524,0.429,,,,,,,,,,
668831,Garrett Stallings,MIL,L,Even,34,FC,0.382,0.353,,,,,,,,,,
668831,Garrett Stallings,MIL,L,Two-Strike,28,CH,0.571,0.607,11.0,1.0,0.0,0.1,0.1,0.145,0.182,0.118,0.25,91.6
668831,Garrett Stallings,MIL,R,Ahead (Pitcher),18,FC,0.389,0.444,,,,,,,,,,
668831,Garrett Stallings,MIL,R,Even,34,SI,0.471,0.5,,,,,,,,,,
668831,Garrett Stallings,MIL,R,Two-Strike,33,CH,0.667,0.394,20.0,0.0,0.0,0.0,0.0,0.105,0.75,0.538,0.0,90.9
596117,Garrett Stubbs,PHI,L,Even,15,EP,0.533,0.6,,,,,,,,,,
676477,Garrett Whitlock,BOS,L,Ahead (Pitcher),144,CH,0.486,0.618,15.0,5.0,0.0,0.333,0.333,0.3,0.0,0.425,0.333,89.1
676477,Garrett Whitlock,BOS,L,Behind (Pitcher),164,SI,0.573,0.524,17.0,3.0,0.0,0.214,0.214,0.241,0.0,0.256,0.2,84.6
676477,Garrett Whitlock,BOS,L,Even,343,SI,0.586,0.475,18.0,7.0,0.0,0.389,0.444,0.369,0.0,0.275,0.389,93.9
676477,Garrett Whitlock,BOS,L,Two-Strike,331,SI,0.405,0.647,61.0,8.0,1.0,0.143,0.214,0.199,0.541,0.253,0.375,89.5
676477,Garrett Whitlock,BOS,R,Ahead (Pitcher),144,SI,0.486,0.611,,,,,,,,,,
676477,Garrett Whitlock,BOS,R,Behind (Pitcher),126,SI,0.603,0.437,,,,,,,,,,
676477,Garrett Whitlock,BOS,R,Even,323,SI,0.613,0.43,18.0,4.0,1.0,0.235,0.471,0.309,0.0,0.286,0.5,84.6
676477,Garrett Whitlock,BOS,R,Two-Strike,356,SI,0.399,0.604,54.0,8.0,1.0,0.151,0.245,0.18,0.481,0.275,0.222,84.7
596142,Gary Sánchez,MIL,R,Even,17,EP,0.412,0.353,,,,,,,,,,
686560,Gavin Collyer,TEX,L,Ahead (Pitcher),22,ST,0.455,0.273,,,,,,,,,,
686560,Gavin Collyer,TEX,L,Behind (Pitcher),66,FC,0.485,0.303,13.0,2.0,0.0,0.222,0.333,0.446,0.0,0.3,0.5,91.9
686560,Gavin Collyer,TEX,L,Even,72,FC,0.431,0.319,,,,,,,,,,
686560,Gavin Collyer,TEX,L,Two-Strike,71,FF,0.451,0.592,30.0,4.0,0.0,0.174,0.217,0.295,0.367,0.19,0.25,90.4
686560,Gavin Collyer,TEX,R,Ahead (Pitcher),26,SI,0.385,0.269,,,,,,,,,,
686560,Gavin Collyer,TEX,R,Behind (Pitcher),58,FC,0.466,0.328,15.0,1.0,0.0,0.125,0.25,0.41,0.0,0.158,0.375,92.9
686560,Gavin Collyer,TEX,R,Even,77,FC,0.416,0.208,,,,,,,,,,
686560,Gavin Collyer,TEX,R,Two-Strike,58,ST,0.397,0.552,28.0,4.0,0.0,0.167,0.208,0.241,0.393,0.25,0.077,73.8
668970,Gavin Hollowell,CHC,L,Ahead (Pitcher),20,FF,0.4,0.55,,,,,,,,,,
668970,Gavin Hollowell,CHC,L,Behind (Pitcher),33,FF,0.636,0.394,,,,,,,,,,
668970,Gavin Hollowell,CHC,L,Even,52,FF,0.596,0.308,,,,,,,,,,
668970,Gavin Hollowell,CHC,L,Two-Strike,48,FF,0.5,0.688,12.0,1.0,0.0,0.091,0.182,0.162,0.333,0.231,0.571,85.4
668970,Gavin Hollowell,CHC,R,Ahead (Pitcher),36,ST,0.472,0.556,,,,,,,,,,
668970,Gavin Hollowell,CHC,R,Behind (Pitcher),63,FF,0.365,0.365,,,,,,,,,,
668970,Gavin Hollowell,CHC,R,Even,86,SI,0.372,0.221,,,,,,,,,,
668970,Gavin Hollowell,CHC,R,Two-Strike,87,FF,0.391,0.552,25.0,3.0,0.0,0.15,0.15,0.248,0.36,0.161,0.091,83.2
668909,Gavin Williams,CLE,L,Ahead (Pitcher),403,FF,0.409,0.556,38.0,9.0,2.0,0.243,0.514,0.322,0.0,0.295,0.421,88.0
668909,Gavin Williams,CLE,L,Behind (Pitcher),660,FF,0.406,0.479,48.0,12.0,3.0,0.333,0.639,0.493,0.0,0.298,0.583,92.1
668909,Gavin Williams,CLE,L,Even,1099,FF,0.339,0.37,80.0,22.0,1.0,0.282,0.423,0.311,0.0,0.271,0.418,88.7
668909,Gavin Williams,CLE,L,Two-Strike,1102,CU,0.365,0.574,268.0,32.0,7.0,0.132,0.243,0.213,0.571,0.315,0.356,88.1
668909,Gavin Williams,CLE,R,Ahead (Pitcher),316,ST,0.456,0.506,28.0,4.0,1.0,0.143,0.25,0.174,0.0,0.471,0.37,87.2
668909,Gavin Williams,CLE,R,Behind (Pitcher),543,FF,0.331,0.413,40.0,14.0,2.0,0.438,0.688,0.528,0.0,0.312,0.594,94.6
668909,Gavin Williams,CLE,R,Even,886,ST,0.297,0.375,47.0,20.0,6.0,0.435,0.891,0.58,0.0,0.327,0.761,96.0
668909,Gavin Williams,CLE,R,Two-Strike,833,ST,0.441,0.559,181.0,26.0,5.0,0.159,0.262,0.234,0.492,0.284,0.37,86.3
664129,Geoff Hartlieb,ATH,L,Ahead (Pitcher),26,SL,0.577,0.538,,,,,,,,,,
664129,Geoff Hartlieb,ATH,L,Behind (Pitcher),65,FF,0.431,0.354,12.0,2.0,0.0,0.286,0.286,0.442,0.0,0.263,0.286,87.1
664129,Geoff Hartlieb,ATH,L,Even,86,FF,0.43,0.407,14.0,5.0,0.0,0.385,0.615,0.396,0.0,0.071,0.571,92.0
664129,Geoff Hartlieb,ATH,L,Two-Strike,65,SL,0.523,0.631,21.0,3.0,0.0,0.15,0.2,0.179,0.524,0.3,0.667,98.3
664129,Geoff Hartlieb,ATH,R,Ahead (Pitcher),36,SL,0.472,0.444,,,,,,,,,,
664129,Geoff Hartlieb,ATH,R,Behind (Pitcher),57,SI,0.351,0.404,13.0,3.0,1.0,0.429,0.857,0.508,0.0,0.438,0.556,89.6
664129,Geoff Hartlieb,ATH,R,Even,101,SL,0.386,0.426,15.0,6.0,0.0,0.4,0.467,0.383,0.0,0.429,0.333,90.5
664129,Geoff Hartlieb,ATH,R,Two-Strike,64,SL,0.547,0.656,25.0,4.0,0.0,0.167,0.292,0.214,0.36,0.212,0.333,89.5
669923,George Kirby,SEA,L,Ahead (Pitcher),351,FF,0.333,0.487,43.0,11.0,0.0,0.256,0.349,0.284,0.0,0.228,0.372,86.3
669923,George Kirby,SEA,L,Behind (Pitcher),532,FF,0.325,0.472,73.0,23.0,3.0,0.377,0.623,0.473,0.0,0.148,0.459,90.8
669923,George Kirby,SEA,L,Even,960,FF,0.328,0.425,80.0,29.0,5.0,0.367,0.62,0.434,0.0,0.212,0.443,90.5
669923,George Kirby,SEA,L,Two-Strike,794,FF,0.281,0.578,191.0,37.0,5.0,0.216,0.368,0.297,0.361,0.218,0.426,91.5
669923,George Kirby,SEA,R,Ahead (Pitcher),325,ST,0.348,0.566,41.0,21.0,2.0,0.525,0.8,0.596,0.0,0.216,0.375,87.8
669923,George Kirby,SEA,R,Behind (Pitcher),352,SI,0.486,0.548,48.0,14.0,0.0,0.341,0.463,0.377,0.0,0.213,0.442,86.1
669923,George Kirby,SEA,R,Even,811,SI,0.456,0.417,80.0,25.0,3.0,0.316,0.468,0.344,0.0,0.225,0.358,87.7
669923,George Kirby,SEA,R,Two-Strike,726,FF,0.368,0.607,184.0,36.0,4.0,0.208,0.312,0.253,0.418,0.221,0.347,88.7
691946,George Klassen,LAA,L,Ahead (Pitcher),32,FF,0.375,0.562,,,,,,,,,,
691946,George Klassen,LAA,L,Behind (Pitcher),64,FF,0.391,0.438,16.0,6.0,0.0,0.545,0.636,0.578,0.0,0.25,0.636,88.5
691946,George Klassen,LAA,L,Even,105,FF,0.457,0.41,17.0,6.0,0.0,0.375,0.5,0.4,0.0,0.326,0.438,86.4
691946,George Klassen,LAA,L,Two-Strike,75,FF,0.427,0.613,32.0,2.0,1.0,0.069,0.172,0.213,0.438,0.261,0.312,85.1
691946,George Klassen,LAA,R,Ahead (Pitcher),23,SL,0.348,0.478,,,,,,,,,,
691946,George Klassen,LAA,R,Behind (Pitcher),61,SL,0.361,0.311,14.0,1.0,0.0,0.143,0.143,0.414,0.0,0.316,0.714,98.3
691946,George Klassen,LAA,R,Even,68,SL,0.412,0.368,,,,,,,,,,
691946,George Klassen,LAA,R,Two-Strike,63,SL,0.508,0.54,31.0,3.0,1.0,0.12,0.24,0.287,0.323,0.265,0.4,88.1
666277,George Soriano,STL,L,Ahead (Pitcher),142,CH,0.514,0.528,14.0,3.0,0.0,0.214,0.286,0.218,0.0,0.294,0.429,93.8
666277,George Soriano,STL,L,Behind (Pitcher),194,CH,0.34,0.418,28.0,5.0,1.0,0.238,0.524,0.443,0.0,0.137,0.55,92.5
666277,George Soriano,STL,L,Even,339,CH,0.366,0.401,21.0,2.0,0.0,0.105,0.158,0.152,0.0,0.407,0.4,83.6
666277,George Soriano,STL,L,Two-Strike,326,CH,0.488,0.629,96.0,16.0,2.0,0.184,0.276,0.255,0.417,0.22,0.383,90.0
666277,George Soriano,STL,R,Ahead (Pitcher),111,ST,0.243,0.441,,,,,,,,,,
666277,George Soriano,STL,R,Behind (Pitcher),207,SI,0.324,0.425,27.0,10.0,5.0,0.455,1.227,0.7,0.0,0.286,0.435,89.6
666277,George Soriano,STL,R,Even,305,SL,0.315,0.308,21.0,7.0,2.0,0.389,0.778,0.455,0.0,0.361,0.55,92.4
666277,George Soriano,STL,R,Two-Strike,243,CH,0.305,0.601,74.0,12.0,0.0,0.203,0.254,0.293,0.351,0.177,0.235,87.7
672629,Gerardo Carrillo,AZ,L,Ahead (Pitcher),21,FS,0.429,0.476,,,,,,,,,,
672629,Gerardo Carrillo,AZ,L,Behind (Pitcher),63,FC,0.413,0.317,13.0,0.0,0.0,0.0,0.0,0.442,0.0,0.1,0.4,95.3
672629,Gerardo Carrillo,AZ,L,Even,77,SI,0.338,0.364,11.0,5.0,0.0,0.455,0.636,0.473,0.0,0.179,0.273,92.6
672629,Gerardo Carrillo,AZ,L,Two-Strike,64,FS,0.609,0.516,29.0,4.0,0.0,0.16,0.24,0.245,0.517,0.394,0.2,83.0
672629,Gerardo Carrillo,AZ,R,Behind (Pitcher),29,FC,0.621,0.276,,,,,,,,,,
672629,Gerardo Carrillo,AZ,R,Even,32,FC,0.375,0.344,,,,,,,,,,
672629,Gerardo Carrillo,AZ,R,Two-Strike,25,FS,0.44,0.4,11.0,2.0,0.0,0.25,0.25,0.355,0.545,0.5,0.5,88.2
608566,Germán Márquez,SD,L,Ahead (Pitcher),207,KC,0.372,0.454,19.0,4.0,1.0,0.222,0.389,0.284,0.0,0.154,0.556,91.3
608566,Germán Márquez,SD,L,Behind (Pitcher),414,FF,0.483,0.473,29.0,6.0,2.0,0.333,0.722,0.54,0.0,0.22,0.389,91.9
608566,Germán Márquez,SD,L,Even,611,FF,0.386,0.36,16.0,7.0,2.0,0.467,1.0,0.575,0.0,0.194,0.438,89.2
608566,Germán Márquez,SD,L,Two-Strike,433,KC,0.501,0.582,72.0,15.0,4.0,0.234,0.469,0.349,0.306,0.126,0.595,93.2
608566,Germán Márquez,SD,R,Ahead (Pitcher),180,KC,0.333,0.572,16.0,5.0,2.0,0.312,0.75,0.441,0.0,0.156,0.438,88.3
608566,Germán Márquez,SD,R,Behind (Pitcher),291,SI,0.33,0.546,21.0,5.0,3.0,0.294,0.824,0.505,0.0,0.143,0.471,89.4
608566,Germán Márquez,SD,R,Even,508,FF,0.321,0.396,23.0,6.0,0.0,0.261,0.304,0.328,0.0,0.255,0.261,80.0
608566,Germán Márquez,SD,R,Two-Strike,367,KC,0.458,0.561,41.0,7.0,0.0,0.184,0.263,0.252,0.366,0.196,0.261,81.7
543037,Gerrit Cole,NYY,L,Ahead (Pitcher),182,FF,0.385,0.467,28.0,9.0,1.0,0.321,0.464,0.341,0.0,0.259,0.214,83.9
543037,Gerrit Cole,NYY,L,Behind (Pitcher),201,FF,0.473,0.522,44.0,13.0,4.0,0.351,0.784,0.525,0.0,0.152,0.553,91.5
543037,Gerrit Cole,NYY,L,Even,448,FF,0.458,0.373,59.0,12.0,2.0,0.203,0.356,0.238,0.0,0.228,0.322,88.4
543037,Gerrit Cole,NYY,L,Two-Strike,406,FF,0.505,0.623,177.0,31.0,8.0,0.188,0.364,0.266,0.486,0.217,0.45,92.4
543037,Gerrit Cole,NYY,R,Ahead (Pitcher),113,FF,0.451,0.504,22.0,8.0,0.0,0.364,0.455,0.359,0.0,0.175,0.455,89.2
543037,Gerrit Cole,NYY,R,Behind (Pitcher),125,FF,0.512,0.504,34.0,13.0,5.0,0.406,0.906,0.557,0.0,0.143,0.594,93.2
543037,Gerrit Cole,NYY,R,Even,272,FF,0.489,0.412,52.0,11.0,0.0,0.212,0.288,0.217,0.0,0.143,0.453,90.8
543037,Gerrit Cole,NYY,R,Two-Strike,206,FF,0.592,0.549,99.0,18.0,2.0,0.194,0.323,0.257,0.455,0.195,0.468,94.1
700669,Gordon Graceffo,STL,L,Ahead (Pitcher),119,FF,0.361,0.412,13.0,3.0,0.0,0.231,0.385,0.262,0.0,0.062,0.615,92.9
700669,Gordon Graceffo,STL,L,Behind (Pitcher),192,FF,0.5,0.443,33.0,7.0,2.0,0.292,0.542,0.453,0.0,0.169,0.5,93.0
700669,Gordon Graceffo,STL,L,Even,320,FF,0.45,0.384,26.0,4.0,1.0,0.16,0.32,0.221,0.0,0.227,0.48,90.4
700669,Gordon Graceffo,STL,L,Two-Strike,260,FF,0.315,0.554,77.0,3.0,0.0,0.045,0.06,0.131,0.338,0.217,0.415,91.5
700669,Gordon Graceffo,STL,R,Ahead (Pitcher),115,SL,0.365,0.504,12.0,3.0,0.0,0.25,0.333,0.254,0.0,0.143,0.5,88.1
700669,Gordon Graceffo,STL,R,Behind (Pitcher),238,FF,0.479,0.466,38.0,12.0,1.0,0.4,0.7,0.554,0.0,0.183,0.433,89.0
700669,Gordon Graceffo,STL,R,Even,367,SL,0.411,0.387,40.0,13.0,1.0,0.342,0.474,0.338,0.0,0.157,0.375,87.8
700669,Gordon Graceffo,STL,R,Two-Strike,334,FF,0.338,0.554,73.0,5.0,0.0,0.082,0.098,0.153,0.452,0.234,0.355,89.4
668933,Graham Ashcraft,CIN,L,Ahead (Pitcher),91,FC,0.56,0.626,,,,,,,,,,
668933,Graham Ashcraft,CIN,L,Behind (Pitcher),196,FC,0.77,0.393,16.0,5.0,0.0,0.556,0.667,0.609,0.0,0.154,0.2,79.4
668933,Graham Ashcraft,CIN,L,Even,273,FC,0.667,0.333,,,,,,,,,,
668933,Graham Ashcraft,CIN,L,Two-Strike,227,SL,0.577,0.643,43.0,6.0,1.0,0.167,0.278,0.273,0.465,0.278,0.176,81.1
668933,Graham Ashcraft,CIN,R,Ahead (Pitcher),112,SL,0.679,0.509,,,,,,,,,,
668933,Graham Ashcraft,CIN,R,Behind (Pitcher),186,FC,0.72,0.419,12.0,2.0,0.0,0.25,0.25,0.455,0.0,0.321,0.625,94.7
668933,Graham Ashcraft,CIN,R,Even,309,SL,0.553,0.395,13.0,1.0,0.0,0.077,0.077,0.15,0.0,0.3,0.333,89.6
668933,Graham Ashcraft,CIN,R,Two-Strike,232,SL,0.603,0.655,35.0,8.0,0.0,0.258,0.323,0.306,0.514,0.327,0.429,93.5
681982,Grant Anderson,MIL,L,Ahead (Pitcher),101,FF,0.515,0.564,,,,,,,,,,
681982,Grant Anderson,MIL,L,Behind (Pitcher),198,FF,0.54,0.465,23.0,7.0,4.0,0.412,1.235,0.781,0.0,0.213,0.667,93.4
681982,Grant Anderson,MIL,L,Even,268,FF,0.504,0.41,18.0,3.0,0.0,0.176,0.235,0.208,0.0,0.235,0.294,83.7
681982,Grant Anderson,MIL,L,Two-Strike,262,FF,0.588,0.595,46.0,6.0,2.0,0.143,0.381,0.257,0.391,0.219,0.292,88.2
681982,Grant Anderson,MIL,R,Ahead (Pitcher),165,ST,0.497,0.448,,,,,,,,,,
681982,Grant Anderson,MIL,R,Behind (Pitcher),283,SI,0.53,0.463,31.0,5.0,1.0,0.208,0.375,0.356,0.0,0.263,0.44,87.9
681982,Grant Anderson,MIL,R,Even,465,ST,0.46,0.348,26.0,8.0,0.0,0.308,0.462,0.331,0.0,0.271,0.346,86.3
681982,Grant Anderson,MIL,R,Two-Strike,352,ST,0.466,0.608,79.0,8.0,0.0,0.108,0.122,0.14,0.43,0.188,0.3,85.8
680880,Grant Holman,PHI,L,Ahead (Pitcher),17,FS,0.647,0.647,,,,,,,,,,
680880,Grant Holman,PHI,L,Behind (Pitcher),44,FS,0.523,0.545,,,,,,,,,,
680880,Grant Holman,PHI,L,Even,65,FF,0.523,0.369,,,,,,,,,,
680880,Grant Holman,PHI,L,Two-Strike,41,FF,0.61,0.561,,,,,,,,,,
680880,Grant Holman,PHI,R,Ahead (Pitcher),26,SL,0.346,0.462,,,,,,,,,,
680880,Grant Holman,PHI,R,Behind (Pitcher),72,FF,0.556,0.486,,,,,,,,,,
680880,Grant Holman,PHI,R,Even,84,FF,0.476,0.357,,,,,,,,,,
680880,Grant Holman,PHI,R,Two-Strike,61,FS,0.492,0.541,,,,,,,,,,
656550,Grant Holmes,ATL,L,Ahead (Pitcher),296,SL,0.277,0.5,40.0,12.0,1.0,0.3,0.425,0.338,0.0,0.185,0.5,90.6
656550,Grant Holmes,ATL,L,Behind (Pitcher),608,FF,0.349,0.477,96.0,20.0,6.0,0.267,0.52,0.398,0.0,0.194,0.506,92.2
656550,Grant Holmes,ATL,L,Even,866,FF,0.312,0.343,64.0,15.0,3.0,0.246,0.443,0.287,0.0,0.293,0.484,89.9
656550,Grant Holmes,ATL,L,Two-Strike,615,SL,0.415,0.597,172.0,24.0,2.0,0.16,0.233,0.238,0.372,0.282,0.376,91.2
656550,Grant Holmes,ATL,R,Ahead (Pitcher),235,SL,0.443,0.587,29.0,10.0,1.0,0.357,0.536,0.372,0.0,0.352,0.414,91.0
656550,Grant Holmes,ATL,R,Behind (Pitcher),432,SL,0.37,0.465,42.0,11.0,3.0,0.306,0.556,0.414,0.0,0.228,0.389,92.2
656550,Grant Holmes,ATL,R,Even,663,SL,0.368,0.41,49.0,15.0,1.0,0.312,0.5,0.378,0.0,0.299,0.42,89.6
656550,Grant Holmes,ATL,R,Two-Strike,586,SL,0.543,0.604,132.0,26.0,4.0,0.222,0.376,0.306,0.371,0.233,0.456,89.9
691799,Grant Taylor,CWS,L,Ahead (Pitcher),133,FF,0.571,0.481,13.0,3.0,1.0,0.231,0.538,0.319,0.0,0.293,0.615,95.1
691799,Grant Taylor,CWS,L,Behind (Pitcher),231,FF,0.558,0.359,28.0,8.0,0.0,0.4,0.45,0.502,0.0,0.185,0.45,92.8
691799,Grant Taylor,CWS,L,Even,354,FF,0.483,0.302,25.0,11.0,3.0,0.44,0.84,0.542,0.0,0.263,0.64,90.8
691799,Grant Taylor,CWS,L,Two-Strike,305,FF,0.538,0.636,106.0,11.0,1.0,0.113,0.175,0.167,0.528,0.341,0.405,88.6
691799,Grant Taylor,CWS,R,Ahead (Pitcher),110,FF,0.391,0.564,12.0,3.0,0.0,0.25,0.333,0.329,0.0,0.273,0.25,90.7
691799,Grant Taylor,CWS,R,Behind (Pitcher),183,FF,0.464,0.421,27.0,4.0,1.0,0.25,0.5,0.446,0.0,0.216,0.471,88.0
691799,Grant Taylor,CWS,R,Even,302,FF,0.354,0.381,20.0,5.0,0.0,0.25,0.3,0.242,0.0,0.274,0.19,83.2
691799,Grant Taylor,CWS,R,Two-Strike,312,FF,0.446,0.625,98.0,14.0,1.0,0.151,0.204,0.183,0.48,0.216,0.37,89.5
664991,Grant Wolfram,BAL,L,Ahead (Pitcher),87,SL,0.402,0.379,11.0,4.0,0.0,0.4,0.5,0.423,0.0,0.19,0.3,88.1
664991,Grant Wolfram,BAL,L,Behind (Pitcher),126,SI,0.683,0.444,16.0,7.0,1.0,0.5,0.857,0.6,0.0,0.122,0.4,87.1
664991,Grant Wolfram,BAL,L,Even,245,SI,0.551,0.4,28.0,12.0,0.0,0.462,0.577,0.539,0.0,0.224,0.357,82.0
664991,Grant Wolfram,BAL,L,Two-Strike,223,SI,0.381,0.578,58.0,6.0,0.0,0.118,0.137,0.199,0.466,0.225,0.292,83.6
664991,Grant Wolfram,BAL,R,Ahead (Pitcher),96,FF,0.365,0.542,11.0,5.0,0.0,0.455,0.727,0.505,0.0,0.324,0.182,87.3
664991,Grant Wolfram,BAL,R,Behind (Pitcher),158,SI,0.468,0.456,19.0,3.0,1.0,0.188,0.438,0.369,0.0,0.175,0.4,90.4
664991,Grant Wolfram,BAL,R,Even,261,FF,0.333,0.352,15.0,8.0,0.0,0.571,0.714,0.579,0.0,0.259,0.267,77.1
664991,Grant Wolfram,BAL,R,Two-Strike,224,FF,0.339,0.607,64.0,7.0,1.0,0.123,0.263,0.209,0.5,0.283,0.52,92.7
680570,Grayson Rodriguez,LAA,L,Ahead (Pitcher),125,FF,0.432,0.504,18.0,8.0,1.0,0.471,0.706,0.569,0.0,0.302,0.471,91.8
680570,Grayson Rodriguez,LAA,L,Behind (Pitcher),221,FF,0.593,0.412,49.0,17.0,3.0,0.515,1.0,0.688,0.0,0.154,0.594,95.6
680570,Grayson Rodriguez,LAA,L,Even,345,FF,0.528,0.359,40.0,13.0,2.0,0.342,0.579,0.406,0.0,0.29,0.615,94.1
680570,Grayson Rodriguez,LAA,L,Two-Strike,331,FF,0.477,0.65,143.0,32.0,4.0,0.244,0.389,0.309,0.329,0.149,0.435,90.0
680570,Grayson Rodriguez,LAA,R,Ahead (Pitcher),83,SL,0.349,0.578,19.0,6.0,0.0,0.375,0.438,0.339,0.0,0.208,0.333,88.4
680570,Grayson Rodriguez,LAA,R,Behind (Pitcher),142,FF,0.599,0.437,30.0,8.0,1.0,0.32,0.56,0.428,0.0,0.226,0.48,91.1
680570,Grayson Rodriguez,LAA,R,Even,223,FF,0.529,0.404,37.0,14.0,4.0,0.412,0.794,0.531,0.0,0.222,0.457,90.6
680570,Grayson Rodriguez,LAA,R,Two-Strike,204,FF,0.51,0.613,86.0,8.0,0.0,0.103,0.154,0.165,0.419,0.208,0.238,82.6
669711,Greg Weissert,BOS,L,Ahead (Pitcher),100,FF,0.43,0.55,,,,,,,,,,
669711,Greg Weissert,BOS,L,Behind (Pitcher),199,FF,0.347,0.477,18.0,5.0,0.0,0.333,0.4,0.432,0.0,0.212,0.357,86.8
669711,Greg Weissert,BOS,L,Even,288,FF,0.33,0.351,17.0,7.0,1.0,0.412,0.706,0.476,0.0,0.264,0.294,81.4
669711,Greg Weissert,BOS,L,Two-Strike,247,FF,0.417,0.623,53.0,10.0,1.0,0.217,0.304,0.282,0.321,0.135,0.31,89.3
669711,Greg Weissert,BOS,R,Ahead (Pitcher),176,FF,0.358,0.534,16.0,5.0,1.0,0.312,0.5,0.35,0.0,0.269,0.312,85.3
669711,Greg Weissert,BOS,R,Behind (Pitcher),239,SI,0.527,0.477,28.0,6.0,1.0,0.25,0.417,0.345,0.0,0.071,0.333,84.6
669711,Greg Weissert,BOS,R,Even,441,SI,0.562,0.331,26.0,9.0,1.0,0.36,0.6,0.421,0.0,0.225,0.2,83.5
669711,Greg Weissert,BOS,R,Two-Strike,357,FF,0.417,0.605,87.0,11.0,2.0,0.134,0.232,0.195,0.483,0.234,0.333,88.0
666619,Gregory Santos,SF,L,Behind (Pitcher),36,SL,0.361,0.222,,,,,,,,,,
666619,Gregory Santos,SF,L,Even,30,SL,0.467,0.167,,,,,,,,,,
666619,Gregory Santos,SF,L,Two-Strike,23,SL,0.783,0.609,,,,,,,,,,
666619,Gregory Santos,SF,R,Ahead (Pitcher),20,SI,0.7,0.6,,,,,,,,,,
666619,Gregory Santos,SF,R,Behind (Pitcher),34,SL,0.735,0.412,,,,,,,,,,
666619,Gregory Santos,SF,R,Even,46,SI,0.5,0.413,,,,,,,,,,
666619,Gregory Santos,SF,R,Two-Strike,29,SL,0.759,0.586,,,,,,,,,,
642397,Gregory Soto,PIT,L,Ahead (Pitcher),108,SI,0.426,0.38,11.0,1.0,0.0,0.1,0.2,0.177,0.0,0.176,0.1,74.2
642397,Gregory Soto,PIT,L,Behind (Pitcher),168,SI,0.726,0.411,13.0,3.0,0.0,0.375,0.375,0.475,0.0,0.259,0.333,83.2
642397,Gregory Soto,PIT,L,Even,306,SI,0.624,0.353,21.0,5.0,1.0,0.25,0.5,0.333,0.0,0.173,0.55,87.8
642397,Gregory Soto,PIT,L,Two-Strike,230,SL,0.426,0.543,53.0,7.0,2.0,0.152,0.304,0.259,0.491,0.31,0.2,80.8
642397,Gregory Soto,PIT,R,Ahead (Pitcher),185,SI,0.395,0.514,11.0,5.0,0.0,0.5,0.6,0.586,0.0,0.457,0.5,90.2
642397,Gregory Soto,PIT,R,Behind (Pitcher),291,SI,0.553,0.392,37.0,9.0,1.0,0.321,0.5,0.438,0.0,0.191,0.393,91.5
642397,Gregory Soto,PIT,R,Even,464,SI,0.53,0.345,22.0,5.0,0.0,0.25,0.45,0.4,0.0,0.286,0.238,82.5
642397,Gregory Soto,PIT,R,Two-Strike,416,SL,0.416,0.603,108.0,12.0,1.0,0.122,0.204,0.206,0.481,0.279,0.333,85.6
656288,Griffin Canning,SD,L,Ahead (Pitcher),198,CH,0.338,0.439,26.0,7.0,1.0,0.28,0.44,0.333,0.0,0.16,0.462,88.5
656288,Griffin Canning,SD,L,Behind (Pitcher),370,CH,0.314,0.508,61.0,25.0,4.0,0.543,0.848,0.625,0.0,0.23,0.652,96.1
656288,Griffin Canning,SD,L,Even,560,FF,0.321,0.37,38.0,16.0,4.0,0.444,0.889,0.568,0.0,0.233,0.389,92.7
656288,Griffin Canning,SD,L,Two-Strike,451,CH,0.313,0.559,97.0,12.0,2.0,0.138,0.23,0.206,0.474,0.268,0.452,90.3
656288,Griffin Canning,SD,R,Ahead (Pitcher),157,SL,0.344,0.49,13.0,2.0,1.0,0.167,0.417,0.258,0.0,0.216,0.231,80.3
656288,Griffin Canning,SD,R,Behind (Pitcher),307,FF,0.309,0.371,34.0,6.0,0.0,0.261,0.348,0.406,0.0,0.237,0.391,89.3
656288,Griffin Canning,SD,R,Even,437,SL,0.341,0.316,26.0,9.0,0.0,0.36,0.44,0.392,0.0,0.215,0.417,85.1
656288,Griffin Canning,SD,R,Two-Strike,344,SL,0.328,0.619,82.0,12.0,2.0,0.16,0.24,0.218,0.476,0.296,0.361,87.2
643377,Griffin Jax,TB,L,Ahead (Pitcher),224,CH,0.438,0.482,26.0,12.0,2.0,0.48,0.76,0.513,0.0,0.319,0.423,91.9
643377,Griffin Jax,TB,L,Behind (Pitcher),326,FF,0.291,0.472,44.0,10.0,2.0,0.27,0.486,0.4,0.0,0.272,0.361,85.8
643377,Griffin Jax,TB,L,Even,594,CH,0.266,0.406,51.0,18.0,4.0,0.367,0.673,0.501,0.0,0.285,0.49,87.8
643377,Griffin Jax,TB,L,Two-Strike,452,CH,0.338,0.611,151.0,20.0,2.0,0.147,0.213,0.218,0.503,0.316,0.371,89.8
643377,Griffin Jax,TB,R,Ahead (Pitcher),174,ST,0.397,0.557,21.0,6.0,0.0,0.286,0.333,0.274,0.0,0.259,0.333,83.5
643377,Griffin Jax,TB,R,Behind (Pitcher),222,SI,0.464,0.441,42.0,9.0,2.0,0.29,0.516,0.435,0.0,0.148,0.312,86.5
643377,Griffin Jax,TB,R,Even,433,ST,0.448,0.379,36.0,7.0,1.0,0.212,0.364,0.269,0.0,0.241,0.371,83.4
643377,Griffin Jax,TB,R,Two-Strike,360,ST,0.5,0.597,79.0,13.0,2.0,0.181,0.292,0.249,0.494,0.307,0.471,90.8
681402,Gus Varland,WSH,L,Ahead (Pitcher),47,FF,0.596,0.574,,,,,,,,,,
681402,Gus Varland,WSH,L,Behind (Pitcher),46,FF,0.652,0.326,13.0,4.0,1.0,0.444,0.889,0.688,0.0,0.2,0.5,97.6
681402,Gus Varland,WSH,L,Even,92,FF,0.609,0.37,,,,,,,,,,
681402,Gus Varland,WSH,L,Two-Strike,97,FF,0.66,0.598,43.0,7.0,1.0,0.179,0.333,0.262,0.419,0.259,0.524,93.3
681402,Gus Varland,WSH,R,Ahead (Pitcher),38,SL,0.605,0.421,,,,,,,,,,
681402,Gus Varland,WSH,R,Behind (Pitcher),58,FF,0.707,0.5,19.0,8.0,1.0,0.444,0.833,0.547,0.0,0.069,0.611,96.5
681402,Gus Varland,WSH,R,Even,109,SL,0.578,0.431,18.0,5.0,1.0,0.333,0.6,0.362,0.0,0.149,0.368,86.3
681402,Gus Varland,WSH,R,Two-Strike,83,FF,0.578,0.614,33.0,8.0,1.0,0.286,0.5,0.389,0.333,0.137,0.438,90.0
696146,Hagen Smith,CWS,L,Ahead (Pitcher),15,SL,0.667,0.667,,,,,,,,,,
696146,Hagen Smith,CWS,L,Behind (Pitcher),42,FF,0.667,0.381,,,,,,,,,,
696146,Hagen Smith,CWS,L,Even,51,FF,0.451,0.333,,,,,,,,,,
696146,Hagen Smith,CWS,L,Two-Strike,35,SL,0.514,0.514,20.0,2.0,0.0,0.111,0.111,0.16,0.5,0.278,0.25,81.7
696146,Hagen Smith,CWS,R,Ahead (Pitcher),39,FF,0.615,0.41,,,,,,,,,,
696146,Hagen Smith,CWS,R,Behind (Pitcher),73,FF,0.521,0.397,14.0,0.0,0.0,0.0,0.0,0.35,0.0,0.276,0.429,87.3
696146,Hagen Smith,CWS,R,Even,99,FF,0.475,0.283,,,,,,,,,,
696146,Hagen Smith,CWS,R,Two-Strike,97,SL,0.412,0.588,51.0,3.0,0.0,0.065,0.13,0.142,0.588,0.368,0.353,92.1
696522,Hayden Juenger,ATH,L,Behind (Pitcher),36,CH,0.5,0.361,,,,,,,,,,
696522,Hayden Juenger,ATH,L,Even,40,FF,0.425,0.325,,,,,,,,,,
696522,Hayden Juenger,ATH,L,Two-Strike,33,CH,0.424,0.545,12.0,4.0,0.0,0.444,0.444,0.417,0.167,0.0,0.375,88.0
696522,Hayden Juenger,ATH,R,Ahead (Pitcher),17,SL,0.412,0.588,,,,,,,,,,
696522,Hayden Juenger,ATH,R,Behind (Pitcher),42,FF,0.405,0.5,12.0,5.0,0.0,0.5,0.7,0.608,0.0,0.143,0.333,79.8
696522,Hayden Juenger,ATH,R,Even,65,SL,0.492,0.338,13.0,3.0,0.0,0.3,0.5,0.358,0.0,0.091,0.308,84.5
696522,Hayden Juenger,ATH,R,Two-Strike,48,FF,0.521,0.688,19.0,5.0,0.0,0.294,0.412,0.347,0.211,0.091,0.308,90.4
669713,Hayden Wesneski,HOU,L,Ahead (Pitcher),90,CH,0.311,0.633,14.0,6.0,0.0,0.429,0.429,0.386,0.0,0.268,0.214,86.9
669713,Hayden Wesneski,HOU,L,Behind (Pitcher),128,FC,0.359,0.477,18.0,4.0,2.0,0.235,0.765,0.419,0.0,0.182,0.529,93.6
669713,Hayden Wesneski,HOU,L,Even,235,FF,0.319,0.383,28.0,4.0,1.0,0.16,0.28,0.207,0.0,0.164,0.407,84.6
669713,Hayden Wesneski,HOU,L,Two-Strike,249,FF,0.341,0.558,68.0,12.0,0.0,0.2,0.25,0.27,0.353,0.223,0.444,87.2
669713,Hayden Wesneski,HOU,R,Ahead (Pitcher),87,ST,0.425,0.471,20.0,7.0,0.0,0.35,0.5,0.368,0.0,0.148,0.3,84.6
669713,Hayden Wesneski,HOU,R,Behind (Pitcher),118,SI,0.347,0.483,16.0,5.0,1.0,0.455,0.818,0.591,0.0,0.265,0.545,90.6
669713,Hayden Wesneski,HOU,R,Even,229,SI,0.345,0.393,18.0,2.0,0.0,0.111,0.278,0.208,0.0,0.14,0.444,86.4
669713,Hayden Wesneski,HOU,R,Two-Strike,189,ST,0.529,0.545,36.0,3.0,0.0,0.097,0.129,0.182,0.472,0.255,0.286,87.3
571948,Hoby Milner,SEA,L,Ahead (Pitcher),124,ST,0.548,0.556,12.0,2.0,0.0,0.182,0.273,0.238,0.0,0.269,0.364,93.1
571948,Hoby Milner,SEA,L,Behind (Pitcher),122,SI,0.59,0.451,15.0,7.0,0.0,0.538,0.615,0.539,0.0,0.107,0.5,88.3
571948,Hoby Milner,SEA,L,Even,275,SI,0.498,0.287,13.0,4.0,1.0,0.308,0.615,0.388,0.0,0.241,0.385,88.2
571948,Hoby Milner,SEA,L,Two-Strike,279,ST,0.384,0.599,40.0,6.0,0.0,0.176,0.265,0.249,0.2,0.047,0.357,87.3
571948,Hoby Milner,SEA,R,Ahead (Pitcher),130,CH,0.408,0.408,,,,,,,,,,
571948,Hoby Milner,SEA,R,Behind (Pitcher),235,SI,0.379,0.417,20.0,7.0,2.0,0.438,0.875,0.634,0.0,0.188,0.667,96.2
571948,Hoby Milner,SEA,R,Even,364,ST,0.354,0.288,22.0,9.0,2.0,0.45,0.8,0.55,0.0,0.143,0.5,87.4
571948,Hoby Milner,SEA,R,Two-Strike,277,FF,0.303,0.57,38.0,4.0,0.0,0.108,0.135,0.122,0.342,0.154,0.167,81.4
663687,Hogan Harris,ATH,L,Ahead (Pitcher),105,FF,0.505,0.4,,,,,,,,,,
663687,Hogan Harris,ATH,L,Behind (Pitcher),234,FF,0.748,0.342,20.0,7.0,0.0,0.5,0.5,0.525,0.0,0.312,0.571,92.5
663687,Hogan Harris,ATH,L,Even,335,FF,0.591,0.307,15.0,6.0,1.0,0.4,0.6,0.433,0.0,0.208,0.2,82.7
663687,Hogan Harris,ATH,L,Two-Strike,303,FF,0.604,0.568,80.0,14.0,1.0,0.197,0.254,0.254,0.425,0.21,0.368,87.1
663687,Hogan Harris,ATH,R,Ahead (Pitcher),173,FF,0.543,0.491,15.0,7.0,1.0,0.467,0.8,0.54,0.0,0.283,0.333,86.8
663687,Hogan Harris,ATH,R,Behind (Pitcher),332,FF,0.602,0.392,38.0,6.0,1.0,0.222,0.444,0.446,0.0,0.145,0.28,87.8
663687,Hogan Harris,ATH,R,Even,499,FF,0.527,0.361,25.0,9.0,3.0,0.36,0.72,0.456,0.0,0.239,0.36,84.9
663687,Hogan Harris,ATH,R,Two-Strike,488,FF,0.582,0.582,106.0,9.0,1.0,0.102,0.148,0.217,0.5,0.222,0.286,84.9
623211,Huascar Brazobán,CWS,L,Ahead (Pitcher),98,CH,0.704,0.459,10.0,5.0,0.0,0.5,0.8,0.645,0.0,0.292,0.1,80.4
623211,Huascar Brazobán,CWS,L,Behind (Pitcher),239,SI,0.523,0.372,27.0,1.0,0.0,0.056,0.167,0.319,0.0,0.273,0.353,87.6
623211,Huascar Brazobán,CWS,L,Even,317,CH,0.429,0.36,27.0,3.0,1.0,0.12,0.24,0.204,0.0,0.138,0.148,79.8
623211,Huascar Brazobán,CWS,L,Two-Strike,244,CH,0.643,0.59,54.0,7.0,0.0,0.146,0.188,0.207,0.37,0.221,0.31,86.8
623211,Huascar Brazobán,CWS,R,Ahead (Pitcher),164,SI,0.451,0.555,17.0,8.0,1.0,0.471,0.824,0.584,0.0,0.233,0.438,90.1
623211,Huascar Brazobán,CWS,R,Behind (Pitcher),200,SI,0.655,0.44,18.0,4.0,0.0,0.4,0.7,0.531,0.0,0.267,0.545,92.0
623211,Huascar Brazobán,CWS,R,Even,399,SI,0.709,0.454,30.0,5.0,1.0,0.172,0.31,0.252,0.0,0.311,0.276,84.9
623211,Huascar Brazobán,CWS,R,Two-Strike,372,CH,0.513,0.61,77.0,10.0,2.0,0.143,0.257,0.224,0.442,0.226,0.361,86.4
682995,Hunter Barco,PIT,L,Ahead (Pitcher),16,FF,0.375,0.5,,,,,,,,,,
682995,Hunter Barco,PIT,L,Behind (Pitcher),21,FF,0.524,0.286,,,,,,,,,,
682995,Hunter Barco,PIT,L,Even,35,FF,0.343,0.429,,,,,,,,,,
682995,Hunter Barco,PIT,L,Two-Strike,34,FF,0.471,0.559,13.0,0.0,0.0,0.0,0.0,0.108,0.308,0.176,0.571,95.1
682995,Hunter Barco,PIT,R,Ahead (Pitcher),29,FF,0.345,0.276,,,,,,,,,,
682995,Hunter Barco,PIT,R,Behind (Pitcher),82,FF,0.378,0.451,17.0,9.0,3.0,0.643,1.429,0.835,0.0,0.062,0.467,88.3
682995,Hunter Barco,PIT,R,Even,104,FF,0.356,0.279,12.0,3.0,1.0,0.273,0.636,0.404,0.0,0.16,0.455,95.4
682995,Hunter Barco,PIT,R,Two-Strike,76,FF,0.395,0.487,31.0,6.0,0.0,0.24,0.28,0.321,0.323,0.172,0.4,88.6
685801,Hunter Bigge,TB,L,Ahead (Pitcher),32,SL,0.312,0.438,,,,,,,,,,
685801,Hunter Bigge,TB,L,Behind (Pitcher),44,FF,0.477,0.523,,,,,,,,,,
685801,Hunter Bigge,TB,L,Even,92,FF,0.576,0.457,,,,,,,,,,
685801,Hunter Bigge,TB,L,Two-Strike,69,SL,0.493,0.522,23.0,0.0,0.0,0.0,0.0,0.191,0.348,0.227,0.4,92.6
685801,Hunter Bigge,TB,R,Ahead (Pitcher),30,SL,0.467,0.6,,,,,,,,,,
685801,Hunter Bigge,TB,R,Behind (Pitcher),92,FF,0.728,0.413,16.0,2.0,0.0,0.182,0.182,0.331,0.0,0.304,0.182,86.9
685801,Hunter Bigge,TB,R,Even,108,FF,0.537,0.333,11.0,4.0,0.0,0.4,0.6,0.391,0.0,0.19,0.364,83.9
685801,Hunter Bigge,TB,R,Two-Strike,83,SL,0.602,0.59,15.0,2.0,0.0,0.167,0.333,0.307,0.4,0.15,0.333,91.1
686613,Hunter Brown,HOU,L,Ahead (Pitcher),294,FF,0.456,0.391,14.0,5.0,1.0,0.357,0.643,0.489,0.0,0.182,0.571,88.3
686613,Hunter Brown,HOU,L,Behind (Pitcher),672,FF,0.368,0.402,51.0,9.0,2.0,0.29,0.548,0.49,0.0,0.272,0.484,91.7
686613,Hunter Brown,HOU,L,Even,918,FF,0.443,0.351,34.0,11.0,2.0,0.324,0.588,0.411,0.0,0.336,0.5,91.7
686613,Hunter Brown,HOU,L,Two-Strike,835,FF,0.399,0.564,153.0,18.0,2.0,0.132,0.184,0.202,0.503,0.301,0.383,89.6
686613,Hunter Brown,HOU,R,Ahead (Pitcher),253,SI,0.415,0.407,12.0,3.0,0.0,0.25,0.25,0.3,0.0,0.256,0.25,76.3
686613,Hunter Brown,HOU,R,Behind (Pitcher),467,SI,0.495,0.443,34.0,6.0,0.0,0.231,0.269,0.334,0.0,0.134,0.346,79.6
686613,Hunter Brown,HOU,R,Even,725,SI,0.447,0.339,28.0,10.0,1.0,0.357,0.5,0.373,0.0,0.24,0.286,78.7
686613,Hunter Brown,HOU,R,Two-Strike,585,FF,0.325,0.579,103.0,17.0,3.0,0.185,0.293,0.276,0.417,0.202,0.245,82.4
690928,Hunter Dobbins,STL,L,Ahead (Pitcher),125,FS,0.352,0.416,,,,,,,,,,
690928,Hunter Dobbins,STL,L,Behind (Pitcher),225,FF,0.502,0.404,32.0,9.0,0.0,0.375,0.458,0.45,0.0,0.1,0.333,88.5
690928,Hunter Dobbins,STL,L,Even,354,FF,0.427,0.342,23.0,5.0,3.0,0.217,0.609,0.339,0.0,0.143,0.391,87.2
690928,Hunter Dobbins,STL,L,Two-Strike,283,FF,0.297,0.625,67.0,8.0,0.0,0.131,0.164,0.181,0.403,0.258,0.324,87.2
690928,Hunter Dobbins,STL,R,Ahead (Pitcher),113,ST,0.292,0.496,10.0,3.0,0.0,0.333,0.333,0.34,0.0,0.259,0.444,90.5
690928,Hunter Dobbins,STL,R,Behind (Pitcher),210,FF,0.386,0.424,19.0,5.0,1.0,0.455,0.727,0.589,0.0,0.171,0.455,93.3
690928,Hunter Dobbins,STL,R,Even,326,FF,0.359,0.356,15.0,6.0,2.0,0.4,0.933,0.613,0.0,0.173,0.467,90.0
690928,Hunter Dobbins,STL,R,Two-Strike,232,ST,0.371,0.616,56.0,9.0,1.0,0.17,0.283,0.221,0.446,0.29,0.429,87.4
683769,Hunter Gaddis,CLE,L,Ahead (Pitcher),122,CH,0.467,0.492,,,,,,,,,,
683769,Hunter Gaddis,CLE,L,Behind (Pitcher),196,FF,0.423,0.51,21.0,6.0,2.0,0.3,0.65,0.455,0.0,0.246,0.35,88.3
683769,Hunter Gaddis,CLE,L,Even,336,SL,0.384,0.402,25.0,11.0,3.0,0.44,0.8,0.528,0.0,0.239,0.4,89.7
683769,Hunter Gaddis,CLE,L,Two-Strike,300,SL,0.473,0.567,68.0,11.0,1.0,0.196,0.25,0.285,0.485,0.295,0.208,85.0
683769,Hunter Gaddis,CLE,R,Ahead (Pitcher),160,SL,0.681,0.562,10.0,2.0,0.0,0.222,0.222,0.18,0.0,0.343,0.3,76.8
683769,Hunter Gaddis,CLE,R,Behind (Pitcher),200,SL,0.63,0.515,30.0,4.0,0.0,0.174,0.217,0.248,0.0,0.346,0.16,84.7
683769,Hunter Gaddis,CLE,R,Even,382,SL,0.61,0.435,26.0,5.0,0.0,0.208,0.208,0.216,0.0,0.232,0.24,76.3
683769,Hunter Gaddis,CLE,R,Two-Strike,313,SL,0.601,0.62,61.0,10.0,0.0,0.179,0.25,0.228,0.377,0.216,0.424,86.4
668881,Hunter Greene,CIN,L,Ahead (Pitcher),150,FF,0.487,0.453,,,,,,,,,,
668881,Hunter Greene,CIN,L,Behind (Pitcher),214,FF,0.603,0.537,16.0,6.0,0.0,0.5,0.5,0.512,0.0,0.314,0.417,89.2
668881,Hunter Greene,CIN,L,Even,400,FF,0.548,0.4,12.0,3.0,1.0,0.25,0.5,0.392,0.0,0.238,0.462,89.5
668881,Hunter Greene,CIN,L,Two-Strike,398,FF,0.545,0.658,41.0,5.0,1.0,0.132,0.289,0.235,0.561,0.294,0.667,94.1
668881,Hunter Greene,CIN,R,Ahead (Pitcher),148,SL,0.473,0.527,,,,,,,,,,
668881,Hunter Greene,CIN,R,Behind (Pitcher),167,FF,0.569,0.575,,,,,,,,,,
668881,Hunter Greene,CIN,R,Even,358,FF,0.52,0.458,11.0,2.0,0.0,0.182,0.182,0.164,0.0,0.323,0.364,85.6
668881,Hunter Greene,CIN,R,Two-Strike,369,FF,0.547,0.621,26.0,4.0,2.0,0.167,0.417,0.277,0.385,0.158,0.571,94.0
640451,Hunter Harvey,CHC,L,Ahead (Pitcher),19,FS,0.526,0.421,,,,,,,,,,
640451,Hunter Harvey,CHC,L,Behind (Pitcher),21,FF,0.762,0.524,,,,,,,,,,
640451,Hunter Harvey,CHC,L,Even,45,FF,0.6,0.289,,,,,,,,,,
640451,Hunter Harvey,CHC,L,Two-Strike,49,FS,0.429,0.551,,,,,,,,,,
640451,Hunter Harvey,CHC,R,Behind (Pitcher),18,FF,0.722,0.444,,,,,,,,,,
640451,Hunter Harvey,CHC,R,Even,36,FF,0.5,0.444,,,,,,,,,,
640451,Hunter Harvey,CHC,R,Two-Strike,41,FF,0.463,0.683,,,,,,,,,,
676702,Hunter Stratton,PIT,L,Ahead (Pitcher),33,FF,0.394,0.394,,,,,,,,,,
676702,Hunter Stratton,PIT,L,Behind (Pitcher),17,FF,0.588,0.588,,,,,,,,,,
676702,Hunter Stratton,PIT,L,Even,66,FF,0.379,0.455,,,,,,,,,,
676702,Hunter Stratton,PIT,L,Two-Strike,65,FF,0.538,0.708,,,,,,,,,,
676702,Hunter Stratton,PIT,R,Ahead (Pitcher),25,FF,0.4,0.44,,,,,,,,,,
676702,Hunter Stratton,PIT,R,Behind (Pitcher),44,FF,0.545,0.614,,,,,,,,,,
676702,Hunter Stratton,PIT,R,Even,78,FF,0.449,0.372,,,,,,,,,,
676702,Hunter Stratton,PIT,R,Two-Strike,71,FF,0.465,0.62,,,,,,,,,,
694462,Hurston Waldrep,ATL,L,Ahead (Pitcher),71,FS,0.338,0.366,,,,,,,,,,
694462,Hurston Waldrep,ATL,L,Behind (Pitcher),176,SI,0.307,0.438,10.0,4.0,1.0,0.571,1.0,0.68,0.0,0.071,0.714,100.0
694462,Hurston Waldrep,ATL,L,Even,226,SI,0.257,0.296,,,,,,,,,,
694462,Hurston Waldrep,ATL,L,Two-Strike,174,FS,0.655,0.592,13.0,0.0,0.0,0.0,0.0,0.162,0.385,0.357,0.0,85.2
694462,Hurston Waldrep,ATL,R,Ahead (Pitcher),60,SL,0.267,0.533,,,,,,,,,,
694462,Hurston Waldrep,ATL,R,Behind (Pitcher),111,FC,0.315,0.505,,,,,,,,,,
694462,Hurston Waldrep,ATL,R,Even,173,SI,0.266,0.364,,,,,,,,,,
694462,Hurston Waldrep,ATL,R,Two-Strike,111,FS,0.577,0.505,12.0,1.0,0.0,0.167,0.167,0.425,0.333,0.5,0.0,72.4
641656,Ian Hamilton,ATL,L,Ahead (Pitcher),37,FF,0.459,0.541,,,,,,,,,,
641656,Ian Hamilton,ATL,L,Behind (Pitcher),59,SI,0.525,0.492,,,,,,,,,,
641656,Ian Hamilton,ATL,L,Even,104,SI,0.596,0.442,,,,,,,,,,
641656,Ian Hamilton,ATL,L,Two-Strike,99,SL,0.475,0.646,,,,,,,,,,
641656,Ian Hamilton,ATL,R,Ahead (Pitcher),57,SL,0.596,0.526,,,,,,,,,,
641656,Ian Hamilton,ATL,R,Behind (Pitcher),105,SI,0.619,0.41,,,,,,,,,,
641656,Ian Hamilton,ATL,R,Even,150,SI,0.587,0.373,,,,,,,,,,
641656,Ian Hamilton,ATL,R,Two-Strike,123,SL,0.691,0.561,,,,,,,,,,
693855,Ian Seymour,TB,L,Ahead (Pitcher),147,CH,0.34,0.558,14.0,7.0,3.0,0.538,1.462,0.811,0.0,0.288,0.769,98.1
693855,Ian Seymour,TB,L,Behind (Pitcher),157,SI,0.325,0.446,21.0,9.0,3.0,0.5,1.167,0.748,0.0,0.171,0.353,87.0
693855,Ian Seymour,TB,L,Even,351,SI,0.405,0.419,44.0,14.0,3.0,0.341,0.707,0.482,0.0,0.224,0.262,77.9
693855,Ian Seymour,TB,L,Two-Strike,338,CH,0.343,0.642,102.0,13.0,2.0,0.131,0.202,0.16,0.5,0.319,0.396,90.6
693855,Ian Seymour,TB,R,Ahead (Pitcher),271,CH,0.446,0.509,21.0,7.0,2.0,0.35,0.75,0.47,0.0,0.33,0.238,83.0
693855,Ian Seymour,TB,R,Behind (Pitcher),424,FF,0.351,0.455,52.0,12.0,2.0,0.308,0.487,0.52,0.0,0.233,0.342,86.7
693855,Ian Seymour,TB,R,Even,730,FF,0.295,0.389,60.0,16.0,2.0,0.271,0.475,0.332,0.0,0.262,0.39,88.3
693855,Ian Seymour,TB,R,Two-Strike,659,CH,0.428,0.636,221.0,35.0,8.0,0.173,0.337,0.255,0.471,0.253,0.39,87.2
676755,Isaac Mattson,PIT,L,Ahead (Pitcher),85,FF,0.694,0.4,,,,,,,,,,
676755,Isaac Mattson,PIT,L,Behind (Pitcher),172,FF,0.82,0.459,21.0,6.0,1.0,0.429,0.786,0.586,0.0,0.25,0.467,93.8
676755,Isaac Mattson,PIT,L,Even,257,FF,0.728,0.366,19.0,7.0,0.0,0.368,0.579,0.405,0.0,0.191,0.368,82.7
676755,Isaac Mattson,PIT,L,Two-Strike,270,FF,0.741,0.656,48.0,10.0,1.0,0.233,0.419,0.32,0.333,0.111,0.577,95.4
676755,Isaac Mattson,PIT,R,Ahead (Pitcher),99,FF,0.707,0.485,10.0,5.0,1.0,0.5,0.9,0.595,0.0,0.208,0.8,89.8
676755,Isaac Mattson,PIT,R,Behind (Pitcher),142,FF,0.789,0.415,15.0,3.0,0.0,0.3,0.4,0.437,0.0,0.259,0.8,98.4
676755,Isaac Mattson,PIT,R,Even,259,FF,0.745,0.417,12.0,4.0,0.0,0.333,0.333,0.3,0.0,0.222,0.5,85.7
676755,Isaac Mattson,PIT,R,Two-Strike,230,FF,0.7,0.674,47.0,7.0,0.0,0.159,0.205,0.194,0.404,0.164,0.4,89.1
641585,J. P. France,HOU,L,Behind (Pitcher),23,CH,0.348,0.304,,,,,,,,,,
641585,J. P. France,HOU,L,Even,31,FC,0.419,0.387,,,,,,,,,,
641585,J. P. France,HOU,L,Two-Strike,29,CU,0.448,0.552,11.0,2.0,0.0,0.222,0.333,0.323,0.273,0.167,0.167,85.2
641585,J. P. France,HOU,R,Behind (Pitcher),22,FF,0.455,0.455,,,,,,,,,,
641585,J. P. France,HOU,R,Even,35,FC,0.429,0.343,,,,,,,,,,
641585,J. P. France,HOU,R,Two-Strike,29,FF,0.345,0.621,,,,,,,,,,
669372,J. T. Ginn,ATH,L,Ahead (Pitcher),215,CH,0.363,0.409,17.0,5.0,0.0,0.312,0.438,0.347,0.0,0.393,0.25,85.1
669372,J. T. Ginn,ATH,L,Behind (Pitcher),572,SI,0.414,0.449,91.0,30.0,7.0,0.435,0.812,0.581,0.0,0.241,0.478,90.6
669372,J. T. Ginn,ATH,L,Even,753,SI,0.268,0.353,76.0,20.0,1.0,0.274,0.37,0.312,0.0,0.232,0.365,85.9
669372,J. T. Ginn,ATH,L,Two-Strike,456,SI,0.322,0.529,158.0,16.0,3.0,0.119,0.194,0.221,0.411,0.227,0.294,86.2
669372,J. T. Ginn,ATH,R,Ahead (Pitcher),223,SI,0.498,0.43,17.0,3.0,0.0,0.2,0.267,0.247,0.0,0.304,0.375,83.3
669372,J. T. Ginn,ATH,R,Behind (Pitcher),395,SI,0.673,0.476,50.0,10.0,1.0,0.238,0.333,0.299,0.0,0.186,0.326,84.4
669372,J. T. Ginn,ATH,R,Even,636,SI,0.555,0.381,46.0,15.0,3.0,0.349,0.674,0.458,0.0,0.27,0.419,87.3
669372,J. T. Ginn,ATH,R,Two-Strike,519,SI,0.526,0.557,125.0,15.0,2.0,0.13,0.2,0.185,0.44,0.239,0.266,85.6
681252,Jack Anderson,MIN,L,Ahead (Pitcher),15,FS,0.6,0.667,,,,,,,,,,
681252,Jack Anderson,MIN,L,Behind (Pitcher),17,FF,0.647,0.294,,,,,,,,,,
681252,Jack Anderson,MIN,L,Even,32,FF,0.531,0.344,,,,,,,,,,
681252,Jack Anderson,MIN,L,Two-Strike,33,FS,0.636,0.697,14.0,0.0,0.0,0.0,0.0,0.05,0.5,0.217,0.5,85.0
681252,Jack Anderson,MIN,R,Behind (Pitcher),21,SL,0.619,0.619,,,,,,,,,,
681252,Jack Anderson,MIN,R,Even,36,SL,0.5,0.417,,,,,,,,,,
681252,Jack Anderson,MIN,R,Two-Strike,18,ST,0.444,0.611,10.0,1.0,0.0,0.1,0.1,0.09,0.5,0.273,0.2,88.4
676263,Jack Dreyer,LAD,L,Ahead (Pitcher),104,SL,0.538,0.481,16.0,4.0,2.0,0.25,0.625,0.362,0.0,0.179,0.438,88.6
676263,Jack Dreyer,LAD,L,Behind (Pitcher),176,FF,0.574,0.511,15.0,2.0,0.0,0.182,0.273,0.318,0.0,0.267,0.25,79.3
676263,Jack Dreyer,LAD,L,Even,310,SL,0.5,0.387,26.0,6.0,1.0,0.261,0.391,0.317,0.0,0.215,0.4,84.9
676263,Jack Dreyer,LAD,L,Two-Strike,206,SL,0.519,0.587,55.0,9.0,0.0,0.18,0.2,0.234,0.4,0.167,0.393,85.6
676263,Jack Dreyer,LAD,R,Ahead (Pitcher),170,SL,0.447,0.559,,,,,,,,,,
676263,Jack Dreyer,LAD,R,Behind (Pitcher),272,FF,0.577,0.445,23.0,8.0,0.0,0.381,0.476,0.481,0.0,0.283,0.684,98.9
676263,Jack Dreyer,LAD,R,Even,473,FF,0.478,0.37,21.0,7.0,1.0,0.333,0.571,0.405,0.0,0.338,0.3,84.8
676263,Jack Dreyer,LAD,R,Two-Strike,453,SL,0.45,0.618,87.0,8.0,2.0,0.104,0.208,0.207,0.563,0.299,0.5,92.4
656427,Jack Flaherty,DET,L,Ahead (Pitcher),271,FF,0.406,0.395,,,,,,,,,,
656427,Jack Flaherty,DET,L,Behind (Pitcher),578,FF,0.516,0.36,46.0,11.0,2.0,0.355,0.677,0.507,0.0,0.226,0.562,92.7
656427,Jack Flaherty,DET,L,Even,828,FF,0.465,0.349,42.0,12.0,1.0,0.3,0.475,0.342,0.0,0.257,0.381,85.3
656427,Jack Flaherty,DET,L,Two-Strike,731,FF,0.44,0.606,120.0,17.0,2.0,0.163,0.279,0.264,0.417,0.228,0.436,89.0
656427,Jack Flaherty,DET,R,Ahead (Pitcher),279,FF,0.466,0.455,14.0,2.0,1.0,0.143,0.357,0.271,0.0,0.298,0.5,88.9
656427,Jack Flaherty,DET,R,Behind (Pitcher),358,FF,0.561,0.475,30.0,9.0,3.0,0.391,0.826,0.588,0.0,0.233,0.5,90.0
656427,Jack Flaherty,DET,R,Even,720,FF,0.514,0.389,23.0,9.0,1.0,0.429,0.81,0.537,0.0,0.33,0.476,88.9
656427,Jack Flaherty,DET,R,Two-Strike,713,FF,0.445,0.553,108.0,19.0,1.0,0.194,0.286,0.256,0.472,0.201,0.479,91.3
686799,Jack Kochanowicz,LAA,L,Ahead (Pitcher),215,SI,0.405,0.484,20.0,12.0,0.0,0.6,0.75,0.592,0.0,0.179,0.65,92.6
686799,Jack Kochanowicz,LAA,L,Behind (Pitcher),444,SI,0.455,0.439,31.0,1.0,0.0,0.048,0.048,0.307,0.0,0.229,0.318,87.9
686799,Jack Kochanowicz,LAA,L,Even,654,SI,0.411,0.378,36.0,13.0,0.0,0.406,0.531,0.408,0.0,0.184,0.514,89.6
686799,Jack Kochanowicz,LAA,L,Two-Strike,428,FF,0.322,0.633,70.0,12.0,2.0,0.218,0.364,0.346,0.343,0.213,0.387,88.7
686799,Jack Kochanowicz,LAA,R,Ahead (Pitcher),135,SI,0.474,0.474,11.0,5.0,1.0,0.455,0.727,0.509,0.0,0.25,0.364,87.6
686799,Jack Kochanowicz,LAA,R,Behind (Pitcher),340,SI,0.562,0.447,40.0,6.0,2.0,0.2,0.4,0.365,0.0,0.238,0.516,92.3
686799,Jack Kochanowicz,LAA,R,Even,473,SI,0.516,0.342,19.0,4.0,0.0,0.222,0.222,0.226,0.0,0.309,0.263,85.8
686799,Jack Kochanowicz,LAA,R,Two-Strike,297,SI,0.391,0.623,65.0,12.0,2.0,0.197,0.311,0.252,0.354,0.225,0.359,86.3
683004,Jack Leiter,TEX,L,Ahead (Pitcher),237,CH,0.325,0.477,18.0,6.0,2.0,0.333,0.778,0.511,0.0,0.279,0.444,90.9
683004,Jack Leiter,TEX,L,Behind (Pitcher),516,FF,0.428,0.477,44.0,12.0,3.0,0.353,0.647,0.488,0.0,0.198,0.5,91.0
683004,Jack Leiter,TEX,L,Even,748,FF,0.366,0.353,38.0,14.0,2.0,0.378,0.649,0.445,0.0,0.257,0.297,86.9
683004,Jack Leiter,TEX,L,Two-Strike,615,FF,0.442,0.631,101.0,17.0,2.0,0.195,0.299,0.274,0.406,0.193,0.404,86.6
683004,Jack Leiter,TEX,R,Ahead (Pitcher),228,SL,0.311,0.526,,,,,,,,,,
683004,Jack Leiter,TEX,R,Behind (Pitcher),391,FF,0.412,0.481,26.0,4.0,0.0,0.222,0.222,0.327,0.0,0.169,0.368,91.0
683004,Jack Leiter,TEX,R,Even,664,SL,0.354,0.411,28.0,6.0,2.0,0.214,0.5,0.296,0.0,0.307,0.464,87.3
683004,Jack Leiter,TEX,R,Two-Strike,583,FF,0.436,0.533,92.0,20.0,3.0,0.238,0.393,0.325,0.457,0.245,0.333,85.1
678022,Jack Perkins,ATH,L,Ahead (Pitcher),169,CH,0.391,0.456,15.0,6.0,1.0,0.4,0.667,0.457,0.0,0.22,0.375,87.1
678022,Jack Perkins,ATH,L,Behind (Pitcher),374,FF,0.337,0.422,54.0,14.0,3.0,0.412,0.706,0.577,0.0,0.205,0.353,87.0
678022,Jack Perkins,ATH,L,Even,517,ST,0.28,0.354,51.0,22.0,3.0,0.449,0.776,0.547,0.0,0.227,0.48,87.3
678022,Jack Perkins,ATH,L,Two-Strike,453,FF,0.32,0.603,164.0,25.0,4.0,0.166,0.265,0.222,0.476,0.256,0.365,88.4
678022,Jack Perkins,ATH,R,Ahead (Pitcher),157,FF,0.382,0.561,26.0,7.0,0.0,0.292,0.375,0.392,0.0,0.352,0.167,85.0
678022,Jack Perkins,ATH,R,Behind (Pitcher),241,FF,0.411,0.444,41.0,13.0,3.0,0.394,0.788,0.52,0.0,0.228,0.441,91.3
678022,Jack Perkins,ATH,R,Even,408,ST,0.321,0.456,46.0,14.0,2.0,0.318,0.568,0.375,0.0,0.287,0.326,87.7
678022,Jack Perkins,ATH,R,Two-Strike,334,ST,0.431,0.575,117.0,18.0,4.0,0.171,0.314,0.265,0.453,0.234,0.346,88.4
667652,Jack Ralston,MIA,L,Ahead (Pitcher),17,FS,0.706,0.353,,,,,,,,,,
667652,Jack Ralston,MIA,L,Behind (Pitcher),43,FS,0.419,0.302,12.0,2.0,1.0,0.2,0.6,0.388,0.0,0.154,0.6,98.4
667652,Jack Ralston,MIA,L,Even,60,FS,0.567,0.2,,,,,,,,,,
667652,Jack Ralston,MIA,L,Two-Strike,41,FS,0.512,0.537,22.0,2.0,1.0,0.105,0.263,0.227,0.364,0.227,0.273,82.4
667652,Jack Ralston,MIA,R,Behind (Pitcher),24,FS,0.5,0.292,,,,,,,,,,
667652,Jack Ralston,MIA,R,Even,27,FS,0.37,0.222,,,,,,,,,,
667652,Jack Ralston,MIA,R,Two-Strike,31,FS,0.581,0.645,14.0,3.0,0.0,0.231,0.231,0.243,0.5,0.2,0.333,74.4
674073,Jack Weisenburger,NYM,L,Even,32,FF,0.281,0.406,,,,,,,,,,
674073,Jack Weisenburger,NYM,L,Two-Strike,39,FF,0.385,0.615,16.0,4.0,0.0,0.267,0.333,0.291,0.438,0.167,0.25,89.2
674073,Jack Weisenburger,NYM,R,Even,31,SI,0.323,0.419,,,,,,,,,,
674073,Jack Weisenburger,NYM,R,Two-Strike,33,ST,0.515,0.485,13.0,2.0,0.0,0.154,0.231,0.165,0.462,0.25,0.286,87.0
695549,Jackson Jobe,DET,L,Ahead (Pitcher),126,FF,0.31,0.492,16.0,1.0,0.0,0.071,0.071,0.1,0.0,0.114,0.067,83.7
695549,Jackson Jobe,DET,L,Behind (Pitcher),205,FF,0.424,0.415,28.0,6.0,2.0,0.286,0.762,0.489,0.0,0.188,0.524,93.6
695549,Jackson Jobe,DET,L,Even,311,FF,0.379,0.341,17.0,4.0,2.0,0.25,0.625,0.382,0.0,0.194,0.5,88.7
695549,Jackson Jobe,DET,L,Two-Strike,276,FF,0.286,0.612,64.0,10.0,1.0,0.169,0.271,0.243,0.5,0.231,0.37,87.3
695549,Jackson Jobe,DET,R,Ahead (Pitcher),79,SL,0.342,0.481,,,,,,,,,,
695549,Jackson Jobe,DET,R,Behind (Pitcher),133,SI,0.353,0.444,10.0,4.0,0.0,0.571,0.857,0.64,0.0,0.182,0.429,94.1
695549,Jackson Jobe,DET,R,Even,221,SL,0.299,0.407,11.0,3.0,2.0,0.273,0.909,0.641,0.0,0.259,0.364,87.6
695549,Jackson Jobe,DET,R,Two-Strike,211,SL,0.318,0.493,20.0,4.0,0.0,0.211,0.211,0.215,0.55,0.2,0.111,81.4
800600,Jackson Kent,WSH,L,Ahead (Pitcher),23,FF,0.391,0.478,,,,,,,,,,
800600,Jackson Kent,WSH,L,Behind (Pitcher),37,FF,0.459,0.351,12.0,3.0,0.0,0.375,0.5,0.562,0.0,0.154,0.5,90.5
800600,Jackson Kent,WSH,L,Even,59,SL,0.475,0.407,,,,,,,,,,
800600,Jackson Kent,WSH,L,Two-Strike,41,SL,0.512,0.634,18.0,3.0,1.0,0.167,0.389,0.269,0.556,0.154,0.375,81.8
800600,Jackson Kent,WSH,R,Ahead (Pitcher),61,CH,0.393,0.574,,,,,,,,,,
800600,Jackson Kent,WSH,R,Behind (Pitcher),128,FF,0.422,0.375,30.0,7.0,0.0,0.368,0.474,0.49,0.0,0.25,0.526,93.8
800600,Jackson Kent,WSH,R,Even,171,FF,0.275,0.322,20.0,5.0,0.0,0.25,0.3,0.242,0.0,0.345,0.3,83.9
800600,Jackson Kent,WSH,R,Two-Strike,157,CH,0.357,0.586,68.0,13.0,1.0,0.224,0.328,0.32,0.294,0.185,0.368,86.2
671131,Jackson Rutledge,WSH,L,Ahead (Pitcher),62,FS,0.371,0.597,,,,,,,,,,
671131,Jackson Rutledge,WSH,L,Behind (Pitcher),175,SI,0.32,0.491,,,,,,,,,,
671131,Jackson Rutledge,WSH,L,Even,201,SI,0.249,0.368,,,,,,,,,,
671131,Jackson Rutledge,WSH,L,Two-Strike,160,FF,0.356,0.581,,,,,,,,,,
671131,Jackson Rutledge,WSH,R,Ahead (Pitcher),95,SI,0.411,0.558,,,,,,,,,,
671131,Jackson Rutledge,WSH,R,Behind (Pitcher),169,SI,0.574,0.45,,,,,,,,,,
671131,Jackson Rutledge,WSH,R,Even,276,SI,0.42,0.33,,,,,,,,,,
671131,Jackson Rutledge,WSH,R,Two-Strike,247,SL,0.466,0.587,,,,,,,,,,
594798,Jacob Degrom,TEX,L,Ahead (Pitcher),386,CH,0.409,0.459,23.0,11.0,0.0,0.5,0.545,0.446,0.0,0.368,0.565,92.1
594798,Jacob Degrom,TEX,L,Behind (Pitcher),593,FF,0.541,0.472,66.0,9.0,3.0,0.167,0.389,0.338,0.0,0.247,0.538,93.7
594798,Jacob Degrom,TEX,L,Even,1034,FF,0.409,0.405,67.0,22.0,4.0,0.338,0.6,0.42,0.0,0.35,0.547,92.8
594798,Jacob Degrom,TEX,L,Two-Strike,949,FF,0.399,0.626,234.0,31.0,6.0,0.141,0.259,0.202,0.517,0.3,0.41,90.3
594798,Jacob Degrom,TEX,R,Ahead (Pitcher),312,SL,0.468,0.487,20.0,7.0,0.0,0.35,0.35,0.315,0.0,0.306,0.25,80.9
594798,Jacob Degrom,TEX,R,Behind (Pitcher),440,FF,0.514,0.548,38.0,13.0,3.0,0.419,0.774,0.542,0.0,0.317,0.581,91.6
594798,Jacob Degrom,TEX,R,Even,843,FF,0.467,0.46,46.0,18.0,3.0,0.4,0.644,0.489,0.0,0.35,0.422,87.6
594798,Jacob Degrom,TEX,R,Two-Strike,718,SL,0.499,0.641,153.0,20.0,1.0,0.139,0.181,0.18,0.49,0.277,0.324,86.9
656641,Jacob Latz,TEX,L,Ahead (Pitcher),116,SL,0.448,0.457,,,,,,,,,,
656641,Jacob Latz,TEX,L,Behind (Pitcher),146,FF,0.555,0.507,16.0,3.0,0.0,0.2,0.333,0.3,0.0,0.212,0.357,87.1
656641,Jacob Latz,TEX,L,Even,289,FF,0.516,0.412,20.0,3.0,0.0,0.15,0.2,0.152,0.0,0.281,0.4,83.4
656641,Jacob Latz,TEX,L,Two-Strike,256,FF,0.543,0.605,51.0,10.0,2.0,0.208,0.417,0.275,0.412,0.171,0.5,90.9
656641,Jacob Latz,TEX,R,Ahead (Pitcher),199,FF,0.462,0.543,11.0,3.0,1.0,0.273,0.636,0.377,0.0,0.365,0.545,89.9
656641,Jacob Latz,TEX,R,Behind (Pitcher),392,FF,0.546,0.503,20.0,4.0,1.0,0.267,0.533,0.431,0.0,0.329,0.375,87.5
656641,Jacob Latz,TEX,R,Even,576,FF,0.467,0.37,23.0,5.0,1.0,0.217,0.478,0.328,0.0,0.375,0.304,86.5
656641,Jacob Latz,TEX,R,Two-Strike,558,FF,0.559,0.609,115.0,6.0,1.0,0.057,0.105,0.123,0.513,0.243,0.404,88.4
682052,Jacob Lopez,ATH,L,Ahead (Pitcher),128,SL,0.5,0.438,16.0,7.0,1.0,0.438,0.625,0.462,0.0,0.289,0.438,77.2
682052,Jacob Lopez,ATH,L,Behind (Pitcher),200,FF,0.415,0.38,28.0,5.0,2.0,0.25,0.55,0.439,0.0,0.278,0.45,92.2
682052,Jacob Lopez,ATH,L,Even,320,FF,0.491,0.316,18.0,5.0,0.0,0.333,0.467,0.394,0.0,0.182,0.389,78.8
682052,Jacob Lopez,ATH,L,Two-Strike,289,SL,0.509,0.619,79.0,12.0,0.0,0.167,0.181,0.203,0.38,0.19,0.143,79.2
682052,Jacob Lopez,ATH,R,Ahead (Pitcher),373,FF,0.311,0.48,39.0,18.0,3.0,0.474,0.816,0.577,0.0,0.22,0.342,83.6
682052,Jacob Lopez,ATH,R,Behind (Pitcher),620,FF,0.284,0.447,61.0,8.0,5.0,0.178,0.556,0.38,0.0,0.217,0.404,88.7
682052,Jacob Lopez,ATH,R,Even,1000,FF,0.337,0.372,74.0,30.0,6.0,0.417,0.736,0.497,0.0,0.232,0.243,81.7
682052,Jacob Lopez,ATH,R,Two-Strike,886,SL,0.394,0.564,211.0,38.0,4.0,0.211,0.322,0.301,0.365,0.225,0.34,84.9
694819,Jacob Misiorowski,MIL,L,Ahead (Pitcher),273,FF,0.56,0.516,18.0,2.0,1.0,0.125,0.312,0.253,0.0,0.505,0.267,88.3
694819,Jacob Misiorowski,MIL,L,Behind (Pitcher),440,FF,0.675,0.473,46.0,7.0,1.0,0.2,0.4,0.378,0.0,0.282,0.457,92.6
694819,Jacob Misiorowski,MIL,L,Even,701,FF,0.635,0.434,45.0,10.0,2.0,0.244,0.39,0.332,0.0,0.455,0.256,82.4
694819,Jacob Misiorowski,MIL,L,Two-Strike,671,FF,0.598,0.647,250.0,19.0,2.0,0.081,0.119,0.127,0.644,0.36,0.324,86.9
694819,Jacob Misiorowski,MIL,R,Ahead (Pitcher),227,FF,0.524,0.489,30.0,7.0,0.0,0.233,0.267,0.222,0.0,0.225,0.233,82.0
694819,Jacob Misiorowski,MIL,R,Behind (Pitcher),340,FF,0.703,0.403,41.0,8.0,1.0,0.25,0.344,0.356,0.0,0.167,0.312,84.8
694819,Jacob Misiorowski,MIL,R,Even,573,FF,0.585,0.387,44.0,11.0,2.0,0.256,0.442,0.307,0.0,0.323,0.341,87.2
694819,Jacob Misiorowski,MIL,R,Two-Strike,521,FF,0.549,0.641,171.0,30.0,5.0,0.188,0.294,0.244,0.503,0.312,0.373,87.7
621097,Jacob Waguespack,DET,L,Ahead (Pitcher),43,CH,0.512,0.558,11.0,3.0,0.0,0.3,0.3,0.29,0.0,0.208,0.182,75.9
621097,Jacob Waguespack,DET,L,Behind (Pitcher),73,FF,0.438,0.342,18.0,2.0,1.0,0.182,0.455,0.433,0.0,0.16,0.273,85.8
621097,Jacob Waguespack,DET,L,Even,111,FF,0.378,0.324,17.0,4.0,0.0,0.25,0.25,0.238,0.0,0.333,0.176,80.0
621097,Jacob Waguespack,DET,L,Two-Strike,68,CH,0.471,0.662,37.0,2.0,0.0,0.059,0.059,0.119,0.405,0.244,0.4,85.3
621097,Jacob Waguespack,DET,R,Ahead (Pitcher),50,FF,0.56,0.52,,,,,,,,,,
621097,Jacob Waguespack,DET,R,Behind (Pitcher),71,FC,0.549,0.437,25.0,4.0,1.0,0.235,0.412,0.412,0.0,0.097,0.294,87.4
621097,Jacob Waguespack,DET,R,Even,127,FC,0.457,0.37,13.0,4.0,1.0,0.308,0.538,0.431,0.0,0.277,0.308,74.7
621097,Jacob Waguespack,DET,R,Two-Strike,105,FF,0.476,0.619,48.0,4.0,3.0,0.091,0.295,0.188,0.375,0.2,0.333,87.1
657097,Jacob Webb,CHC,L,Ahead (Pitcher),152,CH,0.625,0.487,12.0,4.0,0.0,0.333,0.333,0.3,0.0,0.4,0.25,84.7
657097,Jacob Webb,CHC,L,Behind (Pitcher),231,FF,0.476,0.468,27.0,4.0,1.0,0.235,0.412,0.407,0.0,0.279,0.333,87.9
657097,Jacob Webb,CHC,L,Even,404,CH,0.416,0.406,22.0,10.0,1.0,0.455,0.636,0.475,0.0,0.43,0.478,88.4
657097,Jacob Webb,CHC,L,Two-Strike,356,CH,0.517,0.663,107.0,15.0,2.0,0.149,0.208,0.194,0.421,0.267,0.333,85.8
657097,Jacob Webb,CHC,R,Ahead (Pitcher),133,FF,0.368,0.586,11.0,5.0,2.0,0.455,1.091,0.805,0.0,0.342,0.636,95.7
657097,Jacob Webb,CHC,R,Behind (Pitcher),197,FF,0.594,0.477,18.0,7.0,2.0,0.5,1.071,0.628,0.0,0.325,0.533,94.8
657097,Jacob Webb,CHC,R,Even,347,FF,0.427,0.378,21.0,6.0,2.0,0.3,0.6,0.405,0.0,0.302,0.476,87.6
657097,Jacob Webb,CHC,R,Two-Strike,295,FF,0.492,0.593,60.0,8.0,0.0,0.154,0.173,0.219,0.45,0.235,0.462,90.0
677955,Jaden Hill,COL,L,Ahead (Pitcher),69,CH,0.464,0.623,12.0,3.0,0.0,0.25,0.25,0.225,0.0,0.3,0.167,85.0
677955,Jaden Hill,COL,L,Behind (Pitcher),168,FF,0.363,0.446,20.0,5.0,1.0,0.357,0.643,0.608,0.0,0.19,0.75,99.6
677955,Jaden Hill,COL,L,Even,216,CH,0.292,0.347,17.0,4.0,0.0,0.235,0.294,0.232,0.0,0.182,0.235,85.3
677955,Jaden Hill,COL,L,Two-Strike,155,CH,0.374,0.626,49.0,3.0,0.0,0.071,0.095,0.195,0.388,0.207,0.318,86.1
677955,Jaden Hill,COL,R,Ahead (Pitcher),82,SL,0.402,0.573,,,,,,,,,,
677955,Jaden Hill,COL,R,Behind (Pitcher),110,SI,0.427,0.436,12.0,3.0,0.0,0.333,0.556,0.458,0.0,0.355,0.444,92.4
677955,Jaden Hill,COL,R,Even,207,SL,0.372,0.425,11.0,6.0,1.0,0.6,1.1,0.718,0.0,0.347,0.3,87.6
677955,Jaden Hill,COL,R,Two-Strike,167,SL,0.395,0.593,49.0,6.0,0.0,0.146,0.195,0.224,0.388,0.25,0.304,87.1
687562,Jake Bennett,BOS,L,Ahead (Pitcher),54,SI,0.37,0.444,11.0,3.0,0.0,0.273,0.273,0.245,0.0,0.167,0.364,87.9
687562,Jake Bennett,BOS,L,Behind (Pitcher),71,SI,0.507,0.465,16.0,3.0,0.0,0.273,0.273,0.388,0.0,0.242,0.455,88.8
687562,Jake Bennett,BOS,L,Even,156,SI,0.519,0.436,28.0,5.0,0.0,0.185,0.185,0.174,0.0,0.176,0.25,79.8
687562,Jake Bennett,BOS,L,Two-Strike,120,SI,0.275,0.558,54.0,5.0,0.0,0.096,0.096,0.109,0.574,0.179,0.095,79.4
687562,Jake Bennett,BOS,R,Ahead (Pitcher),157,FF,0.401,0.58,33.0,8.0,1.0,0.25,0.375,0.283,0.0,0.286,0.5,90.0
687562,Jake Bennett,BOS,R,Behind (Pitcher),222,FF,0.369,0.581,58.0,21.0,3.0,0.368,0.614,0.439,0.0,0.233,0.482,92.5
687562,Jake Bennett,BOS,R,Even,451,FF,0.401,0.463,88.0,28.0,3.0,0.337,0.506,0.374,0.0,0.211,0.398,84.7
687562,Jake Bennett,BOS,R,Two-Strike,331,FF,0.405,0.628,152.0,28.0,5.0,0.203,0.355,0.271,0.388,0.188,0.37,88.1
656234,Jake Bird,WSH,L,Ahead (Pitcher),77,CU,0.468,0.455,,,,,,,,,,
656234,Jake Bird,WSH,L,Behind (Pitcher),157,SI,0.439,0.357,13.0,4.0,2.0,0.444,1.111,0.662,0.0,0.19,0.556,94.5
656234,Jake Bird,WSH,L,Even,229,SI,0.415,0.323,10.0,1.0,0.0,0.125,0.125,0.23,0.0,0.429,0.125,85.8
656234,Jake Bird,WSH,L,Two-Strike,209,CU,0.44,0.617,27.0,9.0,0.0,0.375,0.5,0.391,0.37,0.136,0.467,90.1
656234,Jake Bird,WSH,R,Ahead (Pitcher),145,ST,0.545,0.462,10.0,2.0,0.0,0.222,0.222,0.25,0.0,0.32,0.111,83.7
656234,Jake Bird,WSH,R,Behind (Pitcher),203,ST,0.483,0.296,22.0,5.0,1.0,0.278,0.5,0.439,0.0,0.2,0.278,87.1
656234,Jake Bird,WSH,R,Even,352,ST,0.54,0.321,21.0,9.0,2.0,0.474,1.0,0.59,0.0,0.283,0.45,89.6
656234,Jake Bird,WSH,R,Two-Strike,282,ST,0.504,0.567,62.0,7.0,1.0,0.121,0.172,0.165,0.5,0.269,0.296,87.5
671109,Jake Eder,LAD,L,Ahead (Pitcher),15,SL,0.533,0.533,,,,,,,,,,
671109,Jake Eder,LAD,L,Behind (Pitcher),24,FF,0.5,0.375,,,,,,,,,,
671109,Jake Eder,LAD,L,Even,47,FF,0.34,0.511,,,,,,,,,,
671109,Jake Eder,LAD,L,Two-Strike,25,ST,0.44,0.68,,,,,,,,,,
671109,Jake Eder,LAD,R,Ahead (Pitcher),29,CH,0.379,0.31,,,,,,,,,,
671109,Jake Eder,LAD,R,Behind (Pitcher),65,FF,0.646,0.477,,,,,,,,,,
671109,Jake Eder,LAD,R,Even,84,FF,0.488,0.393,,,,,,,,,,
671109,Jake Eder,LAD,R,Two-Strike,71,FF,0.549,0.662,,,,,,,,,,
663623,Jake Irvin,WSH,L,Ahead (Pitcher),363,FF,0.35,0.466,21.0,5.0,1.0,0.238,0.429,0.283,0.0,0.25,0.476,87.1
663623,Jake Irvin,WSH,L,Behind (Pitcher),603,FF,0.322,0.436,53.0,16.0,3.0,0.41,0.744,0.545,0.0,0.255,0.59,92.3
663623,Jake Irvin,WSH,L,Even,971,FF,0.375,0.371,52.0,11.0,2.0,0.229,0.438,0.317,0.0,0.227,0.551,92.2
663623,Jake Irvin,WSH,L,Two-Strike,790,FF,0.389,0.599,141.0,17.0,4.0,0.139,0.254,0.247,0.433,0.202,0.371,86.9
663623,Jake Irvin,WSH,R,Ahead (Pitcher),283,SI,0.41,0.47,18.0,4.0,1.0,0.267,0.467,0.378,0.0,0.163,0.4,88.8
663623,Jake Irvin,WSH,R,Behind (Pitcher),380,SI,0.482,0.437,27.0,8.0,2.0,0.4,0.75,0.491,0.0,0.214,0.364,86.0
663623,Jake Irvin,WSH,R,Even,713,SI,0.386,0.366,24.0,8.0,2.0,0.333,0.625,0.444,0.0,0.287,0.375,88.1
663623,Jake Irvin,WSH,R,Two-Strike,682,FF,0.355,0.587,110.0,24.0,3.0,0.245,0.378,0.33,0.391,0.159,0.4,88.4
668670,Jake Rogers,DET,L,Even,22,EP,0.682,0.409,,,,,,,,,,
668670,Jake Rogers,DET,R,Behind (Pitcher),16,FA,0.688,0.312,,,,,,,,,,
668670,Jake Rogers,DET,R,Even,19,EP,0.579,0.105,,,,,,,,,,
663765,Jake Woodford,CHC,L,Ahead (Pitcher),51,FS,0.412,0.431,,,,,,,,,,
663765,Jake Woodford,CHC,L,Behind (Pitcher),88,FC,0.295,0.477,11.0,5.0,1.0,0.714,1.143,0.7,0.0,0.133,0.5,94.4
663765,Jake Woodford,CHC,L,Even,147,FC,0.367,0.367,13.0,6.0,1.0,0.5,1.0,0.581,0.0,0.065,0.385,89.4
663765,Jake Woodford,CHC,L,Two-Strike,121,FS,0.388,0.57,23.0,9.0,0.0,0.391,0.435,0.367,0.261,0.139,0.353,89.7
663765,Jake Woodford,CHC,R,Ahead (Pitcher),94,ST,0.394,0.468,10.0,5.0,0.0,0.5,0.6,0.485,0.0,0.167,0.5,89.7
663765,Jake Woodford,CHC,R,Behind (Pitcher),132,SI,0.515,0.485,15.0,8.0,2.0,0.667,1.417,0.79,0.0,0.143,0.846,99.0
663765,Jake Woodford,CHC,R,Even,265,SI,0.472,0.396,16.0,1.0,0.0,0.067,0.067,0.12,0.0,0.216,0.312,83.8
663765,Jake Woodford,CHC,R,Two-Strike,188,ST,0.314,0.511,34.0,5.0,0.0,0.156,0.156,0.2,0.5,0.286,0.6,93.2
596001,Jakob Junis,TEX,L,Ahead (Pitcher),107,CH,0.514,0.486,19.0,5.0,0.0,0.263,0.421,0.292,0.0,0.067,0.316,89.0
596001,Jakob Junis,TEX,L,Behind (Pitcher),213,CH,0.286,0.362,15.0,4.0,1.0,0.308,0.615,0.43,0.0,0.135,0.308,86.6
596001,Jakob Junis,TEX,L,Even,311,ST,0.386,0.35,27.0,6.0,0.0,0.231,0.269,0.239,0.0,0.186,0.385,89.3
596001,Jakob Junis,TEX,L,Two-Strike,215,CH,0.377,0.6,53.0,12.0,0.0,0.245,0.265,0.263,0.321,0.154,0.219,81.7
596001,Jakob Junis,TEX,R,Ahead (Pitcher),144,ST,0.576,0.542,12.0,7.0,0.0,0.583,0.667,0.554,0.0,0.214,0.417,89.5
596001,Jakob Junis,TEX,R,Behind (Pitcher),186,ST,0.398,0.403,18.0,5.0,0.0,0.357,0.357,0.453,0.0,0.125,0.462,91.6
596001,Jakob Junis,TEX,R,Even,372,ST,0.527,0.317,26.0,3.0,1.0,0.136,0.273,0.254,0.0,0.239,0.545,91.4
596001,Jakob Junis,TEX,R,Two-Strike,307,ST,0.616,0.629,54.0,8.0,2.0,0.154,0.269,0.2,0.37,0.169,0.281,86.8
656222,Jalen Beeks,TEX,L,Ahead (Pitcher),68,FF,0.397,0.456,,,,,,,,,,
656222,Jalen Beeks,TEX,L,Behind (Pitcher),118,FF,0.703,0.466,10.0,3.0,0.0,0.429,0.429,0.48,0.0,0.176,0.286,85.2
656222,Jalen Beeks,TEX,L,Even,203,FF,0.571,0.414,11.0,6.0,3.0,0.545,1.545,0.855,0.0,0.231,0.727,95.8
656222,Jalen Beeks,TEX,L,Two-Strike,184,FF,0.424,0.614,26.0,6.0,0.0,0.24,0.28,0.248,0.423,0.273,0.429,89.3
656222,Jalen Beeks,TEX,R,Ahead (Pitcher),90,CH,0.556,0.444,10.0,3.0,1.0,0.3,0.7,0.415,0.0,0.211,0.4,91.3
656222,Jalen Beeks,TEX,R,Behind (Pitcher),209,FF,0.617,0.474,14.0,2.0,0.0,0.154,0.154,0.2,0.0,0.25,0.615,91.1
656222,Jalen Beeks,TEX,R,Even,273,CH,0.469,0.374,,,,,,,,,,
656222,Jalen Beeks,TEX,R,Two-Strike,190,CH,0.489,0.605,29.0,7.0,1.0,0.269,0.423,0.34,0.345,0.225,0.312,85.6
675916,James Karinchak,ATL,L,Behind (Pitcher),17,FF,0.588,0.176,,,,,,,,,,
675916,James Karinchak,ATL,L,Even,23,FF,0.522,0.348,,,,,,,,,,
675916,James Karinchak,ATL,L,Two-Strike,20,FF,0.6,0.55,,,,,,,,,,
675916,James Karinchak,ATL,R,Behind (Pitcher),31,FF,0.71,0.355,,,,,,,,,,
675916,James Karinchak,ATL,R,Even,34,FF,0.5,0.324,,,,,,,,,,
675916,James Karinchak,ATL,R,Two-Strike,22,FF,0.727,0.636,10.0,0.0,0.0,0.0,0.0,0.07,0.5,0.143,0.25,91.6
543510,James Mccann,AZ,L,Behind (Pitcher),20,EP,1.0,0.45,,,,,,,,,,
543510,James Mccann,AZ,L,Even,20,EP,0.8,0.3,,,,,,,,,,
592791,Jameson Taillon,TOR,L,Ahead (Pitcher),217,CH,0.452,0.461,16.0,6.0,3.0,0.375,1.0,0.663,0.0,0.206,0.4,91.1
592791,Jameson Taillon,TOR,L,Behind (Pitcher),464,FF,0.444,0.399,54.0,12.0,5.0,0.286,0.714,0.477,0.0,0.267,0.452,92.2
592791,Jameson Taillon,TOR,L,Even,632,FF,0.411,0.315,30.0,16.0,4.0,0.533,1.0,0.65,0.0,0.244,0.267,90.0
592791,Jameson Taillon,TOR,L,Two-Strike,573,FF,0.358,0.567,94.0,8.0,2.0,0.098,0.183,0.193,0.383,0.197,0.348,89.0
592791,Jameson Taillon,TOR,R,Ahead (Pitcher),219,ST,0.447,0.53,18.0,7.0,0.0,0.438,0.5,0.447,0.0,0.262,0.438,88.4
592791,Jameson Taillon,TOR,R,Behind (Pitcher),275,FC,0.36,0.52,26.0,9.0,4.0,0.36,0.84,0.544,0.0,0.304,0.5,88.8
592791,Jameson Taillon,TOR,R,Even,575,FF,0.311,0.437,46.0,15.0,5.0,0.326,0.696,0.428,0.0,0.235,0.37,85.5
592791,Jameson Taillon,TOR,R,Two-Strike,471,ST,0.497,0.631,87.0,12.0,4.0,0.148,0.309,0.227,0.46,0.25,0.439,88.4
676083,Janson Junk,MIA,L,Ahead (Pitcher),277,FF,0.314,0.531,34.0,16.0,0.0,0.471,0.5,0.434,0.0,0.175,0.412,87.4
676083,Janson Junk,MIA,L,Behind (Pitcher),398,FF,0.447,0.445,44.0,12.0,0.0,0.375,0.5,0.468,0.0,0.184,0.312,85.4
676083,Janson Junk,MIA,L,Even,756,FF,0.37,0.399,72.0,27.0,2.0,0.386,0.614,0.448,0.0,0.127,0.507,89.9
676083,Janson Junk,MIA,L,Two-Strike,663,FF,0.398,0.585,166.0,28.0,4.0,0.183,0.301,0.248,0.337,0.119,0.394,89.3
676083,Janson Junk,MIA,R,Ahead (Pitcher),206,ST,0.301,0.515,19.0,2.0,0.0,0.105,0.105,0.139,0.0,0.095,0.294,91.3
676083,Janson Junk,MIA,R,Behind (Pitcher),232,SL,0.319,0.539,33.0,5.0,2.0,0.172,0.379,0.315,0.0,0.091,0.31,88.4
676083,Janson Junk,MIA,R,Even,560,FF,0.304,0.459,49.0,15.0,2.0,0.326,0.5,0.4,0.0,0.153,0.298,87.9
676083,Janson Junk,MIA,R,Two-Strike,449,FF,0.365,0.619,89.0,19.0,4.0,0.229,0.422,0.304,0.315,0.092,0.382,89.8
683003,Jared Jones,PIT,L,Ahead (Pitcher),110,FF,0.518,0.582,21.0,5.0,0.0,0.238,0.381,0.278,0.0,0.25,0.3,86.8
683003,Jared Jones,PIT,L,Behind (Pitcher),225,FF,0.484,0.422,44.0,10.0,4.0,0.303,0.727,0.495,0.0,0.368,0.441,90.3
683003,Jared Jones,PIT,L,Even,329,FF,0.474,0.392,40.0,9.0,1.0,0.225,0.425,0.274,0.0,0.295,0.4,87.2
683003,Jared Jones,PIT,L,Two-Strike,293,FF,0.468,0.584,132.0,20.0,2.0,0.169,0.297,0.246,0.538,0.298,0.438,88.6
683003,Jared Jones,PIT,R,Ahead (Pitcher),84,FF,0.452,0.583,20.0,4.0,2.0,0.211,0.526,0.29,0.0,0.184,0.15,86.7
683003,Jared Jones,PIT,R,Behind (Pitcher),136,SL,0.515,0.434,26.0,7.0,2.0,0.35,0.7,0.537,0.0,0.305,0.4,92.1
683003,Jared Jones,PIT,R,Even,224,FF,0.491,0.411,30.0,10.0,1.0,0.345,0.517,0.383,0.0,0.337,0.414,89.8
683003,Jared Jones,PIT,R,Two-Strike,178,SL,0.461,0.663,90.0,13.0,0.0,0.149,0.161,0.177,0.522,0.288,0.375,86.1
657649,Jared Koenig,MIL,L,Ahead (Pitcher),56,SI,0.411,0.464,,,,,,,,,,
657649,Jared Koenig,MIL,L,Behind (Pitcher),102,SI,0.657,0.402,,,,,,,,,,
657649,Jared Koenig,MIL,L,Even,166,SI,0.584,0.367,,,,,,,,,,
657649,Jared Koenig,MIL,L,Two-Strike,145,SI,0.628,0.51,10.0,3.0,1.0,0.333,0.778,0.485,0.4,0.1,0.6,93.5
657649,Jared Koenig,MIL,R,Ahead (Pitcher),101,SI,0.416,0.495,,,,,,,,,,
657649,Jared Koenig,MIL,R,Behind (Pitcher),152,SI,0.618,0.375,,,,,,,,,,
657649,Jared Koenig,MIL,R,Even,263,SI,0.54,0.331,,,,,,,,,,
657649,Jared Koenig,MIL,R,Two-Strike,231,SI,0.485,0.541,13.0,2.0,0.0,0.2,0.3,0.327,0.231,0.067,0.286,87.9
694363,Jared Shuster,STL,L,Ahead (Pitcher),21,SL,0.524,0.81,,,,,,,,,,
694363,Jared Shuster,STL,L,Behind (Pitcher),41,FF,0.488,0.317,,,,,,,,,,
694363,Jared Shuster,STL,L,Even,61,SL,0.443,0.443,,,,,,,,,,
694363,Jared Shuster,STL,L,Two-Strike,45,SL,0.378,0.6,,,,,,,,,,
694363,Jared Shuster,STL,R,Ahead (Pitcher),34,CH,0.735,0.471,,,,,,,,,,
694363,Jared Shuster,STL,R,Behind (Pitcher),86,FF,0.326,0.384,,,,,,,,,,
694363,Jared Shuster,STL,R,Even,106,CH,0.368,0.358,,,,,,,,,,
694363,Jared Shuster,STL,R,Two-Strike,67,CH,0.522,0.657,10.0,3.0,0.0,0.333,0.444,0.375,0.3,0.222,0.333,86.5
592094,Jason Adam,SD,L,Ahead (Pitcher),80,CH,0.6,0.425,,,,,,,,,,
592094,Jason Adam,SD,L,Behind (Pitcher),208,SL,0.394,0.495,13.0,2.0,0.0,0.154,0.154,0.138,0.0,0.282,0.231,88.4
592094,Jason Adam,SD,L,Even,288,CH,0.389,0.378,10.0,3.0,0.0,0.3,0.3,0.27,0.0,0.395,0.6,92.2
592094,Jason Adam,SD,L,Two-Strike,236,CH,0.53,0.627,38.0,7.0,0.0,0.194,0.222,0.212,0.289,0.135,0.24,88.3
592094,Jason Adam,SD,R,Ahead (Pitcher),125,SL,0.368,0.608,10.0,0.0,0.0,0.0,0.0,0.0,0.0,0.37,0.4,80.8
592094,Jason Adam,SD,R,Behind (Pitcher),150,SL,0.54,0.487,,,,,,,,,,
592094,Jason Adam,SD,R,Even,288,SL,0.521,0.406,15.0,4.0,1.0,0.308,0.615,0.43,0.0,0.325,0.462,86.5
592094,Jason Adam,SD,R,Two-Strike,273,CH,0.304,0.575,38.0,9.0,3.0,0.265,0.588,0.416,0.289,0.15,0.348,87.5
669920,Jason Alexander,HOU,L,Ahead (Pitcher),115,CH,0.496,0.426,,,,,,,,,,
669920,Jason Alexander,HOU,L,Behind (Pitcher),215,SI,0.391,0.409,11.0,2.0,0.0,0.286,0.571,0.482,0.0,0.267,0.286,85.4
669920,Jason Alexander,HOU,L,Even,316,SI,0.377,0.345,11.0,5.0,0.0,0.455,0.455,0.409,0.0,0.172,0.273,84.8
669920,Jason Alexander,HOU,L,Two-Strike,234,CH,0.509,0.538,23.0,7.0,2.0,0.318,0.727,0.446,0.304,0.167,0.333,87.5
669920,Jason Alexander,HOU,R,Ahead (Pitcher),103,SI,0.476,0.485,,,,,,,,,,
669920,Jason Alexander,HOU,R,Behind (Pitcher),115,SI,0.687,0.443,,,,,,,,,,
669920,Jason Alexander,HOU,R,Even,262,SI,0.588,0.393,10.0,3.0,0.0,0.333,0.556,0.41,0.0,0.056,0.444,85.3
669920,Jason Alexander,HOU,R,Two-Strike,192,CH,0.526,0.552,13.0,0.0,0.0,0.0,0.0,0.054,0.538,0.4,0.4,90.2
671345,Jason Foley,SF,L,Ahead (Pitcher),17,FS,0.647,0.529,,,,,,,,,,
671345,Jason Foley,SF,L,Behind (Pitcher),77,SI,0.468,0.416,13.0,3.0,0.0,0.333,0.444,0.45,0.0,0.188,0.333,79.9
671345,Jason Foley,SF,L,Even,79,SI,0.316,0.354,17.0,6.0,1.0,0.375,0.688,0.424,0.0,0.036,0.471,92.6
671345,Jason Foley,SF,L,Two-Strike,40,FF,0.5,0.6,20.0,6.0,0.0,0.353,0.412,0.392,0.25,0.167,0.333,89.7
671345,Jason Foley,SF,R,Ahead (Pitcher),24,SL,0.583,0.375,,,,,,,,,,
671345,Jason Foley,SF,R,Behind (Pitcher),41,SI,0.61,0.439,12.0,4.0,0.0,0.364,0.455,0.388,0.0,0.278,0.545,88.6
671345,Jason Foley,SF,R,Even,78,SI,0.628,0.295,11.0,5.0,1.0,0.455,0.818,0.541,0.0,0.174,0.636,92.1
671345,Jason Foley,SF,R,Two-Strike,63,SL,0.397,0.54,26.0,2.0,0.0,0.077,0.077,0.104,0.346,0.147,0.176,78.7
665871,Javier Assad,CHC,L,Ahead (Pitcher),134,CH,0.269,0.552,20.0,7.0,5.0,0.35,1.1,0.59,0.0,0.173,0.65,94.7
665871,Javier Assad,CHC,L,Behind (Pitcher),240,FF,0.308,0.408,34.0,8.0,5.0,0.308,0.923,0.608,0.0,0.178,0.654,91.0
665871,Javier Assad,CHC,L,Even,353,FF,0.314,0.346,39.0,13.0,1.0,0.333,0.487,0.355,0.0,0.135,0.462,89.3
665871,Javier Assad,CHC,L,Two-Strike,310,SI,0.319,0.584,99.0,17.0,2.0,0.193,0.261,0.255,0.354,0.148,0.364,89.6
665871,Javier Assad,CHC,R,Ahead (Pitcher),125,SI,0.464,0.328,,,,,,,,,,
665871,Javier Assad,CHC,R,Behind (Pitcher),227,SI,0.767,0.454,49.0,9.0,1.0,0.209,0.326,0.294,0.0,0.095,0.429,89.9
665871,Javier Assad,CHC,R,Even,381,SI,0.609,0.354,42.0,10.0,0.0,0.25,0.25,0.224,0.0,0.107,0.333,83.2
665871,Javier Assad,CHC,R,Two-Strike,273,SI,0.465,0.575,77.0,14.0,2.0,0.192,0.301,0.238,0.325,0.12,0.417,90.1
691594,Javier Sanoja,MIA,L,Ahead (Pitcher),15,FA,1.0,0.533,,,,,,,,,,
691594,Javier Sanoja,MIA,L,Behind (Pitcher),36,FA,1.0,0.639,,,,,,,,,,
691594,Javier Sanoja,MIA,L,Even,50,FA,1.0,0.44,,,,,,,,,,
691594,Javier Sanoja,MIA,L,Two-Strike,17,FA,1.0,0.765,,,,,,,,,,
691594,Javier Sanoja,MIA,R,Behind (Pitcher),38,FA,1.0,0.526,,,,,,,,,,
691594,Javier Sanoja,MIA,R,Even,55,FA,0.982,0.4,,,,,,,,,,
691594,Javier Sanoja,MIA,R,Two-Strike,20,FA,0.95,0.55,,,,,,,,,,
681151,Jayden Murray,CHC,L,Ahead (Pitcher),43,FF,0.721,0.605,,,,,,,,,,
681151,Jayden Murray,CHC,L,Behind (Pitcher),57,FF,0.491,0.439,12.0,3.0,1.0,0.429,0.857,0.55,0.0,0.238,0.5,96.4
681151,Jayden Murray,CHC,L,Even,96,FF,0.51,0.427,,,,,,,,,,
681151,Jayden Murray,CHC,L,Two-Strike,93,FF,0.559,0.677,31.0,6.0,0.0,0.214,0.25,0.253,0.323,0.184,0.556,91.5
681151,Jayden Murray,CHC,R,Ahead (Pitcher),25,FF,0.36,0.36,,,,,,,,,,
681151,Jayden Murray,CHC,R,Behind (Pitcher),45,FF,0.511,0.378,,,,,,,,,,
681151,Jayden Murray,CHC,R,Even,74,FF,0.432,0.392,,,,,,,,,,
681151,Jayden Murray,CHC,R,Two-Strike,48,FF,0.438,0.625,12.0,7.0,1.0,0.583,1.083,0.704,0.333,0.188,0.375,93.4
699151,Jedixson Paez,BOS,L,Behind (Pitcher),25,FF,0.44,0.4,,,,,,,,,,
699151,Jedixson Paez,BOS,L,Even,38,CH,0.316,0.447,,,,,,,,,,
699151,Jedixson Paez,BOS,L,Two-Strike,26,CH,0.538,0.654,13.0,4.0,2.0,0.4,1.0,0.608,0.077,0.059,0.556,91.6
699151,Jedixson Paez,BOS,R,Behind (Pitcher),16,SI,0.562,0.312,,,,,,,,,,
699151,Jedixson Paez,BOS,R,Even,18,SI,0.333,0.444,,,,,,,,,,
676105,Jeff Criswell,COL,R,Behind (Pitcher),19,FF,0.526,0.474,,,,,,,,,,
656546,Jeff Hoffman,MIN,L,Ahead (Pitcher),156,FS,0.526,0.442,,,,,,,,,,
656546,Jeff Hoffman,MIN,L,Behind (Pitcher),273,FF,0.421,0.421,30.0,10.0,1.0,0.455,0.682,0.692,0.0,0.319,0.278,86.9
656546,Jeff Hoffman,MIN,L,Even,425,FF,0.4,0.416,29.0,8.0,0.0,0.296,0.444,0.357,0.0,0.354,0.423,88.2
656546,Jeff Hoffman,MIN,L,Two-Strike,368,FF,0.394,0.663,88.0,7.0,0.0,0.086,0.099,0.152,0.602,0.283,0.31,86.9
656546,Jeff Hoffman,MIN,R,Ahead (Pitcher),150,SL,0.513,0.567,10.0,5.0,0.0,0.625,0.75,0.555,0.0,0.439,0.444,91.1
656546,Jeff Hoffman,MIN,R,Behind (Pitcher),206,SL,0.466,0.447,15.0,3.0,1.0,0.273,0.636,0.417,0.0,0.4,0.583,96.3
656546,Jeff Hoffman,MIN,R,Even,380,SL,0.539,0.403,20.0,7.0,0.0,0.438,0.5,0.434,0.0,0.474,0.263,84.0
656546,Jeff Hoffman,MIN,R,Two-Strike,401,SL,0.541,0.591,91.0,14.0,2.0,0.173,0.309,0.279,0.538,0.279,0.406,87.0
605488,Jeffrey Springs,ATH,L,Ahead (Pitcher),152,SL,0.414,0.454,15.0,8.0,2.0,0.571,1.286,0.767,0.0,0.091,0.214,84.8
605488,Jeffrey Springs,ATH,L,Behind (Pitcher),317,FF,0.464,0.385,44.0,14.0,4.0,0.467,1.033,0.622,0.0,0.158,0.486,92.2
605488,Jeffrey Springs,ATH,L,Even,458,SL,0.43,0.362,49.0,14.0,2.0,0.286,0.49,0.331,0.0,0.12,0.429,87.3
605488,Jeffrey Springs,ATH,L,Two-Strike,334,FF,0.491,0.599,76.0,10.0,1.0,0.143,0.243,0.207,0.395,0.194,0.244,87.0
605488,Jeffrey Springs,ATH,R,Ahead (Pitcher),491,FF,0.46,0.454,43.0,12.0,3.0,0.279,0.581,0.36,0.0,0.252,0.279,86.1
605488,Jeffrey Springs,ATH,R,Behind (Pitcher),912,FF,0.418,0.446,78.0,22.0,7.0,0.338,0.738,0.483,0.0,0.251,0.485,90.1
605488,Jeffrey Springs,ATH,R,Even,1453,FF,0.415,0.361,82.0,28.0,9.0,0.359,0.782,0.504,0.0,0.262,0.4,85.8
605488,Jeffrey Springs,ATH,R,Two-Strike,1196,CH,0.432,0.616,239.0,40.0,5.0,0.191,0.282,0.275,0.343,0.178,0.25,85.5
642376,Jefry Yan,NYM,L,Ahead (Pitcher),17,SI,0.529,0.471,,,,,,,,,,
642376,Jefry Yan,NYM,L,Behind (Pitcher),31,SI,0.968,0.29,,,,,,,,,,
642376,Jefry Yan,NYM,L,Even,55,SI,0.745,0.4,,,,,,,,,,
642376,Jefry Yan,NYM,L,Two-Strike,43,SL,0.488,0.442,21.0,2.0,0.0,0.118,0.118,0.219,0.524,0.421,0.167,74.8
642376,Jefry Yan,NYM,R,Ahead (Pitcher),20,SI,0.4,0.7,,,,,,,,,,
642376,Jefry Yan,NYM,R,Behind (Pitcher),43,FF,0.512,0.488,11.0,3.0,0.0,0.5,0.667,0.532,0.0,0.286,0.429,88.7
642376,Jefry Yan,NYM,R,Even,61,SI,0.328,0.361,,,,,,,,,,
642376,Jefry Yan,NYM,R,Two-Strike,44,SL,0.318,0.682,24.0,5.0,1.0,0.227,0.364,0.292,0.542,0.3,0.667,94.2
669093,Jeremiah Estrada,SD,L,Ahead (Pitcher),95,FF,0.568,0.432,,,,,,,,,,
669093,Jeremiah Estrada,SD,L,Behind (Pitcher),188,FF,0.745,0.404,22.0,4.0,0.0,0.286,0.286,0.418,0.0,0.233,0.286,84.1
669093,Jeremiah Estrada,SD,L,Even,272,FF,0.533,0.375,10.0,1.0,0.0,0.111,0.222,0.161,0.0,0.281,0.2,73.2
669093,Jeremiah Estrada,SD,L,Two-Strike,252,FF,0.528,0.623,33.0,3.0,1.0,0.091,0.212,0.153,0.545,0.306,0.267,82.9
669093,Jeremiah Estrada,SD,R,Ahead (Pitcher),124,FF,0.524,0.565,,,,,,,,,,
669093,Jeremiah Estrada,SD,R,Behind (Pitcher),177,FF,0.723,0.52,,,,,,,,,,
669093,Jeremiah Estrada,SD,R,Even,326,FF,0.512,0.426,,,,,,,,,,
669093,Jeremiah Estrada,SD,R,Two-Strike,323,FF,0.523,0.613,35.0,2.0,0.0,0.065,0.065,0.157,0.571,0.302,0.545,90.9
669947,Jesse Scholtens,TB,L,Ahead (Pitcher),62,FS,0.5,0.565,16.0,6.0,1.0,0.4,0.667,0.428,0.0,0.2,0.375,91.1
669947,Jesse Scholtens,TB,L,Behind (Pitcher),81,SL,0.395,0.42,19.0,9.0,4.0,0.6,1.6,0.931,0.0,0.148,0.5,93.0
669947,Jesse Scholtens,TB,L,Even,149,SL,0.403,0.416,21.0,4.0,0.0,0.19,0.238,0.231,0.0,0.151,0.238,83.6
669947,Jesse Scholtens,TB,L,Two-Strike,123,SL,0.317,0.61,44.0,7.0,2.0,0.167,0.357,0.267,0.341,0.159,0.385,90.2
669947,Jesse Scholtens,TB,R,Ahead (Pitcher),68,SL,0.324,0.515,,,,,,,,,,
669947,Jesse Scholtens,TB,R,Behind (Pitcher),76,SI,0.395,0.526,17.0,4.0,1.0,0.286,0.5,0.359,0.0,0.161,0.4,85.7
669947,Jesse Scholtens,TB,R,Even,168,SI,0.357,0.423,26.0,5.0,1.0,0.208,0.375,0.352,0.0,0.218,0.333,85.6
669947,Jesse Scholtens,TB,R,Two-Strike,151,ST,0.377,0.55,46.0,8.0,1.0,0.2,0.325,0.287,0.391,0.194,0.238,85.0
666200,Jesús Luzardo,PHI,L,Ahead (Pitcher),195,ST,0.61,0.462,10.0,3.0,0.0,0.3,0.3,0.27,0.0,0.341,0.3,83.2
666200,Jesús Luzardo,PHI,L,Behind (Pitcher),203,SI,0.502,0.512,24.0,2.0,0.0,0.1,0.15,0.215,0.0,0.241,0.429,87.9
666200,Jesús Luzardo,PHI,L,Even,480,ST,0.45,0.41,44.0,14.0,1.0,0.341,0.439,0.361,0.0,0.333,0.295,86.1
666200,Jesús Luzardo,PHI,L,Two-Strike,449,ST,0.646,0.592,97.0,4.0,0.0,0.044,0.044,0.08,0.639,0.367,0.214,81.5
666200,Jesús Luzardo,PHI,R,Ahead (Pitcher),599,ST,0.359,0.451,49.0,17.0,2.0,0.362,0.532,0.4,0.0,0.288,0.255,83.5
666200,Jesús Luzardo,PHI,R,Behind (Pitcher),945,FF,0.32,0.455,92.0,26.0,4.0,0.366,0.648,0.522,0.0,0.244,0.486,90.6
666200,Jesús Luzardo,PHI,R,Even,1596,FF,0.343,0.365,103.0,32.0,2.0,0.327,0.49,0.375,0.0,0.325,0.337,87.0
666200,Jesús Luzardo,PHI,R,Two-Strike,1408,FF,0.342,0.58,308.0,41.0,6.0,0.147,0.244,0.219,0.513,0.283,0.292,86.2
661395,Jhoan Durán,PHI,L,Ahead (Pitcher),142,FF,0.345,0.493,,,,,,,,,,
661395,Jhoan Durán,PHI,L,Behind (Pitcher),254,FS,0.488,0.551,22.0,5.0,0.0,0.25,0.25,0.268,0.0,0.231,0.45,92.8
661395,Jhoan Durán,PHI,L,Even,404,FS,0.463,0.376,23.0,9.0,1.0,0.409,0.545,0.43,0.0,0.367,0.409,85.3
661395,Jhoan Durán,PHI,L,Two-Strike,335,FF,0.43,0.669,72.0,8.0,0.0,0.118,0.132,0.144,0.569,0.264,0.222,87.6
661395,Jhoan Durán,PHI,R,Ahead (Pitcher),101,FS,0.436,0.624,,,,,,,,,,
661395,Jhoan Durán,PHI,R,Behind (Pitcher),211,FS,0.578,0.493,15.0,4.0,0.0,0.333,0.417,0.403,0.0,0.3,0.417,87.1
661395,Jhoan Durán,PHI,R,Even,319,FS,0.58,0.417,24.0,9.0,1.0,0.391,0.609,0.442,0.0,0.288,0.652,95.1
661395,Jhoan Durán,PHI,R,Two-Strike,245,FS,0.29,0.665,56.0,6.0,0.0,0.111,0.111,0.121,0.714,0.464,0.312,81.6
640902,Jhonny Pereda,SEA,R,Behind (Pitcher),15,FA,0.8,0.4,,,,,,,,,,
640902,Jhonny Pereda,SEA,R,Even,18,FA,0.611,0.222,,,,,,,,,,
666745,Jhony Brito,SD,L,Even,19,SI,0.368,0.368,,,,,,,,,,
666745,Jhony Brito,SD,R,Even,31,SI,0.484,0.548,,,,,,,,,,
666745,Jhony Brito,SD,R,Two-Strike,28,CH,0.429,0.679,12.0,2.0,1.0,0.182,0.545,0.329,0.417,0.263,0.333,85.8
623474,Jimmy Herget,COL,L,Ahead (Pitcher),135,CH,0.378,0.452,,,,,,,,,,
623474,Jimmy Herget,COL,L,Behind (Pitcher),274,SL,0.343,0.376,28.0,4.0,3.0,0.222,0.722,0.565,0.0,0.196,0.5,92.4
623474,Jimmy Herget,COL,L,Even,369,SL,0.331,0.309,16.0,5.0,0.0,0.333,0.467,0.36,0.0,0.2,0.25,80.2
623474,Jimmy Herget,COL,L,Two-Strike,298,ST,0.359,0.628,54.0,11.0,3.0,0.256,0.558,0.374,0.185,0.088,0.417,89.8
623474,Jimmy Herget,COL,R,Ahead (Pitcher),171,SL,0.339,0.544,11.0,1.0,0.0,0.1,0.2,0.114,0.0,0.303,0.364,88.3
623474,Jimmy Herget,COL,R,Behind (Pitcher),206,SI,0.417,0.505,18.0,6.0,1.0,0.375,0.625,0.485,0.0,0.256,0.333,88.2
623474,Jimmy Herget,COL,R,Even,420,SL,0.398,0.348,23.0,12.0,1.0,0.571,0.905,0.609,0.0,0.351,0.455,89.3
623474,Jimmy Herget,COL,R,Two-Strike,319,ST,0.596,0.633,67.0,11.0,1.0,0.177,0.242,0.222,0.493,0.292,0.207,83.2
671212,Joe Boyle,TB,L,Ahead (Pitcher),78,FS,0.513,0.333,,,,,,,,,,
671212,Joe Boyle,TB,L,Behind (Pitcher),172,FF,0.547,0.384,,,,,,,,,,
671212,Joe Boyle,TB,L,Even,239,FF,0.536,0.368,,,,,,,,,,
671212,Joe Boyle,TB,L,Two-Strike,205,SL,0.346,0.61,24.0,2.0,0.0,0.095,0.143,0.148,0.583,0.242,0.333,88.2
671212,Joe Boyle,TB,R,Ahead (Pitcher),76,FS,0.355,0.408,,,,,,,,,,
671212,Joe Boyle,TB,R,Behind (Pitcher),132,FF,0.47,0.379,,,,,,,,,,
671212,Joe Boyle,TB,R,Even,210,SL,0.386,0.357,,,,,,,,,,
671212,Joe Boyle,TB,R,Two-Strike,171,SL,0.386,0.614,19.0,4.0,1.0,0.222,0.5,0.321,0.368,0.114,0.455,86.1
686747,Joe La Sorsa,BOS,L,Even,19,SI,0.737,0.421,,,,,,,,,,
686747,Joe La Sorsa,BOS,R,Even,28,SI,0.393,0.25,,,,,,,,,,
686747,Joe La Sorsa,BOS,R,Two-Strike,20,FF,0.4,0.55,,,,,,,,,,
573009,Joe Mantiply,TOR,L,Ahead (Pitcher),40,CU,0.675,0.525,,,,,,,,,,
573009,Joe Mantiply,TOR,L,Behind (Pitcher),71,SI,0.761,0.394,14.0,5.0,1.0,0.385,0.615,0.45,0.0,0.048,0.308,86.4
573009,Joe Mantiply,TOR,L,Even,101,SI,0.624,0.386,,,,,,,,,,
573009,Joe Mantiply,TOR,L,Two-Strike,71,CU,0.535,0.62,27.0,4.0,0.0,0.16,0.2,0.206,0.444,0.3,0.5,94.5
573009,Joe Mantiply,TOR,R,Ahead (Pitcher),46,CH,0.739,0.565,,,,,,,,,,
573009,Joe Mantiply,TOR,R,Behind (Pitcher),62,SI,0.597,0.355,10.0,2.0,1.0,0.286,0.857,0.465,0.0,0.143,0.5,89.0
573009,Joe Mantiply,TOR,R,Even,117,CH,0.359,0.427,14.0,6.0,1.0,0.462,0.769,0.542,0.0,0.167,0.429,88.0
573009,Joe Mantiply,TOR,R,Two-Strike,87,CH,0.54,0.632,26.0,5.0,0.0,0.208,0.25,0.23,0.385,0.179,0.4,85.2
697812,Joe Rock,ATH,L,Ahead (Pitcher),17,SL,0.765,0.353,,,,,,,,,,
697812,Joe Rock,ATH,L,Behind (Pitcher),58,FF,0.638,0.207,,,,,,,,,,
697812,Joe Rock,ATH,L,Even,63,SI,0.397,0.317,,,,,,,,,,
697812,Joe Rock,ATH,L,Two-Strike,50,SL,0.6,0.68,15.0,3.0,0.0,0.273,0.273,0.367,0.4,0.353,0.4,86.7
697812,Joe Rock,ATH,R,Ahead (Pitcher),24,FF,0.458,0.417,,,,,,,,,,
697812,Joe Rock,ATH,R,Behind (Pitcher),31,SI,0.452,0.355,,,,,,,,,,
697812,Joe Rock,ATH,R,Even,62,FF,0.387,0.355,,,,,,,,,,
697812,Joe Rock,ATH,R,Two-Strike,51,SL,0.412,0.667,12.0,2.0,0.0,0.182,0.182,0.208,0.5,0.222,0.2,88.7
605452,Joe Ross,TEX,L,Ahead (Pitcher),57,FF,0.368,0.474,,,,,,,,,,
605452,Joe Ross,TEX,L,Behind (Pitcher),116,FF,0.414,0.483,,,,,,,,,,
605452,Joe Ross,TEX,L,Even,182,FF,0.456,0.484,,,,,,,,,,
605452,Joe Ross,TEX,L,Two-Strike,116,FF,0.293,0.586,13.0,2.0,0.0,0.154,0.154,0.138,0.308,0.214,0.556,85.1
605452,Joe Ross,TEX,R,Ahead (Pitcher),83,SI,0.41,0.602,,,,,,,,,,
605452,Joe Ross,TEX,R,Behind (Pitcher),109,SI,0.376,0.468,,,,,,,,,,
605452,Joe Ross,TEX,R,Even,209,SI,0.392,0.44,,,,,,,,,,
605452,Joe Ross,TEX,R,Two-Strike,198,SL,0.389,0.581,12.0,3.0,1.0,0.3,0.6,0.433,0.25,0.167,0.143,85.8
657746,Joe Ryan,MIN,L,Ahead (Pitcher),389,FF,0.447,0.476,28.0,6.0,1.0,0.222,0.444,0.295,0.0,0.267,0.296,83.4
657746,Joe Ryan,MIN,L,Behind (Pitcher),519,FF,0.593,0.503,36.0,14.0,2.0,0.452,0.806,0.557,0.0,0.26,0.548,94.0
657746,Joe Ryan,MIN,L,Even,958,FF,0.499,0.396,79.0,30.0,5.0,0.395,0.658,0.489,0.0,0.18,0.48,90.9
657746,Joe Ryan,MIN,L,Two-Strike,872,FF,0.472,0.63,199.0,30.0,6.0,0.161,0.285,0.237,0.417,0.191,0.466,91.2
657746,Joe Ryan,MIN,R,Ahead (Pitcher),325,FF,0.409,0.458,23.0,11.0,4.0,0.478,1.087,0.691,0.0,0.282,0.522,93.6
657746,Joe Ryan,MIN,R,Behind (Pitcher),393,FF,0.527,0.514,27.0,7.0,1.0,0.333,0.571,0.411,0.0,0.292,0.458,86.4
657746,Joe Ryan,MIN,R,Even,809,FF,0.426,0.423,40.0,12.0,1.0,0.308,0.538,0.377,0.0,0.287,0.289,86.4
657746,Joe Ryan,MIN,R,Two-Strike,873,FF,0.441,0.558,159.0,23.0,1.0,0.161,0.217,0.216,0.428,0.215,0.237,84.1
669270,Joel Kuhnel,SF,L,Ahead (Pitcher),37,SI,0.378,0.541,,,,,,,,,,
669270,Joel Kuhnel,SF,L,Behind (Pitcher),102,SI,0.706,0.402,27.0,7.0,0.0,0.304,0.435,0.406,0.0,0.146,0.545,91.5
669270,Joel Kuhnel,SF,L,Even,124,SI,0.54,0.379,19.0,10.0,2.0,0.556,0.889,0.589,0.0,0.149,0.474,95.3
669270,Joel Kuhnel,SF,L,Two-Strike,90,SI,0.378,0.522,39.0,10.0,3.0,0.323,0.677,0.482,0.231,0.191,0.435,88.4
669270,Joel Kuhnel,SF,R,Ahead (Pitcher),50,SI,0.52,0.54,11.0,6.0,0.0,0.545,0.545,0.491,0.0,0.222,0.364,91.5
669270,Joel Kuhnel,SF,R,Behind (Pitcher),78,SI,0.615,0.474,20.0,6.0,1.0,0.353,0.647,0.465,0.0,0.216,0.235,80.9
669270,Joel Kuhnel,SF,R,Even,131,SI,0.565,0.374,21.0,2.0,0.0,0.111,0.167,0.169,0.0,0.245,0.55,92.9
669270,Joel Kuhnel,SF,R,Two-Strike,116,SI,0.422,0.56,48.0,6.0,1.0,0.136,0.227,0.201,0.354,0.2,0.296,84.5
606303,Joel Payamps,ATL,L,Ahead (Pitcher),40,ST,0.475,0.3,,,,,,,,,,
606303,Joel Payamps,ATL,L,Behind (Pitcher),49,ST,0.429,0.449,,,,,,,,,,
606303,Joel Payamps,ATL,L,Even,99,FF,0.424,0.384,,,,,,,,,,
606303,Joel Payamps,ATL,L,Two-Strike,77,FF,0.519,0.571,10.0,0.0,0.0,0.0,0.0,0.07,0.5,0.333,0.25,88.3
606303,Joel Payamps,ATL,R,Ahead (Pitcher),42,ST,0.476,0.476,,,,,,,,,,
606303,Joel Payamps,ATL,R,Behind (Pitcher),78,ST,0.449,0.423,,,,,,,,,,
606303,Joel Payamps,ATL,R,Even,125,ST,0.44,0.328,,,,,,,,,,
606303,Joel Payamps,ATL,R,Two-Strike,94,ST,0.617,0.553,10.0,2.0,0.0,0.286,0.286,0.39,0.4,0.3,0.0,81.7
666711,Joel Peguero,SF,L,Ahead (Pitcher),28,FF,0.464,0.5,,,,,,,,,,
666711,Joel Peguero,SF,L,Behind (Pitcher),34,FF,0.588,0.529,,,,,,,,,,
666711,Joel Peguero,SF,L,Even,78,FF,0.462,0.487,,,,,,,,,,
666711,Joel Peguero,SF,L,Two-Strike,62,FF,0.5,0.597,13.0,2.0,0.0,0.167,0.25,0.238,0.077,0.056,0.2,86.2
666711,Joel Peguero,SF,R,Ahead (Pitcher),40,SI,0.6,0.575,,,,,,,,,,
666711,Joel Peguero,SF,R,Behind (Pitcher),51,FF,0.451,0.49,,,,,,,,,,
666711,Joel Peguero,SF,R,Even,107,SI,0.486,0.355,10.0,2.0,0.0,0.25,0.375,0.355,0.0,0.286,0.375,87.1
666711,Joel Peguero,SF,R,Two-Strike,90,SL,0.5,0.544,12.0,3.0,0.0,0.333,0.333,0.4,0.333,0.286,0.2,82.5
676282,Joey Cantillo,CLE,L,Ahead (Pitcher),130,CU,0.292,0.462,18.0,5.0,0.0,0.278,0.278,0.265,0.0,0.211,0.294,86.3
676282,Joey Cantillo,CLE,L,Behind (Pitcher),268,FF,0.489,0.396,38.0,9.0,0.0,0.321,0.429,0.436,0.0,0.212,0.407,86.4
676282,Joey Cantillo,CLE,L,Even,397,FF,0.438,0.403,37.0,10.0,2.0,0.27,0.486,0.322,0.0,0.247,0.395,90.3
676282,Joey Cantillo,CLE,L,Two-Strike,307,FF,0.309,0.612,75.0,11.0,1.0,0.172,0.297,0.289,0.387,0.189,0.353,83.9
676282,Joey Cantillo,CLE,R,Ahead (Pitcher),387,CH,0.375,0.39,28.0,10.0,1.0,0.357,0.643,0.423,0.0,0.382,0.464,86.8
676282,Joey Cantillo,CLE,R,Behind (Pitcher),800,FF,0.44,0.432,109.0,32.0,7.0,0.41,0.769,0.554,0.0,0.293,0.476,90.9
676282,Joey Cantillo,CLE,R,Even,1125,FF,0.36,0.298,77.0,28.0,4.0,0.373,0.6,0.424,0.0,0.326,0.377,85.5
676282,Joey Cantillo,CLE,R,Two-Strike,895,CU,0.372,0.603,286.0,37.0,2.0,0.148,0.2,0.23,0.476,0.28,0.381,87.6
683155,Joey Estes,ATH,L,Ahead (Pitcher),21,FF,0.571,0.524,,,,,,,,,,
683155,Joey Estes,ATH,L,Behind (Pitcher),41,FF,0.488,0.415,,,,,,,,,,
683155,Joey Estes,ATH,L,Even,66,FF,0.273,0.424,,,,,,,,,,
683155,Joey Estes,ATH,L,Two-Strike,34,FF,0.529,0.647,10.0,3.0,2.0,0.375,1.25,0.595,0.2,0.0,0.429,94.7
683155,Joey Estes,ATH,R,Ahead (Pitcher),19,ST,0.316,0.526,,,,,,,,,,
683155,Joey Estes,ATH,R,Behind (Pitcher),37,FF,0.486,0.595,,,,,,,,,,
683155,Joey Estes,ATH,R,Even,55,FF,0.436,0.509,,,,,,,,,,
683155,Joey Estes,ATH,R,Two-Strike,38,FF,0.526,0.605,,,,,,,,,,
680702,Joey Gerber,NYM,L,Behind (Pitcher),31,FF,0.516,0.323,,,,,,,,,,
680702,Joey Gerber,NYM,L,Even,37,FF,0.568,0.297,,,,,,,,,,
680702,Joey Gerber,NYM,L,Two-Strike,34,FF,0.618,0.765,10.0,1.0,0.0,0.1,0.2,0.125,0.4,0.231,0.833,94.9
680702,Joey Gerber,NYM,R,Behind (Pitcher),20,FF,0.8,0.3,,,,,,,,,,
680702,Joey Gerber,NYM,R,Even,32,FF,0.656,0.375,,,,,,,,,,
680702,Joey Gerber,NYM,R,Two-Strike,16,FF,0.625,0.5,,,,,,,,,,
664192,Joey Lucchesi,LAA,L,Ahead (Pitcher),36,SI,0.556,0.5,,,,,,,,,,
664192,Joey Lucchesi,LAA,L,Behind (Pitcher),93,SI,0.753,0.441,,,,,,,,,,
664192,Joey Lucchesi,LAA,L,Even,135,SI,0.659,0.311,,,,,,,,,,
664192,Joey Lucchesi,LAA,L,Two-Strike,128,SI,0.414,0.609,10.0,3.0,0.0,0.375,0.375,0.41,0.3,0.0,0.8,99.4
664192,Joey Lucchesi,LAA,R,Ahead (Pitcher),52,CU,0.404,0.462,,,,,,,,,,
664192,Joey Lucchesi,LAA,R,Behind (Pitcher),80,SI,0.475,0.4,,,,,,,,,,
664192,Joey Lucchesi,LAA,R,Even,124,SI,0.387,0.282,,,,,,,,,,
664192,Joey Lucchesi,LAA,R,Two-Strike,101,FF,0.376,0.554,,,,,,,,,,
670912,Johan Oviedo,BOS,L,Ahead (Pitcher),34,FF,0.441,0.412,,,,,,,,,,
670912,Johan Oviedo,BOS,L,Behind (Pitcher),88,SL,0.443,0.398,,,,,,,,,,
670912,Johan Oviedo,BOS,L,Even,123,FF,0.423,0.358,,,,,,,,,,
670912,Johan Oviedo,BOS,L,Two-Strike,85,FF,0.435,0.612,,,,,,,,,,
670912,Johan Oviedo,BOS,R,Ahead (Pitcher),41,SI,0.366,0.512,,,,,,,,,,
670912,Johan Oviedo,BOS,R,Behind (Pitcher),108,SL,0.509,0.324,,,,,,,,,,
670912,Johan Oviedo,BOS,R,Even,142,FF,0.352,0.345,,,,,,,,,,
670912,Johan Oviedo,BOS,R,Two-Strike,118,FF,0.475,0.568,,,,,,,,,,
605154,John Brebbia,COL,L,Ahead (Pitcher),44,FF,0.455,0.409,,,,,,,,,,
605154,John Brebbia,COL,L,Behind (Pitcher),46,FF,0.565,0.348,,,,,,,,,,
605154,John Brebbia,COL,L,Even,100,SL,0.47,0.35,,,,,,,,,,
605154,John Brebbia,COL,L,Two-Strike,110,FF,0.436,0.609,10.0,5.0,2.0,0.5,1.1,0.67,0.1,0.042,0.333,86.2
605154,John Brebbia,COL,R,Ahead (Pitcher),49,SL,0.49,0.51,,,,,,,,,,
605154,John Brebbia,COL,R,Behind (Pitcher),31,FF,0.645,0.484,,,,,,,,,,
605154,John Brebbia,COL,R,Even,92,SL,0.511,0.446,,,,,,,,,,
605154,John Brebbia,COL,R,Two-Strike,82,FF,0.463,0.634,,,,,,,,,,
667463,John King,MIA,L,Ahead (Pitcher),104,SI,0.462,0.548,10.0,0.0,0.0,0.0,0.0,0.0,0.0,0.185,0.2,84.5
667463,John King,MIA,L,Behind (Pitcher),156,SI,0.615,0.442,17.0,4.0,1.0,0.308,0.769,0.503,0.0,0.216,0.462,85.9
667463,John King,MIA,L,Even,291,SI,0.471,0.436,25.0,7.0,2.0,0.35,0.75,0.479,0.0,0.161,0.455,91.7
667463,John King,MIA,L,Two-Strike,182,SI,0.374,0.676,57.0,5.0,1.0,0.093,0.148,0.135,0.298,0.167,0.237,85.7
667463,John King,MIA,R,Ahead (Pitcher),99,CH,0.374,0.475,12.0,5.0,0.0,0.417,0.417,0.375,0.0,0.15,0.583,92.1
667463,John King,MIA,R,Behind (Pitcher),166,SI,0.548,0.44,16.0,3.0,0.0,0.231,0.308,0.37,0.0,0.194,0.417,94.1
667463,John King,MIA,R,Even,287,SI,0.481,0.394,22.0,7.0,2.0,0.318,0.773,0.491,0.0,0.178,0.364,89.9
667463,John King,MIA,R,Two-Strike,220,SI,0.359,0.527,36.0,2.0,1.0,0.069,0.172,0.197,0.444,0.244,0.5,90.7
804619,John Klein,MIN,L,Behind (Pitcher),18,FF,0.611,0.389,,,,,,,,,,
804619,John Klein,MIN,L,Even,16,CH,0.5,0.25,,,,,,,,,,
804619,John Klein,MIN,R,Two-Strike,18,FF,0.667,0.722,,,,,,,,,,
670167,John Schreiber,NYY,L,Ahead (Pitcher),108,FF,0.389,0.426,,,,,,,,,,
670167,John Schreiber,NYY,L,Behind (Pitcher),221,FC,0.303,0.425,29.0,6.0,0.0,0.3,0.3,0.565,0.0,0.22,0.412,90.2
670167,John Schreiber,NYY,L,Even,336,FF,0.28,0.304,26.0,7.0,2.0,0.269,0.654,0.415,0.0,0.102,0.423,90.3
670167,John Schreiber,NYY,L,Two-Strike,262,FF,0.427,0.649,54.0,15.0,3.0,0.312,0.583,0.431,0.204,0.11,0.395,91.0
670167,John Schreiber,NYY,R,Ahead (Pitcher),142,ST,0.542,0.472,14.0,3.0,0.0,0.25,0.333,0.25,0.0,0.212,0.357,86.9
670167,John Schreiber,NYY,R,Behind (Pitcher),239,SI,0.423,0.456,19.0,5.0,0.0,0.312,0.375,0.329,0.0,0.25,0.353,84.6
670167,John Schreiber,NYY,R,Even,392,ST,0.367,0.321,19.0,3.0,1.0,0.158,0.316,0.261,0.0,0.31,0.444,85.4
670167,John Schreiber,NYY,R,Two-Strike,352,FF,0.455,0.619,73.0,7.0,1.0,0.104,0.164,0.176,0.384,0.167,0.256,83.2
668941,Jojo Romero,MIL,L,Ahead (Pitcher),100,ST,0.57,0.42,,,,,,,,,,
668941,Jojo Romero,MIL,L,Behind (Pitcher),154,ST,0.519,0.312,16.0,4.0,0.0,0.308,0.308,0.356,0.0,0.091,0.538,92.6
668941,Jojo Romero,MIL,L,Even,272,ST,0.5,0.364,19.0,4.0,0.0,0.235,0.294,0.269,0.0,0.17,0.263,85.2
668941,Jojo Romero,MIL,L,Two-Strike,214,ST,0.738,0.603,49.0,10.0,3.0,0.213,0.468,0.301,0.49,0.175,0.348,85.3
668941,Jojo Romero,MIL,R,Ahead (Pitcher),145,CH,0.552,0.469,,,,,,,,,,
668941,Jojo Romero,MIL,R,Behind (Pitcher),277,SI,0.534,0.368,34.0,10.0,1.0,0.357,0.571,0.505,0.0,0.111,0.385,95.0
668941,Jojo Romero,MIL,R,Even,410,SI,0.468,0.259,22.0,5.0,1.0,0.238,0.381,0.319,0.0,0.224,0.609,94.5
668941,Jojo Romero,MIL,R,Two-Strike,323,CH,0.418,0.554,74.0,12.0,1.0,0.182,0.273,0.263,0.351,0.181,0.25,85.8
804636,Jonah Tong,NYM,L,Ahead (Pitcher),52,FF,0.442,0.404,,,,,,,,,,
804636,Jonah Tong,NYM,L,Behind (Pitcher),100,FF,0.51,0.45,18.0,2.0,0.0,0.143,0.143,0.267,0.0,0.143,0.333,89.4
804636,Jonah Tong,NYM,L,Even,157,FF,0.529,0.382,11.0,6.0,0.0,0.6,0.7,0.586,0.0,0.286,0.182,80.5
804636,Jonah Tong,NYM,L,Two-Strike,143,FF,0.469,0.601,35.0,4.0,1.0,0.129,0.226,0.214,0.429,0.216,0.375,88.5
804636,Jonah Tong,NYM,R,Ahead (Pitcher),41,FF,0.39,0.61,,,,,,,,,,
804636,Jonah Tong,NYM,R,Behind (Pitcher),97,FF,0.577,0.412,,,,,,,,,,
804636,Jonah Tong,NYM,R,Even,118,FF,0.593,0.331,,,,,,,,,,
804636,Jonah Tong,NYM,R,Two-Strike,116,FF,0.414,0.629,24.0,3.0,1.0,0.143,0.286,0.283,0.417,0.229,0.636,96.2
680742,Jonathan Bowlan,PHI,L,Ahead (Pitcher),111,FF,0.441,0.468,,,,,,,,,,
680742,Jonathan Bowlan,PHI,L,Behind (Pitcher),185,FF,0.541,0.427,16.0,1.0,1.0,0.091,0.364,0.32,0.0,0.319,0.364,87.5
680742,Jonathan Bowlan,PHI,L,Even,300,FF,0.547,0.447,21.0,6.0,1.0,0.286,0.476,0.326,0.0,0.305,0.381,91.2
680742,Jonathan Bowlan,PHI,L,Two-Strike,285,FF,0.53,0.621,83.0,10.0,0.0,0.137,0.151,0.202,0.446,0.232,0.306,86.3
680742,Jonathan Bowlan,PHI,R,Ahead (Pitcher),107,SL,0.402,0.514,10.0,5.0,0.0,0.5,0.5,0.5,0.0,0.222,0.667,90.1
680742,Jonathan Bowlan,PHI,R,Behind (Pitcher),158,SI,0.31,0.5,13.0,4.0,1.0,0.4,0.8,0.619,0.0,0.372,0.4,84.7
680742,Jonathan Bowlan,PHI,R,Even,283,SI,0.336,0.385,21.0,4.0,2.0,0.2,0.5,0.481,0.0,0.218,0.35,79.6
680742,Jonathan Bowlan,PHI,R,Two-Strike,265,FF,0.37,0.543,61.0,9.0,2.0,0.153,0.305,0.209,0.59,0.338,0.292,86.3
686563,Jonathan Cannon,CWS,L,Ahead (Pitcher),109,CH,0.404,0.541,,,,,,,,,,
686563,Jonathan Cannon,CWS,L,Behind (Pitcher),224,FC,0.451,0.478,,,,,,,,,,
686563,Jonathan Cannon,CWS,L,Even,329,FC,0.365,0.41,,,,,,,,,,
686563,Jonathan Cannon,CWS,L,Two-Strike,275,CH,0.316,0.56,,,,,,,,,,
686563,Jonathan Cannon,CWS,R,Ahead (Pitcher),115,ST,0.339,0.452,,,,,,,,,,
686563,Jonathan Cannon,CWS,R,Behind (Pitcher),206,SI,0.403,0.485,,,,,,,,,,
686563,Jonathan Cannon,CWS,R,Even,336,SI,0.405,0.351,,,,,,,,,,
686563,Jonathan Cannon,CWS,R,Two-Strike,285,FF,0.319,0.618,,,,,,,,,,
669169,Jonathan Heasley,TB,R,Even,17,FF,0.471,0.294,,,,,,,,,,
642546,Jonathan Hernández,LAD,L,Ahead (Pitcher),25,SL,0.64,0.56,,,,,,,,,,
642546,Jonathan Hernández,LAD,L,Behind (Pitcher),47,SL,0.511,0.362,11.0,1.0,0.0,0.125,0.125,0.34,0.0,0.294,0.143,86.2
642546,Jonathan Hernández,LAD,L,Even,68,SL,0.544,0.368,,,,,,,,,,
642546,Jonathan Hernández,LAD,L,Two-Strike,56,SL,0.5,0.589,25.0,1.0,0.0,0.043,0.043,0.128,0.4,0.152,0.538,89.4
642546,Jonathan Hernández,LAD,R,Ahead (Pitcher),26,SI,0.654,0.615,,,,,,,,,,
642546,Jonathan Hernández,LAD,R,Behind (Pitcher),59,SI,0.814,0.322,,,,,,,,,,
642546,Jonathan Hernández,LAD,R,Even,78,SI,0.59,0.346,12.0,7.0,3.0,0.583,1.417,0.829,0.0,0.148,0.538,91.2
642546,Jonathan Hernández,LAD,R,Two-Strike,59,SL,0.542,0.508,29.0,5.0,0.0,0.185,0.259,0.228,0.414,0.133,0.4,87.6
642528,Jonathan Loáisiga,AZ,L,Ahead (Pitcher),87,CH,0.586,0.414,13.0,3.0,0.0,0.25,0.25,0.242,0.0,0.143,0.154,75.8
642528,Jonathan Loáisiga,AZ,L,Behind (Pitcher),147,SI,0.422,0.49,22.0,8.0,1.0,0.421,0.684,0.56,0.0,0.256,0.5,89.9
642528,Jonathan Loáisiga,AZ,L,Even,257,CH,0.335,0.459,32.0,12.0,1.0,0.4,0.667,0.447,0.0,0.244,0.344,85.1
642528,Jonathan Loáisiga,AZ,L,Two-Strike,184,CH,0.582,0.663,62.0,10.0,0.0,0.175,0.228,0.219,0.387,0.215,0.364,86.6
642528,Jonathan Loáisiga,AZ,R,Ahead (Pitcher),113,SI,0.54,0.522,16.0,5.0,1.0,0.312,0.562,0.372,0.0,0.2,0.188,77.1
642528,Jonathan Loáisiga,AZ,R,Behind (Pitcher),130,SI,0.785,0.546,19.0,6.0,0.0,0.316,0.316,0.284,0.0,0.14,0.263,85.3
642528,Jonathan Loáisiga,AZ,R,Even,281,SI,0.644,0.423,27.0,8.0,0.0,0.308,0.308,0.267,0.0,0.209,0.259,82.6
642528,Jonathan Loáisiga,AZ,R,Two-Strike,226,SI,0.434,0.642,62.0,3.0,0.0,0.052,0.052,0.103,0.371,0.185,0.343,84.4
702752,Jonathan Pintaro,NYM,L,Ahead (Pitcher),24,FC,0.417,0.583,,,,,,,,,,
702752,Jonathan Pintaro,NYM,L,Behind (Pitcher),76,FC,0.671,0.382,15.0,3.0,1.0,0.3,0.6,0.487,0.0,0.16,0.4,86.3
702752,Jonathan Pintaro,NYM,L,Even,88,FC,0.636,0.307,,,,,,,,,,
702752,Jonathan Pintaro,NYM,L,Two-Strike,71,FC,0.296,0.563,31.0,2.0,0.0,0.08,0.08,0.194,0.419,0.256,0.25,88.5
702752,Jonathan Pintaro,NYM,R,Ahead (Pitcher),31,FC,0.645,0.613,,,,,,,,,,
702752,Jonathan Pintaro,NYM,R,Behind (Pitcher),68,FC,0.676,0.426,12.0,1.0,0.0,0.111,0.111,0.25,0.0,0.276,0.444,90.9
702752,Jonathan Pintaro,NYM,R,Even,93,FC,0.548,0.376,11.0,4.0,1.0,0.364,0.636,0.427,0.0,0.294,0.5,93.9
702752,Jonathan Pintaro,NYM,R,Two-Strike,85,FC,0.4,0.588,37.0,8.0,2.0,0.242,0.515,0.358,0.459,0.2,0.5,89.3
678391,Jorbit Vivas,WSH,R,Even,18,CU,0.333,0.5,,,,,,,,,,
663855,Jordan Hicks,CWS,L,Ahead (Pitcher),111,SI,0.378,0.477,,,,,,,,,,
663855,Jordan Hicks,CWS,L,Behind (Pitcher),221,SI,0.602,0.371,11.0,2.0,0.0,0.25,0.375,0.681,0.0,0.136,0.4,85.6
663855,Jordan Hicks,CWS,L,Even,320,SI,0.578,0.331,15.0,6.0,1.0,0.429,0.643,0.48,0.0,0.26,0.5,91.2
663855,Jordan Hicks,CWS,L,Two-Strike,262,FF,0.321,0.576,49.0,5.0,0.0,0.119,0.119,0.21,0.612,0.359,0.417,91.7
663855,Jordan Hicks,CWS,R,Ahead (Pitcher),165,ST,0.479,0.412,12.0,3.0,2.0,0.25,0.75,0.408,0.0,0.353,0.231,82.2
663855,Jordan Hicks,CWS,R,Behind (Pitcher),219,SI,0.717,0.411,21.0,4.0,0.0,0.286,0.429,0.481,0.0,0.143,0.067,80.8
663855,Jordan Hicks,CWS,R,Even,419,SI,0.616,0.406,21.0,8.0,0.0,0.381,0.571,0.41,0.0,0.265,0.381,90.4
663855,Jordan Hicks,CWS,R,Two-Strike,368,SI,0.386,0.514,73.0,10.0,1.0,0.164,0.246,0.263,0.438,0.228,0.345,88.4
673929,Jordan Leasure,CWS,L,Ahead (Pitcher),71,FF,0.634,0.535,,,,,,,,,,
673929,Jordan Leasure,CWS,L,Behind (Pitcher),146,FF,0.61,0.438,,,,,,,,,,
673929,Jordan Leasure,CWS,L,Even,200,FF,0.58,0.405,,,,,,,,,,
673929,Jordan Leasure,CWS,L,Two-Strike,193,FF,0.606,0.658,19.0,3.0,0.0,0.158,0.211,0.161,0.368,0.192,0.167,87.0
673929,Jordan Leasure,CWS,R,Ahead (Pitcher),103,SL,0.524,0.408,,,,,,,,,,
673929,Jordan Leasure,CWS,R,Behind (Pitcher),190,FF,0.532,0.447,10.0,2.0,2.0,0.286,1.143,0.61,0.0,0.125,0.714,98.9
673929,Jordan Leasure,CWS,R,Even,298,SL,0.581,0.433,10.0,3.0,0.0,0.3,0.3,0.27,0.0,0.379,0.6,93.8
673929,Jordan Leasure,CWS,R,Two-Strike,250,FF,0.568,0.588,20.0,2.0,1.0,0.111,0.278,0.215,0.55,0.243,0.286,82.9
656756,Jordan Montgomery,TEX,L,Ahead (Pitcher),18,SL,0.444,0.389,,,,,,,,,,
656756,Jordan Montgomery,TEX,L,Behind (Pitcher),32,SI,0.625,0.406,,,,,,,,,,
656756,Jordan Montgomery,TEX,L,Even,53,SI,0.453,0.321,,,,,,,,,,
656756,Jordan Montgomery,TEX,L,Two-Strike,45,SL,0.444,0.622,20.0,1.0,0.0,0.053,0.105,0.098,0.45,0.214,0.4,85.4
656756,Jordan Montgomery,TEX,R,Ahead (Pitcher),26,FF,0.385,0.654,,,,,,,,,,
656756,Jordan Montgomery,TEX,R,Behind (Pitcher),49,SI,0.49,0.49,,,,,,,,,,
656756,Jordan Montgomery,TEX,R,Even,70,SI,0.4,0.371,11.0,2.0,0.0,0.182,0.273,0.195,0.0,0.231,0.364,84.7
656756,Jordan Montgomery,TEX,R,Two-Strike,80,CU,0.3,0.525,36.0,7.0,2.0,0.219,0.406,0.314,0.194,0.119,0.32,84.3
605447,Jordan Romano,COL,L,Ahead (Pitcher),85,SL,0.541,0.471,,,,,,,,,,
605447,Jordan Romano,COL,L,Behind (Pitcher),131,SL,0.634,0.405,11.0,5.0,2.0,0.5,1.1,0.673,0.0,0.4,0.3,90.4
605447,Jordan Romano,COL,L,Even,221,SL,0.543,0.344,10.0,2.0,0.0,0.2,0.3,0.215,0.0,0.286,0.3,84.8
605447,Jordan Romano,COL,L,Two-Strike,229,SL,0.59,0.607,48.0,4.0,0.0,0.098,0.122,0.184,0.417,0.25,0.19,82.9
605447,Jordan Romano,COL,R,Ahead (Pitcher),80,SL,0.625,0.5,,,,,,,,,,
605447,Jordan Romano,COL,R,Behind (Pitcher),150,SL,0.627,0.447,12.0,2.0,0.0,0.25,0.375,0.413,0.0,0.217,0.125,83.0
605447,Jordan Romano,COL,R,Even,237,SL,0.578,0.3,,,,,,,,,,
605447,Jordan Romano,COL,R,Two-Strike,179,SL,0.654,0.648,40.0,11.0,1.0,0.324,0.5,0.446,0.4,0.259,0.556,92.9
696136,Jordan Wicks,CHC,L,Ahead (Pitcher),23,SI,0.348,0.522,,,,,,,,,,
696136,Jordan Wicks,CHC,L,Behind (Pitcher),18,SL,0.444,0.667,,,,,,,,,,
696136,Jordan Wicks,CHC,L,Even,55,SL,0.4,0.564,,,,,,,,,,
696136,Jordan Wicks,CHC,L,Two-Strike,38,FF,0.263,0.658,,,,,,,,,,
696136,Jordan Wicks,CHC,R,Ahead (Pitcher),37,FF,0.486,0.568,,,,,,,,,,
696136,Jordan Wicks,CHC,R,Behind (Pitcher),54,FF,0.481,0.463,,,,,,,,,,
696136,Jordan Wicks,CHC,R,Even,101,FF,0.455,0.455,,,,,,,,,,
696136,Jordan Wicks,CHC,R,Two-Strike,71,FF,0.437,0.704,19.0,3.0,1.0,0.158,0.368,0.218,0.368,0.148,0.5,90.2
622761,Jorge Mateo,ATL,R,Behind (Pitcher),23,FA,0.913,0.522,,,,,,,,,,
622761,Jorge Mateo,ATL,R,Even,20,FA,0.75,0.3,,,,,,,,,,
703615,Jose Cabrera,AZ,L,Ahead (Pitcher),35,CH,0.429,0.6,,,,,,,,,,
703615,Jose Cabrera,AZ,L,Behind (Pitcher),57,FF,0.368,0.386,16.0,4.0,0.0,0.364,0.455,0.466,0.0,0.091,0.636,95.6
703615,Jose Cabrera,AZ,L,Even,88,FF,0.341,0.341,18.0,5.0,2.0,0.294,0.647,0.406,0.0,0.1,0.222,70.1
703615,Jose Cabrera,AZ,L,Two-Strike,59,CU,0.458,0.492,27.0,4.0,1.0,0.154,0.346,0.259,0.333,0.103,0.353,89.7
703615,Jose Cabrera,AZ,R,Ahead (Pitcher),20,ST,0.5,0.4,,,,,,,,,,
703615,Jose Cabrera,AZ,R,Behind (Pitcher),46,FC,0.413,0.587,14.0,6.0,1.0,0.5,0.75,0.564,0.0,0.259,0.5,94.4
703615,Jose Cabrera,AZ,R,Even,76,FC,0.447,0.329,12.0,3.0,0.0,0.273,0.273,0.283,0.0,0.12,0.182,68.7
703615,Jose Cabrera,AZ,R,Two-Strike,43,CU,0.349,0.558,20.0,2.0,0.0,0.125,0.125,0.23,0.45,0.292,0.143,82.1
692030,Jose Corniell,TEX,L,Behind (Pitcher),28,FF,0.357,0.393,,,,,,,,,,
692030,Jose Corniell,TEX,L,Even,36,CH,0.333,0.444,,,,,,,,,,
692030,Jose Corniell,TEX,L,Two-Strike,28,FF,0.393,0.643,,,,,,,,,,
692030,Jose Corniell,TEX,R,Even,20,ST,0.25,0.5,,,,,,,,,,
683742,Jose Franco,CIN,L,Ahead (Pitcher),18,SL,0.333,0.444,,,,,,,,,,
683742,Jose Franco,CIN,L,Behind (Pitcher),58,FF,0.534,0.328,15.0,4.0,1.0,0.444,1.0,0.64,0.0,0.158,0.444,94.5
683742,Jose Franco,CIN,L,Even,71,FF,0.408,0.366,11.0,3.0,0.0,0.273,0.364,0.277,0.0,0.269,0.455,88.2
683742,Jose Franco,CIN,L,Two-Strike,50,FF,0.42,0.52,19.0,3.0,0.0,0.188,0.25,0.271,0.421,0.154,0.222,85.3
683742,Jose Franco,CIN,R,Ahead (Pitcher),15,SL,0.6,0.533,,,,,,,,,,
683742,Jose Franco,CIN,R,Behind (Pitcher),49,FF,0.531,0.347,,,,,,,,,,
683742,Jose Franco,CIN,R,Even,56,FF,0.518,0.429,13.0,5.0,1.0,0.417,0.833,0.485,0.0,0.167,0.308,85.1
683742,Jose Franco,CIN,R,Two-Strike,31,SL,0.581,0.871,16.0,1.0,0.0,0.071,0.071,0.144,0.438,0.259,0.25,84.6
500779,Jose Quintana,COL,L,Ahead (Pitcher),96,SI,0.417,0.385,,,,,,,,,,
500779,Jose Quintana,COL,L,Behind (Pitcher),150,SI,0.633,0.453,12.0,3.0,0.0,0.3,0.7,0.458,0.0,0.19,0.5,94.8
500779,Jose Quintana,COL,L,Even,260,SI,0.465,0.385,,,,,,,,,,
500779,Jose Quintana,COL,L,Two-Strike,250,SV,0.372,0.516,26.0,4.0,2.0,0.2,0.55,0.433,0.308,0.143,0.583,88.4
500779,Jose Quintana,COL,R,Ahead (Pitcher),253,CH,0.364,0.47,,,,,,,,,,
500779,Jose Quintana,COL,R,Behind (Pitcher),539,SI,0.436,0.458,35.0,12.0,4.0,0.375,0.844,0.524,0.0,0.192,0.469,89.8
500779,Jose Quintana,COL,R,Even,790,SI,0.346,0.339,40.0,13.0,1.0,0.371,0.486,0.388,0.0,0.232,0.25,85.5
500779,Jose Quintana,COL,R,Two-Strike,599,SI,0.306,0.531,68.0,14.0,0.0,0.237,0.339,0.299,0.206,0.141,0.174,84.4
624431,Jose Trevino,CIN,L,Behind (Pitcher),23,EP,0.522,0.348,,,,,,,,,,
624431,Jose Trevino,CIN,L,Even,26,EP,0.5,0.462,,,,,,,,,,
624431,Jose Trevino,CIN,R,Behind (Pitcher),35,EP,0.543,0.6,,,,,,,,,,
624431,Jose Trevino,CIN,R,Even,53,EP,0.547,0.434,14.0,8.0,1.0,0.571,0.786,0.593,0.0,0.056,0.571,94.4
624431,Jose Trevino,CIN,R,Two-Strike,16,KN,0.5,0.5,,,,,,,,,,
694795,Josh Ekness,MIA,L,Ahead (Pitcher),32,FF,0.656,0.531,,,,,,,,,,
694795,Josh Ekness,MIA,L,Behind (Pitcher),70,FF,0.657,0.329,12.0,3.0,1.0,0.375,0.75,0.55,0.0,0.13,0.25,90.8
694795,Josh Ekness,MIA,L,Even,81,FF,0.481,0.259,,,,,,,,,,
694795,Josh Ekness,MIA,L,Two-Strike,82,FF,0.598,0.61,35.0,6.0,0.0,0.207,0.207,0.274,0.286,0.1,0.211,84.4
694795,Josh Ekness,MIA,R,Ahead (Pitcher),34,FF,0.353,0.353,,,,,,,,,,
694795,Josh Ekness,MIA,R,Behind (Pitcher),62,FF,0.661,0.274,12.0,1.0,0.0,0.167,0.167,0.425,0.0,0.412,0.5,91.1
694795,Josh Ekness,MIA,R,Even,86,FF,0.43,0.314,,,,,,,,,,
694795,Josh Ekness,MIA,R,Two-Strike,71,FF,0.479,0.592,36.0,7.0,0.0,0.212,0.242,0.268,0.361,0.214,0.25,83.7
676596,Josh Fleming,TOR,L,Even,18,CU,0.444,0.333,,,,,,,,,,
676596,Josh Fleming,TOR,L,Two-Strike,20,CU,0.55,0.5,,,,,,,,,,
623352,Josh Hader,HOU,L,Ahead (Pitcher),62,SI,0.726,0.435,,,,,,,,,,
623352,Josh Hader,HOU,L,Behind (Pitcher),49,SI,0.694,0.51,,,,,,,,,,
623352,Josh Hader,HOU,L,Even,134,SI,0.739,0.463,,,,,,,,,,
623352,Josh Hader,HOU,L,Two-Strike,120,SI,0.575,0.617,31.0,4.0,0.0,0.143,0.143,0.184,0.355,0.154,0.353,82.3
623352,Josh Hader,HOU,R,Ahead (Pitcher),174,SI,0.575,0.58,,,,,,,,,,
623352,Josh Hader,HOU,R,Behind (Pitcher),179,SI,0.631,0.52,13.0,0.0,0.0,0.0,0.0,0.162,0.0,0.333,0.3,90.0
623352,Josh Hader,HOU,R,Even,373,SL,0.493,0.466,14.0,2.0,0.0,0.143,0.143,0.129,0.0,0.4,0.214,86.6
623352,Josh Hader,HOU,R,Two-Strike,436,SI,0.573,0.622,84.0,4.0,0.0,0.053,0.067,0.122,0.524,0.31,0.226,82.0
681006,Josh Simpson,SEA,L,Ahead (Pitcher),42,ST,0.429,0.5,,,,,,,,,,
681006,Josh Simpson,SEA,L,Behind (Pitcher),98,SI,0.541,0.286,,,,,,,,,,
681006,Josh Simpson,SEA,L,Even,129,ST,0.419,0.333,,,,,,,,,,
681006,Josh Simpson,SEA,L,Two-Strike,103,ST,0.534,0.631,10.0,3.0,1.0,0.3,0.6,0.38,0.6,0.444,0.5,87.5
681006,Josh Simpson,SEA,R,Ahead (Pitcher),51,CH,0.392,0.431,,,,,,,,,,
681006,Josh Simpson,SEA,R,Behind (Pitcher),80,CU,0.25,0.338,,,,,,,,,,
681006,Josh Simpson,SEA,R,Even,131,CU,0.427,0.405,,,,,,,,,,
681006,Josh Simpson,SEA,R,Two-Strike,139,CU,0.403,0.597,11.0,3.0,1.0,0.3,0.6,0.409,0.364,0.143,0.333,93.9
677020,Josh Walker,BAL,L,Ahead (Pitcher),29,SL,0.586,0.414,,,,,,,,,,
677020,Josh Walker,BAL,L,Behind (Pitcher),46,SI,0.522,0.435,11.0,1.0,0.0,0.111,0.111,0.209,0.0,0.059,0.444,84.3
677020,Josh Walker,BAL,L,Even,92,SL,0.478,0.424,15.0,5.0,0.0,0.333,0.4,0.383,0.0,0.243,0.333,81.4
677020,Josh Walker,BAL,L,Two-Strike,74,SL,0.622,0.662,28.0,6.0,1.0,0.222,0.37,0.302,0.429,0.156,0.6,92.9
677020,Josh Walker,BAL,R,Ahead (Pitcher),44,FF,0.364,0.409,,,,,,,,,,
677020,Josh Walker,BAL,R,Behind (Pitcher),83,FF,0.337,0.398,13.0,2.0,0.0,0.222,0.222,0.3,0.0,0.16,0.3,92.1
677020,Josh Walker,BAL,R,Even,121,SL,0.339,0.397,11.0,3.0,0.0,0.273,0.364,0.277,0.0,0.25,0.273,86.6
677020,Josh Walker,BAL,R,Two-Strike,92,FF,0.391,0.598,34.0,4.0,1.0,0.129,0.258,0.21,0.412,0.14,0.312,85.7
621237,José Alvarado,PHI,L,Ahead (Pitcher),76,SI,0.553,0.474,10.0,6.0,1.0,0.6,1.1,0.72,0.0,0.2,0.3,87.2
621237,José Alvarado,PHI,L,Behind (Pitcher),102,SI,0.951,0.451,22.0,6.0,0.0,0.353,0.412,0.42,0.0,0.179,0.353,87.0
621237,José Alvarado,PHI,L,Even,203,SI,0.744,0.433,27.0,11.0,0.0,0.458,0.5,0.483,0.0,0.26,0.32,80.0
621237,José Alvarado,PHI,L,Two-Strike,161,FC,0.559,0.503,54.0,9.0,1.0,0.191,0.277,0.268,0.463,0.286,0.227,81.5
621237,José Alvarado,PHI,R,Ahead (Pitcher),105,SI,0.486,0.495,,,,,,,,,,
621237,José Alvarado,PHI,R,Behind (Pitcher),237,SI,0.865,0.46,37.0,12.0,0.0,0.387,0.581,0.526,0.0,0.176,0.379,91.5
621237,José Alvarado,PHI,R,Even,328,SI,0.701,0.332,15.0,3.0,1.0,0.214,0.429,0.3,0.0,0.246,0.429,86.9
621237,José Alvarado,PHI,R,Two-Strike,348,FC,0.448,0.569,92.0,14.0,2.0,0.173,0.296,0.26,0.489,0.292,0.25,87.5
676130,José Buttó,SF,L,Ahead (Pitcher),58,CH,0.517,0.328,,,,,,,,,,
676130,José Buttó,SF,L,Behind (Pitcher),168,FF,0.399,0.315,,,,,,,,,,
676130,José Buttó,SF,L,Even,192,FF,0.286,0.349,,,,,,,,,,
676130,José Buttó,SF,L,Two-Strike,147,SL,0.374,0.626,,,,,,,,,,
676130,José Buttó,SF,R,Ahead (Pitcher),86,SL,0.488,0.488,,,,,,,,,,
676130,José Buttó,SF,R,Behind (Pitcher),135,SI,0.385,0.422,,,,,,,,,,
676130,José Buttó,SF,R,Even,237,FF,0.376,0.485,,,,,,,,,,
676130,José Buttó,SF,R,Two-Strike,146,SL,0.473,0.63,,,,,,,,,,
621016,José Cuas,KC,L,Ahead (Pitcher),24,FF,0.583,0.25,,,,,,,,,,
621016,José Cuas,KC,L,Behind (Pitcher),45,SI,0.356,0.467,10.0,3.0,0.0,0.429,0.571,0.617,0.0,0.333,0.333,85.2
621016,José Cuas,KC,L,Even,63,ST,0.317,0.381,,,,,,,,,,
621016,José Cuas,KC,L,Two-Strike,60,FF,0.583,0.567,27.0,4.0,0.0,0.167,0.167,0.211,0.407,0.265,0.385,86.8
621016,José Cuas,KC,R,Ahead (Pitcher),26,ST,0.5,0.462,,,,,,,,,,
621016,José Cuas,KC,R,Behind (Pitcher),51,SI,0.745,0.451,15.0,6.0,0.0,0.462,0.692,0.523,0.0,0.087,0.308,82.8
621016,José Cuas,KC,R,Even,70,SI,0.629,0.286,,,,,,,,,,
621016,José Cuas,KC,R,Two-Strike,79,FF,0.481,0.671,29.0,5.0,0.0,0.2,0.2,0.228,0.414,0.208,0.357,81.1
820862,José Fermin,LAA,L,Ahead (Pitcher),82,SL,0.378,0.549,,,,,,,,,,
820862,José Fermin,LAA,L,Behind (Pitcher),186,SL,0.344,0.371,27.0,3.0,1.0,0.167,0.333,0.404,0.0,0.275,0.412,90.8
820862,José Fermin,LAA,L,Even,251,SL,0.442,0.367,19.0,6.0,1.0,0.333,0.611,0.416,0.0,0.241,0.5,90.5
820862,José Fermin,LAA,L,Two-Strike,221,SL,0.529,0.602,53.0,8.0,0.0,0.167,0.271,0.222,0.472,0.218,0.625,94.5
820862,José Fermin,LAA,R,Ahead (Pitcher),108,SL,0.648,0.481,,,,,,,,,,
820862,José Fermin,LAA,R,Behind (Pitcher),184,SL,0.527,0.413,19.0,4.0,1.0,0.308,0.538,0.516,0.0,0.304,0.385,88.0
820862,José Fermin,LAA,R,Even,294,SL,0.65,0.333,13.0,5.0,1.0,0.385,0.615,0.431,0.0,0.421,0.231,90.1
820862,José Fermin,LAA,R,Two-Strike,309,SL,0.657,0.663,87.0,17.0,1.0,0.207,0.293,0.245,0.414,0.219,0.391,89.4
678606,José Ferrer,SEA,L,Ahead (Pitcher),134,SI,0.672,0.53,19.0,5.0,0.0,0.278,0.278,0.274,0.0,0.205,0.333,86.2
678606,José Ferrer,SEA,L,Behind (Pitcher),146,SI,0.945,0.452,17.0,7.0,0.0,0.438,0.5,0.432,0.0,0.086,0.312,83.6
678606,José Ferrer,SEA,L,Even,342,SI,0.851,0.447,43.0,12.0,0.0,0.3,0.4,0.332,0.0,0.141,0.341,84.0
678606,José Ferrer,SEA,L,Two-Strike,262,SI,0.561,0.592,63.0,9.0,0.0,0.148,0.164,0.185,0.444,0.171,0.294,82.6
678606,José Ferrer,SEA,R,Ahead (Pitcher),191,SI,0.45,0.518,11.0,5.0,1.0,0.5,0.8,0.573,0.0,0.385,0.3,78.8
678606,José Ferrer,SEA,R,Behind (Pitcher),283,SI,0.813,0.459,22.0,9.0,3.0,0.5,1.056,0.755,0.0,0.161,0.294,91.8
678606,José Ferrer,SEA,R,Even,506,SI,0.658,0.393,29.0,8.0,1.0,0.276,0.448,0.341,0.0,0.244,0.379,88.9
678606,José Ferrer,SEA,R,Two-Strike,428,CH,0.437,0.603,83.0,18.0,2.0,0.257,0.371,0.351,0.313,0.148,0.523,89.4
667755,José Soriano,TOR,L,Ahead (Pitcher),367,FS,0.349,0.534,34.0,10.0,2.0,0.294,0.5,0.34,0.0,0.243,0.382,87.5
667755,José Soriano,TOR,L,Behind (Pitcher),818,SI,0.509,0.432,92.0,20.0,0.0,0.308,0.338,0.417,0.0,0.25,0.462,88.8
667755,José Soriano,TOR,L,Even,1131,SI,0.399,0.322,81.0,22.0,2.0,0.282,0.385,0.305,0.0,0.213,0.38,87.4
667755,José Soriano,TOR,L,Two-Strike,878,FS,0.286,0.605,214.0,36.0,9.0,0.188,0.339,0.273,0.379,0.222,0.336,88.7
667755,José Soriano,TOR,R,Ahead (Pitcher),324,SI,0.398,0.46,23.0,6.0,0.0,0.273,0.409,0.311,0.0,0.433,0.318,85.6
667755,José Soriano,TOR,R,Behind (Pitcher),548,SI,0.536,0.409,49.0,11.0,0.0,0.297,0.351,0.373,0.0,0.28,0.395,90.6
667755,José Soriano,TOR,R,Even,880,SI,0.462,0.362,52.0,19.0,2.0,0.38,0.52,0.405,0.0,0.314,0.36,86.3
667755,José Soriano,TOR,R,Two-Strike,711,KC,0.338,0.609,183.0,23.0,2.0,0.139,0.212,0.22,0.459,0.274,0.341,87.2
660761,José Suarez,ATH,L,Ahead (Pitcher),77,FF,0.39,0.403,,,,,,,,,,
660761,José Suarez,ATH,L,Behind (Pitcher),132,FF,0.409,0.402,25.0,5.0,0.0,0.263,0.316,0.334,0.0,0.167,0.25,85.2
660761,José Suarez,ATH,L,Even,222,SL,0.41,0.419,28.0,12.0,0.0,0.462,0.615,0.485,0.0,0.31,0.357,81.6
660761,José Suarez,ATH,L,Two-Strike,146,CH,0.363,0.603,58.0,7.0,2.0,0.137,0.255,0.231,0.5,0.348,0.227,85.7
660761,José Suarez,ATH,R,Ahead (Pitcher),90,CH,0.467,0.422,,,,,,,,,,
660761,José Suarez,ATH,R,Behind (Pitcher),175,FF,0.446,0.514,33.0,11.0,3.0,0.44,0.88,0.622,0.0,0.191,0.458,91.7
660761,José Suarez,ATH,R,Even,292,FF,0.387,0.418,35.0,18.0,0.0,0.545,0.727,0.543,0.0,0.27,0.4,88.0
660761,José Suarez,ATH,R,Two-Strike,236,FF,0.415,0.572,82.0,17.0,1.0,0.233,0.356,0.294,0.39,0.192,0.286,89.0
664353,José Urquidy,PHI,L,Ahead (Pitcher),49,CH,0.551,0.633,12.0,7.0,0.0,0.583,0.75,0.583,0.0,0.28,0.25,88.3
664353,José Urquidy,PHI,L,Behind (Pitcher),57,CH,0.386,0.474,10.0,4.0,0.0,0.4,0.6,0.43,0.0,0.231,0.3,86.4
664353,José Urquidy,PHI,L,Even,115,CU,0.304,0.374,15.0,4.0,0.0,0.267,0.4,0.347,0.0,0.154,0.188,85.4
664353,José Urquidy,PHI,L,Two-Strike,97,CH,0.443,0.629,40.0,5.0,0.0,0.143,0.143,0.183,0.375,0.189,0.333,85.0
664353,José Urquidy,PHI,R,Ahead (Pitcher),42,SI,0.333,0.524,,,,,,,,,,
664353,José Urquidy,PHI,R,Behind (Pitcher),50,CH,0.28,0.58,16.0,4.0,1.0,0.267,0.533,0.359,0.0,0.241,0.333,88.4
664353,José Urquidy,PHI,R,Even,102,SI,0.324,0.343,11.0,5.0,0.0,0.455,0.545,0.441,0.0,0.235,0.364,88.0
664353,José Urquidy,PHI,R,Two-Strike,102,SI,0.284,0.618,39.0,10.0,2.0,0.286,0.486,0.391,0.308,0.117,0.522,91.6
663558,Jovani Morán,BOS,L,Ahead (Pitcher),62,CH,0.306,0.484,10.0,3.0,1.0,0.3,0.6,0.38,0.0,0.241,0.2,78.2
663558,Jovani Morán,BOS,L,Behind (Pitcher),101,FF,0.465,0.436,21.0,5.0,3.0,0.333,0.933,0.571,0.0,0.395,0.312,83.9
663558,Jovani Morán,BOS,L,Even,165,SI,0.315,0.394,18.0,4.0,0.0,0.222,0.333,0.239,0.0,0.27,0.444,81.7
663558,Jovani Morán,BOS,L,Two-Strike,149,CH,0.349,0.517,60.0,6.0,1.0,0.111,0.167,0.178,0.567,0.264,0.35,88.9
663558,Jovani Morán,BOS,R,Ahead (Pitcher),73,CH,0.534,0.452,,,,,,,,,,
663558,Jovani Morán,BOS,R,Behind (Pitcher),181,FF,0.53,0.354,38.0,6.0,1.0,0.25,0.5,0.485,0.0,0.283,0.292,91.7
663558,Jovani Morán,BOS,R,Even,233,FF,0.433,0.348,26.0,6.0,1.0,0.25,0.417,0.282,0.0,0.351,0.148,85.6
663558,Jovani Morán,BOS,R,Two-Strike,169,CH,0.574,0.68,84.0,8.0,2.0,0.104,0.195,0.196,0.452,0.317,0.308,84.1
676664,Jp Sears,SD,L,Ahead (Pitcher),68,SI,0.338,0.456,10.0,3.0,1.0,0.3,0.6,0.38,0.0,0.059,0.3,87.1
676664,Jp Sears,SD,L,Behind (Pitcher),110,FF,0.464,0.473,,,,,,,,,,
676664,Jp Sears,SD,L,Even,202,ST,0.411,0.401,10.0,3.0,1.0,0.3,0.6,0.38,0.0,0.12,0.4,89.2
676664,Jp Sears,SD,L,Two-Strike,147,ST,0.449,0.619,19.0,1.0,0.0,0.071,0.071,0.195,0.421,0.207,0.143,81.8
676664,Jp Sears,SD,R,Ahead (Pitcher),288,FF,0.403,0.372,,,,,,,,,,
676664,Jp Sears,SD,R,Behind (Pitcher),518,FF,0.351,0.49,27.0,5.0,2.0,0.208,0.5,0.339,0.0,0.204,0.5,92.6
676664,Jp Sears,SD,R,Even,858,FF,0.33,0.36,20.0,9.0,1.0,0.45,0.65,0.512,0.0,0.19,0.4,89.2
676664,Jp Sears,SD,R,Two-Strike,704,FF,0.53,0.626,41.0,9.0,1.0,0.243,0.324,0.293,0.415,0.245,0.5,91.5
702275,Jr Ritchie,ATL,L,Ahead (Pitcher),76,CH,0.342,0.368,,,,,,,,,,
702275,Jr Ritchie,ATL,L,Behind (Pitcher),205,FF,0.215,0.356,48.0,11.0,2.0,0.367,0.6,0.541,0.0,0.192,0.483,91.6
702275,Jr Ritchie,ATL,L,Even,251,CU,0.259,0.367,33.0,12.0,4.0,0.375,0.781,0.508,0.0,0.174,0.419,87.9
702275,Jr Ritchie,ATL,L,Two-Strike,203,CU,0.389,0.552,90.0,11.0,2.0,0.143,0.299,0.261,0.467,0.277,0.444,91.3
702275,Jr Ritchie,ATL,R,Ahead (Pitcher),58,CU,0.362,0.483,16.0,4.0,1.0,0.25,0.438,0.294,0.0,0.143,0.312,85.8
702275,Jr Ritchie,ATL,R,Behind (Pitcher),127,SI,0.488,0.394,28.0,4.0,1.0,0.19,0.476,0.355,0.0,0.18,0.348,91.4
702275,Jr Ritchie,ATL,R,Even,170,SI,0.465,0.282,21.0,8.0,1.0,0.421,0.579,0.462,0.0,0.146,0.421,89.0
702275,Jr Ritchie,ATL,R,Two-Strike,105,CU,0.467,0.648,55.0,5.0,1.0,0.102,0.184,0.185,0.436,0.221,0.24,85.7
664141,Jt Brubaker,SF,L,Ahead (Pitcher),92,CH,0.359,0.37,,,,,,,,,,
664141,Jt Brubaker,SF,L,Behind (Pitcher),163,SI,0.497,0.454,29.0,6.0,0.0,0.25,0.292,0.33,0.0,0.179,0.391,89.6
664141,Jt Brubaker,SF,L,Even,266,SI,0.47,0.376,23.0,5.0,0.0,0.217,0.261,0.22,0.0,0.127,0.318,87.8
664141,Jt Brubaker,SF,L,Two-Strike,208,SI,0.346,0.538,64.0,9.0,0.0,0.176,0.216,0.269,0.297,0.097,0.364,87.6
664141,Jt Brubaker,SF,R,Ahead (Pitcher),107,SI,0.449,0.533,16.0,0.0,0.0,0.0,0.0,0.0,0.0,0.325,0.188,82.4
664141,Jt Brubaker,SF,R,Behind (Pitcher),158,SI,0.671,0.38,19.0,6.0,1.0,0.375,0.688,0.453,0.0,0.262,0.353,90.0
664141,Jt Brubaker,SF,R,Even,254,SI,0.563,0.366,25.0,6.0,1.0,0.24,0.36,0.26,0.0,0.284,0.36,85.4
664141,Jt Brubaker,SF,R,Two-Strike,227,SL,0.476,0.59,70.0,17.0,3.0,0.288,0.542,0.399,0.286,0.118,0.415,88.8
686228,Juan Burgos,AZ,L,Behind (Pitcher),21,FC,0.476,0.476,,,,,,,,,,
686228,Juan Burgos,AZ,L,Even,41,FC,0.366,0.537,,,,,,,,,,
686228,Juan Burgos,AZ,L,Two-Strike,23,ST,0.391,0.565,,,,,,,,,,
686228,Juan Burgos,AZ,R,Ahead (Pitcher),24,ST,0.417,0.667,,,,,,,,,,
686228,Juan Burgos,AZ,R,Behind (Pitcher),48,SI,0.458,0.292,,,,,,,,,,
686228,Juan Burgos,AZ,R,Even,61,SI,0.508,0.377,,,,,,,,,,
686228,Juan Burgos,AZ,R,Two-Strike,50,ST,0.64,0.62,,,,,,,,,,
675848,Juan Mejia,COL,L,Ahead (Pitcher),134,FF,0.649,0.463,13.0,6.0,0.0,0.545,0.727,0.592,0.0,0.156,0.25,88.9
675848,Juan Mejia,COL,L,Behind (Pitcher),276,FF,0.663,0.413,36.0,13.0,5.0,0.5,1.231,0.776,0.0,0.185,0.667,94.5
675848,Juan Mejia,COL,L,Even,409,FF,0.687,0.372,25.0,11.0,0.0,0.458,0.667,0.494,0.0,0.301,0.56,90.3
675848,Juan Mejia,COL,L,Two-Strike,300,FF,0.6,0.623,83.0,15.0,1.0,0.195,0.234,0.227,0.446,0.284,0.3,85.5
675848,Juan Mejia,COL,R,Ahead (Pitcher),147,ST,0.449,0.524,12.0,3.0,0.0,0.25,0.25,0.225,0.0,0.205,0.167,78.1
675848,Juan Mejia,COL,R,Behind (Pitcher),272,FF,0.684,0.401,28.0,5.0,0.0,0.217,0.217,0.286,0.0,0.273,0.261,87.5
675848,Juan Mejia,COL,R,Even,419,FF,0.506,0.358,20.0,6.0,0.0,0.333,0.389,0.342,0.0,0.333,0.45,86.2
675848,Juan Mejia,COL,R,Two-Strike,408,FF,0.52,0.627,94.0,15.0,0.0,0.203,0.216,0.281,0.287,0.103,0.32,88.7
666661,Juan Morillo,AZ,L,Ahead (Pitcher),100,FF,0.56,0.48,10.0,3.0,0.0,0.333,0.444,0.375,0.0,0.343,0.333,84.4
666661,Juan Morillo,AZ,L,Behind (Pitcher),202,FF,0.574,0.411,26.0,6.0,1.0,0.333,0.5,0.5,0.0,0.269,0.412,86.7
666661,Juan Morillo,AZ,L,Even,295,FF,0.542,0.39,21.0,5.0,0.0,0.25,0.35,0.27,0.0,0.282,0.238,83.0
666661,Juan Morillo,AZ,L,Two-Strike,276,FF,0.627,0.627,83.0,7.0,0.0,0.091,0.13,0.142,0.506,0.299,0.25,84.9
666661,Juan Morillo,AZ,R,Ahead (Pitcher),109,SI,0.468,0.56,11.0,3.0,0.0,0.3,0.3,0.309,0.0,0.343,0.2,80.9
666661,Juan Morillo,AZ,R,Behind (Pitcher),132,SI,0.477,0.424,15.0,4.0,0.0,0.364,0.364,0.487,0.0,0.267,0.364,82.4
666661,Juan Morillo,AZ,R,Even,271,SI,0.506,0.435,25.0,5.0,0.0,0.208,0.292,0.236,0.0,0.169,0.292,83.6
666661,Juan Morillo,AZ,R,Two-Strike,256,FF,0.504,0.574,66.0,9.0,2.0,0.158,0.316,0.26,0.47,0.247,0.448,93.0
642759,Julian Fernández,WSH,L,Behind (Pitcher),25,FF,0.84,0.44,,,,,,,,,,
642759,Julian Fernández,WSH,L,Even,28,FF,0.821,0.286,,,,,,,,,,
642759,Julian Fernández,WSH,L,Two-Strike,25,CH,0.72,0.64,,,,,,,,,,
642759,Julian Fernández,WSH,R,Behind (Pitcher),16,FF,0.875,0.5,,,,,,,,,,
642759,Julian Fernández,WSH,R,Even,27,FF,0.741,0.481,,,,,,,,,,
670062,Julian Garcia,CIN,L,Ahead (Pitcher),54,ST,0.574,0.519,12.0,2.0,0.0,0.167,0.25,0.179,0.0,0.286,0.25,79.9
670062,Julian Garcia,CIN,L,Behind (Pitcher),88,FF,0.364,0.33,20.0,1.0,0.0,0.091,0.091,0.325,0.0,0.207,0.25,89.8
670062,Julian Garcia,CIN,L,Even,125,ST,0.392,0.344,11.0,3.0,0.0,0.273,0.364,0.305,0.0,0.209,0.273,87.1
670062,Julian Garcia,CIN,L,Two-Strike,111,ST,0.595,0.676,51.0,7.0,0.0,0.143,0.204,0.172,0.373,0.187,0.4,88.0
670062,Julian Garcia,CIN,R,Ahead (Pitcher),41,ST,0.756,0.659,,,,,,,,,,
670062,Julian Garcia,CIN,R,Behind (Pitcher),74,ST,0.378,0.419,14.0,6.0,4.0,0.667,2.111,0.975,0.0,0.323,0.333,84.2
670062,Julian Garcia,CIN,R,Even,119,ST,0.563,0.345,14.0,2.0,0.0,0.143,0.143,0.129,0.0,0.341,0.143,85.8
670062,Julian Garcia,CIN,R,Two-Strike,101,ST,0.693,0.545,49.0,5.0,0.0,0.116,0.116,0.163,0.449,0.255,0.364,85.9
677865,Justin Bruihl,STL,L,Ahead (Pitcher),103,ST,0.485,0.456,15.0,6.0,0.0,0.5,0.667,0.5,0.0,0.238,0.533,85.1
677865,Justin Bruihl,STL,L,Behind (Pitcher),179,SI,0.631,0.38,19.0,3.0,1.0,0.2,0.467,0.366,0.0,0.093,0.533,91.1
677865,Justin Bruihl,STL,L,Even,293,SI,0.539,0.328,44.0,11.0,0.0,0.289,0.316,0.328,0.0,0.145,0.395,82.8
677865,Justin Bruihl,STL,L,Two-Strike,261,ST,0.533,0.621,102.0,16.0,1.0,0.178,0.256,0.241,0.255,0.135,0.292,84.0
677865,Justin Bruihl,STL,R,Ahead (Pitcher),92,SI,0.359,0.457,13.0,4.0,0.0,0.308,0.462,0.4,0.0,0.161,0.385,90.2
677865,Justin Bruihl,STL,R,Behind (Pitcher),156,SI,0.532,0.365,28.0,7.0,1.0,0.35,0.6,0.47,0.0,0.125,0.429,86.8
677865,Justin Bruihl,STL,R,Even,259,SI,0.452,0.347,38.0,14.0,1.0,0.389,0.5,0.404,0.0,0.256,0.351,82.8
677865,Justin Bruihl,STL,R,Two-Strike,192,ST,0.464,0.562,77.0,13.0,0.0,0.197,0.273,0.289,0.351,0.188,0.22,87.4
663795,Justin Hagenman,NYM,L,Ahead (Pitcher),31,CH,0.516,0.387,,,,,,,,,,
663795,Justin Hagenman,NYM,L,Behind (Pitcher),40,FC,0.375,0.55,,,,,,,,,,
663795,Justin Hagenman,NYM,L,Even,90,FC,0.356,0.422,,,,,,,,,,
663795,Justin Hagenman,NYM,L,Two-Strike,59,CH,0.39,0.661,,,,,,,,,,
663795,Justin Hagenman,NYM,R,Ahead (Pitcher),26,SL,0.5,0.5,,,,,,,,,,
663795,Justin Hagenman,NYM,R,Behind (Pitcher),59,FC,0.373,0.559,,,,,,,,,,
663795,Justin Hagenman,NYM,R,Even,83,FC,0.434,0.337,,,,,,,,,,
663795,Justin Hagenman,NYM,R,Two-Strike,57,SL,0.281,0.579,,,,,,,,,,
664875,Justin Lawrence,WSH,L,Ahead (Pitcher),51,ST,0.412,0.471,,,,,,,,,,
664875,Justin Lawrence,WSH,L,Behind (Pitcher),112,SI,0.643,0.438,24.0,5.0,1.0,0.333,0.6,0.55,0.0,0.231,0.5,92.3
664875,Justin Lawrence,WSH,L,Even,145,ST,0.414,0.31,13.0,7.0,2.0,0.538,1.154,0.708,0.0,0.107,0.462,92.4
664875,Justin Lawrence,WSH,L,Two-Strike,118,ST,0.644,0.568,34.0,2.0,1.0,0.074,0.185,0.256,0.5,0.295,0.3,87.4
664875,Justin Lawrence,WSH,R,Ahead (Pitcher),65,ST,0.6,0.385,,,,,,,,,,
664875,Justin Lawrence,WSH,R,Behind (Pitcher),138,SI,0.688,0.326,21.0,2.0,2.0,0.182,0.727,0.533,0.0,0.107,0.5,90.0
664875,Justin Lawrence,WSH,R,Even,194,SI,0.546,0.294,19.0,12.0,1.0,0.667,1.167,0.774,0.0,0.279,0.611,89.6
664875,Justin Lawrence,WSH,R,Two-Strike,144,ST,0.729,0.521,51.0,6.0,2.0,0.133,0.333,0.27,0.51,0.375,0.211,85.0
679885,Justin Martinez,AZ,L,Ahead (Pitcher),33,FS,0.636,0.424,,,,,,,,,,
679885,Justin Martinez,AZ,L,Behind (Pitcher),60,SI,0.383,0.367,,,,,,,,,,
679885,Justin Martinez,AZ,L,Even,88,FF,0.466,0.273,,,,,,,,,,
679885,Justin Martinez,AZ,L,Two-Strike,86,FS,0.57,0.419,13.0,1.0,0.0,0.091,0.091,0.177,0.462,0.385,0.4,83.1
679885,Justin Martinez,AZ,R,Ahead (Pitcher),26,SI,0.423,0.385,,,,,,,,,,
679885,Justin Martinez,AZ,R,Behind (Pitcher),46,SI,0.63,0.391,,,,,,,,,,
679885,Justin Martinez,AZ,R,Even,76,SI,0.711,0.355,,,,,,,,,,
679885,Justin Martinez,AZ,R,Two-Strike,52,FS,0.442,0.538,15.0,0.0,0.0,0.0,0.0,0.153,0.6,0.389,0.0,83.0
686580,Justin Slaten,BOS,L,Ahead (Pitcher),60,FF,0.533,0.517,,,,,,,,,,
686580,Justin Slaten,BOS,L,Behind (Pitcher),103,FC,0.631,0.417,13.0,6.0,1.0,0.6,1.1,0.733,0.0,0.24,0.333,80.4
686580,Justin Slaten,BOS,L,Even,182,FC,0.522,0.396,19.0,4.0,1.0,0.211,0.368,0.295,0.0,0.054,0.526,92.9
686580,Justin Slaten,BOS,L,Two-Strike,151,FF,0.45,0.695,34.0,5.0,0.0,0.147,0.206,0.153,0.676,0.36,0.364,88.9
686580,Justin Slaten,BOS,R,Ahead (Pitcher),71,ST,0.366,0.577,10.0,6.0,1.0,0.6,0.9,0.65,0.0,0.19,0.3,82.2
686580,Justin Slaten,BOS,R,Behind (Pitcher),115,FC,0.574,0.548,10.0,2.0,0.0,0.333,0.333,0.456,0.0,0.091,0.286,79.8
686580,Justin Slaten,BOS,R,Even,195,FC,0.477,0.415,11.0,3.0,0.0,0.273,0.273,0.245,0.0,0.333,0.182,86.5
686580,Justin Slaten,BOS,R,Two-Strike,135,FF,0.385,0.667,35.0,6.0,1.0,0.188,0.281,0.271,0.457,0.239,0.375,90.0
686993,Justin Sterner,ATH,L,Ahead (Pitcher),99,FF,0.556,0.515,,,,,,,,,,
686993,Justin Sterner,ATH,L,Behind (Pitcher),170,FF,0.482,0.506,14.0,8.0,3.0,0.667,1.417,0.946,0.0,0.282,0.455,90.0
686993,Justin Sterner,ATH,L,Even,271,FF,0.476,0.421,22.0,6.0,1.0,0.286,0.524,0.352,0.0,0.245,0.318,82.8
686993,Justin Sterner,ATH,L,Two-Strike,293,FF,0.471,0.638,46.0,4.0,0.0,0.095,0.119,0.132,0.391,0.171,0.423,89.3
686993,Justin Sterner,ATH,R,Ahead (Pitcher),127,FF,0.543,0.417,,,,,,,,,,
686993,Justin Sterner,ATH,R,Behind (Pitcher),214,FF,0.491,0.523,13.0,6.0,4.0,0.545,1.818,0.915,0.0,0.452,0.818,96.5
686993,Justin Sterner,ATH,R,Even,365,FC,0.427,0.416,27.0,10.0,1.0,0.385,0.577,0.433,0.0,0.277,0.37,81.2
686993,Justin Sterner,ATH,R,Two-Strike,292,FF,0.479,0.572,51.0,8.0,2.0,0.174,0.326,0.277,0.431,0.309,0.5,91.9
623437,Justin Topa,NYY,L,Ahead (Pitcher),80,CH,0.4,0.575,,,,,,,,,,
623437,Justin Topa,NYY,L,Behind (Pitcher),121,FC,0.397,0.496,,,,,,,,,,
623437,Justin Topa,NYY,L,Even,214,FC,0.364,0.346,,,,,,,,,,
623437,Justin Topa,NYY,L,Two-Strike,189,CH,0.333,0.545,21.0,2.0,0.0,0.105,0.158,0.169,0.333,0.211,0.333,85.1
623437,Justin Topa,NYY,R,Ahead (Pitcher),118,SI,0.475,0.5,11.0,7.0,0.0,0.636,0.818,0.718,0.0,0.111,0.545,93.3
623437,Justin Topa,NYY,R,Behind (Pitcher),164,SI,0.646,0.439,13.0,2.0,1.0,0.2,0.5,0.385,0.0,0.24,0.3,90.7
623437,Justin Topa,NYY,R,Even,308,SI,0.545,0.325,13.0,6.0,2.0,0.462,0.923,0.654,0.0,0.125,0.429,90.5
623437,Justin Topa,NYY,R,Two-Strike,210,ST,0.462,0.614,30.0,6.0,0.0,0.273,0.273,0.343,0.267,0.122,0.4,89.8
434378,Justin Verlander,DET,L,Ahead (Pitcher),173,FF,0.48,0.514,,,,,,,,,,
434378,Justin Verlander,DET,L,Behind (Pitcher),269,FF,0.442,0.465,,,,,,,,,,
434378,Justin Verlander,DET,L,Even,462,FF,0.459,0.355,,,,,,,,,,
434378,Justin Verlander,DET,L,Two-Strike,462,FF,0.353,0.606,,,,,,,,,,
434378,Justin Verlander,DET,R,Ahead (Pitcher),181,FF,0.42,0.514,,,,,,,,,,
434378,Justin Verlander,DET,R,Behind (Pitcher),269,FF,0.625,0.413,,,,,,,,,,
434378,Justin Verlander,DET,R,Even,475,FF,0.501,0.394,,,,,,,,,,
434378,Justin Verlander,DET,R,Two-Strike,401,FF,0.392,0.633,,,,,,,,,,
680736,Justin Wrobleski,LAD,L,Ahead (Pitcher),114,SL,0.351,0.474,14.0,4.0,1.0,0.333,0.583,0.5,0.0,0.294,0.333,89.7
680736,Justin Wrobleski,LAD,L,Behind (Pitcher),158,SI,0.392,0.494,23.0,7.0,1.0,0.35,0.6,0.443,0.0,0.135,0.35,83.8
680736,Justin Wrobleski,LAD,L,Even,325,SI,0.332,0.406,33.0,11.0,2.0,0.355,0.581,0.395,0.0,0.25,0.212,81.4
680736,Justin Wrobleski,LAD,L,Two-Strike,259,FF,0.452,0.614,82.0,11.0,3.0,0.143,0.273,0.219,0.439,0.255,0.488,90.7
680736,Justin Wrobleski,LAD,R,Ahead (Pitcher),322,FF,0.447,0.516,52.0,18.0,0.0,0.346,0.423,0.373,0.0,0.193,0.442,88.3
680736,Justin Wrobleski,LAD,R,Behind (Pitcher),445,FF,0.425,0.47,61.0,14.0,3.0,0.286,0.531,0.414,0.0,0.13,0.392,89.0
680736,Justin Wrobleski,LAD,R,Even,836,FF,0.415,0.394,93.0,28.0,7.0,0.304,0.598,0.388,0.0,0.182,0.527,92.2
680736,Justin Wrobleski,LAD,R,Two-Strike,735,FF,0.503,0.627,207.0,31.0,4.0,0.161,0.249,0.228,0.372,0.175,0.44,90.1
807739,Kade Anderson,SEA,L,Behind (Pitcher),25,FF,0.52,0.56,,,,,,,,,,
807739,Kade Anderson,SEA,L,Even,42,FF,0.452,0.452,,,,,,,,,,
807739,Kade Anderson,SEA,L,Two-Strike,30,SL,0.4,0.6,14.0,3.0,0.0,0.231,0.308,0.268,0.429,0.278,0.429,91.8
807739,Kade Anderson,SEA,R,Ahead (Pitcher),51,FF,0.392,0.706,,,,,,,,,,
807739,Kade Anderson,SEA,R,Behind (Pitcher),72,FF,0.389,0.597,18.0,4.0,1.0,0.286,0.571,0.397,0.0,0.186,0.4,88.2
807739,Kade Anderson,SEA,R,Even,132,FF,0.47,0.394,19.0,5.0,2.0,0.263,0.632,0.371,0.0,0.173,0.368,84.2
807739,Kade Anderson,SEA,R,Two-Strike,117,FF,0.333,0.641,56.0,9.0,0.0,0.173,0.212,0.195,0.393,0.213,0.452,87.2
695034,Kade Morris,ATH,L,Ahead (Pitcher),16,CH,0.312,0.375,,,,,,,,,,
695034,Kade Morris,ATH,L,Behind (Pitcher),52,SI,0.385,0.538,15.0,5.0,2.0,0.417,0.917,0.54,0.0,0.071,0.615,94.0
695034,Kade Morris,ATH,L,Even,73,SI,0.329,0.397,13.0,7.0,1.0,0.583,0.917,0.65,0.0,0.31,0.417,93.9
695034,Kade Morris,ATH,L,Two-Strike,37,SI,0.324,0.676,17.0,7.0,0.0,0.5,0.714,0.556,0.118,0.08,0.417,85.0
695034,Kade Morris,ATH,R,Ahead (Pitcher),17,SI,0.588,0.471,,,,,,,,,,
695034,Kade Morris,ATH,R,Behind (Pitcher),27,SI,0.556,0.481,,,,,,,,,,
695034,Kade Morris,ATH,R,Even,53,SI,0.491,0.472,14.0,6.0,0.0,0.462,0.538,0.461,0.0,0.16,0.385,87.3
695034,Kade Morris,ATH,R,Two-Strike,48,ST,0.25,0.5,19.0,3.0,1.0,0.188,0.375,0.274,0.421,0.167,0.444,85.5
669704,Kade Strowd,AZ,L,Ahead (Pitcher),24,CU,0.375,0.458,,,,,,,,,,
669704,Kade Strowd,AZ,L,Behind (Pitcher),48,FC,0.771,0.438,,,,,,,,,,
669704,Kade Strowd,AZ,L,Even,70,FC,0.543,0.3,,,,,,,,,,
669704,Kade Strowd,AZ,L,Two-Strike,53,CU,0.358,0.623,,,,,,,,,,
669704,Kade Strowd,AZ,R,Ahead (Pitcher),32,ST,0.344,0.656,,,,,,,,,,
669704,Kade Strowd,AZ,R,Behind (Pitcher),71,FC,0.732,0.38,,,,,,,,,,
669704,Kade Strowd,AZ,R,Even,93,FC,0.366,0.333,,,,,,,,,,
669704,Kade Strowd,AZ,R,Two-Strike,74,FC,0.311,0.622,,,,,,,,,,
678906,Kai-Wei Teng,HOU,L,Ahead (Pitcher),123,FF,0.293,0.504,18.0,6.0,2.0,0.333,0.778,0.461,0.0,0.19,0.333,88.7
678906,Kai-Wei Teng,HOU,L,Behind (Pitcher),233,ST,0.425,0.382,39.0,6.0,1.0,0.25,0.583,0.48,0.0,0.209,0.44,89.6
678906,Kai-Wei Teng,HOU,L,Even,358,FF,0.31,0.363,36.0,11.0,2.0,0.324,0.529,0.41,0.0,0.258,0.529,90.8
678906,Kai-Wei Teng,HOU,L,Two-Strike,288,ST,0.326,0.615,93.0,18.0,3.0,0.225,0.375,0.328,0.409,0.259,0.333,87.9
678906,Kai-Wei Teng,HOU,R,Ahead (Pitcher),110,ST,0.4,0.427,10.0,3.0,0.0,0.375,0.625,0.533,0.0,0.419,0.714,93.0
678906,Kai-Wei Teng,HOU,R,Behind (Pitcher),177,ST,0.412,0.288,23.0,6.0,0.0,0.353,0.471,0.448,0.0,0.325,0.471,91.8
678906,Kai-Wei Teng,HOU,R,Even,287,ST,0.422,0.355,32.0,8.0,1.0,0.258,0.387,0.302,0.0,0.246,0.233,86.1
678906,Kai-Wei Teng,HOU,R,Two-Strike,263,ST,0.51,0.559,80.0,11.0,1.0,0.153,0.222,0.216,0.438,0.235,0.351,87.8
676775,Keaton Winn,SF,L,Ahead (Pitcher),42,FS,0.476,0.524,,,,,,,,,,
676775,Keaton Winn,SF,L,Behind (Pitcher),68,FS,0.544,0.412,17.0,6.0,0.0,0.462,0.846,0.703,0.0,0.091,0.5,91.0
676775,Keaton Winn,SF,L,Even,123,FF,0.463,0.431,19.0,6.0,1.0,0.316,0.526,0.381,0.0,0.25,0.5,88.8
676775,Keaton Winn,SF,L,Two-Strike,102,FS,0.627,0.598,32.0,6.0,1.0,0.214,0.393,0.312,0.375,0.222,0.294,90.3
676775,Keaton Winn,SF,R,Ahead (Pitcher),68,FS,0.529,0.515,,,,,,,,,,
676775,Keaton Winn,SF,R,Behind (Pitcher),95,SI,0.442,0.474,22.0,1.0,0.0,0.056,0.111,0.184,0.0,0.171,0.222,80.2
676775,Keaton Winn,SF,R,Even,176,SI,0.46,0.369,20.0,6.0,1.0,0.316,0.474,0.325,0.0,0.298,0.35,88.5
676775,Keaton Winn,SF,R,Two-Strike,139,FS,0.583,0.604,53.0,5.0,0.0,0.109,0.109,0.194,0.396,0.22,0.28,86.3
669211,Keegan Akin,BAL,L,Ahead (Pitcher),83,SL,0.494,0.47,,,,,,,,,,
669211,Keegan Akin,BAL,L,Behind (Pitcher),110,FF,0.545,0.536,10.0,3.0,0.0,0.375,0.375,0.41,0.0,0.278,0.25,92.0
669211,Keegan Akin,BAL,L,Even,210,FF,0.514,0.395,,,,,,,,,,
669211,Keegan Akin,BAL,L,Two-Strike,225,FF,0.48,0.609,26.0,5.0,0.0,0.192,0.192,0.208,0.269,0.1,0.2,83.6
669211,Keegan Akin,BAL,R,Ahead (Pitcher),118,FF,0.458,0.542,,,,,,,,,,
669211,Keegan Akin,BAL,R,Behind (Pitcher),189,FF,0.556,0.407,,,,,,,,,,
669211,Keegan Akin,BAL,R,Even,304,FF,0.536,0.414,13.0,7.0,1.0,0.583,1.167,0.677,0.0,0.188,0.308,84.2
669211,Keegan Akin,BAL,R,Two-Strike,270,FF,0.459,0.626,37.0,9.0,0.0,0.273,0.364,0.347,0.27,0.16,0.292,82.7
624522,Keegan Thompson,COL,L,Behind (Pitcher),19,FF,0.421,0.474,,,,,,,,,,
624522,Keegan Thompson,COL,L,Even,28,FC,0.214,0.393,,,,,,,,,,
624522,Keegan Thompson,COL,L,Two-Strike,19,FF,0.526,0.632,10.0,4.0,0.0,0.4,0.7,0.465,0.1,0.0,0.444,89.5
624522,Keegan Thompson,COL,R,Behind (Pitcher),28,SI,0.357,0.607,,,,,,,,,,
624522,Keegan Thompson,COL,R,Even,46,SI,0.239,0.435,,,,,,,,,,
624522,Keegan Thompson,COL,R,Two-Strike,30,FC,0.333,0.567,15.0,1.0,0.0,0.071,0.071,0.107,0.667,0.412,0.5,91.0
672456,Keider Montero,DET,L,Ahead (Pitcher),268,FF,0.343,0.496,44.0,12.0,1.0,0.279,0.395,0.319,0.0,0.179,0.227,87.2
672456,Keider Montero,DET,L,Behind (Pitcher),499,FF,0.457,0.445,78.0,15.0,3.0,0.234,0.484,0.393,0.0,0.152,0.5,91.2
672456,Keider Montero,DET,L,Even,754,FF,0.406,0.342,70.0,23.0,3.0,0.343,0.537,0.381,0.0,0.142,0.319,84.5
672456,Keider Montero,DET,L,Two-Strike,569,FF,0.364,0.631,171.0,24.0,5.0,0.148,0.265,0.21,0.31,0.126,0.407,89.2
672456,Keider Montero,DET,R,Ahead (Pitcher),253,SI,0.415,0.518,26.0,4.0,2.0,0.167,0.417,0.258,0.0,0.217,0.259,82.6
672456,Keider Montero,DET,R,Behind (Pitcher),305,SI,0.489,0.511,49.0,8.0,0.0,0.186,0.279,0.247,0.0,0.143,0.455,89.0
672456,Keider Montero,DET,R,Even,634,SI,0.464,0.372,57.0,15.0,2.0,0.278,0.537,0.365,0.0,0.175,0.327,87.7
672456,Keider Montero,DET,R,Two-Strike,502,SL,0.335,0.594,130.0,23.0,1.0,0.193,0.235,0.241,0.415,0.244,0.318,87.8
686610,Ken Waldichuk,WSH,L,Even,24,CU,0.417,0.417,,,,,,,,,,
686610,Ken Waldichuk,WSH,L,Two-Strike,24,CU,0.75,0.5,10.0,2.0,0.0,0.222,0.222,0.32,0.3,0.167,0.333,83.9
686610,Ken Waldichuk,WSH,R,Behind (Pitcher),26,FF,0.462,0.231,,,,,,,,,,
686610,Ken Waldichuk,WSH,R,Even,26,FC,0.269,0.192,,,,,,,,,,
686610,Ken Waldichuk,WSH,R,Two-Strike,21,CU,0.476,0.476,11.0,1.0,0.0,0.1,0.1,0.145,0.455,0.3,0.4,87.9
696070,Kendry Rojas,MIN,L,Ahead (Pitcher),24,SL,0.458,0.583,,,,,,,,,,
696070,Kendry Rojas,MIN,L,Behind (Pitcher),62,FF,0.452,0.274,12.0,2.0,1.0,0.5,1.25,0.708,0.0,0.235,0.75,84.7
696070,Kendry Rojas,MIN,L,Even,76,FF,0.421,0.329,,,,,,,,,,
696070,Kendry Rojas,MIN,L,Two-Strike,62,SL,0.5,0.5,30.0,3.0,0.0,0.111,0.148,0.172,0.6,0.419,0.222,85.2
696070,Kendry Rojas,MIN,R,Ahead (Pitcher),42,CH,0.357,0.381,,,,,,,,,,
696070,Kendry Rojas,MIN,R,Behind (Pitcher),57,FF,0.544,0.404,13.0,1.0,0.0,0.125,0.25,0.365,0.0,0.174,0.25,84.4
696070,Kendry Rojas,MIN,R,Even,105,FF,0.448,0.486,18.0,6.0,0.0,0.353,0.471,0.424,0.0,0.275,0.389,84.6
696070,Kendry Rojas,MIN,R,Two-Strike,93,FF,0.43,0.505,40.0,6.0,1.0,0.182,0.303,0.294,0.4,0.234,0.294,86.0
445276,Kenley Jansen,DET,L,Ahead (Pitcher),107,FC,0.748,0.486,,,,,,,,,,
445276,Kenley Jansen,DET,L,Behind (Pitcher),201,FC,0.886,0.448,14.0,0.0,0.0,0.0,0.0,0.3,0.0,0.282,0.375,91.4
445276,Kenley Jansen,DET,L,Even,305,FC,0.889,0.38,13.0,1.0,0.0,0.077,0.077,0.069,0.0,0.137,0.385,85.7
445276,Kenley Jansen,DET,L,Two-Strike,249,FC,0.59,0.631,63.0,7.0,3.0,0.135,0.308,0.275,0.46,0.267,0.348,89.1
445276,Kenley Jansen,DET,R,Ahead (Pitcher),110,FC,0.791,0.555,,,,,,,,,,
445276,Kenley Jansen,DET,R,Behind (Pitcher),129,FC,0.938,0.519,15.0,1.0,0.0,0.083,0.083,0.2,0.0,0.037,0.25,83.4
445276,Kenley Jansen,DET,R,Even,259,FC,0.931,0.483,15.0,2.0,1.0,0.154,0.385,0.193,0.0,0.38,0.333,86.6
445276,Kenley Jansen,DET,R,Two-Strike,234,FC,0.739,0.701,43.0,9.0,2.0,0.231,0.385,0.305,0.465,0.206,0.474,88.5
592288,Kent Emanuel,CIN,R,Behind (Pitcher),15,SL,0.333,0.4,,,,,,,,,,
592288,Kent Emanuel,CIN,R,Even,28,CH,0.357,0.429,,,,,,,,,,
592288,Kent Emanuel,CIN,R,Two-Strike,26,ST,0.423,0.5,11.0,0.0,0.0,0.0,0.0,0.191,0.273,0.077,0.4,89.3
665645,Kervin Castro,NYY,L,Even,16,FF,0.438,0.438,,,,,,,,,,
665645,Kervin Castro,NYY,L,Two-Strike,15,FF,0.467,0.533,,,,,,,,,,
665645,Kervin Castro,NYY,R,Even,15,FF,0.667,0.2,,,,,,,,,,
665645,Kervin Castro,NYY,R,Two-Strike,19,FF,0.421,0.579,,,,,,,,,,
592332,Kevin Gausman,CHC,L,Ahead (Pitcher),414,FF,0.507,0.507,37.0,9.0,1.0,0.25,0.361,0.34,0.0,0.255,0.27,83.4
592332,Kevin Gausman,CHC,L,Behind (Pitcher),607,FF,0.58,0.448,73.0,21.0,3.0,0.396,0.66,0.503,0.0,0.287,0.411,88.3
592332,Kevin Gausman,CHC,L,Even,1107,FF,0.562,0.425,77.0,27.0,3.0,0.36,0.533,0.419,0.0,0.303,0.395,86.7
592332,Kevin Gausman,CHC,L,Two-Strike,991,FF,0.491,0.63,237.0,40.0,4.0,0.179,0.278,0.227,0.409,0.168,0.354,87.3
592332,Kevin Gausman,CHC,R,Ahead (Pitcher),409,FF,0.489,0.487,26.0,13.0,1.0,0.5,0.731,0.533,0.0,0.312,0.385,89.1
592332,Kevin Gausman,CHC,R,Behind (Pitcher),547,FF,0.576,0.495,54.0,19.0,5.0,0.373,0.686,0.464,0.0,0.262,0.49,90.7
592332,Kevin Gausman,CHC,R,Even,990,FF,0.549,0.417,56.0,16.0,5.0,0.314,0.647,0.413,0.0,0.299,0.6,89.6
592332,Kevin Gausman,CHC,R,Two-Strike,978,FS,0.475,0.618,191.0,34.0,4.0,0.191,0.298,0.245,0.455,0.255,0.344,88.1
656464,Kevin Ginkel,AZ,L,Ahead (Pitcher),103,FF,0.602,0.495,15.0,4.0,1.0,0.267,0.6,0.36,0.0,0.341,0.533,93.7
656464,Kevin Ginkel,AZ,L,Behind (Pitcher),152,FF,0.559,0.507,23.0,8.0,1.0,0.444,0.611,0.459,0.0,0.224,0.35,90.6
656464,Kevin Ginkel,AZ,L,Even,294,FF,0.602,0.405,34.0,9.0,1.0,0.273,0.455,0.327,0.0,0.261,0.455,86.6
656464,Kevin Ginkel,AZ,L,Two-Strike,262,FF,0.523,0.557,82.0,12.0,1.0,0.167,0.236,0.239,0.427,0.25,0.528,93.1
656464,Kevin Ginkel,AZ,R,Ahead (Pitcher),95,SL,0.505,0.505,12.0,3.0,1.0,0.273,0.636,0.346,0.0,0.25,0.333,90.4
656464,Kevin Ginkel,AZ,R,Behind (Pitcher),143,FF,0.413,0.559,20.0,8.0,2.0,0.421,0.789,0.522,0.0,0.327,0.368,89.1
656464,Kevin Ginkel,AZ,R,Even,261,SL,0.479,0.391,18.0,8.0,2.0,0.444,1.0,0.65,0.0,0.305,0.278,78.8
656464,Kevin Ginkel,AZ,R,Two-Strike,240,SL,0.592,0.558,63.0,5.0,0.0,0.083,0.1,0.139,0.492,0.269,0.276,84.8
643361,Kevin Herget,NYM,L,Behind (Pitcher),31,FF,0.484,0.452,,,,,,,,,,
643361,Kevin Herget,NYM,L,Even,41,CH,0.39,0.39,,,,,,,,,,
643361,Kevin Herget,NYM,L,Two-Strike,25,CH,0.64,0.56,,,,,,,,,,
643361,Kevin Herget,NYM,R,Ahead (Pitcher),21,CH,0.476,0.476,,,,,,,,,,
643361,Kevin Herget,NYM,R,Behind (Pitcher),18,FF,0.889,0.444,,,,,,,,,,
643361,Kevin Herget,NYM,R,Even,44,FF,0.545,0.455,,,,,,,,,,
643361,Kevin Herget,NYM,R,Two-Strike,37,FF,0.486,0.595,,,,,,,,,,
687330,Kevin Kelly,TB,L,Ahead (Pitcher),91,CH,0.44,0.341,,,,,,,,,,
687330,Kevin Kelly,TB,L,Behind (Pitcher),144,SI,0.785,0.514,34.0,11.0,3.0,0.344,0.625,0.482,0.0,0.078,0.548,93.6
687330,Kevin Kelly,TB,L,Even,276,SI,0.58,0.424,34.0,9.0,0.0,0.265,0.324,0.259,0.0,0.185,0.559,93.2
687330,Kevin Kelly,TB,L,Two-Strike,176,FF,0.386,0.574,44.0,6.0,1.0,0.146,0.293,0.219,0.386,0.213,0.667,94.2
687330,Kevin Kelly,TB,R,Ahead (Pitcher),140,SI,0.536,0.543,18.0,5.0,0.0,0.278,0.389,0.289,0.0,0.2,0.333,87.6
687330,Kevin Kelly,TB,R,Behind (Pitcher),131,SI,0.931,0.443,10.0,1.0,0.0,0.125,0.125,0.2,0.0,0.111,0.333,77.1
687330,Kevin Kelly,TB,R,Even,338,SI,0.775,0.388,37.0,13.0,1.0,0.361,0.556,0.427,0.0,0.244,0.417,89.4
687330,Kevin Kelly,TB,R,Two-Strike,286,SI,0.385,0.577,87.0,7.0,1.0,0.085,0.122,0.138,0.517,0.288,0.25,83.3
694753,Khristian Curtis,PIT,L,Ahead (Pitcher),26,FF,0.385,0.538,,,,,,,,,,
694753,Khristian Curtis,PIT,L,Behind (Pitcher),54,FC,0.444,0.37,15.0,3.0,0.0,0.375,0.5,0.483,0.0,0.2,0.111,80.5
694753,Khristian Curtis,PIT,L,Even,69,FF,0.391,0.362,,,,,,,,,,
694753,Khristian Curtis,PIT,L,Two-Strike,61,CH,0.295,0.607,23.0,1.0,0.0,0.045,0.045,0.07,0.304,0.135,0.214,83.6
694753,Khristian Curtis,PIT,R,Ahead (Pitcher),15,FC,0.533,0.6,,,,,,,,,,
694753,Khristian Curtis,PIT,R,Behind (Pitcher),38,FF,0.474,0.289,,,,,,,,,,
694753,Khristian Curtis,PIT,R,Even,48,FC,0.396,0.438,,,,,,,,,,
694753,Khristian Curtis,PIT,R,Two-Strike,38,SL,0.342,0.632,19.0,5.0,1.0,0.294,0.529,0.387,0.263,0.167,0.417,86.8
489446,Kirby Yates,PIT,L,Ahead (Pitcher),65,FS,0.615,0.6,,,,,,,,,,
489446,Kirby Yates,PIT,L,Behind (Pitcher),152,FF,0.763,0.513,16.0,6.0,0.0,0.4,0.533,0.425,0.0,0.167,0.733,92.6
489446,Kirby Yates,PIT,L,Even,206,FF,0.621,0.359,11.0,2.0,0.0,0.222,0.333,0.235,0.0,0.256,0.455,85.5
489446,Kirby Yates,PIT,L,Two-Strike,172,FF,0.605,0.651,48.0,6.0,2.0,0.154,0.333,0.316,0.479,0.339,0.438,93.4
489446,Kirby Yates,PIT,R,Ahead (Pitcher),109,FS,0.514,0.459,,,,,,,,,,
489446,Kirby Yates,PIT,R,Behind (Pitcher),152,FF,0.743,0.52,11.0,1.0,0.0,0.125,0.25,0.305,0.0,0.276,0.5,93.8
489446,Kirby Yates,PIT,R,Even,292,FF,0.616,0.445,19.0,4.0,1.0,0.235,0.412,0.321,0.0,0.298,0.353,87.0
489446,Kirby Yates,PIT,R,Two-Strike,291,FF,0.574,0.608,53.0,8.0,0.0,0.174,0.196,0.222,0.472,0.22,0.455,93.0
673540,Kodai Senga,NYM,L,Ahead (Pitcher),166,FO,0.476,0.458,,,,,,,,,,
673540,Kodai Senga,NYM,L,Behind (Pitcher),489,FF,0.401,0.444,43.0,17.0,4.0,0.5,0.941,0.629,0.0,0.171,0.441,90.7
673540,Kodai Senga,NYM,L,Even,574,FF,0.321,0.329,29.0,10.0,1.0,0.345,0.69,0.433,0.0,0.186,0.414,88.0
673540,Kodai Senga,NYM,L,Two-Strike,419,FO,0.573,0.599,70.0,10.0,2.0,0.169,0.271,0.27,0.529,0.349,0.381,87.9
673540,Kodai Senga,NYM,R,Ahead (Pitcher),170,FO,0.324,0.435,11.0,4.0,1.0,0.444,1.0,0.618,0.0,0.2,0.556,91.9
673540,Kodai Senga,NYM,R,Behind (Pitcher),338,FF,0.435,0.441,27.0,8.0,4.0,0.444,1.167,0.676,0.0,0.123,0.444,90.4
673540,Kodai Senga,NYM,R,Even,497,FF,0.412,0.39,23.0,5.0,0.0,0.217,0.217,0.196,0.0,0.367,0.348,87.8
673540,Kodai Senga,NYM,R,Two-Strike,385,FO,0.506,0.551,73.0,5.0,2.0,0.086,0.224,0.236,0.507,0.333,0.227,86.8
681892,Kody Funderburk,MIN,L,Ahead (Pitcher),87,ST,0.345,0.391,,,,,,,,,,
681892,Kody Funderburk,MIN,L,Behind (Pitcher),203,SI,0.576,0.36,25.0,4.0,0.0,0.222,0.222,0.333,0.0,0.182,0.053,78.1
681892,Kody Funderburk,MIN,L,Even,274,SI,0.467,0.263,20.0,6.0,0.0,0.316,0.368,0.313,0.0,0.115,0.15,78.0
681892,Kody Funderburk,MIN,L,Two-Strike,215,ST,0.451,0.526,57.0,10.0,1.0,0.2,0.32,0.31,0.421,0.242,0.269,80.1
681892,Kody Funderburk,MIN,R,Ahead (Pitcher),109,FC,0.385,0.523,12.0,4.0,0.0,0.333,0.417,0.329,0.0,0.179,0.333,83.1
681892,Kody Funderburk,MIN,R,Behind (Pitcher),176,FC,0.466,0.432,20.0,8.0,1.0,0.471,0.647,0.52,0.0,0.167,0.529,91.6
681892,Kody Funderburk,MIN,R,Even,282,FC,0.355,0.394,17.0,3.0,0.0,0.2,0.2,0.181,0.0,0.241,0.353,81.5
681892,Kody Funderburk,MIN,R,Two-Strike,247,FC,0.352,0.583,60.0,7.0,1.0,0.149,0.213,0.263,0.383,0.246,0.36,85.1
684442,Kohl Drake,AZ,L,Ahead (Pitcher),18,SL,0.389,0.556,,,,,,,,,,
684442,Kohl Drake,AZ,L,Behind (Pitcher),30,FF,0.567,0.367,,,,,,,,,,
684442,Kohl Drake,AZ,L,Even,42,FF,0.405,0.333,,,,,,,,,,
684442,Kohl Drake,AZ,L,Two-Strike,51,CU,0.314,0.588,21.0,5.0,1.0,0.25,0.45,0.317,0.143,0.033,0.353,91.0
684442,Kohl Drake,AZ,R,Ahead (Pitcher),31,FF,0.387,0.29,,,,,,,,,,
684442,Kohl Drake,AZ,R,Behind (Pitcher),54,FF,0.611,0.426,12.0,4.0,0.0,0.571,0.714,0.562,0.0,0.261,0.25,77.1
684442,Kohl Drake,AZ,R,Even,94,FF,0.383,0.394,21.0,8.0,2.0,0.4,0.85,0.531,0.0,0.216,0.5,88.1
684442,Kohl Drake,AZ,R,Two-Strike,62,FF,0.5,0.532,27.0,1.0,0.0,0.04,0.08,0.098,0.519,0.273,0.545,90.1
663465,Kolby Allard,CLE,L,Ahead (Pitcher),56,SI,0.286,0.554,,,,,,,,,,
663465,Kolby Allard,CLE,L,Behind (Pitcher),77,SI,0.338,0.455,,,,,,,,,,
663465,Kolby Allard,CLE,L,Even,148,FF,0.318,0.365,,,,,,,,,,
663465,Kolby Allard,CLE,L,Two-Strike,108,FF,0.38,0.648,10.0,2.0,0.0,0.2,0.3,0.215,0.4,0.133,0.167,83.5
663465,Kolby Allard,CLE,R,Ahead (Pitcher),109,FF,0.376,0.505,,,,,,,,,,
663465,Kolby Allard,CLE,R,Behind (Pitcher),153,FF,0.425,0.497,,,,,,,,,,
663465,Kolby Allard,CLE,R,Even,290,FF,0.372,0.338,,,,,,,,,,
663465,Kolby Allard,CLE,R,Two-Strike,252,FF,0.444,0.643,19.0,8.0,1.0,0.444,0.778,0.529,0.263,0.069,0.538,92.3
663460,Kris Bubic,LAD,L,Ahead (Pitcher),76,ST,0.434,0.487,,,,,,,,,,
663460,Kris Bubic,LAD,L,Behind (Pitcher),148,SI,0.318,0.405,15.0,3.0,0.0,0.25,0.25,0.32,0.0,0.182,0.5,86.3
663460,Kris Bubic,LAD,L,Even,215,SL,0.293,0.377,10.0,2.0,0.0,0.25,0.375,0.355,0.0,0.276,0.25,81.9
663460,Kris Bubic,LAD,L,Two-Strike,181,ST,0.354,0.646,29.0,3.0,1.0,0.115,0.308,0.228,0.483,0.219,0.167,86.6
663460,Kris Bubic,LAD,R,Ahead (Pitcher),271,FF,0.391,0.491,,,,,,,,,,
663460,Kris Bubic,LAD,R,Behind (Pitcher),444,FF,0.421,0.414,35.0,10.0,1.0,0.37,0.667,0.499,0.0,0.164,0.667,96.5
663460,Kris Bubic,LAD,R,Even,754,FF,0.459,0.407,33.0,6.0,0.0,0.182,0.212,0.174,0.0,0.247,0.242,86.5
663460,Kris Bubic,LAD,R,Two-Strike,581,FF,0.43,0.635,90.0,11.0,2.0,0.141,0.231,0.242,0.456,0.22,0.368,90.3
677958,Kumar Rocker,TEX,L,Ahead (Pitcher),253,SL,0.308,0.458,28.0,7.0,2.0,0.25,0.536,0.329,0.0,0.278,0.379,88.7
677958,Kumar Rocker,TEX,L,Behind (Pitcher),504,SI,0.361,0.494,91.0,33.0,7.0,0.465,0.873,0.596,0.0,0.143,0.507,92.5
677958,Kumar Rocker,TEX,L,Even,730,SL,0.275,0.36,54.0,22.0,4.0,0.407,0.704,0.474,0.0,0.268,0.463,91.3
677958,Kumar Rocker,TEX,L,Two-Strike,589,SL,0.416,0.616,183.0,26.0,1.0,0.159,0.22,0.212,0.404,0.253,0.402,90.1
677958,Kumar Rocker,TEX,R,Ahead (Pitcher),189,SI,0.392,0.545,29.0,7.0,1.0,0.241,0.414,0.279,0.0,0.239,0.276,85.2
677958,Kumar Rocker,TEX,R,Behind (Pitcher),346,SI,0.494,0.436,67.0,14.0,1.0,0.269,0.423,0.404,0.0,0.202,0.415,87.5
677958,Kumar Rocker,TEX,R,Even,542,SI,0.378,0.387,51.0,18.0,2.0,0.375,0.583,0.465,0.0,0.281,0.375,87.5
677958,Kumar Rocker,TEX,R,Two-Strike,403,SL,0.469,0.658,124.0,17.0,2.0,0.149,0.237,0.205,0.484,0.281,0.296,85.0
679775,Kyle Backhus,PHI,L,Ahead (Pitcher),47,SI,0.511,0.468,,,,,,,,,,
679775,Kyle Backhus,PHI,L,Behind (Pitcher),49,SI,0.857,0.306,10.0,3.0,0.0,0.375,0.375,0.41,0.0,0.091,0.375,88.3
679775,Kyle Backhus,PHI,L,Even,103,SI,0.631,0.311,,,,,,,,,,
679775,Kyle Backhus,PHI,L,Two-Strike,94,ST,0.5,0.574,22.0,5.0,0.0,0.238,0.333,0.268,0.364,0.231,0.308,80.5
679775,Kyle Backhus,PHI,R,Ahead (Pitcher),60,SI,0.533,0.55,,,,,,,,,,
679775,Kyle Backhus,PHI,R,Behind (Pitcher),115,SI,0.67,0.522,,,,,,,,,,
679775,Kyle Backhus,PHI,R,Even,178,SI,0.59,0.27,,,,,,,,,,
679775,Kyle Backhus,PHI,R,Two-Strike,138,SI,0.565,0.587,31.0,6.0,1.0,0.222,0.333,0.277,0.387,0.229,0.375,88.5
680694,Kyle Bradish,BAL,L,Ahead (Pitcher),202,CU,0.381,0.465,34.0,11.0,0.0,0.324,0.5,0.353,0.0,0.247,0.353,87.8
680694,Kyle Bradish,BAL,L,Behind (Pitcher),468,SI,0.361,0.423,88.0,25.0,3.0,0.333,0.573,0.432,0.0,0.154,0.373,88.5
680694,Kyle Bradish,BAL,L,Even,664,FF,0.36,0.393,88.0,36.0,3.0,0.414,0.586,0.448,0.0,0.208,0.371,87.3
680694,Kyle Bradish,BAL,L,Two-Strike,534,SI,0.395,0.558,195.0,24.0,6.0,0.147,0.307,0.279,0.441,0.227,0.456,89.6
680694,Kyle Bradish,BAL,R,Ahead (Pitcher),154,SL,0.519,0.558,31.0,7.0,0.0,0.226,0.29,0.226,0.0,0.265,0.226,82.5
680694,Kyle Bradish,BAL,R,Behind (Pitcher),265,SI,0.547,0.392,46.0,13.0,3.0,0.406,0.781,0.568,0.0,0.272,0.594,95.6
680694,Kyle Bradish,BAL,R,Even,447,SI,0.443,0.336,44.0,13.0,3.0,0.317,0.585,0.393,0.0,0.304,0.442,87.5
680694,Kyle Bradish,BAL,R,Two-Strike,390,SL,0.397,0.567,137.0,26.0,2.0,0.211,0.293,0.277,0.409,0.199,0.31,86.0
640448,Kyle Finnegan,DET,L,Ahead (Pitcher),122,FF,0.549,0.5,12.0,5.0,1.0,0.455,0.818,0.559,0.0,0.233,0.417,80.3
640448,Kyle Finnegan,DET,L,Behind (Pitcher),208,FF,0.601,0.385,23.0,8.0,1.0,0.571,0.929,0.635,0.0,0.277,0.467,92.0
640448,Kyle Finnegan,DET,L,Even,328,FF,0.573,0.387,26.0,9.0,1.0,0.36,0.52,0.406,0.0,0.313,0.44,87.7
640448,Kyle Finnegan,DET,L,Two-Strike,304,FS,0.513,0.648,64.0,8.0,1.0,0.14,0.211,0.226,0.312,0.178,0.297,85.4
640448,Kyle Finnegan,DET,R,Ahead (Pitcher),133,FF,0.444,0.549,12.0,7.0,2.0,0.583,1.25,0.767,0.0,0.229,0.667,97.7
640448,Kyle Finnegan,DET,R,Behind (Pitcher),212,FF,0.623,0.443,32.0,12.0,1.0,0.545,0.818,0.623,0.0,0.192,0.5,90.4
640448,Kyle Finnegan,DET,R,Even,348,FF,0.589,0.414,29.0,7.0,1.0,0.241,0.414,0.31,0.0,0.318,0.552,90.3
640448,Kyle Finnegan,DET,R,Two-Strike,264,FF,0.485,0.545,73.0,11.0,2.0,0.175,0.27,0.262,0.37,0.193,0.417,91.7
607536,Kyle Freeland,COL,L,Ahead (Pitcher),160,ST,0.35,0.556,15.0,3.0,0.0,0.2,0.2,0.18,0.0,0.357,0.267,88.4
607536,Kyle Freeland,COL,L,Behind (Pitcher),178,FF,0.315,0.472,21.0,4.0,0.0,0.222,0.278,0.288,0.0,0.19,0.222,90.1
607536,Kyle Freeland,COL,L,Even,409,FF,0.315,0.435,47.0,16.0,3.0,0.364,0.682,0.444,0.0,0.17,0.378,86.0
607536,Kyle Freeland,COL,L,Two-Strike,300,KC,0.317,0.637,76.0,19.0,0.0,0.264,0.333,0.285,0.421,0.233,0.333,86.2
607536,Kyle Freeland,COL,R,Ahead (Pitcher),519,KC,0.224,0.534,55.0,24.0,3.0,0.444,0.704,0.514,0.0,0.227,0.519,91.8
607536,Kyle Freeland,COL,R,Behind (Pitcher),675,FF,0.356,0.517,74.0,25.0,5.0,0.391,0.766,0.54,0.0,0.169,0.547,92.6
607536,Kyle Freeland,COL,R,Even,1363,FF,0.304,0.417,96.0,41.0,12.0,0.427,0.927,0.591,0.0,0.2,0.474,91.7
607536,Kyle Freeland,COL,R,Two-Strike,1011,KC,0.359,0.605,209.0,38.0,4.0,0.198,0.339,0.268,0.354,0.198,0.437,90.3
690986,Kyle Harrison,MIL,L,Ahead (Pitcher),111,FF,0.495,0.523,13.0,5.0,0.0,0.385,0.462,0.373,0.0,0.244,0.154,83.8
690986,Kyle Harrison,MIL,L,Behind (Pitcher),121,FF,0.711,0.43,17.0,4.0,0.0,0.267,0.267,0.294,0.0,0.15,0.267,84.1
690986,Kyle Harrison,MIL,L,Even,268,FF,0.59,0.392,26.0,9.0,1.0,0.36,0.6,0.438,0.0,0.292,0.375,85.3
690986,Kyle Harrison,MIL,L,Two-Strike,268,FF,0.537,0.593,87.0,15.0,0.0,0.181,0.241,0.218,0.448,0.233,0.25,84.7
690986,Kyle Harrison,MIL,R,Ahead (Pitcher),234,FF,0.479,0.462,24.0,9.0,2.0,0.391,0.696,0.444,0.0,0.289,0.417,88.4
690986,Kyle Harrison,MIL,R,Behind (Pitcher),390,FF,0.597,0.438,54.0,20.0,5.0,0.513,0.949,0.656,0.0,0.301,0.553,94.8
690986,Kyle Harrison,MIL,R,Even,659,FF,0.546,0.385,65.0,24.0,6.0,0.375,0.688,0.469,0.0,0.284,0.391,91.2
690986,Kyle Harrison,MIL,R,Two-Strike,619,FF,0.609,0.624,213.0,34.0,6.0,0.175,0.325,0.272,0.46,0.222,0.427,89.4
606996,Kyle Hart,SD,L,Ahead (Pitcher),95,ST,0.495,0.4,,,,,,,,,,
606996,Kyle Hart,SD,L,Behind (Pitcher),132,SI,0.288,0.409,19.0,6.0,2.0,0.375,0.938,0.566,0.0,0.161,0.375,91.2
606996,Kyle Hart,SD,L,Even,246,SI,0.305,0.402,31.0,7.0,1.0,0.25,0.357,0.293,0.0,0.25,0.2,79.2
606996,Kyle Hart,SD,L,Two-Strike,189,ST,0.455,0.587,61.0,8.0,1.0,0.14,0.263,0.205,0.393,0.139,0.294,85.2
606996,Kyle Hart,SD,R,Ahead (Pitcher),134,FS,0.351,0.403,,,,,,,,,,
606996,Kyle Hart,SD,R,Behind (Pitcher),236,SI,0.36,0.39,28.0,7.0,0.0,0.35,0.5,0.438,0.0,0.125,0.364,91.9
606996,Kyle Hart,SD,R,Even,388,ST,0.302,0.338,23.0,6.0,0.0,0.261,0.348,0.304,0.0,0.312,0.217,82.7
606996,Kyle Hart,SD,R,Two-Strike,315,FS,0.311,0.556,81.0,12.0,1.0,0.174,0.261,0.255,0.407,0.196,0.378,88.5
543309,Kyle Higashioka,TEX,R,Behind (Pitcher),18,EP,0.778,0.333,,,,,,,,,,
543309,Kyle Higashioka,TEX,R,Even,19,EP,0.579,0.368,,,,,,,,,,
669165,Kyle Hurt,LAD,L,Ahead (Pitcher),41,FF,0.537,0.585,10.0,2.0,0.0,0.2,0.2,0.27,0.0,0.167,0.4,91.0
669165,Kyle Hurt,LAD,L,Behind (Pitcher),68,FF,0.588,0.441,11.0,2.0,0.0,0.222,0.333,0.395,0.0,0.333,0.375,89.8
669165,Kyle Hurt,LAD,L,Even,114,FF,0.491,0.465,19.0,5.0,1.0,0.278,0.444,0.341,0.0,0.245,0.444,88.9
669165,Kyle Hurt,LAD,L,Two-Strike,97,FF,0.649,0.67,45.0,6.0,2.0,0.158,0.342,0.286,0.511,0.292,0.4,88.5
669165,Kyle Hurt,LAD,R,Ahead (Pitcher),54,FF,0.519,0.519,10.0,4.0,1.0,0.4,0.8,0.505,0.0,0.321,0.7,94.0
669165,Kyle Hurt,LAD,R,Behind (Pitcher),101,FF,0.614,0.495,21.0,7.0,0.0,0.467,0.667,0.55,0.0,0.28,0.533,94.4
669165,Kyle Hurt,LAD,R,Even,152,FF,0.493,0.395,21.0,5.0,0.0,0.25,0.3,0.35,0.0,0.433,0.15,82.7
669165,Kyle Hurt,LAD,R,Two-Strike,119,FF,0.529,0.622,62.0,7.0,1.0,0.127,0.2,0.215,0.565,0.351,0.4,89.0
681517,Kyle Leahy,STL,L,Ahead (Pitcher),230,FF,0.396,0.439,28.0,9.0,1.0,0.321,0.429,0.329,0.0,0.217,0.286,84.8
681517,Kyle Leahy,STL,L,Behind (Pitcher),418,FF,0.361,0.455,67.0,21.0,2.0,0.375,0.625,0.472,0.0,0.157,0.536,92.3
681517,Kyle Leahy,STL,L,Even,692,FF,0.371,0.376,66.0,29.0,5.0,0.446,0.754,0.516,0.0,0.211,0.439,91.6
681517,Kyle Leahy,STL,L,Two-Strike,498,CU,0.313,0.514,157.0,29.0,1.0,0.215,0.274,0.282,0.414,0.227,0.586,94.8
681517,Kyle Leahy,STL,R,Ahead (Pitcher),271,ST,0.358,0.509,26.0,4.0,1.0,0.167,0.333,0.21,0.0,0.159,0.462,87.2
681517,Kyle Leahy,STL,R,Behind (Pitcher),284,SL,0.377,0.507,39.0,11.0,2.0,0.306,0.528,0.392,0.0,0.148,0.429,89.6
681517,Kyle Leahy,STL,R,Even,650,SL,0.342,0.432,51.0,12.0,1.0,0.245,0.367,0.281,0.0,0.235,0.449,90.1
681517,Kyle Leahy,STL,R,Two-Strike,600,ST,0.288,0.593,154.0,29.0,2.0,0.199,0.315,0.261,0.409,0.201,0.444,89.7
693312,Kyle Nicolas,CIN,L,Ahead (Pitcher),40,FF,0.475,0.55,,,,,,,,,,
693312,Kyle Nicolas,CIN,L,Behind (Pitcher),109,FF,0.633,0.284,,,,,,,,,,
693312,Kyle Nicolas,CIN,L,Even,113,FF,0.575,0.327,,,,,,,,,,
693312,Kyle Nicolas,CIN,L,Two-Strike,96,FF,0.521,0.604,10.0,4.0,0.0,0.444,0.444,0.43,0.5,0.111,0.25,87.3
693312,Kyle Nicolas,CIN,R,Ahead (Pitcher),56,SL,0.393,0.375,,,,,,,,,,
693312,Kyle Nicolas,CIN,R,Behind (Pitcher),132,FF,0.614,0.432,13.0,2.0,1.0,0.286,0.714,0.546,0.0,0.235,0.143,86.2
693312,Kyle Nicolas,CIN,R,Even,179,SL,0.408,0.38,,,,,,,,,,
693312,Kyle Nicolas,CIN,R,Two-Strike,125,FF,0.392,0.6,10.0,0.0,0.0,0.0,0.0,0.21,0.2,0.143,0.333,84.9
669199,Lake Bachar,PIT,L,Ahead (Pitcher),177,FF,0.294,0.48,17.0,10.0,1.0,0.588,1.0,0.676,0.0,0.288,0.471,86.2
669199,Lake Bachar,PIT,L,Behind (Pitcher),324,FF,0.37,0.377,43.0,10.0,2.0,0.345,0.586,0.48,0.0,0.278,0.4,89.2
669199,Lake Bachar,PIT,L,Even,475,FF,0.383,0.36,31.0,6.0,2.0,0.207,0.448,0.302,0.0,0.255,0.379,88.2
669199,Lake Bachar,PIT,L,Two-Strike,422,FF,0.303,0.536,108.0,12.0,1.0,0.125,0.167,0.191,0.481,0.256,0.302,88.1
669199,Lake Bachar,PIT,R,Ahead (Pitcher),152,FF,0.27,0.493,13.0,3.0,1.0,0.231,0.462,0.292,0.0,0.25,0.308,86.3
669199,Lake Bachar,PIT,R,Behind (Pitcher),257,FF,0.451,0.459,30.0,5.0,1.0,0.227,0.409,0.362,0.0,0.232,0.391,89.3
669199,Lake Bachar,PIT,R,Even,420,FF,0.307,0.39,26.0,7.0,3.0,0.269,0.615,0.369,0.0,0.388,0.308,89.3
669199,Lake Bachar,PIT,R,Two-Strike,347,ST,0.334,0.591,83.0,8.0,2.0,0.105,0.184,0.172,0.446,0.275,0.256,87.0
621121,Lance Mccullers,MIL,L,Ahead (Pitcher),106,CH,0.302,0.349,,,,,,,,,,
621121,Lance Mccullers,MIL,L,Behind (Pitcher),279,CH,0.258,0.358,20.0,4.0,1.0,0.308,0.692,0.515,0.0,0.26,0.308,88.8
621121,Lance Mccullers,MIL,L,Even,368,FC,0.245,0.348,27.0,9.0,4.0,0.333,0.926,0.548,0.0,0.273,0.481,88.4
621121,Lance Mccullers,MIL,L,Two-Strike,279,KC,0.398,0.559,66.0,9.0,0.0,0.161,0.179,0.248,0.515,0.264,0.636,92.5
621121,Lance Mccullers,MIL,R,Ahead (Pitcher),104,SI,0.413,0.433,,,,,,,,,,
621121,Lance Mccullers,MIL,R,Behind (Pitcher),223,SI,0.448,0.39,17.0,5.0,1.0,0.417,0.833,0.576,0.0,0.143,0.5,92.6
621121,Lance Mccullers,MIL,R,Even,316,SI,0.509,0.304,13.0,3.0,0.0,0.25,0.417,0.315,0.0,0.188,0.417,91.3
621121,Lance Mccullers,MIL,R,Two-Strike,265,ST,0.411,0.525,38.0,7.0,1.0,0.219,0.375,0.324,0.368,0.239,0.556,93.5
694738,Landen Roupp,SF,L,Ahead (Pitcher),312,CH,0.314,0.394,27.0,7.0,0.0,0.269,0.308,0.298,0.0,0.187,0.259,83.9
694738,Landen Roupp,SF,L,Behind (Pitcher),666,SI,0.486,0.396,92.0,14.0,1.0,0.222,0.349,0.38,0.0,0.218,0.431,88.4
694738,Landen Roupp,SF,L,Even,925,SI,0.362,0.312,63.0,21.0,1.0,0.339,0.452,0.365,0.0,0.224,0.339,83.1
694738,Landen Roupp,SF,L,Two-Strike,749,CH,0.319,0.607,210.0,29.0,3.0,0.158,0.257,0.255,0.395,0.212,0.245,84.4
694738,Landen Roupp,SF,R,Ahead (Pitcher),229,CU,0.397,0.415,17.0,8.0,2.0,0.471,0.824,0.553,0.0,0.377,0.294,85.6
694738,Landen Roupp,SF,R,Behind (Pitcher),471,SI,0.569,0.372,56.0,13.0,2.0,0.295,0.545,0.429,0.0,0.192,0.391,86.2
694738,Landen Roupp,SF,R,Even,682,SI,0.453,0.342,50.0,11.0,0.0,0.229,0.333,0.283,0.0,0.248,0.184,84.6
694738,Landen Roupp,SF,R,Two-Strike,534,CU,0.485,0.622,142.0,23.0,2.0,0.178,0.248,0.242,0.415,0.234,0.257,84.6
689017,Landon Knack,LAD,L,Ahead (Pitcher),71,CH,0.451,0.437,,,,,,,,,,
689017,Landon Knack,LAD,L,Behind (Pitcher),104,FF,0.567,0.433,,,,,,,,,,
689017,Landon Knack,LAD,L,Even,183,FF,0.514,0.393,,,,,,,,,,
689017,Landon Knack,LAD,L,Two-Strike,189,CH,0.402,0.556,16.0,2.0,0.0,0.143,0.286,0.3,0.312,0.125,0.222,84.6
689017,Landon Knack,LAD,R,Ahead (Pitcher),49,SL,0.388,0.571,,,,,,,,,,
689017,Landon Knack,LAD,R,Behind (Pitcher),86,FF,0.616,0.512,,,,,,,,,,
689017,Landon Knack,LAD,R,Even,135,FF,0.533,0.304,,,,,,,,,,
689017,Landon Knack,LAD,R,Two-Strike,113,FF,0.407,0.549,,,,,,,,,,
681751,Lazaro Estrada,TOR,L,Ahead (Pitcher),16,FF,0.438,0.562,,,,,,,,,,
681751,Lazaro Estrada,TOR,L,Behind (Pitcher),46,FF,0.696,0.326,,,,,,,,,,
681751,Lazaro Estrada,TOR,L,Even,51,FF,0.451,0.235,,,,,,,,,,
681751,Lazaro Estrada,TOR,L,Two-Strike,37,FF,0.622,0.568,13.0,1.0,0.0,0.091,0.091,0.177,0.462,0.188,0.4,83.2
681751,Lazaro Estrada,TOR,R,Ahead (Pitcher),31,SL,0.581,0.581,,,,,,,,,,
681751,Lazaro Estrada,TOR,R,Behind (Pitcher),36,FF,0.444,0.444,,,,,,,,,,
681751,Lazaro Estrada,TOR,R,Even,71,SL,0.507,0.423,,,,,,,,,,
681751,Lazaro Estrada,TOR,R,Two-Strike,64,FF,0.453,0.641,15.0,1.0,1.0,0.077,0.308,0.227,0.2,0.0,0.4,87.8
671106,Logan Allen,CLE,L,Ahead (Pitcher),87,ST,0.448,0.483,,,,,,,,,,
671106,Logan Allen,CLE,L,Behind (Pitcher),135,SI,0.385,0.481,,,,,,,,,,
671106,Logan Allen,CLE,L,Even,239,SI,0.364,0.364,,,,,,,,,,
671106,Logan Allen,CLE,L,Two-Strike,220,ST,0.423,0.55,15.0,2.0,0.0,0.2,0.2,0.353,0.333,0.15,0.4,96.3
671106,Logan Allen,CLE,R,Ahead (Pitcher),297,FF,0.327,0.38,,,,,,,,,,
671106,Logan Allen,CLE,R,Behind (Pitcher),558,FF,0.346,0.409,11.0,3.0,1.0,0.3,0.7,0.441,0.0,0.15,0.7,97.3
671106,Logan Allen,CLE,R,Even,839,FF,0.372,0.344,,,,,,,,,,
671106,Logan Allen,CLE,R,Two-Strike,663,FF,0.342,0.611,27.0,5.0,0.0,0.185,0.185,0.2,0.407,0.2,0.5,89.7
669302,Logan Gilbert,SEA,L,Ahead (Pitcher),371,FF,0.315,0.426,29.0,8.0,2.0,0.286,0.536,0.383,0.0,0.319,0.37,85.8
669302,Logan Gilbert,SEA,L,Behind (Pitcher),491,FF,0.454,0.456,65.0,16.0,5.0,0.308,0.712,0.478,0.0,0.285,0.462,90.0
669302,Logan Gilbert,SEA,L,Even,968,FF,0.501,0.459,80.0,28.0,5.0,0.368,0.671,0.449,0.0,0.3,0.41,87.4
669302,Logan Gilbert,SEA,L,Two-Strike,934,FS,0.39,0.606,233.0,26.0,2.0,0.121,0.163,0.173,0.524,0.264,0.394,88.4
669302,Logan Gilbert,SEA,R,Ahead (Pitcher),330,FF,0.406,0.494,27.0,5.0,1.0,0.185,0.333,0.22,0.0,0.345,0.259,85.1
669302,Logan Gilbert,SEA,R,Behind (Pitcher),366,SL,0.473,0.549,53.0,17.0,6.0,0.37,0.87,0.569,0.0,0.235,0.489,90.9
669302,Logan Gilbert,SEA,R,Even,840,FF,0.511,0.425,77.0,27.0,6.0,0.36,0.667,0.432,0.0,0.265,0.481,91.6
669302,Logan Gilbert,SEA,R,Two-Strike,786,FS,0.382,0.571,176.0,26.0,2.0,0.162,0.256,0.237,0.426,0.265,0.365,86.5
701656,Logan Henderson,MIL,L,Ahead (Pitcher),169,FF,0.456,0.479,16.0,3.0,0.0,0.188,0.312,0.212,0.0,0.254,0.312,87.7
701656,Logan Henderson,MIL,L,Behind (Pitcher),218,FF,0.477,0.486,27.0,6.0,3.0,0.316,0.842,0.543,0.0,0.207,0.632,96.5
701656,Logan Henderson,MIL,L,Even,434,FF,0.449,0.452,55.0,14.0,5.0,0.259,0.611,0.379,0.0,0.27,0.415,87.6
701656,Logan Henderson,MIL,L,Two-Strike,462,FF,0.504,0.647,146.0,17.0,2.0,0.123,0.196,0.174,0.5,0.22,0.369,87.1
701656,Logan Henderson,MIL,R,Ahead (Pitcher),94,FF,0.436,0.543,13.0,6.0,1.0,0.462,0.846,0.554,0.0,0.306,0.385,88.6
701656,Logan Henderson,MIL,R,Behind (Pitcher),86,FF,0.407,0.616,15.0,5.0,0.0,0.357,0.429,0.37,0.0,0.273,0.357,87.7
701656,Logan Henderson,MIL,R,Even,232,FF,0.435,0.422,25.0,4.0,1.0,0.16,0.32,0.202,0.0,0.189,0.2,86.3
701656,Logan Henderson,MIL,R,Two-Strike,220,FF,0.509,0.618,76.0,9.0,2.0,0.123,0.219,0.168,0.487,0.208,0.306,84.1
701121,Logan Vanwey,HOU,L,Ahead (Pitcher),19,FF,0.684,0.579,,,,,,,,,,
701121,Logan Vanwey,HOU,L,Behind (Pitcher),23,FF,0.739,0.522,,,,,,,,,,
701121,Logan Vanwey,HOU,L,Even,55,FF,0.673,0.418,,,,,,,,,,
701121,Logan Vanwey,HOU,L,Two-Strike,45,FF,0.556,0.756,11.0,3.0,0.0,0.273,0.273,0.245,0.364,0.158,0.429,85.3
701121,Logan Vanwey,HOU,R,Ahead (Pitcher),24,FF,0.5,0.208,,,,,,,,,,
701121,Logan Vanwey,HOU,R,Behind (Pitcher),42,FF,0.524,0.5,,,,,,,,,,
701121,Logan Vanwey,HOU,R,Even,70,ST,0.414,0.3,,,,,,,,,,
701121,Logan Vanwey,HOU,R,Two-Strike,48,FF,0.458,0.625,11.0,1.0,0.0,0.1,0.1,0.082,0.273,0.188,0.25,87.4
657277,Logan Webb,SF,L,Ahead (Pitcher),424,CH,0.259,0.474,40.0,9.0,2.0,0.231,0.513,0.319,0.0,0.16,0.41,88.1
657277,Logan Webb,SF,L,Behind (Pitcher),601,SI,0.296,0.449,63.0,15.0,1.0,0.294,0.392,0.374,0.0,0.229,0.5,89.0
657277,Logan Webb,SF,L,Even,1141,ST,0.303,0.38,91.0,32.0,3.0,0.368,0.575,0.443,0.0,0.179,0.372,85.3
657277,Logan Webb,SF,L,Two-Strike,943,CH,0.415,0.581,201.0,34.0,2.0,0.182,0.241,0.23,0.393,0.177,0.312,87.5
657277,Logan Webb,SF,R,Ahead (Pitcher),374,SI,0.433,0.455,26.0,8.0,0.0,0.308,0.385,0.304,0.0,0.25,0.5,93.3
657277,Logan Webb,SF,R,Behind (Pitcher),485,SI,0.602,0.46,57.0,17.0,2.0,0.378,0.511,0.442,0.0,0.184,0.478,90.2
657277,Logan Webb,SF,R,Even,976,SI,0.491,0.371,58.0,14.0,2.0,0.25,0.446,0.354,0.0,0.2,0.333,86.8
657277,Logan Webb,SF,R,Two-Strike,827,ST,0.254,0.582,130.0,18.0,1.0,0.15,0.208,0.203,0.415,0.2,0.379,87.4
642152,Lou Trivino,PHI,L,Ahead (Pitcher),47,CH,0.468,0.489,,,,,,,,,,
642152,Lou Trivino,PHI,L,Behind (Pitcher),138,FC,0.312,0.391,,,,,,,,,,
642152,Lou Trivino,PHI,L,Even,150,FC,0.32,0.293,,,,,,,,,,
642152,Lou Trivino,PHI,L,Two-Strike,120,CH,0.383,0.617,10.0,3.0,1.0,0.429,0.857,0.59,0.3,0.3,0.5,91.4
642152,Lou Trivino,PHI,R,Ahead (Pitcher),69,ST,0.377,0.522,,,,,,,,,,
642152,Lou Trivino,PHI,R,Behind (Pitcher),114,SI,0.412,0.447,,,,,,,,,,
642152,Lou Trivino,PHI,R,Even,187,SI,0.358,0.358,,,,,,,,,,
642152,Lou Trivino,PHI,R,Two-Strike,162,ST,0.37,0.623,,,,,,,,,,
686973,Louis Varland,TOR,L,Ahead (Pitcher),157,FF,0.471,0.503,19.0,5.0,0.0,0.263,0.316,0.255,0.0,0.295,0.368,82.2
686973,Louis Varland,TOR,L,Behind (Pitcher),205,FF,0.537,0.493,19.0,2.0,0.0,0.167,0.167,0.356,0.0,0.411,0.5,89.7
686973,Louis Varland,TOR,L,Even,414,FF,0.449,0.49,33.0,14.0,0.0,0.438,0.5,0.422,0.0,0.212,0.455,87.7
686973,Louis Varland,TOR,L,Two-Strike,336,FF,0.411,0.676,99.0,11.0,0.0,0.116,0.137,0.172,0.505,0.229,0.318,86.1
686973,Louis Varland,TOR,R,Ahead (Pitcher),161,FF,0.404,0.503,,,,,,,,,,
686973,Louis Varland,TOR,R,Behind (Pitcher),232,FF,0.478,0.44,14.0,3.0,0.0,0.25,0.25,0.293,0.0,0.255,0.25,86.6
686973,Louis Varland,TOR,R,Even,410,FF,0.354,0.427,28.0,8.0,0.0,0.286,0.357,0.346,0.0,0.19,0.286,85.1
686973,Louis Varland,TOR,R,Two-Strike,384,KC,0.492,0.578,84.0,11.0,1.0,0.149,0.203,0.218,0.512,0.291,0.433,86.6
668674,Lucas Erceg,KC,L,Ahead (Pitcher),115,CH,0.409,0.443,,,,,,,,,,
668674,Lucas Erceg,KC,L,Behind (Pitcher),224,FF,0.312,0.527,26.0,9.0,1.0,0.429,0.714,0.563,0.0,0.12,0.524,91.2
668674,Lucas Erceg,KC,L,Even,363,FF,0.388,0.391,29.0,11.0,2.0,0.407,0.778,0.49,0.0,0.271,0.286,88.9
668674,Lucas Erceg,KC,L,Two-Strike,274,FF,0.361,0.558,55.0,10.0,1.0,0.222,0.356,0.33,0.327,0.169,0.519,91.3
668674,Lucas Erceg,KC,R,Ahead (Pitcher),117,SL,0.419,0.564,,,,,,,,,,
668674,Lucas Erceg,KC,R,Behind (Pitcher),158,SI,0.601,0.462,17.0,5.0,1.0,0.417,0.667,0.494,0.0,0.143,0.462,90.5
668674,Lucas Erceg,KC,R,Even,291,SI,0.43,0.371,12.0,3.0,0.0,0.25,0.25,0.225,0.0,0.192,0.167,76.2
668674,Lucas Erceg,KC,R,Two-Strike,301,SL,0.415,0.545,59.0,14.0,0.0,0.304,0.348,0.38,0.254,0.145,0.387,83.5
608337,Lucas Giolito,SD,L,Ahead (Pitcher),178,FF,0.466,0.416,,,,,,,,,,
608337,Lucas Giolito,SD,L,Behind (Pitcher),333,FF,0.544,0.429,22.0,6.0,0.0,0.462,0.615,0.564,0.0,0.241,0.462,93.8
608337,Lucas Giolito,SD,L,Even,511,FF,0.566,0.376,13.0,4.0,1.0,0.308,0.615,0.388,0.0,0.179,0.231,78.9
608337,Lucas Giolito,SD,L,Two-Strike,439,FF,0.421,0.59,34.0,10.0,0.0,0.345,0.345,0.368,0.147,0.104,0.417,91.0
608337,Lucas Giolito,SD,R,Ahead (Pitcher),184,SL,0.391,0.467,,,,,,,,,,
608337,Lucas Giolito,SD,R,Behind (Pitcher),376,FF,0.479,0.46,19.0,3.0,0.0,0.214,0.214,0.374,0.0,0.265,0.5,87.2
608337,Lucas Giolito,SD,R,Even,521,FF,0.482,0.351,12.0,3.0,1.0,0.25,0.5,0.317,0.0,0.222,0.5,90.4
608337,Lucas Giolito,SD,R,Two-Strike,384,SL,0.396,0.591,32.0,6.0,2.0,0.222,0.444,0.347,0.406,0.25,0.571,94.0
608371,Lucas Sims,CWS,L,Ahead (Pitcher),21,ST,0.286,0.571,,,,,,,,,,
608371,Lucas Sims,CWS,L,Behind (Pitcher),43,FF,0.628,0.302,,,,,,,,,,
608371,Lucas Sims,CWS,L,Even,59,FF,0.576,0.254,,,,,,,,,,
608371,Lucas Sims,CWS,L,Two-Strike,55,ST,0.4,0.455,10.0,1.0,0.0,0.111,0.222,0.195,0.7,0.333,0.5,87.7
608371,Lucas Sims,CWS,R,Ahead (Pitcher),28,ST,0.536,0.607,,,,,,,,,,
608371,Lucas Sims,CWS,R,Behind (Pitcher),82,FF,0.463,0.341,,,,,,,,,,
608371,Lucas Sims,CWS,R,Even,97,FF,0.485,0.309,,,,,,,,,,
608371,Lucas Sims,CWS,R,Two-Strike,65,ST,0.492,0.523,12.0,3.0,0.0,0.273,0.364,0.341,0.25,0.077,0.429,85.7
679883,Luinder Avila,KC,L,Ahead (Pitcher),98,CH,0.337,0.449,16.0,3.0,0.0,0.2,0.2,0.169,0.0,0.282,0.625,94.7
679883,Luinder Avila,KC,L,Behind (Pitcher),212,FF,0.368,0.439,39.0,12.0,1.0,0.414,0.655,0.503,0.0,0.198,0.387,90.2
679883,Luinder Avila,KC,L,Even,311,FF,0.322,0.363,31.0,13.0,0.0,0.433,0.533,0.432,0.0,0.186,0.29,85.0
679883,Luinder Avila,KC,L,Two-Strike,239,FF,0.234,0.594,101.0,14.0,2.0,0.152,0.25,0.221,0.386,0.236,0.283,85.7
679883,Luinder Avila,KC,R,Ahead (Pitcher),77,SL,0.403,0.403,13.0,3.0,1.0,0.273,0.636,0.427,0.0,0.28,0.545,90.1
679883,Luinder Avila,KC,R,Behind (Pitcher),168,SI,0.446,0.321,29.0,7.0,1.0,0.412,0.706,0.611,0.0,0.108,0.467,93.9
679883,Luinder Avila,KC,R,Even,217,SI,0.364,0.323,18.0,9.0,2.0,0.529,1.059,0.679,0.0,0.345,0.333,81.6
679883,Luinder Avila,KC,R,Two-Strike,189,SL,0.407,0.524,63.0,9.0,0.0,0.176,0.235,0.293,0.349,0.171,0.241,85.0
622491,Luis Castillo,CWS,L,Ahead (Pitcher),367,FF,0.436,0.493,36.0,17.0,4.0,0.486,0.943,0.606,0.0,0.294,0.343,89.7
622491,Luis Castillo,CWS,L,Behind (Pitcher),559,FF,0.46,0.521,51.0,10.0,1.0,0.233,0.419,0.379,0.0,0.261,0.419,91.0
622491,Luis Castillo,CWS,L,Even,1007,FF,0.442,0.452,89.0,28.0,5.0,0.329,0.624,0.424,0.0,0.196,0.437,88.5
622491,Luis Castillo,CWS,L,Two-Strike,967,FF,0.512,0.595,163.0,33.0,7.0,0.231,0.413,0.339,0.337,0.161,0.448,89.6
622491,Luis Castillo,CWS,R,Ahead (Pitcher),349,FF,0.384,0.501,29.0,12.0,2.0,0.462,0.808,0.559,0.0,0.197,0.31,82.4
622491,Luis Castillo,CWS,R,Behind (Pitcher),444,FF,0.387,0.486,39.0,10.0,1.0,0.345,0.517,0.456,0.0,0.25,0.552,92.5
622491,Luis Castillo,CWS,R,Even,889,FF,0.38,0.43,38.0,12.0,2.0,0.324,0.541,0.4,0.0,0.303,0.421,90.8
622491,Luis Castillo,CWS,R,Two-Strike,778,FF,0.495,0.62,146.0,28.0,3.0,0.207,0.311,0.263,0.384,0.161,0.388,88.1
681168,Luis Curvelo,TEX,L,Ahead (Pitcher),38,FF,0.342,0.526,,,,,,,,,,
681168,Luis Curvelo,TEX,L,Behind (Pitcher),53,FF,0.623,0.377,,,,,,,,,,
681168,Luis Curvelo,TEX,L,Even,83,FF,0.446,0.398,,,,,,,,,,
681168,Luis Curvelo,TEX,L,Two-Strike,73,FF,0.438,0.63,12.0,2.0,0.0,0.167,0.25,0.254,0.167,0.067,0.4,83.9
681168,Luis Curvelo,TEX,R,Ahead (Pitcher),32,SL,0.5,0.594,,,,,,,,,,
681168,Luis Curvelo,TEX,R,Behind (Pitcher),72,SI,0.639,0.431,,,,,,,,,,
681168,Luis Curvelo,TEX,R,Even,99,SL,0.535,0.354,,,,,,,,,,
681168,Luis Curvelo,TEX,R,Two-Strike,74,SL,0.365,0.595,14.0,5.0,1.0,0.357,0.643,0.425,0.286,0.095,0.6,93.1
472610,Luis García,MIN,L,Ahead (Pitcher),66,FS,0.742,0.455,,,,,,,,,,
472610,Luis García,MIN,L,Behind (Pitcher),130,SI,0.577,0.477,,,,,,,,,,
472610,Luis García,MIN,L,Even,203,SI,0.424,0.369,10.0,3.0,0.0,0.333,0.333,0.34,0.0,0.261,0.444,88.2
472610,Luis García,MIN,L,Two-Strike,162,FS,0.605,0.679,20.0,3.0,1.0,0.176,0.412,0.313,0.15,0.071,0.25,87.7
472610,Luis García,MIN,R,Ahead (Pitcher),78,ST,0.615,0.641,,,,,,,,,,
472610,Luis García,MIN,R,Behind (Pitcher),127,SI,0.795,0.425,,,,,,,,,,
472610,Luis García,MIN,R,Even,213,SI,0.521,0.394,,,,,,,,,,
472610,Luis García,MIN,R,Two-Strike,175,ST,0.657,0.549,13.0,4.0,0.0,0.364,0.545,0.438,0.231,0.176,0.625,92.6
703725,Luis Gastelum,STL,L,Ahead (Pitcher),47,CH,0.511,0.532,,,,,,,,,,
703725,Luis Gastelum,STL,L,Behind (Pitcher),54,FF,0.407,0.481,14.0,2.0,0.0,0.182,0.182,0.279,0.0,0.269,0.364,86.1
703725,Luis Gastelum,STL,L,Even,111,CH,0.36,0.369,13.0,5.0,3.0,0.417,1.25,0.681,0.0,0.244,0.5,92.3
703725,Luis Gastelum,STL,L,Two-Strike,98,CH,0.622,0.571,45.0,6.0,1.0,0.143,0.238,0.199,0.533,0.357,0.389,87.8
703725,Luis Gastelum,STL,R,Ahead (Pitcher),33,ST,0.303,0.667,11.0,7.0,0.0,0.636,0.818,0.636,0.0,0.227,0.091,85.8
703725,Luis Gastelum,STL,R,Behind (Pitcher),64,ST,0.328,0.359,,,,,,,,,,
703725,Luis Gastelum,STL,R,Even,99,ST,0.323,0.364,12.0,2.0,1.0,0.2,0.6,0.329,0.0,0.5,0.182,85.1
703725,Luis Gastelum,STL,R,Two-Strike,66,CH,0.47,0.652,37.0,3.0,0.0,0.086,0.171,0.139,0.486,0.302,0.176,79.1
661563,Luis Gil,NYY,L,Ahead (Pitcher),86,FF,0.547,0.407,,,,,,,,,,
661563,Luis Gil,NYY,L,Behind (Pitcher),189,FF,0.561,0.376,10.0,1.0,1.0,0.125,0.5,0.34,0.0,0.125,0.625,94.9
661563,Luis Gil,NYY,L,Even,255,FF,0.639,0.349,,,,,,,,,,
661563,Luis Gil,NYY,L,Two-Strike,223,FF,0.516,0.578,29.0,6.0,0.0,0.25,0.292,0.319,0.276,0.093,0.375,86.3
661563,Luis Gil,NYY,R,Ahead (Pitcher),93,SL,0.366,0.441,,,,,,,,,,
661563,Luis Gil,NYY,R,Behind (Pitcher),146,FF,0.452,0.452,18.0,4.0,3.0,0.333,1.083,0.617,0.0,0.174,0.5,95.1
661563,Luis Gil,NYY,R,Even,248,FF,0.472,0.327,11.0,3.0,0.0,0.273,0.273,0.245,0.0,0.115,0.455,86.8
661563,Luis Gil,NYY,R,Two-Strike,185,FF,0.4,0.535,26.0,2.0,1.0,0.091,0.273,0.233,0.346,0.222,0.615,94.2
665622,Luis Medina,ATH,L,Ahead (Pitcher),57,CH,0.491,0.386,,,,,,,,,,
665622,Luis Medina,ATH,L,Behind (Pitcher),165,FF,0.442,0.339,31.0,10.0,3.0,0.435,0.957,0.643,0.0,0.143,0.5,93.9
665622,Luis Medina,ATH,L,Even,206,CU,0.364,0.306,29.0,7.0,0.0,0.269,0.346,0.266,0.0,0.365,0.286,89.2
665622,Luis Medina,ATH,L,Two-Strike,170,CH,0.365,0.594,80.0,9.0,0.0,0.129,0.186,0.206,0.588,0.386,0.391,89.4
665622,Luis Medina,ATH,R,Ahead (Pitcher),80,SL,0.375,0.525,20.0,8.0,0.0,0.421,0.474,0.412,0.0,0.238,0.45,87.4
665622,Luis Medina,ATH,R,Behind (Pitcher),169,SI,0.456,0.491,33.0,7.0,1.0,0.269,0.385,0.352,0.0,0.265,0.429,90.2
665622,Luis Medina,ATH,R,Even,235,SI,0.387,0.289,21.0,7.0,1.0,0.368,0.684,0.466,0.0,0.279,0.318,83.7
665622,Luis Medina,ATH,R,Two-Strike,185,FF,0.351,0.573,91.0,11.0,1.0,0.141,0.179,0.231,0.495,0.321,0.333,88.2
682825,Luis Mey,CIN,L,Ahead (Pitcher),53,SI,0.472,0.434,,,,,,,,,,
682825,Luis Mey,CIN,L,Behind (Pitcher),141,SI,0.837,0.34,21.0,6.0,1.0,0.462,0.692,0.576,0.0,0.258,0.538,93.3
682825,Luis Mey,CIN,L,Even,174,SI,0.603,0.345,16.0,7.0,1.0,0.5,0.929,0.572,0.0,0.238,0.667,97.3
682825,Luis Mey,CIN,L,Two-Strike,148,SI,0.561,0.588,41.0,5.0,0.0,0.132,0.158,0.17,0.585,0.327,0.308,89.3
682825,Luis Mey,CIN,R,Ahead (Pitcher),63,SL,0.524,0.429,,,,,,,,,,
682825,Luis Mey,CIN,R,Behind (Pitcher),133,SI,0.812,0.331,,,,,,,,,,
682825,Luis Mey,CIN,R,Even,186,SI,0.629,0.274,,,,,,,,,,
682825,Luis Mey,CIN,R,Two-Strike,148,SI,0.547,0.581,43.0,5.0,0.0,0.135,0.162,0.227,0.512,0.296,0.235,86.5
806960,Luis Morales,ATH,L,Ahead (Pitcher),54,FF,0.537,0.444,,,,,,,,,,
806960,Luis Morales,ATH,L,Behind (Pitcher),159,FF,0.503,0.377,10.0,1.0,1.0,0.333,1.333,0.69,0.0,0.25,0.333,97.4
806960,Luis Morales,ATH,L,Even,191,FF,0.476,0.335,,,,,,,,,,
806960,Luis Morales,ATH,L,Two-Strike,142,FF,0.486,0.592,16.0,2.0,0.0,0.167,0.167,0.288,0.375,0.185,0.167,78.3
806960,Luis Morales,ATH,R,Ahead (Pitcher),71,FF,0.394,0.423,,,,,,,,,,
806960,Luis Morales,ATH,R,Behind (Pitcher),150,FF,0.633,0.467,,,,,,,,,,
806960,Luis Morales,ATH,R,Even,222,FF,0.491,0.329,15.0,7.0,3.0,0.5,1.143,0.7,0.0,0.172,0.467,93.9
806960,Luis Morales,ATH,R,Two-Strike,178,FF,0.449,0.601,26.0,6.0,1.0,0.261,0.565,0.419,0.269,0.1,0.312,85.4
691384,Luis Perales,WSH,L,Behind (Pitcher),26,FC,0.423,0.231,,,,,,,,,,
691384,Luis Perales,WSH,L,Even,30,FC,0.4,0.5,,,,,,,,,,
691384,Luis Perales,WSH,L,Two-Strike,29,FS,0.69,0.621,10.0,1.0,0.0,0.111,0.111,0.16,0.7,0.333,0.5,95.1
691384,Luis Perales,WSH,R,Ahead (Pitcher),19,FS,0.474,0.632,,,,,,,,,,
691384,Luis Perales,WSH,R,Behind (Pitcher),29,FC,0.621,0.414,,,,,,,,,,
691384,Luis Perales,WSH,R,Even,51,FC,0.392,0.451,,,,,,,,,,
691384,Luis Perales,WSH,R,Two-Strike,56,FS,0.393,0.554,21.0,3.0,1.0,0.214,0.429,0.414,0.286,0.161,0.375,84.1
622663,Luis Severino,ATH,L,Ahead (Pitcher),238,FC,0.387,0.424,,,,,,,,,,
622663,Luis Severino,ATH,L,Behind (Pitcher),448,FC,0.297,0.458,26.0,10.0,1.0,0.5,0.85,0.604,0.0,0.169,0.65,96.8
622663,Luis Severino,ATH,L,Even,710,FF,0.276,0.4,28.0,13.0,1.0,0.481,0.778,0.577,0.0,0.186,0.37,89.9
622663,Luis Severino,ATH,L,Two-Strike,582,ST,0.325,0.581,89.0,11.0,2.0,0.145,0.224,0.238,0.416,0.137,0.308,85.8
622663,Luis Severino,ATH,R,Ahead (Pitcher),226,SI,0.394,0.553,,,,,,,,,,
622663,Luis Severino,ATH,R,Behind (Pitcher),415,SI,0.371,0.453,21.0,7.0,0.0,0.5,0.643,0.567,0.0,0.233,0.357,88.2
622663,Luis Severino,ATH,R,Even,662,FF,0.27,0.366,29.0,5.0,3.0,0.185,0.519,0.337,0.0,0.179,0.345,84.6
622663,Luis Severino,ATH,R,Two-Strike,540,ST,0.369,0.598,60.0,7.0,2.0,0.13,0.259,0.232,0.467,0.273,0.5,89.7
620443,Luis Torrens,NYM,L,Behind (Pitcher),16,FA,0.625,0.5,,,,,,,,,,
681432,Luke Little,CHC,L,Behind (Pitcher),17,FF,0.529,0.059,,,,,,,,,,
681432,Luke Little,CHC,R,Behind (Pitcher),15,FF,0.667,0.2,,,,,,,,,,
681432,Luke Little,CHC,R,Even,16,FF,0.625,0.25,,,,,,,,,,
681432,Luke Little,CHC,R,Two-Strike,21,FF,0.619,0.667,,,,,,,,,,
684665,Luke Murphy,LAA,L,Ahead (Pitcher),20,FF,0.4,0.4,,,,,,,,,,
684665,Luke Murphy,LAA,L,Behind (Pitcher),49,FF,0.51,0.449,,,,,,,,,,
684665,Luke Murphy,LAA,L,Even,65,FF,0.492,0.338,,,,,,,,,,
684665,Luke Murphy,LAA,L,Two-Strike,65,FF,0.615,0.662,27.0,4.0,0.0,0.167,0.25,0.237,0.333,0.14,0.4,87.5
684665,Luke Murphy,LAA,R,Behind (Pitcher),38,FF,0.684,0.289,,,,,,,,,,
684665,Luke Murphy,LAA,R,Even,53,FF,0.491,0.34,,,,,,,,,,
684665,Luke Murphy,LAA,R,Two-Strike,47,FF,0.574,0.511,17.0,1.0,0.0,0.062,0.062,0.147,0.529,0.167,0.333,86.6
596133,Luke Weaver,PIT,L,Ahead (Pitcher),147,CH,0.476,0.463,11.0,4.0,1.0,0.444,0.889,0.523,0.0,0.188,0.2,84.7
596133,Luke Weaver,PIT,L,Behind (Pitcher),192,FF,0.573,0.484,22.0,7.0,2.0,0.35,0.85,0.557,0.0,0.289,0.474,90.3
596133,Luke Weaver,PIT,L,Even,374,FF,0.583,0.476,23.0,9.0,1.0,0.409,0.591,0.484,0.0,0.322,0.435,88.2
596133,Luke Weaver,PIT,L,Two-Strike,308,FF,0.539,0.659,70.0,9.0,0.0,0.138,0.169,0.176,0.514,0.292,0.207,84.6
596133,Luke Weaver,PIT,R,Ahead (Pitcher),114,FF,0.439,0.456,,,,,,,,,,
596133,Luke Weaver,PIT,R,Behind (Pitcher),211,FF,0.602,0.455,19.0,3.0,0.0,0.214,0.286,0.392,0.0,0.261,0.714,97.9
596133,Luke Weaver,PIT,R,Even,327,FF,0.55,0.468,24.0,2.0,0.0,0.083,0.083,0.112,0.0,0.323,0.292,86.4
596133,Luke Weaver,PIT,R,Two-Strike,275,FF,0.567,0.636,61.0,4.0,0.0,0.073,0.091,0.122,0.443,0.198,0.276,86.3
680689,Lyon Richardson,MIL,L,Ahead (Pitcher),31,CH,0.613,0.452,,,,,,,,,,
680689,Lyon Richardson,MIL,L,Behind (Pitcher),99,CH,0.535,0.333,,,,,,,,,,
680689,Lyon Richardson,MIL,L,Even,100,CH,0.46,0.33,,,,,,,,,,
680689,Lyon Richardson,MIL,L,Two-Strike,78,CH,0.551,0.654,,,,,,,,,,
680689,Lyon Richardson,MIL,R,Ahead (Pitcher),45,CH,0.378,0.511,,,,,,,,,,
680689,Lyon Richardson,MIL,R,Behind (Pitcher),113,SI,0.513,0.248,,,,,,,,,,
680689,Lyon Richardson,MIL,R,Even,153,SI,0.51,0.288,,,,,,,,,,
680689,Lyon Richardson,MIL,R,Two-Strike,133,CH,0.376,0.534,,,,,,,,,,
669022,Mackenzie Gore,TEX,L,Ahead (Pitcher),181,FF,0.403,0.497,15.0,5.0,0.0,0.333,0.533,0.37,0.0,0.15,0.467,90.1
669022,Mackenzie Gore,TEX,L,Behind (Pitcher),312,FF,0.484,0.452,36.0,10.0,1.0,0.4,0.76,0.553,0.0,0.181,0.577,93.6
669022,Mackenzie Gore,TEX,L,Even,511,SL,0.427,0.397,42.0,12.0,0.0,0.293,0.341,0.29,0.0,0.214,0.366,85.6
669022,Mackenzie Gore,TEX,L,Two-Strike,455,SL,0.475,0.611,94.0,17.0,1.0,0.205,0.289,0.264,0.372,0.182,0.408,88.7
669022,Mackenzie Gore,TEX,R,Ahead (Pitcher),512,FF,0.488,0.477,37.0,7.0,3.0,0.2,0.457,0.311,0.0,0.305,0.389,86.2
669022,Mackenzie Gore,TEX,R,Behind (Pitcher),966,FF,0.68,0.484,118.0,33.0,5.0,0.351,0.617,0.464,0.0,0.18,0.4,89.8
669022,Mackenzie Gore,TEX,R,Even,1502,FF,0.511,0.394,94.0,39.0,6.0,0.429,0.747,0.499,0.0,0.253,0.398,88.3
669022,Mackenzie Gore,TEX,R,Two-Strike,1324,FF,0.402,0.6,302.0,36.0,3.0,0.132,0.201,0.203,0.46,0.264,0.407,87.7
655889,Manuel Rodríguez,TB,L,Ahead (Pitcher),20,FF,0.45,0.45,,,,,,,,,,
655889,Manuel Rodríguez,TB,L,Behind (Pitcher),45,SL,0.444,0.511,,,,,,,,,,
655889,Manuel Rodríguez,TB,L,Even,77,SL,0.468,0.481,,,,,,,,,,
655889,Manuel Rodríguez,TB,L,Two-Strike,44,SL,0.591,0.523,,,,,,,,,,
655889,Manuel Rodríguez,TB,R,Ahead (Pitcher),46,SL,0.543,0.522,,,,,,,,,,
655889,Manuel Rodríguez,TB,R,Behind (Pitcher),82,SI,0.622,0.512,,,,,,,,,,
655889,Manuel Rodríguez,TB,R,Even,130,SI,0.523,0.315,,,,,,,,,,
655889,Manuel Rodríguez,TB,R,Two-Strike,87,SL,0.678,0.678,,,,,,,,,,
594835,Marco Gonzales,TEX,L,Behind (Pitcher),18,FC,0.389,0.222,,,,,,,,,,
594835,Marco Gonzales,TEX,L,Even,18,SV,0.611,0.333,,,,,,,,,,
594835,Marco Gonzales,TEX,L,Two-Strike,19,SV,0.474,0.684,,,,,,,,,,
594835,Marco Gonzales,TEX,R,Even,21,FF,0.571,0.381,,,,,,,,,,
594835,Marco Gonzales,TEX,R,Two-Strike,19,CH,0.579,0.632,,,,,,,,,,
694397,Marco Raya,MIN,L,Behind (Pitcher),24,FF,0.542,0.333,,,,,,,,,,
694397,Marco Raya,MIN,L,Even,19,FF,0.421,0.211,,,,,,,,,,
643410,Mark Leiter,ATH,L,Ahead (Pitcher),115,FS,0.6,0.548,,,,,,,,,,
643410,Mark Leiter,ATH,L,Behind (Pitcher),178,SI,0.461,0.388,13.0,4.0,0.0,0.4,0.4,0.508,0.0,0.36,0.222,86.4
643410,Mark Leiter,ATH,L,Even,288,SI,0.417,0.351,16.0,5.0,0.0,0.312,0.375,0.303,0.0,0.239,0.375,91.6
643410,Mark Leiter,ATH,L,Two-Strike,241,FS,0.739,0.548,51.0,7.0,0.0,0.156,0.2,0.22,0.549,0.418,0.353,87.0
643410,Mark Leiter,ATH,R,Ahead (Pitcher),76,CU,0.382,0.474,,,,,,,,,,
643410,Mark Leiter,ATH,R,Behind (Pitcher),115,SI,0.635,0.504,17.0,3.0,0.0,0.2,0.2,0.273,0.0,0.0,0.462,85.7
643410,Mark Leiter,ATH,R,Even,218,SI,0.523,0.349,,,,,,,,,,
643410,Mark Leiter,ATH,R,Two-Strike,153,FS,0.601,0.595,26.0,7.0,0.0,0.292,0.333,0.283,0.385,0.214,0.2,86.0
815081,Mark Manfredi,COL,L,Behind (Pitcher),42,FF,0.595,0.381,,,,,,,,,,
815081,Mark Manfredi,COL,L,Even,50,FF,0.66,0.26,,,,,,,,,,
815081,Mark Manfredi,COL,L,Two-Strike,35,FF,0.686,0.543,15.0,5.0,0.0,0.333,0.667,0.417,0.467,0.105,0.75,94.1
815081,Mark Manfredi,COL,R,Ahead (Pitcher),15,FF,0.533,0.533,,,,,,,,,,
815081,Mark Manfredi,COL,R,Behind (Pitcher),32,FF,0.562,0.469,,,,,,,,,,
815081,Mark Manfredi,COL,R,Even,45,FF,0.578,0.289,,,,,,,,,,
815081,Mark Manfredi,COL,R,Two-Strike,37,FF,0.595,0.649,20.0,4.0,0.0,0.222,0.222,0.25,0.4,0.208,0.4,88.6
527048,Martín Pérez,ATL,L,Ahead (Pitcher),122,SI,0.533,0.5,13.0,3.0,0.0,0.231,0.231,0.208,0.0,0.143,0.429,88.3
527048,Martín Pérez,ATL,L,Behind (Pitcher),179,SI,0.637,0.464,28.0,6.0,0.0,0.25,0.25,0.293,0.0,0.134,0.542,94.2
527048,Martín Pérez,ATL,L,Even,321,SI,0.595,0.364,36.0,12.0,1.0,0.364,0.545,0.443,0.0,0.265,0.424,89.3
527048,Martín Pérez,ATL,L,Two-Strike,291,CH,0.45,0.615,91.0,18.0,5.0,0.209,0.419,0.288,0.374,0.178,0.365,86.4
527048,Martín Pérez,ATL,R,Ahead (Pitcher),285,CH,0.435,0.446,39.0,9.0,1.0,0.237,0.316,0.259,0.0,0.255,0.41,87.6
527048,Martín Pérez,ATL,R,Behind (Pitcher),581,SI,0.337,0.372,108.0,22.0,2.0,0.265,0.422,0.412,0.0,0.203,0.289,83.7
527048,Martín Pérez,ATL,R,Even,834,FC,0.3,0.341,94.0,24.0,3.0,0.261,0.402,0.295,0.0,0.196,0.266,83.6
527048,Martín Pérez,ATL,R,Two-Strike,538,CH,0.39,0.502,186.0,25.0,2.0,0.162,0.266,0.262,0.366,0.191,0.367,88.8
690279,Mason Adams,COL,L,Ahead (Pitcher),35,FF,0.343,0.486,,,,,,,,,,
690279,Mason Adams,COL,L,Behind (Pitcher),57,SI,0.316,0.368,11.0,4.0,0.0,0.444,0.667,0.518,0.0,0.095,0.778,96.2
690279,Mason Adams,COL,L,Even,84,FF,0.286,0.345,12.0,6.0,1.0,0.5,0.75,0.542,0.0,0.241,0.75,100.2
690279,Mason Adams,COL,L,Two-Strike,66,FF,0.439,0.606,37.0,4.0,1.0,0.125,0.281,0.265,0.459,0.325,0.357,86.8
690279,Mason Adams,COL,R,Ahead (Pitcher),29,SI,0.379,0.724,,,,,,,,,,
690279,Mason Adams,COL,R,Behind (Pitcher),46,SI,0.587,0.543,12.0,5.0,1.0,0.556,1.0,0.671,0.0,0.2,0.556,95.3
690279,Mason Adams,COL,R,Even,77,SI,0.325,0.312,,,,,,,,,,
690279,Mason Adams,COL,R,Two-Strike,74,FF,0.405,0.581,29.0,3.0,1.0,0.12,0.24,0.203,0.448,0.209,0.462,86.9
686930,Mason Barnett,ATH,L,Ahead (Pitcher),65,FF,0.4,0.508,10.0,6.0,2.0,0.6,1.2,0.76,0.0,0.115,0.6,97.7
686930,Mason Barnett,ATH,L,Behind (Pitcher),186,FF,0.629,0.376,33.0,4.0,1.0,0.182,0.364,0.411,0.0,0.143,0.333,89.5
686930,Mason Barnett,ATH,L,Even,216,FF,0.472,0.301,23.0,6.0,1.0,0.261,0.522,0.328,0.0,0.163,0.261,84.5
686930,Mason Barnett,ATH,L,Two-Strike,151,FF,0.457,0.576,50.0,13.0,1.0,0.289,0.4,0.347,0.34,0.217,0.37,86.0
686930,Mason Barnett,ATH,R,Ahead (Pitcher),84,FF,0.583,0.476,,,,,,,,,,
686930,Mason Barnett,ATH,R,Behind (Pitcher),117,FF,0.598,0.419,20.0,7.0,4.0,0.538,1.538,0.842,0.0,0.129,0.538,96.8
686930,Mason Barnett,ATH,R,Even,220,FF,0.441,0.386,11.0,3.0,1.0,0.273,0.636,0.377,0.0,0.261,0.273,89.9
686930,Mason Barnett,ATH,R,Two-Strike,219,FF,0.47,0.553,55.0,7.0,1.0,0.143,0.204,0.211,0.436,0.205,0.417,91.7
696131,Mason Black,KC,L,Ahead (Pitcher),33,CH,0.333,0.515,,,,,,,,,,
696131,Mason Black,KC,L,Behind (Pitcher),73,FF,0.301,0.356,15.0,6.0,3.0,0.667,1.778,0.883,0.0,0.182,0.667,96.8
696131,Mason Black,KC,L,Even,87,ST,0.356,0.322,,,,,,,,,,
696131,Mason Black,KC,L,Two-Strike,86,FF,0.36,0.605,31.0,5.0,1.0,0.192,0.308,0.294,0.323,0.13,0.438,88.0
696131,Mason Black,KC,R,Ahead (Pitcher),44,ST,0.318,0.455,,,,,,,,,,
696131,Mason Black,KC,R,Behind (Pitcher),89,SI,0.483,0.36,18.0,2.0,0.0,0.154,0.154,0.294,0.0,0.179,0.538,91.0
696131,Mason Black,KC,R,Even,126,SI,0.444,0.341,15.0,4.0,0.0,0.308,0.385,0.31,0.0,0.152,0.429,91.7
696131,Mason Black,KC,R,Two-Strike,93,FF,0.419,0.602,39.0,7.0,1.0,0.206,0.324,0.288,0.231,0.109,0.4,90.1
669438,Mason Englert,TB,L,Ahead (Pitcher),95,CH,0.568,0.495,,,,,,,,,,
669438,Mason Englert,TB,L,Behind (Pitcher),140,FF,0.279,0.514,15.0,3.0,1.0,0.214,0.571,0.462,0.0,0.243,0.333,90.7
669438,Mason Englert,TB,L,Even,240,CU,0.321,0.383,19.0,9.0,2.0,0.5,0.944,0.611,0.0,0.182,0.444,91.1
669438,Mason Englert,TB,L,Two-Strike,218,CH,0.417,0.601,38.0,10.0,3.0,0.27,0.514,0.342,0.421,0.254,0.333,88.6
669438,Mason Englert,TB,R,Ahead (Pitcher),114,CH,0.307,0.553,12.0,6.0,0.0,0.5,0.667,0.508,0.0,0.333,0.583,92.2
669438,Mason Englert,TB,R,Behind (Pitcher),98,SI,0.347,0.449,,,,,,,,,,
669438,Mason Englert,TB,R,Even,258,SI,0.395,0.45,24.0,8.0,1.0,0.348,0.565,0.4,0.0,0.286,0.417,85.5
669438,Mason Englert,TB,R,Two-Strike,255,CH,0.388,0.596,56.0,12.0,4.0,0.231,0.5,0.366,0.393,0.193,0.25,85.9
689254,Mason Fluharty,TOR,L,Ahead (Pitcher),137,ST,0.599,0.547,18.0,4.0,1.0,0.235,0.471,0.281,0.0,0.341,0.389,86.6
689254,Mason Fluharty,TOR,L,Behind (Pitcher),200,FC,0.55,0.445,24.0,3.0,0.0,0.158,0.158,0.258,0.0,0.277,0.211,83.6
689254,Mason Fluharty,TOR,L,Even,330,ST,0.542,0.364,19.0,3.0,0.0,0.167,0.167,0.161,0.0,0.288,0.211,81.5
689254,Mason Fluharty,TOR,L,Two-Strike,288,ST,0.549,0.642,76.0,8.0,1.0,0.116,0.159,0.172,0.474,0.245,0.242,82.1
689254,Mason Fluharty,TOR,R,Ahead (Pitcher),107,FC,0.598,0.551,11.0,2.0,0.0,0.2,0.3,0.261,0.0,0.333,0.2,82.5
689254,Mason Fluharty,TOR,R,Behind (Pitcher),224,FC,0.638,0.429,18.0,9.0,1.0,0.75,1.167,0.853,0.0,0.28,0.636,94.8
689254,Mason Fluharty,TOR,R,Even,331,FC,0.589,0.326,27.0,7.0,0.0,0.259,0.259,0.233,0.0,0.21,0.296,84.3
689254,Mason Fluharty,TOR,R,Two-Strike,284,FC,0.585,0.563,67.0,14.0,3.0,0.25,0.446,0.363,0.418,0.19,0.429,86.8
695243,Mason Miller,SD,L,Ahead (Pitcher),116,FF,0.466,0.414,,,,,,,,,,
695243,Mason Miller,SD,L,Behind (Pitcher),239,FF,0.59,0.41,17.0,3.0,1.0,0.3,0.6,0.512,0.0,0.4,0.5,94.1
695243,Mason Miller,SD,L,Even,358,SL,0.517,0.372,16.0,7.0,0.0,0.467,0.467,0.467,0.0,0.373,0.357,86.4
695243,Mason Miller,SD,L,Two-Strike,332,FF,0.491,0.578,103.0,5.0,0.0,0.053,0.063,0.101,0.641,0.386,0.276,88.6
695243,Mason Miller,SD,R,Ahead (Pitcher),140,SL,0.65,0.536,,,,,,,,,,
695243,Mason Miller,SD,R,Behind (Pitcher),193,FF,0.663,0.456,15.0,3.0,0.0,0.333,0.444,0.546,0.0,0.385,0.25,88.3
695243,Mason Miller,SD,R,Even,366,SL,0.5,0.407,11.0,3.0,0.0,0.273,0.273,0.245,0.0,0.531,0.273,85.3
695243,Mason Miller,SD,R,Two-Strike,350,SL,0.509,0.634,87.0,7.0,0.0,0.084,0.084,0.105,0.667,0.468,0.24,82.5
682254,Mason Montgomery,PIT,L,Ahead (Pitcher),102,FF,0.461,0.412,,,,,,,,,,
682254,Mason Montgomery,PIT,L,Behind (Pitcher),117,FF,0.607,0.444,11.0,1.0,0.0,0.143,0.143,0.273,0.0,0.233,0.375,78.9
682254,Mason Montgomery,PIT,L,Even,257,FF,0.584,0.447,16.0,3.0,1.0,0.2,0.4,0.338,0.0,0.367,0.467,87.8
682254,Mason Montgomery,PIT,L,Two-Strike,264,FF,0.515,0.572,60.0,2.0,0.0,0.039,0.039,0.135,0.567,0.271,0.176,76.7
682254,Mason Montgomery,PIT,R,Ahead (Pitcher),158,FF,0.475,0.563,16.0,5.0,0.0,0.312,0.312,0.281,0.0,0.26,0.312,85.5
682254,Mason Montgomery,PIT,R,Behind (Pitcher),274,FF,0.679,0.434,29.0,8.0,0.0,0.364,0.5,0.484,0.0,0.216,0.619,95.8
682254,Mason Montgomery,PIT,R,Even,420,FF,0.514,0.393,18.0,7.0,2.0,0.389,0.889,0.531,0.0,0.383,0.5,89.8
682254,Mason Montgomery,PIT,R,Two-Strike,393,FF,0.552,0.644,109.0,13.0,2.0,0.125,0.212,0.178,0.596,0.317,0.359,86.8
571510,Matt Boyd,CHC,L,Ahead (Pitcher),160,SL,0.444,0.537,11.0,3.0,0.0,0.273,0.455,0.309,0.0,0.25,0.364,87.1
571510,Matt Boyd,CHC,L,Behind (Pitcher),218,FF,0.495,0.459,27.0,6.0,0.0,0.3,0.3,0.381,0.0,0.159,0.55,91.8
571510,Matt Boyd,CHC,L,Even,406,FF,0.382,0.399,32.0,10.0,0.0,0.312,0.312,0.281,0.0,0.232,0.312,84.8
571510,Matt Boyd,CHC,L,Two-Strike,347,SL,0.409,0.582,61.0,6.0,1.0,0.115,0.173,0.21,0.426,0.312,0.346,80.5
571510,Matt Boyd,CHC,R,Ahead (Pitcher),495,FF,0.59,0.539,41.0,4.0,0.0,0.103,0.103,0.122,0.0,0.22,0.205,84.5
571510,Matt Boyd,CHC,R,Behind (Pitcher),603,FF,0.468,0.481,51.0,14.0,4.0,0.359,0.769,0.525,0.0,0.233,0.436,86.6
571510,Matt Boyd,CHC,R,Even,1226,FF,0.524,0.403,70.0,27.0,4.0,0.403,0.657,0.464,0.0,0.178,0.441,91.0
571510,Matt Boyd,CHC,R,Two-Strike,1159,FF,0.424,0.611,200.0,39.0,6.0,0.207,0.33,0.268,0.335,0.185,0.388,88.5
666374,Matt Brash,SEA,L,Ahead (Pitcher),73,SL,0.425,0.438,,,,,,,,,,
666374,Matt Brash,SEA,L,Behind (Pitcher),117,SL,0.624,0.479,,,,,,,,,,
666374,Matt Brash,SEA,L,Even,192,SL,0.568,0.307,,,,,,,,,,
666374,Matt Brash,SEA,L,Two-Strike,159,SL,0.522,0.56,19.0,2.0,0.0,0.125,0.125,0.205,0.316,0.25,0.3,88.1
666374,Matt Brash,SEA,R,Ahead (Pitcher),69,SL,0.71,0.377,,,,,,,,,,
666374,Matt Brash,SEA,R,Behind (Pitcher),130,SL,0.623,0.408,,,,,,,,,,
666374,Matt Brash,SEA,R,Even,198,SL,0.621,0.268,,,,,,,,,,
666374,Matt Brash,SEA,R,Two-Strike,153,SL,0.686,0.529,17.0,1.0,0.0,0.062,0.062,0.069,0.529,0.368,0.375,80.2
670036,Matt Festa,CLE,L,Ahead (Pitcher),112,FF,0.536,0.491,,,,,,,,,,
670036,Matt Festa,CLE,L,Behind (Pitcher),201,FF,0.532,0.458,33.0,11.0,0.0,0.379,0.517,0.441,0.0,0.109,0.429,88.1
670036,Matt Festa,CLE,L,Even,323,FF,0.458,0.347,26.0,11.0,2.0,0.458,0.792,0.581,0.0,0.233,0.25,82.4
670036,Matt Festa,CLE,L,Two-Strike,225,FF,0.516,0.644,65.0,11.0,0.0,0.177,0.21,0.223,0.538,0.247,0.333,86.4
670036,Matt Festa,CLE,R,Ahead (Pitcher),131,ST,0.489,0.565,22.0,7.0,1.0,0.35,0.6,0.441,0.0,0.279,0.286,81.0
670036,Matt Festa,CLE,R,Behind (Pitcher),213,FF,0.498,0.46,27.0,5.0,0.0,0.294,0.294,0.4,0.0,0.328,0.444,91.1
670036,Matt Festa,CLE,R,Even,380,ST,0.434,0.439,24.0,8.0,1.0,0.333,0.583,0.39,0.0,0.231,0.542,94.3
670036,Matt Festa,CLE,R,Two-Strike,319,ST,0.439,0.608,81.0,10.0,2.0,0.137,0.247,0.207,0.42,0.222,0.4,88.4
657424,Matt Gage,SF,L,Ahead (Pitcher),58,SL,0.5,0.379,,,,,,,,,,
657424,Matt Gage,SF,L,Behind (Pitcher),111,SL,0.712,0.378,12.0,2.0,1.0,0.5,1.25,0.708,0.0,0.267,0.25,80.2
657424,Matt Gage,SF,L,Even,179,SL,0.654,0.43,12.0,3.0,1.0,0.273,0.545,0.445,0.0,0.265,0.167,80.6
657424,Matt Gage,SF,L,Two-Strike,138,SL,0.428,0.558,28.0,2.0,0.0,0.08,0.08,0.139,0.5,0.2,0.545,86.1
657424,Matt Gage,SF,R,Ahead (Pitcher),74,SL,0.338,0.405,,,,,,,,,,
657424,Matt Gage,SF,R,Behind (Pitcher),113,SL,0.46,0.513,11.0,3.0,1.0,0.333,0.667,0.491,0.0,0.2,0.2,86.2
657424,Matt Gage,SF,R,Even,206,SL,0.383,0.374,16.0,5.0,1.0,0.333,0.8,0.438,0.0,0.209,0.438,91.0
657424,Matt Gage,SF,R,Two-Strike,184,SL,0.359,0.614,37.0,9.0,2.0,0.29,0.581,0.42,0.216,0.121,0.261,84.0
640454,Matt Krook,WSH,L,Ahead (Pitcher),15,ST,0.667,0.4,,,,,,,,,,
640454,Matt Krook,WSH,L,Behind (Pitcher),22,SI,0.682,0.318,,,,,,,,,,
640454,Matt Krook,WSH,L,Even,35,ST,0.686,0.257,,,,,,,,,,
640454,Matt Krook,WSH,L,Two-Strike,33,ST,0.697,0.697,12.0,2.0,1.0,0.182,0.636,0.358,0.5,0.353,0.2,80.6
640454,Matt Krook,WSH,R,Behind (Pitcher),49,SI,0.612,0.367,,,,,,,,,,
640454,Matt Krook,WSH,R,Even,45,SI,0.444,0.289,,,,,,,,,,
640454,Matt Krook,WSH,R,Two-Strike,43,ST,0.442,0.535,12.0,2.0,0.0,0.286,0.286,0.442,0.25,0.167,0.25,90.7
690155,Matt Pushard,STL,L,Even,21,FF,0.381,0.286,,,,,,,,,,
690155,Matt Pushard,STL,L,Two-Strike,25,FF,0.44,0.36,,,,,,,,,,
690155,Matt Pushard,STL,R,Behind (Pitcher),20,FF,0.5,0.3,,,,,,,,,,
690155,Matt Pushard,STL,R,Even,21,FF,0.476,0.333,,,,,,,,,,
621381,Matt Strahm,KC,L,Ahead (Pitcher),70,SI,0.457,0.557,,,,,,,,,,
621381,Matt Strahm,KC,L,Behind (Pitcher),90,SI,0.422,0.478,,,,,,,,,,
621381,Matt Strahm,KC,L,Even,192,SI,0.427,0.417,10.0,1.0,0.0,0.1,0.2,0.125,0.0,0.212,0.4,89.4
621381,Matt Strahm,KC,L,Two-Strike,139,SL,0.504,0.647,32.0,7.0,2.0,0.226,0.452,0.327,0.375,0.184,0.526,93.2
621381,Matt Strahm,KC,R,Ahead (Pitcher),138,FF,0.442,0.5,,,,,,,,,,
621381,Matt Strahm,KC,R,Behind (Pitcher),227,FF,0.449,0.427,18.0,4.0,1.0,0.308,0.692,0.547,0.0,0.395,0.25,88.3
621381,Matt Strahm,KC,R,Even,375,FF,0.411,0.416,19.0,8.0,4.0,0.421,1.053,0.611,0.0,0.2,0.421,90.5
621381,Matt Strahm,KC,R,Two-Strike,398,FF,0.487,0.641,62.0,11.0,4.0,0.204,0.463,0.332,0.29,0.117,0.417,89.5
694335,Matt Svanson,STL,L,Ahead (Pitcher),91,SI,0.363,0.527,15.0,6.0,0.0,0.4,0.4,0.36,0.0,0.083,0.467,91.3
694335,Matt Svanson,STL,L,Behind (Pitcher),186,SI,0.462,0.414,18.0,3.0,0.0,0.3,0.4,0.479,0.0,0.116,0.364,88.0
694335,Matt Svanson,STL,L,Even,273,FC,0.366,0.374,19.0,5.0,1.0,0.312,0.562,0.387,0.0,0.193,0.412,89.1
694335,Matt Svanson,STL,L,Two-Strike,256,SI,0.391,0.586,50.0,7.0,0.0,0.159,0.227,0.217,0.38,0.136,0.462,90.6
694335,Matt Svanson,STL,R,Ahead (Pitcher),129,ST,0.535,0.496,12.0,4.0,1.0,0.333,0.583,0.392,0.0,0.083,0.417,89.7
694335,Matt Svanson,STL,R,Behind (Pitcher),189,SI,0.73,0.487,24.0,9.0,0.0,0.45,0.6,0.498,0.0,0.104,0.5,86.7
694335,Matt Svanson,STL,R,Even,334,SI,0.536,0.35,26.0,10.0,2.0,0.4,0.68,0.444,0.0,0.236,0.462,92.4
694335,Matt Svanson,STL,R,Two-Strike,295,SI,0.475,0.536,43.0,11.0,1.0,0.289,0.421,0.374,0.512,0.192,0.438,93.4
663362,Matt Waldron,WSH,L,Ahead (Pitcher),58,KN,0.397,0.466,10.0,4.0,1.0,0.4,1.0,0.575,0.0,0.12,0.4,85.7
663362,Matt Waldron,WSH,L,Behind (Pitcher),118,FC,0.28,0.475,26.0,9.0,3.0,0.409,1.0,0.568,0.0,0.173,0.652,93.0
663362,Matt Waldron,WSH,L,Even,165,KN,0.358,0.345,17.0,10.0,0.0,0.588,0.765,0.591,0.0,0.125,0.353,84.8
663362,Matt Waldron,WSH,L,Two-Strike,121,KN,0.504,0.62,55.0,10.0,1.0,0.204,0.327,0.279,0.382,0.194,0.25,87.3
663362,Matt Waldron,WSH,R,Ahead (Pitcher),46,KN,0.37,0.478,,,,,,,,,,
663362,Matt Waldron,WSH,R,Behind (Pitcher),67,SI,0.313,0.373,17.0,4.0,0.0,0.286,0.286,0.335,0.0,0.087,0.357,88.8
663362,Matt Waldron,WSH,R,Even,129,KN,0.357,0.481,26.0,9.0,0.0,0.375,0.375,0.332,0.0,0.2,0.269,81.1
663362,Matt Waldron,WSH,R,Two-Strike,90,KN,0.311,0.656,35.0,7.0,2.0,0.212,0.394,0.283,0.343,0.173,0.286,86.6
683363,Matt Wilkinson,SF,L,Ahead (Pitcher),16,FF,0.5,0.375,,,,,,,,,,
683363,Matt Wilkinson,SF,L,Behind (Pitcher),16,FF,0.875,0.625,,,,,,,,,,
683363,Matt Wilkinson,SF,L,Even,40,FF,0.55,0.45,,,,,,,,,,
683363,Matt Wilkinson,SF,L,Two-Strike,20,FF,0.5,0.55,10.0,1.0,0.0,0.1,0.1,0.09,0.6,0.364,0.0,70.9
683363,Matt Wilkinson,SF,R,Ahead (Pitcher),34,FF,0.5,0.382,,,,,,,,,,
683363,Matt Wilkinson,SF,R,Behind (Pitcher),80,FF,0.588,0.375,17.0,4.0,2.0,0.286,0.786,0.538,0.0,0.133,0.571,95.0
683363,Matt Wilkinson,SF,R,Even,100,FF,0.55,0.29,10.0,2.0,0.0,0.2,0.4,0.25,0.0,0.241,0.3,81.8
683363,Matt Wilkinson,SF,R,Two-Strike,76,FF,0.645,0.684,37.0,8.0,2.0,0.222,0.417,0.282,0.324,0.173,0.5,91.6
669461,Matthew Liberatore,STL,L,Ahead (Pitcher),147,SL,0.395,0.429,17.0,3.0,0.0,0.188,0.188,0.253,0.0,0.079,0.375,89.5
669461,Matthew Liberatore,STL,L,Behind (Pitcher),290,SL,0.369,0.417,37.0,15.0,2.0,0.517,0.828,0.628,0.0,0.278,0.483,89.1
669461,Matthew Liberatore,STL,L,Even,428,SL,0.341,0.348,32.0,13.0,2.0,0.406,0.688,0.523,0.0,0.278,0.469,90.7
669461,Matthew Liberatore,STL,L,Two-Strike,310,SL,0.448,0.584,86.0,14.0,4.0,0.182,0.377,0.275,0.453,0.219,0.436,92.4
669461,Matthew Liberatore,STL,R,Ahead (Pitcher),506,FF,0.291,0.524,45.0,14.0,1.0,0.318,0.409,0.328,0.0,0.254,0.25,86.5
669461,Matthew Liberatore,STL,R,Behind (Pitcher),808,FF,0.34,0.498,100.0,27.0,4.0,0.333,0.568,0.448,0.0,0.185,0.494,92.2
669461,Matthew Liberatore,STL,R,Even,1372,FF,0.329,0.354,100.0,37.0,7.0,0.385,0.656,0.45,0.0,0.227,0.433,89.0
669461,Matthew Liberatore,STL,R,Two-Strike,1142,SL,0.314,0.595,261.0,50.0,8.0,0.212,0.347,0.281,0.441,0.226,0.41,89.0
608331,Max Fried,NYY,L,Ahead (Pitcher),127,SI,0.402,0.488,10.0,2.0,0.0,0.222,0.222,0.222,0.0,0.179,0.2,81.2
608331,Max Fried,NYY,L,Behind (Pitcher),224,SI,0.482,0.397,24.0,7.0,0.0,0.389,0.556,0.452,0.0,0.121,0.421,88.3
608331,Max Fried,NYY,L,Even,392,SI,0.429,0.367,14.0,3.0,0.0,0.214,0.286,0.218,0.0,0.306,0.429,92.4
608331,Max Fried,NYY,L,Two-Strike,334,SI,0.398,0.569,55.0,4.0,0.0,0.078,0.098,0.123,0.4,0.187,0.207,81.3
608331,Max Fried,NYY,R,Ahead (Pitcher),456,FC,0.232,0.469,29.0,8.0,0.0,0.276,0.31,0.26,0.0,0.267,0.276,83.9
608331,Max Fried,NYY,R,Behind (Pitcher),837,FC,0.394,0.466,70.0,13.0,2.0,0.232,0.393,0.366,0.0,0.169,0.386,86.3
608331,Max Fried,NYY,R,Even,1327,FC,0.315,0.361,56.0,17.0,1.0,0.309,0.418,0.34,0.0,0.238,0.298,85.6
608331,Max Fried,NYY,R,Two-Strike,1109,FC,0.266,0.598,173.0,24.0,1.0,0.15,0.2,0.191,0.474,0.252,0.238,84.4
668820,Max Kranick,WSH,L,Ahead (Pitcher),72,FF,0.361,0.5,,,,,,,,,,
668820,Max Kranick,WSH,L,Behind (Pitcher),89,SL,0.449,0.438,,,,,,,,,,
668820,Max Kranick,WSH,L,Even,187,FF,0.401,0.471,13.0,4.0,0.0,0.308,0.385,0.304,0.0,0.206,0.385,90.7
668820,Max Kranick,WSH,L,Two-Strike,126,FF,0.405,0.595,23.0,4.0,0.0,0.211,0.316,0.309,0.348,0.231,0.091,83.6
668820,Max Kranick,WSH,R,Ahead (Pitcher),49,SL,0.49,0.653,,,,,,,,,,
668820,Max Kranick,WSH,R,Behind (Pitcher),96,FF,0.49,0.49,10.0,2.0,0.0,0.4,0.6,0.565,0.0,0.167,0.2,84.4
668820,Max Kranick,WSH,R,Even,147,SL,0.429,0.442,13.0,5.0,1.0,0.385,0.769,0.485,0.0,0.292,0.385,84.5
668820,Max Kranick,WSH,R,Two-Strike,103,ST,0.388,0.718,17.0,7.0,2.0,0.467,1.067,0.644,0.176,0.083,0.417,88.2
676661,Max Lazar,PHI,L,Ahead (Pitcher),44,FF,0.523,0.523,,,,,,,,,,
676661,Max Lazar,PHI,L,Behind (Pitcher),87,FF,0.644,0.483,,,,,,,,,,
676661,Max Lazar,PHI,L,Even,132,FF,0.538,0.333,,,,,,,,,,
676661,Max Lazar,PHI,L,Two-Strike,96,FF,0.469,0.604,,,,,,,,,,
676661,Max Lazar,PHI,R,Ahead (Pitcher),57,FF,0.421,0.474,,,,,,,,,,
676661,Max Lazar,PHI,R,Behind (Pitcher),81,FF,0.704,0.444,,,,,,,,,,
676661,Max Lazar,PHI,R,Even,163,FF,0.472,0.393,,,,,,,,,,
676661,Max Lazar,PHI,R,Two-Strike,124,FF,0.435,0.556,,,,,,,,,,
676974,Max Meyer,MIA,L,Ahead (Pitcher),216,CH,0.259,0.421,18.0,6.0,2.0,0.333,0.833,0.481,0.0,0.333,0.474,89.5
676974,Max Meyer,MIA,L,Behind (Pitcher),344,SL,0.334,0.468,47.0,10.0,0.0,0.303,0.333,0.393,0.0,0.259,0.412,89.9
676974,Max Meyer,MIA,L,Even,582,FF,0.311,0.364,50.0,18.0,2.0,0.367,0.653,0.438,0.0,0.221,0.449,90.6
676974,Max Meyer,MIA,L,Two-Strike,453,SL,0.351,0.578,148.0,13.0,0.0,0.101,0.132,0.187,0.514,0.293,0.385,90.6
676974,Max Meyer,MIA,R,Ahead (Pitcher),174,ST,0.316,0.466,20.0,3.0,0.0,0.167,0.222,0.268,0.0,0.345,0.5,91.9
676974,Max Meyer,MIA,R,Behind (Pitcher),233,SL,0.292,0.446,29.0,5.0,1.0,0.217,0.391,0.381,0.0,0.182,0.609,91.0
676974,Max Meyer,MIA,R,Even,474,SL,0.295,0.428,46.0,15.0,5.0,0.341,0.705,0.521,0.0,0.241,0.409,87.4
676974,Max Meyer,MIA,R,Two-Strike,355,SL,0.363,0.592,104.0,15.0,1.0,0.155,0.206,0.196,0.423,0.273,0.315,86.2
691008,Max Rajcic,STL,L,Behind (Pitcher),21,FF,0.476,0.333,,,,,,,,,,
691008,Max Rajcic,STL,L,Even,26,CH,0.308,0.308,,,,,,,,,,
691008,Max Rajcic,STL,L,Two-Strike,21,FF,0.476,0.571,,,,,,,,,,
691008,Max Rajcic,STL,R,Behind (Pitcher),22,FF,0.545,0.409,,,,,,,,,,
691008,Max Rajcic,STL,R,Even,30,FF,0.4,0.233,,,,,,,,,,
691008,Max Rajcic,STL,R,Two-Strike,25,CU,0.36,0.52,14.0,1.0,0.0,0.077,0.154,0.139,0.429,0.308,0.143,86.5
453286,Max Scherzer,TOR,L,Ahead (Pitcher),204,FF,0.422,0.549,24.0,8.0,2.0,0.333,0.583,0.392,0.0,0.074,0.458,85.9
453286,Max Scherzer,TOR,L,Behind (Pitcher),349,FF,0.519,0.438,40.0,11.0,1.0,0.423,0.692,0.538,0.0,0.207,0.296,85.9
453286,Max Scherzer,TOR,L,Even,573,FF,0.586,0.394,44.0,14.0,2.0,0.333,0.548,0.415,0.0,0.139,0.31,86.3
453286,Max Scherzer,TOR,L,Two-Strike,484,FF,0.362,0.614,106.0,17.0,4.0,0.187,0.33,0.297,0.264,0.133,0.302,88.3
453286,Max Scherzer,TOR,R,Ahead (Pitcher),151,FF,0.517,0.517,10.0,2.0,1.0,0.2,0.5,0.29,0.0,0.235,0.5,94.4
453286,Max Scherzer,TOR,R,Behind (Pitcher),211,FF,0.545,0.46,16.0,4.0,2.0,0.333,0.833,0.594,0.0,0.184,0.417,88.8
453286,Max Scherzer,TOR,R,Even,394,FF,0.571,0.437,22.0,4.0,0.0,0.182,0.182,0.164,0.0,0.333,0.273,82.2
453286,Max Scherzer,TOR,R,Two-Strike,374,SL,0.393,0.599,76.0,12.0,3.0,0.164,0.329,0.227,0.421,0.229,0.35,87.1
518876,Merrill Kelly,AZ,L,Ahead (Pitcher),401,CH,0.367,0.504,42.0,10.0,2.0,0.238,0.429,0.283,0.0,0.117,0.357,86.7
518876,Merrill Kelly,AZ,L,Behind (Pitcher),727,CH,0.33,0.459,107.0,28.0,6.0,0.337,0.639,0.5,0.0,0.176,0.488,89.1
518876,Merrill Kelly,AZ,L,Even,1139,FF,0.316,0.386,85.0,22.0,5.0,0.259,0.541,0.335,0.0,0.218,0.412,86.6
518876,Merrill Kelly,AZ,L,Two-Strike,835,CH,0.374,0.593,192.0,38.0,6.0,0.233,0.393,0.331,0.312,0.168,0.456,90.7
518876,Merrill Kelly,AZ,R,Ahead (Pitcher),334,SL,0.249,0.509,27.0,8.0,2.0,0.32,0.64,0.374,0.0,0.211,0.296,86.6
518876,Merrill Kelly,AZ,R,Behind (Pitcher),440,FC,0.284,0.514,54.0,15.0,3.0,0.333,0.6,0.442,0.0,0.221,0.489,92.5
518876,Merrill Kelly,AZ,R,Even,864,FC,0.238,0.421,69.0,24.0,3.0,0.369,0.6,0.416,0.0,0.224,0.448,89.7
518876,Merrill Kelly,AZ,R,Two-Strike,721,CH,0.333,0.624,131.0,21.0,1.0,0.179,0.205,0.236,0.405,0.216,0.262,87.2
605242,Michael Fulmer,NYY,L,Ahead (Pitcher),25,CH,0.52,0.44,,,,,,,,,,
605242,Michael Fulmer,NYY,L,Behind (Pitcher),27,FC,0.556,0.296,,,,,,,,,,
605242,Michael Fulmer,NYY,L,Even,53,FC,0.434,0.453,,,,,,,,,,
605242,Michael Fulmer,NYY,L,Two-Strike,57,CH,0.316,0.474,18.0,1.0,0.0,0.071,0.071,0.206,0.333,0.227,0.0,82.5
605242,Michael Fulmer,NYY,R,Ahead (Pitcher),21,ST,0.381,0.429,,,,,,,,,,
605242,Michael Fulmer,NYY,R,Behind (Pitcher),25,FC,0.72,0.48,,,,,,,,,,
605242,Michael Fulmer,NYY,R,Even,57,FC,0.544,0.386,,,,,,,,,,
605242,Michael Fulmer,NYY,R,Two-Strike,65,ST,0.385,0.569,21.0,3.0,0.0,0.158,0.263,0.229,0.429,0.296,0.1,83.2
675627,Michael Grove,TB,L,Even,18,FF,0.333,0.5,,,,,,,,,,
675627,Michael Grove,TB,R,Even,19,SI,0.474,0.421,,,,,,,,,,
675627,Michael Grove,TB,R,Two-Strike,15,SL,0.667,0.533,,,,,,,,,,
547184,Michael Kelly,ATH,L,Ahead (Pitcher),33,FF,0.364,0.333,,,,,,,,,,
547184,Michael Kelly,ATH,L,Behind (Pitcher),97,ST,0.485,0.351,,,,,,,,,,
547184,Michael Kelly,ATH,L,Even,108,ST,0.417,0.259,,,,,,,,,,
547184,Michael Kelly,ATH,L,Two-Strike,94,FF,0.489,0.681,,,,,,,,,,
547184,Michael Kelly,ATH,R,Ahead (Pitcher),59,ST,0.424,0.559,,,,,,,,,,
547184,Michael Kelly,ATH,R,Behind (Pitcher),119,ST,0.681,0.303,,,,,,,,,,
547184,Michael Kelly,ATH,R,Even,157,ST,0.395,0.344,,,,,,,,,,
547184,Michael Kelly,ATH,R,Two-Strike,119,ST,0.597,0.63,12.0,3.0,0.0,0.333,0.444,0.429,0.333,0.077,0.2,88.4
547179,Michael Lorenzen,TOR,L,Ahead (Pitcher),332,CH,0.331,0.47,27.0,13.0,3.0,0.52,1.08,0.713,0.0,0.288,0.346,89.6
547179,Michael Lorenzen,TOR,L,Behind (Pitcher),580,CH,0.236,0.429,87.0,23.0,8.0,0.371,0.806,0.544,0.0,0.122,0.571,94.8
547179,Michael Lorenzen,TOR,L,Even,907,FF,0.273,0.373,70.0,31.0,4.0,0.449,0.797,0.521,0.0,0.154,0.443,91.8
547179,Michael Lorenzen,TOR,L,Two-Strike,722,CH,0.321,0.571,158.0,37.0,1.0,0.266,0.374,0.321,0.291,0.143,0.448,90.5
547179,Michael Lorenzen,TOR,R,Ahead (Pitcher),286,SI,0.255,0.483,30.0,11.0,2.0,0.393,0.679,0.472,0.0,0.324,0.586,90.5
547179,Michael Lorenzen,TOR,R,Behind (Pitcher),466,SI,0.358,0.498,61.0,24.0,2.0,0.471,0.667,0.516,0.0,0.142,0.566,93.2
547179,Michael Lorenzen,TOR,R,Even,800,SI,0.266,0.356,55.0,17.0,2.0,0.321,0.528,0.395,0.0,0.151,0.444,90.2
547179,Michael Lorenzen,TOR,R,Two-Strike,625,FF,0.206,0.581,130.0,30.0,1.0,0.248,0.289,0.272,0.338,0.182,0.346,87.5
700241,Michael Mcgreevy,STL,L,Ahead (Pitcher),264,CH,0.337,0.394,33.0,10.0,3.0,0.303,0.606,0.383,0.0,0.203,0.394,89.6
700241,Michael Mcgreevy,STL,L,Behind (Pitcher),668,FF,0.341,0.467,106.0,26.0,5.0,0.289,0.522,0.392,0.0,0.186,0.538,92.2
700241,Michael Mcgreevy,STL,L,Even,886,FF,0.337,0.323,84.0,30.0,2.0,0.361,0.542,0.385,0.0,0.175,0.365,86.7
700241,Michael Mcgreevy,STL,L,Two-Strike,635,FF,0.282,0.591,204.0,37.0,4.0,0.2,0.324,0.269,0.309,0.162,0.385,89.5
700241,Michael Mcgreevy,STL,R,Ahead (Pitcher),235,ST,0.391,0.404,22.0,7.0,0.0,0.318,0.455,0.334,0.0,0.241,0.273,83.8
700241,Michael Mcgreevy,STL,R,Behind (Pitcher),306,SI,0.611,0.549,55.0,19.0,4.0,0.38,0.7,0.471,0.0,0.134,0.5,91.6
700241,Michael Mcgreevy,STL,R,Even,651,SI,0.456,0.358,46.0,11.0,0.0,0.25,0.364,0.268,0.0,0.192,0.444,90.5
700241,Michael Mcgreevy,STL,R,Two-Strike,503,ST,0.342,0.579,126.0,19.0,3.0,0.164,0.259,0.239,0.397,0.203,0.299,87.0
656848,Michael Petersen,MIA,L,Ahead (Pitcher),108,FF,0.556,0.509,,,,,,,,,,
656848,Michael Petersen,MIA,L,Behind (Pitcher),152,FF,0.638,0.487,26.0,5.0,2.0,0.238,0.571,0.406,0.0,0.304,0.524,91.1
656848,Michael Petersen,MIA,L,Even,273,FF,0.553,0.465,19.0,5.0,0.0,0.263,0.421,0.292,0.0,0.333,0.368,91.3
656848,Michael Petersen,MIA,L,Two-Strike,328,FF,0.655,0.613,106.0,15.0,1.0,0.163,0.25,0.249,0.434,0.225,0.422,89.9
656848,Michael Petersen,MIA,R,Ahead (Pitcher),72,FF,0.542,0.486,,,,,,,,,,
656848,Michael Petersen,MIA,R,Behind (Pitcher),136,FF,0.581,0.441,22.0,1.0,1.0,0.062,0.25,0.33,0.0,0.091,0.643,94.7
656848,Michael Petersen,MIA,R,Even,207,FF,0.527,0.343,13.0,2.0,1.0,0.167,0.417,0.3,0.0,0.255,0.273,90.3
656848,Michael Petersen,MIA,R,Two-Strike,171,FF,0.614,0.626,64.0,11.0,0.0,0.18,0.262,0.215,0.547,0.26,0.296,88.1
621074,Michael Rucker,SEA,L,Ahead (Pitcher),50,CU,0.36,0.48,,,,,,,,,,
621074,Michael Rucker,SEA,L,Behind (Pitcher),77,FF,0.481,0.494,19.0,7.0,2.0,0.467,0.933,0.613,0.0,0.105,0.4,92.2
621074,Michael Rucker,SEA,L,Even,130,CU,0.385,0.308,13.0,6.0,2.0,0.5,1.0,0.65,0.0,0.225,0.462,83.5
621074,Michael Rucker,SEA,L,Two-Strike,134,CU,0.53,0.612,53.0,9.0,0.0,0.196,0.239,0.258,0.396,0.22,0.44,89.0
621074,Michael Rucker,SEA,R,Ahead (Pitcher),39,FC,0.385,0.436,,,,,,,,,,
621074,Michael Rucker,SEA,R,Behind (Pitcher),74,FF,0.324,0.365,12.0,2.0,0.0,0.182,0.182,0.208,0.0,0.185,0.364,85.6
621074,Michael Rucker,SEA,R,Even,112,SI,0.348,0.375,15.0,4.0,0.0,0.267,0.267,0.36,0.0,0.286,0.267,84.6
621074,Michael Rucker,SEA,R,Two-Strike,87,FF,0.379,0.667,49.0,5.0,0.0,0.114,0.136,0.17,0.49,0.379,0.25,88.0
647336,Michael Soroka,AZ,L,Ahead (Pitcher),252,CH,0.345,0.496,38.0,13.0,1.0,0.371,0.486,0.401,0.0,0.145,0.286,85.1
647336,Michael Soroka,AZ,L,Behind (Pitcher),431,FF,0.501,0.441,54.0,15.0,2.0,0.349,0.558,0.448,0.0,0.14,0.372,89.8
647336,Michael Soroka,AZ,L,Even,685,FF,0.418,0.353,53.0,17.0,2.0,0.321,0.604,0.407,0.0,0.151,0.377,87.4
647336,Michael Soroka,AZ,L,Two-Strike,530,SV,0.432,0.615,130.0,21.0,1.0,0.172,0.254,0.216,0.438,0.215,0.312,86.6
647336,Michael Soroka,AZ,R,Ahead (Pitcher),175,SV,0.354,0.457,20.0,6.0,0.0,0.316,0.368,0.313,0.0,0.208,0.4,82.0
647336,Michael Soroka,AZ,R,Behind (Pitcher),283,FF,0.346,0.527,26.0,7.0,1.0,0.292,0.542,0.352,0.0,0.139,0.36,90.7
647336,Michael Soroka,AZ,R,Even,487,FF,0.376,0.372,27.0,5.0,1.0,0.192,0.385,0.233,0.0,0.287,0.333,89.2
647336,Michael Soroka,AZ,R,Two-Strike,448,SV,0.464,0.614,106.0,10.0,1.0,0.105,0.147,0.186,0.481,0.275,0.302,86.1
608379,Michael Wacha,KC,L,Ahead (Pitcher),417,CH,0.398,0.561,43.0,9.0,1.0,0.209,0.302,0.285,0.0,0.236,0.279,83.0
608379,Michael Wacha,KC,L,Behind (Pitcher),611,CH,0.349,0.452,73.0,22.0,1.0,0.373,0.593,0.481,0.0,0.158,0.345,89.0
608379,Michael Wacha,KC,L,Even,1131,FF,0.384,0.424,107.0,25.0,6.0,0.234,0.449,0.288,0.0,0.204,0.327,85.4
608379,Michael Wacha,KC,L,Two-Strike,944,CH,0.38,0.603,233.0,34.0,2.0,0.161,0.218,0.227,0.408,0.175,0.293,85.5
608379,Michael Wacha,KC,R,Ahead (Pitcher),321,SL,0.361,0.458,31.0,5.0,0.0,0.172,0.241,0.213,0.0,0.179,0.345,84.6
608379,Michael Wacha,KC,R,Behind (Pitcher),521,SI,0.313,0.48,72.0,24.0,10.0,0.387,0.968,0.592,0.0,0.164,0.629,93.6
608379,Michael Wacha,KC,R,Even,934,FF,0.228,0.393,74.0,21.0,6.0,0.296,0.634,0.399,0.0,0.218,0.425,85.7
608379,Michael Wacha,KC,R,Two-Strike,728,CH,0.294,0.617,152.0,22.0,2.0,0.157,0.271,0.224,0.375,0.199,0.321,89.2
690953,Mick Abel,MIN,L,Ahead (Pitcher),80,FF,0.488,0.45,,,,,,,,,,
690953,Mick Abel,MIN,L,Behind (Pitcher),122,FF,0.598,0.459,,,,,,,,,,
690953,Mick Abel,MIN,L,Even,209,FF,0.483,0.368,,,,,,,,,,
690953,Mick Abel,MIN,L,Two-Strike,198,FF,0.374,0.631,25.0,3.0,0.0,0.143,0.19,0.234,0.44,0.162,0.3,81.1
690953,Mick Abel,MIN,R,Ahead (Pitcher),70,SL,0.271,0.6,,,,,,,,,,
690953,Mick Abel,MIN,R,Behind (Pitcher),97,FF,0.392,0.381,,,,,,,,,,
690953,Mick Abel,MIN,R,Even,156,FF,0.397,0.429,,,,,,,,,,
690953,Mick Abel,MIN,R,Two-Strike,149,FF,0.349,0.617,26.0,5.0,0.0,0.208,0.25,0.24,0.462,0.125,0.25,80.5
500743,Miguel Rojas,LAD,L,Behind (Pitcher),15,EP,0.8,0.467,,,,,,,,,,
500743,Miguel Rojas,LAD,L,Even,25,EP,0.8,0.52,,,,,,,,,,
500743,Miguel Rojas,LAD,R,Behind (Pitcher),30,EP,0.867,0.333,,,,,,,,,,
500743,Miguel Rojas,LAD,R,Even,29,EP,0.759,0.448,,,,,,,,,,
699044,Miguel Ullola,HOU,L,Behind (Pitcher),23,FF,0.913,0.391,,,,,,,,,,
699044,Miguel Ullola,HOU,L,Even,37,FF,0.73,0.378,,,,,,,,,,
699044,Miguel Ullola,HOU,L,Two-Strike,21,FF,0.762,0.762,10.0,0.0,0.0,0.0,0.0,0.0,0.7,0.312,0.667,93.3
699044,Miguel Ullola,HOU,R,Behind (Pitcher),20,FF,0.75,0.4,,,,,,,,,,
699044,Miguel Ullola,HOU,R,Even,31,FF,0.581,0.323,,,,,,,,,,
699044,Miguel Ullola,HOU,R,Two-Strike,23,FF,0.609,0.609,13.0,3.0,1.0,0.25,0.583,0.373,0.385,0.143,0.429,91.8
681347,Mike Burrows,HOU,L,Ahead (Pitcher),220,CH,0.414,0.473,22.0,6.0,4.0,0.273,0.818,0.486,0.0,0.193,0.409,89.9
681347,Mike Burrows,HOU,L,Behind (Pitcher),397,FF,0.408,0.433,56.0,18.0,3.0,0.429,0.69,0.536,0.0,0.2,0.452,90.5
681347,Mike Burrows,HOU,L,Even,615,FF,0.374,0.384,51.0,21.0,2.0,0.412,0.627,0.448,0.0,0.186,0.49,91.5
681347,Mike Burrows,HOU,L,Two-Strike,452,CH,0.409,0.597,114.0,24.0,5.0,0.238,0.446,0.336,0.325,0.184,0.312,85.3
681347,Mike Burrows,HOU,R,Ahead (Pitcher),209,FF,0.278,0.469,27.0,9.0,2.0,0.346,0.615,0.42,0.0,0.173,0.269,84.1
681347,Mike Burrows,HOU,R,Behind (Pitcher),268,FF,0.377,0.541,23.0,8.0,2.0,0.4,0.75,0.554,0.0,0.292,0.4,88.0
681347,Mike Burrows,HOU,R,Even,542,FF,0.328,0.424,45.0,17.0,1.0,0.386,0.545,0.411,0.0,0.235,0.432,89.0
681347,Mike Burrows,HOU,R,Two-Strike,409,CH,0.271,0.636,84.0,9.0,2.0,0.117,0.208,0.185,0.452,0.202,0.325,86.5
650633,Mike King,SD,L,Ahead (Pitcher),321,CH,0.48,0.461,54.0,13.0,0.0,0.241,0.296,0.249,0.0,0.195,0.296,85.0
650633,Mike King,SD,L,Behind (Pitcher),569,CH,0.33,0.446,84.0,14.0,3.0,0.209,0.388,0.354,0.0,0.226,0.397,88.9
650633,Mike King,SD,L,Even,917,CH,0.297,0.359,96.0,32.0,4.0,0.337,0.484,0.36,0.0,0.212,0.337,86.4
650633,Mike King,SD,L,Two-Strike,744,CH,0.323,0.555,239.0,32.0,6.0,0.155,0.256,0.248,0.402,0.202,0.295,87.4
650633,Mike King,SD,R,Ahead (Pitcher),235,ST,0.413,0.494,37.0,7.0,1.0,0.2,0.314,0.233,0.0,0.25,0.162,77.8
650633,Mike King,SD,R,Behind (Pitcher),337,SI,0.398,0.463,36.0,12.0,2.0,0.462,0.731,0.565,0.0,0.25,0.5,90.2
650633,Mike King,SD,R,Even,582,SI,0.442,0.342,43.0,13.0,4.0,0.325,0.7,0.458,0.0,0.267,0.359,85.5
650633,Mike King,SD,R,Two-Strike,495,ST,0.299,0.606,166.0,23.0,0.0,0.159,0.214,0.23,0.373,0.221,0.325,86.4
702474,Mike Paredes,MIN,L,Ahead (Pitcher),44,FF,0.386,0.5,10.0,3.0,0.0,0.333,0.333,0.322,0.0,0.091,0.4,82.3
702474,Mike Paredes,MIN,L,Behind (Pitcher),89,FF,0.494,0.427,21.0,2.0,0.0,0.133,0.267,0.319,0.0,0.237,0.467,91.6
702474,Mike Paredes,MIN,L,Even,132,CH,0.348,0.477,25.0,6.0,2.0,0.24,0.52,0.318,0.0,0.19,0.48,92.5
702474,Mike Paredes,MIN,L,Two-Strike,79,CH,0.367,0.633,40.0,11.0,2.0,0.333,0.576,0.447,0.15,0.08,0.571,93.4
702474,Mike Paredes,MIN,R,Ahead (Pitcher),28,FF,0.536,0.5,,,,,,,,,,
702474,Mike Paredes,MIN,R,Behind (Pitcher),40,FF,0.35,0.425,,,,,,,,,,
702474,Mike Paredes,MIN,R,Even,82,FF,0.341,0.439,16.0,6.0,1.0,0.375,0.562,0.45,0.0,0.194,0.667,93.2
702474,Mike Paredes,MIN,R,Two-Strike,58,ST,0.466,0.569,28.0,4.0,0.0,0.167,0.292,0.241,0.464,0.242,0.417,89.3
571945,Miles Mikolas,WSH,L,Ahead (Pitcher),345,FF,0.287,0.522,34.0,18.0,3.0,0.545,0.939,0.615,0.0,0.203,0.441,89.1
571945,Miles Mikolas,WSH,L,Behind (Pitcher),448,FF,0.301,0.498,53.0,17.0,1.0,0.362,0.511,0.402,0.0,0.077,0.479,92.2
571945,Miles Mikolas,WSH,L,Even,912,FF,0.31,0.393,66.0,23.0,4.0,0.348,0.606,0.434,0.0,0.129,0.485,90.1
571945,Miles Mikolas,WSH,L,Two-Strike,709,FF,0.271,0.568,131.0,22.0,5.0,0.18,0.336,0.257,0.26,0.094,0.382,89.9
571945,Miles Mikolas,WSH,R,Ahead (Pitcher),289,SL,0.336,0.495,34.0,11.0,4.0,0.324,0.706,0.498,0.0,0.143,0.636,94.0
571945,Miles Mikolas,WSH,R,Behind (Pitcher),317,SI,0.379,0.495,42.0,11.0,3.0,0.306,0.639,0.406,0.0,0.086,0.41,89.4
571945,Miles Mikolas,WSH,R,Even,705,SL,0.318,0.376,41.0,15.0,5.0,0.385,0.795,0.489,0.0,0.179,0.22,84.6
571945,Miles Mikolas,WSH,R,Two-Strike,589,FF,0.255,0.581,94.0,19.0,2.0,0.218,0.345,0.269,0.255,0.095,0.477,89.1
683352,Mitch Bratt,AZ,L,Ahead (Pitcher),24,SV,0.542,0.375,,,,,,,,,,
683352,Mitch Bratt,AZ,L,Behind (Pitcher),45,FF,0.378,0.378,,,,,,,,,,
683352,Mitch Bratt,AZ,L,Even,76,FF,0.355,0.434,20.0,3.0,1.0,0.15,0.4,0.225,0.0,0.061,0.15,77.3
683352,Mitch Bratt,AZ,L,Two-Strike,29,SV,0.517,0.724,17.0,3.0,0.0,0.188,0.312,0.294,0.353,0.238,0.1,87.0
683352,Mitch Bratt,AZ,R,Ahead (Pitcher),62,FF,0.387,0.548,13.0,4.0,0.0,0.333,0.5,0.375,0.0,0.118,0.385,80.6
683352,Mitch Bratt,AZ,R,Behind (Pitcher),137,FF,0.547,0.372,25.0,2.0,0.0,0.167,0.25,0.45,0.0,0.137,0.25,80.9
683352,Mitch Bratt,AZ,R,Even,193,FF,0.435,0.404,36.0,12.0,3.0,0.343,0.657,0.429,0.0,0.141,0.389,88.4
683352,Mitch Bratt,AZ,R,Two-Strike,164,FF,0.561,0.604,66.0,10.0,0.0,0.179,0.232,0.258,0.364,0.141,0.5,87.6
815083,Mitch Farris,LAA,L,Ahead (Pitcher),65,FF,0.354,0.477,10.0,4.0,0.0,0.4,0.4,0.4,0.0,0.292,0.556,91.9
815083,Mitch Farris,LAA,L,Behind (Pitcher),131,FF,0.603,0.359,23.0,2.0,0.0,0.154,0.231,0.434,0.0,0.267,0.5,91.4
815083,Mitch Farris,LAA,L,Even,189,FF,0.529,0.339,17.0,7.0,1.0,0.412,0.647,0.456,0.0,0.311,0.588,93.3
815083,Mitch Farris,LAA,L,Two-Strike,132,FF,0.462,0.568,54.0,6.0,1.0,0.12,0.22,0.202,0.5,0.241,0.348,88.4
815083,Mitch Farris,LAA,R,Ahead (Pitcher),92,CH,0.5,0.489,,,,,,,,,,
815083,Mitch Farris,LAA,R,Behind (Pitcher),223,FF,0.493,0.426,37.0,13.0,1.0,0.5,0.808,0.626,0.0,0.212,0.37,87.4
815083,Mitch Farris,LAA,R,Even,301,FF,0.372,0.395,32.0,13.0,5.0,0.406,0.969,0.57,0.0,0.238,0.531,91.5
815083,Mitch Farris,LAA,R,Two-Strike,226,FF,0.478,0.606,67.0,9.0,1.0,0.141,0.234,0.187,0.493,0.22,0.419,86.6
656605,Mitch Keller,PIT,L,Ahead (Pitcher),327,FF,0.404,0.471,31.0,7.0,1.0,0.226,0.419,0.302,0.0,0.178,0.355,86.4
656605,Mitch Keller,PIT,L,Behind (Pitcher),635,FF,0.45,0.487,80.0,22.0,5.0,0.319,0.609,0.446,0.0,0.127,0.507,92.0
656605,Mitch Keller,PIT,L,Even,981,FF,0.378,0.363,64.0,29.0,2.0,0.468,0.71,0.513,0.0,0.164,0.452,89.4
656605,Mitch Keller,PIT,L,Two-Strike,743,FF,0.328,0.627,145.0,26.0,3.0,0.205,0.331,0.278,0.359,0.194,0.359,88.0
656605,Mitch Keller,PIT,R,Ahead (Pitcher),280,ST,0.286,0.561,17.0,6.0,0.0,0.353,0.412,0.338,0.0,0.278,0.353,84.6
656605,Mitch Keller,PIT,R,Behind (Pitcher),404,FF,0.344,0.411,28.0,7.0,1.0,0.318,0.5,0.427,0.0,0.204,0.5,93.6
656605,Mitch Keller,PIT,R,Even,746,SI,0.351,0.381,43.0,6.0,0.0,0.146,0.146,0.179,0.0,0.187,0.415,89.8
656605,Mitch Keller,PIT,R,Two-Strike,643,ST,0.425,0.602,94.0,14.0,3.0,0.173,0.333,0.288,0.383,0.238,0.409,87.5
687765,Mitch Spence,KC,L,Ahead (Pitcher),94,FC,0.415,0.457,,,,,,,,,,
687765,Mitch Spence,KC,L,Behind (Pitcher),173,FC,0.618,0.457,11.0,2.0,0.0,0.333,0.667,0.545,0.0,0.167,0.333,89.0
687765,Mitch Spence,KC,L,Even,286,FC,0.493,0.434,,,,,,,,,,
687765,Mitch Spence,KC,L,Two-Strike,182,CU,0.412,0.604,12.0,2.0,0.0,0.25,0.25,0.383,0.333,0.3,0.0,79.3
687765,Mitch Spence,KC,R,Ahead (Pitcher),117,SL,0.385,0.59,,,,,,,,,,
687765,Mitch Spence,KC,R,Behind (Pitcher),159,FC,0.528,0.497,,,,,,,,,,
687765,Mitch Spence,KC,R,Even,300,FC,0.46,0.41,,,,,,,,,,
687765,Mitch Spence,KC,R,Two-Strike,251,SL,0.359,0.582,,,,,,,,,,
680730,Mitchell Parker,WSH,L,Ahead (Pitcher),121,SL,0.512,0.612,,,,,,,,,,
680730,Mitchell Parker,WSH,L,Behind (Pitcher),237,FF,0.616,0.473,16.0,8.0,3.0,0.615,1.538,0.909,0.0,0.242,0.692,94.0
680730,Mitchell Parker,WSH,L,Even,344,FF,0.48,0.36,16.0,4.0,1.0,0.308,0.538,0.414,0.0,0.424,0.333,81.8
680730,Mitchell Parker,WSH,L,Two-Strike,274,FF,0.445,0.657,34.0,6.0,0.0,0.194,0.194,0.221,0.441,0.302,0.312,86.4
680730,Mitchell Parker,WSH,R,Ahead (Pitcher),319,FF,0.442,0.508,,,,,,,,,,
680730,Mitchell Parker,WSH,R,Behind (Pitcher),518,FF,0.68,0.471,20.0,6.0,3.0,0.4,1.0,0.61,0.0,0.256,0.667,97.1
680730,Mitchell Parker,WSH,R,Even,873,FF,0.517,0.389,21.0,6.0,0.0,0.316,0.368,0.332,0.0,0.255,0.35,82.8
680730,Mitchell Parker,WSH,R,Two-Strike,686,FF,0.44,0.692,53.0,8.0,2.0,0.157,0.333,0.258,0.358,0.157,0.375,88.9
664702,Myles Straw,TOR,R,Even,17,EP,0.824,0.471,,,,,,,,,,
681320,Nate Lavender,NYM,L,Ahead (Pitcher),17,FF,0.529,0.765,,,,,,,,,,
681320,Nate Lavender,NYM,L,Behind (Pitcher),21,FF,0.857,0.667,,,,,,,,,,
681320,Nate Lavender,NYM,L,Even,53,FF,0.679,0.321,,,,,,,,,,
681320,Nate Lavender,NYM,L,Two-Strike,31,FF,0.613,0.548,21.0,4.0,0.0,0.19,0.238,0.188,0.667,0.353,0.143,79.8
681320,Nate Lavender,NYM,R,Ahead (Pitcher),20,FF,0.85,0.25,,,,,,,,,,
681320,Nate Lavender,NYM,R,Behind (Pitcher),27,FF,0.852,0.481,,,,,,,,,,
681320,Nate Lavender,NYM,R,Even,53,FF,0.698,0.453,,,,,,,,,,
681320,Nate Lavender,NYM,R,Two-Strike,45,FF,0.756,0.622,23.0,2.0,0.0,0.095,0.238,0.185,0.478,0.25,0.1,82.8
663878,Nate Pearson,KC,L,Ahead (Pitcher),58,FF,0.466,0.483,,,,,,,,,,
663878,Nate Pearson,KC,L,Behind (Pitcher),164,FF,0.64,0.439,28.0,7.0,0.0,0.35,0.35,0.425,0.0,0.155,0.2,84.5
663878,Nate Pearson,KC,L,Even,194,FF,0.521,0.299,18.0,2.0,0.0,0.111,0.111,0.1,0.0,0.14,0.5,94.6
663878,Nate Pearson,KC,L,Two-Strike,150,FF,0.473,0.58,60.0,7.0,0.0,0.135,0.173,0.214,0.417,0.192,0.423,92.9
663878,Nate Pearson,KC,R,Ahead (Pitcher),63,SL,0.556,0.492,,,,,,,,,,
663878,Nate Pearson,KC,R,Behind (Pitcher),103,FF,0.447,0.437,17.0,4.0,1.0,0.333,0.75,0.482,0.0,0.194,0.538,91.6
663878,Nate Pearson,KC,R,Even,167,SL,0.395,0.389,19.0,7.0,1.0,0.412,0.706,0.547,0.0,0.156,0.412,87.2
663878,Nate Pearson,KC,R,Two-Strike,110,SL,0.427,0.636,35.0,5.0,0.0,0.161,0.226,0.229,0.457,0.283,0.25,79.0
543135,Nathan Eovaldi,TEX,L,Ahead (Pitcher),303,FS,0.439,0.561,33.0,6.0,0.0,0.194,0.226,0.214,0.0,0.374,0.333,86.2
543135,Nathan Eovaldi,TEX,L,Behind (Pitcher),494,FS,0.445,0.494,64.0,15.0,1.0,0.288,0.423,0.381,0.0,0.225,0.442,88.4
543135,Nathan Eovaldi,TEX,L,Even,791,CU,0.307,0.381,68.0,29.0,6.0,0.439,0.803,0.522,0.0,0.249,0.403,88.7
543135,Nathan Eovaldi,TEX,L,Two-Strike,656,FS,0.392,0.665,163.0,32.0,5.0,0.205,0.359,0.265,0.417,0.24,0.46,90.4
543135,Nathan Eovaldi,TEX,R,Ahead (Pitcher),253,FS,0.245,0.585,32.0,11.0,0.0,0.379,0.448,0.397,0.0,0.26,0.379,87.7
543135,Nathan Eovaldi,TEX,R,Behind (Pitcher),354,FS,0.305,0.475,43.0,14.0,5.0,0.389,0.806,0.519,0.0,0.293,0.405,87.7
543135,Nathan Eovaldi,TEX,R,Even,673,FS,0.251,0.421,57.0,20.0,4.0,0.37,0.648,0.452,0.0,0.257,0.509,91.1
543135,Nathan Eovaldi,TEX,R,Two-Strike,549,FS,0.406,0.607,136.0,11.0,3.0,0.089,0.177,0.17,0.522,0.369,0.3,84.4
689546,Nick Davila,SEA,L,Ahead (Pitcher),38,SL,0.579,0.605,10.0,4.0,0.0,0.4,0.6,0.43,0.0,0.13,0.1,82.7
689546,Nick Davila,SEA,L,Behind (Pitcher),44,SL,0.545,0.523,,,,,,,,,,
689546,Nick Davila,SEA,L,Even,92,SL,0.717,0.326,14.0,6.0,1.0,0.5,0.833,0.539,0.0,0.267,0.385,91.4
689546,Nick Davila,SEA,L,Two-Strike,79,SL,0.81,0.633,37.0,6.0,0.0,0.194,0.226,0.25,0.162,0.1,0.308,89.0
689546,Nick Davila,SEA,R,Ahead (Pitcher),26,SL,0.615,0.538,,,,,,,,,,
689546,Nick Davila,SEA,R,Behind (Pitcher),55,SL,0.618,0.327,13.0,3.0,0.0,0.333,0.444,0.45,0.0,0.056,0.222,89.5
689546,Nick Davila,SEA,R,Even,65,SL,0.492,0.2,,,,,,,,,,
689546,Nick Davila,SEA,R,Two-Strike,48,SL,0.667,0.583,24.0,1.0,0.0,0.045,0.045,0.133,0.292,0.179,0.267,86.0
693308,Nick Frasso,COL,L,Ahead (Pitcher),28,CH,0.464,0.321,,,,,,,,,,
693308,Nick Frasso,COL,L,Behind (Pitcher),50,FF,0.72,0.5,,,,,,,,,,
693308,Nick Frasso,COL,L,Even,82,FF,0.573,0.366,,,,,,,,,,
693308,Nick Frasso,COL,L,Two-Strike,71,FF,0.493,0.634,35.0,5.0,0.0,0.167,0.2,0.259,0.4,0.222,0.375,93.2
693308,Nick Frasso,COL,R,Ahead (Pitcher),21,FF,0.476,0.524,,,,,,,,,,
693308,Nick Frasso,COL,R,Behind (Pitcher),17,FF,0.882,0.647,,,,,,,,,,
693308,Nick Frasso,COL,R,Even,53,FF,0.491,0.472,12.0,5.0,1.0,0.417,0.833,0.525,0.0,0.2,0.5,87.5
693308,Nick Frasso,COL,R,Two-Strike,43,FF,0.535,0.419,17.0,5.0,0.0,0.385,0.538,0.471,0.412,0.278,0.167,88.4
666157,Nick Lodolo,CIN,L,Ahead (Pitcher),134,CU,0.582,0.455,10.0,4.0,0.0,0.5,0.625,0.535,0.0,0.25,0.125,85.2
666157,Nick Lodolo,CIN,L,Behind (Pitcher),207,SI,0.604,0.406,26.0,11.0,2.0,0.5,1.0,0.666,0.0,0.209,0.571,96.7
666157,Nick Lodolo,CIN,L,Even,350,CU,0.414,0.337,19.0,6.0,2.0,0.353,0.706,0.474,0.0,0.288,0.353,86.6
666157,Nick Lodolo,CIN,L,Two-Strike,286,CU,0.476,0.57,58.0,10.0,0.0,0.2,0.22,0.246,0.414,0.243,0.259,83.2
666157,Nick Lodolo,CIN,R,Ahead (Pitcher),454,FF,0.368,0.48,33.0,6.0,0.0,0.2,0.233,0.208,0.0,0.188,0.455,90.8
666157,Nick Lodolo,CIN,R,Behind (Pitcher),673,CH,0.319,0.478,74.0,13.0,4.0,0.26,0.56,0.432,0.0,0.172,0.357,86.3
666157,Nick Lodolo,CIN,R,Even,1187,CH,0.3,0.409,68.0,25.0,7.0,0.379,0.788,0.485,0.0,0.208,0.507,93.7
666157,Nick Lodolo,CIN,R,Two-Strike,999,FF,0.347,0.601,169.0,32.0,5.0,0.222,0.389,0.319,0.331,0.187,0.389,88.6
607259,Nick Martínez,TB,L,Ahead (Pitcher),361,CH,0.341,0.496,45.0,13.0,0.0,0.289,0.378,0.291,0.0,0.21,0.244,86.2
607259,Nick Martínez,TB,L,Behind (Pitcher),577,FC,0.307,0.466,82.0,17.0,4.0,0.227,0.44,0.317,0.0,0.15,0.387,88.8
607259,Nick Martínez,TB,L,Even,998,FC,0.244,0.358,96.0,31.0,4.0,0.33,0.532,0.377,0.0,0.195,0.385,88.8
607259,Nick Martínez,TB,L,Two-Strike,766,CH,0.328,0.623,187.0,29.0,5.0,0.164,0.288,0.22,0.348,0.139,0.33,86.8
607259,Nick Martínez,TB,R,Ahead (Pitcher),332,SI,0.274,0.536,36.0,13.0,1.0,0.361,0.472,0.365,0.0,0.209,0.194,83.2
607259,Nick Martínez,TB,R,Behind (Pitcher),464,SI,0.369,0.53,66.0,21.0,0.0,0.344,0.377,0.348,0.0,0.105,0.339,84.6
607259,Nick Martínez,TB,R,Even,895,SI,0.378,0.38,64.0,18.0,4.0,0.295,0.574,0.374,0.0,0.152,0.365,86.1
607259,Nick Martínez,TB,R,Two-Strike,664,SI,0.252,0.62,130.0,22.0,4.0,0.177,0.306,0.229,0.331,0.15,0.247,83.7
683232,Nick Mears,KC,L,Ahead (Pitcher),70,FF,0.471,0.571,,,,,,,,,,
683232,Nick Mears,KC,L,Behind (Pitcher),112,FF,0.58,0.455,,,,,,,,,,
683232,Nick Mears,KC,L,Even,184,FF,0.533,0.337,,,,,,,,,,
683232,Nick Mears,KC,L,Two-Strike,183,FF,0.481,0.689,27.0,4.0,0.0,0.167,0.292,0.25,0.296,0.077,0.375,85.0
683232,Nick Mears,KC,R,Ahead (Pitcher),83,SL,0.482,0.542,,,,,,,,,,
683232,Nick Mears,KC,R,Behind (Pitcher),129,SL,0.473,0.519,13.0,4.0,1.0,0.364,0.818,0.523,0.0,0.19,1.0,101.4
683232,Nick Mears,KC,R,Even,230,FF,0.47,0.448,,,,,,,,,,
683232,Nick Mears,KC,R,Two-Strike,202,SL,0.48,0.574,17.0,1.0,0.0,0.077,0.077,0.218,0.412,0.273,0.333,91.5
601713,Nick Pivetta,SD,L,Ahead (Pitcher),229,FF,0.555,0.428,,,,,,,,,,
601713,Nick Pivetta,SD,L,Behind (Pitcher),362,FF,0.533,0.376,10.0,3.0,0.0,0.333,0.444,0.375,0.0,0.083,0.444,91.2
601713,Nick Pivetta,SD,L,Even,604,FF,0.526,0.366,14.0,4.0,0.0,0.286,0.357,0.282,0.0,0.108,0.286,86.8
601713,Nick Pivetta,SD,L,Two-Strike,500,FF,0.558,0.618,39.0,5.0,0.0,0.139,0.194,0.187,0.513,0.213,0.438,90.6
601713,Nick Pivetta,SD,R,Ahead (Pitcher),205,ST,0.395,0.517,,,,,,,,,,
601713,Nick Pivetta,SD,R,Behind (Pitcher),347,FF,0.378,0.493,10.0,1.0,0.0,0.125,0.125,0.23,0.0,0.222,0.375,86.3
601713,Nick Pivetta,SD,R,Even,587,FF,0.409,0.38,,,,,,,,,,
601713,Nick Pivetta,SD,R,Two-Strike,513,FF,0.48,0.632,30.0,5.0,1.0,0.172,0.31,0.222,0.5,0.204,0.214,90.3
675919,Nick Raquet,BAL,L,Even,15,SL,0.4,0.333,,,,,,,,,,
675919,Nick Raquet,BAL,R,Even,18,SL,0.444,0.222,,,,,,,,,,
675919,Nick Raquet,BAL,R,Two-Strike,17,ST,0.706,0.765,,,,,,,,,,
680704,Nick Sandlin,LAA,L,Ahead (Pitcher),22,FS,0.591,0.591,,,,,,,,,,
680704,Nick Sandlin,LAA,L,Behind (Pitcher),60,SL,0.467,0.317,,,,,,,,,,
680704,Nick Sandlin,LAA,L,Even,63,SL,0.524,0.302,,,,,,,,,,
680704,Nick Sandlin,LAA,L,Two-Strike,60,FS,0.483,0.583,,,,,,,,,,
680704,Nick Sandlin,LAA,R,Ahead (Pitcher),26,SL,0.692,0.5,,,,,,,,,,
680704,Nick Sandlin,LAA,R,Behind (Pitcher),62,SL,0.532,0.355,,,,,,,,,,
680704,Nick Sandlin,LAA,R,Even,85,SL,0.647,0.329,,,,,,,,,,
680704,Nick Sandlin,LAA,R,Two-Strike,69,SL,0.609,0.594,12.0,1.0,0.0,0.091,0.091,0.208,0.25,0.133,0.375,84.7
670032,Nicky Lopez,TEX,R,Behind (Pitcher),15,FA,0.933,0.333,,,,,,,,,,
702070,Noah Cameron,KC,L,Ahead (Pitcher),143,SL,0.357,0.427,12.0,2.0,0.0,0.167,0.167,0.225,0.0,0.3,0.25,85.3
702070,Noah Cameron,KC,L,Behind (Pitcher),267,FC,0.311,0.468,38.0,13.0,1.0,0.394,0.576,0.462,0.0,0.195,0.382,90.4
702070,Noah Cameron,KC,L,Even,434,FF,0.306,0.38,34.0,15.0,3.0,0.484,0.935,0.592,0.0,0.235,0.471,87.6
702070,Noah Cameron,KC,L,Two-Strike,346,SL,0.306,0.613,88.0,14.0,1.0,0.169,0.229,0.203,0.443,0.237,0.318,87.1
702070,Noah Cameron,KC,R,Ahead (Pitcher),463,CH,0.279,0.477,46.0,12.0,2.0,0.267,0.467,0.34,0.0,0.236,0.356,86.3
702070,Noah Cameron,KC,R,Behind (Pitcher),866,FC,0.363,0.503,98.0,31.0,3.0,0.378,0.72,0.514,0.0,0.268,0.494,92.1
702070,Noah Cameron,KC,R,Even,1360,FF,0.255,0.37,112.0,32.0,5.0,0.291,0.473,0.333,0.0,0.245,0.375,84.4
702070,Noah Cameron,KC,R,Two-Strike,1082,CU,0.296,0.581,289.0,34.0,4.0,0.133,0.2,0.22,0.401,0.223,0.321,88.4
668716,Noah Murdock,PIT,L,Ahead (Pitcher),20,SI,0.55,0.65,,,,,,,,,,
668716,Noah Murdock,PIT,L,Behind (Pitcher),34,SI,0.5,0.294,,,,,,,,,,
668716,Noah Murdock,PIT,L,Even,45,SI,0.533,0.244,,,,,,,,,,
668716,Noah Murdock,PIT,L,Two-Strike,44,SI,0.545,0.409,,,,,,,,,,
668716,Noah Murdock,PIT,R,Ahead (Pitcher),50,SI,0.54,0.4,,,,,,,,,,
668716,Noah Murdock,PIT,R,Behind (Pitcher),62,SI,0.694,0.21,,,,,,,,,,
668716,Noah Murdock,PIT,R,Even,107,SI,0.551,0.29,,,,,,,,,,
668716,Noah Murdock,PIT,R,Two-Strike,106,SI,0.434,0.547,,,,,,,,,,
702273,Noah Schultz,CWS,L,Ahead (Pitcher),38,ST,0.395,0.395,10.0,4.0,0.0,0.5,0.5,0.5,0.0,0.0,0.0,71.9
702273,Noah Schultz,CWS,L,Behind (Pitcher),61,SI,0.492,0.41,12.0,3.0,0.0,0.375,0.375,0.458,0.0,0.16,0.375,84.6
702273,Noah Schultz,CWS,L,Even,101,SI,0.416,0.317,12.0,2.0,1.0,0.2,0.6,0.365,0.0,0.25,0.167,76.7
702273,Noah Schultz,CWS,L,Two-Strike,80,ST,0.275,0.562,37.0,4.0,0.0,0.129,0.161,0.226,0.378,0.133,0.375,89.3
702273,Noah Schultz,CWS,R,Ahead (Pitcher),119,FC,0.361,0.529,18.0,5.0,1.0,0.294,0.471,0.447,0.0,0.238,0.556,88.7
702273,Noah Schultz,CWS,R,Behind (Pitcher),199,SI,0.347,0.432,49.0,9.0,1.0,0.237,0.342,0.382,0.0,0.198,0.436,88.9
702273,Noah Schultz,CWS,R,Even,321,SI,0.274,0.336,41.0,12.0,3.0,0.3,0.575,0.378,0.0,0.231,0.415,87.0
702273,Noah Schultz,CWS,R,Two-Strike,301,FF,0.329,0.551,132.0,25.0,3.0,0.219,0.395,0.315,0.379,0.193,0.415,90.3
676510,Nolan Hoffman,KC,L,Behind (Pitcher),29,FF,0.448,0.448,,,,,,,,,,
676510,Nolan Hoffman,KC,L,Even,38,FC,0.395,0.342,,,,,,,,,,
676510,Nolan Hoffman,KC,L,Two-Strike,34,FF,0.588,0.588,11.0,2.0,0.0,0.25,0.25,0.291,0.545,0.235,0.667,89.3
676510,Nolan Hoffman,KC,R,Ahead (Pitcher),17,SI,0.353,0.647,,,,,,,,,,
676510,Nolan Hoffman,KC,R,Behind (Pitcher),28,SI,0.536,0.393,,,,,,,,,,
676510,Nolan Hoffman,KC,R,Even,45,SI,0.511,0.356,11.0,4.0,0.0,0.4,0.4,0.38,0.0,0.125,0.091,72.2
676510,Nolan Hoffman,KC,R,Two-Strike,19,FF,0.316,0.737,11.0,2.0,0.0,0.2,0.2,0.164,0.364,0.154,0.286,86.1
690997,Nolan Mclean,NYM,L,Ahead (Pitcher),272,CH,0.213,0.412,34.0,9.0,0.0,0.273,0.364,0.296,0.0,0.198,0.314,86.5
690997,Nolan Mclean,NYM,L,Behind (Pitcher),498,SI,0.373,0.432,103.0,19.0,4.0,0.257,0.446,0.423,0.0,0.165,0.461,91.0
690997,Nolan Mclean,NYM,L,Even,778,SI,0.274,0.364,79.0,38.0,5.0,0.507,0.8,0.606,0.0,0.235,0.455,89.0
690997,Nolan Mclean,NYM,L,Two-Strike,591,CU,0.393,0.57,238.0,32.0,4.0,0.15,0.229,0.214,0.5,0.24,0.385,88.3
690997,Nolan Mclean,NYM,R,Ahead (Pitcher),187,SI,0.332,0.481,26.0,3.0,0.0,0.125,0.167,0.144,0.0,0.224,0.308,86.0
690997,Nolan Mclean,NYM,R,Behind (Pitcher),320,SI,0.488,0.419,51.0,13.0,4.0,0.317,0.659,0.476,0.0,0.179,0.39,88.9
690997,Nolan Mclean,NYM,R,Even,521,SI,0.488,0.307,40.0,6.0,0.0,0.167,0.222,0.208,0.0,0.236,0.211,79.5
690997,Nolan Mclean,NYM,R,Two-Strike,488,CU,0.262,0.547,174.0,20.0,0.0,0.13,0.149,0.195,0.431,0.221,0.203,84.0
689147,Orion Kerkering,PHI,L,Ahead (Pitcher),125,FF,0.464,0.376,,,,,,,,,,
689147,Orion Kerkering,PHI,L,Behind (Pitcher),217,FF,0.484,0.378,23.0,6.0,0.0,0.429,0.571,0.582,0.0,0.347,0.615,94.8
689147,Orion Kerkering,PHI,L,Even,344,ST,0.485,0.346,20.0,4.0,0.0,0.211,0.263,0.198,0.0,0.234,0.3,86.1
689147,Orion Kerkering,PHI,L,Two-Strike,306,FF,0.471,0.562,75.0,12.0,1.0,0.185,0.308,0.287,0.427,0.256,0.273,85.4
689147,Orion Kerkering,PHI,R,Ahead (Pitcher),160,ST,0.494,0.463,16.0,6.0,1.0,0.4,0.6,0.447,0.0,0.081,0.375,84.0
689147,Orion Kerkering,PHI,R,Behind (Pitcher),267,ST,0.412,0.322,25.0,5.0,0.0,0.312,0.375,0.446,0.0,0.209,0.25,84.9
689147,Orion Kerkering,PHI,R,Even,413,ST,0.446,0.293,22.0,4.0,0.0,0.222,0.278,0.389,0.0,0.263,0.222,85.3
689147,Orion Kerkering,PHI,R,Two-Strike,348,ST,0.503,0.612,78.0,10.0,1.0,0.141,0.268,0.219,0.397,0.247,0.25,80.9
687377,Orlando Ribalta,WSH,L,Ahead (Pitcher),63,CH,0.413,0.46,,,,,,,,,,
687377,Orlando Ribalta,WSH,L,Behind (Pitcher),138,FF,0.471,0.42,17.0,1.0,0.0,0.083,0.167,0.279,0.0,0.323,0.417,89.2
687377,Orlando Ribalta,WSH,L,Even,192,FF,0.443,0.391,,,,,,,,,,
687377,Orlando Ribalta,WSH,L,Two-Strike,230,FF,0.409,0.596,56.0,7.0,2.0,0.149,0.298,0.258,0.393,0.141,0.308,85.9
687377,Orlando Ribalta,WSH,R,Ahead (Pitcher),92,SL,0.424,0.63,14.0,5.0,2.0,0.357,0.786,0.479,0.0,0.147,0.357,82.3
687377,Orlando Ribalta,WSH,R,Behind (Pitcher),123,SI,0.455,0.463,14.0,4.0,0.0,0.4,0.5,0.432,0.0,0.25,0.273,84.7
687377,Orlando Ribalta,WSH,R,Even,220,SL,0.414,0.386,17.0,5.0,1.0,0.294,0.471,0.329,0.0,0.259,0.235,83.2
687377,Orlando Ribalta,WSH,R,Two-Strike,194,SL,0.33,0.649,50.0,11.0,0.0,0.229,0.271,0.24,0.38,0.229,0.321,82.8
674370,Osvaldo Bido,CWS,L,Ahead (Pitcher),98,FF,0.429,0.561,,,,,,,,,,
674370,Osvaldo Bido,CWS,L,Behind (Pitcher),161,FF,0.491,0.466,,,,,,,,,,
674370,Osvaldo Bido,CWS,L,Even,260,FF,0.431,0.431,,,,,,,,,,
674370,Osvaldo Bido,CWS,L,Two-Strike,246,FF,0.447,0.589,19.0,0.0,0.0,0.0,0.0,0.147,0.263,0.083,0.2,83.4
674370,Osvaldo Bido,CWS,R,Ahead (Pitcher),137,SI,0.358,0.445,,,,,,,,,,
674370,Osvaldo Bido,CWS,R,Behind (Pitcher),190,SL,0.342,0.495,,,,,,,,,,
674370,Osvaldo Bido,CWS,R,Even,351,FF,0.308,0.393,10.0,2.0,0.0,0.286,0.286,0.39,0.0,0.44,0.429,93.9
674370,Osvaldo Bido,CWS,R,Two-Strike,260,SL,0.369,0.565,26.0,5.0,0.0,0.217,0.217,0.254,0.231,0.133,0.294,85.1
702566,Owen Murphy,ATL,L,Behind (Pitcher),18,FF,0.5,0.611,,,,,,,,,,
702566,Owen Murphy,ATL,L,Even,38,FF,0.474,0.368,,,,,,,,,,
702566,Owen Murphy,ATL,L,Two-Strike,32,FF,0.656,0.688,15.0,5.0,1.0,0.385,0.615,0.467,0.333,0.182,0.625,95.1
702566,Owen Murphy,ATL,R,Ahead (Pitcher),16,FF,0.375,0.562,,,,,,,,,,
702566,Owen Murphy,ATL,R,Behind (Pitcher),15,FF,0.533,0.6,,,,,,,,,,
702566,Owen Murphy,ATL,R,Even,40,FF,0.6,0.5,,,,,,,,,,
702566,Owen Murphy,ATL,R,Two-Strike,39,FF,0.462,0.641,16.0,3.0,0.0,0.2,0.267,0.291,0.25,0.12,0.364,86.2
800048,Parker Messick,CLE,L,Ahead (Pitcher),132,SL,0.28,0.394,12.0,5.0,1.0,0.417,0.667,0.467,0.0,0.195,0.333,89.4
800048,Parker Messick,CLE,L,Behind (Pitcher),162,SI,0.438,0.451,28.0,4.0,0.0,0.2,0.25,0.341,0.0,0.29,0.5,89.9
800048,Parker Messick,CLE,L,Even,345,FF,0.452,0.464,46.0,10.0,2.0,0.233,0.442,0.303,0.0,0.226,0.244,81.7
800048,Parker Messick,CLE,L,Two-Strike,282,FF,0.298,0.592,114.0,24.0,2.0,0.222,0.343,0.267,0.421,0.241,0.317,84.4
800048,Parker Messick,CLE,R,Ahead (Pitcher),320,FF,0.381,0.466,42.0,12.0,2.0,0.293,0.512,0.356,0.0,0.267,0.302,86.0
800048,Parker Messick,CLE,R,Behind (Pitcher),557,FF,0.413,0.458,107.0,26.0,3.0,0.28,0.462,0.382,0.0,0.159,0.451,90.4
800048,Parker Messick,CLE,R,Even,921,FF,0.407,0.379,91.0,28.0,3.0,0.318,0.523,0.354,0.0,0.213,0.407,88.8
800048,Parker Messick,CLE,R,Two-Strike,796,FF,0.451,0.594,290.0,34.0,4.0,0.126,0.208,0.187,0.493,0.268,0.238,83.6
656786,Parker Mushinski,COL,L,Even,31,ST,0.355,0.419,,,,,,,,,,
656786,Parker Mushinski,COL,L,Two-Strike,29,ST,0.448,0.621,10.0,2.0,0.0,0.25,0.25,0.32,0.0,0.0,0.375,90.7
656786,Parker Mushinski,COL,R,Behind (Pitcher),23,FF,0.435,0.217,,,,,,,,,,
656786,Parker Mushinski,COL,R,Even,15,CU,0.333,0.067,,,,,,,,,,
571578,Patrick Corbin,TOR,L,Ahead (Pitcher),133,SL,0.519,0.436,,,,,,,,,,
571578,Patrick Corbin,TOR,L,Behind (Pitcher),240,SI,0.367,0.412,15.0,3.0,1.0,0.273,0.545,0.453,0.0,0.25,0.5,89.5
571578,Patrick Corbin,TOR,L,Even,377,SI,0.401,0.385,18.0,5.0,0.0,0.312,0.312,0.318,0.0,0.25,0.444,79.9
571578,Patrick Corbin,TOR,L,Two-Strike,329,SL,0.48,0.562,57.0,12.0,0.0,0.218,0.291,0.254,0.439,0.25,0.4,86.7
571578,Patrick Corbin,TOR,R,Ahead (Pitcher),402,CH,0.264,0.478,29.0,8.0,0.0,0.296,0.37,0.339,0.0,0.175,0.519,89.6
571578,Patrick Corbin,TOR,R,Behind (Pitcher),608,SI,0.316,0.479,61.0,23.0,5.0,0.434,0.849,0.561,0.0,0.1,0.528,93.7
571578,Patrick Corbin,TOR,R,Even,1050,SL,0.267,0.402,52.0,20.0,3.0,0.417,0.688,0.477,0.0,0.226,0.388,88.3
571578,Patrick Corbin,TOR,R,Two-Strike,864,SL,0.343,0.543,120.0,24.0,3.0,0.222,0.333,0.286,0.317,0.15,0.314,85.3
687287,Patrick Monteverde,MIA,L,Behind (Pitcher),15,FC,0.467,0.667,,,,,,,,,,
687287,Patrick Monteverde,MIA,L,Even,25,FC,0.44,0.4,,,,,,,,,,
687287,Patrick Monteverde,MIA,L,Two-Strike,25,FC,0.4,0.6,,,,,,,,,,
687287,Patrick Monteverde,MIA,R,Behind (Pitcher),21,FC,0.333,0.524,,,,,,,,,,
687287,Patrick Monteverde,MIA,R,Even,29,SI,0.241,0.483,,,,,,,,,,
687287,Patrick Monteverde,MIA,R,Two-Strike,22,FC,0.318,0.682,,,,,,,,,,
663776,Patrick Sandoval,BOS,L,Ahead (Pitcher),38,SI,0.474,0.632,11.0,5.0,1.0,0.5,0.9,0.615,0.0,0.125,0.364,85.3
663776,Patrick Sandoval,BOS,L,Behind (Pitcher),86,SI,0.488,0.43,16.0,7.0,1.0,0.538,0.846,0.616,0.0,0.216,0.615,95.0
663776,Patrick Sandoval,BOS,L,Even,116,SI,0.397,0.276,18.0,10.0,0.0,0.556,0.667,0.539,0.0,0.094,0.222,82.5
663776,Patrick Sandoval,BOS,L,Two-Strike,80,ST,0.338,0.5,40.0,6.0,1.0,0.182,0.273,0.285,0.55,0.3,0.182,81.4
663776,Patrick Sandoval,BOS,R,Ahead (Pitcher),95,CH,0.547,0.558,21.0,6.0,0.0,0.316,0.368,0.317,0.0,0.283,0.238,83.3
663776,Patrick Sandoval,BOS,R,Behind (Pitcher),196,FF,0.357,0.434,46.0,17.0,4.0,0.531,0.969,0.641,0.0,0.176,0.515,92.8
663776,Patrick Sandoval,BOS,R,Even,290,FF,0.324,0.39,42.0,12.0,0.0,0.286,0.381,0.29,0.0,0.23,0.333,84.8
663776,Patrick Sandoval,BOS,R,Two-Strike,208,CH,0.409,0.654,101.0,15.0,0.0,0.165,0.209,0.226,0.446,0.25,0.326,85.7
621112,Paul Blackburn,NYY,L,Ahead (Pitcher),118,CH,0.441,0.483,16.0,2.0,1.0,0.125,0.312,0.181,0.0,0.158,0.312,79.8
621112,Paul Blackburn,NYY,L,Behind (Pitcher),221,CH,0.294,0.498,43.0,11.0,1.0,0.367,0.533,0.484,0.0,0.179,0.5,91.0
621112,Paul Blackburn,NYY,L,Even,361,FC,0.296,0.402,41.0,10.0,3.0,0.244,0.512,0.317,0.0,0.19,0.268,86.2
621112,Paul Blackburn,NYY,L,Two-Strike,233,CU,0.365,0.614,72.0,7.0,0.0,0.106,0.121,0.151,0.472,0.312,0.194,84.8
621112,Paul Blackburn,NYY,R,Ahead (Pitcher),116,SI,0.31,0.431,13.0,3.0,0.0,0.231,0.308,0.235,0.0,0.167,0.462,89.0
621112,Paul Blackburn,NYY,R,Behind (Pitcher),220,SI,0.532,0.436,25.0,5.0,0.0,0.263,0.263,0.384,0.0,0.286,0.526,89.1
621112,Paul Blackburn,NYY,R,Even,345,SI,0.597,0.345,38.0,8.0,1.0,0.216,0.297,0.261,0.0,0.12,0.27,86.8
621112,Paul Blackburn,NYY,R,Two-Strike,274,SI,0.405,0.558,80.0,12.0,1.0,0.162,0.23,0.21,0.412,0.202,0.405,87.0
801434,Paul Gervase,LAD,L,Behind (Pitcher),31,FF,0.581,0.355,,,,,,,,,,
801434,Paul Gervase,LAD,L,Even,44,FF,0.591,0.386,,,,,,,,,,
801434,Paul Gervase,LAD,L,Two-Strike,28,FF,0.643,0.679,,,,,,,,,,
801434,Paul Gervase,LAD,R,Ahead (Pitcher),18,SL,0.556,0.611,,,,,,,,,,
801434,Paul Gervase,LAD,R,Behind (Pitcher),47,FF,0.532,0.255,,,,,,,,,,
801434,Paul Gervase,LAD,R,Even,55,SL,0.545,0.291,,,,,,,,,,
801434,Paul Gervase,LAD,R,Two-Strike,24,FF,0.542,0.75,,,,,,,,,,
623149,Paul Sewald,TOR,L,Ahead (Pitcher),87,FF,0.609,0.506,13.0,5.0,2.0,0.417,1.167,0.65,0.0,0.062,0.417,89.9
623149,Paul Sewald,TOR,L,Behind (Pitcher),132,FF,0.568,0.439,24.0,6.0,2.0,0.333,0.667,0.463,0.0,0.133,0.368,85.9
623149,Paul Sewald,TOR,L,Even,230,FF,0.535,0.396,19.0,5.0,1.0,0.278,0.5,0.342,0.0,0.279,0.368,90.9
623149,Paul Sewald,TOR,L,Two-Strike,189,FF,0.624,0.693,62.0,11.0,3.0,0.186,0.39,0.264,0.452,0.204,0.484,89.8
623149,Paul Sewald,TOR,R,Ahead (Pitcher),67,ST,0.537,0.582,10.0,4.0,1.0,0.4,0.7,0.56,0.0,0.357,0.4,90.1
623149,Paul Sewald,TOR,R,Behind (Pitcher),111,FF,0.622,0.405,16.0,1.0,0.0,0.083,0.083,0.188,0.0,0.2,0.308,91.4
623149,Paul Sewald,TOR,R,Even,181,FF,0.552,0.392,11.0,2.0,1.0,0.2,0.6,0.359,0.0,0.326,0.6,94.8
623149,Paul Sewald,TOR,R,Two-Strike,158,FF,0.519,0.665,59.0,5.0,3.0,0.091,0.273,0.189,0.424,0.228,0.29,87.7
694973,Paul Skenes,PIT,L,Ahead (Pitcher),376,FF,0.473,0.495,31.0,7.0,0.0,0.226,0.323,0.237,0.0,0.255,0.323,84.3
694973,Paul Skenes,PIT,L,Behind (Pitcher),714,FF,0.48,0.494,85.0,26.0,8.0,0.426,0.902,0.615,0.0,0.235,0.5,93.0
694973,Paul Skenes,PIT,L,Even,1135,FF,0.447,0.424,67.0,14.0,3.0,0.222,0.429,0.272,0.0,0.332,0.373,86.4
694973,Paul Skenes,PIT,L,Two-Strike,1036,FF,0.445,0.622,221.0,33.0,1.0,0.159,0.236,0.202,0.489,0.231,0.378,87.8
694973,Paul Skenes,PIT,R,Ahead (Pitcher),339,FF,0.304,0.484,34.0,9.0,1.0,0.281,0.406,0.322,0.0,0.23,0.281,81.6
694973,Paul Skenes,PIT,R,Behind (Pitcher),465,FF,0.391,0.467,43.0,11.0,1.0,0.297,0.405,0.403,0.0,0.221,0.378,87.6
694973,Paul Skenes,PIT,R,Even,877,FF,0.281,0.387,47.0,16.0,2.0,0.39,0.634,0.476,0.0,0.234,0.349,85.4
694973,Paul Skenes,PIT,R,Two-Strike,849,FF,0.342,0.616,163.0,27.0,3.0,0.178,0.276,0.231,0.509,0.273,0.371,85.3
687606,Paxton Schultz,WSH,L,Ahead (Pitcher),69,FC,0.362,0.507,,,,,,,,,,
687606,Paxton Schultz,WSH,L,Behind (Pitcher),124,FC,0.476,0.387,16.0,6.0,2.0,0.4,0.8,0.58,0.0,0.103,0.571,92.5
687606,Paxton Schultz,WSH,L,Even,194,FC,0.443,0.289,16.0,7.0,1.0,0.438,0.625,0.519,0.0,0.067,0.188,83.3
687606,Paxton Schultz,WSH,L,Two-Strike,186,FF,0.489,0.5,41.0,5.0,0.0,0.147,0.147,0.235,0.39,0.178,0.412,93.7
687606,Paxton Schultz,WSH,R,Ahead (Pitcher),74,FF,0.324,0.446,,,,,,,,,,
687606,Paxton Schultz,WSH,R,Behind (Pitcher),79,FC,0.544,0.595,,,,,,,,,,
687606,Paxton Schultz,WSH,R,Even,181,FC,0.519,0.425,16.0,6.0,1.0,0.4,0.667,0.47,0.0,0.209,0.438,88.3
687606,Paxton Schultz,WSH,R,Two-Strike,153,FF,0.471,0.536,43.0,8.0,1.0,0.2,0.35,0.25,0.349,0.184,0.44,90.2
801139,Payton Tolle,BOS,L,Ahead (Pitcher),92,FF,0.38,0.5,20.0,6.0,1.0,0.316,0.474,0.405,0.0,0.209,0.158,81.6
801139,Payton Tolle,BOS,L,Behind (Pitcher),132,SI,0.371,0.47,27.0,3.0,0.0,0.143,0.238,0.281,0.0,0.268,0.381,84.7
801139,Payton Tolle,BOS,L,Even,257,SI,0.405,0.436,46.0,16.0,3.0,0.356,0.622,0.452,0.0,0.282,0.289,82.6
801139,Payton Tolle,BOS,L,Two-Strike,173,FF,0.468,0.659,79.0,15.0,2.0,0.197,0.303,0.246,0.494,0.24,0.324,87.8
801139,Payton Tolle,BOS,R,Ahead (Pitcher),278,FF,0.486,0.536,33.0,12.0,2.0,0.387,0.645,0.436,0.0,0.225,0.382,89.8
801139,Payton Tolle,BOS,R,Behind (Pitcher),356,FF,0.435,0.528,73.0,15.0,2.0,0.288,0.519,0.47,0.0,0.262,0.346,87.1
801139,Payton Tolle,BOS,R,Even,674,FF,0.518,0.453,67.0,18.0,3.0,0.277,0.492,0.336,0.0,0.27,0.288,84.8
801139,Payton Tolle,BOS,R,Two-Strike,628,FF,0.537,0.693,255.0,38.0,2.0,0.156,0.243,0.197,0.518,0.236,0.42,88.6
664126,Pete Fairbanks,MIA,L,Ahead (Pitcher),116,FF,0.491,0.491,,,,,,,,,,
664126,Pete Fairbanks,MIA,L,Behind (Pitcher),193,FF,0.57,0.404,20.0,5.0,3.0,0.357,1.0,0.653,0.0,0.312,0.615,93.2
664126,Pete Fairbanks,MIA,L,Even,310,FF,0.535,0.335,15.0,6.0,1.0,0.4,0.8,0.503,0.0,0.396,0.6,97.3
664126,Pete Fairbanks,MIA,L,Two-Strike,296,FF,0.429,0.611,62.0,9.0,3.0,0.164,0.382,0.294,0.435,0.151,0.345,87.7
664126,Pete Fairbanks,MIA,R,Ahead (Pitcher),122,FF,0.484,0.525,,,,,,,,,,
664126,Pete Fairbanks,MIA,R,Behind (Pitcher),142,FF,0.655,0.415,,,,,,,,,,
664126,Pete Fairbanks,MIA,R,Even,279,FF,0.484,0.409,,,,,,,,,,
664126,Pete Fairbanks,MIA,R,Two-Strike,297,FF,0.438,0.62,57.0,7.0,1.0,0.137,0.235,0.216,0.526,0.288,0.333,88.5
663567,Peter Lambert,HOU,L,Ahead (Pitcher),182,CH,0.313,0.484,30.0,6.0,0.0,0.214,0.214,0.234,0.0,0.307,0.37,89.7
663567,Peter Lambert,HOU,L,Behind (Pitcher),333,CH,0.357,0.471,70.0,9.0,1.0,0.18,0.26,0.352,0.0,0.236,0.392,88.7
663567,Peter Lambert,HOU,L,Even,502,FF,0.345,0.363,68.0,17.0,2.0,0.279,0.426,0.327,0.0,0.209,0.354,86.3
663567,Peter Lambert,HOU,L,Two-Strike,444,CH,0.345,0.595,191.0,29.0,3.0,0.178,0.264,0.281,0.403,0.231,0.321,86.5
663567,Peter Lambert,HOU,R,Ahead (Pitcher),158,FF,0.253,0.468,34.0,13.0,1.0,0.394,0.485,0.394,0.0,0.149,0.471,85.6
663567,Peter Lambert,HOU,R,Behind (Pitcher),194,FF,0.309,0.464,41.0,9.0,2.0,0.31,0.552,0.465,0.0,0.189,0.241,88.3
663567,Peter Lambert,HOU,R,Even,398,SI,0.291,0.425,57.0,20.0,1.0,0.357,0.482,0.372,0.0,0.225,0.321,84.9
663567,Peter Lambert,HOU,R,Two-Strike,330,FF,0.361,0.652,152.0,25.0,5.0,0.17,0.32,0.231,0.454,0.219,0.392,88.0
657265,Peter Strzelecki,STL,L,Behind (Pitcher),35,SI,0.514,0.486,,,,,,,,,,
657265,Peter Strzelecki,STL,L,Even,43,CU,0.442,0.256,,,,,,,,,,
657265,Peter Strzelecki,STL,L,Two-Strike,41,CU,0.39,0.561,16.0,2.0,0.0,0.154,0.154,0.244,0.438,0.217,0.5,94.3
657265,Peter Strzelecki,STL,R,Ahead (Pitcher),15,SI,0.533,0.133,,,,,,,,,,
657265,Peter Strzelecki,STL,R,Behind (Pitcher),33,SI,0.606,0.455,10.0,3.0,1.0,0.375,0.75,0.45,0.0,0.2,0.556,95.9
657265,Peter Strzelecki,STL,R,Even,47,SI,0.489,0.319,11.0,4.0,0.0,0.4,0.7,0.486,0.0,0.133,0.3,89.9
657265,Peter Strzelecki,STL,R,Two-Strike,23,CU,0.522,0.783,11.0,1.0,0.0,0.091,0.091,0.082,0.091,0.0,0.2,84.9
682608,Peyton Gray,TEX,L,Ahead (Pitcher),68,CH,0.5,0.412,10.0,3.0,0.0,0.3,0.3,0.36,0.0,0.25,0.2,87.0
682608,Peyton Gray,TEX,L,Behind (Pitcher),94,CH,0.404,0.394,17.0,4.0,1.0,0.286,0.5,0.571,0.0,0.27,0.364,89.2
682608,Peyton Gray,TEX,L,Even,181,CH,0.492,0.387,29.0,5.0,1.0,0.172,0.345,0.241,0.0,0.257,0.321,83.6
682608,Peyton Gray,TEX,L,Two-Strike,132,CH,0.606,0.674,66.0,12.0,1.0,0.197,0.279,0.244,0.439,0.247,0.273,85.3
682608,Peyton Gray,TEX,R,Ahead (Pitcher),59,FF,0.424,0.492,,,,,,,,,,
682608,Peyton Gray,TEX,R,Behind (Pitcher),104,FF,0.452,0.433,19.0,7.0,4.0,0.467,1.267,0.758,0.0,0.222,0.5,92.3
682608,Peyton Gray,TEX,R,Even,167,FF,0.431,0.419,32.0,10.0,1.0,0.333,0.467,0.46,0.0,0.186,0.375,86.0
682608,Peyton Gray,TEX,R,Two-Strike,149,FF,0.47,0.678,65.0,12.0,1.0,0.203,0.39,0.269,0.477,0.198,0.433,89.6
688883,Peyton Pallette,CLE,L,Ahead (Pitcher),20,FF,0.6,0.55,,,,,,,,,,
688883,Peyton Pallette,CLE,L,Behind (Pitcher),53,FF,0.736,0.415,,,,,,,,,,
688883,Peyton Pallette,CLE,L,Even,69,FF,0.507,0.319,,,,,,,,,,
688883,Peyton Pallette,CLE,L,Two-Strike,79,FF,0.43,0.481,32.0,7.0,0.0,0.259,0.333,0.328,0.438,0.132,0.462,91.1
688883,Peyton Pallette,CLE,R,Ahead (Pitcher),25,SL,0.44,0.36,,,,,,,,,,
688883,Peyton Pallette,CLE,R,Behind (Pitcher),62,FF,0.726,0.29,13.0,0.0,0.0,0.0,0.0,0.431,0.0,0.278,0.6,92.9
688883,Peyton Pallette,CLE,R,Even,77,FF,0.455,0.273,,,,,,,,,,
688883,Peyton Pallette,CLE,R,Two-Strike,57,FF,0.386,0.596,30.0,6.0,1.0,0.231,0.385,0.322,0.267,0.088,0.444,87.6
664208,Phil Maton,CHC,L,Ahead (Pitcher),92,CU,0.413,0.533,,,,,,,,,,
664208,Phil Maton,CHC,L,Behind (Pitcher),148,FC,0.351,0.345,,,,,,,,,,
664208,Phil Maton,CHC,L,Even,231,FC,0.381,0.355,,,,,,,,,,
664208,Phil Maton,CHC,L,Two-Strike,224,CU,0.491,0.616,39.0,5.0,0.0,0.167,0.2,0.286,0.308,0.167,0.167,80.2
664208,Phil Maton,CHC,R,Ahead (Pitcher),117,CU,0.479,0.462,10.0,3.0,0.0,0.333,0.333,0.34,0.0,0.292,0.556,90.7
664208,Phil Maton,CHC,R,Behind (Pitcher),182,FC,0.418,0.418,12.0,4.0,1.0,0.571,1.286,0.742,0.0,0.261,0.286,86.9
664208,Phil Maton,CHC,R,Even,305,FC,0.328,0.351,11.0,4.0,1.0,0.4,0.7,0.49,0.0,0.25,0.455,84.7
664208,Phil Maton,CHC,R,Two-Strike,264,CU,0.553,0.644,44.0,8.0,0.0,0.216,0.216,0.243,0.432,0.197,0.4,86.6
691769,Philip Abner,SF,L,Ahead (Pitcher),24,FF,0.542,0.583,,,,,,,,,,
691769,Philip Abner,SF,L,Behind (Pitcher),39,FF,0.769,0.41,,,,,,,,,,
691769,Philip Abner,SF,L,Even,68,FF,0.544,0.397,,,,,,,,,,
691769,Philip Abner,SF,L,Two-Strike,51,FF,0.529,0.686,19.0,3.0,1.0,0.158,0.368,0.218,0.263,0.045,0.357,89.0
691769,Philip Abner,SF,R,Ahead (Pitcher),27,FF,0.407,0.333,,,,,,,,,,
691769,Philip Abner,SF,R,Behind (Pitcher),51,FF,0.686,0.373,10.0,3.0,0.0,0.429,0.429,0.48,0.0,0.278,0.286,89.9
691769,Philip Abner,SF,R,Even,83,FF,0.627,0.41,17.0,4.0,0.0,0.235,0.294,0.232,0.0,0.167,0.235,84.2
691769,Philip Abner,SF,R,Two-Strike,41,FF,0.512,0.634,18.0,2.0,1.0,0.154,0.385,0.356,0.278,0.16,0.375,87.7
572955,Pierce Johnson,CIN,L,Ahead (Pitcher),109,CU,0.688,0.56,,,,,,,,,,
572955,Pierce Johnson,CIN,L,Behind (Pitcher),200,CU,0.65,0.39,15.0,5.0,1.0,0.5,1.2,0.7,0.0,0.333,0.6,93.5
572955,Pierce Johnson,CIN,L,Even,291,CU,0.66,0.268,14.0,8.0,3.0,0.571,1.286,0.775,0.0,0.158,0.714,94.4
572955,Pierce Johnson,CIN,L,Two-Strike,250,CU,0.648,0.584,59.0,5.0,0.0,0.093,0.111,0.13,0.407,0.213,0.312,91.1
572955,Pierce Johnson,CIN,R,Ahead (Pitcher),142,CU,0.746,0.437,12.0,5.0,1.0,0.417,0.75,0.496,0.0,0.194,0.083,84.4
572955,Pierce Johnson,CIN,R,Behind (Pitcher),153,CU,0.686,0.458,15.0,2.0,0.0,0.182,0.273,0.283,0.0,0.143,0.417,89.8
572955,Pierce Johnson,CIN,R,Even,338,CU,0.704,0.373,22.0,6.0,1.0,0.286,0.476,0.336,0.0,0.306,0.409,88.7
572955,Pierce Johnson,CIN,R,Two-Strike,317,CU,0.666,0.58,58.0,11.0,1.0,0.216,0.294,0.28,0.293,0.138,0.286,88.4
676571,Pj Poulin,WSH,L,Ahead (Pitcher),60,ST,0.45,0.417,,,,,,,,,,
676571,Pj Poulin,WSH,L,Behind (Pitcher),118,SI,0.424,0.322,12.0,4.0,0.0,0.444,0.778,0.562,0.0,0.091,0.556,89.3
676571,Pj Poulin,WSH,L,Even,160,ST,0.388,0.287,,,,,,,,,,
676571,Pj Poulin,WSH,L,Two-Strike,131,ST,0.443,0.534,44.0,4.0,2.0,0.103,0.256,0.211,0.364,0.152,0.391,88.5
676571,Pj Poulin,WSH,R,Ahead (Pitcher),71,FF,0.394,0.423,,,,,,,,,,
676571,Pj Poulin,WSH,R,Behind (Pitcher),140,FF,0.4,0.436,25.0,7.0,2.0,0.389,0.778,0.59,0.0,0.167,0.611,98.1
676571,Pj Poulin,WSH,R,Even,220,FF,0.414,0.359,11.0,1.0,0.0,0.091,0.091,0.082,0.0,0.118,0.273,83.2
676571,Pj Poulin,WSH,R,Two-Strike,158,FF,0.38,0.557,39.0,8.0,0.0,0.235,0.324,0.301,0.231,0.107,0.48,92.8
687273,Quinn Mathews,STL,L,Ahead (Pitcher),25,SI,0.36,0.28,,,,,,,,,,
687273,Quinn Mathews,STL,L,Behind (Pitcher),49,SL,0.347,0.408,,,,,,,,,,
687273,Quinn Mathews,STL,L,Even,72,SI,0.403,0.389,,,,,,,,,,
687273,Quinn Mathews,STL,L,Two-Strike,81,SL,0.444,0.556,37.0,8.0,2.0,0.235,0.471,0.33,0.378,0.267,0.316,84.7
687273,Quinn Mathews,STL,R,Ahead (Pitcher),75,FF,0.533,0.453,13.0,2.0,0.0,0.2,0.2,0.225,0.0,0.235,0.417,81.4
687273,Quinn Mathews,STL,R,Behind (Pitcher),121,FF,0.529,0.438,34.0,10.0,1.0,0.37,0.556,0.462,0.0,0.208,0.519,92.7
687273,Quinn Mathews,STL,R,Even,191,FF,0.461,0.356,22.0,8.0,0.0,0.4,0.45,0.36,0.0,0.265,0.286,85.8
687273,Quinn Mathews,STL,R,Two-Strike,172,FF,0.331,0.581,70.0,11.0,1.0,0.177,0.242,0.242,0.343,0.22,0.237,88.2
628452,Raisel Iglesias,ATL,L,Ahead (Pitcher),142,FF,0.465,0.542,12.0,5.0,1.0,0.417,0.75,0.496,0.0,0.324,0.333,86.6
628452,Raisel Iglesias,ATL,L,Behind (Pitcher),206,FF,0.476,0.476,19.0,7.0,1.0,0.467,0.867,0.592,0.0,0.25,0.6,95.1
628452,Raisel Iglesias,ATL,L,Even,388,FF,0.405,0.389,23.0,7.0,1.0,0.304,0.522,0.391,0.0,0.338,0.391,90.0
628452,Raisel Iglesias,ATL,L,Two-Strike,292,FF,0.493,0.671,76.0,6.0,1.0,0.086,0.143,0.145,0.382,0.206,0.293,85.6
628452,Raisel Iglesias,ATL,R,Ahead (Pitcher),133,FF,0.368,0.594,11.0,3.0,1.0,0.3,0.7,0.441,0.0,0.214,0.4,86.7
628452,Raisel Iglesias,ATL,R,Behind (Pitcher),141,FF,0.348,0.482,,,,,,,,,,
628452,Raisel Iglesias,ATL,R,Even,291,SI,0.601,0.385,16.0,8.0,0.0,0.5,0.562,0.472,0.0,0.286,0.5,90.1
628452,Raisel Iglesias,ATL,R,Two-Strike,287,FF,0.359,0.648,70.0,8.0,1.0,0.125,0.172,0.194,0.5,0.309,0.31,87.7
677976,Randy Dobnak,KC,L,Ahead (Pitcher),91,CH,0.451,0.429,15.0,5.0,1.0,0.333,0.533,0.4,0.0,0.105,0.286,88.8
677976,Randy Dobnak,KC,L,Behind (Pitcher),206,SI,0.568,0.5,52.0,19.0,2.0,0.396,0.604,0.461,0.0,0.075,0.553,94.3
677976,Randy Dobnak,KC,L,Even,281,SI,0.352,0.292,32.0,5.0,1.0,0.161,0.323,0.21,0.0,0.203,0.273,88.1
677976,Randy Dobnak,KC,L,Two-Strike,207,CH,0.333,0.662,94.0,18.0,2.0,0.22,0.329,0.284,0.287,0.173,0.357,87.8
677976,Randy Dobnak,KC,R,Ahead (Pitcher),68,ST,0.515,0.426,,,,,,,,,,
677976,Randy Dobnak,KC,R,Behind (Pitcher),115,SI,0.617,0.417,24.0,4.0,0.0,0.2,0.2,0.267,0.0,0.159,0.45,91.3
677976,Randy Dobnak,KC,R,Even,182,SI,0.527,0.352,20.0,9.0,0.0,0.45,0.55,0.44,0.0,0.262,0.45,88.7
677976,Randy Dobnak,KC,R,Two-Strike,151,ST,0.371,0.55,66.0,10.0,1.0,0.179,0.286,0.275,0.318,0.205,0.343,85.1
681190,Randy Vásquez,SD,L,Ahead (Pitcher),301,FC,0.272,0.515,31.0,10.0,0.0,0.323,0.484,0.347,0.0,0.232,0.355,89.0
681190,Randy Vásquez,SD,L,Behind (Pitcher),513,FC,0.318,0.489,75.0,25.0,3.0,0.41,0.689,0.518,0.0,0.131,0.468,92.8
681190,Randy Vásquez,SD,L,Even,850,FF,0.314,0.347,65.0,22.0,2.0,0.349,0.508,0.38,0.0,0.183,0.531,91.6
681190,Randy Vásquez,SD,L,Two-Strike,712,FF,0.32,0.584,162.0,35.0,4.0,0.236,0.405,0.316,0.315,0.159,0.449,92.5
681190,Randy Vásquez,SD,R,Ahead (Pitcher),283,SI,0.322,0.548,31.0,7.0,1.0,0.233,0.467,0.284,0.0,0.194,0.452,89.0
681190,Randy Vásquez,SD,R,Behind (Pitcher),368,SI,0.41,0.5,32.0,7.0,2.0,0.241,0.448,0.331,0.0,0.135,0.31,90.9
681190,Randy Vásquez,SD,R,Even,703,FC,0.31,0.388,46.0,9.0,1.0,0.209,0.326,0.246,0.0,0.239,0.568,93.8
681190,Randy Vásquez,SD,R,Two-Strike,585,FF,0.268,0.6,126.0,23.0,3.0,0.2,0.296,0.263,0.27,0.105,0.325,87.6
624133,Ranger Suarez,BOS,L,Ahead (Pitcher),174,SI,0.402,0.483,18.0,7.0,0.0,0.412,0.471,0.408,0.0,0.244,0.294,81.5
624133,Ranger Suarez,BOS,L,Behind (Pitcher),218,SI,0.564,0.436,28.0,10.0,2.0,0.435,0.87,0.575,0.0,0.236,0.522,93.4
624133,Ranger Suarez,BOS,L,Even,424,SI,0.469,0.384,39.0,13.0,1.0,0.342,0.474,0.374,0.0,0.24,0.27,83.9
624133,Ranger Suarez,BOS,L,Two-Strike,330,SI,0.294,0.564,88.0,11.0,1.0,0.136,0.235,0.201,0.466,0.263,0.35,86.0
624133,Ranger Suarez,BOS,R,Ahead (Pitcher),483,CH,0.311,0.507,42.0,20.0,1.0,0.488,0.659,0.488,0.0,0.23,0.31,81.6
624133,Ranger Suarez,BOS,R,Behind (Pitcher),717,SI,0.293,0.471,78.0,19.0,3.0,0.284,0.448,0.372,0.0,0.138,0.368,88.6
624133,Ranger Suarez,BOS,R,Even,1300,FC,0.259,0.386,83.0,21.0,0.0,0.262,0.325,0.276,0.0,0.191,0.349,85.4
624133,Ranger Suarez,BOS,R,Two-Strike,1087,CH,0.247,0.527,217.0,26.0,1.0,0.137,0.179,0.212,0.433,0.199,0.292,86.9
678061,Ray Kerr,ATL,L,Even,27,SI,0.778,0.519,,,,,,,,,,
678061,Ray Kerr,ATL,L,Two-Strike,22,CS,0.364,0.5,10.0,1.0,0.0,0.111,0.111,0.16,0.5,0.273,0.5,94.3
678061,Ray Kerr,ATL,R,Ahead (Pitcher),16,CU,0.625,0.375,,,,,,,,,,
678061,Ray Kerr,ATL,R,Behind (Pitcher),20,FF,0.5,0.6,,,,,,,,,,
678061,Ray Kerr,ATL,R,Even,45,CU,0.489,0.533,10.0,0.0,0.0,0.0,0.0,0.07,0.0,0.292,0.222,85.7
678061,Ray Kerr,ATL,R,Two-Strike,31,FF,0.548,0.548,14.0,2.0,1.0,0.143,0.357,0.207,0.429,0.235,0.375,85.6
670103,Raymond Burgos,BOS,L,Even,34,SI,0.676,0.5,,,,,,,,,,
670103,Raymond Burgos,BOS,L,Two-Strike,17,ST,0.647,0.588,10.0,2.0,1.0,0.2,0.5,0.29,0.3,0.1,0.429,82.4
670103,Raymond Burgos,BOS,R,Ahead (Pitcher),26,CH,0.385,0.615,,,,,,,,,,
670103,Raymond Burgos,BOS,R,Behind (Pitcher),23,FC,0.522,0.652,,,,,,,,,,
670103,Raymond Burgos,BOS,R,Even,60,SI,0.517,0.333,,,,,,,,,,
670103,Raymond Burgos,BOS,R,Two-Strike,44,ST,0.545,0.636,22.0,4.0,0.0,0.19,0.286,0.227,0.409,0.25,0.462,90.8
672282,Reid Detmers,LAA,L,Ahead (Pitcher),147,SL,0.605,0.463,20.0,9.0,1.0,0.45,0.65,0.478,0.0,0.298,0.4,89.0
672282,Reid Detmers,LAA,L,Behind (Pitcher),205,FF,0.512,0.459,24.0,4.0,0.0,0.222,0.222,0.348,0.0,0.25,0.316,85.4
672282,Reid Detmers,LAA,L,Even,396,SL,0.432,0.419,42.0,16.0,2.0,0.39,0.561,0.404,0.0,0.271,0.465,90.0
672282,Reid Detmers,LAA,L,Two-Strike,334,SL,0.479,0.614,112.0,13.0,1.0,0.129,0.168,0.18,0.438,0.222,0.415,88.7
672282,Reid Detmers,LAA,R,Ahead (Pitcher),387,FF,0.468,0.506,45.0,19.0,1.0,0.422,0.556,0.448,0.0,0.259,0.289,86.7
672282,Reid Detmers,LAA,R,Behind (Pitcher),547,FF,0.55,0.457,78.0,22.0,8.0,0.361,0.836,0.542,0.0,0.251,0.41,89.7
672282,Reid Detmers,LAA,R,Even,993,FF,0.428,0.363,90.0,30.0,4.0,0.353,0.588,0.397,0.0,0.263,0.4,90.8
672282,Reid Detmers,LAA,R,Two-Strike,965,FF,0.469,0.63,306.0,29.0,2.0,0.101,0.161,0.157,0.507,0.261,0.344,88.4
665665,Reiver Sanmartin,SF,L,Ahead (Pitcher),22,SL,0.636,0.273,,,,,,,,,,
665665,Reiver Sanmartin,SF,L,Behind (Pitcher),29,SI,0.586,0.345,,,,,,,,,,
665665,Reiver Sanmartin,SF,L,Even,61,SI,0.525,0.475,13.0,6.0,0.0,0.462,0.615,0.469,0.0,0.321,0.231,84.8
665665,Reiver Sanmartin,SF,L,Two-Strike,43,SL,0.581,0.465,22.0,1.0,0.0,0.053,0.053,0.136,0.545,0.4,0.143,84.1
665665,Reiver Sanmartin,SF,R,Ahead (Pitcher),30,CH,0.467,0.333,,,,,,,,,,
665665,Reiver Sanmartin,SF,R,Behind (Pitcher),53,SI,0.434,0.547,15.0,0.0,0.0,0.0,0.0,0.064,0.0,0.077,0.6,88.2
665665,Reiver Sanmartin,SF,R,Even,82,CH,0.415,0.341,,,,,,,,,,
665665,Reiver Sanmartin,SF,R,Two-Strike,56,CH,0.554,0.571,23.0,6.0,3.0,0.3,0.8,0.485,0.174,0.071,0.5,90.9
625643,Reynaldo López,ATL,L,Ahead (Pitcher),96,FF,0.479,0.375,12.0,2.0,1.0,0.167,0.583,0.3,0.0,0.219,0.25,87.9
625643,Reynaldo López,ATL,L,Behind (Pitcher),258,FF,0.643,0.372,52.0,14.0,1.0,0.438,0.719,0.573,0.0,0.233,0.5,92.1
625643,Reynaldo López,ATL,L,Even,305,FF,0.489,0.325,28.0,6.0,0.0,0.214,0.25,0.205,0.0,0.323,0.31,88.1
625643,Reynaldo López,ATL,L,Two-Strike,255,FF,0.396,0.573,103.0,17.0,4.0,0.189,0.367,0.307,0.417,0.232,0.348,87.7
625643,Reynaldo López,ATL,R,Ahead (Pitcher),76,FF,0.592,0.513,17.0,4.0,0.0,0.235,0.235,0.212,0.0,0.053,0.294,83.2
625643,Reynaldo López,ATL,R,Behind (Pitcher),108,FF,0.741,0.509,22.0,9.0,2.0,0.429,0.714,0.541,0.0,0.157,0.381,87.1
625643,Reynaldo López,ATL,R,Even,216,FF,0.56,0.417,39.0,14.0,3.0,0.389,0.722,0.451,0.0,0.143,0.385,84.7
625643,Reynaldo López,ATL,R,Two-Strike,150,FF,0.527,0.653,72.0,14.0,0.0,0.197,0.239,0.199,0.403,0.194,0.317,85.5
695076,Rhett Lowder,CIN,L,Ahead (Pitcher),147,CH,0.388,0.422,19.0,6.0,1.0,0.333,0.556,0.392,0.0,0.226,0.316,82.1
695076,Rhett Lowder,CIN,L,Behind (Pitcher),409,SI,0.355,0.389,103.0,24.0,0.0,0.324,0.473,0.446,0.0,0.151,0.461,90.8
695076,Rhett Lowder,CIN,L,Even,490,CH,0.263,0.324,58.0,23.0,6.0,0.397,0.776,0.495,0.0,0.195,0.39,92.0
695076,Rhett Lowder,CIN,L,Two-Strike,389,FF,0.267,0.566,176.0,33.0,5.0,0.209,0.361,0.295,0.375,0.177,0.398,89.6
695076,Rhett Lowder,CIN,R,Ahead (Pitcher),125,SL,0.376,0.552,27.0,9.0,2.0,0.333,0.63,0.407,0.0,0.159,0.333,90.9
695076,Rhett Lowder,CIN,R,Behind (Pitcher),140,SI,0.55,0.364,34.0,10.0,1.0,0.37,0.63,0.535,0.0,0.176,0.481,93.4
695076,Rhett Lowder,CIN,R,Even,292,SI,0.479,0.404,51.0,17.0,1.0,0.333,0.451,0.387,0.0,0.178,0.32,89.8
695076,Rhett Lowder,CIN,R,Two-Strike,231,SL,0.433,0.584,104.0,21.0,2.0,0.214,0.316,0.257,0.337,0.141,0.358,88.0
663992,Richard Lovelady,WSH,L,Ahead (Pitcher),62,SI,0.484,0.565,17.0,7.0,0.0,0.5,0.5,0.494,0.0,0.179,0.4,80.8
663992,Richard Lovelady,WSH,L,Behind (Pitcher),74,SI,0.622,0.432,12.0,2.0,0.0,0.222,0.333,0.415,0.0,0.19,0.444,85.5
663992,Richard Lovelady,WSH,L,Even,152,SI,0.461,0.375,16.0,6.0,1.0,0.462,0.846,0.593,0.0,0.143,0.312,75.9
663992,Richard Lovelady,WSH,L,Two-Strike,91,ST,0.615,0.571,34.0,6.0,0.0,0.2,0.267,0.262,0.5,0.429,0.154,86.9
663992,Richard Lovelady,WSH,R,Ahead (Pitcher),60,ST,0.35,0.583,,,,,,,,,,
663992,Richard Lovelady,WSH,R,Behind (Pitcher),111,ST,0.36,0.306,17.0,5.0,1.0,0.417,0.75,0.761,0.0,0.222,0.333,90.4
663992,Richard Lovelady,WSH,R,Even,154,ST,0.383,0.305,14.0,5.0,0.0,0.357,0.5,0.371,0.0,0.167,0.071,78.1
663992,Richard Lovelady,WSH,R,Two-Strike,142,ST,0.549,0.641,46.0,6.0,1.0,0.154,0.256,0.295,0.283,0.119,0.296,87.2
694357,Ricky Tiedemann,TOR,L,Behind (Pitcher),16,ST,0.562,0.25,,,,,,,,,,
694357,Ricky Tiedemann,TOR,L,Even,23,ST,0.609,0.348,,,,,,,,,,
694357,Ricky Tiedemann,TOR,L,Two-Strike,20,ST,0.55,0.6,10.0,1.0,0.0,0.125,0.125,0.23,0.5,0.333,0.333,88.9
694357,Ricky Tiedemann,TOR,R,Behind (Pitcher),22,ST,0.409,0.273,,,,,,,,,,
694357,Ricky Tiedemann,TOR,R,Even,18,ST,0.5,0.222,,,,,,,,,,
676568,Ricky Vanasco,DET,L,Behind (Pitcher),18,CH,0.5,0.444,,,,,,,,,,
676568,Ricky Vanasco,DET,L,Even,25,FF,0.44,0.12,,,,,,,,,,
676568,Ricky Vanasco,DET,L,Two-Strike,23,CH,0.435,0.783,11.0,4.0,0.0,0.4,0.5,0.423,0.182,0.056,0.375,90.3
676568,Ricky Vanasco,DET,R,Behind (Pitcher),26,FF,0.808,0.308,,,,,,,,,,
676568,Ricky Vanasco,DET,R,Even,36,FF,0.556,0.306,,,,,,,,,,
676568,Ricky Vanasco,DET,R,Two-Strike,25,FF,0.52,0.56,10.0,4.0,0.0,0.5,0.5,0.5,0.2,0.071,0.167,77.5
670329,Rico Garcia,BAL,L,Ahead (Pitcher),111,CH,0.495,0.477,18.0,6.0,1.0,0.333,0.667,0.419,0.0,0.216,0.389,81.2
670329,Rico Garcia,BAL,L,Behind (Pitcher),238,FF,0.433,0.416,29.0,4.0,0.0,0.2,0.25,0.409,0.0,0.324,0.278,87.2
670329,Rico Garcia,BAL,L,Even,321,FF,0.43,0.383,20.0,7.0,0.0,0.35,0.45,0.35,0.0,0.437,0.2,84.7
670329,Rico Garcia,BAL,L,Two-Strike,278,CH,0.439,0.676,90.0,7.0,3.0,0.082,0.2,0.159,0.5,0.282,0.325,84.5
670329,Rico Garcia,BAL,R,Ahead (Pitcher),97,SL,0.443,0.536,12.0,3.0,1.0,0.273,0.636,0.395,0.0,0.167,0.333,83.6
670329,Rico Garcia,BAL,R,Behind (Pitcher),118,FF,0.432,0.5,17.0,4.0,1.0,0.25,0.5,0.359,0.0,0.171,0.267,88.6
670329,Rico Garcia,BAL,R,Even,244,SL,0.488,0.439,31.0,10.0,3.0,0.333,0.633,0.417,0.0,0.258,0.419,85.4
670329,Rico Garcia,BAL,R,Two-Strike,189,CU,0.434,0.54,48.0,2.0,0.0,0.048,0.071,0.132,0.479,0.255,0.474,90.2
683000,Riley Cornelio,WSH,L,Ahead (Pitcher),28,SL,0.643,0.536,,,,,,,,,,
683000,Riley Cornelio,WSH,L,Behind (Pitcher),78,FF,0.538,0.423,19.0,3.0,0.0,0.3,0.4,0.455,0.0,0.152,0.455,88.1
683000,Riley Cornelio,WSH,L,Even,97,SL,0.515,0.381,14.0,2.0,0.0,0.154,0.154,0.154,0.0,0.27,0.286,83.3
683000,Riley Cornelio,WSH,L,Two-Strike,72,SL,0.625,0.611,33.0,3.0,0.0,0.12,0.12,0.209,0.333,0.205,0.312,86.9
683000,Riley Cornelio,WSH,R,Ahead (Pitcher),44,SL,0.705,0.455,,,,,,,,,,
683000,Riley Cornelio,WSH,R,Behind (Pitcher),82,FF,0.549,0.439,16.0,3.0,0.0,0.3,0.4,0.509,0.0,0.417,0.5,86.0
683000,Riley Cornelio,WSH,R,Even,121,SL,0.504,0.355,,,,,,,,,,
683000,Riley Cornelio,WSH,R,Two-Strike,136,SL,0.64,0.581,56.0,8.0,1.0,0.167,0.25,0.242,0.482,0.253,0.5,87.1
702303,Riley Martin,CHC,L,Even,17,FF,0.412,0.471,,,,,,,,,,
702303,Riley Martin,CHC,L,Two-Strike,20,CU,0.45,0.5,,,,,,,,,,
702303,Riley Martin,CHC,R,Ahead (Pitcher),15,FF,0.733,0.6,,,,,,,,,,
702303,Riley Martin,CHC,R,Even,21,FF,0.619,0.333,,,,,,,,,,
702303,Riley Martin,CHC,R,Two-Strike,23,FF,0.609,0.478,11.0,0.0,0.0,0.0,0.0,0.064,0.455,0.182,0.4,89.4
676617,Riley O'Brien,STL,L,Ahead (Pitcher),122,SI,0.467,0.5,11.0,2.0,0.0,0.182,0.182,0.164,0.0,0.25,0.182,77.6
676617,Riley O'Brien,STL,L,Behind (Pitcher),184,SI,0.587,0.424,32.0,10.0,0.0,0.4,0.48,0.513,0.0,0.234,0.478,91.2
676617,Riley O'Brien,STL,L,Even,318,SI,0.494,0.371,35.0,14.0,2.0,0.424,0.636,0.472,0.0,0.284,0.471,88.4
676617,Riley O'Brien,STL,L,Two-Strike,269,SI,0.416,0.535,70.0,4.0,1.0,0.071,0.143,0.202,0.414,0.253,0.357,88.8
676617,Riley O'Brien,STL,R,Ahead (Pitcher),120,SI,0.458,0.467,,,,,,,,,,
676617,Riley O'Brien,STL,R,Behind (Pitcher),224,SI,0.75,0.402,20.0,6.0,0.0,0.4,0.467,0.507,0.0,0.178,0.6,89.9
676617,Riley O'Brien,STL,R,Even,329,SI,0.623,0.347,27.0,6.0,0.0,0.24,0.32,0.304,0.0,0.175,0.444,86.5
676617,Riley O'Brien,STL,R,Two-Strike,276,ST,0.467,0.525,72.0,11.0,2.0,0.169,0.308,0.251,0.486,0.225,0.433,89.2
592662,Robbie Ray,SD,L,Ahead (Pitcher),175,SL,0.503,0.451,11.0,4.0,1.0,0.364,0.727,0.459,0.0,0.375,0.273,86.1
592662,Robbie Ray,SD,L,Behind (Pitcher),314,FF,0.462,0.516,46.0,22.0,1.0,0.524,0.714,0.567,0.0,0.196,0.619,90.5
592662,Robbie Ray,SD,L,Even,517,SL,0.41,0.416,44.0,12.0,0.0,0.279,0.302,0.264,0.0,0.287,0.182,80.7
592662,Robbie Ray,SD,L,Two-Strike,429,FF,0.462,0.541,94.0,7.0,0.0,0.093,0.093,0.194,0.457,0.28,0.265,86.9
592662,Robbie Ray,SD,R,Ahead (Pitcher),527,FF,0.374,0.505,45.0,10.0,1.0,0.227,0.341,0.24,0.0,0.203,0.311,88.9
592662,Robbie Ray,SD,R,Behind (Pitcher),1099,FF,0.429,0.446,121.0,23.0,7.0,0.291,0.62,0.496,0.0,0.225,0.5,92.1
592662,Robbie Ray,SD,R,Even,1545,FF,0.365,0.362,86.0,23.0,5.0,0.271,0.518,0.367,0.0,0.212,0.414,89.6
592662,Robbie Ray,SD,R,Two-Strike,1321,FF,0.482,0.615,256.0,39.0,7.0,0.171,0.294,0.251,0.375,0.201,0.316,87.5
695239,Robby Ahlstrom,TEX,L,Ahead (Pitcher),29,SI,0.448,0.724,,,,,,,,,,
695239,Robby Ahlstrom,TEX,L,Behind (Pitcher),74,SL,0.5,0.486,16.0,5.0,0.0,0.357,0.357,0.369,0.0,0.222,0.143,81.0
695239,Robby Ahlstrom,TEX,L,Even,104,SL,0.413,0.327,20.0,11.0,1.0,0.55,0.7,0.55,0.0,0.176,0.25,79.5
695239,Robby Ahlstrom,TEX,L,Two-Strike,78,SL,0.577,0.628,37.0,3.0,1.0,0.083,0.222,0.141,0.514,0.306,0.353,86.6
695239,Robby Ahlstrom,TEX,R,Ahead (Pitcher),44,FF,0.5,0.386,,,,,,,,,,
695239,Robby Ahlstrom,TEX,R,Behind (Pitcher),80,SI,0.3,0.463,14.0,2.0,0.0,0.2,0.3,0.412,0.0,0.243,0.111,86.1
695239,Robby Ahlstrom,TEX,R,Even,122,FF,0.385,0.385,13.0,3.0,0.0,0.231,0.231,0.208,0.0,0.319,0.308,89.7
695239,Robby Ahlstrom,TEX,R,Two-Strike,129,FF,0.473,0.527,54.0,13.0,4.0,0.283,0.652,0.434,0.278,0.118,0.387,88.5
702281,Robby Snelling,MIA,R,Even,19,FF,0.421,0.474,,,,,,,,,,
702281,Robby Snelling,MIA,R,Two-Strike,20,FF,0.4,0.5,,,,,,,,,,
676395,Robert Garcia,TEX,L,Ahead (Pitcher),65,FF,0.631,0.415,,,,,,,,,,
676395,Robert Garcia,TEX,L,Behind (Pitcher),69,FF,0.58,0.623,,,,,,,,,,
676395,Robert Garcia,TEX,L,Even,166,FF,0.554,0.47,,,,,,,,,,
676395,Robert Garcia,TEX,L,Two-Strike,133,FF,0.496,0.564,12.0,0.0,0.0,0.0,0.0,0.058,0.583,0.294,0.0,83.4
676395,Robert Garcia,TEX,R,Ahead (Pitcher),112,CH,0.5,0.536,,,,,,,,,,
676395,Robert Garcia,TEX,R,Behind (Pitcher),158,FF,0.386,0.335,,,,,,,,,,
676395,Robert Garcia,TEX,R,Even,276,CH,0.388,0.406,,,,,,,,,,
676395,Robert Garcia,TEX,R,Two-Strike,252,CH,0.425,0.615,22.0,6.0,0.0,0.316,0.368,0.357,0.182,0.038,0.333,85.4
688107,Robert Gasser,MIL,L,Ahead (Pitcher),74,ST,0.419,0.459,,,,,,,,,,
688107,Robert Gasser,MIL,L,Behind (Pitcher),111,SI,0.441,0.441,18.0,2.0,0.0,0.143,0.286,0.294,0.0,0.295,0.571,89.5
688107,Robert Gasser,MIL,L,Even,202,SI,0.361,0.381,30.0,9.0,1.0,0.3,0.533,0.353,0.0,0.224,0.4,84.8
688107,Robert Gasser,MIL,L,Two-Strike,186,ST,0.376,0.565,78.0,7.0,1.0,0.104,0.179,0.203,0.41,0.208,0.2,79.7
688107,Robert Gasser,MIL,R,Ahead (Pitcher),183,FF,0.268,0.497,33.0,11.0,4.0,0.355,0.839,0.508,0.0,0.182,0.375,85.5
688107,Robert Gasser,MIL,R,Behind (Pitcher),219,FC,0.356,0.489,55.0,17.0,1.0,0.405,0.548,0.469,0.0,0.163,0.318,88.3
688107,Robert Gasser,MIL,R,Even,452,SI,0.252,0.405,53.0,17.0,4.0,0.327,0.577,0.392,0.0,0.186,0.385,88.1
688107,Robert Gasser,MIL,R,Two-Strike,405,FF,0.348,0.6,167.0,29.0,3.0,0.19,0.301,0.262,0.371,0.173,0.297,86.8
476594,Robert Stock,NYM,L,Ahead (Pitcher),46,FF,0.413,0.609,,,,,,,,,,
476594,Robert Stock,NYM,L,Behind (Pitcher),95,FC,0.484,0.368,18.0,5.0,0.0,0.385,0.462,0.514,0.0,0.125,0.615,94.4
476594,Robert Stock,NYM,L,Even,141,SI,0.277,0.397,20.0,8.0,0.0,0.421,0.526,0.43,0.0,0.192,0.158,78.0
476594,Robert Stock,NYM,L,Two-Strike,106,FF,0.462,0.632,48.0,9.0,2.0,0.209,0.372,0.295,0.375,0.203,0.32,89.2
476594,Robert Stock,NYM,R,Ahead (Pitcher),30,ST,0.367,0.467,,,,,,,,,,
476594,Robert Stock,NYM,R,Behind (Pitcher),53,FC,0.623,0.434,10.0,5.0,0.0,0.556,0.667,0.555,0.0,0.238,0.556,94.7
476594,Robert Stock,NYM,R,Even,83,FC,0.41,0.349,,,,,,,,,,
476594,Robert Stock,NYM,R,Two-Strike,66,FF,0.545,0.621,31.0,6.0,0.0,0.24,0.32,0.332,0.323,0.231,0.2,83.9
663158,Robert Suarez,ATL,L,Ahead (Pitcher),111,FF,0.541,0.505,,,,,,,,,,
663158,Robert Suarez,ATL,L,Behind (Pitcher),165,FF,0.624,0.461,11.0,1.0,1.0,0.091,0.364,0.182,0.0,0.238,0.727,95.8
663158,Robert Suarez,ATL,L,Even,275,FF,0.607,0.451,14.0,3.0,0.0,0.214,0.214,0.193,0.0,0.261,0.214,79.1
663158,Robert Suarez,ATL,L,Two-Strike,308,FF,0.542,0.636,39.0,4.0,0.0,0.111,0.111,0.164,0.359,0.194,0.091,75.7
663158,Robert Suarez,ATL,R,Ahead (Pitcher),95,FF,0.484,0.589,,,,,,,,,,
663158,Robert Suarez,ATL,R,Behind (Pitcher),128,FF,0.594,0.594,11.0,2.0,0.0,0.2,0.2,0.309,0.0,0.207,0.4,85.4
663158,Robert Suarez,ATL,R,Even,265,FF,0.585,0.434,13.0,4.0,0.0,0.308,0.462,0.331,0.0,0.267,0.385,87.8
663158,Robert Suarez,ATL,R,Two-Strike,219,FF,0.63,0.63,29.0,4.0,0.0,0.154,0.192,0.216,0.414,0.25,0.467,91.5
682610,Roddery Muñoz,HOU,L,Behind (Pitcher),34,FC,0.382,0.5,,,,,,,,,,
682610,Roddery Muñoz,HOU,L,Even,50,FC,0.36,0.44,,,,,,,,,,
682610,Roddery Muñoz,HOU,L,Two-Strike,47,SL,0.532,0.638,,,,,,,,,,
682610,Roddery Muñoz,HOU,R,Ahead (Pitcher),25,SL,0.52,0.48,,,,,,,,,,
682610,Roddery Muñoz,HOU,R,Behind (Pitcher),42,SI,0.357,0.31,,,,,,,,,,
682610,Roddery Muñoz,HOU,R,Even,66,SI,0.515,0.424,,,,,,,,,,
682610,Roddery Muñoz,HOU,R,Two-Strike,65,SL,0.554,0.508,11.0,3.0,1.0,0.333,0.778,0.505,0.182,0.0,0.571,90.7
808963,Roki Sasaki,LAD,L,Ahead (Pitcher),183,FF,0.361,0.459,17.0,2.0,0.0,0.125,0.125,0.106,0.0,0.391,0.412,89.0
808963,Roki Sasaki,LAD,L,Behind (Pitcher),359,FF,0.602,0.471,60.0,22.0,4.0,0.478,0.804,0.584,0.0,0.27,0.522,91.4
808963,Roki Sasaki,LAD,L,Even,543,FF,0.44,0.394,52.0,9.0,2.0,0.176,0.392,0.24,0.0,0.322,0.346,84.5
808963,Roki Sasaki,LAD,L,Two-Strike,466,FF,0.35,0.624,166.0,29.0,5.0,0.195,0.356,0.281,0.422,0.245,0.362,89.1
808963,Roki Sasaki,LAD,R,Ahead (Pitcher),161,FF,0.267,0.497,23.0,8.0,1.0,0.364,0.727,0.437,0.0,0.328,0.391,87.3
808963,Roki Sasaki,LAD,R,Behind (Pitcher),214,FF,0.603,0.449,38.0,11.0,2.0,0.367,0.7,0.516,0.0,0.254,0.517,91.6
808963,Roki Sasaki,LAD,R,Even,400,FF,0.452,0.383,43.0,13.0,3.0,0.317,0.634,0.424,0.0,0.23,0.525,91.5
808963,Roki Sasaki,LAD,R,Two-Strike,313,FF,0.332,0.636,118.0,19.0,5.0,0.179,0.377,0.288,0.415,0.23,0.439,90.2
691548,Rolddy Muñoz,ATL,L,Even,23,SL,0.522,0.435,,,,,,,,,,
691548,Rolddy Muñoz,ATL,L,Two-Strike,26,SL,0.615,0.538,,,,,,,,,,
691548,Rolddy Muñoz,ATL,R,Behind (Pitcher),23,SI,0.826,0.261,,,,,,,,,,
691548,Rolddy Muñoz,ATL,R,Even,20,SL,0.55,0.25,,,,,,,,,,
676760,Ron Marinaccio,CIN,L,Ahead (Pitcher),73,CH,0.452,0.411,10.0,6.0,1.0,0.6,1.3,0.79,0.0,0.179,0.6,86.3
676760,Ron Marinaccio,CIN,L,Behind (Pitcher),151,FF,0.47,0.417,27.0,6.0,0.0,0.316,0.368,0.437,0.0,0.214,0.389,88.3
676760,Ron Marinaccio,CIN,L,Even,205,FF,0.454,0.42,25.0,7.0,1.0,0.292,0.5,0.388,0.0,0.272,0.375,89.9
676760,Ron Marinaccio,CIN,L,Two-Strike,192,CH,0.443,0.536,73.0,11.0,1.0,0.183,0.267,0.285,0.329,0.17,0.361,87.5
676760,Ron Marinaccio,CIN,R,Ahead (Pitcher),71,FF,0.31,0.563,10.0,4.0,0.0,0.4,0.6,0.43,0.0,0.259,0.4,92.3
676760,Ron Marinaccio,CIN,R,Behind (Pitcher),112,FF,0.429,0.5,19.0,5.0,2.0,0.385,0.846,0.621,0.0,0.231,0.385,88.6
676760,Ron Marinaccio,CIN,R,Even,223,FF,0.399,0.417,31.0,10.0,3.0,0.357,0.714,0.476,0.0,0.25,0.464,89.6
676760,Ron Marinaccio,CIN,R,Two-Strike,182,FF,0.456,0.593,66.0,12.0,3.0,0.19,0.381,0.261,0.364,0.222,0.41,89.4
669854,Ronel Blanco,HOU,L,Ahead (Pitcher),76,CH,0.421,0.526,,,,,,,,,,
669854,Ronel Blanco,HOU,L,Behind (Pitcher),167,FF,0.377,0.407,19.0,6.0,1.0,0.5,1.0,0.655,0.0,0.265,0.333,89.8
669854,Ronel Blanco,HOU,L,Even,233,FF,0.412,0.343,,,,,,,,,,
669854,Ronel Blanco,HOU,L,Two-Strike,202,CH,0.356,0.644,49.0,10.0,3.0,0.238,0.476,0.358,0.327,0.192,0.462,90.3
669854,Ronel Blanco,HOU,R,Ahead (Pitcher),92,FF,0.489,0.5,,,,,,,,,,
669854,Ronel Blanco,HOU,R,Behind (Pitcher),110,SL,0.482,0.464,,,,,,,,,,
669854,Ronel Blanco,HOU,R,Even,238,FF,0.437,0.458,12.0,4.0,1.0,0.364,0.636,0.525,0.0,0.179,0.364,90.7
669854,Ronel Blanco,HOU,R,Two-Strike,216,SL,0.514,0.56,23.0,3.0,1.0,0.13,0.261,0.165,0.435,0.097,0.154,84.4
621366,Ryan Borucki,SF,L,Ahead (Pitcher),66,SL,0.424,0.515,,,,,,,,,,
621366,Ryan Borucki,SF,L,Behind (Pitcher),105,SI,0.552,0.381,15.0,7.0,0.0,0.7,0.8,0.677,0.0,0.2,0.7,91.3
621366,Ryan Borucki,SF,L,Even,166,SL,0.524,0.373,,,,,,,,,,
621366,Ryan Borucki,SF,L,Two-Strike,140,SL,0.486,0.593,23.0,1.0,0.0,0.05,0.1,0.115,0.435,0.333,0.273,81.5
621366,Ryan Borucki,SF,R,Ahead (Pitcher),60,FS,0.45,0.65,12.0,5.0,1.0,0.417,0.833,0.525,0.0,0.158,0.583,95.8
621366,Ryan Borucki,SF,R,Behind (Pitcher),127,SL,0.378,0.433,13.0,4.0,1.0,0.364,0.818,0.6,0.0,0.167,0.4,92.2
621366,Ryan Borucki,SF,R,Even,179,SL,0.274,0.358,11.0,5.0,0.0,0.455,0.545,0.441,0.0,0.281,0.182,80.3
621366,Ryan Borucki,SF,R,Two-Strike,140,FS,0.436,0.593,19.0,5.0,1.0,0.278,0.5,0.35,0.263,0.125,0.385,91.5
663372,Ryan Feltner,COL,L,Ahead (Pitcher),170,CH,0.359,0.541,31.0,11.0,1.0,0.393,0.571,0.4,0.0,0.224,0.333,89.2
663372,Ryan Feltner,COL,L,Behind (Pitcher),326,FF,0.365,0.472,55.0,14.0,2.0,0.35,0.575,0.488,0.0,0.235,0.41,86.8
663372,Ryan Feltner,COL,L,Even,486,FF,0.381,0.366,60.0,21.0,4.0,0.382,0.691,0.455,0.0,0.243,0.45,88.1
663372,Ryan Feltner,COL,L,Two-Strike,382,CH,0.395,0.586,144.0,26.0,3.0,0.21,0.371,0.305,0.326,0.209,0.269,83.6
663372,Ryan Feltner,COL,R,Ahead (Pitcher),149,SI,0.309,0.564,20.0,8.0,2.0,0.4,0.8,0.505,0.0,0.22,0.45,84.1
663372,Ryan Feltner,COL,R,Behind (Pitcher),251,SI,0.315,0.482,42.0,11.0,4.0,0.324,0.765,0.511,0.0,0.274,0.455,90.5
663372,Ryan Feltner,COL,R,Even,417,SL,0.285,0.398,61.0,15.0,2.0,0.246,0.492,0.339,0.0,0.162,0.344,86.6
663372,Ryan Feltner,COL,R,Two-Strike,328,ST,0.268,0.622,120.0,24.0,2.0,0.218,0.336,0.277,0.35,0.189,0.324,87.6
681676,Ryan Fernandez,STL,L,Ahead (Pitcher),46,FF,0.413,0.587,,,,,,,,,,
681676,Ryan Fernandez,STL,L,Behind (Pitcher),139,FF,0.446,0.468,14.0,3.0,1.0,0.273,0.727,0.536,0.0,0.3,0.545,93.6
681676,Ryan Fernandez,STL,L,Even,158,FF,0.386,0.348,10.0,3.0,1.0,0.3,0.6,0.38,0.0,0.393,0.2,84.4
681676,Ryan Fernandez,STL,L,Two-Strike,135,SL,0.519,0.57,32.0,5.0,0.0,0.192,0.231,0.261,0.5,0.333,0.364,84.9
681676,Ryan Fernandez,STL,R,Ahead (Pitcher),63,SL,0.635,0.54,,,,,,,,,,
681676,Ryan Fernandez,STL,R,Behind (Pitcher),88,FF,0.5,0.523,,,,,,,,,,
681676,Ryan Fernandez,STL,R,Even,166,SL,0.488,0.434,11.0,4.0,0.0,0.364,0.455,0.359,0.0,0.304,0.364,90.1
681676,Ryan Fernandez,STL,R,Two-Strike,124,SL,0.677,0.589,21.0,2.0,0.0,0.1,0.15,0.221,0.571,0.25,0.375,78.7
687473,Ryan Gusto,MIA,L,Ahead (Pitcher),234,FF,0.329,0.474,23.0,11.0,1.0,0.5,0.773,0.548,0.0,0.214,0.545,93.3
687473,Ryan Gusto,MIA,L,Behind (Pitcher),375,FF,0.392,0.421,42.0,10.0,2.0,0.312,0.594,0.458,0.0,0.123,0.625,94.8
687473,Ryan Gusto,MIA,L,Even,653,FF,0.338,0.363,45.0,15.0,1.0,0.333,0.489,0.356,0.0,0.211,0.356,87.2
687473,Ryan Gusto,MIA,L,Two-Strike,586,FF,0.406,0.616,119.0,19.0,1.0,0.178,0.28,0.257,0.336,0.146,0.446,90.0
687473,Ryan Gusto,MIA,R,Ahead (Pitcher),201,FF,0.348,0.547,27.0,11.0,1.0,0.44,0.64,0.526,0.0,0.213,0.192,82.4
687473,Ryan Gusto,MIA,R,Behind (Pitcher),231,FF,0.299,0.55,22.0,8.0,2.0,0.471,0.882,0.602,0.0,0.262,0.412,88.4
687473,Ryan Gusto,MIA,R,Even,499,FF,0.325,0.387,34.0,6.0,2.0,0.182,0.364,0.271,0.0,0.169,0.515,92.2
687473,Ryan Gusto,MIA,R,Two-Strike,420,FF,0.467,0.65,81.0,19.0,1.0,0.247,0.325,0.283,0.395,0.175,0.378,87.7
664854,Ryan Helsley,BAL,L,Ahead (Pitcher),82,SL,0.366,0.512,,,,,,,,,,
664854,Ryan Helsley,BAL,L,Behind (Pitcher),149,FF,0.57,0.423,12.0,1.0,0.0,0.111,0.111,0.309,0.0,0.211,0.375,93.5
664854,Ryan Helsley,BAL,L,Even,241,FF,0.51,0.444,,,,,,,,,,
664854,Ryan Helsley,BAL,L,Two-Strike,193,SL,0.461,0.632,25.0,4.0,0.0,0.174,0.174,0.2,0.68,0.542,0.333,84.8
664854,Ryan Helsley,BAL,R,Ahead (Pitcher),67,SL,0.627,0.672,,,,,,,,,,
664854,Ryan Helsley,BAL,R,Behind (Pitcher),140,FF,0.614,0.45,,,,,,,,,,
664854,Ryan Helsley,BAL,R,Even,202,SL,0.55,0.376,,,,,,,,,,
664854,Ryan Helsley,BAL,R,Two-Strike,197,SL,0.624,0.624,14.0,3.0,1.0,0.25,0.583,0.427,0.286,0.19,0.714,89.0
696270,Ryan Johnson,LAA,L,Ahead (Pitcher),130,FS,0.477,0.4,18.0,6.0,0.0,0.353,0.412,0.408,0.0,0.333,0.235,83.4
696270,Ryan Johnson,LAA,L,Behind (Pitcher),271,FC,0.421,0.399,48.0,13.0,4.0,0.371,0.743,0.551,0.0,0.234,0.371,87.4
696270,Ryan Johnson,LAA,L,Even,392,FC,0.339,0.362,57.0,22.0,4.0,0.386,0.632,0.437,0.0,0.228,0.351,85.5
696270,Ryan Johnson,LAA,L,Two-Strike,323,FC,0.443,0.625,129.0,16.0,3.0,0.14,0.246,0.236,0.357,0.164,0.313,85.5
696270,Ryan Johnson,LAA,R,Ahead (Pitcher),104,ST,0.394,0.548,12.0,6.0,1.0,0.545,0.818,0.542,0.0,0.273,0.417,93.4
696270,Ryan Johnson,LAA,R,Behind (Pitcher),168,FC,0.446,0.375,25.0,9.0,2.0,0.474,0.895,0.608,0.0,0.229,0.579,93.9
696270,Ryan Johnson,LAA,R,Even,285,FC,0.428,0.389,34.0,7.0,3.0,0.219,0.5,0.318,0.0,0.295,0.424,87.1
696270,Ryan Johnson,LAA,R,Two-Strike,243,ST,0.37,0.613,88.0,10.0,1.0,0.13,0.195,0.194,0.341,0.189,0.327,87.5
669020,Ryan Rolison,CHC,L,Ahead (Pitcher),94,FF,0.266,0.457,,,,,,,,,,
669020,Ryan Rolison,CHC,L,Behind (Pitcher),178,FF,0.444,0.371,22.0,2.0,0.0,0.133,0.267,0.336,0.0,0.238,0.133,80.4
669020,Ryan Rolison,CHC,L,Even,287,FF,0.261,0.432,25.0,7.0,0.0,0.292,0.292,0.271,0.0,0.195,0.24,85.7
669020,Ryan Rolison,CHC,L,Two-Strike,210,FF,0.348,0.648,64.0,5.0,0.0,0.083,0.083,0.103,0.484,0.282,0.355,87.7
669020,Ryan Rolison,CHC,R,Ahead (Pitcher),117,FF,0.53,0.41,13.0,7.0,0.0,0.538,0.692,0.538,0.0,0.179,0.308,87.7
669020,Ryan Rolison,CHC,R,Behind (Pitcher),213,FF,0.507,0.399,29.0,8.0,2.0,0.381,0.714,0.529,0.0,0.115,0.524,88.9
669020,Ryan Rolison,CHC,R,Even,343,FF,0.487,0.376,30.0,11.0,3.0,0.367,0.8,0.517,0.0,0.077,0.633,92.0
669020,Ryan Rolison,CHC,R,Two-Strike,232,FF,0.483,0.573,60.0,9.0,1.0,0.173,0.25,0.257,0.383,0.13,0.393,87.8
657044,Ryan Thompson,AZ,L,Ahead (Pitcher),81,SI,0.481,0.531,,,,,,,,,,
657044,Ryan Thompson,AZ,L,Behind (Pitcher),106,SI,0.642,0.425,16.0,3.0,0.0,0.231,0.462,0.542,0.0,0.074,0.2,87.8
657044,Ryan Thompson,AZ,L,Even,213,SI,0.676,0.399,22.0,8.0,2.0,0.364,0.682,0.443,0.0,0.15,0.409,86.9
657044,Ryan Thompson,AZ,L,Two-Strike,170,SI,0.5,0.529,33.0,11.0,0.0,0.367,0.5,0.406,0.212,0.114,0.391,91.0
657044,Ryan Thompson,AZ,R,Ahead (Pitcher),115,SL,0.574,0.522,15.0,4.0,0.0,0.267,0.267,0.3,0.0,0.25,0.267,88.3
657044,Ryan Thompson,AZ,R,Behind (Pitcher),139,SI,0.813,0.489,16.0,6.0,0.0,0.462,0.538,0.491,0.0,0.156,0.538,90.7
657044,Ryan Thompson,AZ,R,Even,286,SI,0.622,0.339,23.0,9.0,1.0,0.429,0.667,0.459,0.0,0.164,0.261,80.6
657044,Ryan Thompson,AZ,R,Two-Strike,213,SL,0.582,0.648,52.0,5.0,0.0,0.104,0.146,0.154,0.423,0.279,0.231,84.0
676254,Ryan Walker,SF,L,Ahead (Pitcher),80,SI,0.575,0.4,,,,,,,,,,
676254,Ryan Walker,SF,L,Behind (Pitcher),162,SI,0.698,0.407,16.0,5.0,0.0,0.455,0.545,0.735,0.0,0.192,0.75,92.5
676254,Ryan Walker,SF,L,Even,249,SI,0.586,0.357,11.0,4.0,0.0,0.364,0.455,0.359,0.0,0.174,0.455,87.6
676254,Ryan Walker,SF,L,Two-Strike,246,SI,0.683,0.622,27.0,5.0,2.0,0.217,0.652,0.404,0.407,0.154,0.538,93.8
676254,Ryan Walker,SF,R,Ahead (Pitcher),121,SI,0.521,0.463,14.0,3.0,0.0,0.231,0.231,0.223,0.0,0.154,0.143,79.5
676254,Ryan Walker,SF,R,Behind (Pitcher),209,SI,0.742,0.354,15.0,4.0,0.0,0.333,0.333,0.38,0.0,0.074,0.5,86.1
676254,Ryan Walker,SF,R,Even,334,SI,0.671,0.293,21.0,8.0,2.0,0.444,0.778,0.629,0.0,0.14,0.3,79.6
676254,Ryan Walker,SF,R,Two-Strike,242,SL,0.529,0.545,48.0,10.0,1.0,0.244,0.317,0.283,0.25,0.055,0.194,83.4
670245,Ryan Watson,LAA,L,Ahead (Pitcher),76,CU,0.342,0.487,16.0,4.0,0.0,0.267,0.333,0.277,0.0,0.297,0.375,85.5
670245,Ryan Watson,LAA,L,Behind (Pitcher),140,FC,0.371,0.436,25.0,11.0,0.0,0.579,0.737,0.578,0.0,0.262,0.6,93.4
670245,Ryan Watson,LAA,L,Even,203,FC,0.266,0.394,26.0,5.0,1.0,0.217,0.478,0.302,0.0,0.238,0.4,90.6
670245,Ryan Watson,LAA,L,Two-Strike,173,CU,0.428,0.584,81.0,18.0,0.0,0.254,0.324,0.308,0.37,0.228,0.439,91.4
670245,Ryan Watson,LAA,R,Ahead (Pitcher),85,ST,0.459,0.624,20.0,5.0,0.0,0.25,0.4,0.323,0.0,0.302,0.3,86.4
670245,Ryan Watson,LAA,R,Behind (Pitcher),84,FC,0.452,0.512,25.0,9.0,3.0,0.45,0.95,0.61,0.0,0.116,0.4,91.8
670245,Ryan Watson,LAA,R,Even,204,FC,0.368,0.392,32.0,10.0,3.0,0.323,0.677,0.428,0.0,0.212,0.258,85.5
670245,Ryan Watson,LAA,R,Two-Strike,172,ST,0.448,0.576,76.0,6.0,1.0,0.081,0.122,0.104,0.434,0.222,0.262,82.0
677960,Ryan Weathers,NYY,L,Ahead (Pitcher),75,ST,0.387,0.467,,,,,,,,,,
677960,Ryan Weathers,NYY,L,Behind (Pitcher),149,SI,0.315,0.49,26.0,13.0,1.0,0.542,0.708,0.56,0.0,0.192,0.375,84.0
677960,Ryan Weathers,NYY,L,Even,233,FF,0.275,0.373,29.0,10.0,2.0,0.357,0.643,0.434,0.0,0.304,0.321,84.3
677960,Ryan Weathers,NYY,L,Two-Strike,180,ST,0.278,0.617,74.0,10.0,0.0,0.145,0.159,0.164,0.5,0.308,0.312,88.9
677960,Ryan Weathers,NYY,R,Ahead (Pitcher),287,CH,0.523,0.484,44.0,12.0,1.0,0.273,0.386,0.307,0.0,0.293,0.364,86.7
677960,Ryan Weathers,NYY,R,Behind (Pitcher),490,FF,0.322,0.455,76.0,18.0,4.0,0.277,0.523,0.403,0.0,0.174,0.462,88.4
677960,Ryan Weathers,NYY,R,Even,815,FF,0.275,0.33,72.0,20.0,2.0,0.282,0.451,0.317,0.0,0.293,0.431,89.8
677960,Ryan Weathers,NYY,R,Two-Strike,694,CH,0.347,0.566,238.0,45.0,8.0,0.211,0.352,0.295,0.437,0.222,0.438,91.0
680802,Ryan Weiss,HOU,L,Ahead (Pitcher),32,CH,0.344,0.375,,,,,,,,,,
680802,Ryan Weiss,HOU,L,Behind (Pitcher),93,FF,0.441,0.409,24.0,5.0,1.0,0.357,0.714,0.554,0.0,0.211,0.357,87.8
680802,Ryan Weiss,HOU,L,Even,113,FF,0.336,0.283,13.0,7.0,2.0,0.538,1.0,0.654,0.0,0.219,0.692,94.4
680802,Ryan Weiss,HOU,L,Two-Strike,86,ST,0.337,0.674,40.0,8.0,1.0,0.222,0.333,0.286,0.375,0.172,0.429,86.9
680802,Ryan Weiss,HOU,R,Ahead (Pitcher),22,ST,0.455,0.455,,,,,,,,,,
680802,Ryan Weiss,HOU,R,Behind (Pitcher),50,FF,0.46,0.38,,,,,,,,,,
680802,Ryan Weiss,HOU,R,Even,65,FF,0.338,0.385,11.0,4.0,0.0,0.364,0.455,0.359,0.0,0.12,0.455,87.5
680802,Ryan Weiss,HOU,R,Two-Strike,69,FF,0.42,0.594,27.0,3.0,1.0,0.13,0.261,0.244,0.556,0.317,0.375,90.4
642232,Ryan Yarbrough,NYY,L,Ahead (Pitcher),101,ST,0.535,0.554,10.0,1.0,0.0,0.1,0.2,0.215,0.0,0.36,0.3,80.1
642232,Ryan Yarbrough,NYY,L,Behind (Pitcher),138,SI,0.457,0.428,18.0,3.0,0.0,0.214,0.214,0.306,0.0,0.121,0.429,86.0
642232,Ryan Yarbrough,NYY,L,Even,259,SI,0.371,0.402,14.0,4.0,1.0,0.286,0.714,0.411,0.0,0.298,0.071,76.0
642232,Ryan Yarbrough,NYY,L,Two-Strike,216,ST,0.5,0.588,57.0,7.0,0.0,0.146,0.229,0.246,0.333,0.141,0.103,80.4
642232,Ryan Yarbrough,NYY,R,Ahead (Pitcher),176,CH,0.472,0.46,20.0,6.0,1.0,0.316,0.474,0.36,0.0,0.388,0.316,81.5
642232,Ryan Yarbrough,NYY,R,Behind (Pitcher),277,FC,0.484,0.43,38.0,11.0,1.0,0.333,0.455,0.412,0.0,0.161,0.344,87.2
642232,Ryan Yarbrough,NYY,R,Even,473,FC,0.404,0.351,30.0,8.0,0.0,0.308,0.346,0.366,0.0,0.239,0.179,78.9
642232,Ryan Yarbrough,NYY,R,Two-Strike,393,CH,0.397,0.583,69.0,11.0,0.0,0.169,0.262,0.228,0.362,0.155,0.3,82.6
666171,Ryan Zeferjahn,CHC,L,Ahead (Pitcher),118,FF,0.398,0.339,,,,,,,,,,
666171,Ryan Zeferjahn,CHC,L,Behind (Pitcher),233,ST,0.322,0.403,25.0,5.0,1.0,0.312,0.562,0.58,0.0,0.345,0.286,89.7
666171,Ryan Zeferjahn,CHC,L,Even,370,ST,0.354,0.362,17.0,3.0,1.0,0.188,0.375,0.306,0.0,0.333,0.4,92.3
666171,Ryan Zeferjahn,CHC,L,Two-Strike,310,FF,0.452,0.539,85.0,12.0,3.0,0.162,0.311,0.265,0.482,0.309,0.364,89.3
666171,Ryan Zeferjahn,CHC,R,Ahead (Pitcher),158,ST,0.342,0.462,,,,,,,,,,
666171,Ryan Zeferjahn,CHC,R,Behind (Pitcher),292,FF,0.271,0.342,27.0,3.0,0.0,0.2,0.2,0.444,0.0,0.229,0.533,90.1
666171,Ryan Zeferjahn,CHC,R,Even,426,ST,0.298,0.362,27.0,7.0,0.0,0.292,0.333,0.317,0.0,0.259,0.36,87.1
666171,Ryan Zeferjahn,CHC,R,Two-Strike,422,ST,0.436,0.543,101.0,12.0,1.0,0.13,0.217,0.198,0.525,0.295,0.275,86.7
669194,Ryne Nelson,AZ,L,Ahead (Pitcher),222,FF,0.437,0.495,19.0,8.0,3.0,0.471,1.176,0.682,0.0,0.196,0.471,89.8
669194,Ryne Nelson,AZ,L,Behind (Pitcher),404,FF,0.671,0.463,36.0,7.0,3.0,0.219,0.5,0.366,0.0,0.148,0.452,90.7
669194,Ryne Nelson,AZ,L,Even,660,FF,0.559,0.397,41.0,11.0,1.0,0.275,0.4,0.302,0.0,0.171,0.45,91.2
669194,Ryne Nelson,AZ,L,Two-Strike,561,FF,0.695,0.636,96.0,13.0,3.0,0.149,0.31,0.252,0.292,0.133,0.317,88.7
669194,Ryne Nelson,AZ,R,Ahead (Pitcher),266,FF,0.44,0.53,23.0,10.0,3.0,0.455,0.909,0.55,0.0,0.119,0.652,93.2
669194,Ryne Nelson,AZ,R,Behind (Pitcher),367,FF,0.635,0.512,28.0,7.0,1.0,0.35,0.6,0.521,0.0,0.263,0.4,90.6
669194,Ryne Nelson,AZ,R,Even,704,FF,0.591,0.433,35.0,13.0,4.0,0.371,0.829,0.5,0.0,0.186,0.5,93.7
669194,Ryne Nelson,AZ,R,Two-Strike,628,FF,0.627,0.654,87.0,12.0,0.0,0.146,0.183,0.195,0.414,0.179,0.422,88.9
592773,Ryne Stanek,STL,L,Ahead (Pitcher),109,FF,0.514,0.505,,,,,,,,,,
592773,Ryne Stanek,STL,L,Behind (Pitcher),198,FF,0.783,0.505,30.0,5.0,1.0,0.238,0.429,0.436,0.0,0.279,0.4,89.2
592773,Ryne Stanek,STL,L,Even,326,FF,0.601,0.433,25.0,8.0,1.0,0.32,0.48,0.346,0.0,0.267,0.28,86.9
592773,Ryne Stanek,STL,L,Two-Strike,324,FF,0.543,0.568,60.0,9.0,2.0,0.167,0.296,0.248,0.45,0.216,0.269,86.6
592773,Ryne Stanek,STL,R,Ahead (Pitcher),148,FF,0.405,0.48,,,,,,,,,,
592773,Ryne Stanek,STL,R,Behind (Pitcher),211,FF,0.692,0.55,22.0,7.0,2.0,0.467,1.0,0.641,0.0,0.339,0.733,96.6
592773,Ryne Stanek,STL,R,Even,398,FF,0.455,0.442,30.0,10.0,1.0,0.333,0.567,0.407,0.0,0.321,0.414,92.1
592773,Ryne Stanek,STL,R,Two-Strike,409,FF,0.443,0.567,81.0,11.0,2.0,0.153,0.236,0.227,0.457,0.221,0.314,88.2
691951,Sam Aldegheri,LAA,L,Ahead (Pitcher),32,SL,0.375,0.406,,,,,,,,,,
691951,Sam Aldegheri,LAA,L,Behind (Pitcher),67,FF,0.687,0.418,10.0,2.0,0.0,0.286,0.429,0.425,0.0,0.15,0.143,84.1
691951,Sam Aldegheri,LAA,L,Even,91,FF,0.538,0.385,,,,,,,,,,
691951,Sam Aldegheri,LAA,L,Two-Strike,89,FF,0.461,0.483,19.0,5.0,0.0,0.385,0.385,0.458,0.211,0.04,0.333,85.9
691951,Sam Aldegheri,LAA,R,Ahead (Pitcher),78,CH,0.474,0.551,12.0,2.0,0.0,0.182,0.455,0.238,0.0,0.312,0.5,92.8
691951,Sam Aldegheri,LAA,R,Behind (Pitcher),152,FF,0.546,0.434,23.0,5.0,2.0,0.227,0.5,0.377,0.0,0.229,0.476,93.3
691951,Sam Aldegheri,LAA,R,Even,225,FF,0.427,0.338,20.0,4.0,0.0,0.2,0.25,0.242,0.0,0.208,0.3,83.9
691951,Sam Aldegheri,LAA,R,Two-Strike,180,CH,0.433,0.572,56.0,8.0,1.0,0.174,0.261,0.271,0.321,0.149,0.3,80.7
696147,Sam Bachman,LAA,L,Ahead (Pitcher),74,CH,0.419,0.486,11.0,3.0,1.0,0.273,0.727,0.409,0.0,0.333,0.364,87.7
696147,Sam Bachman,LAA,L,Behind (Pitcher),151,SL,0.397,0.344,25.0,3.0,1.0,0.214,0.571,0.525,0.0,0.361,0.538,94.5
696147,Sam Bachman,LAA,L,Even,196,SL,0.403,0.311,15.0,5.0,3.0,0.333,1.067,0.627,0.0,0.512,0.533,90.0
696147,Sam Bachman,LAA,L,Two-Strike,161,SL,0.435,0.602,53.0,8.0,0.0,0.178,0.178,0.246,0.528,0.278,0.412,91.6
696147,Sam Bachman,LAA,R,Ahead (Pitcher),83,SL,0.699,0.53,,,,,,,,,,
696147,Sam Bachman,LAA,R,Behind (Pitcher),122,SL,0.549,0.426,26.0,6.0,0.0,0.3,0.35,0.383,0.0,0.237,0.2,86.7
696147,Sam Bachman,LAA,R,Even,211,SL,0.682,0.365,22.0,2.0,0.0,0.095,0.143,0.13,0.0,0.348,0.182,77.9
696147,Sam Bachman,LAA,R,Two-Strike,145,SL,0.676,0.6,47.0,7.0,0.0,0.163,0.163,0.213,0.404,0.233,0.208,79.4
656529,Sam Hentges,SF,L,Ahead (Pitcher),34,SI,0.382,0.559,,,,,,,,,,
656529,Sam Hentges,SF,L,Behind (Pitcher),80,SI,0.538,0.388,18.0,6.0,0.0,0.462,0.462,0.494,0.0,0.29,0.385,90.3
656529,Sam Hentges,SF,L,Even,116,SI,0.422,0.319,11.0,5.0,0.0,0.455,0.455,0.45,0.0,0.324,0.2,78.5
656529,Sam Hentges,SF,L,Two-Strike,94,SL,0.383,0.479,42.0,6.0,0.0,0.188,0.188,0.338,0.429,0.222,0.333,88.2
656529,Sam Hentges,SF,R,Ahead (Pitcher),47,FF,0.489,0.468,,,,,,,,,,
656529,Sam Hentges,SF,R,Behind (Pitcher),74,FF,0.419,0.392,20.0,2.0,0.0,0.143,0.214,0.355,0.0,0.207,0.385,84.6
656529,Sam Hentges,SF,R,Even,121,FF,0.455,0.388,18.0,6.0,0.0,0.333,0.444,0.339,0.0,0.277,0.278,86.0
656529,Sam Hentges,SF,R,Two-Strike,95,FF,0.505,0.495,41.0,4.0,0.0,0.114,0.171,0.207,0.488,0.213,0.133,86.4
594580,Sam Moll,CIN,L,Ahead (Pitcher),91,ST,0.824,0.407,,,,,,,,,,
594580,Sam Moll,CIN,L,Behind (Pitcher),163,SI,0.706,0.46,24.0,9.0,0.0,0.474,0.474,0.522,0.0,0.194,0.391,82.0
594580,Sam Moll,CIN,L,Even,266,ST,0.515,0.286,30.0,8.0,1.0,0.333,0.583,0.439,0.0,0.3,0.5,82.1
594580,Sam Moll,CIN,L,Two-Strike,216,ST,0.537,0.588,69.0,7.0,1.0,0.117,0.167,0.212,0.507,0.214,0.345,85.5
594580,Sam Moll,CIN,R,Ahead (Pitcher),73,CH,0.671,0.26,,,,,,,,,,
594580,Sam Moll,CIN,R,Behind (Pitcher),185,SI,0.53,0.438,33.0,12.0,1.0,0.444,0.667,0.608,0.0,0.147,0.407,89.4
594580,Sam Moll,CIN,R,Even,235,ST,0.409,0.281,17.0,8.0,0.0,0.5,0.688,0.526,0.0,0.208,0.312,90.9
594580,Sam Moll,CIN,R,Two-Strike,184,CH,0.364,0.543,63.0,9.0,2.0,0.176,0.353,0.302,0.333,0.141,0.364,89.7
671111,Sammy Peralta,LAA,L,Ahead (Pitcher),32,SL,0.344,0.469,,,,,,,,,,
671111,Sammy Peralta,LAA,L,Behind (Pitcher),37,SI,0.486,0.351,,,,,,,,,,
671111,Sammy Peralta,LAA,L,Even,81,SL,0.531,0.407,11.0,4.0,2.0,0.5,1.25,0.74,0.0,0.182,0.333,75.6
671111,Sammy Peralta,LAA,L,Two-Strike,65,SL,0.323,0.538,21.0,2.0,0.0,0.1,0.15,0.136,0.524,0.231,0.333,88.0
671111,Sammy Peralta,LAA,R,Ahead (Pitcher),43,CH,0.512,0.605,,,,,,,,,,
671111,Sammy Peralta,LAA,R,Behind (Pitcher),66,SI,0.364,0.227,,,,,,,,,,
671111,Sammy Peralta,LAA,R,Even,104,SI,0.346,0.394,13.0,6.0,1.0,0.462,0.692,0.5,0.0,0.115,0.692,95.2
671111,Sammy Peralta,LAA,R,Two-Strike,61,FF,0.459,0.623,22.0,5.0,1.0,0.238,0.429,0.317,0.5,0.25,0.556,90.7
696519,Samy Natera,LAA,L,Ahead (Pitcher),35,FF,0.743,0.286,,,,,,,,,,
696519,Samy Natera,LAA,L,Behind (Pitcher),58,FF,0.966,0.207,10.0,1.0,0.0,0.333,0.667,0.615,0.0,0.417,0.333,90.3
696519,Samy Natera,LAA,L,Even,78,FF,0.808,0.372,,,,,,,,,,
696519,Samy Natera,LAA,L,Two-Strike,76,FF,0.658,0.684,38.0,6.0,0.0,0.162,0.189,0.17,0.553,0.288,0.188,83.6
696519,Samy Natera,LAA,R,Ahead (Pitcher),41,FF,0.732,0.488,,,,,,,,,,
696519,Samy Natera,LAA,R,Behind (Pitcher),76,FF,0.921,0.579,14.0,4.0,0.0,0.308,0.462,0.307,0.0,0.182,0.571,94.1
696519,Samy Natera,LAA,R,Even,104,FF,0.808,0.346,,,,,,,,,,
696519,Samy Natera,LAA,R,Two-Strike,112,FF,0.75,0.634,52.0,5.0,0.0,0.111,0.133,0.174,0.519,0.282,0.316,87.6
645261,Sandy Alcántara,MIA,L,Ahead (Pitcher),443,CH,0.296,0.503,54.0,18.0,2.0,0.333,0.5,0.367,0.0,0.197,0.37,87.0
645261,Sandy Alcántara,MIA,L,Behind (Pitcher),820,SI,0.307,0.44,114.0,29.0,3.0,0.326,0.517,0.444,0.0,0.188,0.427,90.6
645261,Sandy Alcántara,MIA,L,Even,1237,CH,0.241,0.388,109.0,27.0,7.0,0.255,0.509,0.33,0.0,0.204,0.321,88.8
645261,Sandy Alcántara,MIA,L,Two-Strike,1001,CH,0.251,0.641,257.0,50.0,6.0,0.213,0.349,0.291,0.342,0.173,0.338,87.7
645261,Sandy Alcántara,MIA,R,Ahead (Pitcher),393,SI,0.262,0.545,35.0,6.0,0.0,0.182,0.182,0.174,0.0,0.198,0.382,91.3
645261,Sandy Alcántara,MIA,R,Behind (Pitcher),469,SI,0.431,0.478,61.0,17.0,0.0,0.327,0.346,0.36,0.0,0.206,0.566,91.9
645261,Sandy Alcántara,MIA,R,Even,979,SI,0.348,0.398,86.0,25.0,3.0,0.305,0.463,0.37,0.0,0.179,0.317,85.2
645261,Sandy Alcántara,MIA,R,Two-Strike,834,FF,0.234,0.65,175.0,32.0,3.0,0.192,0.287,0.234,0.354,0.169,0.298,84.7
605130,Scott Barlow,ATH,L,Ahead (Pitcher),96,CU,0.344,0.469,,,,,,,,,,
605130,Scott Barlow,ATH,L,Behind (Pitcher),189,FF,0.243,0.376,21.0,4.0,2.0,0.308,0.846,0.607,0.0,0.304,0.417,92.4
605130,Scott Barlow,ATH,L,Even,261,CU,0.337,0.287,10.0,3.0,0.0,0.3,0.4,0.305,0.0,0.333,0.5,89.4
605130,Scott Barlow,ATH,L,Two-Strike,234,CU,0.402,0.577,38.0,5.0,1.0,0.143,0.229,0.203,0.368,0.289,0.381,90.7
605130,Scott Barlow,ATH,R,Ahead (Pitcher),127,ST,0.417,0.48,,,,,,,,,,
605130,Scott Barlow,ATH,R,Behind (Pitcher),294,ST,0.293,0.35,20.0,7.0,3.0,0.467,1.2,0.747,0.0,0.395,0.643,94.2
605130,Scott Barlow,ATH,R,Even,369,ST,0.42,0.29,13.0,2.0,0.0,0.2,0.3,0.342,0.0,0.324,0.0,81.0
605130,Scott Barlow,ATH,R,Two-Strike,305,ST,0.397,0.58,44.0,5.0,1.0,0.132,0.263,0.239,0.341,0.279,0.261,82.4
656240,Scott Blewett,ATH,L,Ahead (Pitcher),79,FS,0.494,0.532,,,,,,,,,,
656240,Scott Blewett,ATH,L,Behind (Pitcher),140,FF,0.421,0.493,14.0,5.0,1.0,0.5,0.9,0.639,0.0,0.233,0.636,87.1
656240,Scott Blewett,ATH,L,Even,223,FF,0.354,0.395,16.0,7.0,1.0,0.438,0.75,0.506,0.0,0.256,0.25,87.3
656240,Scott Blewett,ATH,L,Two-Strike,164,SL,0.439,0.616,29.0,6.0,0.0,0.214,0.286,0.234,0.414,0.222,0.188,86.5
656240,Scott Blewett,ATH,R,Ahead (Pitcher),81,SL,0.481,0.568,,,,,,,,,,
656240,Scott Blewett,ATH,R,Behind (Pitcher),141,SL,0.369,0.511,17.0,2.0,0.0,0.143,0.143,0.282,0.0,0.2,0.214,82.2
656240,Scott Blewett,ATH,R,Even,247,SL,0.421,0.445,15.0,4.0,0.0,0.333,0.417,0.296,0.0,0.278,0.533,87.6
656240,Scott Blewett,ATH,R,Two-Strike,168,SL,0.518,0.56,38.0,4.0,0.0,0.114,0.114,0.15,0.526,0.333,0.267,87.8
680732,Sean Burke,CWS,L,Ahead (Pitcher),341,FF,0.428,0.519,34.0,12.0,2.0,0.375,0.656,0.434,0.0,0.303,0.303,87.0
680732,Sean Burke,CWS,L,Behind (Pitcher),663,FF,0.386,0.412,65.0,16.0,4.0,0.348,0.717,0.54,0.0,0.218,0.568,92.2
680732,Sean Burke,CWS,L,Even,982,FF,0.41,0.363,79.0,27.0,3.0,0.36,0.613,0.429,0.0,0.16,0.442,89.1
680732,Sean Burke,CWS,L,Two-Strike,933,FF,0.481,0.605,235.0,30.0,3.0,0.139,0.222,0.21,0.447,0.206,0.342,88.1
680732,Sean Burke,CWS,R,Ahead (Pitcher),278,SL,0.36,0.543,27.0,7.0,1.0,0.28,0.4,0.326,0.0,0.353,0.28,86.6
680732,Sean Burke,CWS,R,Behind (Pitcher),469,SL,0.343,0.463,33.0,5.0,0.0,0.217,0.217,0.348,0.0,0.239,0.348,89.1
680732,Sean Burke,CWS,R,Even,798,SL,0.33,0.365,55.0,17.0,5.0,0.315,0.648,0.425,0.0,0.298,0.442,91.8
680732,Sean Burke,CWS,R,Two-Strike,707,FF,0.512,0.62,172.0,26.0,0.0,0.169,0.234,0.23,0.424,0.198,0.358,88.7
640455,Sean Manaea,NYM,L,Ahead (Pitcher),134,ST,0.433,0.47,17.0,5.0,2.0,0.312,0.688,0.435,0.0,0.25,0.471,83.6
640455,Sean Manaea,NYM,L,Behind (Pitcher),190,FF,0.384,0.468,31.0,12.0,2.0,0.429,0.786,0.532,0.0,0.224,0.357,88.3
640455,Sean Manaea,NYM,L,Even,358,FF,0.335,0.363,31.0,12.0,0.0,0.4,0.533,0.416,0.0,0.221,0.367,88.2
640455,Sean Manaea,NYM,L,Two-Strike,332,ST,0.509,0.639,107.0,13.0,1.0,0.134,0.175,0.203,0.505,0.319,0.31,85.4
640455,Sean Manaea,NYM,R,Ahead (Pitcher),329,FF,0.45,0.535,41.0,14.0,1.0,0.368,0.632,0.411,0.0,0.217,0.475,91.4
640455,Sean Manaea,NYM,R,Behind (Pitcher),496,FF,0.468,0.488,90.0,29.0,6.0,0.397,0.753,0.547,0.0,0.15,0.479,91.2
640455,Sean Manaea,NYM,R,Even,868,FF,0.469,0.38,84.0,27.0,7.0,0.37,0.781,0.506,0.0,0.21,0.513,88.9
640455,Sean Manaea,NYM,R,Two-Strike,781,FF,0.562,0.675,226.0,33.0,4.0,0.163,0.281,0.244,0.381,0.18,0.364,87.4
656794,Sean Newcomb,CWS,L,Ahead (Pitcher),144,SV,0.431,0.375,13.0,3.0,0.0,0.231,0.308,0.235,0.0,0.222,0.231,81.2
656794,Sean Newcomb,CWS,L,Behind (Pitcher),220,SI,0.482,0.377,29.0,7.0,1.0,0.304,0.609,0.479,0.0,0.2,0.591,92.2
656794,Sean Newcomb,CWS,L,Even,362,SI,0.448,0.387,31.0,11.0,0.0,0.393,0.393,0.383,0.0,0.143,0.345,78.1
656794,Sean Newcomb,CWS,L,Two-Strike,280,SV,0.386,0.625,73.0,9.0,0.0,0.141,0.172,0.219,0.425,0.209,0.273,86.1
656794,Sean Newcomb,CWS,R,Ahead (Pitcher),240,FF,0.388,0.487,14.0,4.0,1.0,0.308,0.538,0.377,0.0,0.31,0.571,91.2
656794,Sean Newcomb,CWS,R,Behind (Pitcher),462,FF,0.379,0.426,36.0,9.0,0.0,0.29,0.387,0.396,0.0,0.22,0.207,80.7
656794,Sean Newcomb,CWS,R,Even,686,FF,0.351,0.312,33.0,12.0,0.0,0.375,0.5,0.37,0.0,0.222,0.485,91.7
656794,Sean Newcomb,CWS,R,Two-Strike,603,FF,0.37,0.624,134.0,17.0,2.0,0.144,0.246,0.237,0.366,0.185,0.391,90.2
807743,Sean Sullivan,COL,L,Ahead (Pitcher),15,ST,0.467,0.533,,,,,,,,,,
807743,Sean Sullivan,COL,L,Behind (Pitcher),34,FF,0.559,0.382,,,,,,,,,,
807743,Sean Sullivan,COL,L,Even,53,FF,0.453,0.302,,,,,,,,,,
807743,Sean Sullivan,COL,L,Two-Strike,34,FF,0.382,0.588,16.0,3.0,2.0,0.214,0.643,0.394,0.375,0.2,0.375,85.7
807743,Sean Sullivan,COL,R,Ahead (Pitcher),40,CH,0.275,0.65,15.0,7.0,1.0,0.467,0.8,0.54,0.0,0.115,0.267,89.3
807743,Sean Sullivan,COL,R,Behind (Pitcher),59,FF,0.678,0.407,14.0,4.0,0.0,0.5,1.125,0.682,0.0,0.167,0.5,94.3
807743,Sean Sullivan,COL,R,Even,104,FF,0.394,0.375,17.0,7.0,1.0,0.467,0.933,0.6,0.0,0.205,0.533,92.6
807743,Sean Sullivan,COL,R,Two-Strike,73,FF,0.493,0.699,31.0,4.0,0.0,0.143,0.25,0.195,0.323,0.137,0.263,85.4
622554,Seranthony Domínguez,SEA,L,Ahead (Pitcher),120,FS,0.425,0.358,,,,,,,,,,
622554,Seranthony Domínguez,SEA,L,Behind (Pitcher),268,FF,0.668,0.422,35.0,5.0,2.0,0.208,0.458,0.435,0.0,0.172,0.522,92.4
622554,Seranthony Domínguez,SEA,L,Even,356,FF,0.455,0.326,14.0,6.0,0.0,0.462,0.615,0.436,0.0,0.311,0.071,80.1
622554,Seranthony Domínguez,SEA,L,Two-Strike,296,FS,0.463,0.611,70.0,10.0,1.0,0.159,0.222,0.219,0.457,0.235,0.219,84.3
622554,Seranthony Domínguez,SEA,R,Ahead (Pitcher),143,ST,0.497,0.455,12.0,2.0,1.0,0.167,0.417,0.242,0.0,0.219,0.333,88.6
622554,Seranthony Domínguez,SEA,R,Behind (Pitcher),271,FF,0.506,0.454,21.0,3.0,1.0,0.2,0.4,0.381,0.0,0.25,0.533,95.3
622554,Seranthony Domínguez,SEA,R,Even,400,ST,0.378,0.378,22.0,8.0,2.0,0.381,0.714,0.475,0.0,0.304,0.286,83.8
622554,Seranthony Domínguez,SEA,R,Two-Strike,359,ST,0.421,0.588,74.0,10.0,2.0,0.149,0.269,0.251,0.432,0.206,0.297,85.8
678020,Seth Halvorsen,LAD,L,Ahead (Pitcher),69,FF,0.609,0.536,,,,,,,,,,
678020,Seth Halvorsen,LAD,L,Behind (Pitcher),131,FF,0.626,0.366,15.0,5.0,2.0,0.455,1.0,0.707,0.0,0.217,0.5,92.4
678020,Seth Halvorsen,LAD,L,Even,201,FF,0.672,0.423,15.0,5.0,0.0,0.357,0.357,0.407,0.0,0.189,0.5,93.4
678020,Seth Halvorsen,LAD,L,Two-Strike,131,FF,0.443,0.595,22.0,4.0,0.0,0.222,0.333,0.323,0.364,0.231,0.4,92.2
678020,Seth Halvorsen,LAD,R,Ahead (Pitcher),70,SL,0.443,0.471,,,,,,,,,,
678020,Seth Halvorsen,LAD,R,Behind (Pitcher),154,FF,0.643,0.435,24.0,10.0,4.0,0.5,1.3,0.733,0.0,0.119,0.55,93.9
678020,Seth Halvorsen,LAD,R,Even,237,FF,0.565,0.418,16.0,3.0,0.0,0.188,0.188,0.169,0.0,0.209,0.438,86.3
678020,Seth Halvorsen,LAD,R,Two-Strike,177,FF,0.441,0.61,39.0,2.0,0.0,0.057,0.086,0.15,0.385,0.212,0.2,86.8
686751,Seth Johnson,ATH,L,Ahead (Pitcher),45,FF,0.6,0.489,,,,,,,,,,
686751,Seth Johnson,ATH,L,Behind (Pitcher),74,FF,0.554,0.378,11.0,2.0,0.0,0.286,0.286,0.418,0.0,0.263,0.286,86.0
686751,Seth Johnson,ATH,L,Even,126,FF,0.476,0.437,21.0,7.0,1.0,0.333,0.524,0.369,0.0,0.268,0.524,90.1
686751,Seth Johnson,ATH,L,Two-Strike,112,FF,0.464,0.643,32.0,6.0,0.0,0.207,0.276,0.256,0.406,0.19,0.5,89.6
686751,Seth Johnson,ATH,R,Ahead (Pitcher),44,FF,0.432,0.523,,,,,,,,,,
686751,Seth Johnson,ATH,R,Behind (Pitcher),103,FF,0.553,0.447,11.0,4.0,0.0,0.571,0.714,0.614,0.0,0.206,0.571,85.8
686751,Seth Johnson,ATH,R,Even,145,FF,0.379,0.331,12.0,4.0,1.0,0.364,0.909,0.612,0.0,0.241,0.364,86.2
686751,Seth Johnson,ATH,R,Two-Strike,120,FF,0.467,0.65,49.0,6.0,1.0,0.146,0.244,0.254,0.49,0.328,0.235,86.3
607625,Seth Lugo,KC,L,Ahead (Pitcher),424,CU,0.203,0.413,35.0,10.0,1.0,0.303,0.424,0.36,0.0,0.198,0.265,85.5
607625,Seth Lugo,KC,L,Behind (Pitcher),752,SI,0.214,0.43,91.0,30.0,4.0,0.429,0.743,0.53,0.0,0.159,0.528,91.6
607625,Seth Lugo,KC,L,Even,1166,FF,0.247,0.351,107.0,43.0,8.0,0.422,0.824,0.519,0.0,0.138,0.524,89.7
607625,Seth Lugo,KC,L,Two-Strike,912,CU,0.24,0.572,240.0,47.0,1.0,0.217,0.281,0.265,0.367,0.179,0.377,89.0
607625,Seth Lugo,KC,R,Ahead (Pitcher),289,SI,0.208,0.471,36.0,13.0,1.0,0.371,0.486,0.365,0.0,0.147,0.444,87.7
607625,Seth Lugo,KC,R,Behind (Pitcher),379,SI,0.359,0.441,43.0,15.0,4.0,0.405,0.811,0.538,0.0,0.172,0.568,93.0
607625,Seth Lugo,KC,R,Even,726,SI,0.18,0.348,57.0,18.0,4.0,0.34,0.679,0.45,0.0,0.203,0.382,86.8
607625,Seth Lugo,KC,R,Two-Strike,592,SI,0.176,0.59,141.0,23.0,0.0,0.178,0.233,0.227,0.326,0.164,0.329,85.7
661527,Seth Martinez,BOS,L,Behind (Pitcher),15,FC,0.467,0.467,,,,,,,,,,
661527,Seth Martinez,BOS,L,Even,28,ST,0.429,0.357,,,,,,,,,,
661527,Seth Martinez,BOS,L,Two-Strike,43,FF,0.395,0.628,,,,,,,,,,
661527,Seth Martinez,BOS,R,Even,16,ST,0.5,0.188,,,,,,,,,,
669358,Shane Baz,BAL,L,Ahead (Pitcher),384,FF,0.333,0.471,49.0,19.0,3.0,0.422,0.756,0.483,0.0,0.184,0.383,89.1
669358,Shane Baz,BAL,L,Behind (Pitcher),702,FF,0.45,0.45,87.0,17.0,2.0,0.309,0.509,0.465,0.0,0.197,0.517,92.3
669358,Shane Baz,BAL,L,Even,1116,FF,0.47,0.38,96.0,31.0,5.0,0.341,0.615,0.414,0.0,0.198,0.448,91.0
669358,Shane Baz,BAL,L,Two-Strike,880,KC,0.403,0.631,229.0,45.0,1.0,0.212,0.274,0.246,0.419,0.185,0.371,88.8
669358,Shane Baz,BAL,R,Ahead (Pitcher),335,KC,0.379,0.445,26.0,5.0,0.0,0.192,0.192,0.208,0.0,0.191,0.308,82.5
669358,Shane Baz,BAL,R,Behind (Pitcher),533,FF,0.42,0.482,55.0,15.0,0.0,0.326,0.457,0.391,0.0,0.169,0.375,86.3
669358,Shane Baz,BAL,R,Even,946,FF,0.342,0.413,77.0,26.0,2.0,0.347,0.52,0.385,0.0,0.227,0.474,91.6
669358,Shane Baz,BAL,R,Two-Strike,749,KC,0.451,0.605,149.0,21.0,2.0,0.156,0.215,0.209,0.383,0.192,0.367,90.6
669456,Shane Bieber,TOR,L,Ahead (Pitcher),103,FF,0.379,0.291,11.0,3.0,0.0,0.273,0.364,0.277,0.0,0.1,0.182,84.3
669456,Shane Bieber,TOR,L,Behind (Pitcher),217,FF,0.336,0.396,31.0,6.0,4.0,0.273,0.864,0.531,0.0,0.138,0.636,95.8
669456,Shane Bieber,TOR,L,Even,315,FF,0.441,0.359,26.0,7.0,2.0,0.269,0.577,0.354,0.0,0.239,0.5,89.9
669456,Shane Bieber,TOR,L,Two-Strike,238,KC,0.319,0.58,65.0,6.0,0.0,0.109,0.145,0.205,0.338,0.216,0.529,90.7
669456,Shane Bieber,TOR,R,Ahead (Pitcher),90,FF,0.356,0.411,,,,,,,,,,
669456,Shane Bieber,TOR,R,Behind (Pitcher),167,FF,0.329,0.485,24.0,7.0,1.0,0.318,0.591,0.41,0.0,0.191,0.455,91.3
669456,Shane Bieber,TOR,R,Even,265,FF,0.385,0.385,24.0,12.0,1.0,0.5,0.625,0.496,0.0,0.241,0.5,91.7
669456,Shane Bieber,TOR,R,Two-Strike,180,SL,0.406,0.611,52.0,11.0,1.0,0.229,0.312,0.272,0.423,0.232,0.269,85.1
675660,Shane Drohan,MIL,L,Ahead (Pitcher),86,SL,0.36,0.465,17.0,7.0,0.0,0.467,0.533,0.432,0.0,0.325,0.375,89.7
675660,Shane Drohan,MIL,L,Behind (Pitcher),96,SI,0.302,0.458,24.0,4.0,0.0,0.182,0.273,0.238,0.0,0.25,0.318,85.6
675660,Shane Drohan,MIL,L,Even,219,SI,0.361,0.438,40.0,12.0,0.0,0.316,0.526,0.38,0.0,0.281,0.475,86.6
675660,Shane Drohan,MIL,L,Two-Strike,167,SL,0.563,0.605,76.0,13.0,0.0,0.181,0.25,0.226,0.513,0.297,0.333,87.1
675660,Shane Drohan,MIL,R,Ahead (Pitcher),192,FF,0.286,0.516,38.0,19.0,1.0,0.514,0.703,0.534,0.0,0.283,0.378,85.0
675660,Shane Drohan,MIL,R,Behind (Pitcher),282,SI,0.284,0.475,77.0,23.0,3.0,0.397,0.655,0.514,0.0,0.157,0.458,91.1
675660,Shane Drohan,MIL,R,Even,487,FF,0.294,0.363,56.0,18.0,3.0,0.34,0.528,0.377,0.0,0.26,0.4,87.3
675660,Shane Drohan,MIL,R,Two-Strike,404,FF,0.354,0.577,179.0,22.0,7.0,0.138,0.288,0.244,0.458,0.223,0.312,87.4
663556,Shane Mcclanahan,TB,L,Ahead (Pitcher),56,SL,0.429,0.536,12.0,3.0,1.0,0.25,0.583,0.346,0.0,0.3,0.25,82.5
663556,Shane Mcclanahan,TB,L,Behind (Pitcher),96,FF,0.615,0.448,21.0,3.0,0.0,0.167,0.278,0.262,0.0,0.256,0.389,90.1
663556,Shane Mcclanahan,TB,L,Even,146,FF,0.39,0.37,21.0,3.0,2.0,0.15,0.45,0.267,0.0,0.259,0.45,90.5
663556,Shane Mcclanahan,TB,L,Two-Strike,109,FF,0.376,0.505,56.0,5.0,1.0,0.104,0.188,0.206,0.411,0.182,0.56,91.6
663556,Shane Mcclanahan,TB,R,Ahead (Pitcher),198,CH,0.389,0.409,36.0,14.0,0.0,0.389,0.472,0.379,0.0,0.272,0.361,86.8
663556,Shane Mcclanahan,TB,R,Behind (Pitcher),294,FF,0.517,0.398,59.0,13.0,1.0,0.295,0.409,0.419,0.0,0.205,0.558,91.5
663556,Shane Mcclanahan,TB,R,Even,548,FF,0.369,0.453,82.0,24.0,5.0,0.304,0.544,0.412,0.0,0.27,0.451,85.9
663556,Shane Mcclanahan,TB,R,Two-Strike,383,CH,0.454,0.658,199.0,27.0,0.0,0.147,0.185,0.201,0.412,0.238,0.327,85.8
681343,Shane Smith,CWS,L,Ahead (Pitcher),170,FF,0.418,0.506,,,,,,,,,,
681343,Shane Smith,CWS,L,Behind (Pitcher),379,FF,0.562,0.459,,,,,,,,,,
681343,Shane Smith,CWS,L,Even,517,FF,0.439,0.366,,,,,,,,,,
681343,Shane Smith,CWS,L,Two-Strike,411,FF,0.479,0.618,17.0,3.0,0.0,0.2,0.333,0.324,0.471,0.172,0.333,83.1
681343,Shane Smith,CWS,R,Ahead (Pitcher),162,FF,0.383,0.475,,,,,,,,,,
681343,Shane Smith,CWS,R,Behind (Pitcher),234,FF,0.479,0.402,,,,,,,,,,
681343,Shane Smith,CWS,R,Even,411,FF,0.333,0.375,,,,,,,,,,
681343,Shane Smith,CWS,R,Two-Strike,364,FF,0.396,0.635,13.0,2.0,0.0,0.2,0.3,0.465,0.231,0.167,0.286,79.8
641312,Shaun Anderson,LAA,L,Ahead (Pitcher),39,CH,0.564,0.487,,,,,,,,,,
641312,Shaun Anderson,LAA,L,Behind (Pitcher),69,SL,0.449,0.493,17.0,5.0,1.0,0.357,0.571,0.453,0.0,0.083,0.429,88.0
641312,Shaun Anderson,LAA,L,Even,108,FF,0.343,0.333,10.0,4.0,2.0,0.444,1.111,0.667,0.0,0.269,0.3,83.4
641312,Shaun Anderson,LAA,L,Two-Strike,68,CH,0.426,0.515,17.0,0.0,0.0,0.0,0.0,0.165,0.353,0.294,0.143,82.1
641312,Shaun Anderson,LAA,R,Ahead (Pitcher),45,SL,0.333,0.467,,,,,,,,,,
641312,Shaun Anderson,LAA,R,Behind (Pitcher),54,SL,0.444,0.519,11.0,4.0,0.0,0.444,0.444,0.455,0.0,0.211,0.556,89.3
641312,Shaun Anderson,LAA,R,Even,102,SL,0.333,0.392,,,,,,,,,,
641312,Shaun Anderson,LAA,R,Two-Strike,83,ST,0.398,0.602,23.0,5.0,1.0,0.238,0.381,0.343,0.478,0.214,0.5,90.0
542888,Shawn Armstrong,CLE,L,Ahead (Pitcher),104,FF,0.385,0.49,,,,,,,,,,
542888,Shawn Armstrong,CLE,L,Behind (Pitcher),134,FF,0.403,0.455,13.0,3.0,1.0,0.333,0.778,0.612,0.0,0.038,0.375,91.2
542888,Shawn Armstrong,CLE,L,Even,248,ST,0.319,0.363,12.0,5.0,1.0,0.455,0.818,0.496,0.0,0.171,0.417,90.8
542888,Shawn Armstrong,CLE,L,Two-Strike,220,FF,0.441,0.623,41.0,5.0,0.0,0.132,0.158,0.17,0.488,0.232,0.389,91.9
542888,Shawn Armstrong,CLE,R,Ahead (Pitcher),132,ST,0.348,0.485,,,,,,,,,,
542888,Shawn Armstrong,CLE,R,Behind (Pitcher),196,FC,0.342,0.464,12.0,3.0,1.0,0.429,1.0,0.712,0.0,0.243,0.429,93.4
542888,Shawn Armstrong,CLE,R,Even,350,SI,0.317,0.389,13.0,5.0,1.0,0.455,0.727,0.542,0.0,0.143,0.25,75.6
542888,Shawn Armstrong,CLE,R,Two-Strike,336,FF,0.336,0.568,44.0,5.0,0.0,0.135,0.135,0.219,0.295,0.179,0.304,84.1
660271,Shohei Ohtani,LAD,L,Ahead (Pitcher),127,FF,0.37,0.488,17.0,7.0,1.0,0.438,0.688,0.497,0.0,0.295,0.353,79.9
660271,Shohei Ohtani,LAD,L,Behind (Pitcher),251,FF,0.598,0.446,32.0,11.0,1.0,0.44,0.8,0.562,0.0,0.243,0.44,90.8
660271,Shohei Ohtani,LAD,L,Even,396,FF,0.518,0.351,41.0,10.0,1.0,0.263,0.368,0.289,0.0,0.208,0.333,88.5
660271,Shohei Ohtani,LAD,L,Two-Strike,324,FF,0.404,0.645,101.0,8.0,0.0,0.087,0.087,0.136,0.465,0.28,0.304,85.5
660271,Shohei Ohtani,LAD,R,Ahead (Pitcher),133,ST,0.429,0.481,11.0,2.0,0.0,0.2,0.4,0.291,0.0,0.194,0.7,95.8
660271,Shohei Ohtani,LAD,R,Behind (Pitcher),213,FF,0.469,0.427,31.0,1.0,0.0,0.045,0.045,0.232,0.0,0.281,0.318,85.1
660271,Shohei Ohtani,LAD,R,Even,362,ST,0.417,0.403,21.0,6.0,1.0,0.316,0.579,0.41,0.0,0.415,0.316,88.6
660271,Shohei Ohtani,LAD,R,Two-Strike,282,ST,0.401,0.652,86.0,10.0,0.0,0.12,0.133,0.133,0.558,0.313,0.229,85.1
684007,Shota Imanaga,CHC,L,Ahead (Pitcher),154,ST,0.461,0.506,15.0,4.0,3.0,0.267,0.867,0.46,0.0,0.27,0.533,90.0
684007,Shota Imanaga,CHC,L,Behind (Pitcher),257,FF,0.58,0.455,34.0,10.0,3.0,0.345,0.759,0.496,0.0,0.3,0.345,90.4
684007,Shota Imanaga,CHC,L,Even,459,FF,0.455,0.418,45.0,11.0,3.0,0.262,0.5,0.344,0.0,0.297,0.442,89.5
684007,Shota Imanaga,CHC,L,Two-Strike,361,ST,0.371,0.596,96.0,15.0,2.0,0.172,0.276,0.24,0.5,0.262,0.333,87.7
684007,Shota Imanaga,CHC,R,Ahead (Pitcher),448,FS,0.471,0.525,23.0,10.0,4.0,0.455,1.045,0.628,0.0,0.374,0.5,90.7
684007,Shota Imanaga,CHC,R,Behind (Pitcher),748,FF,0.517,0.523,95.0,28.0,9.0,0.35,0.725,0.493,0.0,0.272,0.531,92.7
684007,Shota Imanaga,CHC,R,Even,1329,FF,0.445,0.431,99.0,33.0,5.0,0.34,0.567,0.394,0.0,0.306,0.371,87.3
684007,Shota Imanaga,CHC,R,Two-Strike,1152,FS,0.489,0.67,295.0,42.0,5.0,0.148,0.229,0.185,0.417,0.228,0.242,84.8
680573,Simeon Woods Richardson,TOR,L,Ahead (Pitcher),186,FF,0.484,0.522,14.0,7.0,0.0,0.538,0.615,0.475,0.0,0.152,0.429,87.9
680573,Simeon Woods Richardson,TOR,L,Behind (Pitcher),400,FF,0.578,0.41,43.0,11.0,3.0,0.355,0.677,0.531,0.0,0.267,0.581,91.6
680573,Simeon Woods Richardson,TOR,L,Even,548,FF,0.432,0.323,28.0,9.0,1.0,0.333,0.593,0.415,0.0,0.171,0.444,89.9
680573,Simeon Woods Richardson,TOR,L,Two-Strike,426,FF,0.439,0.592,82.0,12.0,2.0,0.169,0.31,0.291,0.329,0.17,0.409,88.8
680573,Simeon Woods Richardson,TOR,R,Ahead (Pitcher),190,FF,0.437,0.474,15.0,5.0,0.0,0.333,0.467,0.347,0.0,0.143,0.333,85.2
680573,Simeon Woods Richardson,TOR,R,Behind (Pitcher),330,FF,0.47,0.464,35.0,10.0,2.0,0.4,0.8,0.56,0.0,0.132,0.56,90.2
680573,Simeon Woods Richardson,TOR,R,Even,522,FF,0.423,0.368,29.0,8.0,2.0,0.286,0.536,0.369,0.0,0.109,0.429,89.5
680573,Simeon Woods Richardson,TOR,R,Two-Strike,443,SL,0.415,0.589,59.0,17.0,1.0,0.321,0.415,0.376,0.22,0.111,0.35,86.9
677944,Slade Cecconi,CLE,L,Ahead (Pitcher),298,FF,0.305,0.409,18.0,7.0,0.0,0.389,0.556,0.408,0.0,0.207,0.474,93.4
677944,Slade Cecconi,CLE,L,Behind (Pitcher),434,FF,0.491,0.486,60.0,13.0,4.0,0.295,0.614,0.473,0.0,0.062,0.422,88.6
677944,Slade Cecconi,CLE,L,Even,822,FF,0.359,0.404,65.0,22.0,2.0,0.338,0.492,0.388,0.0,0.137,0.508,89.6
677944,Slade Cecconi,CLE,L,Two-Strike,682,FF,0.381,0.572,152.0,31.0,3.0,0.223,0.317,0.276,0.382,0.227,0.39,89.8
677944,Slade Cecconi,CLE,R,Ahead (Pitcher),269,FF,0.275,0.435,17.0,5.0,1.0,0.294,0.471,0.35,0.0,0.393,0.312,83.4
677944,Slade Cecconi,CLE,R,Behind (Pitcher),313,FF,0.358,0.45,30.0,14.0,4.0,0.538,1.077,0.69,0.0,0.221,0.519,89.2
677944,Slade Cecconi,CLE,R,Even,683,FF,0.34,0.395,57.0,17.0,2.0,0.304,0.5,0.369,0.0,0.22,0.351,88.0
677944,Slade Cecconi,CLE,R,Two-Strike,571,FF,0.282,0.534,126.0,25.0,3.0,0.221,0.354,0.295,0.325,0.139,0.37,87.2
543243,Sonny Gray,BOS,L,Ahead (Pitcher),411,CU,0.29,0.472,41.0,10.0,1.0,0.25,0.475,0.32,0.0,0.178,0.22,84.0
543243,Sonny Gray,BOS,L,Behind (Pitcher),689,FF,0.353,0.463,106.0,33.0,4.0,0.402,0.659,0.508,0.0,0.193,0.439,91.7
543243,Sonny Gray,BOS,L,Even,1172,FF,0.31,0.384,91.0,29.0,4.0,0.33,0.534,0.389,0.0,0.185,0.385,88.1
543243,Sonny Gray,BOS,L,Two-Strike,816,ST,0.49,0.594,204.0,20.0,1.0,0.104,0.146,0.14,0.515,0.283,0.378,89.1
543243,Sonny Gray,BOS,R,Ahead (Pitcher),308,ST,0.325,0.503,28.0,8.0,1.0,0.296,0.481,0.393,0.0,0.203,0.423,90.3
543243,Sonny Gray,BOS,R,Behind (Pitcher),406,SI,0.369,0.426,36.0,8.0,0.0,0.258,0.29,0.307,0.0,0.076,0.469,88.8
543243,Sonny Gray,BOS,R,Even,840,SI,0.295,0.431,62.0,21.0,4.0,0.339,0.597,0.398,0.0,0.255,0.355,87.9
543243,Sonny Gray,BOS,R,Two-Strike,557,ST,0.553,0.566,112.0,19.0,1.0,0.186,0.255,0.238,0.393,0.202,0.39,89.6
681293,Spencer Arrighetti,TOR,L,Ahead (Pitcher),175,CU,0.371,0.446,26.0,5.0,1.0,0.208,0.333,0.26,0.0,0.214,0.231,81.8
681293,Spencer Arrighetti,TOR,L,Behind (Pitcher),399,CU,0.341,0.328,65.0,18.0,8.0,0.429,1.048,0.656,0.0,0.255,0.429,91.4
681293,Spencer Arrighetti,TOR,L,Even,519,FF,0.345,0.329,50.0,12.0,2.0,0.255,0.468,0.316,0.0,0.254,0.354,85.5
681293,Spencer Arrighetti,TOR,L,Two-Strike,384,CU,0.438,0.565,147.0,16.0,1.0,0.136,0.178,0.248,0.422,0.261,0.263,88.2
681293,Spencer Arrighetti,TOR,R,Ahead (Pitcher),134,FF,0.291,0.485,18.0,5.0,1.0,0.294,0.471,0.4,0.0,0.222,0.176,85.4
681293,Spencer Arrighetti,TOR,R,Behind (Pitcher),280,FF,0.257,0.404,51.0,12.0,4.0,0.308,0.667,0.48,0.0,0.135,0.4,90.0
681293,Spencer Arrighetti,TOR,R,Even,386,FF,0.244,0.345,38.0,7.0,1.0,0.212,0.333,0.296,0.0,0.223,0.286,82.9
681293,Spencer Arrighetti,TOR,R,Two-Strike,286,CU,0.371,0.605,96.0,13.0,0.0,0.151,0.186,0.222,0.458,0.254,0.268,83.5
702352,Spencer Bivens,SF,L,Ahead (Pitcher),85,CH,0.529,0.565,,,,,,,,,,
702352,Spencer Bivens,SF,L,Behind (Pitcher),156,SI,0.404,0.481,,,,,,,,,,
702352,Spencer Bivens,SF,L,Even,241,SI,0.357,0.369,,,,,,,,,,
702352,Spencer Bivens,SF,L,Two-Strike,182,FC,0.258,0.615,,,,,,,,,,
702352,Spencer Bivens,SF,R,Ahead (Pitcher),115,FC,0.391,0.548,,,,,,,,,,
702352,Spencer Bivens,SF,R,Behind (Pitcher),134,SI,0.545,0.418,,,,,,,,,,
702352,Spencer Bivens,SF,R,Even,271,SI,0.568,0.351,,,,,,,,,,
702352,Spencer Bivens,SF,R,Two-Strike,241,SI,0.295,0.61,14.0,3.0,0.0,0.25,0.25,0.293,0.5,0.308,0.2,91.1
693686,Spencer Miles,TOR,L,Ahead (Pitcher),121,CU,0.38,0.463,17.0,6.0,0.0,0.353,0.412,0.338,0.0,0.214,0.235,82.8
693686,Spencer Miles,TOR,L,Behind (Pitcher),147,SI,0.592,0.442,32.0,8.0,1.0,0.286,0.393,0.375,0.0,0.138,0.5,91.4
693686,Spencer Miles,TOR,L,Even,287,SI,0.439,0.429,45.0,14.0,2.0,0.326,0.558,0.381,0.0,0.13,0.455,89.0
693686,Spencer Miles,TOR,L,Two-Strike,244,SI,0.336,0.598,114.0,20.0,2.0,0.185,0.287,0.229,0.412,0.205,0.361,88.7
693686,Spencer Miles,TOR,R,Ahead (Pitcher),92,SI,0.598,0.478,21.0,3.0,0.0,0.143,0.143,0.129,0.0,0.114,0.333,85.3
693686,Spencer Miles,TOR,R,Behind (Pitcher),122,SI,0.566,0.434,23.0,6.0,0.0,0.316,0.316,0.357,0.0,0.151,0.158,82.7
693686,Spencer Miles,TOR,R,Even,254,SI,0.543,0.378,33.0,9.0,0.0,0.281,0.281,0.275,0.0,0.167,0.323,81.5
693686,Spencer Miles,TOR,R,Two-Strike,215,SI,0.321,0.553,97.0,12.0,0.0,0.136,0.148,0.189,0.454,0.193,0.318,85.5
675911,Spencer Strider,ATL,L,Ahead (Pitcher),194,FF,0.454,0.448,,,,,,,,,,
675911,Spencer Strider,ATL,L,Behind (Pitcher),379,FF,0.583,0.493,22.0,4.0,1.0,0.286,0.571,0.452,0.0,0.18,0.467,88.9
675911,Spencer Strider,ATL,L,Even,559,FF,0.519,0.379,20.0,4.0,1.0,0.211,0.526,0.322,0.0,0.268,0.368,86.8
675911,Spencer Strider,ATL,L,Two-Strike,450,FF,0.382,0.598,62.0,10.0,3.0,0.179,0.411,0.289,0.468,0.236,0.37,89.4
675911,Spencer Strider,ATL,R,Ahead (Pitcher),151,SL,0.517,0.464,,,,,,,,,,
675911,Spencer Strider,ATL,R,Behind (Pitcher),298,FF,0.651,0.453,13.0,4.0,0.0,0.5,0.625,0.573,0.0,0.346,0.375,90.4
675911,Spencer Strider,ATL,R,Even,448,FF,0.565,0.388,,,,,,,,,,
675911,Spencer Strider,ATL,R,Two-Strike,323,SL,0.533,0.585,37.0,6.0,1.0,0.176,0.294,0.223,0.459,0.204,0.278,86.9
663568,Stephen Kolek,KC,L,Ahead (Pitcher),182,FF,0.319,0.473,13.0,3.0,1.0,0.231,0.615,0.346,0.0,0.243,0.154,83.4
663568,Stephen Kolek,KC,L,Behind (Pitcher),331,FC,0.314,0.453,24.0,7.0,2.0,0.304,0.609,0.435,0.0,0.121,0.391,89.8
663568,Stephen Kolek,KC,L,Even,533,FF,0.347,0.37,21.0,8.0,0.0,0.381,0.476,0.419,0.0,0.177,0.318,85.2
663568,Stephen Kolek,KC,L,Two-Strike,412,FF,0.347,0.57,67.0,14.0,0.0,0.222,0.302,0.256,0.358,0.148,0.308,89.1
663568,Stephen Kolek,KC,R,Ahead (Pitcher),148,SI,0.399,0.48,10.0,3.0,1.0,0.333,0.667,0.54,0.0,0.278,0.333,85.8
663568,Stephen Kolek,KC,R,Behind (Pitcher),247,SI,0.498,0.486,29.0,11.0,2.0,0.423,0.769,0.526,0.0,0.167,0.577,93.6
663568,Stephen Kolek,KC,R,Even,417,SI,0.427,0.398,19.0,4.0,0.0,0.222,0.333,0.263,0.0,0.289,0.474,87.4
663568,Stephen Kolek,KC,R,Two-Strike,261,SL,0.264,0.64,40.0,4.0,1.0,0.111,0.194,0.192,0.25,0.149,0.32,86.0
674444,Steven Cruz,KC,L,Ahead (Pitcher),104,FF,0.558,0.625,,,,,,,,,,
674444,Steven Cruz,KC,L,Behind (Pitcher),220,FF,0.464,0.455,31.0,9.0,4.0,0.409,0.955,0.707,0.0,0.362,0.5,89.0
674444,Steven Cruz,KC,L,Even,309,FF,0.547,0.395,31.0,11.0,3.0,0.355,0.677,0.437,0.0,0.225,0.387,87.7
674444,Steven Cruz,KC,L,Two-Strike,248,FF,0.524,0.661,77.0,7.0,3.0,0.093,0.24,0.164,0.545,0.289,0.424,90.4
674444,Steven Cruz,KC,R,Ahead (Pitcher),106,FF,0.481,0.613,,,,,,,,,,
674444,Steven Cruz,KC,R,Behind (Pitcher),129,FF,0.659,0.403,19.0,3.0,1.0,0.2,0.4,0.347,0.0,0.111,0.267,91.4
674444,Steven Cruz,KC,R,Even,258,FF,0.57,0.481,19.0,7.0,1.0,0.389,0.611,0.442,0.0,0.262,0.368,81.6
674444,Steven Cruz,KC,R,Two-Strike,211,FF,0.488,0.564,53.0,9.0,0.0,0.188,0.229,0.232,0.434,0.145,0.4,91.7
571927,Steven Matz,TB,L,Ahead (Pitcher),130,SI,0.469,0.523,18.0,4.0,0.0,0.235,0.235,0.239,0.0,0.211,0.118,78.3
571927,Steven Matz,TB,L,Behind (Pitcher),160,SI,0.8,0.456,19.0,4.0,0.0,0.267,0.4,0.421,0.0,0.086,0.267,88.1
571927,Steven Matz,TB,L,Even,332,SI,0.729,0.316,23.0,6.0,2.0,0.273,0.591,0.411,0.0,0.157,0.435,87.3
571927,Steven Matz,TB,L,Two-Strike,259,SI,0.467,0.637,55.0,8.0,1.0,0.154,0.25,0.205,0.309,0.167,0.25,85.2
571927,Steven Matz,TB,R,Ahead (Pitcher),213,CH,0.418,0.46,18.0,6.0,0.0,0.333,0.333,0.35,0.0,0.178,0.222,82.2
571927,Steven Matz,TB,R,Behind (Pitcher),302,SI,0.603,0.49,40.0,9.0,4.0,0.281,0.656,0.435,0.0,0.153,0.333,87.9
571927,Steven Matz,TB,R,Even,563,SI,0.51,0.401,39.0,14.0,1.0,0.359,0.564,0.419,0.0,0.282,0.487,91.3
571927,Steven Matz,TB,R,Two-Strike,513,SI,0.444,0.598,121.0,21.0,6.0,0.196,0.449,0.312,0.339,0.14,0.388,89.0
595345,Steven Okert,HOU,L,Ahead (Pitcher),121,SL,0.694,0.479,11.0,3.0,0.0,0.333,0.444,0.341,0.0,0.472,0.4,85.1
595345,Steven Okert,HOU,L,Behind (Pitcher),192,SL,0.62,0.432,23.0,6.0,2.0,0.316,0.632,0.452,0.0,0.167,0.35,84.4
595345,Steven Okert,HOU,L,Even,314,SL,0.624,0.35,21.0,3.0,0.0,0.167,0.333,0.255,0.0,0.273,0.4,82.0
595345,Steven Okert,HOU,L,Two-Strike,287,SL,0.76,0.641,69.0,9.0,0.0,0.136,0.182,0.163,0.391,0.215,0.256,85.3
595345,Steven Okert,HOU,R,Ahead (Pitcher),150,SL,0.573,0.553,11.0,4.0,0.0,0.4,0.6,0.455,0.0,0.35,0.4,87.7
595345,Steven Okert,HOU,R,Behind (Pitcher),249,SL,0.578,0.498,16.0,1.0,0.0,0.083,0.083,0.231,0.0,0.352,0.231,87.2
595345,Steven Okert,HOU,R,Even,421,SL,0.551,0.406,20.0,9.0,2.0,0.5,0.889,0.618,0.0,0.3,0.45,91.3
595345,Steven Okert,HOU,R,Two-Strike,374,SL,0.618,0.66,88.0,10.0,3.0,0.12,0.241,0.176,0.466,0.286,0.395,88.2
592836,Taijuan Walker,PHI,L,Ahead (Pitcher),172,FS,0.401,0.448,11.0,7.0,1.0,0.636,1.091,0.736,0.0,0.167,0.455,91.6
592836,Taijuan Walker,PHI,L,Behind (Pitcher),337,FC,0.407,0.442,20.0,6.0,1.0,0.375,0.625,0.528,0.0,0.065,0.5,89.5
592836,Taijuan Walker,PHI,L,Even,521,FC,0.298,0.326,18.0,5.0,1.0,0.294,0.471,0.361,0.0,0.086,0.111,82.5
592836,Taijuan Walker,PHI,L,Two-Strike,367,FS,0.33,0.572,26.0,8.0,3.0,0.348,0.826,0.512,0.346,0.188,0.571,93.9
592836,Taijuan Walker,PHI,R,Ahead (Pitcher),151,SI,0.298,0.556,,,,,,,,,,
592836,Taijuan Walker,PHI,R,Behind (Pitcher),220,FC,0.405,0.464,,,,,,,,,,
592836,Taijuan Walker,PHI,R,Even,402,SI,0.383,0.376,,,,,,,,,,
592836,Taijuan Walker,PHI,R,Two-Strike,316,SL,0.285,0.547,20.0,5.0,1.0,0.278,0.444,0.35,0.4,0.067,0.273,83.0
671737,Taj Bradley,MIN,L,Ahead (Pitcher),363,FF,0.416,0.479,34.0,14.0,4.0,0.424,0.818,0.532,0.0,0.212,0.529,91.0
671737,Taj Bradley,MIN,L,Behind (Pitcher),668,FF,0.627,0.449,90.0,17.0,7.0,0.266,0.641,0.469,0.0,0.207,0.477,91.0
671737,Taj Bradley,MIN,L,Even,1010,FF,0.466,0.371,71.0,17.0,3.0,0.239,0.408,0.289,0.0,0.281,0.451,91.6
671737,Taj Bradley,MIN,L,Two-Strike,923,FF,0.379,0.582,245.0,30.0,3.0,0.138,0.206,0.21,0.514,0.24,0.387,88.2
671737,Taj Bradley,MIN,R,Ahead (Pitcher),293,FC,0.328,0.478,17.0,6.0,0.0,0.353,0.471,0.359,0.0,0.288,0.412,90.4
671737,Taj Bradley,MIN,R,Behind (Pitcher),540,FF,0.472,0.478,57.0,13.0,2.0,0.295,0.523,0.444,0.0,0.256,0.591,94.4
671737,Taj Bradley,MIN,R,Even,838,FF,0.378,0.394,54.0,17.0,3.0,0.327,0.577,0.383,0.0,0.246,0.472,90.6
671737,Taj Bradley,MIN,R,Two-Strike,690,FC,0.32,0.601,180.0,28.0,1.0,0.17,0.218,0.218,0.439,0.223,0.407,89.6
681084,Tanner Andrews,TOR,L,Behind (Pitcher),17,FF,0.647,0.353,,,,,,,,,,
621383,Tanner Banks,PHI,L,Ahead (Pitcher),109,SI,0.358,0.532,,,,,,,,,,
621383,Tanner Banks,PHI,L,Behind (Pitcher),119,SL,0.437,0.496,13.0,4.0,1.0,0.444,0.778,0.577,0.0,0.158,0.222,86.8
621383,Tanner Banks,PHI,L,Even,250,SL,0.352,0.408,14.0,6.0,2.0,0.462,1.0,0.696,0.0,0.3,0.429,79.0
621383,Tanner Banks,PHI,L,Two-Strike,219,ST,0.525,0.548,37.0,7.0,1.0,0.212,0.333,0.285,0.486,0.286,0.312,86.5
621383,Tanner Banks,PHI,R,Ahead (Pitcher),140,SL,0.436,0.443,,,,,,,,,,
621383,Tanner Banks,PHI,R,Behind (Pitcher),189,SL,0.561,0.481,14.0,3.0,0.0,0.25,0.25,0.346,0.0,0.129,0.091,88.2
621383,Tanner Banks,PHI,R,Even,370,SL,0.381,0.411,24.0,5.0,1.0,0.217,0.435,0.3,0.0,0.158,0.375,88.4
621383,Tanner Banks,PHI,R,Two-Strike,344,SL,0.375,0.631,54.0,19.0,3.0,0.38,0.68,0.469,0.352,0.211,0.387,85.6
676440,Tanner Bibee,CLE,L,Ahead (Pitcher),423,FF,0.326,0.482,42.0,10.0,3.0,0.244,0.512,0.348,0.0,0.26,0.366,87.8
676440,Tanner Bibee,CLE,L,Behind (Pitcher),649,FF,0.316,0.487,83.0,24.0,7.0,0.353,0.735,0.492,0.0,0.229,0.429,90.6
676440,Tanner Bibee,CLE,L,Even,1187,FF,0.329,0.405,98.0,35.0,6.0,0.376,0.645,0.435,0.0,0.24,0.381,87.6
676440,Tanner Bibee,CLE,L,Two-Strike,1010,CH,0.305,0.537,214.0,26.0,6.0,0.134,0.247,0.224,0.407,0.209,0.377,86.4
676440,Tanner Bibee,CLE,R,Ahead (Pitcher),359,FC,0.312,0.468,35.0,11.0,1.0,0.314,0.429,0.324,0.0,0.232,0.257,86.3
676440,Tanner Bibee,CLE,R,Behind (Pitcher),511,SI,0.356,0.446,56.0,14.0,1.0,0.304,0.457,0.411,0.0,0.208,0.522,93.5
676440,Tanner Bibee,CLE,R,Even,943,FC,0.298,0.365,66.0,21.0,2.0,0.328,0.516,0.352,0.0,0.222,0.433,90.6
676440,Tanner Bibee,CLE,R,Two-Strike,767,SI,0.24,0.57,158.0,27.0,3.0,0.186,0.269,0.239,0.342,0.14,0.374,87.8
685299,Tanner Gordon,COL,L,Ahead (Pitcher),235,FF,0.4,0.566,36.0,15.0,3.0,0.441,0.853,0.515,0.0,0.188,0.417,91.0
685299,Tanner Gordon,COL,L,Behind (Pitcher),308,FF,0.523,0.425,40.0,7.0,1.0,0.212,0.364,0.363,0.0,0.192,0.323,85.5
685299,Tanner Gordon,COL,L,Even,586,FF,0.485,0.456,50.0,20.0,5.0,0.408,0.837,0.526,0.0,0.216,0.429,90.7
685299,Tanner Gordon,COL,L,Two-Strike,425,FF,0.501,0.699,129.0,34.0,4.0,0.268,0.449,0.312,0.372,0.189,0.392,90.4
685299,Tanner Gordon,COL,R,Ahead (Pitcher),161,FF,0.385,0.534,16.0,6.0,2.0,0.375,0.75,0.475,0.0,0.227,0.75,99.2
685299,Tanner Gordon,COL,R,Behind (Pitcher),240,FF,0.521,0.55,33.0,12.0,0.0,0.414,0.621,0.475,0.0,0.195,0.5,89.0
685299,Tanner Gordon,COL,R,Even,475,FF,0.432,0.455,53.0,16.0,3.0,0.333,0.562,0.396,0.0,0.25,0.385,86.4
685299,Tanner Gordon,COL,R,Two-Strike,419,FF,0.463,0.594,90.0,26.0,1.0,0.31,0.464,0.368,0.4,0.154,0.429,91.4
663432,Tanner Rainey,DET,L,Ahead (Pitcher),17,FF,0.529,0.588,,,,,,,,,,
663432,Tanner Rainey,DET,L,Behind (Pitcher),52,FF,0.577,0.404,,,,,,,,,,
663432,Tanner Rainey,DET,L,Even,52,FF,0.5,0.288,,,,,,,,,,
663432,Tanner Rainey,DET,L,Two-Strike,47,FF,0.489,0.702,,,,,,,,,,
663432,Tanner Rainey,DET,R,Ahead (Pitcher),16,SL,0.5,0.5,,,,,,,,,,
663432,Tanner Rainey,DET,R,Behind (Pitcher),52,FF,0.558,0.231,,,,,,,,,,
663432,Tanner Rainey,DET,R,Even,52,SL,0.596,0.404,,,,,,,,,,
663432,Tanner Rainey,DET,R,Two-Strike,40,FF,0.575,0.525,,,,,,,,,,
656945,Tanner Scott,LAD,L,Ahead (Pitcher),83,FF,0.506,0.47,,,,,,,,,,
656945,Tanner Scott,LAD,L,Behind (Pitcher),76,FF,0.671,0.5,,,,,,,,,,
656945,Tanner Scott,LAD,L,Even,195,SL,0.513,0.492,16.0,6.0,0.0,0.4,0.467,0.397,0.0,0.375,0.188,80.3
656945,Tanner Scott,LAD,L,Two-Strike,165,SL,0.582,0.715,47.0,6.0,0.0,0.133,0.133,0.13,0.532,0.309,0.238,86.6
656945,Tanner Scott,LAD,R,Ahead (Pitcher),189,SL,0.519,0.614,18.0,9.0,0.0,0.5,0.778,0.547,0.0,0.356,0.5,92.7
656945,Tanner Scott,LAD,R,Behind (Pitcher),228,FF,0.531,0.474,22.0,6.0,1.0,0.353,0.706,0.597,0.0,0.233,0.438,92.0
656945,Tanner Scott,LAD,R,Even,454,SL,0.52,0.463,26.0,6.0,1.0,0.231,0.346,0.25,0.0,0.317,0.346,88.2
656945,Tanner Scott,LAD,R,Two-Strike,468,FF,0.517,0.628,101.0,12.0,2.0,0.126,0.232,0.184,0.525,0.277,0.31,86.8
669373,Tarik Skubal,LAD,L,Ahead (Pitcher),172,SI,0.413,0.564,15.0,3.0,0.0,0.2,0.267,0.203,0.0,0.408,0.267,83.2
669373,Tarik Skubal,LAD,L,Behind (Pitcher),136,SI,0.537,0.529,20.0,4.0,1.0,0.235,0.412,0.34,0.0,0.147,0.353,85.4
669373,Tarik Skubal,LAD,L,Even,376,SI,0.582,0.428,28.0,12.0,0.0,0.429,0.536,0.439,0.0,0.235,0.444,89.6
669373,Tarik Skubal,LAD,L,Two-Strike,344,FF,0.343,0.654,75.0,16.0,3.0,0.216,0.419,0.273,0.613,0.316,0.357,89.2
669373,Tarik Skubal,LAD,R,Ahead (Pitcher),618,FF,0.361,0.534,50.0,11.0,2.0,0.234,0.426,0.305,0.0,0.29,0.347,84.7
669373,Tarik Skubal,LAD,R,Behind (Pitcher),685,FF,0.365,0.507,71.0,22.0,2.0,0.349,0.524,0.412,0.0,0.209,0.391,86.9
669373,Tarik Skubal,LAD,R,Even,1463,FF,0.337,0.455,83.0,17.0,3.0,0.215,0.38,0.289,0.0,0.326,0.402,85.5
669373,Tarik Skubal,LAD,R,Two-Strike,1337,CH,0.398,0.645,256.0,38.0,3.0,0.16,0.236,0.225,0.508,0.295,0.29,84.8
837227,Tatsuya Imai,HOU,L,Ahead (Pitcher),94,FF,0.489,0.34,,,,,,,,,,
837227,Tatsuya Imai,HOU,L,Behind (Pitcher),240,FF,0.462,0.396,43.0,10.0,2.0,0.357,0.643,0.521,0.0,0.221,0.5,90.5
837227,Tatsuya Imai,HOU,L,Even,300,SL,0.403,0.387,30.0,10.0,2.0,0.333,0.567,0.385,0.0,0.319,0.6,92.8
837227,Tatsuya Imai,HOU,L,Two-Strike,271,SL,0.59,0.598,121.0,12.0,2.0,0.118,0.186,0.209,0.446,0.265,0.388,88.8
837227,Tatsuya Imai,HOU,R,Ahead (Pitcher),64,FF,0.562,0.453,13.0,2.0,0.0,0.167,0.167,0.192,0.0,0.379,0.583,94.3
837227,Tatsuya Imai,HOU,R,Behind (Pitcher),131,FF,0.595,0.336,25.0,2.0,0.0,0.167,0.167,0.433,0.0,0.364,0.308,83.3
837227,Tatsuya Imai,HOU,R,Even,183,FF,0.541,0.339,15.0,5.0,1.0,0.333,0.6,0.397,0.0,0.435,0.267,79.9
837227,Tatsuya Imai,HOU,R,Two-Strike,160,SL,0.588,0.55,78.0,12.0,1.0,0.176,0.25,0.251,0.513,0.33,0.393,82.7
642048,Tayler Saucedo,LAA,L,Ahead (Pitcher),40,ST,0.55,0.525,,,,,,,,,,
642048,Tayler Saucedo,LAA,L,Behind (Pitcher),65,SI,0.492,0.508,10.0,3.0,0.0,0.429,0.429,0.478,0.0,0.235,0.25,85.2
642048,Tayler Saucedo,LAA,L,Even,114,SI,0.43,0.333,,,,,,,,,,
642048,Tayler Saucedo,LAA,L,Two-Strike,95,ST,0.547,0.484,26.0,3.0,0.0,0.136,0.182,0.225,0.462,0.308,0.2,81.2
642048,Tayler Saucedo,LAA,R,Ahead (Pitcher),38,CH,0.421,0.421,,,,,,,,,,
642048,Tayler Saucedo,LAA,R,Behind (Pitcher),55,SI,0.418,0.491,,,,,,,,,,
642048,Tayler Saucedo,LAA,R,Even,100,SI,0.36,0.42,,,,,,,,,,
642048,Tayler Saucedo,LAA,R,Two-Strike,63,CH,0.444,0.635,23.0,3.0,1.0,0.136,0.318,0.211,0.565,0.333,0.222,87.3
664199,Taylor Clarke,AZ,L,Ahead (Pitcher),123,CH,0.496,0.472,18.0,4.0,0.0,0.222,0.222,0.2,0.0,0.179,0.278,85.5
664199,Taylor Clarke,AZ,L,Behind (Pitcher),236,CH,0.356,0.538,40.0,11.0,3.0,0.306,0.667,0.418,0.0,0.114,0.432,89.7
664199,Taylor Clarke,AZ,L,Even,358,CH,0.332,0.36,41.0,9.0,0.0,0.257,0.286,0.281,0.0,0.19,0.158,81.1
664199,Taylor Clarke,AZ,L,Two-Strike,304,CH,0.382,0.592,57.0,8.0,0.0,0.148,0.185,0.175,0.386,0.172,0.406,86.6
664199,Taylor Clarke,AZ,R,Ahead (Pitcher),131,SL,0.542,0.443,,,,,,,,,,
664199,Taylor Clarke,AZ,R,Behind (Pitcher),135,SL,0.489,0.504,22.0,2.0,0.0,0.111,0.167,0.34,0.0,0.158,0.176,82.5
664199,Taylor Clarke,AZ,R,Even,327,SL,0.422,0.419,31.0,8.0,1.0,0.276,0.379,0.268,0.0,0.308,0.355,88.7
664199,Taylor Clarke,AZ,R,Two-Strike,270,SL,0.567,0.563,59.0,8.0,1.0,0.14,0.228,0.176,0.373,0.205,0.371,88.6
688497,Taylor Rashi,ATH,L,Ahead (Pitcher),20,FS,0.75,0.55,,,,,,,,,,
688497,Taylor Rashi,ATH,L,Behind (Pitcher),48,FF,0.854,0.312,,,,,,,,,,
688497,Taylor Rashi,ATH,L,Even,57,FF,0.439,0.263,,,,,,,,,,
688497,Taylor Rashi,ATH,L,Two-Strike,56,FF,0.589,0.554,,,,,,,,,,
688497,Taylor Rashi,ATH,R,Ahead (Pitcher),30,SL,0.367,0.533,,,,,,,,,,
688497,Taylor Rashi,ATH,R,Behind (Pitcher),52,FF,0.731,0.423,,,,,,,,,,
688497,Taylor Rashi,ATH,R,Even,81,FF,0.407,0.296,,,,,,,,,,
688497,Taylor Rashi,ATH,R,Two-Strike,63,FF,0.524,0.54,,,,,,,,,,
573124,Taylor Rogers,MIN,L,Ahead (Pitcher),126,ST,0.619,0.468,13.0,4.0,0.0,0.308,0.308,0.277,0.0,0.226,0.154,77.9
573124,Taylor Rogers,MIN,L,Behind (Pitcher),217,SI,0.553,0.332,30.0,7.0,0.0,0.35,0.4,0.432,0.0,0.262,0.19,85.3
573124,Taylor Rogers,MIN,L,Even,346,ST,0.558,0.272,27.0,9.0,0.0,0.36,0.44,0.373,0.0,0.196,0.154,72.2
573124,Taylor Rogers,MIN,L,Two-Strike,274,ST,0.595,0.544,70.0,12.0,1.0,0.19,0.286,0.268,0.4,0.164,0.229,83.4
573124,Taylor Rogers,MIN,R,Ahead (Pitcher),126,ST,0.5,0.444,10.0,3.0,0.0,0.333,0.556,0.4,0.0,0.121,0.5,85.9
573124,Taylor Rogers,MIN,R,Behind (Pitcher),213,SI,0.432,0.333,22.0,7.0,1.0,0.5,0.786,0.707,0.0,0.189,0.667,99.6
573124,Taylor Rogers,MIN,R,Even,343,ST,0.458,0.347,19.0,6.0,1.0,0.333,0.611,0.45,0.0,0.172,0.368,84.3
573124,Taylor Rogers,MIN,R,Two-Strike,332,SI,0.488,0.639,75.0,15.0,2.0,0.217,0.362,0.275,0.333,0.131,0.289,88.4
622088,Tejay Antone,CIN,L,Ahead (Pitcher),55,ST,0.545,0.4,10.0,2.0,0.0,0.286,0.286,0.32,0.0,0.364,0.222,89.0
622088,Tejay Antone,CIN,L,Behind (Pitcher),77,ST,0.39,0.429,15.0,5.0,0.0,0.385,0.462,0.475,0.0,0.303,0.429,87.6
622088,Tejay Antone,CIN,L,Even,131,FC,0.351,0.366,18.0,4.0,1.0,0.235,0.588,0.408,0.0,0.271,0.647,93.3
622088,Tejay Antone,CIN,L,Two-Strike,110,ST,0.509,0.591,51.0,12.0,2.0,0.273,0.5,0.378,0.392,0.154,0.308,91.0
622088,Tejay Antone,CIN,R,Ahead (Pitcher),76,ST,0.592,0.474,11.0,2.0,0.0,0.2,0.4,0.291,0.0,0.389,0.4,83.4
622088,Tejay Antone,CIN,R,Behind (Pitcher),102,ST,0.5,0.402,22.0,5.0,1.0,0.312,0.5,0.519,0.0,0.293,0.294,81.5
622088,Tejay Antone,CIN,R,Even,183,ST,0.656,0.322,19.0,6.0,1.0,0.4,0.6,0.529,0.0,0.237,0.222,70.8
622088,Tejay Antone,CIN,R,Two-Strike,156,ST,0.615,0.66,76.0,8.0,1.0,0.111,0.194,0.172,0.447,0.223,0.27,86.0
682120,Tim Herrin,CLE,L,Ahead (Pitcher),87,SI,0.333,0.391,,,,,,,,,,
682120,Tim Herrin,CLE,L,Behind (Pitcher),183,SI,0.388,0.383,16.0,1.0,0.0,0.1,0.1,0.275,0.0,0.364,0.364,85.1
682120,Tim Herrin,CLE,L,Even,280,SI,0.411,0.325,19.0,5.0,0.0,0.312,0.375,0.329,0.0,0.474,0.353,83.7
682120,Tim Herrin,CLE,L,Two-Strike,231,CU,0.45,0.584,65.0,11.0,2.0,0.19,0.31,0.259,0.431,0.282,0.25,87.6
682120,Tim Herrin,CLE,R,Ahead (Pitcher),113,CU,0.434,0.558,15.0,2.0,0.0,0.154,0.231,0.218,0.0,0.211,0.5,85.8
682120,Tim Herrin,CLE,R,Behind (Pitcher),251,FF,0.406,0.394,26.0,6.0,1.0,0.353,0.647,0.609,0.0,0.224,0.6,95.5
682120,Tim Herrin,CLE,R,Even,328,CU,0.457,0.323,15.0,5.0,1.0,0.333,0.6,0.397,0.0,0.362,0.4,88.7
682120,Tim Herrin,CLE,R,Two-Strike,259,CU,0.541,0.622,75.0,11.0,1.0,0.169,0.277,0.249,0.333,0.2,0.35,85.4
657612,Tim Hill,NYY,L,Ahead (Pitcher),144,SI,0.771,0.486,14.0,7.0,1.0,0.538,0.769,0.707,0.0,0.156,0.154,76.2
657612,Tim Hill,NYY,L,Behind (Pitcher),161,SI,0.95,0.435,21.0,4.0,2.0,0.222,0.556,0.376,0.0,0.167,0.5,93.2
657612,Tim Hill,NYY,L,Even,349,SI,0.92,0.436,37.0,8.0,1.0,0.222,0.333,0.246,0.0,0.103,0.378,83.5
657612,Tim Hill,NYY,L,Two-Strike,271,SI,0.779,0.708,63.0,6.0,1.0,0.103,0.172,0.193,0.254,0.128,0.357,87.0
657612,Tim Hill,NYY,R,Ahead (Pitcher),106,SI,0.689,0.509,12.0,5.0,1.0,0.455,0.818,0.496,0.0,0.111,0.417,92.9
657612,Tim Hill,NYY,R,Behind (Pitcher),194,SI,0.84,0.443,23.0,6.0,1.0,0.3,0.45,0.448,0.0,0.073,0.444,92.7
657612,Tim Hill,NYY,R,Even,324,SI,0.815,0.395,26.0,7.0,2.0,0.28,0.52,0.354,0.0,0.026,0.6,89.5
657612,Tim Hill,NYY,R,Two-Strike,175,SI,0.623,0.663,41.0,9.0,3.0,0.25,0.528,0.372,0.22,0.115,0.593,91.6
641835,Tim Mayza,PHI,L,Ahead (Pitcher),74,SI,0.608,0.514,10.0,2.0,1.0,0.222,0.556,0.522,0.0,0.231,0.4,85.6
641835,Tim Mayza,PHI,L,Behind (Pitcher),105,SI,0.857,0.324,15.0,3.0,0.0,0.25,0.5,0.39,0.0,0.154,0.5,87.7
641835,Tim Mayza,PHI,L,Even,192,SI,0.682,0.354,32.0,11.0,1.0,0.355,0.516,0.416,0.0,0.155,0.516,87.7
641835,Tim Mayza,PHI,L,Two-Strike,188,SI,0.521,0.521,55.0,7.0,0.0,0.132,0.132,0.14,0.418,0.155,0.233,81.8
641835,Tim Mayza,PHI,R,Ahead (Pitcher),109,SI,0.514,0.404,11.0,2.0,1.0,0.2,0.5,0.264,0.0,0.147,0.455,89.9
641835,Tim Mayza,PHI,R,Behind (Pitcher),151,SI,0.662,0.503,27.0,9.0,1.0,0.45,0.75,0.602,0.0,0.297,0.65,91.7
641835,Tim Mayza,PHI,R,Even,273,SI,0.641,0.363,25.0,11.0,2.0,0.44,0.76,0.512,0.0,0.233,0.48,92.7
641835,Tim Mayza,PHI,R,Two-Strike,263,SL,0.38,0.578,85.0,10.0,0.0,0.123,0.173,0.166,0.471,0.244,0.439,90.8
669298,Tj Shook,COL,L,Behind (Pitcher),20,FF,0.65,0.55,,,,,,,,,,
669298,Tj Shook,COL,L,Even,32,FF,0.344,0.375,,,,,,,,,,
669298,Tj Shook,COL,L,Two-Strike,22,CH,0.409,0.682,14.0,4.0,1.0,0.308,0.615,0.411,0.357,0.067,0.25,91.8
669298,Tj Shook,COL,R,Even,18,ST,0.389,0.222,,,,,,,,,,
668964,Tobias Myers,NYM,L,Ahead (Pitcher),99,FS,0.485,0.505,11.0,2.0,0.0,0.182,0.273,0.195,0.0,0.231,0.182,79.1
668964,Tobias Myers,NYM,L,Behind (Pitcher),178,FF,0.478,0.5,17.0,5.0,1.0,0.385,0.846,0.515,0.0,0.235,0.643,95.6
668964,Tobias Myers,NYM,L,Even,313,FF,0.463,0.393,27.0,6.0,2.0,0.25,0.542,0.313,0.0,0.236,0.519,91.8
668964,Tobias Myers,NYM,L,Two-Strike,247,FF,0.482,0.668,66.0,10.0,3.0,0.159,0.302,0.218,0.439,0.163,0.382,87.7
668964,Tobias Myers,NYM,R,Ahead (Pitcher),104,FF,0.462,0.548,12.0,7.0,0.0,0.583,0.75,0.583,0.0,0.115,0.333,87.2
668964,Tobias Myers,NYM,R,Behind (Pitcher),195,FF,0.538,0.456,27.0,10.0,1.0,0.455,0.818,0.606,0.0,0.175,0.429,92.0
668964,Tobias Myers,NYM,R,Even,297,FF,0.424,0.407,26.0,11.0,1.0,0.44,0.76,0.518,0.0,0.164,0.481,90.7
668964,Tobias Myers,NYM,R,Two-Strike,219,FF,0.425,0.703,38.0,5.0,1.0,0.147,0.265,0.23,0.263,0.148,0.48,91.7
676680,Tom Cosgrove,WSH,L,Behind (Pitcher),19,ST,0.526,0.579,,,,,,,,,,
676680,Tom Cosgrove,WSH,L,Even,47,ST,0.766,0.447,12.0,4.0,1.0,0.4,0.8,0.479,0.0,0.15,0.545,88.0
676680,Tom Cosgrove,WSH,L,Two-Strike,36,ST,0.75,0.722,14.0,2.0,0.0,0.154,0.308,0.179,0.5,0.2,0.429,81.7
676680,Tom Cosgrove,WSH,R,Ahead (Pitcher),32,ST,0.438,0.562,,,,,,,,,,
676680,Tom Cosgrove,WSH,R,Behind (Pitcher),45,ST,0.444,0.467,12.0,3.0,1.0,0.375,0.875,0.579,0.0,0.071,0.25,90.2
676680,Tom Cosgrove,WSH,R,Even,76,ST,0.697,0.289,,,,,,,,,,
676680,Tom Cosgrove,WSH,R,Two-Strike,64,ST,0.594,0.719,19.0,5.0,0.0,0.278,0.5,0.347,0.368,0.097,0.364,85.5
592454,Tommy Kahnle,BOS,L,Ahead (Pitcher),78,CH,0.859,0.513,,,,,,,,,,
592454,Tommy Kahnle,BOS,L,Behind (Pitcher),170,CH,0.853,0.353,,,,,,,,,,
592454,Tommy Kahnle,BOS,L,Even,242,CH,0.872,0.376,,,,,,,,,,
592454,Tommy Kahnle,BOS,L,Two-Strike,182,CH,0.758,0.626,13.0,3.0,0.0,0.273,0.364,0.342,0.154,0.08,0.333,90.9
592454,Tommy Kahnle,BOS,R,Ahead (Pitcher),68,CH,0.838,0.603,,,,,,,,,,
592454,Tommy Kahnle,BOS,R,Behind (Pitcher),121,CH,0.818,0.397,,,,,,,,,,
592454,Tommy Kahnle,BOS,R,Even,200,CH,0.78,0.295,,,,,,,,,,
592454,Tommy Kahnle,BOS,R,Two-Strike,144,CH,0.826,0.562,,,,,,,,,,
667297,Tommy Nance,MIN,L,Ahead (Pitcher),70,CU,0.586,0.429,,,,,,,,,,
667297,Tommy Nance,MIN,L,Behind (Pitcher),168,SL,0.44,0.387,25.0,7.0,1.0,0.412,0.647,0.573,0.0,0.196,0.375,88.5
667297,Tommy Nance,MIN,L,Even,233,SI,0.403,0.318,23.0,12.0,3.0,0.545,1.0,0.666,0.0,0.175,0.609,89.9
667297,Tommy Nance,MIN,L,Two-Strike,188,CU,0.697,0.612,66.0,9.0,1.0,0.158,0.228,0.222,0.5,0.214,0.296,87.3
667297,Tommy Nance,MIN,R,Ahead (Pitcher),125,SL,0.688,0.544,20.0,6.0,0.0,0.3,0.35,0.303,0.0,0.277,0.263,88.4
667297,Tommy Nance,MIN,R,Behind (Pitcher),136,SL,0.618,0.478,22.0,8.0,1.0,0.471,0.765,0.568,0.0,0.195,0.471,89.4
667297,Tommy Nance,MIN,R,Even,289,SL,0.567,0.412,24.0,6.0,2.0,0.261,0.522,0.317,0.0,0.333,0.5,87.3
667297,Tommy Nance,MIN,R,Two-Strike,227,SL,0.454,0.604,69.0,7.0,0.0,0.106,0.106,0.135,0.507,0.279,0.258,86.3
608372,Tomoyuki Sugano,COL,L,Ahead (Pitcher),316,FS,0.437,0.421,23.0,9.0,2.0,0.409,0.727,0.493,0.0,0.328,0.304,86.6
608372,Tomoyuki Sugano,COL,L,Behind (Pitcher),718,FS,0.245,0.501,94.0,26.0,8.0,0.295,0.705,0.432,0.0,0.151,0.5,93.9
608372,Tomoyuki Sugano,COL,L,Even,1014,FS,0.236,0.345,78.0,23.0,6.0,0.299,0.597,0.392,0.0,0.203,0.462,88.7
608372,Tomoyuki Sugano,COL,L,Two-Strike,715,FS,0.368,0.613,158.0,28.0,5.0,0.201,0.388,0.309,0.342,0.215,0.306,88.2
608372,Tomoyuki Sugano,COL,R,Ahead (Pitcher),289,ST,0.363,0.554,33.0,10.0,3.0,0.323,0.645,0.383,0.0,0.151,0.364,90.5
608372,Tomoyuki Sugano,COL,R,Behind (Pitcher),473,SI,0.292,0.488,53.0,19.0,1.0,0.404,0.596,0.466,0.0,0.128,0.604,94.4
608372,Tomoyuki Sugano,COL,R,Even,801,SI,0.281,0.358,60.0,19.0,1.0,0.333,0.544,0.379,0.0,0.163,0.414,89.9
608372,Tomoyuki Sugano,COL,R,Two-Strike,683,ST,0.225,0.564,132.0,27.0,5.0,0.221,0.393,0.286,0.28,0.12,0.466,91.4
664062,Tony Gonsolin,KC,L,Ahead (Pitcher),49,FF,0.449,0.429,,,,,,,,,,
664062,Tony Gonsolin,KC,L,Behind (Pitcher),79,FF,0.506,0.316,,,,,,,,,,
664062,Tony Gonsolin,KC,L,Even,136,FF,0.507,0.382,,,,,,,,,,
664062,Tony Gonsolin,KC,L,Two-Strike,122,FF,0.344,0.459,,,,,,,,,,
664062,Tony Gonsolin,KC,R,Ahead (Pitcher),36,SL,0.444,0.611,,,,,,,,,,
664062,Tony Gonsolin,KC,R,Behind (Pitcher),66,FF,0.621,0.348,,,,,,,,,,
664062,Tony Gonsolin,KC,R,Even,95,FF,0.421,0.442,,,,,,,,,,
664062,Tony Gonsolin,KC,R,Two-Strike,89,FS,0.404,0.517,,,,,,,,,,
663574,Tony Santillan,CIN,L,Ahead (Pitcher),133,FF,0.669,0.451,,,,,,,,,,
663574,Tony Santillan,CIN,L,Behind (Pitcher),193,FF,0.699,0.399,22.0,5.0,1.0,0.417,0.833,0.605,0.0,0.148,0.583,92.7
663574,Tony Santillan,CIN,L,Even,361,FF,0.687,0.424,20.0,8.0,4.0,0.421,1.105,0.639,0.0,0.14,0.571,92.5
663574,Tony Santillan,CIN,L,Two-Strike,332,FF,0.654,0.557,44.0,4.0,0.0,0.114,0.114,0.225,0.295,0.091,0.478,90.4
663574,Tony Santillan,CIN,R,Ahead (Pitcher),116,FF,0.5,0.534,,,,,,,,,,
663574,Tony Santillan,CIN,R,Behind (Pitcher),216,FF,0.699,0.426,30.0,11.0,4.0,0.44,0.96,0.605,0.0,0.17,0.4,89.6
663574,Tony Santillan,CIN,R,Even,309,FF,0.57,0.366,14.0,4.0,1.0,0.364,0.636,0.5,0.0,0.27,0.308,85.6
663574,Tony Santillan,CIN,R,Two-Strike,274,FF,0.599,0.617,42.0,4.0,1.0,0.103,0.179,0.183,0.548,0.271,0.562,92.6
701519,Travis Adams,MIN,L,Ahead (Pitcher),108,CH,0.37,0.528,12.0,4.0,0.0,0.333,0.5,0.358,0.0,0.367,0.25,86.7
701519,Travis Adams,MIN,L,Behind (Pitcher),197,FF,0.34,0.386,27.0,5.0,2.0,0.263,0.632,0.469,0.0,0.089,0.579,95.2
701519,Travis Adams,MIN,L,Even,313,CH,0.342,0.396,34.0,13.0,1.0,0.382,0.529,0.397,0.0,0.212,0.324,81.8
701519,Travis Adams,MIN,L,Two-Strike,258,SL,0.322,0.578,61.0,11.0,2.0,0.196,0.393,0.299,0.443,0.308,0.276,85.6
701519,Travis Adams,MIN,R,Ahead (Pitcher),95,SL,0.284,0.474,,,,,,,,,,
701519,Travis Adams,MIN,R,Behind (Pitcher),137,FF,0.328,0.518,16.0,3.0,1.0,0.333,0.778,0.566,0.0,0.194,0.556,92.1
701519,Travis Adams,MIN,R,Even,255,FC,0.259,0.365,24.0,7.0,1.0,0.292,0.458,0.323,0.0,0.262,0.167,81.6
701519,Travis Adams,MIN,R,Two-Strike,211,SL,0.408,0.611,60.0,7.0,1.0,0.13,0.241,0.188,0.517,0.269,0.28,81.8
805345,Trent Harris,SF,L,Ahead (Pitcher),29,FC,0.483,0.414,,,,,,,,,,
805345,Trent Harris,SF,L,Behind (Pitcher),43,FC,0.465,0.442,,,,,,,,,,
805345,Trent Harris,SF,L,Even,73,FC,0.329,0.178,,,,,,,,,,
805345,Trent Harris,SF,L,Two-Strike,76,CU,0.329,0.539,34.0,2.0,0.0,0.062,0.062,0.121,0.529,0.268,0.143,79.0
805345,Trent Harris,SF,R,Ahead (Pitcher),19,SI,0.474,0.579,,,,,,,,,,
805345,Trent Harris,SF,R,Behind (Pitcher),24,SI,0.375,0.417,,,,,,,,,,
805345,Trent Harris,SF,R,Even,41,ST,0.537,0.415,,,,,,,,,,
805345,Trent Harris,SF,R,Two-Strike,34,ST,0.353,0.471,17.0,2.0,0.0,0.143,0.286,0.271,0.529,0.312,0.4,87.8
663423,Trent Thornton,CHC,L,Ahead (Pitcher),84,FC,0.345,0.607,,,,,,,,,,
663423,Trent Thornton,CHC,L,Behind (Pitcher),160,FF,0.444,0.425,15.0,5.0,3.0,0.417,1.25,0.683,0.0,0.056,0.75,94.9
663423,Trent Thornton,CHC,L,Even,230,CU,0.348,0.291,11.0,1.0,0.0,0.091,0.091,0.082,0.0,0.172,0.364,90.9
663423,Trent Thornton,CHC,L,Two-Strike,202,CU,0.441,0.574,47.0,8.0,1.0,0.2,0.3,0.288,0.362,0.185,0.522,93.8
663423,Trent Thornton,CHC,R,Ahead (Pitcher),104,ST,0.394,0.452,10.0,4.0,0.0,0.4,0.5,0.395,0.0,0.19,0.5,90.8
663423,Trent Thornton,CHC,R,Behind (Pitcher),125,FC,0.312,0.624,25.0,4.0,0.0,0.182,0.182,0.254,0.0,0.3,0.381,87.9
663423,Trent Thornton,CHC,R,Even,285,FC,0.302,0.435,37.0,13.0,2.0,0.382,0.676,0.469,0.0,0.26,0.429,88.5
663423,Trent Thornton,CHC,R,Two-Strike,192,ST,0.401,0.625,44.0,6.0,2.0,0.146,0.317,0.228,0.318,0.169,0.37,87.5
694680,Trevor Martin,LAA,L,Ahead (Pitcher),23,FS,0.609,0.478,,,,,,,,,,
694680,Trevor Martin,LAA,L,Behind (Pitcher),24,FF,0.5,0.417,,,,,,,,,,
694680,Trevor Martin,LAA,L,Even,52,FF,0.519,0.404,11.0,3.0,0.0,0.273,0.364,0.277,0.0,0.095,0.364,84.0
694680,Trevor Martin,LAA,L,Two-Strike,34,FS,0.471,0.618,12.0,3.0,0.0,0.273,0.273,0.283,0.333,0.143,0.429,90.7
694680,Trevor Martin,LAA,R,Behind (Pitcher),27,FF,0.63,0.63,,,,,,,,,,
694680,Trevor Martin,LAA,R,Even,40,FF,0.375,0.3,,,,,,,,,,
694680,Trevor Martin,LAA,R,Two-Strike,17,FF,0.588,0.706,10.0,3.0,1.0,0.3,0.6,0.38,0.4,0.25,0.333,83.8
686790,Trevor Mcdonald,SF,L,Ahead (Pitcher),93,SI,0.473,0.516,17.0,4.0,1.0,0.286,0.5,0.359,0.0,0.244,0.267,90.6
686790,Trevor Mcdonald,SF,L,Behind (Pitcher),180,SI,0.683,0.411,51.0,14.0,1.0,0.35,0.525,0.469,0.0,0.149,0.39,89.4
686790,Trevor Mcdonald,SF,L,Even,266,SI,0.534,0.353,39.0,16.0,2.0,0.457,0.771,0.543,0.0,0.198,0.278,83.8
686790,Trevor Mcdonald,SF,L,Two-Strike,177,SI,0.384,0.554,70.0,10.0,2.0,0.156,0.281,0.23,0.4,0.19,0.472,93.0
686790,Trevor Mcdonald,SF,R,Ahead (Pitcher),91,SI,0.538,0.527,20.0,5.0,1.0,0.263,0.421,0.315,0.0,0.256,0.474,86.9
686790,Trevor Mcdonald,SF,R,Behind (Pitcher),122,SI,0.73,0.369,23.0,7.0,0.0,0.438,0.5,0.502,0.0,0.194,0.471,94.2
686790,Trevor Mcdonald,SF,R,Even,231,SI,0.602,0.338,17.0,2.0,0.0,0.125,0.188,0.168,0.0,0.211,0.562,90.3
686790,Trevor Mcdonald,SF,R,Two-Strike,191,SL,0.487,0.649,71.0,11.0,0.0,0.167,0.182,0.216,0.408,0.214,0.243,85.4
656730,Trevor Megill,MIL,L,Ahead (Pitcher),102,FF,0.657,0.52,11.0,3.0,1.0,0.3,0.6,0.345,0.0,0.185,0.455,89.1
656730,Trevor Megill,MIL,L,Behind (Pitcher),153,FF,0.732,0.425,15.0,1.0,0.0,0.083,0.167,0.304,0.0,0.235,0.5,88.7
656730,Trevor Megill,MIL,L,Even,295,FF,0.641,0.397,32.0,8.0,0.0,0.267,0.267,0.284,0.0,0.217,0.387,87.9
656730,Trevor Megill,MIL,L,Two-Strike,240,FF,0.579,0.596,52.0,4.0,0.0,0.08,0.08,0.096,0.596,0.4,0.368,88.7
656730,Trevor Megill,MIL,R,Ahead (Pitcher),133,FF,0.579,0.541,14.0,4.0,0.0,0.286,0.357,0.282,0.0,0.409,0.429,82.7
656730,Trevor Megill,MIL,R,Behind (Pitcher),127,FF,0.654,0.512,12.0,1.0,0.0,0.1,0.2,0.221,0.0,0.366,0.5,96.0
656730,Trevor Megill,MIL,R,Even,303,FF,0.627,0.413,22.0,7.0,0.0,0.333,0.429,0.318,0.0,0.224,0.435,90.0
656730,Trevor Megill,MIL,R,Two-Strike,287,FF,0.544,0.662,77.0,11.0,0.0,0.157,0.214,0.213,0.481,0.27,0.353,89.1
670950,Trevor Richards,CWS,L,Ahead (Pitcher),77,CH,0.584,0.623,18.0,5.0,1.0,0.294,0.529,0.331,0.0,0.318,0.333,87.8
670950,Trevor Richards,CWS,L,Behind (Pitcher),135,FF,0.741,0.37,26.0,5.0,2.0,0.25,0.65,0.446,0.0,0.106,0.4,94.6
670950,Trevor Richards,CWS,L,Even,217,FF,0.682,0.461,29.0,5.0,0.0,0.192,0.231,0.167,0.0,0.183,0.552,94.4
670950,Trevor Richards,CWS,L,Two-Strike,173,FF,0.561,0.578,73.0,10.0,2.0,0.145,0.29,0.201,0.397,0.177,0.463,91.2
670950,Trevor Richards,CWS,R,Ahead (Pitcher),102,FF,0.422,0.422,13.0,3.0,0.0,0.25,0.25,0.242,0.0,0.405,0.385,79.9
670950,Trevor Richards,CWS,R,Behind (Pitcher),131,FF,0.817,0.511,33.0,8.0,1.0,0.276,0.552,0.417,0.0,0.102,0.345,89.3
670950,Trevor Richards,CWS,R,Even,277,FF,0.664,0.444,36.0,12.0,3.0,0.333,0.611,0.426,0.0,0.255,0.389,92.6
670950,Trevor Richards,CWS,R,Two-Strike,259,FF,0.529,0.502,97.0,20.0,2.0,0.227,0.364,0.305,0.412,0.152,0.362,88.9
669432,Trevor Rogers,BAL,L,Ahead (Pitcher),151,FF,0.364,0.49,22.0,4.0,0.0,0.182,0.364,0.227,0.0,0.127,0.182,81.5
669432,Trevor Rogers,BAL,L,Behind (Pitcher),167,FF,0.443,0.467,22.0,5.0,0.0,0.312,0.312,0.364,0.0,0.275,0.353,90.5
669432,Trevor Rogers,BAL,L,Even,344,FF,0.424,0.392,23.0,8.0,0.0,0.348,0.478,0.359,0.0,0.304,0.174,85.7
669432,Trevor Rogers,BAL,L,Two-Strike,319,FF,0.326,0.614,102.0,13.0,1.0,0.137,0.221,0.201,0.431,0.194,0.34,83.0
669432,Trevor Rogers,BAL,R,Ahead (Pitcher),486,FF,0.455,0.556,51.0,15.0,0.0,0.294,0.373,0.31,0.0,0.287,0.288,86.9
669432,Trevor Rogers,BAL,R,Behind (Pitcher),577,FF,0.458,0.489,72.0,18.0,6.0,0.281,0.641,0.422,0.0,0.196,0.409,92.7
669432,Trevor Rogers,BAL,R,Even,1171,FF,0.494,0.433,104.0,32.0,5.0,0.32,0.54,0.393,0.0,0.248,0.461,88.5
669432,Trevor Rogers,BAL,R,Two-Strike,1047,FF,0.435,0.669,283.0,61.0,7.0,0.235,0.377,0.3,0.385,0.177,0.362,87.6
592866,Trevor Williams,TEX,L,Ahead (Pitcher),143,FF,0.371,0.434,,,,,,,,,,
592866,Trevor Williams,TEX,L,Behind (Pitcher),227,FF,0.432,0.463,13.0,5.0,1.0,0.556,1.0,0.673,0.0,0.19,0.444,88.6
592866,Trevor Williams,TEX,L,Even,368,FF,0.429,0.315,,,,,,,,,,
592866,Trevor Williams,TEX,L,Two-Strike,287,FF,0.47,0.645,28.0,2.0,0.0,0.071,0.107,0.109,0.429,0.233,0.125,82.2
592866,Trevor Williams,TEX,R,Ahead (Pitcher),121,ST,0.413,0.413,,,,,,,,,,
592866,Trevor Williams,TEX,R,Behind (Pitcher),182,FF,0.429,0.5,11.0,1.0,0.0,0.143,0.143,0.209,0.0,0.192,0.333,90.5
592866,Trevor Williams,TEX,R,Even,317,FF,0.347,0.394,,,,,,,,,,
592866,Trevor Williams,TEX,R,Two-Strike,289,FF,0.467,0.592,37.0,5.0,1.0,0.156,0.25,0.246,0.514,0.22,0.538,84.9
694346,Trey Gibson,BAL,L,Ahead (Pitcher),47,FF,0.34,0.511,11.0,6.0,1.0,0.545,0.818,0.591,0.0,0.25,0.273,86.4
694346,Trey Gibson,BAL,L,Behind (Pitcher),101,SI,0.267,0.356,26.0,6.0,0.0,0.353,0.471,0.477,0.0,0.194,0.588,93.9
694346,Trey Gibson,BAL,L,Even,143,FF,0.301,0.378,17.0,7.0,1.0,0.412,0.588,0.435,0.0,0.204,0.588,94.6
694346,Trey Gibson,BAL,L,Two-Strike,95,SL,0.442,0.632,46.0,6.0,1.0,0.146,0.244,0.245,0.413,0.233,0.458,90.2
694346,Trey Gibson,BAL,R,Ahead (Pitcher),49,SL,0.327,0.571,,,,,,,,,,
694346,Trey Gibson,BAL,R,Behind (Pitcher),75,SI,0.36,0.227,20.0,2.0,2.0,0.167,0.667,0.48,0.0,0.059,0.5,91.5
694346,Trey Gibson,BAL,R,Even,111,SI,0.441,0.252,10.0,4.0,1.0,0.444,0.778,0.63,0.0,0.25,0.556,95.2
694346,Trey Gibson,BAL,R,Two-Strike,90,SL,0.356,0.544,44.0,6.0,1.0,0.154,0.256,0.256,0.409,0.204,0.286,87.6
702056,Trey Yesavage,TOR,L,Ahead (Pitcher),136,FS,0.463,0.463,,,,,,,,,,
702056,Trey Yesavage,TOR,L,Behind (Pitcher),223,FF,0.605,0.43,52.0,7.0,1.0,0.212,0.394,0.418,0.0,0.233,0.424,92.3
702056,Trey Yesavage,TOR,L,Even,363,FF,0.548,0.383,43.0,12.0,1.0,0.3,0.5,0.33,0.0,0.298,0.302,86.0
702056,Trey Yesavage,TOR,L,Two-Strike,292,FS,0.548,0.61,119.0,15.0,3.0,0.138,0.248,0.224,0.403,0.24,0.311,86.7
702056,Trey Yesavage,TOR,R,Ahead (Pitcher),87,SL,0.517,0.575,12.0,3.0,1.0,0.25,0.583,0.346,0.0,0.364,0.25,83.0
702056,Trey Yesavage,TOR,R,Behind (Pitcher),177,FF,0.525,0.463,33.0,5.0,2.0,0.227,0.591,0.415,0.0,0.282,0.417,88.3
702056,Trey Yesavage,TOR,R,Even,269,SL,0.446,0.349,23.0,4.0,1.0,0.19,0.381,0.302,0.0,0.329,0.435,85.4
702056,Trey Yesavage,TOR,R,Two-Strike,281,FF,0.402,0.58,102.0,14.0,2.0,0.154,0.275,0.231,0.451,0.247,0.326,87.0
663941,Tristan Beck,SF,L,Ahead (Pitcher),75,FF,0.32,0.627,,,,,,,,,,
663941,Tristan Beck,SF,L,Behind (Pitcher),96,CU,0.333,0.542,,,,,,,,,,
663941,Tristan Beck,SF,L,Even,194,FF,0.381,0.381,,,,,,,,,,
663941,Tristan Beck,SF,L,Two-Strike,160,FF,0.362,0.569,17.0,3.0,0.0,0.188,0.188,0.2,0.235,0.182,0.083,79.9
663941,Tristan Beck,SF,R,Ahead (Pitcher),73,ST,0.411,0.493,,,,,,,,,,
663941,Tristan Beck,SF,R,Behind (Pitcher),130,FF,0.392,0.454,,,,,,,,,,
663941,Tristan Beck,SF,R,Even,221,FF,0.385,0.376,,,,,,,,,,
663941,Tristan Beck,SF,R,Two-Strike,147,ST,0.524,0.653,19.0,2.0,1.0,0.118,0.294,0.226,0.158,0.103,0.286,92.3
675512,Troy Melton,DET,L,Ahead (Pitcher),177,FF,0.356,0.429,21.0,5.0,1.0,0.25,0.55,0.35,0.0,0.283,0.35,89.8
675512,Troy Melton,DET,L,Behind (Pitcher),325,FF,0.462,0.455,55.0,7.0,6.0,0.171,0.61,0.416,0.0,0.145,0.524,92.5
675512,Troy Melton,DET,L,Even,537,FF,0.404,0.419,64.0,18.0,2.0,0.29,0.484,0.329,0.0,0.165,0.297,87.1
675512,Troy Melton,DET,L,Two-Strike,382,FF,0.322,0.634,139.0,26.0,2.0,0.213,0.336,0.304,0.367,0.225,0.394,89.0
675512,Troy Melton,DET,R,Ahead (Pitcher),143,FF,0.308,0.476,13.0,5.0,0.0,0.385,0.462,0.373,0.0,0.314,0.538,90.4
675512,Troy Melton,DET,R,Behind (Pitcher),188,FF,0.309,0.473,34.0,6.0,0.0,0.207,0.241,0.299,0.0,0.246,0.379,89.1
675512,Troy Melton,DET,R,Even,384,FF,0.297,0.458,44.0,14.0,2.0,0.326,0.581,0.392,0.0,0.237,0.395,86.5
675512,Troy Melton,DET,R,Two-Strike,293,FF,0.314,0.587,100.0,11.0,0.0,0.118,0.14,0.164,0.43,0.242,0.32,85.9
680744,Ty Madden,DET,L,Ahead (Pitcher),48,FF,0.458,0.417,,,,,,,,,,
680744,Ty Madden,DET,L,Behind (Pitcher),80,FF,0.538,0.625,23.0,5.0,0.0,0.238,0.286,0.272,0.0,0.18,0.286,89.0
680744,Ty Madden,DET,L,Even,134,FF,0.306,0.433,17.0,6.0,0.0,0.353,0.412,0.338,0.0,0.276,0.353,90.8
680744,Ty Madden,DET,L,Two-Strike,108,FF,0.361,0.546,48.0,4.0,0.0,0.093,0.14,0.162,0.458,0.271,0.238,84.6
680744,Ty Madden,DET,R,Ahead (Pitcher),47,SL,0.34,0.532,,,,,,,,,,
680744,Ty Madden,DET,R,Behind (Pitcher),77,SI,0.325,0.403,16.0,4.0,3.0,0.333,1.083,0.719,0.0,0.194,0.667,96.2
680744,Ty Madden,DET,R,Even,112,SI,0.277,0.339,13.0,3.0,1.0,0.25,0.583,0.373,0.0,0.211,0.25,81.3
680744,Ty Madden,DET,R,Two-Strike,114,FF,0.263,0.64,48.0,6.0,0.0,0.133,0.133,0.16,0.438,0.219,0.261,85.5
641302,Tyler Alexander,TEX,L,Ahead (Pitcher),160,ST,0.406,0.594,19.0,9.0,0.0,0.5,0.556,0.481,0.0,0.25,0.158,78.6
641302,Tyler Alexander,TEX,L,Behind (Pitcher),208,SI,0.37,0.49,17.0,5.0,1.0,0.417,0.667,0.547,0.0,0.27,0.462,92.2
641302,Tyler Alexander,TEX,L,Even,410,ST,0.38,0.38,29.0,10.0,0.0,0.37,0.407,0.391,0.0,0.214,0.286,81.9
641302,Tyler Alexander,TEX,L,Two-Strike,322,ST,0.401,0.606,63.0,9.0,0.0,0.148,0.164,0.156,0.349,0.141,0.289,83.6
641302,Tyler Alexander,TEX,R,Ahead (Pitcher),225,CH,0.418,0.436,11.0,2.0,1.0,0.182,0.455,0.345,0.0,0.105,0.273,85.4
641302,Tyler Alexander,TEX,R,Behind (Pitcher),333,FC,0.282,0.45,32.0,9.0,0.0,0.391,0.565,0.494,0.0,0.175,0.478,93.6
641302,Tyler Alexander,TEX,R,Even,589,CH,0.267,0.37,41.0,12.0,0.0,0.308,0.462,0.376,0.0,0.247,0.25,86.8
641302,Tyler Alexander,TEX,R,Two-Strike,503,CH,0.326,0.545,87.0,12.0,1.0,0.154,0.205,0.213,0.414,0.214,0.405,87.0
682997,Tyler Callihan,PIT,R,Behind (Pitcher),15,SL,0.667,0.333,,,,,,,,,,
699823,Tyler Davis,CWS,L,Ahead (Pitcher),20,FF,0.85,0.7,,,,,,,,,,
699823,Tyler Davis,CWS,L,Behind (Pitcher),45,FF,0.622,0.467,10.0,1.0,1.0,0.111,0.444,0.438,0.0,0.238,0.429,86.3
699823,Tyler Davis,CWS,L,Even,60,FF,0.65,0.483,,,,,,,,,,
699823,Tyler Davis,CWS,L,Two-Strike,59,FF,0.627,0.576,27.0,4.0,0.0,0.182,0.273,0.296,0.37,0.206,0.231,89.8
699823,Tyler Davis,CWS,R,Ahead (Pitcher),48,FF,0.542,0.438,11.0,2.0,0.0,0.182,0.182,0.245,0.0,0.0,0.455,93.6
699823,Tyler Davis,CWS,R,Behind (Pitcher),50,FF,0.7,0.38,17.0,2.0,0.0,0.2,0.3,0.441,0.0,0.211,0.667,93.1
699823,Tyler Davis,CWS,R,Even,107,FF,0.523,0.449,16.0,6.0,1.0,0.375,0.562,0.406,0.0,0.271,0.438,90.1
699823,Tyler Davis,CWS,R,Two-Strike,90,FF,0.6,0.622,33.0,1.0,0.0,0.033,0.033,0.07,0.485,0.179,0.4,88.0
621053,Tyler Ferguson,CHC,L,Ahead (Pitcher),53,CH,0.283,0.472,,,,,,,,,,
621053,Tyler Ferguson,CHC,L,Behind (Pitcher),116,FF,0.5,0.302,,,,,,,,,,
621053,Tyler Ferguson,CHC,L,Even,153,FF,0.346,0.392,11.0,5.0,2.0,0.455,1.091,0.641,0.0,0.182,0.818,96.6
621053,Tyler Ferguson,CHC,L,Two-Strike,124,FF,0.444,0.573,12.0,2.0,1.0,0.2,0.6,0.388,0.25,0.154,0.571,92.8
621053,Tyler Ferguson,CHC,R,Ahead (Pitcher),125,ST,0.528,0.368,,,,,,,,,,
621053,Tyler Ferguson,CHC,R,Behind (Pitcher),143,FF,0.559,0.51,,,,,,,,,,
621053,Tyler Ferguson,CHC,R,Even,312,FF,0.388,0.381,,,,,,,,,,
621053,Tyler Ferguson,CHC,R,Two-Strike,265,FF,0.434,0.657,28.0,3.0,2.0,0.107,0.321,0.175,0.643,0.348,0.2,81.1
656457,Tyler Gilbert,CWS,L,Ahead (Pitcher),62,ST,0.677,0.565,,,,,,,,,,
656457,Tyler Gilbert,CWS,L,Behind (Pitcher),106,SI,0.472,0.453,,,,,,,,,,
656457,Tyler Gilbert,CWS,L,Even,165,ST,0.539,0.303,,,,,,,,,,
656457,Tyler Gilbert,CWS,L,Two-Strike,140,ST,0.679,0.579,11.0,2.0,0.0,0.222,0.444,0.355,0.364,0.231,0.4,87.7
656457,Tyler Gilbert,CWS,R,Ahead (Pitcher),66,FC,0.303,0.379,,,,,,,,,,
656457,Tyler Gilbert,CWS,R,Behind (Pitcher),111,SI,0.459,0.477,,,,,,,,,,
656457,Tyler Gilbert,CWS,R,Even,177,SI,0.373,0.35,,,,,,,,,,
656457,Tyler Gilbert,CWS,R,Two-Strike,161,SI,0.292,0.596,,,,,,,,,,
607192,Tyler Glasnow,LAD,L,Ahead (Pitcher),166,FF,0.283,0.464,10.0,1.0,0.0,0.1,0.1,0.09,0.0,0.378,0.2,86.0
607192,Tyler Glasnow,LAD,L,Behind (Pitcher),322,FF,0.503,0.388,32.0,2.0,1.0,0.074,0.185,0.197,0.0,0.138,0.481,91.9
607192,Tyler Glasnow,LAD,L,Even,472,FF,0.447,0.314,26.0,11.0,1.0,0.423,0.731,0.49,0.0,0.303,0.423,90.6
607192,Tyler Glasnow,LAD,L,Two-Strike,381,CU,0.297,0.562,99.0,11.0,2.0,0.133,0.229,0.228,0.495,0.32,0.389,90.8
607192,Tyler Glasnow,LAD,R,Ahead (Pitcher),128,SL,0.383,0.344,,,,,,,,,,
607192,Tyler Glasnow,LAD,R,Behind (Pitcher),299,FF,0.425,0.428,16.0,5.0,1.0,0.333,0.533,0.394,0.0,0.243,0.467,93.9
607192,Tyler Glasnow,LAD,R,Even,421,SL,0.342,0.33,19.0,4.0,1.0,0.235,0.471,0.331,0.0,0.265,0.389,87.1
607192,Tyler Glasnow,LAD,R,Two-Strike,360,FF,0.286,0.539,57.0,4.0,1.0,0.074,0.148,0.141,0.667,0.4,0.188,84.1
623168,Tyler Heineman,LAA,L,Even,32,EP,0.781,0.5,,,,,,,,,,
623168,Tyler Heineman,LAA,R,Even,37,EP,0.676,0.541,,,,,,,,,,
663947,Tyler Holton,DET,L,Ahead (Pitcher),135,ST,0.519,0.437,,,,,,,,,,
663947,Tyler Holton,DET,L,Behind (Pitcher),201,SI,0.697,0.428,25.0,6.0,1.0,0.316,0.474,0.428,0.0,0.217,0.368,88.1
663947,Tyler Holton,DET,L,Even,378,SI,0.534,0.365,29.0,13.0,2.0,0.464,0.786,0.566,0.0,0.235,0.483,89.1
663947,Tyler Holton,DET,L,Two-Strike,265,ST,0.532,0.592,67.0,10.0,0.0,0.159,0.19,0.187,0.403,0.24,0.25,83.6
663947,Tyler Holton,DET,R,Ahead (Pitcher),182,FC,0.451,0.434,11.0,2.0,0.0,0.2,0.2,0.227,0.0,0.303,0.182,76.8
663947,Tyler Holton,DET,R,Behind (Pitcher),267,FC,0.577,0.494,31.0,4.0,0.0,0.182,0.182,0.313,0.0,0.258,0.391,84.2
663947,Tyler Holton,DET,R,Even,487,FC,0.552,0.384,42.0,12.0,2.0,0.3,0.525,0.368,0.0,0.216,0.475,88.7
663947,Tyler Holton,DET,R,Two-Strike,378,FC,0.36,0.614,86.0,22.0,3.0,0.268,0.427,0.328,0.326,0.129,0.426,89.9
641755,Tyler Kinley,DET,L,Ahead (Pitcher),131,SL,0.557,0.504,10.0,3.0,0.0,0.3,0.4,0.305,0.0,0.222,0.1,75.2
641755,Tyler Kinley,DET,L,Behind (Pitcher),226,SL,0.593,0.447,20.0,1.0,1.0,0.067,0.267,0.35,0.0,0.205,0.429,92.5
641755,Tyler Kinley,DET,L,Even,356,SL,0.576,0.346,13.0,5.0,4.0,0.385,1.308,0.685,0.0,0.333,0.538,92.3
641755,Tyler Kinley,DET,L,Two-Strike,326,SL,0.537,0.58,62.0,8.0,2.0,0.148,0.278,0.236,0.403,0.224,0.233,84.3
641755,Tyler Kinley,DET,R,Ahead (Pitcher),138,SL,0.754,0.471,,,,,,,,,,
641755,Tyler Kinley,DET,R,Behind (Pitcher),261,SL,0.747,0.421,27.0,5.0,0.0,0.227,0.273,0.309,0.0,0.196,0.182,80.8
641755,Tyler Kinley,DET,R,Even,407,SL,0.71,0.351,18.0,3.0,0.0,0.214,0.286,0.323,0.0,0.411,0.133,71.7
641755,Tyler Kinley,DET,R,Two-Strike,315,SL,0.679,0.641,69.0,12.0,3.0,0.19,0.349,0.27,0.333,0.185,0.325,85.5
641816,Tyler Mahle,ATL,L,Ahead (Pitcher),238,FF,0.525,0.471,29.0,7.0,2.0,0.25,0.5,0.305,0.0,0.192,0.379,87.3
641816,Tyler Mahle,ATL,L,Behind (Pitcher),432,FF,0.523,0.461,55.0,12.0,1.0,0.279,0.488,0.415,0.0,0.273,0.286,88.3
641816,Tyler Mahle,ATL,L,Even,657,FF,0.472,0.396,61.0,18.0,3.0,0.3,0.533,0.36,0.0,0.193,0.328,89.7
641816,Tyler Mahle,ATL,L,Two-Strike,552,FF,0.466,0.629,183.0,26.0,4.0,0.152,0.246,0.199,0.437,0.225,0.319,86.1
641816,Tyler Mahle,ATL,R,Ahead (Pitcher),227,FF,0.427,0.476,29.0,10.0,2.0,0.357,0.643,0.464,0.0,0.153,0.517,88.5
641816,Tyler Mahle,ATL,R,Behind (Pitcher),404,FF,0.527,0.433,55.0,15.0,1.0,0.357,0.524,0.456,0.0,0.165,0.419,93.2
641816,Tyler Mahle,ATL,R,Even,653,FF,0.501,0.349,52.0,19.0,3.0,0.373,0.588,0.418,0.0,0.215,0.385,89.2
641816,Tyler Mahle,ATL,R,Two-Strike,531,FF,0.454,0.593,127.0,25.0,2.0,0.219,0.281,0.27,0.417,0.244,0.452,91.8
663969,Tyler Phillips,MIA,L,Ahead (Pitcher),227,FS,0.313,0.533,33.0,10.0,2.0,0.312,0.562,0.382,0.0,0.269,0.344,87.1
663969,Tyler Phillips,MIA,L,Behind (Pitcher),421,SI,0.335,0.366,63.0,13.0,2.0,0.317,0.561,0.498,0.0,0.223,0.524,89.8
663969,Tyler Phillips,MIA,L,Even,599,CU,0.306,0.342,50.0,18.0,4.0,0.367,0.653,0.458,0.0,0.331,0.511,90.4
663969,Tyler Phillips,MIA,L,Two-Strike,461,FS,0.323,0.59,145.0,22.0,1.0,0.165,0.226,0.214,0.379,0.21,0.397,89.1
663969,Tyler Phillips,MIA,R,Ahead (Pitcher),199,ST,0.352,0.528,28.0,9.0,1.0,0.321,0.429,0.329,0.0,0.194,0.571,92.4
663969,Tyler Phillips,MIA,R,Behind (Pitcher),295,SI,0.495,0.444,44.0,12.0,4.0,0.353,0.765,0.541,0.0,0.181,0.441,91.4
663969,Tyler Phillips,MIA,R,Even,521,SI,0.397,0.388,40.0,5.0,0.0,0.132,0.132,0.17,0.0,0.313,0.289,87.2
663969,Tyler Phillips,MIA,R,Two-Strike,355,ST,0.341,0.662,119.0,20.0,3.0,0.182,0.309,0.262,0.37,0.227,0.379,86.2
643511,Tyler Rogers,TOR,L,Ahead (Pitcher),175,SI,0.897,0.474,17.0,4.0,0.0,0.235,0.235,0.212,0.0,0.095,0.389,88.0
643511,Tyler Rogers,TOR,L,Behind (Pitcher),170,SI,0.824,0.453,27.0,8.0,0.0,0.333,0.333,0.513,0.0,0.067,0.3,85.8
643511,Tyler Rogers,TOR,L,Even,403,SI,0.846,0.375,34.0,9.0,1.0,0.273,0.394,0.349,0.0,0.054,0.333,87.2
643511,Tyler Rogers,TOR,L,Two-Strike,296,SI,0.814,0.703,78.0,14.0,0.0,0.197,0.254,0.251,0.256,0.084,0.137,78.9
643511,Tyler Rogers,TOR,R,Ahead (Pitcher),146,SI,0.623,0.527,11.0,1.0,0.0,0.091,0.091,0.09,0.0,0.188,0.4,89.3
643511,Tyler Rogers,TOR,R,Behind (Pitcher),162,SI,0.809,0.531,20.0,5.0,0.0,0.333,0.333,0.395,0.0,0.256,0.25,81.9
643511,Tyler Rogers,TOR,R,Even,372,SI,0.734,0.457,33.0,9.0,1.0,0.281,0.375,0.279,0.0,0.171,0.212,81.4
643511,Tyler Rogers,TOR,R,Two-Strike,279,SL,0.57,0.652,67.0,10.0,0.0,0.159,0.206,0.219,0.284,0.169,0.318,85.3
701719,Tyler Samaniego,BOS,L,Ahead (Pitcher),23,SI,0.435,0.348,,,,,,,,,,
701719,Tyler Samaniego,BOS,L,Behind (Pitcher),31,SI,0.645,0.323,,,,,,,,,,
701719,Tyler Samaniego,BOS,L,Even,58,SI,0.552,0.414,,,,,,,,,,
701719,Tyler Samaniego,BOS,L,Two-Strike,49,SI,0.429,0.49,26.0,4.0,0.0,0.182,0.227,0.26,0.346,0.208,0.308,88.4
701719,Tyler Samaniego,BOS,R,Ahead (Pitcher),21,FF,0.429,0.381,,,,,,,,,,
701719,Tyler Samaniego,BOS,R,Behind (Pitcher),32,SI,0.5,0.531,12.0,5.0,0.0,0.455,0.455,0.433,0.0,0.118,0.727,93.4
701719,Tyler Samaniego,BOS,R,Even,68,FF,0.382,0.397,17.0,6.0,0.0,0.375,0.375,0.371,0.0,0.037,0.176,82.2
701719,Tyler Samaniego,BOS,R,Two-Strike,33,FF,0.424,0.515,18.0,2.0,0.0,0.133,0.2,0.236,0.444,0.412,0.286,94.0
805326,Tyler Schweitzer,CWS,L,Ahead (Pitcher),29,SL,0.483,0.448,,,,,,,,,,
805326,Tyler Schweitzer,CWS,L,Behind (Pitcher),50,SL,0.5,0.48,12.0,2.0,1.0,0.25,0.75,0.504,0.0,0.292,0.375,90.1
805326,Tyler Schweitzer,CWS,L,Even,90,FF,0.5,0.5,16.0,6.0,0.0,0.375,0.438,0.359,0.0,0.244,0.5,89.7
805326,Tyler Schweitzer,CWS,L,Two-Strike,59,FF,0.407,0.576,30.0,3.0,0.0,0.115,0.115,0.19,0.167,0.059,0.45,89.0
805326,Tyler Schweitzer,CWS,R,Ahead (Pitcher),45,SL,0.422,0.578,12.0,2.0,0.0,0.167,0.333,0.208,0.0,0.231,0.333,90.0
805326,Tyler Schweitzer,CWS,R,Behind (Pitcher),66,SL,0.394,0.561,15.0,6.0,0.0,0.429,0.714,0.5,0.0,0.162,0.643,93.8
805326,Tyler Schweitzer,CWS,R,Even,121,FF,0.38,0.397,21.0,5.0,0.0,0.25,0.3,0.252,0.0,0.208,0.455,90.4
805326,Tyler Schweitzer,CWS,R,Two-Strike,106,FF,0.34,0.651,43.0,10.0,2.0,0.25,0.425,0.317,0.302,0.13,0.519,90.6
686475,Tyler Tolbert,KC,L,Behind (Pitcher),19,FA,0.526,0.368,,,,,,,,,,
686475,Tyler Tolbert,KC,L,Even,24,EP,0.75,0.292,,,,,,,,,,
686475,Tyler Tolbert,KC,R,Behind (Pitcher),21,EP,0.619,0.238,,,,,,,,,,
686475,Tyler Tolbert,KC,R,Even,19,EP,0.579,0.158,,,,,,,,,,
669330,Tyler Wells,TB,L,Ahead (Pitcher),116,CH,0.44,0.552,17.0,5.0,2.0,0.333,0.733,0.475,0.0,0.312,0.312,85.6
669330,Tyler Wells,TB,L,Behind (Pitcher),137,CH,0.474,0.453,20.0,5.0,1.0,0.312,0.562,0.482,0.0,0.213,0.333,86.3
669330,Tyler Wells,TB,L,Even,275,FF,0.385,0.378,31.0,3.0,0.0,0.103,0.172,0.12,0.0,0.333,0.194,80.3
669330,Tyler Wells,TB,L,Two-Strike,264,FC,0.39,0.663,84.0,11.0,1.0,0.141,0.192,0.185,0.452,0.265,0.179,83.7
669330,Tyler Wells,TB,R,Ahead (Pitcher),91,SL,0.407,0.582,13.0,3.0,0.0,0.231,0.231,0.208,0.0,0.25,0.308,87.5
669330,Tyler Wells,TB,R,Behind (Pitcher),100,FC,0.36,0.5,19.0,3.0,1.0,0.188,0.438,0.329,0.0,0.244,0.438,90.6
669330,Tyler Wells,TB,R,Even,223,FF,0.363,0.448,20.0,5.0,2.0,0.294,0.882,0.405,0.0,0.373,0.45,91.5
669330,Tyler Wells,TB,R,Two-Strike,208,SL,0.361,0.668,73.0,12.0,1.0,0.176,0.265,0.238,0.452,0.262,0.514,92.1
676604,Tyler Zuber,MIA,L,Ahead (Pitcher),51,FF,0.412,0.529,10.0,5.0,2.0,0.5,1.2,0.705,0.0,0.261,0.7,97.4
676604,Tyler Zuber,MIA,L,Behind (Pitcher),92,FF,0.391,0.38,11.0,1.0,0.0,0.143,0.143,0.273,0.0,0.167,0.125,88.1
676604,Tyler Zuber,MIA,L,Even,142,FF,0.472,0.38,16.0,7.0,2.0,0.467,0.867,0.531,0.0,0.152,0.375,90.5
676604,Tyler Zuber,MIA,L,Two-Strike,109,FF,0.394,0.624,43.0,12.0,1.0,0.286,0.452,0.363,0.372,0.19,0.538,94.5
676604,Tyler Zuber,MIA,R,Ahead (Pitcher),79,ST,0.405,0.43,,,,,,,,,,
676604,Tyler Zuber,MIA,R,Behind (Pitcher),85,FF,0.353,0.412,14.0,3.0,1.0,0.3,0.8,0.521,0.0,0.0,0.5,89.9
676604,Tyler Zuber,MIA,R,Even,184,ST,0.326,0.38,18.0,8.0,3.0,0.471,1.0,0.622,0.0,0.288,0.471,87.6
676604,Tyler Zuber,MIA,R,Two-Strike,201,FF,0.383,0.572,58.0,8.0,0.0,0.148,0.167,0.178,0.448,0.2,0.321,85.8
594027,Tyron Guerrero,BOS,L,Ahead (Pitcher),46,SI,0.913,0.522,,,,,,,,,,
594027,Tyron Guerrero,BOS,L,Behind (Pitcher),53,SI,0.906,0.528,13.0,2.0,0.0,0.222,0.222,0.354,0.0,0.179,0.667,98.1
594027,Tyron Guerrero,BOS,L,Even,111,SI,0.955,0.495,12.0,4.0,0.0,0.333,0.5,0.358,0.0,0.364,0.5,79.7
594027,Tyron Guerrero,BOS,L,Two-Strike,98,SI,0.786,0.776,49.0,9.0,1.0,0.188,0.25,0.202,0.531,0.276,0.304,88.0
594027,Tyron Guerrero,BOS,R,Ahead (Pitcher),48,SI,0.688,0.646,17.0,5.0,0.0,0.294,0.353,0.285,0.0,0.032,0.353,83.5
594027,Tyron Guerrero,BOS,R,Behind (Pitcher),44,SI,1.0,0.545,,,,,,,,,,
594027,Tyron Guerrero,BOS,R,Even,117,SI,0.897,0.385,20.0,6.0,0.0,0.316,0.316,0.305,0.0,0.178,0.25,82.9
594027,Tyron Guerrero,BOS,R,Two-Strike,95,SI,0.716,0.663,40.0,9.0,1.0,0.237,0.342,0.296,0.375,0.111,0.208,82.8
678368,Valente Bellozo,COL,L,Ahead (Pitcher),79,CH,0.532,0.418,,,,,,,,,,
678368,Valente Bellozo,COL,L,Behind (Pitcher),178,FC,0.522,0.444,,,,,,,,,,
678368,Valente Bellozo,COL,L,Even,267,FC,0.33,0.367,,,,,,,,,,
678368,Valente Bellozo,COL,L,Two-Strike,203,CH,0.36,0.606,,,,,,,,,,
678368,Valente Bellozo,COL,R,Ahead (Pitcher),99,FF,0.354,0.606,,,,,,,,,,
678368,Valente Bellozo,COL,R,Behind (Pitcher),158,FC,0.506,0.519,,,,,,,,,,
678368,Valente Bellozo,COL,R,Even,273,FC,0.41,0.418,,,,,,,,,,
678368,Valente Bellozo,COL,R,Two-Strike,243,FF,0.395,0.597,12.0,0.0,0.0,0.0,0.0,0.175,0.333,0.2,0.2,90.7
682989,Victor Mederos,ATL,L,Ahead (Pitcher),56,FS,0.25,0.518,,,,,,,,,,
682989,Victor Mederos,ATL,L,Behind (Pitcher),100,FC,0.39,0.44,12.0,4.0,0.0,0.4,0.5,0.441,0.0,0.192,0.545,87.6
682989,Victor Mederos,ATL,L,Even,153,FC,0.405,0.451,19.0,2.0,0.0,0.111,0.111,0.132,0.0,0.302,0.278,88.1
682989,Victor Mederos,ATL,L,Two-Strike,118,FC,0.305,0.508,30.0,4.0,0.0,0.167,0.208,0.272,0.433,0.263,0.273,84.7
682989,Victor Mederos,ATL,R,Ahead (Pitcher),45,FC,0.378,0.622,,,,,,,,,,
682989,Victor Mederos,ATL,R,Behind (Pitcher),106,FC,0.425,0.434,15.0,3.0,0.0,0.231,0.308,0.297,0.0,0.258,0.308,81.4
682989,Victor Mederos,ATL,R,Even,146,FC,0.473,0.308,,,,,,,,,,
682989,Victor Mederos,ATL,R,Two-Strike,142,FC,0.366,0.563,43.0,5.0,1.0,0.135,0.243,0.236,0.442,0.224,0.389,87.2
680767,Victor Vodnik,MIA,L,Ahead (Pitcher),99,CH,0.404,0.354,,,,,,,,,,
680767,Victor Vodnik,MIA,L,Behind (Pitcher),308,FF,0.578,0.399,33.0,9.0,2.0,0.346,0.615,0.498,0.0,0.279,0.4,89.3
680767,Victor Vodnik,MIA,L,Even,363,FF,0.526,0.364,30.0,10.0,1.0,0.333,0.467,0.378,0.0,0.185,0.367,91.7
680767,Victor Vodnik,MIA,L,Two-Strike,239,FF,0.431,0.653,66.0,10.0,0.0,0.172,0.276,0.246,0.348,0.195,0.417,89.7
680767,Victor Vodnik,MIA,R,Ahead (Pitcher),114,FF,0.404,0.386,,,,,,,,,,
680767,Victor Vodnik,MIA,R,Behind (Pitcher),214,FF,0.598,0.416,27.0,6.0,0.0,0.333,0.5,0.54,0.0,0.26,0.5,91.4
680767,Victor Vodnik,MIA,R,Even,315,FF,0.495,0.4,18.0,4.0,0.0,0.25,0.25,0.2,0.0,0.217,0.389,84.9
680767,Victor Vodnik,MIA,R,Two-Strike,272,FF,0.46,0.577,65.0,13.0,0.0,0.241,0.278,0.298,0.292,0.208,0.333,90.9
700712,Walbert Ureña,LAA,L,Ahead (Pitcher),155,CH,0.465,0.439,25.0,9.0,0.0,0.36,0.4,0.374,0.0,0.25,0.32,89.3
700712,Walbert Ureña,LAA,L,Behind (Pitcher),360,CH,0.464,0.408,71.0,10.0,0.0,0.2,0.24,0.357,0.0,0.306,0.44,89.8
700712,Walbert Ureña,LAA,L,Even,502,SI,0.388,0.339,71.0,22.0,2.0,0.324,0.515,0.401,0.0,0.259,0.391,86.2
700712,Walbert Ureña,LAA,L,Two-Strike,402,CH,0.473,0.627,185.0,27.0,3.0,0.168,0.261,0.251,0.384,0.222,0.3,85.0
700712,Walbert Ureña,LAA,R,Ahead (Pitcher),126,SI,0.397,0.54,19.0,4.0,0.0,0.235,0.235,0.263,0.0,0.309,0.412,89.8
700712,Walbert Ureña,LAA,R,Behind (Pitcher),251,SI,0.49,0.442,51.0,9.0,3.0,0.257,0.571,0.492,0.0,0.234,0.4,88.3
700712,Walbert Ureña,LAA,R,Even,379,SI,0.459,0.346,40.0,14.0,2.0,0.359,0.59,0.414,0.0,0.267,0.462,90.7
700712,Walbert Ureña,LAA,R,Two-Strike,315,CH,0.302,0.657,162.0,19.0,0.0,0.127,0.14,0.164,0.438,0.28,0.247,83.4
621111,Walker Buehler,SD,L,Ahead (Pitcher),351,CH,0.236,0.422,28.0,11.0,2.0,0.393,0.643,0.445,0.0,0.198,0.552,91.7
621111,Walker Buehler,SD,L,Behind (Pitcher),570,FC,0.358,0.468,66.0,24.0,2.0,0.444,0.685,0.568,0.0,0.121,0.365,90.2
621111,Walker Buehler,SD,L,Even,986,FF,0.278,0.338,73.0,28.0,3.0,0.389,0.597,0.435,0.0,0.181,0.465,91.2
621111,Walker Buehler,SD,L,Two-Strike,798,KC,0.195,0.565,197.0,27.0,3.0,0.156,0.231,0.234,0.371,0.18,0.276,86.1
621111,Walker Buehler,SD,R,Ahead (Pitcher),280,SI,0.257,0.425,28.0,10.0,1.0,0.37,0.556,0.411,0.0,0.136,0.296,85.1
621111,Walker Buehler,SD,R,Behind (Pitcher),402,SI,0.279,0.478,47.0,11.0,2.0,0.297,0.568,0.436,0.0,0.159,0.432,93.3
621111,Walker Buehler,SD,R,Even,738,SI,0.278,0.382,55.0,13.0,3.0,0.241,0.463,0.301,0.0,0.228,0.464,89.5
621111,Walker Buehler,SD,R,Two-Strike,608,ST,0.248,0.535,139.0,20.0,5.0,0.159,0.294,0.235,0.381,0.208,0.356,88.7
593974,Wandy Peralta,SD,L,Ahead (Pitcher),151,SI,0.51,0.603,13.0,5.0,0.0,0.385,0.615,0.427,0.0,0.289,0.462,84.9
593974,Wandy Peralta,SD,L,Behind (Pitcher),184,SI,0.609,0.554,25.0,7.0,0.0,0.35,0.55,0.467,0.0,0.222,0.368,90.0
593974,Wandy Peralta,SD,L,Even,391,SI,0.637,0.399,34.0,12.0,2.0,0.4,0.633,0.473,0.0,0.21,0.344,80.8
593974,Wandy Peralta,SD,L,Two-Strike,378,SI,0.349,0.558,80.0,13.0,1.0,0.183,0.239,0.243,0.362,0.148,0.333,88.9
593974,Wandy Peralta,SD,R,Ahead (Pitcher),162,CH,0.605,0.42,10.0,4.0,1.0,0.4,0.8,0.505,0.0,0.189,0.5,85.0
593974,Wandy Peralta,SD,R,Behind (Pitcher),303,CH,0.452,0.475,41.0,11.0,1.0,0.324,0.5,0.434,0.0,0.227,0.303,88.4
593974,Wandy Peralta,SD,R,Even,487,CH,0.435,0.421,47.0,16.0,1.0,0.34,0.532,0.374,0.0,0.206,0.404,86.8
593974,Wandy Peralta,SD,R,Two-Strike,302,CH,0.556,0.599,67.0,11.0,1.0,0.172,0.266,0.204,0.299,0.198,0.273,86.4
642215,Weston Wilson,SEA,L,Even,15,EP,0.8,0.4,,,,,,,,,,
642215,Weston Wilson,SEA,R,Behind (Pitcher),20,EP,0.6,0.5,,,,,,,,,,
642215,Weston Wilson,SEA,R,Even,25,EP,0.88,0.28,,,,,,,,,,
696062,Wilber Dotel,PIT,L,Ahead (Pitcher),46,FF,0.348,0.478,,,,,,,,,,
696062,Wilber Dotel,PIT,L,Behind (Pitcher),85,FF,0.412,0.365,13.0,2.0,0.0,0.25,0.25,0.473,0.0,0.258,0.125,78.1
696062,Wilber Dotel,PIT,L,Even,132,FF,0.485,0.371,15.0,7.0,0.0,0.5,0.643,0.467,0.0,0.286,0.8,95.1
696062,Wilber Dotel,PIT,L,Two-Strike,127,FF,0.575,0.638,55.0,5.0,0.0,0.1,0.12,0.139,0.491,0.198,0.542,89.9
696062,Wilber Dotel,PIT,R,Ahead (Pitcher),33,FF,0.455,0.455,,,,,,,,,,
696062,Wilber Dotel,PIT,R,Behind (Pitcher),65,FC,0.431,0.523,14.0,4.0,1.0,0.4,0.9,0.586,0.0,0.235,0.7,97.8
696062,Wilber Dotel,PIT,R,Even,106,FF,0.462,0.396,22.0,8.0,1.0,0.364,0.5,0.377,0.0,0.167,0.273,88.1
696062,Wilber Dotel,PIT,R,Two-Strike,71,SL,0.437,0.606,32.0,6.0,0.0,0.2,0.2,0.213,0.375,0.163,0.167,85.3
678576,Wilkin Ramos,SF,L,Behind (Pitcher),15,SI,0.733,0.067,,,,,,,,,,
702021,Will Dion,WSH,L,Ahead (Pitcher),34,FF,0.441,0.529,,,,,,,,,,
702021,Will Dion,WSH,L,Behind (Pitcher),78,FF,0.577,0.487,20.0,4.0,1.0,0.267,0.533,0.472,0.0,0.211,0.333,88.4
702021,Will Dion,WSH,L,Even,99,FF,0.434,0.354,,,,,,,,,,
702021,Will Dion,WSH,L,Two-Strike,99,FF,0.515,0.687,40.0,7.0,1.0,0.184,0.342,0.229,0.5,0.206,0.579,92.5
702021,Will Dion,WSH,R,Ahead (Pitcher),67,CH,0.478,0.582,,,,,,,,,,
702021,Will Dion,WSH,R,Behind (Pitcher),86,FF,0.477,0.453,19.0,7.0,3.0,0.467,1.133,0.671,0.0,0.154,0.4,82.5
702021,Will Dion,WSH,R,Even,159,CU,0.327,0.39,19.0,7.0,1.0,0.389,0.611,0.469,0.0,0.258,0.176,85.0
702021,Will Dion,WSH,R,Two-Strike,133,CH,0.496,0.639,72.0,8.0,2.0,0.121,0.227,0.194,0.458,0.259,0.303,85.4
694361,Will Klein,LAD,L,Ahead (Pitcher),67,CU,0.418,0.373,,,,,,,,,,
694361,Will Klein,LAD,L,Behind (Pitcher),132,FF,0.545,0.364,20.0,6.0,1.0,0.462,0.769,0.697,0.0,0.273,0.727,90.3
694361,Will Klein,LAD,L,Even,200,FF,0.51,0.365,14.0,4.0,0.0,0.286,0.286,0.257,0.0,0.18,0.429,92.6
694361,Will Klein,LAD,L,Two-Strike,174,FF,0.534,0.546,54.0,8.0,0.0,0.16,0.18,0.192,0.5,0.265,0.16,83.9
694361,Will Klein,LAD,R,Ahead (Pitcher),66,FF,0.561,0.5,11.0,5.0,0.0,0.455,0.636,0.555,0.0,0.179,0.273,87.8
694361,Will Klein,LAD,R,Behind (Pitcher),115,FF,0.617,0.391,16.0,6.0,1.0,0.545,0.818,0.625,0.0,0.097,0.545,89.1
694361,Will Klein,LAD,R,Even,164,FF,0.506,0.323,17.0,6.0,1.0,0.4,0.6,0.518,0.0,0.244,0.533,92.6
694361,Will Klein,LAD,R,Two-Strike,154,FF,0.506,0.578,50.0,5.0,0.0,0.109,0.109,0.146,0.44,0.206,0.208,85.5
676684,Will Vest,DET,L,Ahead (Pitcher),103,FF,0.495,0.427,,,,,,,,,,
676684,Will Vest,DET,L,Behind (Pitcher),158,FF,0.722,0.411,,,,,,,,,,
676684,Will Vest,DET,L,Even,268,FF,0.601,0.392,,,,,,,,,,
676684,Will Vest,DET,L,Two-Strike,277,FF,0.523,0.625,40.0,6.0,0.0,0.167,0.194,0.214,0.425,0.217,0.316,89.0
676684,Will Vest,DET,R,Ahead (Pitcher),121,SI,0.364,0.446,,,,,,,,,,
676684,Will Vest,DET,R,Behind (Pitcher),139,FF,0.432,0.504,,,,,,,,,,
676684,Will Vest,DET,R,Even,300,SI,0.397,0.383,13.0,4.0,0.0,0.308,0.385,0.304,0.0,0.103,0.308,83.4
676684,Will Vest,DET,R,Two-Strike,259,FF,0.479,0.564,32.0,7.0,1.0,0.233,0.367,0.314,0.312,0.116,0.3,87.8
701542,Will Warren,NYY,L,Ahead (Pitcher),379,CH,0.354,0.367,33.0,10.0,1.0,0.303,0.485,0.365,0.0,0.219,0.394,90.3
701542,Will Warren,NYY,L,Behind (Pitcher),738,FF,0.434,0.405,81.0,24.0,5.0,0.364,0.652,0.506,0.0,0.169,0.47,92.2
701542,Will Warren,NYY,L,Even,1120,FF,0.454,0.335,85.0,30.0,2.0,0.361,0.578,0.42,0.0,0.145,0.434,91.1
701542,Will Warren,NYY,L,Two-Strike,817,FF,0.377,0.525,181.0,29.0,3.0,0.182,0.264,0.26,0.425,0.186,0.488,90.0
701542,Will Warren,NYY,R,Ahead (Pitcher),308,SI,0.367,0.448,19.0,5.0,0.0,0.263,0.263,0.237,0.0,0.209,0.316,90.2
701542,Will Warren,NYY,R,Behind (Pitcher),470,SI,0.438,0.494,53.0,13.0,2.0,0.325,0.575,0.46,0.0,0.233,0.512,92.0
701542,Will Warren,NYY,R,Even,815,SI,0.417,0.35,53.0,24.0,5.0,0.462,0.942,0.577,0.0,0.274,0.426,88.1
701542,Will Warren,NYY,R,Two-Strike,753,FF,0.394,0.57,156.0,20.0,3.0,0.138,0.234,0.205,0.474,0.243,0.438,90.5
687531,William Kempner,MIA,L,Ahead (Pitcher),20,FF,0.4,0.45,,,,,,,,,,
687531,William Kempner,MIA,L,Behind (Pitcher),20,FF,0.65,0.4,,,,,,,,,,
687531,William Kempner,MIA,L,Even,49,FF,0.449,0.51,,,,,,,,,,
687531,William Kempner,MIA,L,Two-Strike,48,FF,0.438,0.604,24.0,2.0,0.0,0.087,0.13,0.119,0.5,0.276,0.182,88.1
687531,William Kempner,MIA,R,Behind (Pitcher),24,FF,0.708,0.208,,,,,,,,,,
687531,William Kempner,MIA,R,Even,21,FF,0.381,0.238,,,,,,,,,,
808970,Woo Suk Go,MIN,L,Even,16,FF,0.5,0.312,,,,,,,,,,
808970,Woo Suk Go,MIN,L,Two-Strike,18,FF,0.389,0.611,,,,,,,,,,
670090,Wyatt Mills,LAD,L,Even,21,SL,0.619,0.286,,,,,,,,,,
670090,Wyatt Mills,LAD,R,Behind (Pitcher),29,SI,0.517,0.276,,,,,,,,,,
670090,Wyatt Mills,LAD,R,Even,30,SI,0.367,0.233,,,,,,,,,,
670090,Wyatt Mills,LAD,R,Two-Strike,26,FF,0.385,0.577,13.0,3.0,0.0,0.273,0.273,0.315,0.231,0.0,0.375,90.5
681544,Wyatt Olds,BOS,L,Behind (Pitcher),40,FF,0.825,0.425,,,,,,,,,,
681544,Wyatt Olds,BOS,L,Even,47,FF,0.596,0.383,,,,,,,,,,
681544,Wyatt Olds,BOS,L,Two-Strike,48,FF,0.583,0.688,23.0,1.0,1.0,0.048,0.19,0.148,0.522,0.333,0.556,94.1
681544,Wyatt Olds,BOS,R,Ahead (Pitcher),15,SL,0.667,0.6,,,,,,,,,,
681544,Wyatt Olds,BOS,R,Behind (Pitcher),27,FF,0.556,0.519,,,,,,,,,,
681544,Wyatt Olds,BOS,R,Even,44,FF,0.455,0.364,,,,,,,,,,
681544,Wyatt Olds,BOS,R,Two-Strike,31,SL,0.548,0.742,19.0,2.0,0.0,0.111,0.167,0.187,0.421,0.174,0.1,85.2
675540,Xzavion Curry,NYM,L,Ahead (Pitcher),21,FS,0.429,0.429,,,,,,,,,,
675540,Xzavion Curry,NYM,L,Behind (Pitcher),64,FF,0.406,0.531,18.0,3.0,0.0,0.2,0.2,0.267,0.0,0.207,0.267,88.5
675540,Xzavion Curry,NYM,L,Even,81,FF,0.333,0.247,13.0,4.0,1.0,0.308,0.692,0.415,0.0,0.105,0.462,87.8
675540,Xzavion Curry,NYM,L,Two-Strike,33,FF,0.394,0.727,16.0,1.0,0.0,0.062,0.062,0.056,0.562,0.261,0.286,91.0
675540,Xzavion Curry,NYM,R,Ahead (Pitcher),23,FF,0.348,0.348,,,,,,,,,,
675540,Xzavion Curry,NYM,R,Behind (Pitcher),50,SL,0.5,0.36,,,,,,,,,,
675540,Xzavion Curry,NYM,R,Even,71,SL,0.423,0.394,,,,,,,,,,
675540,Xzavion Curry,NYM,R,Two-Strike,63,FF,0.397,0.667,23.0,5.0,2.0,0.25,0.65,0.413,0.261,0.139,0.429,93.8
682274,Yaramil Hiraldo,BAL,L,Ahead (Pitcher),31,FS,0.516,0.581,,,,,,,,,,
682274,Yaramil Hiraldo,BAL,L,Behind (Pitcher),55,FF,0.418,0.382,,,,,,,,,,
682274,Yaramil Hiraldo,BAL,L,Even,87,FS,0.483,0.506,,,,,,,,,,
682274,Yaramil Hiraldo,BAL,L,Two-Strike,66,FS,0.652,0.652,11.0,1.0,0.0,0.125,0.125,0.209,0.455,0.235,0.5,91.6
682274,Yaramil Hiraldo,BAL,R,Ahead (Pitcher),37,SL,0.541,0.541,,,,,,,,,,
682274,Yaramil Hiraldo,BAL,R,Behind (Pitcher),59,FF,0.542,0.492,,,,,,,,,,
682274,Yaramil Hiraldo,BAL,R,Even,98,SL,0.48,0.429,,,,,,,,,,
682274,Yaramil Hiraldo,BAL,R,Two-Strike,75,SL,0.36,0.693,16.0,3.0,0.0,0.214,0.286,0.278,0.5,0.4,0.167,84.1
684320,Yariel Rodríguez,TOR,L,Ahead (Pitcher),58,FS,0.569,0.466,,,,,,,,,,
684320,Yariel Rodríguez,TOR,L,Behind (Pitcher),175,FF,0.406,0.411,,,,,,,,,,
684320,Yariel Rodríguez,TOR,L,Even,198,FF,0.525,0.338,,,,,,,,,,
684320,Yariel Rodríguez,TOR,L,Two-Strike,130,FS,0.423,0.538,12.0,1.0,0.0,0.125,0.125,0.308,0.25,0.222,0.2,89.0
684320,Yariel Rodríguez,TOR,R,Ahead (Pitcher),90,FF,0.5,0.489,,,,,,,,,,
684320,Yariel Rodríguez,TOR,R,Behind (Pitcher),189,SL,0.487,0.481,,,,,,,,,,
684320,Yariel Rodríguez,TOR,R,Even,279,FF,0.462,0.362,,,,,,,,,,
684320,Yariel Rodríguez,TOR,R,Two-Strike,225,SL,0.662,0.542,,,,,,,,,,
666974,Yennier Cano,BAL,L,Ahead (Pitcher),83,FS,0.398,0.446,,,,,,,,,,
666974,Yennier Cano,BAL,L,Behind (Pitcher),181,SI,0.503,0.453,23.0,7.0,1.0,0.35,0.6,0.483,0.0,0.184,0.667,96.4
666974,Yennier Cano,BAL,L,Even,261,SI,0.414,0.375,18.0,5.0,1.0,0.278,0.444,0.329,0.0,0.278,0.412,91.6
666974,Yennier Cano,BAL,L,Two-Strike,188,FS,0.378,0.537,32.0,6.0,0.0,0.214,0.214,0.256,0.375,0.256,0.375,90.4
666974,Yennier Cano,BAL,R,Ahead (Pitcher),134,SI,0.485,0.47,,,,,,,,,,
666974,Yennier Cano,BAL,R,Behind (Pitcher),229,SI,0.76,0.345,21.0,3.0,0.0,0.2,0.2,0.31,0.0,0.237,0.312,86.1
666974,Yennier Cano,BAL,R,Even,377,SI,0.732,0.345,23.0,3.0,0.0,0.13,0.174,0.133,0.0,0.242,0.304,86.1
666974,Yennier Cano,BAL,R,Two-Strike,333,SI,0.384,0.61,66.0,9.0,0.0,0.143,0.175,0.192,0.5,0.223,0.344,89.0
660787,Yerry De Los Santos,NYY,L,Ahead (Pitcher),51,CH,0.627,0.451,,,,,,,,,,
660787,Yerry De Los Santos,NYY,L,Behind (Pitcher),67,SI,0.433,0.552,,,,,,,,,,
660787,Yerry De Los Santos,NYY,L,Even,128,SI,0.359,0.398,,,,,,,,,,
660787,Yerry De Los Santos,NYY,L,Two-Strike,125,CH,0.528,0.56,17.0,1.0,0.0,0.067,0.067,0.135,0.412,0.154,0.375,84.7
660787,Yerry De Los Santos,NYY,R,Ahead (Pitcher),87,SI,0.701,0.494,,,,,,,,,,
660787,Yerry De Los Santos,NYY,R,Behind (Pitcher),93,SI,0.882,0.462,13.0,1.0,0.0,0.091,0.091,0.246,0.0,0.0,0.545,93.7
660787,Yerry De Los Santos,NYY,R,Even,217,SI,0.765,0.364,19.0,7.0,1.0,0.389,0.611,0.481,0.0,0.125,0.526,89.0
660787,Yerry De Los Santos,NYY,R,Two-Strike,143,SI,0.552,0.552,19.0,1.0,0.0,0.062,0.062,0.158,0.421,0.129,0.25,84.6
700270,Yilber Díaz,DET,L,Behind (Pitcher),27,FF,0.556,0.296,,,,,,,,,,
700270,Yilber Díaz,DET,L,Even,37,SL,0.514,0.351,,,,,,,,,,
700270,Yilber Díaz,DET,L,Two-Strike,41,SL,0.512,0.61,15.0,4.0,0.0,0.286,0.357,0.31,0.4,0.143,0.0,88.4
700270,Yilber Díaz,DET,R,Behind (Pitcher),27,FF,0.741,0.333,,,,,,,,,,
700270,Yilber Díaz,DET,R,Even,31,SL,0.581,0.323,,,,,,,,,,
700270,Yilber Díaz,DET,R,Two-Strike,21,FF,0.476,0.619,,,,,,,,,,
672782,Yoendrys Gómez,MIN,L,Ahead (Pitcher),148,FF,0.351,0.453,11.0,4.0,2.0,0.364,0.909,0.527,0.0,0.226,0.364,93.3
672782,Yoendrys Gómez,MIN,L,Behind (Pitcher),284,FF,0.444,0.454,31.0,6.0,1.0,0.25,0.5,0.457,0.0,0.234,0.455,88.9
672782,Yoendrys Gómez,MIN,L,Even,445,FF,0.387,0.366,35.0,11.0,2.0,0.324,0.588,0.396,0.0,0.233,0.5,86.1
672782,Yoendrys Gómez,MIN,L,Two-Strike,360,FF,0.475,0.633,76.0,16.0,1.0,0.242,0.394,0.328,0.434,0.233,0.515,92.2
672782,Yoendrys Gómez,MIN,R,Ahead (Pitcher),132,ST,0.439,0.462,14.0,3.0,0.0,0.25,0.25,0.223,0.0,0.368,0.286,81.4
672782,Yoendrys Gómez,MIN,R,Behind (Pitcher),222,FF,0.383,0.464,29.0,5.0,0.0,0.227,0.227,0.324,0.0,0.246,0.409,88.9
672782,Yoendrys Gómez,MIN,R,Even,359,FF,0.306,0.329,24.0,6.0,0.0,0.273,0.409,0.327,0.0,0.2,0.5,90.4
672782,Yoendrys Gómez,MIN,R,Two-Strike,313,ST,0.447,0.572,73.0,7.0,1.0,0.115,0.164,0.229,0.425,0.269,0.267,82.3
670990,Yohan Ramírez,PIT,L,Ahead (Pitcher),112,FF,0.375,0.482,12.0,2.0,0.0,0.182,0.182,0.208,0.0,0.205,0.273,89.4
670990,Yohan Ramírez,PIT,L,Behind (Pitcher),243,FF,0.346,0.391,46.0,12.0,2.0,0.353,0.706,0.703,0.0,0.215,0.346,89.6
670990,Yohan Ramírez,PIT,L,Even,316,FF,0.313,0.313,21.0,7.0,1.0,0.368,0.684,0.492,0.0,0.227,0.333,81.0
670990,Yohan Ramírez,PIT,L,Two-Strike,293,ST,0.382,0.614,98.0,8.0,0.0,0.093,0.105,0.172,0.48,0.262,0.205,85.9
670990,Yohan Ramírez,PIT,R,Ahead (Pitcher),148,ST,0.554,0.514,16.0,4.0,0.0,0.25,0.25,0.338,0.0,0.194,0.438,86.5
670990,Yohan Ramírez,PIT,R,Behind (Pitcher),241,SI,0.382,0.353,38.0,7.0,0.0,0.28,0.32,0.436,0.0,0.255,0.292,82.3
670990,Yohan Ramírez,PIT,R,Even,370,ST,0.446,0.319,27.0,6.0,0.0,0.25,0.333,0.337,0.0,0.301,0.417,85.9
670990,Yohan Ramírez,PIT,R,Two-Strike,285,ST,0.533,0.663,95.0,10.0,1.0,0.109,0.174,0.156,0.537,0.333,0.275,78.1
808967,Yoshinobu Yamamoto,LAD,L,Ahead (Pitcher),364,FS,0.379,0.503,31.0,7.0,0.0,0.241,0.276,0.26,0.0,0.24,0.276,78.4
808967,Yoshinobu Yamamoto,LAD,L,Behind (Pitcher),589,FF,0.426,0.45,63.0,16.0,3.0,0.296,0.519,0.398,0.0,0.222,0.418,87.9
808967,Yoshinobu Yamamoto,LAD,L,Even,982,FF,0.355,0.365,62.0,11.0,3.0,0.18,0.344,0.244,0.0,0.275,0.311,85.7
808967,Yoshinobu Yamamoto,LAD,L,Two-Strike,902,FS,0.405,0.599,221.0,25.0,4.0,0.122,0.205,0.177,0.434,0.168,0.318,87.8
808967,Yoshinobu Yamamoto,LAD,R,Ahead (Pitcher),339,SI,0.254,0.522,37.0,6.0,0.0,0.171,0.229,0.214,0.0,0.26,0.189,80.9
808967,Yoshinobu Yamamoto,LAD,R,Behind (Pitcher),575,FF,0.296,0.459,54.0,6.0,2.0,0.136,0.295,0.29,0.0,0.276,0.432,89.5
808967,Yoshinobu Yamamoto,LAD,R,Even,926,FF,0.294,0.383,62.0,24.0,5.0,0.393,0.689,0.483,0.0,0.333,0.435,88.3
808967,Yoshinobu Yamamoto,LAD,R,Two-Strike,782,FS,0.354,0.601,176.0,24.0,3.0,0.145,0.242,0.199,0.489,0.271,0.392,89.0
672442,Yovanny Cruz,WSH,L,Behind (Pitcher),26,SL,0.5,0.462,,,,,,,,,,
672442,Yovanny Cruz,WSH,L,Even,43,SL,0.558,0.419,,,,,,,,,,
672442,Yovanny Cruz,WSH,L,Two-Strike,40,SL,0.55,0.7,19.0,5.0,1.0,0.312,0.5,0.405,0.368,0.214,0.667,95.5
672442,Yovanny Cruz,WSH,R,Behind (Pitcher),44,FF,0.523,0.318,,,,,,,,,,
672442,Yovanny Cruz,WSH,R,Even,46,SL,0.457,0.283,,,,,,,,,,
672442,Yovanny Cruz,WSH,R,Two-Strike,24,SL,0.75,0.625,14.0,2.0,0.0,0.167,0.167,0.229,0.5,0.267,0.4,83.5
673513,Yuki Matsui,SD,L,Ahead (Pitcher),124,SL,0.427,0.419,11.0,2.0,0.0,0.182,0.182,0.18,0.0,0.31,0.1,85.8
673513,Yuki Matsui,SD,L,Behind (Pitcher),226,FF,0.584,0.496,24.0,3.0,1.0,0.167,0.389,0.348,0.0,0.25,0.412,86.2
673513,Yuki Matsui,SD,L,Even,349,SL,0.418,0.401,26.0,5.0,0.0,0.192,0.192,0.173,0.0,0.302,0.296,82.3
673513,Yuki Matsui,SD,L,Two-Strike,275,FF,0.335,0.578,72.0,5.0,1.0,0.081,0.161,0.185,0.514,0.31,0.36,86.1
673513,Yuki Matsui,SD,R,Ahead (Pitcher),140,FS,0.621,0.571,12.0,3.0,1.0,0.25,0.583,0.346,0.0,0.488,0.333,87.0
673513,Yuki Matsui,SD,R,Behind (Pitcher),271,FF,0.491,0.417,23.0,4.0,2.0,0.235,0.706,0.548,0.0,0.233,0.4,86.1
673513,Yuki Matsui,SD,R,Even,401,FF,0.362,0.374,14.0,3.0,1.0,0.25,0.5,0.271,0.0,0.368,0.357,89.8
673513,Yuki Matsui,SD,R,Two-Strike,362,FS,0.58,0.583,74.0,10.0,1.0,0.169,0.237,0.274,0.392,0.229,0.161,81.5
805074,Yunior Marte,SF,L,Behind (Pitcher),61,SL,0.443,0.393,,,,,,,,,,
805074,Yunior Marte,SF,L,Even,59,SL,0.441,0.39,,,,,,,,,,
805074,Yunior Marte,SF,L,Two-Strike,42,SL,0.429,0.5,22.0,4.0,0.0,0.235,0.353,0.355,0.091,0.048,0.333,84.7
805074,Yunior Marte,SF,R,Ahead (Pitcher),22,FF,0.409,0.545,,,,,,,,,,
805074,Yunior Marte,SF,R,Behind (Pitcher),30,FF,0.533,0.533,12.0,6.0,1.0,0.545,1.091,0.688,0.0,0.188,0.636,93.2
805074,Yunior Marte,SF,R,Even,56,FF,0.589,0.375,,,,,,,,,,
805074,Yunior Marte,SF,R,Two-Strike,29,SL,0.448,0.655,15.0,1.0,0.0,0.067,0.133,0.083,0.6,0.263,0.167,80.4
814305,Yunior Tur,ATH,L,Ahead (Pitcher),21,FS,0.524,0.571,,,,,,,,,,
814305,Yunior Tur,ATH,L,Behind (Pitcher),35,FC,0.543,0.257,,,,,,,,,,
814305,Yunior Tur,ATH,L,Even,52,FS,0.423,0.442,,,,,,,,,,
814305,Yunior Tur,ATH,L,Two-Strike,34,FS,0.706,0.529,19.0,3.0,0.0,0.176,0.294,0.253,0.421,0.111,0.222,86.9
814305,Yunior Tur,ATH,R,Behind (Pitcher),28,FF,0.571,0.5,,,,,,,,,,
814305,Yunior Tur,ATH,R,Even,37,FC,0.514,0.351,,,,,,,,,,
814305,Yunior Tur,ATH,R,Two-Strike,30,FS,0.633,0.533,13.0,4.0,0.0,0.364,0.455,0.481,0.308,0.125,0.25,82.9
579328,Yusei Kikuchi,LAA,L,Ahead (Pitcher),125,SL,0.416,0.448,,,,,,,,,,
579328,Yusei Kikuchi,LAA,L,Behind (Pitcher),152,SL,0.586,0.493,13.0,1.0,0.0,0.091,0.273,0.231,0.0,0.192,0.455,93.7
579328,Yusei Kikuchi,LAA,L,Even,332,SL,0.434,0.419,15.0,6.0,0.0,0.429,0.5,0.443,0.0,0.211,0.333,86.4
579328,Yusei Kikuchi,LAA,L,Two-Strike,281,SL,0.448,0.569,42.0,11.0,1.0,0.306,0.472,0.387,0.405,0.216,0.579,93.7
579328,Yusei Kikuchi,LAA,R,Ahead (Pitcher),414,FF,0.401,0.469,23.0,7.0,3.0,0.318,0.864,0.463,0.0,0.17,0.478,94.3
579328,Yusei Kikuchi,LAA,R,Behind (Pitcher),721,SL,0.51,0.437,33.0,5.0,1.0,0.208,0.458,0.392,0.0,0.19,0.5,93.3
579328,Yusei Kikuchi,LAA,R,Even,1166,FF,0.398,0.396,36.0,13.0,0.0,0.371,0.4,0.36,0.0,0.238,0.5,90.5
579328,Yusei Kikuchi,LAA,R,Two-Strike,1034,FF,0.393,0.607,117.0,24.0,2.0,0.238,0.396,0.319,0.368,0.192,0.426,89.9
668678,Zac Gallen,AZ,L,Ahead (Pitcher),327,CH,0.346,0.437,20.0,5.0,1.0,0.25,0.45,0.298,0.0,0.245,0.4,90.0
668678,Zac Gallen,AZ,L,Behind (Pitcher),564,FF,0.443,0.418,53.0,16.0,4.0,0.356,0.733,0.493,0.0,0.222,0.467,91.7
668678,Zac Gallen,AZ,L,Even,909,FF,0.468,0.353,59.0,20.0,2.0,0.364,0.545,0.405,0.0,0.171,0.509,91.6
668678,Zac Gallen,AZ,L,Two-Strike,668,FF,0.383,0.566,119.0,29.0,2.0,0.274,0.387,0.334,0.227,0.095,0.45,91.0
668678,Zac Gallen,AZ,R,Ahead (Pitcher),345,FF,0.357,0.455,19.0,5.0,0.0,0.263,0.316,0.255,0.0,0.254,0.526,91.6
668678,Zac Gallen,AZ,R,Behind (Pitcher),445,FF,0.427,0.463,38.0,12.0,3.0,0.387,0.839,0.596,0.0,0.211,0.5,94.4
668678,Zac Gallen,AZ,R,Even,890,FF,0.455,0.406,55.0,16.0,3.0,0.296,0.537,0.374,0.0,0.183,0.327,86.7
668678,Zac Gallen,AZ,R,Two-Strike,771,FF,0.358,0.536,106.0,25.0,4.0,0.258,0.412,0.332,0.349,0.179,0.4,89.1
804267,Zac Thornton,NYM,L,Ahead (Pitcher),50,FF,0.26,0.52,,,,,,,,,,
804267,Zac Thornton,NYM,L,Behind (Pitcher),86,FC,0.512,0.535,22.0,6.0,1.0,0.3,0.45,0.359,0.0,0.217,0.4,87.4
804267,Zac Thornton,NYM,L,Even,146,FC,0.295,0.438,27.0,7.0,2.0,0.259,0.556,0.341,0.0,0.25,0.481,87.9
804267,Zac Thornton,NYM,L,Two-Strike,96,FF,0.292,0.604,49.0,5.0,1.0,0.111,0.178,0.171,0.367,0.19,0.333,86.6
804267,Zac Thornton,NYM,R,Ahead (Pitcher),110,FC,0.318,0.555,21.0,6.0,1.0,0.3,0.45,0.343,0.0,0.18,0.45,90.3
804267,Zac Thornton,NYM,R,Behind (Pitcher),153,FC,0.431,0.542,35.0,10.0,3.0,0.333,0.733,0.507,0.0,0.181,0.533,92.7
804267,Zac Thornton,NYM,R,Even,290,FC,0.345,0.383,51.0,19.0,4.0,0.396,0.771,0.49,0.0,0.117,0.4,87.3
804267,Zac Thornton,NYM,R,Two-Strike,245,FF,0.29,0.649,105.0,17.0,1.0,0.173,0.204,0.211,0.39,0.157,0.351,87.2
688642,Zach Agnos,COL,L,Ahead (Pitcher),125,FS,0.272,0.424,16.0,5.0,0.0,0.312,0.5,0.347,0.0,0.205,0.438,92.2
688642,Zach Agnos,COL,L,Behind (Pitcher),252,FF,0.333,0.476,39.0,11.0,1.0,0.344,0.562,0.471,0.0,0.125,0.441,90.0
688642,Zach Agnos,COL,L,Even,374,FF,0.278,0.42,41.0,19.0,3.0,0.5,0.895,0.568,0.0,0.208,0.561,90.2
688642,Zach Agnos,COL,L,Two-Strike,284,FF,0.303,0.606,101.0,15.0,0.0,0.17,0.216,0.255,0.317,0.22,0.25,85.3
688642,Zach Agnos,COL,R,Ahead (Pitcher),130,ST,0.292,0.554,23.0,7.0,0.0,0.318,0.409,0.304,0.0,0.288,0.478,88.2
688642,Zach Agnos,COL,R,Behind (Pitcher),217,FC,0.359,0.512,40.0,9.0,1.0,0.265,0.412,0.395,0.0,0.216,0.545,90.6
688642,Zach Agnos,COL,R,Even,377,FC,0.321,0.424,51.0,15.0,1.0,0.326,0.522,0.386,0.0,0.205,0.333,86.6
688642,Zach Agnos,COL,R,Two-Strike,279,ST,0.305,0.577,93.0,21.0,4.0,0.256,0.488,0.345,0.28,0.167,0.414,89.3
694350,Zach Brzykcy,MIA,L,Ahead (Pitcher),26,FF,0.462,0.462,,,,,,,,,,
694350,Zach Brzykcy,MIA,L,Behind (Pitcher),75,FF,0.533,0.467,,,,,,,,,,
694350,Zach Brzykcy,MIA,L,Even,83,FF,0.518,0.386,,,,,,,,,,
694350,Zach Brzykcy,MIA,L,Two-Strike,81,FF,0.469,0.679,,,,,,,,,,
694350,Zach Brzykcy,MIA,R,Ahead (Pitcher),33,FF,0.515,0.545,,,,,,,,,,
694350,Zach Brzykcy,MIA,R,Behind (Pitcher),56,FF,0.661,0.411,,,,,,,,,,
694350,Zach Brzykcy,MIA,R,Even,79,FF,0.62,0.38,,,,,,,,,,
694350,Zach Brzykcy,MIA,R,Two-Strike,75,CU,0.44,0.613,,,,,,,,,,
621107,Zach Eflin,BAL,L,Ahead (Pitcher),99,CH,0.333,0.505,,,,,,,,,,
621107,Zach Eflin,BAL,L,Behind (Pitcher),162,CH,0.296,0.519,,,,,,,,,,
621107,Zach Eflin,BAL,L,Even,270,FC,0.344,0.363,,,,,,,,,,
621107,Zach Eflin,BAL,L,Two-Strike,190,CU,0.316,0.621,,,,,,,,,,
621107,Zach Eflin,BAL,R,Ahead (Pitcher),64,ST,0.469,0.656,,,,,,,,,,
621107,Zach Eflin,BAL,R,Behind (Pitcher),98,SI,0.265,0.459,,,,,,,,,,
621107,Zach Eflin,BAL,R,Even,177,ST,0.316,0.429,,,,,,,,,,
621107,Zach Eflin,BAL,R,Two-Strike,141,ST,0.241,0.582,,,,,,,,,,
687209,Zach Maxwell,CIN,L,Ahead (Pitcher),26,FF,0.731,0.538,,,,,,,,,,
687209,Zach Maxwell,CIN,L,Behind (Pitcher),44,FF,0.477,0.295,,,,,,,,,,
687209,Zach Maxwell,CIN,L,Even,63,FF,0.603,0.365,,,,,,,,,,
687209,Zach Maxwell,CIN,L,Two-Strike,72,FF,0.625,0.625,20.0,5.0,0.0,0.278,0.389,0.33,0.4,0.111,0.364,93.7
687209,Zach Maxwell,CIN,R,Ahead (Pitcher),25,FF,0.6,0.44,,,,,,,,,,
687209,Zach Maxwell,CIN,R,Behind (Pitcher),77,FF,0.584,0.442,,,,,,,,,,
687209,Zach Maxwell,CIN,R,Even,86,FF,0.512,0.291,,,,,,,,,,
687209,Zach Maxwell,CIN,R,Two-Strike,65,FF,0.585,0.6,17.0,5.0,2.0,0.417,0.917,0.559,0.235,0.087,0.444,92.3
685112,Zach Mccambley,CIN,L,Behind (Pitcher),27,FF,0.556,0.222,,,,,,,,,,
685112,Zach Mccambley,CIN,L,Even,27,FF,0.444,0.259,,,,,,,,,,
685112,Zach Mccambley,CIN,L,Two-Strike,28,FF,0.5,0.786,,,,,,,,,,
685112,Zach Mccambley,CIN,R,Ahead (Pitcher),18,FC,0.444,0.5,,,,,,,,,,
685112,Zach Mccambley,CIN,R,Behind (Pitcher),15,FC,0.733,0.667,,,,,,,,,,
685112,Zach Mccambley,CIN,R,Even,36,FC,0.528,0.25,,,,,,,,,,
685112,Zach Mccambley,CIN,R,Two-Strike,32,ST,0.406,0.688,14.0,5.0,0.0,0.357,0.429,0.346,0.429,0.227,0.5,89.2
656716,Zach Mckinstry,DET,R,Behind (Pitcher),18,FA,0.556,0.167,,,,,,,,,,
647315,Zach Pop,PHI,L,Ahead (Pitcher),17,SI,0.471,0.588,,,,,,,,,,
647315,Zach Pop,PHI,L,Behind (Pitcher),26,SI,0.538,0.423,,,,,,,,,,
647315,Zach Pop,PHI,L,Even,45,SI,0.6,0.267,,,,,,,,,,
647315,Zach Pop,PHI,L,Two-Strike,31,SI,0.516,0.516,,,,,,,,,,
647315,Zach Pop,PHI,R,Ahead (Pitcher),16,SI,0.5,0.5,,,,,,,,,,
647315,Zach Pop,PHI,R,Behind (Pitcher),33,SI,0.697,0.455,,,,,,,,,,
647315,Zach Pop,PHI,R,Even,48,SI,0.708,0.25,,,,,,,,,,
647315,Zach Pop,PHI,R,Two-Strike,41,SI,0.512,0.561,,,,,,,,,,
677161,Zack Kelly,BOS,L,Ahead (Pitcher),50,CH,0.44,0.52,,,,,,,,,,
677161,Zack Kelly,BOS,L,Behind (Pitcher),63,FC,0.54,0.476,,,,,,,,,,
677161,Zack Kelly,BOS,L,Even,124,FC,0.387,0.411,,,,,,,,,,
677161,Zack Kelly,BOS,L,Two-Strike,120,FF,0.375,0.592,12.0,3.0,0.0,0.273,0.364,0.359,0.5,0.267,0.667,87.6
677161,Zack Kelly,BOS,R,Ahead (Pitcher),57,ST,0.351,0.404,,,,,,,,,,
677161,Zack Kelly,BOS,R,Behind (Pitcher),120,FC,0.6,0.5,13.0,3.0,0.0,0.3,0.3,0.315,0.0,0.222,0.455,87.9
677161,Zack Kelly,BOS,R,Even,181,FC,0.436,0.293,10.0,3.0,0.0,0.333,0.333,0.34,0.0,0.25,0.111,80.4
677161,Zack Kelly,BOS,R,Two-Strike,155,ST,0.452,0.587,25.0,2.0,0.0,0.1,0.1,0.22,0.32,0.152,0.143,83.2
641793,Zack Littell,AZ,L,Ahead (Pitcher),323,FS,0.446,0.529,39.0,13.0,1.0,0.342,0.5,0.37,0.0,0.154,0.282,85.5
641793,Zack Littell,AZ,L,Behind (Pitcher),538,SL,0.349,0.489,72.0,23.0,7.0,0.383,0.75,0.536,0.0,0.104,0.508,95.3
641793,Zack Littell,AZ,L,Even,901,SL,0.305,0.383,63.0,21.0,9.0,0.344,0.852,0.479,0.0,0.201,0.587,93.4
641793,Zack Littell,AZ,L,Two-Strike,711,FS,0.352,0.647,130.0,23.0,5.0,0.197,0.376,0.311,0.277,0.106,0.412,91.1
641793,Zack Littell,AZ,R,Ahead (Pitcher),323,SI,0.288,0.505,21.0,6.0,0.0,0.286,0.429,0.307,0.0,0.194,0.429,93.1
641793,Zack Littell,AZ,R,Behind (Pitcher),467,SL,0.42,0.512,49.0,12.0,0.0,0.324,0.378,0.363,0.0,0.167,0.425,90.0
641793,Zack Littell,AZ,R,Even,878,SL,0.345,0.419,56.0,20.0,5.0,0.37,0.722,0.445,0.0,0.122,0.482,89.9
641793,Zack Littell,AZ,R,Two-Strike,627,FS,0.338,0.656,112.0,18.0,3.0,0.175,0.272,0.243,0.321,0.164,0.328,89.7
554430,Zack Wheeler,PHI,L,Ahead (Pitcher),351,FF,0.362,0.504,26.0,7.0,2.0,0.269,0.538,0.34,0.0,0.32,0.423,87.4
554430,Zack Wheeler,PHI,L,Behind (Pitcher),664,FF,0.468,0.509,69.0,23.0,5.0,0.451,0.824,0.583,0.0,0.222,0.627,94.8
554430,Zack Wheeler,PHI,L,Even,983,FF,0.468,0.409,49.0,22.0,4.0,0.458,0.812,0.544,0.0,0.366,0.479,88.2
554430,Zack Wheeler,PHI,L,Two-Strike,936,FF,0.396,0.608,222.0,21.0,2.0,0.103,0.152,0.159,0.477,0.253,0.283,86.8
554430,Zack Wheeler,PHI,R,Ahead (Pitcher),296,SI,0.422,0.5,24.0,5.0,2.0,0.217,0.522,0.323,0.0,0.392,0.292,82.3
554430,Zack Wheeler,PHI,R,Behind (Pitcher),360,SI,0.408,0.478,24.0,9.0,0.0,0.474,0.579,0.483,0.0,0.215,0.25,79.8
554430,Zack Wheeler,PHI,R,Even,699,SI,0.399,0.396,58.0,16.0,2.0,0.281,0.439,0.32,0.0,0.233,0.259,82.3
554430,Zack Wheeler,PHI,R,Two-Strike,657,FF,0.312,0.584,149.0,15.0,3.0,0.108,0.201,0.175,0.55,0.311,0.228,84.1
687849,Zak Kent,WSH,L,Ahead (Pitcher),35,FF,0.429,0.543,,,,,,,,,,
687849,Zak Kent,WSH,L,Behind (Pitcher),95,FF,0.505,0.358,11.0,3.0,1.0,0.375,0.875,0.568,0.0,0.25,0.5,89.5
687849,Zak Kent,WSH,L,Even,118,FF,0.407,0.263,,,,,,,,,,
687849,Zak Kent,WSH,L,Two-Strike,96,CU,0.438,0.698,21.0,6.0,1.0,0.286,0.524,0.386,0.333,0.182,0.5,90.5
687849,Zak Kent,WSH,R,Ahead (Pitcher),33,SL,0.515,0.455,,,,,,,,,,
687849,Zak Kent,WSH,R,Behind (Pitcher),59,FF,0.492,0.441,,,,,,,,,,
687849,Zak Kent,WSH,R,Even,96,SL,0.49,0.458,,,,,,,,,,
687849,Zak Kent,WSH,R,Two-Strike,70,SL,0.486,0.529,18.0,3.0,0.0,0.214,0.5,0.383,0.278,0.2,0.556,95.8
805673,Zebby Matthews,MIN,L,Ahead (Pitcher),231,FF,0.437,0.468,24.0,8.0,1.0,0.364,0.591,0.375,0.0,0.131,0.417,91.3
805673,Zebby Matthews,MIN,L,Behind (Pitcher),412,FF,0.468,0.456,68.0,21.0,4.0,0.396,0.736,0.528,0.0,0.148,0.509,92.9
805673,Zebby Matthews,MIN,L,Even,689,FF,0.358,0.386,70.0,21.0,6.0,0.304,0.609,0.379,0.0,0.135,0.471,92.1
805673,Zebby Matthews,MIN,L,Two-Strike,591,SL,0.34,0.607,154.0,25.0,3.0,0.179,0.264,0.244,0.455,0.229,0.414,91.0
805673,Zebby Matthews,MIN,R,Ahead (Pitcher),229,FF,0.362,0.489,24.0,7.0,0.0,0.292,0.458,0.321,0.0,0.297,0.375,89.1
805673,Zebby Matthews,MIN,R,Behind (Pitcher),277,FF,0.422,0.538,43.0,13.0,4.0,0.371,0.743,0.497,0.0,0.133,0.444,90.6
805673,Zebby Matthews,MIN,R,Even,562,FF,0.374,0.393,49.0,9.0,2.0,0.188,0.354,0.239,0.0,0.307,0.286,88.3
805673,Zebby Matthews,MIN,R,Two-Strike,479,SL,0.47,0.593,113.0,21.0,4.0,0.196,0.346,0.266,0.407,0.244,0.433,88.0
